2025-12-08 22:26:30 INFO     read 2400 rules from list.
2025-12-08 22:26:30 INFO     Loaded support_counts from ../data/family\support_counts.pt
2025-12-08 22:26:30 INFO     Uncertainty modeling initialized: num_rules=2400, num_samples=5, lambda_0=1.0
2025-12-08 22:26:30 INFO     >>>>> ruleE: Pre-training
2025-12-08 22:26:43 INFO     Training average positive_fact_loss at step 0: 2.444862
2025-12-08 22:26:43 INFO     Training average negative_fact_loss at step 0: 0.092112
2025-12-08 22:26:43 INFO     Training average positive_rule_loss at step 0: 0.602941
2025-12-08 22:26:43 INFO     Training average negative_rule_loss at step 0: 0.791363
2025-12-08 22:26:43 INFO     Training average L_uncertainty at step 0: 50.681931
2025-12-08 22:26:43 INFO     Training average L_kl at step 0: 0.456829
2025-12-08 22:26:43 INFO     Training average L_sigma at step 0: 50681.468750
2025-12-08 22:26:43 INFO     Training average mu_mean at step 0: -0.001631
2025-12-08 22:26:43 INFO     Training average sigma_mean at step 0: 0.986303
2025-12-08 22:26:43 INFO     Training average regularization at step 0: 0.004264
2025-12-08 22:26:43 INFO     Training average loss at step 0: 2.071267
2025-12-08 22:26:43 INFO     Evaluating on Valid Dataset...
2025-12-08 22:26:43 INFO     >>>>> RuleE emb: Evaluating on valid
2025-12-08 22:26:59 INFO     Data : 4076
2025-12-08 22:26:59 INFO     Hit1 : 0.000000
2025-12-08 22:26:59 INFO     Hit3 : 0.001472
2025-12-08 22:26:59 INFO     Hit10: 0.007360
2025-12-08 22:26:59 INFO     MR   : 1308.043916
2025-12-08 22:26:59 INFO     MRR  : 0.004344
2025-12-08 22:28:07 INFO     Training average positive_fact_loss at step 100: 1.520753
2025-12-08 22:28:07 INFO     Training average negative_fact_loss at step 100: 0.436178
2025-12-08 22:28:07 INFO     Training average positive_rule_loss at step 100: 0.610618
2025-12-08 22:28:07 INFO     Training average negative_rule_loss at step 100: 0.781909
2025-12-08 22:28:07 INFO     Training average L_uncertainty at step 100: 46.209252
2025-12-08 22:28:07 INFO     Training average L_kl at step 100: 91.371757
2025-12-08 22:28:07 INFO     Training average L_sigma at step 100: 46117.878359
2025-12-08 22:28:07 INFO     Training average mu_mean at step 100: -0.107106
2025-12-08 22:28:07 INFO     Training average sigma_mean at step 100: 0.891261
2025-12-08 22:28:07 INFO     Training average regularization at step 100: 0.003145
2025-12-08 22:28:07 INFO     Training average loss at step 100: 1.770293
2025-12-08 22:29:19 INFO     Training average positive_fact_loss at step 200: 0.594426
2025-12-08 22:29:19 INFO     Training average negative_fact_loss at step 200: 0.433446
2025-12-08 22:29:19 INFO     Training average positive_rule_loss at step 200: 0.640712
2025-12-08 22:29:19 INFO     Training average negative_rule_loss at step 200: 0.746744
2025-12-08 22:29:19 INFO     Training average L_uncertainty at step 200: 7.722695
2025-12-08 22:29:19 INFO     Training average L_kl at step 200: 3574.998981
2025-12-08 22:29:19 INFO     Training average L_sigma at step 200: 4147.696019
2025-12-08 22:29:19 INFO     Training average mu_mean at step 200: -0.286295
2025-12-08 22:29:19 INFO     Training average sigma_mean at step 200: 0.174721
2025-12-08 22:29:19 INFO     Training average regularization at step 200: 0.002701
2025-12-08 22:29:19 INFO     Training average loss at step 200: 1.225810
2025-12-08 22:30:20 INFO     Training average positive_fact_loss at step 300: 0.338184
2025-12-08 22:30:20 INFO     Training average negative_fact_loss at step 300: 0.249105
2025-12-08 22:30:20 INFO     Training average positive_rule_loss at step 300: 0.645140
2025-12-08 22:30:20 INFO     Training average negative_rule_loss at step 300: 0.741191
2025-12-08 22:30:20 INFO     Training average L_uncertainty at step 300: 4.238382
2025-12-08 22:30:20 INFO     Training average L_kl at step 300: 4105.998413
2025-12-08 22:30:20 INFO     Training average L_sigma at step 300: 132.383079
2025-12-08 22:30:20 INFO     Training average mu_mean at step 300: -0.147404
2025-12-08 22:30:20 INFO     Training average sigma_mean at step 300: 0.113010
2025-12-08 22:30:20 INFO     Training average regularization at step 300: 0.003391
2025-12-08 22:30:20 INFO     Training average loss at step 300: 0.998678
2025-12-08 22:31:34 INFO     Training average positive_fact_loss at step 400: 0.236619
2025-12-08 22:31:34 INFO     Training average negative_fact_loss at step 400: 0.186401
2025-12-08 22:31:34 INFO     Training average positive_rule_loss at step 400: 0.650632
2025-12-08 22:31:34 INFO     Training average negative_rule_loss at step 400: 0.732412
2025-12-08 22:31:34 INFO     Training average L_uncertainty at step 400: 4.404136
2025-12-08 22:31:34 INFO     Training average L_kl at step 400: 4259.802749
2025-12-08 22:31:34 INFO     Training average L_sigma at step 400: 144.333005
2025-12-08 22:31:34 INFO     Training average mu_mean at step 400: -0.061520
2025-12-08 22:31:34 INFO     Training average sigma_mean at step 400: 0.113349
2025-12-08 22:31:34 INFO     Training average regularization at step 400: 0.004056
2025-12-08 22:31:34 INFO     Training average loss at step 400: 0.915896
2025-12-08 22:32:36 INFO     Training average positive_fact_loss at step 500: 0.192907
2025-12-08 22:32:36 INFO     Training average negative_fact_loss at step 500: 0.159603
2025-12-08 22:32:36 INFO     Training average positive_rule_loss at step 500: 0.656543
2025-12-08 22:32:36 INFO     Training average negative_rule_loss at step 500: 0.709724
2025-12-08 22:32:36 INFO     Training average L_uncertainty at step 500: 5.803210
2025-12-08 22:32:36 INFO     Training average L_kl at step 500: 5605.894233
2025-12-08 22:32:36 INFO     Training average L_sigma at step 500: 197.315511
2025-12-08 22:32:36 INFO     Training average mu_mean at step 500: 0.004334
2025-12-08 22:32:36 INFO     Training average sigma_mean at step 500: 0.114570
2025-12-08 22:32:36 INFO     Training average regularization at step 500: 0.004642
2025-12-08 22:32:36 INFO     Training average loss at step 500: 0.875637
2025-12-08 22:33:48 INFO     Training average positive_fact_loss at step 600: 0.166871
2025-12-08 22:33:48 INFO     Training average negative_fact_loss at step 600: 0.153293
2025-12-08 22:33:48 INFO     Training average positive_rule_loss at step 600: 0.663542
2025-12-08 22:33:48 INFO     Training average negative_rule_loss at step 600: 0.676969
2025-12-08 22:33:48 INFO     Training average L_uncertainty at step 600: 7.581539
2025-12-08 22:33:48 INFO     Training average L_kl at step 600: 7347.423716
2025-12-08 22:33:48 INFO     Training average L_sigma at step 600: 234.114898
2025-12-08 22:33:48 INFO     Training average mu_mean at step 600: -0.035313
2025-12-08 22:33:48 INFO     Training average sigma_mean at step 600: 0.115853
2025-12-08 22:33:48 INFO     Training average regularization at step 600: 0.005053
2025-12-08 22:33:48 INFO     Training average loss at step 600: 0.850554
2025-12-08 22:34:51 INFO     Training average positive_fact_loss at step 700: 0.160951
2025-12-08 22:34:51 INFO     Training average negative_fact_loss at step 700: 0.148647
2025-12-08 22:34:51 INFO     Training average positive_rule_loss at step 700: 0.670784
2025-12-08 22:34:51 INFO     Training average negative_rule_loss at step 700: 0.648504
2025-12-08 22:34:51 INFO     Training average L_uncertainty at step 700: 8.778816
2025-12-08 22:34:51 INFO     Training average L_kl at step 700: 8555.702827
2025-12-08 22:34:51 INFO     Training average L_sigma at step 700: 223.112340
2025-12-08 22:34:51 INFO     Training average mu_mean at step 700: -0.093871
2025-12-08 22:34:51 INFO     Training average sigma_mean at step 700: 0.116192
2025-12-08 22:34:51 INFO     Training average regularization at step 700: 0.005407
2025-12-08 22:34:51 INFO     Training average loss at step 700: 0.837408
2025-12-08 22:36:04 INFO     Training average positive_fact_loss at step 800: 0.150830
2025-12-08 22:36:04 INFO     Training average negative_fact_loss at step 800: 0.149096
2025-12-08 22:36:04 INFO     Training average positive_rule_loss at step 800: 0.677907
2025-12-08 22:36:04 INFO     Training average negative_rule_loss at step 800: 0.626600
2025-12-08 22:36:04 INFO     Training average L_uncertainty at step 800: 9.466991
2025-12-08 22:36:04 INFO     Training average L_kl at step 800: 9258.074971
2025-12-08 22:36:04 INFO     Training average L_sigma at step 800: 208.916002
2025-12-08 22:36:04 INFO     Training average mu_mean at step 800: -0.143302
2025-12-08 22:36:04 INFO     Training average sigma_mean at step 800: 0.115997
2025-12-08 22:36:04 INFO     Training average regularization at step 800: 0.005679
2025-12-08 22:36:04 INFO     Training average loss at step 800: 0.826829
2025-12-08 22:37:07 INFO     Training average positive_fact_loss at step 900: 0.152574
2025-12-08 22:37:07 INFO     Training average negative_fact_loss at step 900: 0.149477
2025-12-08 22:37:07 INFO     Training average positive_rule_loss at step 900: 0.684147
2025-12-08 22:37:07 INFO     Training average negative_rule_loss at step 900: 0.610817
2025-12-08 22:37:07 INFO     Training average L_uncertainty at step 900: 9.846598
2025-12-08 22:37:07 INFO     Training average L_kl at step 900: 9646.820430
2025-12-08 22:37:07 INFO     Training average L_sigma at step 900: 199.776776
2025-12-08 22:37:07 INFO     Training average mu_mean at step 900: -0.182146
2025-12-08 22:37:07 INFO     Training average sigma_mean at step 900: 0.115706
2025-12-08 22:37:07 INFO     Training average regularization at step 900: 0.005896
2025-12-08 22:37:07 INFO     Training average loss at step 900: 0.824097
2025-12-08 22:38:19 INFO     Training average positive_fact_loss at step 1000: 0.147587
2025-12-08 22:38:19 INFO     Training average negative_fact_loss at step 1000: 0.148575
2025-12-08 22:38:19 INFO     Training average positive_rule_loss at step 1000: 0.689137
2025-12-08 22:38:19 INFO     Training average negative_rule_loss at step 1000: 0.599830
2025-12-08 22:38:19 INFO     Training average L_uncertainty at step 1000: 10.046422
2025-12-08 22:38:19 INFO     Training average L_kl at step 1000: 9851.821230
2025-12-08 22:38:19 INFO     Training average L_sigma at step 1000: 194.600631
2025-12-08 22:38:19 INFO     Training average mu_mean at step 1000: -0.213360
2025-12-08 22:38:19 INFO     Training average sigma_mean at step 1000: 0.115469
2025-12-08 22:38:19 INFO     Training average regularization at step 1000: 0.006100
2025-12-08 22:38:19 INFO     Training average loss at step 1000: 0.818758
2025-12-08 22:38:19 INFO     Evaluating on Valid Dataset...
2025-12-08 22:38:19 INFO     >>>>> RuleE emb: Evaluating on valid
2025-12-08 22:38:37 INFO     Data : 4076
2025-12-08 22:38:37 INFO     Hit1 : 0.697498
2025-12-08 22:38:37 INFO     Hit3 : 0.931551
2025-12-08 22:38:37 INFO     Hit10: 0.986997
2025-12-08 22:38:37 INFO     MR   : 20.025025
2025-12-08 22:38:37 INFO     MRR  : 0.818410
2025-12-08 22:39:40 INFO     Training average positive_fact_loss at step 1100: 0.153431
2025-12-08 22:39:40 INFO     Training average negative_fact_loss at step 1100: 0.152098
2025-12-08 22:39:40 INFO     Training average positive_rule_loss at step 1100: 0.692605
2025-12-08 22:39:40 INFO     Training average negative_rule_loss at step 1100: 0.592334
2025-12-08 22:39:40 INFO     Training average L_uncertainty at step 1100: 10.153144
2025-12-08 22:39:40 INFO     Training average L_kl at step 1100: 9962.543750
2025-12-08 22:39:40 INFO     Training average L_sigma at step 1100: 190.599295
2025-12-08 22:39:40 INFO     Training average mu_mean at step 1100: -0.237222
2025-12-08 22:39:40 INFO     Training average sigma_mean at step 1100: 0.115276
2025-12-08 22:39:40 INFO     Training average regularization at step 1100: 0.006237
2025-12-08 22:39:40 INFO     Training average loss at step 1100: 0.821777
2025-12-08 22:40:52 INFO     Training average positive_fact_loss at step 1200: 0.149142
2025-12-08 22:40:52 INFO     Training average negative_fact_loss at step 1200: 0.150649
2025-12-08 22:40:52 INFO     Training average positive_rule_loss at step 1200: 0.694288
2025-12-08 22:40:52 INFO     Training average negative_rule_loss at step 1200: 0.587415
2025-12-08 22:40:52 INFO     Training average L_uncertainty at step 1200: 10.219601
2025-12-08 22:40:52 INFO     Training average L_kl at step 1200: 10030.284033
2025-12-08 22:40:52 INFO     Training average L_sigma at step 1200: 189.316859
2025-12-08 22:40:52 INFO     Training average mu_mean at step 1200: -0.252068
2025-12-08 22:40:52 INFO     Training average sigma_mean at step 1200: 0.115173
2025-12-08 22:40:52 INFO     Training average regularization at step 1200: 0.006375
2025-12-08 22:40:52 INFO     Training average loss at step 1200: 0.817562
2025-12-08 22:42:05 INFO     Training average positive_fact_loss at step 1300: 0.153740
2025-12-08 22:42:05 INFO     Training average negative_fact_loss at step 1300: 0.154267
2025-12-08 22:42:05 INFO     Training average positive_rule_loss at step 1300: 0.695689
2025-12-08 22:42:05 INFO     Training average negative_rule_loss at step 1300: 0.583718
2025-12-08 22:42:05 INFO     Training average L_uncertainty at step 1300: 10.257132
2025-12-08 22:42:05 INFO     Training average L_kl at step 1300: 10068.832910
2025-12-08 22:42:05 INFO     Training average L_sigma at step 1300: 188.298294
2025-12-08 22:42:05 INFO     Training average mu_mean at step 1300: -0.263252
2025-12-08 22:42:05 INFO     Training average sigma_mean at step 1300: 0.115100
2025-12-08 22:42:05 INFO     Training average regularization at step 1300: 0.006475
2025-12-08 22:42:05 INFO     Training average loss at step 1300: 0.820696
2025-12-08 22:43:07 INFO     Training average positive_fact_loss at step 1400: 0.152889
2025-12-08 22:43:07 INFO     Training average negative_fact_loss at step 1400: 0.151162
2025-12-08 22:43:07 INFO     Training average positive_rule_loss at step 1400: 0.696534
2025-12-08 22:43:07 INFO     Training average negative_rule_loss at step 1400: 0.581248
2025-12-08 22:43:07 INFO     Training average L_uncertainty at step 1400: 10.279293
2025-12-08 22:43:07 INFO     Training average L_kl at step 1400: 10091.567676
2025-12-08 22:43:07 INFO     Training average L_sigma at step 1400: 187.724375
2025-12-08 22:43:07 INFO     Training average mu_mean at step 1400: -0.269887
2025-12-08 22:43:07 INFO     Training average sigma_mean at step 1400: 0.114992
2025-12-08 22:43:07 INFO     Training average regularization at step 1400: 0.006582
2025-12-08 22:43:07 INFO     Training average loss at step 1400: 0.818058
2025-12-08 22:44:18 INFO     Training average positive_fact_loss at step 1500: 0.153675
2025-12-08 22:44:18 INFO     Training average negative_fact_loss at step 1500: 0.152817
2025-12-08 22:44:18 INFO     Training average positive_rule_loss at step 1500: 0.696874
2025-12-08 22:44:18 INFO     Training average negative_rule_loss at step 1500: 0.579487
2025-12-08 22:44:18 INFO     Training average L_uncertainty at step 1500: 10.297496
2025-12-08 22:44:18 INFO     Training average L_kl at step 1500: 10108.520908
2025-12-08 22:44:18 INFO     Training average L_sigma at step 1500: 188.974320
2025-12-08 22:44:18 INFO     Training average mu_mean at step 1500: -0.272812
2025-12-08 22:44:18 INFO     Training average sigma_mean at step 1500: 0.114972
2025-12-08 22:44:18 INFO     Training average regularization at step 1500: 0.006667
2025-12-08 22:44:18 INFO     Training average loss at step 1500: 0.818689
2025-12-08 22:45:20 INFO     Training average positive_fact_loss at step 1600: 0.157766
2025-12-08 22:45:20 INFO     Training average negative_fact_loss at step 1600: 0.155545
2025-12-08 22:45:20 INFO     Training average positive_rule_loss at step 1600: 0.696808
2025-12-08 22:45:20 INFO     Training average negative_rule_loss at step 1600: 0.578657
2025-12-08 22:45:20 INFO     Training average L_uncertainty at step 1600: 10.287739
2025-12-08 22:45:20 INFO     Training average L_kl at step 1600: 10097.835049
2025-12-08 22:45:20 INFO     Training average L_sigma at step 1600: 189.903879
2025-12-08 22:45:20 INFO     Training average mu_mean at step 1600: -0.276395
2025-12-08 22:45:20 INFO     Training average sigma_mean at step 1600: 0.114950
2025-12-08 22:45:20 INFO     Training average regularization at step 1600: 0.006779
2025-12-08 22:45:20 INFO     Training average loss at step 1600: 0.821743
2025-12-08 22:46:34 INFO     Training average positive_fact_loss at step 1700: 0.156918
2025-12-08 22:46:34 INFO     Training average negative_fact_loss at step 1700: 0.153766
2025-12-08 22:46:34 INFO     Training average positive_rule_loss at step 1700: 0.696364
2025-12-08 22:46:34 INFO     Training average negative_rule_loss at step 1700: 0.577896
2025-12-08 22:46:34 INFO     Training average L_uncertainty at step 1700: 10.313463
2025-12-08 22:46:34 INFO     Training average L_kl at step 1700: 10124.242539
2025-12-08 22:46:34 INFO     Training average L_sigma at step 1700: 189.219520
2025-12-08 22:46:34 INFO     Training average mu_mean at step 1700: -0.275713
2025-12-08 22:46:34 INFO     Training average sigma_mean at step 1700: 0.114840
2025-12-08 22:46:34 INFO     Training average regularization at step 1700: 0.006815
2025-12-08 22:46:34 INFO     Training average loss at step 1700: 0.819913
2025-12-08 22:47:34 INFO     Training average positive_fact_loss at step 1800: 0.159801
2025-12-08 22:47:34 INFO     Training average negative_fact_loss at step 1800: 0.154152
2025-12-08 22:47:34 INFO     Training average positive_rule_loss at step 1800: 0.696044
2025-12-08 22:47:34 INFO     Training average negative_rule_loss at step 1800: 0.577427
2025-12-08 22:47:34 INFO     Training average L_uncertainty at step 1800: 10.322596
2025-12-08 22:47:34 INFO     Training average L_kl at step 1800: 10132.518857
2025-12-08 22:47:34 INFO     Training average L_sigma at step 1800: 190.076348
2025-12-08 22:47:34 INFO     Training average mu_mean at step 1800: -0.275562
2025-12-08 22:47:34 INFO     Training average sigma_mean at step 1800: 0.114733
2025-12-08 22:47:34 INFO     Training average regularization at step 1800: 0.006881
2025-12-08 22:47:34 INFO     Training average loss at step 1800: 0.821239
2025-12-08 22:48:46 INFO     Training average positive_fact_loss at step 1900: 0.158897
2025-12-08 22:48:46 INFO     Training average negative_fact_loss at step 1900: 0.154682
2025-12-08 22:48:46 INFO     Training average positive_rule_loss at step 1900: 0.695809
2025-12-08 22:48:46 INFO     Training average negative_rule_loss at step 1900: 0.577015
2025-12-08 22:48:46 INFO     Training average L_uncertainty at step 1900: 10.334026
2025-12-08 22:48:46 INFO     Training average L_kl at step 1900: 10143.216025
2025-12-08 22:48:46 INFO     Training average L_sigma at step 1900: 190.809388
2025-12-08 22:48:46 INFO     Training average mu_mean at step 1900: -0.274789
2025-12-08 22:48:46 INFO     Training average sigma_mean at step 1900: 0.114673
2025-12-08 22:48:46 INFO     Training average regularization at step 1900: 0.006936
2025-12-08 22:48:46 INFO     Training average loss at step 1900: 0.820805
2025-12-08 22:49:48 INFO     Training average positive_fact_loss at step 2000: 0.163707
2025-12-08 22:49:48 INFO     Training average negative_fact_loss at step 2000: 0.155683
2025-12-08 22:49:48 INFO     Training average positive_rule_loss at step 2000: 0.697103
2025-12-08 22:49:48 INFO     Training average negative_rule_loss at step 2000: 0.575889
2025-12-08 22:49:48 INFO     Training average L_uncertainty at step 2000: 10.315046
2025-12-08 22:49:48 INFO     Training average L_kl at step 2000: 10125.037354
2025-12-08 22:49:48 INFO     Training average L_sigma at step 2000: 190.008363
2025-12-08 22:49:48 INFO     Training average mu_mean at step 2000: -0.277620
2025-12-08 22:49:48 INFO     Training average sigma_mean at step 2000: 0.114594
2025-12-08 22:49:48 INFO     Training average regularization at step 2000: 0.006999
2025-12-08 22:49:48 INFO     Training average loss at step 2000: 0.823820
2025-12-08 22:49:48 INFO     Evaluating on Valid Dataset...
2025-12-08 22:49:48 INFO     >>>>> RuleE emb: Evaluating on valid
2025-12-08 22:50:06 INFO     Data : 4076
2025-12-08 22:50:06 INFO     Hit1 : 0.723994
2025-12-08 22:50:06 INFO     Hit3 : 0.931060
2025-12-08 22:50:06 INFO     Hit10: 0.987733
2025-12-08 22:50:06 INFO     MR   : 19.877821
2025-12-08 22:50:06 INFO     MRR  : 0.832010
2025-12-08 22:51:21 INFO     Training average positive_fact_loss at step 2100: 0.160962
2025-12-08 22:51:21 INFO     Training average negative_fact_loss at step 2100: 0.153877
2025-12-08 22:51:21 INFO     Training average positive_rule_loss at step 2100: 0.696289
2025-12-08 22:51:21 INFO     Training average negative_rule_loss at step 2100: 0.576445
2025-12-08 22:51:21 INFO     Training average L_uncertainty at step 2100: 10.312392
2025-12-08 22:51:21 INFO     Training average L_kl at step 2100: 10125.300781
2025-12-08 22:51:21 INFO     Training average L_sigma at step 2100: 187.090319
2025-12-08 22:51:21 INFO     Training average mu_mean at step 2100: -0.275972
2025-12-08 22:51:21 INFO     Training average sigma_mean at step 2100: 0.114474
2025-12-08 22:51:21 INFO     Training average regularization at step 2100: 0.007048
2025-12-08 22:51:21 INFO     Training average loss at step 2100: 0.821459
2025-12-08 22:52:23 INFO     Training average positive_fact_loss at step 2200: 0.163754
2025-12-08 22:52:23 INFO     Training average negative_fact_loss at step 2200: 0.156018
2025-12-08 22:52:23 INFO     Training average positive_rule_loss at step 2200: 0.695886
2025-12-08 22:52:23 INFO     Training average negative_rule_loss at step 2200: 0.576262
2025-12-08 22:52:23 INFO     Training average L_uncertainty at step 2200: 10.327338
2025-12-08 22:52:23 INFO     Training average L_kl at step 2200: 10142.266084
2025-12-08 22:52:23 INFO     Training average L_sigma at step 2200: 185.070958
2025-12-08 22:52:23 INFO     Training average mu_mean at step 2200: -0.275562
2025-12-08 22:52:23 INFO     Training average sigma_mean at step 2200: 0.114391
2025-12-08 22:52:23 INFO     Training average regularization at step 2200: 0.007084
2025-12-08 22:52:23 INFO     Training average loss at step 2200: 0.823699
2025-12-08 22:53:35 INFO     Training average positive_fact_loss at step 2300: 0.163165
2025-12-08 22:53:35 INFO     Training average negative_fact_loss at step 2300: 0.154454
2025-12-08 22:53:35 INFO     Training average positive_rule_loss at step 2300: 0.696088
2025-12-08 22:53:35 INFO     Training average negative_rule_loss at step 2300: 0.575895
2025-12-08 22:53:35 INFO     Training average L_uncertainty at step 2300: 10.321963
2025-12-08 22:53:35 INFO     Training average L_kl at step 2300: 10137.840059
2025-12-08 22:53:35 INFO     Training average L_sigma at step 2300: 184.122652
2025-12-08 22:53:35 INFO     Training average mu_mean at step 2300: -0.274481
2025-12-08 22:53:35 INFO     Training average sigma_mean at step 2300: 0.114332
2025-12-08 22:53:35 INFO     Training average regularization at step 2300: 0.007130
2025-12-08 22:53:35 INFO     Training average loss at step 2300: 0.822575
2025-12-08 22:54:48 INFO     Training average positive_fact_loss at step 2400: 0.166832
2025-12-08 22:54:48 INFO     Training average negative_fact_loss at step 2400: 0.157255
2025-12-08 22:54:48 INFO     Training average positive_rule_loss at step 2400: 0.695425
2025-12-08 22:54:48 INFO     Training average negative_rule_loss at step 2400: 0.576236
2025-12-08 22:54:48 INFO     Training average L_uncertainty at step 2400: 10.323769
2025-12-08 22:54:48 INFO     Training average L_kl at step 2400: 10143.109902
2025-12-08 22:54:48 INFO     Training average L_sigma at step 2400: 180.659074
2025-12-08 22:54:48 INFO     Training average mu_mean at step 2400: -0.273341
2025-12-08 22:54:48 INFO     Training average sigma_mean at step 2400: 0.114269
2025-12-08 22:54:48 INFO     Training average regularization at step 2400: 0.007151
2025-12-08 22:54:48 INFO     Training average loss at step 2400: 0.825672
2025-12-08 22:55:49 INFO     Training average positive_fact_loss at step 2500: 0.164547
2025-12-08 22:55:49 INFO     Training average negative_fact_loss at step 2500: 0.154785
2025-12-08 22:55:49 INFO     Training average positive_rule_loss at step 2500: 0.696004
2025-12-08 22:55:49 INFO     Training average negative_rule_loss at step 2500: 0.575873
2025-12-08 22:55:49 INFO     Training average L_uncertainty at step 2500: 10.312679
2025-12-08 22:55:49 INFO     Training average L_kl at step 2500: 10134.228916
2025-12-08 22:55:49 INFO     Training average L_sigma at step 2500: 178.449971
2025-12-08 22:55:49 INFO     Training average mu_mean at step 2500: -0.274069
2025-12-08 22:55:49 INFO     Training average sigma_mean at step 2500: 0.114195
2025-12-08 22:55:49 INFO     Training average regularization at step 2500: 0.007202
2025-12-08 22:55:49 INFO     Training average loss at step 2500: 0.823432
2025-12-08 22:57:01 INFO     Training average positive_fact_loss at step 2600: 0.169346
2025-12-08 22:57:01 INFO     Training average negative_fact_loss at step 2600: 0.158860
2025-12-08 22:57:01 INFO     Training average positive_rule_loss at step 2600: 0.695685
2025-12-08 22:57:01 INFO     Training average negative_rule_loss at step 2600: 0.575758
2025-12-08 22:57:01 INFO     Training average L_uncertainty at step 2600: 10.325859
2025-12-08 22:57:01 INFO     Training average L_kl at step 2600: 10150.910557
2025-12-08 22:57:01 INFO     Training average L_sigma at step 2600: 174.948395
2025-12-08 22:57:01 INFO     Training average mu_mean at step 2600: -0.271358
2025-12-08 22:57:01 INFO     Training average sigma_mean at step 2600: 0.114107
2025-12-08 22:57:01 INFO     Training average regularization at step 2600: 0.007203
2025-12-08 22:57:01 INFO     Training average loss at step 2600: 0.827680
2025-12-08 22:58:03 INFO     Training average positive_fact_loss at step 2700: 0.167805
2025-12-08 22:58:03 INFO     Training average negative_fact_loss at step 2700: 0.153960
2025-12-08 22:58:03 INFO     Training average positive_rule_loss at step 2700: 0.695650
2025-12-08 22:58:03 INFO     Training average negative_rule_loss at step 2700: 0.575742
2025-12-08 22:58:03 INFO     Training average L_uncertainty at step 2700: 10.316320
2025-12-08 22:58:03 INFO     Training average L_kl at step 2700: 10142.681465
2025-12-08 22:58:03 INFO     Training average L_sigma at step 2700: 173.638392
2025-12-08 22:58:03 INFO     Training average mu_mean at step 2700: -0.271668
2025-12-08 22:58:03 INFO     Training average sigma_mean at step 2700: 0.114066
2025-12-08 22:58:03 INFO     Training average regularization at step 2700: 0.007249
2025-12-08 22:58:03 INFO     Training average loss at step 2700: 0.824461
2025-12-08 22:59:15 INFO     Training average positive_fact_loss at step 2800: 0.166077
2025-12-08 22:59:15 INFO     Training average negative_fact_loss at step 2800: 0.155954
2025-12-08 22:59:15 INFO     Training average positive_rule_loss at step 2800: 0.695259
2025-12-08 22:59:15 INFO     Training average negative_rule_loss at step 2800: 0.576048
2025-12-08 22:59:15 INFO     Training average L_uncertainty at step 2800: 10.313581
2025-12-08 22:59:15 INFO     Training average L_kl at step 2800: 10142.660049
2025-12-08 22:59:15 INFO     Training average L_sigma at step 2800: 170.920387
2025-12-08 22:59:15 INFO     Training average mu_mean at step 2800: -0.270510
2025-12-08 22:59:15 INFO     Training average sigma_mean at step 2800: 0.113990
2025-12-08 22:59:15 INFO     Training average regularization at step 2800: 0.007283
2025-12-08 22:59:15 INFO     Training average loss at step 2800: 0.824579
2025-12-08 23:00:15 INFO     Training average positive_fact_loss at step 2900: 0.171841
2025-12-08 23:00:15 INFO     Training average negative_fact_loss at step 2900: 0.157336
2025-12-08 23:00:15 INFO     Training average positive_rule_loss at step 2900: 0.695538
2025-12-08 23:00:15 INFO     Training average negative_rule_loss at step 2900: 0.575641
2025-12-08 23:00:15 INFO     Training average L_uncertainty at step 2900: 10.317086
2025-12-08 23:00:15 INFO     Training average L_kl at step 2900: 10147.807051
2025-12-08 23:00:15 INFO     Training average L_sigma at step 2900: 169.278341
2025-12-08 23:00:15 INFO     Training average mu_mean at step 2900: -0.270359
2025-12-08 23:00:15 INFO     Training average sigma_mean at step 2900: 0.113930
2025-12-08 23:00:15 INFO     Training average regularization at step 2900: 0.007312
2025-12-08 23:00:15 INFO     Training average loss at step 2900: 0.828124
2025-12-08 23:01:28 INFO     Training average positive_fact_loss at step 3000: 0.166469
2025-12-08 23:01:28 INFO     Training average negative_fact_loss at step 3000: 0.154742
2025-12-08 23:01:28 INFO     Training average positive_rule_loss at step 3000: 0.695399
2025-12-08 23:01:28 INFO     Training average negative_rule_loss at step 3000: 0.575707
2025-12-08 23:01:28 INFO     Training average L_uncertainty at step 3000: 10.313780
2025-12-08 23:01:28 INFO     Training average L_kl at step 3000: 10146.222500
2025-12-08 23:01:28 INFO     Training average L_sigma at step 3000: 167.557184
2025-12-08 23:01:28 INFO     Training average mu_mean at step 3000: -0.268703
2025-12-08 23:01:28 INFO     Training average sigma_mean at step 3000: 0.113918
2025-12-08 23:01:28 INFO     Training average regularization at step 3000: 0.007322
2025-12-08 23:01:28 INFO     Training average loss at step 3000: 0.824107
2025-12-08 23:01:28 INFO     Evaluating on Valid Dataset...
2025-12-08 23:01:28 INFO     >>>>> RuleE emb: Evaluating on valid
2025-12-08 23:01:45 INFO     Data : 4076
2025-12-08 23:01:45 INFO     Hit1 : 0.757605
2025-12-08 23:01:45 INFO     Hit3 : 0.943081
2025-12-08 23:01:45 INFO     Hit10: 0.987978
2025-12-08 23:01:45 INFO     MR   : 19.498037
2025-12-08 23:01:45 INFO     MRR  : 0.853064
2025-12-08 23:02:49 INFO     Training average positive_fact_loss at step 3100: 0.172921
2025-12-08 23:02:49 INFO     Training average negative_fact_loss at step 3100: 0.157546
2025-12-08 23:02:49 INFO     Training average positive_rule_loss at step 3100: 0.694800
2025-12-08 23:02:49 INFO     Training average negative_rule_loss at step 3100: 0.575949
2025-12-08 23:02:49 INFO     Training average L_uncertainty at step 3100: 10.323296
2025-12-08 23:02:49 INFO     Training average L_kl at step 3100: 10157.018789
2025-12-08 23:02:49 INFO     Training average L_sigma at step 3100: 166.276341
2025-12-08 23:02:49 INFO     Training average mu_mean at step 3100: -0.265884
2025-12-08 23:02:49 INFO     Training average sigma_mean at step 3100: 0.113881
2025-12-08 23:02:49 INFO     Training average regularization at step 3100: 0.007362
2025-12-08 23:02:49 INFO     Training average loss at step 3100: 0.828617
2025-12-08 23:04:01 INFO     Training average positive_fact_loss at step 3200: 0.171382
2025-12-08 23:04:01 INFO     Training average negative_fact_loss at step 3200: 0.155627
2025-12-08 23:04:01 INFO     Training average positive_rule_loss at step 3200: 0.695190
2025-12-08 23:04:01 INFO     Training average negative_rule_loss at step 3200: 0.575704
2025-12-08 23:04:01 INFO     Training average L_uncertainty at step 3200: 10.310646
2025-12-08 23:04:01 INFO     Training average L_kl at step 3200: 10144.862031
2025-12-08 23:04:01 INFO     Training average L_sigma at step 3200: 165.783949
2025-12-08 23:04:01 INFO     Training average mu_mean at step 3200: -0.269297
2025-12-08 23:04:01 INFO     Training average sigma_mean at step 3200: 0.113859
2025-12-08 23:04:01 INFO     Training average regularization at step 3200: 0.007377
2025-12-08 23:04:01 INFO     Training average loss at step 3200: 0.826950
2025-12-08 23:05:02 INFO     Training average positive_fact_loss at step 3300: 0.172660
2025-12-08 23:05:02 INFO     Training average negative_fact_loss at step 3300: 0.157938
2025-12-08 23:05:02 INFO     Training average positive_rule_loss at step 3300: 0.694832
2025-12-08 23:05:02 INFO     Training average negative_rule_loss at step 3300: 0.575935
2025-12-08 23:05:02 INFO     Training average L_uncertainty at step 3300: 10.314326
2025-12-08 23:05:02 INFO     Training average L_kl at step 3300: 10149.577109
2025-12-08 23:05:02 INFO     Training average L_sigma at step 3300: 164.748149
2025-12-08 23:05:02 INFO     Training average mu_mean at step 3300: -0.267275
2025-12-08 23:05:02 INFO     Training average sigma_mean at step 3300: 0.113862
2025-12-08 23:05:02 INFO     Training average regularization at step 3300: 0.007392
2025-12-08 23:05:02 INFO     Training average loss at step 3300: 0.828704
2025-12-08 23:06:15 INFO     Training average positive_fact_loss at step 3400: 0.169666
2025-12-08 23:06:15 INFO     Training average negative_fact_loss at step 3400: 0.154254
2025-12-08 23:06:15 INFO     Training average positive_rule_loss at step 3400: 0.695355
2025-12-08 23:06:15 INFO     Training average negative_rule_loss at step 3400: 0.575446
2025-12-08 23:06:15 INFO     Training average L_uncertainty at step 3400: 10.315260
2025-12-08 23:06:15 INFO     Training average L_kl at step 3400: 10152.341836
2025-12-08 23:06:15 INFO     Training average L_sigma at step 3400: 162.917290
2025-12-08 23:06:15 INFO     Training average mu_mean at step 3400: -0.264864
2025-12-08 23:06:15 INFO     Training average sigma_mean at step 3400: 0.113807
2025-12-08 23:06:15 INFO     Training average regularization at step 3400: 0.007426
2025-12-08 23:06:15 INFO     Training average loss at step 3400: 0.825417
2025-12-08 23:07:29 INFO     Training average positive_fact_loss at step 3500: 0.172299
2025-12-08 23:07:29 INFO     Training average negative_fact_loss at step 3500: 0.157401
2025-12-08 23:07:29 INFO     Training average positive_rule_loss at step 3500: 0.694693
2025-12-08 23:07:29 INFO     Training average negative_rule_loss at step 3500: 0.575968
2025-12-08 23:07:29 INFO     Training average L_uncertainty at step 3500: 10.304875
2025-12-08 23:07:29 INFO     Training average L_kl at step 3500: 10142.437813
2025-12-08 23:07:29 INFO     Training average L_sigma at step 3500: 162.436930
2025-12-08 23:07:29 INFO     Training average mu_mean at step 3500: -0.265780
2025-12-08 23:07:29 INFO     Training average sigma_mean at step 3500: 0.113811
2025-12-08 23:07:29 INFO     Training average regularization at step 3500: 0.007429
2025-12-08 23:07:29 INFO     Training average loss at step 3500: 0.828219
2025-12-08 23:08:30 INFO     Training average positive_fact_loss at step 3600: 0.170495
2025-12-08 23:08:30 INFO     Training average negative_fact_loss at step 3600: 0.153980
2025-12-08 23:08:30 INFO     Training average positive_rule_loss at step 3600: 0.693957
2025-12-08 23:08:30 INFO     Training average negative_rule_loss at step 3600: 0.576282
2025-12-08 23:08:30 INFO     Training average L_uncertainty at step 3600: 10.312203
2025-12-08 23:08:30 INFO     Training average L_kl at step 3600: 10150.368174
2025-12-08 23:08:30 INFO     Training average L_sigma at step 3600: 161.834220
2025-12-08 23:08:30 INFO     Training average mu_mean at step 3600: -0.264392
2025-12-08 23:08:30 INFO     Training average sigma_mean at step 3600: 0.113799
2025-12-08 23:08:30 INFO     Training average regularization at step 3600: 0.007464
2025-12-08 23:08:30 INFO     Training average loss at step 3600: 0.825445
2025-12-08 23:09:42 INFO     Training average positive_fact_loss at step 3700: 0.170695
2025-12-08 23:09:42 INFO     Training average negative_fact_loss at step 3700: 0.156486
2025-12-08 23:09:42 INFO     Training average positive_rule_loss at step 3700: 0.694506
2025-12-08 23:09:42 INFO     Training average negative_rule_loss at step 3700: 0.575565
2025-12-08 23:09:42 INFO     Training average L_uncertainty at step 3700: 10.327387
2025-12-08 23:09:42 INFO     Training average L_kl at step 3700: 10166.336758
2025-12-08 23:09:42 INFO     Training average L_sigma at step 3700: 161.049960
2025-12-08 23:09:42 INFO     Training average mu_mean at step 3700: -0.261810
2025-12-08 23:09:42 INFO     Training average sigma_mean at step 3700: 0.113772
2025-12-08 23:09:42 INFO     Training average regularization at step 3700: 0.007441
2025-12-08 23:09:42 INFO     Training average loss at step 3700: 0.826722
2025-12-08 23:10:43 INFO     Training average positive_fact_loss at step 3800: 0.171869
2025-12-08 23:10:43 INFO     Training average negative_fact_loss at step 3800: 0.154543
2025-12-08 23:10:43 INFO     Training average positive_rule_loss at step 3800: 0.693729
2025-12-08 23:10:43 INFO     Training average negative_rule_loss at step 3800: 0.576134
2025-12-08 23:10:43 INFO     Training average L_uncertainty at step 3800: 10.326673
2025-12-08 23:10:43 INFO     Training average L_kl at step 3800: 10166.909355
2025-12-08 23:10:43 INFO     Training average L_sigma at step 3800: 159.763114
2025-12-08 23:10:43 INFO     Training average mu_mean at step 3800: -0.262927
2025-12-08 23:10:43 INFO     Training average sigma_mean at step 3800: 0.113742
2025-12-08 23:10:43 INFO     Training average regularization at step 3800: 0.007490
2025-12-08 23:10:43 INFO     Training average loss at step 3800: 0.826281
2025-12-08 23:11:56 INFO     Training average positive_fact_loss at step 3900: 0.170875
2025-12-08 23:11:56 INFO     Training average negative_fact_loss at step 3900: 0.155330
2025-12-08 23:11:56 INFO     Training average positive_rule_loss at step 3900: 0.694899
2025-12-08 23:11:56 INFO     Training average negative_rule_loss at step 3900: 0.575244
2025-12-08 23:11:56 INFO     Training average L_uncertainty at step 3900: 10.311570
2025-12-08 23:11:56 INFO     Training average L_kl at step 3900: 10150.742490
2025-12-08 23:11:56 INFO     Training average L_sigma at step 3900: 160.826882
2025-12-08 23:11:56 INFO     Training average mu_mean at step 3900: -0.264891
2025-12-08 23:11:56 INFO     Training average sigma_mean at step 3900: 0.113766
2025-12-08 23:11:56 INFO     Training average regularization at step 3900: 0.007491
2025-12-08 23:11:56 INFO     Training average loss at step 3900: 0.826288
2025-12-08 23:12:57 INFO     Training average positive_fact_loss at step 4000: 0.173810
2025-12-08 23:12:57 INFO     Training average negative_fact_loss at step 4000: 0.155910
2025-12-08 23:12:57 INFO     Training average positive_rule_loss at step 4000: 0.694494
2025-12-08 23:12:57 INFO     Training average negative_rule_loss at step 4000: 0.575270
2025-12-08 23:12:57 INFO     Training average L_uncertainty at step 4000: 10.324327
2025-12-08 23:12:57 INFO     Training average L_kl at step 4000: 10164.214023
2025-12-08 23:12:57 INFO     Training average L_sigma at step 4000: 160.112446
2025-12-08 23:12:57 INFO     Training average mu_mean at step 4000: -0.261909
2025-12-08 23:12:57 INFO     Training average sigma_mean at step 4000: 0.113761
2025-12-08 23:12:57 INFO     Training average regularization at step 4000: 0.007518
2025-12-08 23:12:57 INFO     Training average loss at step 4000: 0.827909
2025-12-08 23:12:57 INFO     Evaluating on Valid Dataset...
2025-12-08 23:12:57 INFO     >>>>> RuleE emb: Evaluating on valid
2025-12-08 23:13:14 INFO     Data : 4076
2025-12-08 23:13:14 INFO     Hit1 : 0.723994
2025-12-08 23:13:14 INFO     Hit3 : 0.939892
2025-12-08 23:13:14 INFO     Hit10: 0.988469
2025-12-08 23:13:14 INFO     MR   : 20.382974
2025-12-08 23:13:14 INFO     MRR  : 0.835913
2025-12-08 23:14:28 INFO     Training average positive_fact_loss at step 4100: 0.172862
2025-12-08 23:14:28 INFO     Training average negative_fact_loss at step 4100: 0.154829
2025-12-08 23:14:28 INFO     Training average positive_rule_loss at step 4100: 0.694108
2025-12-08 23:14:28 INFO     Training average negative_rule_loss at step 4100: 0.575456
2025-12-08 23:14:28 INFO     Training average L_uncertainty at step 4100: 10.323188
2025-12-08 23:14:28 INFO     Training average L_kl at step 4100: 10163.525371
2025-12-08 23:14:28 INFO     Training average L_sigma at step 4100: 159.661653
2025-12-08 23:14:28 INFO     Training average mu_mean at step 4100: -0.261916
2025-12-08 23:14:28 INFO     Training average sigma_mean at step 4100: 0.113734
2025-12-08 23:14:28 INFO     Training average regularization at step 4100: 0.007520
2025-12-08 23:14:28 INFO     Training average loss at step 4100: 0.826794
2025-12-08 23:15:29 INFO     Training average positive_fact_loss at step 4200: 0.173053
2025-12-08 23:15:29 INFO     Training average negative_fact_loss at step 4200: 0.155116
2025-12-08 23:15:29 INFO     Training average positive_rule_loss at step 4200: 0.694616
2025-12-08 23:15:29 INFO     Training average negative_rule_loss at step 4200: 0.575112
2025-12-08 23:15:29 INFO     Training average L_uncertainty at step 4200: 10.319329
2025-12-08 23:15:29 INFO     Training average L_kl at step 4200: 10160.073174
2025-12-08 23:15:29 INFO     Training average L_sigma at step 4200: 159.255727
2025-12-08 23:15:29 INFO     Training average mu_mean at step 4200: -0.262428
2025-12-08 23:15:29 INFO     Training average sigma_mean at step 4200: 0.113743
2025-12-08 23:15:29 INFO     Training average regularization at step 4200: 0.007532
2025-12-08 23:15:29 INFO     Training average loss at step 4200: 0.827120
2025-12-08 23:16:42 INFO     Training average positive_fact_loss at step 4300: 0.171957
2025-12-08 23:16:42 INFO     Training average negative_fact_loss at step 4300: 0.154108
2025-12-08 23:16:42 INFO     Training average positive_rule_loss at step 4300: 0.694075
2025-12-08 23:16:42 INFO     Training average negative_rule_loss at step 4300: 0.575489
2025-12-08 23:16:42 INFO     Training average L_uncertainty at step 4300: 10.322071
2025-12-08 23:16:42 INFO     Training average L_kl at step 4300: 10163.197041
2025-12-08 23:16:42 INFO     Training average L_sigma at step 4300: 158.873970
2025-12-08 23:16:42 INFO     Training average mu_mean at step 4300: -0.259188
2025-12-08 23:16:42 INFO     Training average sigma_mean at step 4300: 0.113725
2025-12-08 23:16:42 INFO     Training average regularization at step 4300: 0.007569
2025-12-08 23:16:42 INFO     Training average loss at step 4300: 0.826027
2025-12-08 23:17:44 INFO     Training average positive_fact_loss at step 4400: 0.176783
2025-12-08 23:17:44 INFO     Training average negative_fact_loss at step 4400: 0.157113
2025-12-08 23:17:44 INFO     Training average positive_rule_loss at step 4400: 0.694511
2025-12-08 23:17:44 INFO     Training average negative_rule_loss at step 4400: 0.574952
2025-12-08 23:17:44 INFO     Training average L_uncertainty at step 4400: 10.329688
2025-12-08 23:17:44 INFO     Training average L_kl at step 4400: 10171.527217
2025-12-08 23:17:44 INFO     Training average L_sigma at step 4400: 158.160601
2025-12-08 23:17:44 INFO     Training average mu_mean at step 4400: -0.259048
2025-12-08 23:17:44 INFO     Training average sigma_mean at step 4400: 0.113693
2025-12-08 23:17:44 INFO     Training average regularization at step 4400: 0.007543
2025-12-08 23:17:44 INFO     Training average loss at step 4400: 0.829881
2025-12-08 23:18:56 INFO     Training average positive_fact_loss at step 4500: 0.173052
2025-12-08 23:18:56 INFO     Training average negative_fact_loss at step 4500: 0.153821
2025-12-08 23:18:56 INFO     Training average positive_rule_loss at step 4500: 0.694026
2025-12-08 23:18:56 INFO     Training average negative_rule_loss at step 4500: 0.575423
2025-12-08 23:18:56 INFO     Training average L_uncertainty at step 4500: 10.320841
2025-12-08 23:18:56 INFO     Training average L_kl at step 4500: 10162.372168
2025-12-08 23:18:56 INFO     Training average L_sigma at step 4500: 158.468621
2025-12-08 23:18:56 INFO     Training average mu_mean at step 4500: -0.259630
2025-12-08 23:18:56 INFO     Training average sigma_mean at step 4500: 0.113718
2025-12-08 23:18:56 INFO     Training average regularization at step 4500: 0.007573
2025-12-08 23:18:56 INFO     Training average loss at step 4500: 0.826376
2025-12-08 23:20:05 INFO     Training average positive_fact_loss at step 4600: 0.175817
2025-12-08 23:20:05 INFO     Training average negative_fact_loss at step 4600: 0.157373
2025-12-08 23:20:05 INFO     Training average positive_rule_loss at step 4600: 0.693714
2025-12-08 23:20:05 INFO     Training average negative_rule_loss at step 4600: 0.575534
2025-12-08 23:20:05 INFO     Training average L_uncertainty at step 4600: 10.330860
2025-12-08 23:20:05 INFO     Training average L_kl at step 4600: 10173.265879
2025-12-08 23:20:05 INFO     Training average L_sigma at step 4600: 157.593947
2025-12-08 23:20:05 INFO     Training average mu_mean at step 4600: -0.257820
2025-12-08 23:20:05 INFO     Training average sigma_mean at step 4600: 0.113689
2025-12-08 23:20:05 INFO     Training average regularization at step 4600: 0.007549
2025-12-08 23:20:05 INFO     Training average loss at step 4600: 0.829429
2025-12-08 23:21:12 INFO     Training average positive_fact_loss at step 4700: 0.172686
2025-12-08 23:21:12 INFO     Training average negative_fact_loss at step 4700: 0.152910
2025-12-08 23:21:12 INFO     Training average positive_rule_loss at step 4700: 0.693956
2025-12-08 23:21:12 INFO     Training average negative_rule_loss at step 4700: 0.575277
2025-12-08 23:21:12 INFO     Training average L_uncertainty at step 4700: 10.317441
2025-12-08 23:21:12 INFO     Training average L_kl at step 4700: 10159.698398
2025-12-08 23:21:12 INFO     Training average L_sigma at step 4700: 157.741809
2025-12-08 23:21:12 INFO     Training average mu_mean at step 4700: -0.258906
2025-12-08 23:21:12 INFO     Training average sigma_mean at step 4700: 0.113712
2025-12-08 23:21:12 INFO     Training average regularization at step 4700: 0.007587
2025-12-08 23:21:12 INFO     Training average loss at step 4700: 0.825636
2025-12-08 23:22:25 INFO     Training average positive_fact_loss at step 4800: 0.173273
2025-12-08 23:22:25 INFO     Training average negative_fact_loss at step 4800: 0.154955
2025-12-08 23:22:25 INFO     Training average positive_rule_loss at step 4800: 0.694384
2025-12-08 23:22:25 INFO     Training average negative_rule_loss at step 4800: 0.574931
2025-12-08 23:22:25 INFO     Training average L_uncertainty at step 4800: 10.322474
2025-12-08 23:22:25 INFO     Training average L_kl at step 4800: 10165.176680
2025-12-08 23:22:25 INFO     Training average L_sigma at step 4800: 157.296348
2025-12-08 23:22:25 INFO     Training average mu_mean at step 4800: -0.258427
2025-12-08 23:22:25 INFO     Training average sigma_mean at step 4800: 0.113687
2025-12-08 23:22:25 INFO     Training average regularization at step 4800: 0.007573
2025-12-08 23:22:25 INFO     Training average loss at step 4800: 0.826990
2025-12-08 23:23:26 INFO     Training average positive_fact_loss at step 4900: 0.174031
2025-12-08 23:23:26 INFO     Training average negative_fact_loss at step 4900: 0.154565
2025-12-08 23:23:26 INFO     Training average positive_rule_loss at step 4900: 0.694033
2025-12-08 23:23:26 INFO     Training average negative_rule_loss at step 4900: 0.575105
2025-12-08 23:23:26 INFO     Training average L_uncertainty at step 4900: 10.322021
2025-12-08 23:23:26 INFO     Training average L_kl at step 4900: 10164.364658
2025-12-08 23:23:26 INFO     Training average L_sigma at step 4900: 157.656308
2025-12-08 23:23:26 INFO     Training average mu_mean at step 4900: -0.256899
2025-12-08 23:23:26 INFO     Training average sigma_mean at step 4900: 0.113702
2025-12-08 23:23:26 INFO     Training average regularization at step 4900: 0.007601
2025-12-08 23:23:26 INFO     Training average loss at step 4900: 0.827112
2025-12-08 23:24:38 INFO     Training average positive_fact_loss at step 5000: 0.175115
2025-12-08 23:24:38 INFO     Training average negative_fact_loss at step 5000: 0.153628
2025-12-08 23:24:38 INFO     Training average positive_rule_loss at step 5000: 0.693933
2025-12-08 23:24:38 INFO     Training average negative_rule_loss at step 5000: 0.575082
2025-12-08 23:24:38 INFO     Training average L_uncertainty at step 5000: 10.322648
2025-12-08 23:24:38 INFO     Training average L_kl at step 5000: 10165.179248
2025-12-08 23:24:38 INFO     Training average L_sigma at step 5000: 157.468428
2025-12-08 23:24:38 INFO     Training average mu_mean at step 5000: -0.256034
2025-12-08 23:24:38 INFO     Training average sigma_mean at step 5000: 0.113689
2025-12-08 23:24:38 INFO     Training average regularization at step 5000: 0.007592
2025-12-08 23:24:38 INFO     Training average loss at step 5000: 0.827116
2025-12-08 23:24:38 INFO     Evaluating on Valid Dataset...
2025-12-08 23:24:38 INFO     >>>>> RuleE emb: Evaluating on valid
2025-12-08 23:24:55 INFO     Data : 4076
2025-12-08 23:24:55 INFO     Hit1 : 0.773062
2025-12-08 23:24:55 INFO     Hit3 : 0.950442
2025-12-08 23:24:55 INFO     Hit10: 0.987733
2025-12-08 23:24:55 INFO     MR   : 18.748283
2025-12-08 23:24:55 INFO     MRR  : 0.863636
2025-12-08 23:25:59 INFO     Training average positive_fact_loss at step 5100: 0.175420
2025-12-08 23:25:59 INFO     Training average negative_fact_loss at step 5100: 0.156548
2025-12-08 23:25:59 INFO     Training average positive_rule_loss at step 5100: 0.693099
2025-12-08 23:25:59 INFO     Training average negative_rule_loss at step 5100: 0.575562
2025-12-08 23:25:59 INFO     Training average L_uncertainty at step 5100: 10.329461
2025-12-08 23:25:59 INFO     Training average L_kl at step 5100: 10171.845498
2025-12-08 23:25:59 INFO     Training average L_sigma at step 5100: 157.615350
2025-12-08 23:25:59 INFO     Training average mu_mean at step 5100: -0.254198
2025-12-08 23:25:59 INFO     Training average sigma_mean at step 5100: 0.113711
2025-12-08 23:25:59 INFO     Training average regularization at step 5100: 0.007625
2025-12-08 23:25:59 INFO     Training average loss at step 5100: 0.828599
2025-12-08 23:27:11 INFO     Training average positive_fact_loss at step 5200: 0.173607
2025-12-08 23:27:11 INFO     Training average negative_fact_loss at step 5200: 0.153541
2025-12-08 23:27:11 INFO     Training average positive_rule_loss at step 5200: 0.693748
2025-12-08 23:27:11 INFO     Training average negative_rule_loss at step 5200: 0.575142
2025-12-08 23:27:11 INFO     Training average L_uncertainty at step 5200: 10.329075
2025-12-08 23:27:11 INFO     Training average L_kl at step 5200: 10172.350117
2025-12-08 23:27:11 INFO     Training average L_sigma at step 5200: 156.724384
2025-12-08 23:27:11 INFO     Training average mu_mean at step 5200: -0.254973
2025-12-08 23:27:11 INFO     Training average sigma_mean at step 5200: 0.113670
2025-12-08 23:27:11 INFO     Training average regularization at step 5200: 0.007624
2025-12-08 23:27:11 INFO     Training average loss at step 5200: 0.826300
2025-12-08 23:28:12 INFO     Training average positive_fact_loss at step 5300: 0.176864
2025-12-08 23:28:12 INFO     Training average negative_fact_loss at step 5300: 0.155058
2025-12-08 23:28:12 INFO     Training average positive_rule_loss at step 5300: 0.692902
2025-12-08 23:28:12 INFO     Training average negative_rule_loss at step 5300: 0.575659
2025-12-08 23:28:12 INFO     Training average L_uncertainty at step 5300: 10.332857
2025-12-08 23:28:12 INFO     Training average L_kl at step 5300: 10176.684316
2025-12-08 23:28:12 INFO     Training average L_sigma at step 5300: 156.172057
2025-12-08 23:28:12 INFO     Training average mu_mean at step 5300: -0.253301
2025-12-08 23:28:12 INFO     Training average sigma_mean at step 5300: 0.113664
2025-12-08 23:28:12 INFO     Training average regularization at step 5300: 0.007624
2025-12-08 23:28:12 INFO     Training average loss at step 5300: 0.828532
2025-12-08 23:29:25 INFO     Training average positive_fact_loss at step 5400: 0.172251
2025-12-08 23:29:25 INFO     Training average negative_fact_loss at step 5400: 0.152775
2025-12-08 23:29:25 INFO     Training average positive_rule_loss at step 5400: 0.693755
2025-12-08 23:29:25 INFO     Training average negative_rule_loss at step 5400: 0.574887
2025-12-08 23:29:25 INFO     Training average L_uncertainty at step 5400: 10.325529
2025-12-08 23:29:25 INFO     Training average L_kl at step 5400: 10168.142939
2025-12-08 23:29:25 INFO     Training average L_sigma at step 5400: 157.385090
2025-12-08 23:29:25 INFO     Training average mu_mean at step 5400: -0.253932
2025-12-08 23:29:25 INFO     Training average sigma_mean at step 5400: 0.113711
2025-12-08 23:29:25 INFO     Training average regularization at step 5400: 0.007642
2025-12-08 23:29:25 INFO     Training average loss at step 5400: 0.825127
2025-12-08 23:30:27 INFO     Training average positive_fact_loss at step 5500: 0.176230
2025-12-08 23:30:27 INFO     Training average negative_fact_loss at step 5500: 0.155078
2025-12-08 23:30:27 INFO     Training average positive_rule_loss at step 5500: 0.692848
2025-12-08 23:30:27 INFO     Training average negative_rule_loss at step 5500: 0.575432
2025-12-08 23:30:27 INFO     Training average L_uncertainty at step 5500: 10.335787
2025-12-08 23:30:27 INFO     Training average L_kl at step 5500: 10178.663037
2025-12-08 23:30:27 INFO     Training average L_sigma at step 5500: 157.123208
2025-12-08 23:30:27 INFO     Training average mu_mean at step 5500: -0.251835
2025-12-08 23:30:27 INFO     Training average sigma_mean at step 5500: 0.113701
2025-12-08 23:30:27 INFO     Training average regularization at step 5500: 0.007653
2025-12-08 23:30:27 INFO     Training average loss at step 5500: 0.828119
2025-12-08 23:31:40 INFO     Training average positive_fact_loss at step 5600: 0.172263
2025-12-08 23:31:40 INFO     Training average negative_fact_loss at step 5600: 0.151475
2025-12-08 23:31:40 INFO     Training average positive_rule_loss at step 5600: 0.694095
2025-12-08 23:31:40 INFO     Training average negative_rule_loss at step 5600: 0.574617
2025-12-08 23:31:40 INFO     Training average L_uncertainty at step 5600: 10.319028
2025-12-08 23:31:40 INFO     Training average L_kl at step 5600: 10162.511738
2025-12-08 23:31:40 INFO     Training average L_sigma at step 5600: 156.515468
2025-12-08 23:31:40 INFO     Training average mu_mean at step 5600: -0.254722
2025-12-08 23:31:40 INFO     Training average sigma_mean at step 5600: 0.113681
2025-12-08 23:31:40 INFO     Training average regularization at step 5600: 0.007664
2025-12-08 23:31:40 INFO     Training average loss at step 5600: 0.824527
2025-12-08 23:32:42 INFO     Training average positive_fact_loss at step 5700: 0.176750
2025-12-08 23:32:42 INFO     Training average negative_fact_loss at step 5700: 0.156220
2025-12-08 23:32:42 INFO     Training average positive_rule_loss at step 5700: 0.693757
2025-12-08 23:32:42 INFO     Training average negative_rule_loss at step 5700: 0.574719
2025-12-08 23:32:42 INFO     Training average L_uncertainty at step 5700: 10.327110
2025-12-08 23:32:42 INFO     Training average L_kl at step 5700: 10170.717568
2025-12-08 23:32:42 INFO     Training average L_sigma at step 5700: 156.391758
2025-12-08 23:32:42 INFO     Training average mu_mean at step 5700: -0.253227
2025-12-08 23:32:42 INFO     Training average sigma_mean at step 5700: 0.113679
2025-12-08 23:32:42 INFO     Training average regularization at step 5700: 0.007655
2025-12-08 23:32:42 INFO     Training average loss at step 5700: 0.829032
2025-12-08 23:33:53 INFO     Training average positive_fact_loss at step 5800: 0.171362
2025-12-08 23:33:53 INFO     Training average negative_fact_loss at step 5800: 0.152146
2025-12-08 23:33:53 INFO     Training average positive_rule_loss at step 5800: 0.692795
2025-12-08 23:33:53 INFO     Training average negative_rule_loss at step 5800: 0.575327
2025-12-08 23:33:53 INFO     Training average L_uncertainty at step 5800: 10.341372
2025-12-08 23:33:53 INFO     Training average L_kl at step 5800: 10184.835967
2025-12-08 23:33:53 INFO     Training average L_sigma at step 5800: 156.535037
2025-12-08 23:33:53 INFO     Training average mu_mean at step 5800: -0.249768
2025-12-08 23:33:53 INFO     Training average sigma_mean at step 5800: 0.113683
2025-12-08 23:33:53 INFO     Training average regularization at step 5800: 0.007668
2025-12-08 23:33:53 INFO     Training average loss at step 5800: 0.824166
2025-12-08 23:35:05 INFO     Training average positive_fact_loss at step 5900: 0.177280
2025-12-08 23:35:05 INFO     Training average negative_fact_loss at step 5900: 0.157036
2025-12-08 23:35:05 INFO     Training average positive_rule_loss at step 5900: 0.692944
2025-12-08 23:35:05 INFO     Training average negative_rule_loss at step 5900: 0.575264
2025-12-08 23:35:05 INFO     Training average L_uncertainty at step 5900: 10.328321
2025-12-08 23:35:05 INFO     Training average L_kl at step 5900: 10172.079707
2025-12-08 23:35:05 INFO     Training average L_sigma at step 5900: 156.241087
2025-12-08 23:35:05 INFO     Training average mu_mean at step 5900: -0.250490
2025-12-08 23:35:05 INFO     Training average sigma_mean at step 5900: 0.113678
2025-12-08 23:35:05 INFO     Training average regularization at step 5900: 0.007663
2025-12-08 23:35:05 INFO     Training average loss at step 5900: 0.829581
2025-12-08 23:36:06 INFO     Training average positive_fact_loss at step 6000: 0.174657
2025-12-08 23:36:06 INFO     Training average negative_fact_loss at step 6000: 0.151541
2025-12-08 23:36:06 INFO     Training average positive_rule_loss at step 6000: 0.692971
2025-12-08 23:36:06 INFO     Training average negative_rule_loss at step 6000: 0.574985
2025-12-08 23:36:06 INFO     Training average L_uncertainty at step 6000: 10.339558
2025-12-08 23:36:06 INFO     Training average L_kl at step 6000: 10183.199756
2025-12-08 23:36:06 INFO     Training average L_sigma at step 6000: 156.358028
2025-12-08 23:36:06 INFO     Training average mu_mean at step 6000: -0.250241
2025-12-08 23:36:06 INFO     Training average sigma_mean at step 6000: 0.113672
2025-12-08 23:36:06 INFO     Training average regularization at step 6000: 0.007666
2025-12-08 23:36:06 INFO     Training average loss at step 6000: 0.825422
2025-12-08 23:36:06 INFO     Evaluating on Valid Dataset...
2025-12-08 23:36:06 INFO     >>>>> RuleE emb: Evaluating on valid
2025-12-08 23:36:23 INFO     Data : 4076
2025-12-08 23:36:23 INFO     Hit1 : 0.756624
2025-12-08 23:36:23 INFO     Hit3 : 0.949215
2025-12-08 23:36:23 INFO     Hit10: 0.987733
2025-12-08 23:36:23 INFO     MR   : 19.991413
2025-12-08 23:36:23 INFO     MRR  : 0.854502
2025-12-08 23:37:37 INFO     Training average positive_fact_loss at step 6100: 0.173499
2025-12-08 23:37:37 INFO     Training average negative_fact_loss at step 6100: 0.154043
2025-12-08 23:37:37 INFO     Training average positive_rule_loss at step 6100: 0.692930
2025-12-08 23:37:37 INFO     Training average negative_rule_loss at step 6100: 0.574842
2025-12-08 23:37:37 INFO     Training average L_uncertainty at step 6100: 10.343558
2025-12-08 23:37:37 INFO     Training average L_kl at step 6100: 10187.681318
2025-12-08 23:37:37 INFO     Training average L_sigma at step 6100: 155.875867
2025-12-08 23:37:37 INFO     Training average mu_mean at step 6100: -0.249944
2025-12-08 23:37:37 INFO     Training average sigma_mean at step 6100: 0.113670
2025-12-08 23:37:37 INFO     Training average regularization at step 6100: 0.007672
2025-12-08 23:37:37 INFO     Training average loss at step 6100: 0.826016
2025-12-08 23:38:37 INFO     Training average positive_fact_loss at step 6200: 0.174639
2025-12-08 23:38:37 INFO     Training average negative_fact_loss at step 6200: 0.154015
2025-12-08 23:38:37 INFO     Training average positive_rule_loss at step 6200: 0.692653
2025-12-08 23:38:37 INFO     Training average negative_rule_loss at step 6200: 0.575118
2025-12-08 23:38:37 INFO     Training average L_uncertainty at step 6200: 10.335351
2025-12-08 23:38:37 INFO     Training average L_kl at step 6200: 10179.403164
2025-12-08 23:38:37 INFO     Training average L_sigma at step 6200: 155.947177
2025-12-08 23:38:37 INFO     Training average mu_mean at step 6200: -0.249775
2025-12-08 23:38:37 INFO     Training average sigma_mean at step 6200: 0.113671
2025-12-08 23:38:37 INFO     Training average regularization at step 6200: 0.007680
2025-12-08 23:38:37 INFO     Training average loss at step 6200: 0.826563
2025-12-08 23:39:50 INFO     Training average positive_fact_loss at step 6300: 0.173513
2025-12-08 23:39:50 INFO     Training average negative_fact_loss at step 6300: 0.152685
2025-12-08 23:39:50 INFO     Training average positive_rule_loss at step 6300: 0.693350
2025-12-08 23:39:50 INFO     Training average negative_rule_loss at step 6300: 0.574586
2025-12-08 23:39:50 INFO     Training average L_uncertainty at step 6300: 10.335953
2025-12-08 23:39:50 INFO     Training average L_kl at step 6300: 10179.578086
2025-12-08 23:39:50 INFO     Training average L_sigma at step 6300: 156.374646
2025-12-08 23:39:50 INFO     Training average mu_mean at step 6300: -0.249909
2025-12-08 23:39:50 INFO     Training average sigma_mean at step 6300: 0.113692
2025-12-08 23:39:50 INFO     Training average regularization at step 6300: 0.007683
2025-12-08 23:39:50 INFO     Training average loss at step 6300: 0.825422
2025-12-08 23:40:52 INFO     Training average positive_fact_loss at step 6400: 0.174904
2025-12-08 23:40:52 INFO     Training average negative_fact_loss at step 6400: 0.154488
2025-12-08 23:40:52 INFO     Training average positive_rule_loss at step 6400: 0.692825
2025-12-08 23:40:52 INFO     Training average negative_rule_loss at step 6400: 0.574876
2025-12-08 23:40:52 INFO     Training average L_uncertainty at step 6400: 10.335266
2025-12-08 23:40:52 INFO     Training average L_kl at step 6400: 10179.028477
2025-12-08 23:40:52 INFO     Training average L_sigma at step 6400: 156.237130
2025-12-08 23:40:52 INFO     Training average mu_mean at step 6400: -0.249078
2025-12-08 23:40:52 INFO     Training average sigma_mean at step 6400: 0.113682
2025-12-08 23:40:52 INFO     Training average regularization at step 6400: 0.007693
2025-12-08 23:40:52 INFO     Training average loss at step 6400: 0.826910
2025-12-08 23:42:05 INFO     Training average positive_fact_loss at step 6500: 0.174171
2025-12-08 23:42:05 INFO     Training average negative_fact_loss at step 6500: 0.151734
2025-12-08 23:42:05 INFO     Training average positive_rule_loss at step 6500: 0.692794
2025-12-08 23:42:05 INFO     Training average negative_rule_loss at step 6500: 0.574970
2025-12-08 23:42:05 INFO     Training average L_uncertainty at step 6500: 10.333766
2025-12-08 23:42:05 INFO     Training average L_kl at step 6500: 10177.849980
2025-12-08 23:42:05 INFO     Training average L_sigma at step 6500: 155.915750
2025-12-08 23:42:05 INFO     Training average mu_mean at step 6500: -0.248216
2025-12-08 23:42:05 INFO     Training average sigma_mean at step 6500: 0.113683
2025-12-08 23:42:05 INFO     Training average regularization at step 6500: 0.007706
2025-12-08 23:42:05 INFO     Training average loss at step 6500: 0.825208
2025-12-08 23:43:06 INFO     Training average positive_fact_loss at step 6600: 0.174238
2025-12-08 23:43:06 INFO     Training average negative_fact_loss at step 6600: 0.152719
2025-12-08 23:43:06 INFO     Training average positive_rule_loss at step 6600: 0.692847
2025-12-08 23:43:06 INFO     Training average negative_rule_loss at step 6600: 0.574791
2025-12-08 23:43:06 INFO     Training average L_uncertainty at step 6600: 10.339536
2025-12-08 23:43:06 INFO     Training average L_kl at step 6600: 10183.704531
2025-12-08 23:43:06 INFO     Training average L_sigma at step 6600: 155.831013
2025-12-08 23:43:06 INFO     Training average mu_mean at step 6600: -0.247986
2025-12-08 23:43:06 INFO     Training average sigma_mean at step 6600: 0.113672
2025-12-08 23:43:06 INFO     Training average regularization at step 6600: 0.007687
2025-12-08 23:43:06 INFO     Training average loss at step 6600: 0.825664
2025-12-08 23:44:18 INFO     Training average positive_fact_loss at step 6700: 0.173912
2025-12-08 23:44:18 INFO     Training average negative_fact_loss at step 6700: 0.151661
2025-12-08 23:44:18 INFO     Training average positive_rule_loss at step 6700: 0.692625
2025-12-08 23:44:18 INFO     Training average negative_rule_loss at step 6700: 0.575021
2025-12-08 23:44:18 INFO     Training average L_uncertainty at step 6700: 10.333144
2025-12-08 23:44:18 INFO     Training average L_kl at step 6700: 10177.671523
2025-12-08 23:44:18 INFO     Training average L_sigma at step 6700: 155.471924
2025-12-08 23:44:18 INFO     Training average mu_mean at step 6700: -0.246702
2025-12-08 23:44:18 INFO     Training average sigma_mean at step 6700: 0.113664
2025-12-08 23:44:18 INFO     Training average regularization at step 6700: 0.007702
2025-12-08 23:44:18 INFO     Training average loss at step 6700: 0.824978
2025-12-08 23:45:19 INFO     Training average positive_fact_loss at step 6800: 0.175771
2025-12-08 23:45:19 INFO     Training average negative_fact_loss at step 6800: 0.154688
2025-12-08 23:45:19 INFO     Training average positive_rule_loss at step 6800: 0.692345
2025-12-08 23:45:19 INFO     Training average negative_rule_loss at step 6800: 0.575034
2025-12-08 23:45:19 INFO     Training average L_uncertainty at step 6800: 10.343557
2025-12-08 23:45:19 INFO     Training average L_kl at step 6800: 10188.064932
2025-12-08 23:45:19 INFO     Training average L_sigma at step 6800: 155.492060
2025-12-08 23:45:19 INFO     Training average mu_mean at step 6800: -0.246430
2025-12-08 23:45:19 INFO     Training average sigma_mean at step 6800: 0.113663
2025-12-08 23:45:19 INFO     Training average regularization at step 6800: 0.007697
2025-12-08 23:45:19 INFO     Training average loss at step 6800: 0.827303
2025-12-08 23:46:31 INFO     Training average positive_fact_loss at step 6900: 0.172397
2025-12-08 23:46:31 INFO     Training average negative_fact_loss at step 6900: 0.150493
2025-12-08 23:46:31 INFO     Training average positive_rule_loss at step 6900: 0.692574
2025-12-08 23:46:31 INFO     Training average negative_rule_loss at step 6900: 0.574688
2025-12-08 23:46:31 INFO     Training average L_uncertainty at step 6900: 10.348936
2025-12-08 23:46:31 INFO     Training average L_kl at step 6900: 10193.786387
2025-12-08 23:46:31 INFO     Training average L_sigma at step 6900: 155.148713
2025-12-08 23:46:31 INFO     Training average mu_mean at step 6900: -0.246666
2025-12-08 23:46:31 INFO     Training average sigma_mean at step 6900: 0.113646
2025-12-08 23:46:31 INFO     Training average regularization at step 6900: 0.007718
2025-12-08 23:46:31 INFO     Training average loss at step 6900: 0.823492
2025-12-08 23:47:44 INFO     Training average positive_fact_loss at step 7000: 0.176181
2025-12-08 23:47:44 INFO     Training average negative_fact_loss at step 7000: 0.155541
2025-12-08 23:47:44 INFO     Training average positive_rule_loss at step 7000: 0.692260
2025-12-08 23:47:44 INFO     Training average negative_rule_loss at step 7000: 0.574903
2025-12-08 23:47:44 INFO     Training average L_uncertainty at step 7000: 10.342759
2025-12-08 23:47:44 INFO     Training average L_kl at step 7000: 10186.898896
2025-12-08 23:47:44 INFO     Training average L_sigma at step 7000: 155.859845
2025-12-08 23:47:44 INFO     Training average mu_mean at step 7000: -0.245276
2025-12-08 23:47:44 INFO     Training average sigma_mean at step 7000: 0.113693
2025-12-08 23:47:44 INFO     Training average regularization at step 7000: 0.007707
2025-12-08 23:47:44 INFO     Training average loss at step 7000: 0.827835
2025-12-08 23:47:44 INFO     Evaluating on Valid Dataset...
2025-12-08 23:47:44 INFO     >>>>> RuleE emb: Evaluating on valid
2025-12-08 23:48:00 INFO     Data : 4076
2025-12-08 23:48:00 INFO     Hit1 : 0.792444
2025-12-08 23:48:00 INFO     Hit3 : 0.952159
2025-12-08 23:48:00 INFO     Hit10: 0.990186
2025-12-08 23:48:00 INFO     MR   : 19.519382
2025-12-08 23:48:00 INFO     MRR  : 0.875168
2025-12-08 23:49:05 INFO     Training average positive_fact_loss at step 7100: 0.174372
2025-12-08 23:49:05 INFO     Training average negative_fact_loss at step 7100: 0.151840
2025-12-08 23:49:05 INFO     Training average positive_rule_loss at step 7100: 0.692064
2025-12-08 23:49:05 INFO     Training average negative_rule_loss at step 7100: 0.575019
2025-12-08 23:49:05 INFO     Training average L_uncertainty at step 7100: 10.344032
2025-12-08 23:49:05 INFO     Training average L_kl at step 7100: 10188.547822
2025-12-08 23:49:05 INFO     Training average L_sigma at step 7100: 155.484041
2025-12-08 23:49:05 INFO     Training average mu_mean at step 7100: -0.245026
2025-12-08 23:49:05 INFO     Training average sigma_mean at step 7100: 0.113665
2025-12-08 23:49:05 INFO     Training average regularization at step 7100: 0.007722
2025-12-08 23:49:05 INFO     Training average loss at step 7100: 0.825058
2025-12-08 23:50:17 INFO     Training average positive_fact_loss at step 7200: 0.175627
2025-12-08 23:50:17 INFO     Training average negative_fact_loss at step 7200: 0.152139
2025-12-08 23:50:17 INFO     Training average positive_rule_loss at step 7200: 0.693286
2025-12-08 23:50:17 INFO     Training average negative_rule_loss at step 7200: 0.574044
2025-12-08 23:50:17 INFO     Training average L_uncertainty at step 7200: 10.337113
2025-12-08 23:50:17 INFO     Training average L_kl at step 7200: 10181.393330
2025-12-08 23:50:17 INFO     Training average L_sigma at step 7200: 155.719163
2025-12-08 23:50:17 INFO     Training average mu_mean at step 7200: -0.247432
2025-12-08 23:50:17 INFO     Training average sigma_mean at step 7200: 0.113685
2025-12-08 23:50:17 INFO     Training average regularization at step 7200: 0.007718
2025-12-08 23:50:17 INFO     Training average loss at step 7200: 0.825941
2025-12-08 23:51:19 INFO     Training average positive_fact_loss at step 7300: 0.174365
2025-12-08 23:51:19 INFO     Training average negative_fact_loss at step 7300: 0.152082
2025-12-08 23:51:19 INFO     Training average positive_rule_loss at step 7300: 0.691837
2025-12-08 23:51:19 INFO     Training average negative_rule_loss at step 7300: 0.575221
2025-12-08 23:51:19 INFO     Training average L_uncertainty at step 7300: 10.342002
2025-12-08 23:51:19 INFO     Training average L_kl at step 7300: 10186.388760
2025-12-08 23:51:19 INFO     Training average L_sigma at step 7300: 155.612332
2025-12-08 23:51:19 INFO     Training average mu_mean at step 7300: -0.243332
2025-12-08 23:51:19 INFO     Training average sigma_mean at step 7300: 0.113666
2025-12-08 23:51:19 INFO     Training average regularization at step 7300: 0.007730
2025-12-08 23:51:19 INFO     Training average loss at step 7300: 0.825166
2025-12-08 23:52:32 INFO     Training average positive_fact_loss at step 7400: 0.174860
2025-12-08 23:52:32 INFO     Training average negative_fact_loss at step 7400: 0.153558
2025-12-08 23:52:32 INFO     Training average positive_rule_loss at step 7400: 0.692022
2025-12-08 23:52:32 INFO     Training average negative_rule_loss at step 7400: 0.575059
2025-12-08 23:52:32 INFO     Training average L_uncertainty at step 7400: 10.340372
2025-12-08 23:52:32 INFO     Training average L_kl at step 7400: 10184.718076
2025-12-08 23:52:32 INFO     Training average L_sigma at step 7400: 155.653389
2025-12-08 23:52:32 INFO     Training average mu_mean at step 7400: -0.246009
2025-12-08 23:52:32 INFO     Training average sigma_mean at step 7400: 0.113669
2025-12-08 23:52:32 INFO     Training average regularization at step 7400: 0.007715
2025-12-08 23:52:32 INFO     Training average loss at step 7400: 0.826146
2025-12-08 23:53:34 INFO     Training average positive_fact_loss at step 7500: 0.177886
2025-12-08 23:53:34 INFO     Training average negative_fact_loss at step 7500: 0.151530
2025-12-08 23:53:34 INFO     Training average positive_rule_loss at step 7500: 0.692646
2025-12-08 23:53:34 INFO     Training average negative_rule_loss at step 7500: 0.574321
2025-12-08 23:53:34 INFO     Training average L_uncertainty at step 7500: 10.345912
2025-12-08 23:53:34 INFO     Training average L_kl at step 7500: 10190.341748
2025-12-08 23:53:34 INFO     Training average L_sigma at step 7500: 155.569514
2025-12-08 23:53:34 INFO     Training average mu_mean at step 7500: -0.244658
2025-12-08 23:53:34 INFO     Training average sigma_mean at step 7500: 0.113684
2025-12-08 23:53:34 INFO     Training average regularization at step 7500: 0.007728
2025-12-08 23:53:34 INFO     Training average loss at step 7500: 0.826612
2025-12-08 23:54:46 INFO     Training average positive_fact_loss at step 7600: 0.171584
2025-12-08 23:54:46 INFO     Training average negative_fact_loss at step 7600: 0.152325
2025-12-08 23:54:46 INFO     Training average positive_rule_loss at step 7600: 0.692722
2025-12-08 23:54:46 INFO     Training average negative_rule_loss at step 7600: 0.574279
2025-12-08 23:54:46 INFO     Training average L_uncertainty at step 7600: 10.345191
2025-12-08 23:54:46 INFO     Training average L_kl at step 7600: 10189.452578
2025-12-08 23:54:46 INFO     Training average L_sigma at step 7600: 155.737838
2025-12-08 23:54:46 INFO     Training average mu_mean at step 7600: -0.243796
2025-12-08 23:54:46 INFO     Training average sigma_mean at step 7600: 0.113683
2025-12-08 23:54:46 INFO     Training average regularization at step 7600: 0.007725
2025-12-08 23:54:46 INFO     Training average loss at step 7600: 0.823870
2025-12-08 23:55:46 INFO     Training average positive_fact_loss at step 7700: 0.177219
2025-12-08 23:55:46 INFO     Training average negative_fact_loss at step 7700: 0.154159
2025-12-08 23:55:46 INFO     Training average positive_rule_loss at step 7700: 0.692202
2025-12-08 23:55:46 INFO     Training average negative_rule_loss at step 7700: 0.574623
2025-12-08 23:55:46 INFO     Training average L_uncertainty at step 7700: 10.340917
2025-12-08 23:55:46 INFO     Training average L_kl at step 7700: 10185.955830
2025-12-08 23:55:46 INFO     Training average L_sigma at step 7700: 154.961125
2025-12-08 23:55:46 INFO     Training average mu_mean at step 7700: -0.244162
2025-12-08 23:55:46 INFO     Training average sigma_mean at step 7700: 0.113658
2025-12-08 23:55:46 INFO     Training average regularization at step 7700: 0.007744
2025-12-08 23:55:46 INFO     Training average loss at step 7700: 0.827528
2025-12-08 23:56:58 INFO     Training average positive_fact_loss at step 7800: 0.169855
2025-12-08 23:56:58 INFO     Training average negative_fact_loss at step 7800: 0.149258
2025-12-08 23:56:58 INFO     Training average positive_rule_loss at step 7800: 0.691629
2025-12-08 23:56:58 INFO     Training average negative_rule_loss at step 7800: 0.575026
2025-12-08 23:56:58 INFO     Training average L_uncertainty at step 7800: 10.347984
2025-12-08 23:56:58 INFO     Training average L_kl at step 7800: 10193.131494
2025-12-08 23:56:58 INFO     Training average L_sigma at step 7800: 154.851768
2025-12-08 23:56:58 INFO     Training average mu_mean at step 7800: -0.241720
2025-12-08 23:56:58 INFO     Training average sigma_mean at step 7800: 0.113659
2025-12-08 23:56:58 INFO     Training average regularization at step 7800: 0.007724
2025-12-08 23:56:58 INFO     Training average loss at step 7800: 0.821303
2025-12-08 23:57:59 INFO     Training average positive_fact_loss at step 7900: 0.177829
2025-12-08 23:57:59 INFO     Training average negative_fact_loss at step 7900: 0.153879
2025-12-08 23:57:59 INFO     Training average positive_rule_loss at step 7900: 0.692027
2025-12-08 23:57:59 INFO     Training average negative_rule_loss at step 7900: 0.574695
2025-12-08 23:57:59 INFO     Training average L_uncertainty at step 7900: 10.346434
2025-12-08 23:57:59 INFO     Training average L_kl at step 7900: 10191.275547
2025-12-08 23:57:59 INFO     Training average L_sigma at step 7900: 155.157617
2025-12-08 23:57:59 INFO     Training average mu_mean at step 7900: -0.242242
2025-12-08 23:57:59 INFO     Training average sigma_mean at step 7900: 0.113675
2025-12-08 23:57:59 INFO     Training average regularization at step 7900: 0.007751
2025-12-08 23:57:59 INFO     Training average loss at step 7900: 0.827658
2025-12-08 23:59:11 INFO     Training average positive_fact_loss at step 8000: 0.171547
2025-12-08 23:59:11 INFO     Training average negative_fact_loss at step 8000: 0.149765
2025-12-08 23:59:11 INFO     Training average positive_rule_loss at step 8000: 0.692841
2025-12-08 23:59:11 INFO     Training average negative_rule_loss at step 8000: 0.574125
2025-12-08 23:59:11 INFO     Training average L_uncertainty at step 8000: 10.341461
2025-12-08 23:59:11 INFO     Training average L_kl at step 8000: 10186.668867
2025-12-08 23:59:11 INFO     Training average L_sigma at step 8000: 154.791811
2025-12-08 23:59:11 INFO     Training average mu_mean at step 8000: -0.243611
2025-12-08 23:59:11 INFO     Training average sigma_mean at step 8000: 0.113646
2025-12-08 23:59:11 INFO     Training average regularization at step 8000: 0.007751
2025-12-08 23:59:11 INFO     Training average loss at step 8000: 0.822574
2025-12-08 23:59:11 INFO     Evaluating on Valid Dataset...
2025-12-08 23:59:11 INFO     >>>>> RuleE emb: Evaluating on valid
2025-12-08 23:59:28 INFO     Data : 4076
2025-12-08 23:59:28 INFO     Hit1 : 0.773553
2025-12-08 23:59:28 INFO     Hit3 : 0.945780
2025-12-08 23:59:28 INFO     Hit10: 0.988714
2025-12-08 23:59:28 INFO     MR   : 18.636899
2025-12-08 23:59:28 INFO     MRR  : 0.861699
2025-12-09 00:00:41 INFO     Training average positive_fact_loss at step 8100: 0.180257
2025-12-09 00:00:41 INFO     Training average negative_fact_loss at step 8100: 0.156616
2025-12-09 00:00:41 INFO     Training average positive_rule_loss at step 8100: 0.691319
2025-12-09 00:00:41 INFO     Training average negative_rule_loss at step 8100: 0.575183
2025-12-09 00:00:41 INFO     Training average L_uncertainty at step 8100: 10.348327
2025-12-09 00:00:41 INFO     Training average L_kl at step 8100: 10193.469990
2025-12-09 00:00:41 INFO     Training average L_sigma at step 8100: 154.856003
2025-12-09 00:00:41 INFO     Training average mu_mean at step 8100: -0.240575
2025-12-09 00:00:41 INFO     Training average sigma_mean at step 8100: 0.113666
2025-12-09 00:00:41 INFO     Training average regularization at step 8100: 0.007749
2025-12-09 00:00:41 INFO     Training average loss at step 8100: 0.830133
2025-12-09 00:01:43 INFO     Training average positive_fact_loss at step 8200: 0.174286
2025-12-09 00:01:43 INFO     Training average negative_fact_loss at step 8200: 0.149380
2025-12-09 00:01:43 INFO     Training average positive_rule_loss at step 8200: 0.691914
2025-12-09 00:01:43 INFO     Training average negative_rule_loss at step 8200: 0.574491
2025-12-09 00:01:43 INFO     Training average L_uncertainty at step 8200: 10.350807
2025-12-09 00:01:43 INFO     Training average L_kl at step 8200: 10195.986953
2025-12-09 00:01:43 INFO     Training average L_sigma at step 8200: 154.819117
2025-12-09 00:01:43 INFO     Training average mu_mean at step 8200: -0.241652
2025-12-09 00:01:43 INFO     Training average sigma_mean at step 8200: 0.113665
2025-12-09 00:01:43 INFO     Training average regularization at step 8200: 0.007758
2025-12-09 00:01:43 INFO     Training average loss at step 8200: 0.823496
2025-12-09 00:02:55 INFO     Training average positive_fact_loss at step 8300: 0.173513
2025-12-09 00:02:55 INFO     Training average negative_fact_loss at step 8300: 0.154990
2025-12-09 00:02:55 INFO     Training average positive_rule_loss at step 8300: 0.691507
2025-12-09 00:02:55 INFO     Training average negative_rule_loss at step 8300: 0.574771
2025-12-09 00:02:55 INFO     Training average L_uncertainty at step 8300: 10.358281
2025-12-09 00:02:55 INFO     Training average L_kl at step 8300: 10203.648545
2025-12-09 00:02:55 INFO     Training average L_sigma at step 8300: 154.631462
2025-12-09 00:02:55 INFO     Training average mu_mean at step 8300: -0.240403
2025-12-09 00:02:55 INFO     Training average sigma_mean at step 8300: 0.113649
2025-12-09 00:02:55 INFO     Training average regularization at step 8300: 0.007736
2025-12-09 00:02:55 INFO     Training average loss at step 8300: 0.825843
2025-12-09 00:03:56 INFO     Training average positive_fact_loss at step 8400: 0.175824
2025-12-09 00:03:56 INFO     Training average negative_fact_loss at step 8400: 0.149713
2025-12-09 00:03:56 INFO     Training average positive_rule_loss at step 8400: 0.691766
2025-12-09 00:03:56 INFO     Training average negative_rule_loss at step 8400: 0.574426
2025-12-09 00:03:56 INFO     Training average L_uncertainty at step 8400: 10.357077
2025-12-09 00:03:56 INFO     Training average L_kl at step 8400: 10202.064775
2025-12-09 00:03:56 INFO     Training average L_sigma at step 8400: 155.012140
2025-12-09 00:03:56 INFO     Training average mu_mean at step 8400: -0.241663
2025-12-09 00:03:56 INFO     Training average sigma_mean at step 8400: 0.113656
2025-12-09 00:03:56 INFO     Training average regularization at step 8400: 0.007755
2025-12-09 00:03:56 INFO     Training average loss at step 8400: 0.824334
2025-12-09 00:05:08 INFO     Training average positive_fact_loss at step 8500: 0.172696
2025-12-09 00:05:08 INFO     Training average negative_fact_loss at step 8500: 0.152289
2025-12-09 00:05:08 INFO     Training average positive_rule_loss at step 8500: 0.692102
2025-12-09 00:05:08 INFO     Training average negative_rule_loss at step 8500: 0.574244
2025-12-09 00:05:08 INFO     Training average L_uncertainty at step 8500: 10.350123
2025-12-09 00:05:08 INFO     Training average L_kl at step 8500: 10195.619795
2025-12-09 00:05:08 INFO     Training average L_sigma at step 8500: 154.502716
2025-12-09 00:05:08 INFO     Training average mu_mean at step 8500: -0.242089
2025-12-09 00:05:08 INFO     Training average sigma_mean at step 8500: 0.113662
2025-12-09 00:05:08 INFO     Training average regularization at step 8500: 0.007760
2025-12-09 00:05:08 INFO     Training average loss at step 8500: 0.824125
2025-12-09 00:06:10 INFO     Training average positive_fact_loss at step 8600: 0.176867
2025-12-09 00:06:10 INFO     Training average negative_fact_loss at step 8600: 0.152058
2025-12-09 00:06:10 INFO     Training average positive_rule_loss at step 8600: 0.691637
2025-12-09 00:06:10 INFO     Training average negative_rule_loss at step 8600: 0.574690
2025-12-09 00:06:10 INFO     Training average L_uncertainty at step 8600: 10.348544
2025-12-09 00:06:10 INFO     Training average L_kl at step 8600: 10193.941465
2025-12-09 00:06:10 INFO     Training average L_sigma at step 8600: 154.602086
2025-12-09 00:06:10 INFO     Training average mu_mean at step 8600: -0.239725
2025-12-09 00:06:10 INFO     Training average sigma_mean at step 8600: 0.113657
2025-12-09 00:06:10 INFO     Training average regularization at step 8600: 0.007775
2025-12-09 00:06:10 INFO     Training average loss at step 8600: 0.826098
2025-12-09 00:07:24 INFO     Training average positive_fact_loss at step 8700: 0.173455
2025-12-09 00:07:24 INFO     Training average negative_fact_loss at step 8700: 0.151353
2025-12-09 00:07:24 INFO     Training average positive_rule_loss at step 8700: 0.692146
2025-12-09 00:07:24 INFO     Training average negative_rule_loss at step 8700: 0.574105
2025-12-09 00:07:24 INFO     Training average L_uncertainty at step 8700: 10.350611
2025-12-09 00:07:24 INFO     Training average L_kl at step 8700: 10195.054463
2025-12-09 00:07:24 INFO     Training average L_sigma at step 8700: 155.556031
2025-12-09 00:07:24 INFO     Training average mu_mean at step 8700: -0.241072
2025-12-09 00:07:24 INFO     Training average sigma_mean at step 8700: 0.113696
2025-12-09 00:07:24 INFO     Training average regularization at step 8700: 0.007756
2025-12-09 00:07:24 INFO     Training average loss at step 8700: 0.823987
2025-12-09 00:08:25 INFO     Training average positive_fact_loss at step 8800: 0.176315
2025-12-09 00:08:25 INFO     Training average negative_fact_loss at step 8800: 0.152419
2025-12-09 00:08:25 INFO     Training average positive_rule_loss at step 8800: 0.691146
2025-12-09 00:08:25 INFO     Training average negative_rule_loss at step 8800: 0.575009
2025-12-09 00:08:25 INFO     Training average L_uncertainty at step 8800: 10.350484
2025-12-09 00:08:25 INFO     Training average L_kl at step 8800: 10196.077754
2025-12-09 00:08:25 INFO     Training average L_sigma at step 8800: 154.405438
2025-12-09 00:08:25 INFO     Training average mu_mean at step 8800: -0.238225
2025-12-09 00:08:25 INFO     Training average sigma_mean at step 8800: 0.113654
2025-12-09 00:08:25 INFO     Training average regularization at step 8800: 0.007772
2025-12-09 00:08:25 INFO     Training average loss at step 8800: 0.825917
2025-12-09 00:09:39 INFO     Training average positive_fact_loss at step 8900: 0.172835
2025-12-09 00:09:39 INFO     Training average negative_fact_loss at step 8900: 0.149832
2025-12-09 00:09:39 INFO     Training average positive_rule_loss at step 8900: 0.692410
2025-12-09 00:09:39 INFO     Training average negative_rule_loss at step 8900: 0.574002
2025-12-09 00:09:39 INFO     Training average L_uncertainty at step 8900: 10.342212
2025-12-09 00:09:39 INFO     Training average L_kl at step 8900: 10187.686543
2025-12-09 00:09:39 INFO     Training average L_sigma at step 8900: 154.525244
2025-12-09 00:09:39 INFO     Training average mu_mean at step 8900: -0.240708
2025-12-09 00:09:39 INFO     Training average sigma_mean at step 8900: 0.113670
2025-12-09 00:09:39 INFO     Training average regularization at step 8900: 0.007756
2025-12-09 00:09:39 INFO     Training average loss at step 8900: 0.822980
2025-12-09 00:10:40 INFO     Training average positive_fact_loss at step 9000: 0.177050
2025-12-09 00:10:40 INFO     Training average negative_fact_loss at step 9000: 0.152730
2025-12-09 00:10:40 INFO     Training average positive_rule_loss at step 9000: 0.691613
2025-12-09 00:10:40 INFO     Training average negative_rule_loss at step 9000: 0.574485
2025-12-09 00:10:40 INFO     Training average L_uncertainty at step 9000: 10.354108
2025-12-09 00:10:40 INFO     Training average L_kl at step 9000: 10199.342070
2025-12-09 00:10:40 INFO     Training average L_sigma at step 9000: 154.765063
2025-12-09 00:10:40 INFO     Training average mu_mean at step 9000: -0.237816
2025-12-09 00:10:40 INFO     Training average sigma_mean at step 9000: 0.113669
2025-12-09 00:10:40 INFO     Training average regularization at step 9000: 0.007761
2025-12-09 00:10:40 INFO     Training average loss at step 9000: 0.826408
2025-12-09 00:10:40 INFO     Evaluating on Valid Dataset...
2025-12-09 00:10:40 INFO     >>>>> RuleE emb: Evaluating on valid
2025-12-09 00:10:56 INFO     Data : 4076
2025-12-09 00:10:56 INFO     Hit1 : 0.772326
2025-12-09 00:10:56 INFO     Hit3 : 0.948970
2025-12-09 00:10:56 INFO     Hit10: 0.987733
2025-12-09 00:10:56 INFO     MR   : 19.498405
2025-12-09 00:10:56 INFO     MRR  : 0.862642
2025-12-09 00:12:11 INFO     Training average positive_fact_loss at step 9100: 0.173837
2025-12-09 00:12:11 INFO     Training average negative_fact_loss at step 9100: 0.149506
2025-12-09 00:12:11 INFO     Training average positive_rule_loss at step 9100: 0.690659
2025-12-09 00:12:11 INFO     Training average negative_rule_loss at step 9100: 0.575237
2025-12-09 00:12:11 INFO     Training average L_uncertainty at step 9100: 10.355204
2025-12-09 00:12:11 INFO     Training average L_kl at step 9100: 10200.625381
2025-12-09 00:12:11 INFO     Training average L_sigma at step 9100: 154.578230
2025-12-09 00:12:11 INFO     Training average mu_mean at step 9100: -0.236593
2025-12-09 00:12:11 INFO     Training average sigma_mean at step 9100: 0.113660
2025-12-09 00:12:11 INFO     Training average regularization at step 9100: 0.007769
2025-12-09 00:12:11 INFO     Training average loss at step 9100: 0.823099
2025-12-09 00:13:17 INFO     Training average positive_fact_loss at step 9200: 0.176202
2025-12-09 00:13:17 INFO     Training average negative_fact_loss at step 9200: 0.154255
2025-12-09 00:13:17 INFO     Training average positive_rule_loss at step 9200: 0.691690
2025-12-09 00:13:17 INFO     Training average negative_rule_loss at step 9200: 0.574425
2025-12-09 00:13:17 INFO     Training average L_uncertainty at step 9200: 10.347946
2025-12-09 00:13:17 INFO     Training average L_kl at step 9200: 10193.370654
2025-12-09 00:13:17 INFO     Training average L_sigma at step 9200: 154.575315
2025-12-09 00:13:17 INFO     Training average mu_mean at step 9200: -0.238832
2025-12-09 00:13:17 INFO     Training average sigma_mean at step 9200: 0.113664
2025-12-09 00:13:17 INFO     Training average regularization at step 9200: 0.007771
2025-12-09 00:13:17 INFO     Training average loss at step 9200: 0.826753
2025-12-09 00:14:24 INFO     Training average positive_fact_loss at step 9300: 0.173691
2025-12-09 00:14:24 INFO     Training average negative_fact_loss at step 9300: 0.148752
2025-12-09 00:14:24 INFO     Training average positive_rule_loss at step 9300: 0.691934
2025-12-09 00:14:24 INFO     Training average negative_rule_loss at step 9300: 0.574234
2025-12-09 00:14:24 INFO     Training average L_uncertainty at step 9300: 10.343969
2025-12-09 00:14:24 INFO     Training average L_kl at step 9300: 10189.462881
2025-12-09 00:14:24 INFO     Training average L_sigma at step 9300: 154.505471
2025-12-09 00:14:24 INFO     Training average mu_mean at step 9300: -0.239641
2025-12-09 00:14:24 INFO     Training average sigma_mean at step 9300: 0.113663
2025-12-09 00:14:24 INFO     Training average regularization at step 9300: 0.007785
2025-12-09 00:14:24 INFO     Training average loss at step 9300: 0.822779
2025-12-09 00:15:36 INFO     Training average positive_fact_loss at step 9400: 0.172824
2025-12-09 00:15:36 INFO     Training average negative_fact_loss at step 9400: 0.152272
2025-12-09 00:15:36 INFO     Training average positive_rule_loss at step 9400: 0.691137
2025-12-09 00:15:36 INFO     Training average negative_rule_loss at step 9400: 0.574653
2025-12-09 00:15:36 INFO     Training average L_uncertainty at step 9400: 10.358558
2025-12-09 00:15:36 INFO     Training average L_kl at step 9400: 10204.475098
2025-12-09 00:15:36 INFO     Training average L_sigma at step 9400: 154.082616
2025-12-09 00:15:36 INFO     Training average mu_mean at step 9400: -0.237137
2025-12-09 00:15:36 INFO     Training average sigma_mean at step 9400: 0.113649
2025-12-09 00:15:36 INFO     Training average regularization at step 9400: 0.007772
2025-12-09 00:15:36 INFO     Training average loss at step 9400: 0.823932
2025-12-09 00:16:37 INFO     Training average positive_fact_loss at step 9500: 0.175652
2025-12-09 00:16:37 INFO     Training average negative_fact_loss at step 9500: 0.150445
2025-12-09 00:16:37 INFO     Training average positive_rule_loss at step 9500: 0.691694
2025-12-09 00:16:37 INFO     Training average negative_rule_loss at step 9500: 0.574154
2025-12-09 00:16:37 INFO     Training average L_uncertainty at step 9500: 10.360402
2025-12-09 00:16:37 INFO     Training average L_kl at step 9500: 10206.294990
2025-12-09 00:16:37 INFO     Training average L_sigma at step 9500: 154.106337
2025-12-09 00:16:37 INFO     Training average mu_mean at step 9500: -0.237494
2025-12-09 00:16:37 INFO     Training average sigma_mean at step 9500: 0.113628
2025-12-09 00:16:37 INFO     Training average regularization at step 9500: 0.007797
2025-12-09 00:16:37 INFO     Training average loss at step 9500: 0.824490
2025-12-09 00:17:50 INFO     Training average positive_fact_loss at step 9600: 0.172100
2025-12-09 00:17:50 INFO     Training average negative_fact_loss at step 9600: 0.151956
2025-12-09 00:17:50 INFO     Training average positive_rule_loss at step 9600: 0.691687
2025-12-09 00:17:50 INFO     Training average negative_rule_loss at step 9600: 0.574481
2025-12-09 00:17:50 INFO     Training average L_uncertainty at step 9600: 10.340227
2025-12-09 00:17:50 INFO     Training average L_kl at step 9600: 10186.025537
2025-12-09 00:17:50 INFO     Training average L_sigma at step 9600: 154.200842
2025-12-09 00:17:50 INFO     Training average mu_mean at step 9600: -0.238245
2025-12-09 00:17:50 INFO     Training average sigma_mean at step 9600: 0.113661
2025-12-09 00:17:50 INFO     Training average regularization at step 9600: 0.007773
2025-12-09 00:17:50 INFO     Training average loss at step 9600: 0.823566
2025-12-09 00:18:51 INFO     Training average positive_fact_loss at step 9700: 0.176734
2025-12-09 00:18:51 INFO     Training average negative_fact_loss at step 9700: 0.152775
2025-12-09 00:18:51 INFO     Training average positive_rule_loss at step 9700: 0.691244
2025-12-09 00:18:51 INFO     Training average negative_rule_loss at step 9700: 0.574572
2025-12-09 00:18:51 INFO     Training average L_uncertainty at step 9700: 10.355171
2025-12-09 00:18:51 INFO     Training average L_kl at step 9700: 10200.630479
2025-12-09 00:18:51 INFO     Training average L_sigma at step 9700: 154.539758
2025-12-09 00:18:51 INFO     Training average mu_mean at step 9700: -0.236026
2025-12-09 00:18:51 INFO     Training average sigma_mean at step 9700: 0.113658
2025-12-09 00:18:51 INFO     Training average regularization at step 9700: 0.007792
2025-12-09 00:18:51 INFO     Training average loss at step 9700: 0.826165
2025-12-09 00:20:04 INFO     Training average positive_fact_loss at step 9800: 0.175818
2025-12-09 00:20:04 INFO     Training average negative_fact_loss at step 9800: 0.151728
2025-12-09 00:20:04 INFO     Training average positive_rule_loss at step 9800: 0.691286
2025-12-09 00:20:04 INFO     Training average negative_rule_loss at step 9800: 0.574554
2025-12-09 00:20:04 INFO     Training average L_uncertainty at step 9800: 10.350061
2025-12-09 00:20:04 INFO     Training average L_kl at step 9800: 10196.109277
2025-12-09 00:20:04 INFO     Training average L_sigma at step 9800: 153.951292
2025-12-09 00:20:04 INFO     Training average mu_mean at step 9800: -0.235612
2025-12-09 00:20:04 INFO     Training average sigma_mean at step 9800: 0.113659
2025-12-09 00:20:04 INFO     Training average regularization at step 9800: 0.007788
2025-12-09 00:20:04 INFO     Training average loss at step 9800: 0.825181
2025-12-09 00:21:06 INFO     Training average positive_fact_loss at step 9900: 0.177523
2025-12-09 00:21:06 INFO     Training average negative_fact_loss at step 9900: 0.152710
2025-12-09 00:21:06 INFO     Training average positive_rule_loss at step 9900: 0.691542
2025-12-09 00:21:06 INFO     Training average negative_rule_loss at step 9900: 0.574337
2025-12-09 00:21:06 INFO     Training average L_uncertainty at step 9900: 10.350122
2025-12-09 00:21:06 INFO     Training average L_kl at step 9900: 10195.871484
2025-12-09 00:21:06 INFO     Training average L_sigma at step 9900: 154.249783
2025-12-09 00:21:06 INFO     Training average mu_mean at step 9900: -0.236814
2025-12-09 00:21:06 INFO     Training average sigma_mean at step 9900: 0.113646
2025-12-09 00:21:06 INFO     Training average regularization at step 9900: 0.007782
2025-12-09 00:21:06 INFO     Training average loss at step 9900: 0.826538
2025-12-09 00:22:18 INFO     Training average positive_fact_loss at step 10000: 0.174454
2025-12-09 00:22:18 INFO     Training average negative_fact_loss at step 10000: 0.150877
2025-12-09 00:22:18 INFO     Training average positive_rule_loss at step 10000: 0.691221
2025-12-09 00:22:18 INFO     Training average negative_rule_loss at step 10000: 0.574606
2025-12-09 00:22:18 INFO     Training average L_uncertainty at step 10000: 10.350658
2025-12-09 00:22:18 INFO     Training average L_kl at step 10000: 10197.002383
2025-12-09 00:22:18 INFO     Training average L_sigma at step 10000: 153.655419
2025-12-09 00:22:18 INFO     Training average mu_mean at step 10000: -0.235941
2025-12-09 00:22:18 INFO     Training average sigma_mean at step 10000: 0.113643
2025-12-09 00:22:18 INFO     Training average regularization at step 10000: 0.007797
2025-12-09 00:22:18 INFO     Training average loss at step 10000: 0.824077
2025-12-09 00:22:18 INFO     Evaluating on Valid Dataset...
2025-12-09 00:22:18 INFO     >>>>> RuleE emb: Evaluating on valid
2025-12-09 00:22:35 INFO     Data : 4076
2025-12-09 00:22:35 INFO     Hit1 : 0.782875
2025-12-09 00:22:35 INFO     Hit3 : 0.948724
2025-12-09 00:22:35 INFO     Hit10: 0.988714
2025-12-09 00:22:35 INFO     MR   : 19.399411
2025-12-09 00:22:35 INFO     MRR  : 0.869664
2025-12-09 00:23:38 INFO     Training average positive_fact_loss at step 10100: 0.177914
2025-12-09 00:23:38 INFO     Training average negative_fact_loss at step 10100: 0.154072
2025-12-09 00:23:38 INFO     Training average positive_rule_loss at step 10100: 0.691207
2025-12-09 00:23:38 INFO     Training average negative_rule_loss at step 10100: 0.574614
2025-12-09 00:23:38 INFO     Training average L_uncertainty at step 10100: 10.351498
2025-12-09 00:23:38 INFO     Training average L_kl at step 10100: 10197.642207
2025-12-09 00:23:38 INFO     Training average L_sigma at step 10100: 153.855586
2025-12-09 00:23:38 INFO     Training average mu_mean at step 10100: -0.234420
2025-12-09 00:23:38 INFO     Training average sigma_mean at step 10100: 0.113643
2025-12-09 00:23:38 INFO     Training average regularization at step 10100: 0.007763
2025-12-09 00:23:38 INFO     Training average loss at step 10100: 0.827370
2025-12-09 00:24:50 INFO     Training average positive_fact_loss at step 10200: 0.171339
2025-12-09 00:24:50 INFO     Training average negative_fact_loss at step 10200: 0.147563
2025-12-09 00:24:50 INFO     Training average positive_rule_loss at step 10200: 0.690671
2025-12-09 00:24:50 INFO     Training average negative_rule_loss at step 10200: 0.574862
2025-12-09 00:24:50 INFO     Training average L_uncertainty at step 10200: 10.352939
2025-12-09 00:24:50 INFO     Training average L_kl at step 10200: 10199.162705
2025-12-09 00:24:50 INFO     Training average L_sigma at step 10200: 153.776073
2025-12-09 00:24:50 INFO     Training average mu_mean at step 10200: -0.234024
2025-12-09 00:24:50 INFO     Training average sigma_mean at step 10200: 0.113646
2025-12-09 00:24:50 INFO     Training average regularization at step 10200: 0.007782
2025-12-09 00:24:50 INFO     Training average loss at step 10200: 0.820706
2025-12-09 00:25:52 INFO     Training average positive_fact_loss at step 10300: 0.175759
2025-12-09 00:25:52 INFO     Training average negative_fact_loss at step 10300: 0.152840
2025-12-09 00:25:52 INFO     Training average positive_rule_loss at step 10300: 0.691325
2025-12-09 00:25:52 INFO     Training average negative_rule_loss at step 10300: 0.574238
2025-12-09 00:25:52 INFO     Training average L_uncertainty at step 10300: 10.360439
2025-12-09 00:25:52 INFO     Training average L_kl at step 10300: 10206.565830
2025-12-09 00:25:52 INFO     Training average L_sigma at step 10300: 153.872640
2025-12-09 00:25:52 INFO     Training average mu_mean at step 10300: -0.235515
2025-12-09 00:25:52 INFO     Training average sigma_mean at step 10300: 0.113653
2025-12-09 00:25:52 INFO     Training average regularization at step 10300: 0.007784
2025-12-09 00:25:52 INFO     Training average loss at step 10300: 0.825586
2025-12-09 00:27:04 INFO     Training average positive_fact_loss at step 10400: 0.171896
2025-12-09 00:27:04 INFO     Training average negative_fact_loss at step 10400: 0.149242
2025-12-09 00:27:04 INFO     Training average positive_rule_loss at step 10400: 0.691064
2025-12-09 00:27:04 INFO     Training average negative_rule_loss at step 10400: 0.574519
2025-12-09 00:27:04 INFO     Training average L_uncertainty at step 10400: 10.350736
2025-12-09 00:27:04 INFO     Training average L_kl at step 10400: 10196.815576
2025-12-09 00:27:04 INFO     Training average L_sigma at step 10400: 153.920414
2025-12-09 00:27:04 INFO     Training average mu_mean at step 10400: -0.236607
2025-12-09 00:27:04 INFO     Training average sigma_mean at step 10400: 0.113652
2025-12-09 00:27:04 INFO     Training average regularization at step 10400: 0.007800
2025-12-09 00:27:04 INFO     Training average loss at step 10400: 0.821863
2025-12-09 00:28:17 INFO     Training average positive_fact_loss at step 10500: 0.177871
2025-12-09 00:28:17 INFO     Training average negative_fact_loss at step 10500: 0.154403
2025-12-09 00:28:17 INFO     Training average positive_rule_loss at step 10500: 0.691168
2025-12-09 00:28:17 INFO     Training average negative_rule_loss at step 10500: 0.574344
2025-12-09 00:28:17 INFO     Training average L_uncertainty at step 10500: 10.358341
2025-12-09 00:28:17 INFO     Training average L_kl at step 10500: 10204.443174
2025-12-09 00:28:17 INFO     Training average L_sigma at step 10500: 153.897402
2025-12-09 00:28:17 INFO     Training average mu_mean at step 10500: -0.234015
2025-12-09 00:28:17 INFO     Training average sigma_mean at step 10500: 0.113655
2025-12-09 00:28:17 INFO     Training average regularization at step 10500: 0.007799
2025-12-09 00:28:17 INFO     Training average loss at step 10500: 0.827409
2025-12-09 00:29:18 INFO     Training average positive_fact_loss at step 10600: 0.175669
2025-12-09 00:29:18 INFO     Training average negative_fact_loss at step 10600: 0.149302
2025-12-09 00:29:18 INFO     Training average positive_rule_loss at step 10600: 0.691177
2025-12-09 00:29:18 INFO     Training average negative_rule_loss at step 10600: 0.574508
2025-12-09 00:29:18 INFO     Training average L_uncertainty at step 10600: 10.349036
2025-12-09 00:29:18 INFO     Training average L_kl at step 10600: 10195.477861
2025-12-09 00:29:18 INFO     Training average L_sigma at step 10600: 153.557844
2025-12-09 00:29:18 INFO     Training average mu_mean at step 10600: -0.235769
2025-12-09 00:29:18 INFO     Training average sigma_mean at step 10600: 0.113643
2025-12-09 00:29:18 INFO     Training average regularization at step 10600: 0.007808
2025-12-09 00:29:18 INFO     Training average loss at step 10600: 0.823834
2025-12-09 00:30:31 INFO     Training average positive_fact_loss at step 10700: 0.175536
2025-12-09 00:30:31 INFO     Training average negative_fact_loss at step 10700: 0.152740
2025-12-09 00:30:31 INFO     Training average positive_rule_loss at step 10700: 0.690845
2025-12-09 00:30:31 INFO     Training average negative_rule_loss at step 10700: 0.574591
2025-12-09 00:30:31 INFO     Training average L_uncertainty at step 10700: 10.355096
2025-12-09 00:30:31 INFO     Training average L_kl at step 10700: 10201.044883
2025-12-09 00:30:31 INFO     Training average L_sigma at step 10700: 154.050497
2025-12-09 00:30:31 INFO     Training average mu_mean at step 10700: -0.232721
2025-12-09 00:30:31 INFO     Training average sigma_mean at step 10700: 0.113663
2025-12-09 00:30:31 INFO     Training average regularization at step 10700: 0.007797
2025-12-09 00:30:31 INFO     Training average loss at step 10700: 0.825363
2025-12-09 00:31:32 INFO     Training average positive_fact_loss at step 10800: 0.176396
2025-12-09 00:31:32 INFO     Training average negative_fact_loss at step 10800: 0.150920
2025-12-09 00:31:32 INFO     Training average positive_rule_loss at step 10800: 0.691177
2025-12-09 00:31:32 INFO     Training average negative_rule_loss at step 10800: 0.574381
2025-12-09 00:31:32 INFO     Training average L_uncertainty at step 10800: 10.352325
2025-12-09 00:31:32 INFO     Training average L_kl at step 10800: 10199.022969
2025-12-09 00:31:32 INFO     Training average L_sigma at step 10800: 153.301456
2025-12-09 00:31:32 INFO     Training average mu_mean at step 10800: -0.234760
2025-12-09 00:31:32 INFO     Training average sigma_mean at step 10800: 0.113638
2025-12-09 00:31:32 INFO     Training average regularization at step 10800: 0.007798
2025-12-09 00:31:32 INFO     Training average loss at step 10800: 0.824940
2025-12-09 00:32:45 INFO     Training average positive_fact_loss at step 10900: 0.174576
2025-12-09 00:32:45 INFO     Training average negative_fact_loss at step 10900: 0.151102
2025-12-09 00:32:45 INFO     Training average positive_rule_loss at step 10900: 0.691144
2025-12-09 00:32:45 INFO     Training average negative_rule_loss at step 10900: 0.574410
2025-12-09 00:32:45 INFO     Training average L_uncertainty at step 10900: 10.347825
2025-12-09 00:32:45 INFO     Training average L_kl at step 10900: 10193.975957
2025-12-09 00:32:45 INFO     Training average L_sigma at step 10900: 153.848744
2025-12-09 00:32:45 INFO     Training average mu_mean at step 10900: -0.235648
2025-12-09 00:32:45 INFO     Training average sigma_mean at step 10900: 0.113649
2025-12-09 00:32:45 INFO     Training average regularization at step 10900: 0.007789
2025-12-09 00:32:45 INFO     Training average loss at step 10900: 0.824101
2025-12-09 00:33:47 INFO     Training average positive_fact_loss at step 11000: 0.176641
2025-12-09 00:33:47 INFO     Training average negative_fact_loss at step 11000: 0.152172
2025-12-09 00:33:47 INFO     Training average positive_rule_loss at step 11000: 0.691313
2025-12-09 00:33:47 INFO     Training average negative_rule_loss at step 11000: 0.574293
2025-12-09 00:33:47 INFO     Training average L_uncertainty at step 11000: 10.354982
2025-12-09 00:33:47 INFO     Training average L_kl at step 11000: 10201.351426
2025-12-09 00:33:47 INFO     Training average L_sigma at step 11000: 153.630297
2025-12-09 00:33:47 INFO     Training average mu_mean at step 11000: -0.232174
2025-12-09 00:33:47 INFO     Training average sigma_mean at step 11000: 0.113645
2025-12-09 00:33:47 INFO     Training average regularization at step 11000: 0.007808
2025-12-09 00:33:47 INFO     Training average loss at step 11000: 0.825728
2025-12-09 00:33:47 INFO     Evaluating on Valid Dataset...
2025-12-09 00:33:47 INFO     >>>>> RuleE emb: Evaluating on valid
2025-12-09 00:34:04 INFO     Data : 4076
2025-12-09 00:34:04 INFO     Hit1 : 0.766928
2025-12-09 00:34:04 INFO     Hit3 : 0.950932
2025-12-09 00:34:04 INFO     Hit10: 0.988714
2025-12-09 00:34:04 INFO     MR   : 18.734053
2025-12-09 00:34:04 INFO     MRR  : 0.860332
2025-12-09 00:35:16 INFO     Training average positive_fact_loss at step 11100: 0.173024
2025-12-09 00:35:16 INFO     Training average negative_fact_loss at step 11100: 0.149300
2025-12-09 00:35:16 INFO     Training average positive_rule_loss at step 11100: 0.690205
2025-12-09 00:35:16 INFO     Training average negative_rule_loss at step 11100: 0.574864
2025-12-09 00:35:16 INFO     Training average L_uncertainty at step 11100: 10.362414
2025-12-09 00:35:16 INFO     Training average L_kl at step 11100: 10208.532676
2025-12-09 00:35:16 INFO     Training average L_sigma at step 11100: 153.880944
2025-12-09 00:35:16 INFO     Training average mu_mean at step 11100: -0.232966
2025-12-09 00:35:16 INFO     Training average sigma_mean at step 11100: 0.113659
2025-12-09 00:35:16 INFO     Training average regularization at step 11100: 0.007808
2025-12-09 00:35:16 INFO     Training average loss at step 11100: 0.822230
2025-12-09 00:36:17 INFO     Training average positive_fact_loss at step 11200: 0.177745
2025-12-09 00:36:17 INFO     Training average negative_fact_loss at step 11200: 0.152301
2025-12-09 00:36:17 INFO     Training average positive_rule_loss at step 11200: 0.690709
2025-12-09 00:36:17 INFO     Training average negative_rule_loss at step 11200: 0.574352
2025-12-09 00:36:17 INFO     Training average L_uncertainty at step 11200: 10.363864
2025-12-09 00:36:17 INFO     Training average L_kl at step 11200: 10210.431885
2025-12-09 00:36:17 INFO     Training average L_sigma at step 11200: 153.432083
2025-12-09 00:36:17 INFO     Training average mu_mean at step 11200: -0.232138
2025-12-09 00:36:17 INFO     Training average sigma_mean at step 11200: 0.113649
2025-12-09 00:36:17 INFO     Training average regularization at step 11200: 0.007800
2025-12-09 00:36:17 INFO     Training average loss at step 11200: 0.826081
2025-12-09 00:37:31 INFO     Training average positive_fact_loss at step 11300: 0.172216
2025-12-09 00:37:31 INFO     Training average negative_fact_loss at step 11300: 0.149092
2025-12-09 00:37:31 INFO     Training average positive_rule_loss at step 11300: 0.691775
2025-12-09 00:37:31 INFO     Training average negative_rule_loss at step 11300: 0.573658
2025-12-09 00:37:31 INFO     Training average L_uncertainty at step 11300: 10.348463
2025-12-09 00:37:31 INFO     Training average L_kl at step 11300: 10195.346543
2025-12-09 00:37:31 INFO     Training average L_sigma at step 11300: 153.115543
2025-12-09 00:37:31 INFO     Training average mu_mean at step 11300: -0.235084
2025-12-09 00:37:31 INFO     Training average sigma_mean at step 11300: 0.113663
2025-12-09 00:37:31 INFO     Training average regularization at step 11300: 0.007817
2025-12-09 00:37:31 INFO     Training average loss at step 11300: 0.821884
2025-12-09 00:38:31 INFO     Training average positive_fact_loss at step 11400: 0.177147
2025-12-09 00:38:31 INFO     Training average negative_fact_loss at step 11400: 0.152397
2025-12-09 00:38:31 INFO     Training average positive_rule_loss at step 11400: 0.690212
2025-12-09 00:38:31 INFO     Training average negative_rule_loss at step 11400: 0.574846
2025-12-09 00:38:31 INFO     Training average L_uncertainty at step 11400: 10.358492
2025-12-09 00:38:31 INFO     Training average L_kl at step 11400: 10204.931064
2025-12-09 00:38:31 INFO     Training average L_sigma at step 11400: 153.560947
2025-12-09 00:38:31 INFO     Training average mu_mean at step 11400: -0.232941
2025-12-09 00:38:31 INFO     Training average sigma_mean at step 11400: 0.113656
2025-12-09 00:38:31 INFO     Training average regularization at step 11400: 0.007809
2025-12-09 00:38:31 INFO     Training average loss at step 11400: 0.825827
2025-12-09 00:39:44 INFO     Training average positive_fact_loss at step 11500: 0.174968
2025-12-09 00:39:44 INFO     Training average negative_fact_loss at step 11500: 0.150491
2025-12-09 00:39:44 INFO     Training average positive_rule_loss at step 11500: 0.691570
2025-12-09 00:39:44 INFO     Training average negative_rule_loss at step 11500: 0.573913
2025-12-09 00:39:44 INFO     Training average L_uncertainty at step 11500: 10.360379
2025-12-09 00:39:44 INFO     Training average L_kl at step 11500: 10207.687354
2025-12-09 00:39:44 INFO     Training average L_sigma at step 11500: 152.691207
2025-12-09 00:39:44 INFO     Training average mu_mean at step 11500: -0.231045
2025-12-09 00:39:44 INFO     Training average sigma_mean at step 11500: 0.113632
2025-12-09 00:39:44 INFO     Training average regularization at step 11500: 0.007817
2025-12-09 00:39:44 INFO     Training average loss at step 11500: 0.824009
2025-12-09 00:40:55 INFO     Training average positive_fact_loss at step 11600: 0.176010
2025-12-09 00:40:55 INFO     Training average negative_fact_loss at step 11600: 0.152321
2025-12-09 00:40:55 INFO     Training average positive_rule_loss at step 11600: 0.690386
2025-12-09 00:40:55 INFO     Training average negative_rule_loss at step 11600: 0.574710
2025-12-09 00:40:55 INFO     Training average L_uncertainty at step 11600: 10.349001
2025-12-09 00:40:55 INFO     Training average L_kl at step 11600: 10194.809180
2025-12-09 00:40:55 INFO     Training average L_sigma at step 11600: 154.190883
2025-12-09 00:40:55 INFO     Training average mu_mean at step 11600: -0.232656
2025-12-09 00:40:55 INFO     Training average sigma_mean at step 11600: 0.113678
2025-12-09 00:40:55 INFO     Training average regularization at step 11600: 0.007805
2025-12-09 00:40:55 INFO     Training average loss at step 11600: 0.825216
2025-12-09 00:41:57 INFO     Training average positive_fact_loss at step 11700: 0.173227
2025-12-09 00:41:57 INFO     Training average negative_fact_loss at step 11700: 0.149493
2025-12-09 00:41:57 INFO     Training average positive_rule_loss at step 11700: 0.691055
2025-12-09 00:41:57 INFO     Training average negative_rule_loss at step 11700: 0.574173
2025-12-09 00:41:57 INFO     Training average L_uncertainty at step 11700: 10.355787
2025-12-09 00:41:57 INFO     Training average L_kl at step 11700: 10202.144717
2025-12-09 00:41:57 INFO     Training average L_sigma at step 11700: 153.641497
2025-12-09 00:41:57 INFO     Training average mu_mean at step 11700: -0.232094
2025-12-09 00:41:57 INFO     Training average sigma_mean at step 11700: 0.113665
2025-12-09 00:41:57 INFO     Training average regularization at step 11700: 0.007830
2025-12-09 00:41:57 INFO     Training average loss at step 11700: 0.822515
2025-12-09 00:43:10 INFO     Training average positive_fact_loss at step 11800: 0.174547
2025-12-09 00:43:10 INFO     Training average negative_fact_loss at step 11800: 0.149965
2025-12-09 00:43:10 INFO     Training average positive_rule_loss at step 11800: 0.690428
2025-12-09 00:43:10 INFO     Training average negative_rule_loss at step 11800: 0.574622
2025-12-09 00:43:10 INFO     Training average L_uncertainty at step 11800: 10.355500
2025-12-09 00:43:10 INFO     Training average L_kl at step 11800: 10202.033516
2025-12-09 00:43:10 INFO     Training average L_sigma at step 11800: 153.466488
2025-12-09 00:43:10 INFO     Training average mu_mean at step 11800: -0.231978
2025-12-09 00:43:10 INFO     Training average sigma_mean at step 11800: 0.113653
2025-12-09 00:43:10 INFO     Training average regularization at step 11800: 0.007821
2025-12-09 00:43:10 INFO     Training average loss at step 11800: 0.823314
2025-12-09 00:44:10 INFO     Training average positive_fact_loss at step 11900: 0.175735
2025-12-09 00:44:10 INFO     Training average negative_fact_loss at step 11900: 0.150203
2025-12-09 00:44:10 INFO     Training average positive_rule_loss at step 11900: 0.690403
2025-12-09 00:44:10 INFO     Training average negative_rule_loss at step 11900: 0.574646
2025-12-09 00:44:10 INFO     Training average L_uncertainty at step 11900: 10.360848
2025-12-09 00:44:10 INFO     Training average L_kl at step 11900: 10207.450889
2025-12-09 00:44:10 INFO     Training average L_sigma at step 11900: 153.396781
2025-12-09 00:44:10 INFO     Training average mu_mean at step 11900: -0.230791
2025-12-09 00:44:10 INFO     Training average sigma_mean at step 11900: 0.113648
2025-12-09 00:44:10 INFO     Training average regularization at step 11900: 0.007844
2025-12-09 00:44:10 INFO     Training average loss at step 11900: 0.824059
2025-12-09 00:45:23 INFO     Training average positive_fact_loss at step 12000: 0.176696
2025-12-09 00:45:23 INFO     Training average negative_fact_loss at step 12000: 0.152249
2025-12-09 00:45:23 INFO     Training average positive_rule_loss at step 12000: 0.690847
2025-12-09 00:45:23 INFO     Training average negative_rule_loss at step 12000: 0.574342
2025-12-09 00:45:23 INFO     Training average L_uncertainty at step 12000: 10.354100
2025-12-09 00:45:23 INFO     Training average L_kl at step 12000: 10201.038701
2025-12-09 00:45:23 INFO     Training average L_sigma at step 12000: 153.060645
2025-12-09 00:45:23 INFO     Training average mu_mean at step 12000: -0.231753
2025-12-09 00:45:23 INFO     Training average sigma_mean at step 12000: 0.113643
2025-12-09 00:45:23 INFO     Training average regularization at step 12000: 0.007818
2025-12-09 00:45:23 INFO     Training average loss at step 12000: 0.825593
2025-12-09 00:45:23 INFO     Evaluating on Valid Dataset...
2025-12-09 00:45:23 INFO     >>>>> RuleE emb: Evaluating on valid
2025-12-09 00:45:41 INFO     Data : 4076
2025-12-09 00:45:41 INFO     Hit1 : 0.767419
2025-12-09 00:45:41 INFO     Hit3 : 0.955103
2025-12-09 00:45:41 INFO     Hit10: 0.989205
2025-12-09 00:45:41 INFO     MR   : 19.160697
2025-12-09 00:45:41 INFO     MRR  : 0.862515
2025-12-09 00:46:42 INFO     Training average positive_fact_loss at step 12100: 0.175666
2025-12-09 00:46:42 INFO     Training average negative_fact_loss at step 12100: 0.151615
2025-12-09 00:46:42 INFO     Training average positive_rule_loss at step 12100: 0.690587
2025-12-09 00:46:42 INFO     Training average negative_rule_loss at step 12100: 0.574404
2025-12-09 00:46:42 INFO     Training average L_uncertainty at step 12100: 10.363586
2025-12-09 00:46:42 INFO     Training average L_kl at step 12100: 10210.626289
2025-12-09 00:46:42 INFO     Training average L_sigma at step 12100: 152.959045
2025-12-09 00:46:42 INFO     Training average mu_mean at step 12100: -0.231866
2025-12-09 00:46:42 INFO     Training average sigma_mean at step 12100: 0.113640
2025-12-09 00:46:42 INFO     Training average regularization at step 12100: 0.007820
2025-12-09 00:46:42 INFO     Training average loss at step 12100: 0.824683
2025-12-09 00:47:54 INFO     Training average positive_fact_loss at step 12200: 0.176294
2025-12-09 00:47:54 INFO     Training average negative_fact_loss at step 12200: 0.153395
2025-12-09 00:47:54 INFO     Training average positive_rule_loss at step 12200: 0.690581
2025-12-09 00:47:54 INFO     Training average negative_rule_loss at step 12200: 0.574407
2025-12-09 00:47:54 INFO     Training average L_uncertainty at step 12200: 10.358691
2025-12-09 00:47:54 INFO     Training average L_kl at step 12200: 10205.723789
2025-12-09 00:47:54 INFO     Training average L_sigma at step 12200: 152.966578
2025-12-09 00:47:54 INFO     Training average mu_mean at step 12200: -0.232223
2025-12-09 00:47:54 INFO     Training average sigma_mean at step 12200: 0.113644
2025-12-09 00:47:54 INFO     Training average regularization at step 12200: 0.007810
2025-12-09 00:47:54 INFO     Training average loss at step 12200: 0.825866
2025-12-09 00:48:55 INFO     Training average positive_fact_loss at step 12300: 0.176498
2025-12-09 00:48:55 INFO     Training average negative_fact_loss at step 12300: 0.150712
2025-12-09 00:48:55 INFO     Training average positive_rule_loss at step 12300: 0.690842
2025-12-09 00:48:55 INFO     Training average negative_rule_loss at step 12300: 0.574242
2025-12-09 00:48:55 INFO     Training average L_uncertainty at step 12300: 10.358509
2025-12-09 00:48:55 INFO     Training average L_kl at step 12300: 10205.809443
2025-12-09 00:48:55 INFO     Training average L_sigma at step 12300: 152.699003
2025-12-09 00:48:55 INFO     Training average mu_mean at step 12300: -0.231303
2025-12-09 00:48:55 INFO     Training average sigma_mean at step 12300: 0.113628
2025-12-09 00:48:55 INFO     Training average regularization at step 12300: 0.007823
2025-12-09 00:48:55 INFO     Training average loss at step 12300: 0.824687
2025-12-09 00:50:07 INFO     Training average positive_fact_loss at step 12400: 0.172162
2025-12-09 00:50:07 INFO     Training average negative_fact_loss at step 12400: 0.148772
2025-12-09 00:50:07 INFO     Training average positive_rule_loss at step 12400: 0.690970
2025-12-09 00:50:07 INFO     Training average negative_rule_loss at step 12400: 0.574206
2025-12-09 00:50:07 INFO     Training average L_uncertainty at step 12400: 10.354297
2025-12-09 00:50:07 INFO     Training average L_kl at step 12400: 10201.572803
2025-12-09 00:50:07 INFO     Training average L_sigma at step 12400: 152.723807
2025-12-09 00:50:07 INFO     Training average mu_mean at step 12400: -0.231653
2025-12-09 00:50:07 INFO     Training average sigma_mean at step 12400: 0.113630
2025-12-09 00:50:07 INFO     Training average regularization at step 12400: 0.007824
2025-12-09 00:50:07 INFO     Training average loss at step 12400: 0.821588
2025-12-09 00:51:09 INFO     Training average positive_fact_loss at step 12500: 0.178925
2025-12-09 00:51:09 INFO     Training average negative_fact_loss at step 12500: 0.152192
2025-12-09 00:51:09 INFO     Training average positive_rule_loss at step 12500: 0.690671
2025-12-09 00:51:09 INFO     Training average negative_rule_loss at step 12500: 0.574273
2025-12-09 00:51:09 INFO     Training average L_uncertainty at step 12500: 10.361589
2025-12-09 00:51:09 INFO     Training average L_kl at step 12500: 10208.841816
2025-12-09 00:51:09 INFO     Training average L_sigma at step 12500: 152.747112
2025-12-09 00:51:09 INFO     Training average mu_mean at step 12500: -0.231012
2025-12-09 00:51:09 INFO     Training average sigma_mean at step 12500: 0.113639
2025-12-09 00:51:09 INFO     Training average regularization at step 12500: 0.007817
2025-12-09 00:51:09 INFO     Training average loss at step 12500: 0.826571
2025-12-09 00:52:22 INFO     Training average positive_fact_loss at step 12600: 0.171626
2025-12-09 00:52:22 INFO     Training average negative_fact_loss at step 12600: 0.150132
2025-12-09 00:52:22 INFO     Training average positive_rule_loss at step 12600: 0.690698
2025-12-09 00:52:22 INFO     Training average negative_rule_loss at step 12600: 0.574355
2025-12-09 00:52:22 INFO     Training average L_uncertainty at step 12600: 10.356010
2025-12-09 00:52:22 INFO     Training average L_kl at step 12600: 10203.406738
2025-12-09 00:52:22 INFO     Training average L_sigma at step 12600: 152.602995
2025-12-09 00:52:22 INFO     Training average mu_mean at step 12600: -0.230920
2025-12-09 00:52:22 INFO     Training average sigma_mean at step 12600: 0.113624
2025-12-09 00:52:22 INFO     Training average regularization at step 12600: 0.007830
2025-12-09 00:52:22 INFO     Training average loss at step 12600: 0.821948
2025-12-09 00:53:36 INFO     Training average positive_fact_loss at step 12700: 0.177986
2025-12-09 00:53:36 INFO     Training average negative_fact_loss at step 12700: 0.152151
2025-12-09 00:53:36 INFO     Training average positive_rule_loss at step 12700: 0.690549
2025-12-09 00:53:36 INFO     Training average negative_rule_loss at step 12700: 0.574323
2025-12-09 00:53:36 INFO     Training average L_uncertainty at step 12700: 10.360966
2025-12-09 00:53:36 INFO     Training average L_kl at step 12700: 10208.106230
2025-12-09 00:53:36 INFO     Training average L_sigma at step 12700: 152.859433
2025-12-09 00:53:36 INFO     Training average mu_mean at step 12700: -0.230007
2025-12-09 00:53:36 INFO     Training average sigma_mean at step 12700: 0.113638
2025-12-09 00:53:36 INFO     Training average regularization at step 12700: 0.007813
2025-12-09 00:53:36 INFO     Training average loss at step 12700: 0.826039
2025-12-09 00:54:37 INFO     Training average positive_fact_loss at step 12800: 0.173116
2025-12-09 00:54:37 INFO     Training average negative_fact_loss at step 12800: 0.148359
2025-12-09 00:54:37 INFO     Training average positive_rule_loss at step 12800: 0.690423
2025-12-09 00:54:37 INFO     Training average negative_rule_loss at step 12800: 0.574429
2025-12-09 00:54:37 INFO     Training average L_uncertainty at step 12800: 10.364769
2025-12-09 00:54:37 INFO     Training average L_kl at step 12800: 10212.062959
2025-12-09 00:54:37 INFO     Training average L_sigma at step 12800: 152.705918
2025-12-09 00:54:37 INFO     Training average mu_mean at step 12800: -0.229676
2025-12-09 00:54:37 INFO     Training average sigma_mean at step 12800: 0.113644
2025-12-09 00:54:37 INFO     Training average regularization at step 12800: 0.007824
2025-12-09 00:54:37 INFO     Training average loss at step 12800: 0.821717
2025-12-09 00:55:50 INFO     Training average positive_fact_loss at step 12900: 0.174199
2025-12-09 00:55:50 INFO     Training average negative_fact_loss at step 12900: 0.152209
2025-12-09 00:55:50 INFO     Training average positive_rule_loss at step 12900: 0.690548
2025-12-09 00:55:50 INFO     Training average negative_rule_loss at step 12900: 0.574515
2025-12-09 00:55:50 INFO     Training average L_uncertainty at step 12900: 10.344435
2025-12-09 00:55:50 INFO     Training average L_kl at step 12900: 10191.395625
2025-12-09 00:55:50 INFO     Training average L_sigma at step 12900: 153.038462
2025-12-09 00:55:50 INFO     Training average mu_mean at step 12900: -0.231660
2025-12-09 00:55:50 INFO     Training average sigma_mean at step 12900: 0.113658
2025-12-09 00:55:50 INFO     Training average regularization at step 12900: 0.007814
2025-12-09 00:55:50 INFO     Training average loss at step 12900: 0.824238
2025-12-09 00:56:51 INFO     Training average positive_fact_loss at step 13000: 0.176699
2025-12-09 00:56:51 INFO     Training average negative_fact_loss at step 13000: 0.150736
2025-12-09 00:56:51 INFO     Training average positive_rule_loss at step 13000: 0.690807
2025-12-09 00:56:51 INFO     Training average negative_rule_loss at step 13000: 0.574462
2025-12-09 00:56:51 INFO     Training average L_uncertainty at step 13000: 10.345923
2025-12-09 00:56:51 INFO     Training average L_kl at step 13000: 10192.934170
2025-12-09 00:56:51 INFO     Training average L_sigma at step 13000: 152.988175
2025-12-09 00:56:51 INFO     Training average mu_mean at step 13000: -0.229892
2025-12-09 00:56:51 INFO     Training average sigma_mean at step 13000: 0.113653
2025-12-09 00:56:51 INFO     Training average regularization at step 13000: 0.007833
2025-12-09 00:56:51 INFO     Training average loss at step 13000: 0.824877
2025-12-09 00:56:51 INFO     Evaluating on Valid Dataset...
2025-12-09 00:56:51 INFO     >>>>> RuleE emb: Evaluating on valid
2025-12-09 00:57:08 INFO     Data : 4076
2025-12-09 00:57:08 INFO     Hit1 : 0.790481
2025-12-09 00:57:08 INFO     Hit3 : 0.951178
2025-12-09 00:57:08 INFO     Hit10: 0.988960
2025-12-09 00:57:08 INFO     MR   : 18.517051
2025-12-09 00:57:08 INFO     MRR  : 0.873701
2025-12-09 00:58:22 INFO     Training average positive_fact_loss at step 13100: 0.173563
2025-12-09 00:58:22 INFO     Training average negative_fact_loss at step 13100: 0.150760
2025-12-09 00:58:22 INFO     Training average positive_rule_loss at step 13100: 0.690125
2025-12-09 00:58:22 INFO     Training average negative_rule_loss at step 13100: 0.574674
2025-12-09 00:58:22 INFO     Training average L_uncertainty at step 13100: 10.361930
2025-12-09 00:58:22 INFO     Training average L_kl at step 13100: 10209.409033
2025-12-09 00:58:22 INFO     Training average L_sigma at step 13100: 152.520155
2025-12-09 00:58:22 INFO     Training average mu_mean at step 13100: -0.229211
2025-12-09 00:58:22 INFO     Training average sigma_mean at step 13100: 0.113638
2025-12-09 00:58:22 INFO     Training average regularization at step 13100: 0.007816
2025-12-09 00:58:22 INFO     Training average loss at step 13100: 0.823101
2025-12-09 00:59:25 INFO     Training average positive_fact_loss at step 13200: 0.174744
2025-12-09 00:59:25 INFO     Training average negative_fact_loss at step 13200: 0.150524
2025-12-09 00:59:25 INFO     Training average positive_rule_loss at step 13200: 0.690612
2025-12-09 00:59:25 INFO     Training average negative_rule_loss at step 13200: 0.574208
2025-12-09 00:59:25 INFO     Training average L_uncertainty at step 13200: 10.360413
2025-12-09 00:59:25 INFO     Training average L_kl at step 13200: 10207.783232
2025-12-09 00:59:25 INFO     Training average L_sigma at step 13200: 152.629532
2025-12-09 00:59:25 INFO     Training average mu_mean at step 13200: -0.229532
2025-12-09 00:59:25 INFO     Training average sigma_mean at step 13200: 0.113637
2025-12-09 00:59:25 INFO     Training average regularization at step 13200: 0.007844
2025-12-09 00:59:25 INFO     Training average loss at step 13200: 0.823608
2025-12-09 01:00:37 INFO     Training average positive_fact_loss at step 13300: 0.175341
2025-12-09 01:00:37 INFO     Training average negative_fact_loss at step 13300: 0.150996
2025-12-09 01:00:37 INFO     Training average positive_rule_loss at step 13300: 0.690791
2025-12-09 01:00:37 INFO     Training average negative_rule_loss at step 13300: 0.574248
2025-12-09 01:00:37 INFO     Training average L_uncertainty at step 13300: 10.350926
2025-12-09 01:00:37 INFO     Training average L_kl at step 13300: 10198.076670
2025-12-09 01:00:37 INFO     Training average L_sigma at step 13300: 152.848908
2025-12-09 01:00:37 INFO     Training average mu_mean at step 13300: -0.231670
2025-12-09 01:00:37 INFO     Training average sigma_mean at step 13300: 0.113648
2025-12-09 01:00:37 INFO     Training average regularization at step 13300: 0.007837
2025-12-09 01:00:37 INFO     Training average loss at step 13300: 0.824227
2025-12-09 01:01:39 INFO     Training average positive_fact_loss at step 13400: 0.177621
2025-12-09 01:01:39 INFO     Training average negative_fact_loss at step 13400: 0.150417
2025-12-09 01:01:39 INFO     Training average positive_rule_loss at step 13400: 0.690300
2025-12-09 01:01:39 INFO     Training average negative_rule_loss at step 13400: 0.574522
2025-12-09 01:01:39 INFO     Training average L_uncertainty at step 13400: 10.361657
2025-12-09 01:01:39 INFO     Training average L_kl at step 13400: 10209.048682
2025-12-09 01:01:39 INFO     Training average L_sigma at step 13400: 152.608354
2025-12-09 01:01:39 INFO     Training average mu_mean at step 13400: -0.227338
2025-12-09 01:01:39 INFO     Training average sigma_mean at step 13400: 0.113649
2025-12-09 01:01:39 INFO     Training average regularization at step 13400: 0.007823
2025-12-09 01:01:39 INFO     Training average loss at step 13400: 0.824976
2025-12-09 01:02:52 INFO     Training average positive_fact_loss at step 13500: 0.171765
2025-12-09 01:02:52 INFO     Training average negative_fact_loss at step 13500: 0.149613
2025-12-09 01:02:52 INFO     Training average positive_rule_loss at step 13500: 0.691074
2025-12-09 01:02:52 INFO     Training average negative_rule_loss at step 13500: 0.573904
2025-12-09 01:02:52 INFO     Training average L_uncertainty at step 13500: 10.359912
2025-12-09 01:02:52 INFO     Training average L_kl at step 13500: 10207.572393
2025-12-09 01:02:52 INFO     Training average L_sigma at step 13500: 152.339142
2025-12-09 01:02:52 INFO     Training average mu_mean at step 13500: -0.229507
2025-12-09 01:02:52 INFO     Training average sigma_mean at step 13500: 0.113636
2025-12-09 01:02:52 INFO     Training average regularization at step 13500: 0.007842
2025-12-09 01:02:52 INFO     Training average loss at step 13500: 0.821739
2025-12-09 01:03:53 INFO     Training average positive_fact_loss at step 13600: 0.177322
2025-12-09 01:03:53 INFO     Training average negative_fact_loss at step 13600: 0.153044
2025-12-09 01:03:53 INFO     Training average positive_rule_loss at step 13600: 0.689942
2025-12-09 01:03:53 INFO     Training average negative_rule_loss at step 13600: 0.574763
2025-12-09 01:03:53 INFO     Training average L_uncertainty at step 13600: 10.355795
2025-12-09 01:03:53 INFO     Training average L_kl at step 13600: 10203.170654
2025-12-09 01:03:53 INFO     Training average L_sigma at step 13600: 152.624374
2025-12-09 01:03:53 INFO     Training average mu_mean at step 13600: -0.228457
2025-12-09 01:03:53 INFO     Training average sigma_mean at step 13600: 0.113640
2025-12-09 01:03:53 INFO     Training average regularization at step 13600: 0.007827
2025-12-09 01:03:53 INFO     Training average loss at step 13600: 0.826074
2025-12-09 01:05:06 INFO     Training average positive_fact_loss at step 13700: 0.174157
2025-12-09 01:05:06 INFO     Training average negative_fact_loss at step 13700: 0.148744
2025-12-09 01:05:06 INFO     Training average positive_rule_loss at step 13700: 0.690527
2025-12-09 01:05:06 INFO     Training average negative_rule_loss at step 13700: 0.574255
2025-12-09 01:05:06 INFO     Training average L_uncertainty at step 13700: 10.357198
2025-12-09 01:05:06 INFO     Training average L_kl at step 13700: 10204.402246
2025-12-09 01:05:06 INFO     Training average L_sigma at step 13700: 152.795185
2025-12-09 01:05:06 INFO     Training average mu_mean at step 13700: -0.230128
2025-12-09 01:05:06 INFO     Training average sigma_mean at step 13700: 0.113644
2025-12-09 01:05:06 INFO     Training average regularization at step 13700: 0.007852
2025-12-09 01:05:06 INFO     Training average loss at step 13700: 0.822408
2025-12-09 01:06:14 INFO     Training average positive_fact_loss at step 13800: 0.179121
2025-12-09 01:06:14 INFO     Training average negative_fact_loss at step 13800: 0.151826
2025-12-09 01:06:14 INFO     Training average positive_rule_loss at step 13800: 0.690970
2025-12-09 01:06:14 INFO     Training average negative_rule_loss at step 13800: 0.573939
2025-12-09 01:06:14 INFO     Training average L_uncertainty at step 13800: 10.353821
2025-12-09 01:06:14 INFO     Training average L_kl at step 13800: 10201.677314
2025-12-09 01:06:14 INFO     Training average L_sigma at step 13800: 152.142895
2025-12-09 01:06:14 INFO     Training average mu_mean at step 13800: -0.231158
2025-12-09 01:06:14 INFO     Training average sigma_mean at step 13800: 0.113628
2025-12-09 01:06:14 INFO     Training average regularization at step 13800: 0.007823
2025-12-09 01:06:14 INFO     Training average loss at step 13800: 0.826459
2025-12-09 01:07:22 INFO     Training average positive_fact_loss at step 13900: 0.171738
2025-12-09 01:07:22 INFO     Training average negative_fact_loss at step 13900: 0.149140
2025-12-09 01:07:22 INFO     Training average positive_rule_loss at step 13900: 0.690559
2025-12-09 01:07:22 INFO     Training average negative_rule_loss at step 13900: 0.574096
2025-12-09 01:07:22 INFO     Training average L_uncertainty at step 13900: 10.369154
2025-12-09 01:07:22 INFO     Training average L_kl at step 13900: 10216.681211
2025-12-09 01:07:22 INFO     Training average L_sigma at step 13900: 152.472161
2025-12-09 01:07:22 INFO     Training average mu_mean at step 13900: -0.227952
2025-12-09 01:07:22 INFO     Training average sigma_mean at step 13900: 0.113637
2025-12-09 01:07:22 INFO     Training average regularization at step 13900: 0.007829
2025-12-09 01:07:22 INFO     Training average loss at step 13900: 0.821334
2025-12-09 01:08:35 INFO     Training average positive_fact_loss at step 14000: 0.176037
2025-12-09 01:08:35 INFO     Training average negative_fact_loss at step 14000: 0.152128
2025-12-09 01:08:35 INFO     Training average positive_rule_loss at step 14000: 0.689908
2025-12-09 01:08:35 INFO     Training average negative_rule_loss at step 14000: 0.574930
2025-12-09 01:08:35 INFO     Training average L_uncertainty at step 14000: 10.351015
2025-12-09 01:08:35 INFO     Training average L_kl at step 14000: 10198.510596
2025-12-09 01:08:35 INFO     Training average L_sigma at step 14000: 152.504078
2025-12-09 01:08:35 INFO     Training average mu_mean at step 14000: -0.227836
2025-12-09 01:08:35 INFO     Training average sigma_mean at step 14000: 0.113645
2025-12-09 01:08:35 INFO     Training average regularization at step 14000: 0.007847
2025-12-09 01:08:35 INFO     Training average loss at step 14000: 0.825050
2025-12-09 01:08:35 INFO     Evaluating on Valid Dataset...
2025-12-09 01:08:35 INFO     >>>>> RuleE emb: Evaluating on valid
2025-12-09 01:08:53 INFO     Data : 4076
2025-12-09 01:08:53 INFO     Hit1 : 0.765702
2025-12-09 01:08:53 INFO     Hit3 : 0.945535
2025-12-09 01:08:53 INFO     Hit10: 0.988224
2025-12-09 01:08:53 INFO     MR   : 17.774779
2025-12-09 01:08:53 INFO     MRR  : 0.858340
2025-12-09 01:09:53 INFO     Training average positive_fact_loss at step 14100: 0.174238
2025-12-09 01:09:53 INFO     Training average negative_fact_loss at step 14100: 0.149516
2025-12-09 01:09:53 INFO     Training average positive_rule_loss at step 14100: 0.690961
2025-12-09 01:09:53 INFO     Training average negative_rule_loss at step 14100: 0.573826
2025-12-09 01:09:53 INFO     Training average L_uncertainty at step 14100: 10.363110
2025-12-09 01:09:53 INFO     Training average L_kl at step 14100: 10211.027744
2025-12-09 01:09:53 INFO     Training average L_sigma at step 14100: 152.081332
2025-12-09 01:09:53 INFO     Training average mu_mean at step 14100: -0.227842
2025-12-09 01:09:53 INFO     Training average sigma_mean at step 14100: 0.113629
2025-12-09 01:09:53 INFO     Training average regularization at step 14100: 0.007854
2025-12-09 01:09:53 INFO     Training average loss at step 14100: 0.822850
2025-12-09 01:11:06 INFO     Training average positive_fact_loss at step 14200: 0.175046
2025-12-09 01:11:06 INFO     Training average negative_fact_loss at step 14200: 0.149768
2025-12-09 01:11:06 INFO     Training average positive_rule_loss at step 14200: 0.689752
2025-12-09 01:11:06 INFO     Training average negative_rule_loss at step 14200: 0.574776
2025-12-09 01:11:06 INFO     Training average L_uncertainty at step 14200: 10.361893
2025-12-09 01:11:06 INFO     Training average L_kl at step 14200: 10210.012354
2025-12-09 01:11:06 INFO     Training average L_sigma at step 14200: 151.879711
2025-12-09 01:11:06 INFO     Training average mu_mean at step 14200: -0.229589
2025-12-09 01:11:06 INFO     Training average sigma_mean at step 14200: 0.113612
2025-12-09 01:11:06 INFO     Training average regularization at step 14200: 0.007854
2025-12-09 01:11:06 INFO     Training average loss at step 14200: 0.823249
2025-12-09 01:12:07 INFO     Training average positive_fact_loss at step 14300: 0.175572
2025-12-09 01:12:07 INFO     Training average negative_fact_loss at step 14300: 0.151076
2025-12-09 01:12:07 INFO     Training average positive_rule_loss at step 14300: 0.690802
2025-12-09 01:12:07 INFO     Training average negative_rule_loss at step 14300: 0.574017
2025-12-09 01:12:07 INFO     Training average L_uncertainty at step 14300: 10.359283
2025-12-09 01:12:07 INFO     Training average L_kl at step 14300: 10207.379355
2025-12-09 01:12:07 INFO     Training average L_sigma at step 14300: 151.902938
2025-12-09 01:12:07 INFO     Training average mu_mean at step 14300: -0.229271
2025-12-09 01:12:07 INFO     Training average sigma_mean at step 14300: 0.113621
2025-12-09 01:12:07 INFO     Training average regularization at step 14300: 0.007837
2025-12-09 01:12:07 INFO     Training average loss at step 14300: 0.824289
2025-12-09 01:13:20 INFO     Training average positive_fact_loss at step 14400: 0.174584
2025-12-09 01:13:20 INFO     Training average negative_fact_loss at step 14400: 0.150067
2025-12-09 01:13:20 INFO     Training average positive_rule_loss at step 14400: 0.690062
2025-12-09 01:13:20 INFO     Training average negative_rule_loss at step 14400: 0.574462
2025-12-09 01:13:20 INFO     Training average L_uncertainty at step 14400: 10.362102
2025-12-09 01:13:20 INFO     Training average L_kl at step 14400: 10210.003926
2025-12-09 01:13:20 INFO     Training average L_sigma at step 14400: 152.097949
2025-12-09 01:13:20 INFO     Training average mu_mean at step 14400: -0.228787
2025-12-09 01:13:20 INFO     Training average sigma_mean at step 14400: 0.113631
2025-12-09 01:13:20 INFO     Training average regularization at step 14400: 0.007851
2025-12-09 01:13:20 INFO     Training average loss at step 14400: 0.823163
2025-12-09 01:14:21 INFO     Training average positive_fact_loss at step 14500: 0.176095
2025-12-09 01:14:21 INFO     Training average negative_fact_loss at step 14500: 0.151928
2025-12-09 01:14:21 INFO     Training average positive_rule_loss at step 14500: 0.690166
2025-12-09 01:14:21 INFO     Training average negative_rule_loss at step 14500: 0.574557
2025-12-09 01:14:21 INFO     Training average L_uncertainty at step 14500: 10.358751
2025-12-09 01:14:21 INFO     Training average L_kl at step 14500: 10206.350547
2025-12-09 01:14:21 INFO     Training average L_sigma at step 14500: 152.399517
2025-12-09 01:14:21 INFO     Training average mu_mean at step 14500: -0.228136
2025-12-09 01:14:21 INFO     Training average sigma_mean at step 14500: 0.113639
2025-12-09 01:14:21 INFO     Training average regularization at step 14500: 0.007844
2025-12-09 01:14:21 INFO     Training average loss at step 14500: 0.824934
2025-12-09 01:15:34 INFO     Training average positive_fact_loss at step 14600: 0.175726
2025-12-09 01:15:34 INFO     Training average negative_fact_loss at step 14600: 0.148777
2025-12-09 01:15:34 INFO     Training average positive_rule_loss at step 14600: 0.689647
2025-12-09 01:15:34 INFO     Training average negative_rule_loss at step 14600: 0.574776
2025-12-09 01:15:34 INFO     Training average L_uncertainty at step 14600: 10.364505
2025-12-09 01:15:34 INFO     Training average L_kl at step 14600: 10212.051504
2025-12-09 01:15:34 INFO     Training average L_sigma at step 14600: 152.453433
2025-12-09 01:15:34 INFO     Training average mu_mean at step 14600: -0.227505
2025-12-09 01:15:34 INFO     Training average sigma_mean at step 14600: 0.113645
2025-12-09 01:15:34 INFO     Training average regularization at step 14600: 0.007845
2025-12-09 01:15:34 INFO     Training average loss at step 14600: 0.823037
2025-12-09 01:16:37 INFO     Training average positive_fact_loss at step 14700: 0.177866
2025-12-09 01:16:37 INFO     Training average negative_fact_loss at step 14700: 0.152851
2025-12-09 01:16:37 INFO     Training average positive_rule_loss at step 14700: 0.691243
2025-12-09 01:16:37 INFO     Training average negative_rule_loss at step 14700: 0.573368
2025-12-09 01:16:37 INFO     Training average L_uncertainty at step 14700: 10.365050
2025-12-09 01:16:37 INFO     Training average L_kl at step 14700: 10212.731670
2025-12-09 01:16:37 INFO     Training average L_sigma at step 14700: 152.317632
2025-12-09 01:16:37 INFO     Training average mu_mean at step 14700: -0.230517
2025-12-09 01:16:37 INFO     Training average sigma_mean at step 14700: 0.113648
2025-12-09 01:16:37 INFO     Training average regularization at step 14700: 0.007833
2025-12-09 01:16:37 INFO     Training average loss at step 14700: 0.826227
2025-12-09 01:17:50 INFO     Training average positive_fact_loss at step 14800: 0.173871
2025-12-09 01:17:50 INFO     Training average negative_fact_loss at step 14800: 0.148373
2025-12-09 01:17:50 INFO     Training average positive_rule_loss at step 14800: 0.689793
2025-12-09 01:17:50 INFO     Training average negative_rule_loss at step 14800: 0.574696
2025-12-09 01:17:50 INFO     Training average L_uncertainty at step 14800: 10.358979
2025-12-09 01:17:50 INFO     Training average L_kl at step 14800: 10206.958301
2025-12-09 01:17:50 INFO     Training average L_sigma at step 14800: 152.019713
2025-12-09 01:17:50 INFO     Training average mu_mean at step 14800: -0.228115
2025-12-09 01:17:50 INFO     Training average sigma_mean at step 14800: 0.113631
2025-12-09 01:17:50 INFO     Training average regularization at step 14800: 0.007857
2025-12-09 01:17:50 INFO     Training average loss at step 14800: 0.821941
2025-12-09 01:18:51 INFO     Training average positive_fact_loss at step 14900: 0.177587
2025-12-09 01:18:51 INFO     Training average negative_fact_loss at step 14900: 0.151257
2025-12-09 01:18:51 INFO     Training average positive_rule_loss at step 14900: 0.690905
2025-12-09 01:18:51 INFO     Training average negative_rule_loss at step 14900: 0.573784
2025-12-09 01:18:51 INFO     Training average L_uncertainty at step 14900: 10.359596
2025-12-09 01:18:51 INFO     Training average L_kl at step 14900: 10207.404824
2025-12-09 01:18:51 INFO     Training average L_sigma at step 14900: 152.190347
2025-12-09 01:18:51 INFO     Training average mu_mean at step 14900: -0.229433
2025-12-09 01:18:51 INFO     Training average sigma_mean at step 14900: 0.113648
2025-12-09 01:18:51 INFO     Training average regularization at step 14900: 0.007826
2025-12-09 01:18:51 INFO     Training average loss at step 14900: 0.825312
2025-12-09 01:20:05 INFO     Training average positive_fact_loss at step 15000: 0.171192
2025-12-09 01:20:05 INFO     Training average negative_fact_loss at step 15000: 0.148704
2025-12-09 01:20:05 INFO     Training average positive_rule_loss at step 15000: 0.690421
2025-12-09 01:20:05 INFO     Training average negative_rule_loss at step 15000: 0.574351
2025-12-09 01:20:05 INFO     Training average L_uncertainty at step 15000: 10.354441
2025-12-09 01:20:05 INFO     Training average L_kl at step 15000: 10202.480850
2025-12-09 01:20:05 INFO     Training average L_sigma at step 15000: 151.959600
2025-12-09 01:20:05 INFO     Training average mu_mean at step 15000: -0.227817
2025-12-09 01:20:05 INFO     Training average sigma_mean at step 15000: 0.113635
2025-12-09 01:20:05 INFO     Training average regularization at step 15000: 0.007849
2025-12-09 01:20:05 INFO     Training average loss at step 15000: 0.820892
2025-12-09 01:20:05 INFO     Evaluating on Valid Dataset...
2025-12-09 01:20:05 INFO     >>>>> RuleE emb: Evaluating on valid
2025-12-09 01:20:23 INFO     Data : 4076
2025-12-09 01:20:23 INFO     Hit1 : 0.774289
2025-12-09 01:20:23 INFO     Hit3 : 0.949215
2025-12-09 01:20:23 INFO     Hit10: 0.988224
2025-12-09 01:20:23 INFO     MR   : 19.545878
2025-12-09 01:20:23 INFO     MRR  : 0.863705
2025-12-09 01:21:35 INFO     Training average positive_fact_loss at step 15100: 0.175957
2025-12-09 01:21:35 INFO     Training average negative_fact_loss at step 15100: 0.152751
2025-12-09 01:21:35 INFO     Training average positive_rule_loss at step 15100: 0.690239
2025-12-09 01:21:35 INFO     Training average negative_rule_loss at step 15100: 0.574576
2025-12-09 01:21:35 INFO     Training average L_uncertainty at step 15100: 10.350565
2025-12-09 01:21:35 INFO     Training average L_kl at step 15100: 10198.457764
2025-12-09 01:21:35 INFO     Training average L_sigma at step 15100: 152.106971
2025-12-09 01:21:35 INFO     Training average mu_mean at step 15100: -0.227500
2025-12-09 01:21:35 INFO     Training average sigma_mean at step 15100: 0.113630
2025-12-09 01:21:35 INFO     Training average regularization at step 15100: 0.007843
2025-12-09 01:21:35 INFO     Training average loss at step 15100: 0.825305
2025-12-09 01:22:36 INFO     Training average positive_fact_loss at step 15200: 0.175104
2025-12-09 01:22:36 INFO     Training average negative_fact_loss at step 15200: 0.147167
2025-12-09 01:22:36 INFO     Training average positive_rule_loss at step 15200: 0.689917
2025-12-09 01:22:36 INFO     Training average negative_rule_loss at step 15200: 0.574410
2025-12-09 01:22:36 INFO     Training average L_uncertainty at step 15200: 10.366520
2025-12-09 01:22:36 INFO     Training average L_kl at step 15200: 10214.663516
2025-12-09 01:22:36 INFO     Training average L_sigma at step 15200: 151.856401
2025-12-09 01:22:36 INFO     Training average mu_mean at step 15200: -0.228811
2025-12-09 01:22:36 INFO     Training average sigma_mean at step 15200: 0.113622
2025-12-09 01:22:36 INFO     Training average regularization at step 15200: 0.007862
2025-12-09 01:22:36 INFO     Training average loss at step 15200: 0.821894
2025-12-09 01:23:49 INFO     Training average positive_fact_loss at step 15300: 0.174046
2025-12-09 01:23:49 INFO     Training average negative_fact_loss at step 15300: 0.149992
2025-12-09 01:23:49 INFO     Training average positive_rule_loss at step 15300: 0.690627
2025-12-09 01:23:49 INFO     Training average negative_rule_loss at step 15300: 0.573941
2025-12-09 01:23:49 INFO     Training average L_uncertainty at step 15300: 10.363616
2025-12-09 01:23:49 INFO     Training average L_kl at step 15300: 10211.901748
2025-12-09 01:23:49 INFO     Training average L_sigma at step 15300: 151.714060
2025-12-09 01:23:49 INFO     Training average mu_mean at step 15300: -0.228151
2025-12-09 01:23:49 INFO     Training average sigma_mean at step 15300: 0.113624
2025-12-09 01:23:49 INFO     Training average regularization at step 15300: 0.007845
2025-12-09 01:23:49 INFO     Training average loss at step 15300: 0.822875
2025-12-09 01:24:50 INFO     Training average positive_fact_loss at step 15400: 0.174960
2025-12-09 01:24:50 INFO     Training average negative_fact_loss at step 15400: 0.150113
2025-12-09 01:24:50 INFO     Training average positive_rule_loss at step 15400: 0.689813
2025-12-09 01:24:50 INFO     Training average negative_rule_loss at step 15400: 0.574531
2025-12-09 01:24:50 INFO     Training average L_uncertainty at step 15400: 10.368621
2025-12-09 01:24:50 INFO     Training average L_kl at step 15400: 10217.092256
2025-12-09 01:24:50 INFO     Training average L_sigma at step 15400: 151.527899
2025-12-09 01:24:50 INFO     Training average mu_mean at step 15400: -0.227186
2025-12-09 01:24:50 INFO     Training average sigma_mean at step 15400: 0.113625
2025-12-09 01:24:50 INFO     Training average regularization at step 15400: 0.007861
2025-12-09 01:24:50 INFO     Training average loss at step 15400: 0.823307
2025-12-09 01:26:02 INFO     Training average positive_fact_loss at step 15500: 0.175131
2025-12-09 01:26:02 INFO     Training average negative_fact_loss at step 15500: 0.149433
2025-12-09 01:26:02 INFO     Training average positive_rule_loss at step 15500: 0.690378
2025-12-09 01:26:02 INFO     Training average negative_rule_loss at step 15500: 0.574300
2025-12-09 01:26:02 INFO     Training average L_uncertainty at step 15500: 10.356010
2025-12-09 01:26:02 INFO     Training average L_kl at step 15500: 10204.657490
2025-12-09 01:26:02 INFO     Training average L_sigma at step 15500: 151.352230
2025-12-09 01:26:02 INFO     Training average mu_mean at step 15500: -0.229018
2025-12-09 01:26:02 INFO     Training average sigma_mean at step 15500: 0.113618
2025-12-09 01:26:02 INFO     Training average regularization at step 15500: 0.007859
2025-12-09 01:26:02 INFO     Training average loss at step 15500: 0.823193
2025-12-09 01:27:04 INFO     Training average positive_fact_loss at step 15600: 0.176162
2025-12-09 01:27:04 INFO     Training average negative_fact_loss at step 15600: 0.149765
2025-12-09 01:27:04 INFO     Training average positive_rule_loss at step 15600: 0.690026
2025-12-09 01:27:04 INFO     Training average negative_rule_loss at step 15600: 0.574400
2025-12-09 01:27:04 INFO     Training average L_uncertainty at step 15600: 10.367934
2025-12-09 01:27:04 INFO     Training average L_kl at step 15600: 10216.614434
2025-12-09 01:27:04 INFO     Training average L_sigma at step 15600: 151.318597
2025-12-09 01:27:04 INFO     Training average mu_mean at step 15600: -0.227116
2025-12-09 01:27:04 INFO     Training average sigma_mean at step 15600: 0.113608
2025-12-09 01:27:04 INFO     Training average regularization at step 15600: 0.007843
2025-12-09 01:27:04 INFO     Training average loss at step 15600: 0.823755
2025-12-09 01:28:16 INFO     Training average positive_fact_loss at step 15700: 0.172115
2025-12-09 01:28:16 INFO     Training average negative_fact_loss at step 15700: 0.149359
2025-12-09 01:28:16 INFO     Training average positive_rule_loss at step 15700: 0.690925
2025-12-09 01:28:16 INFO     Training average negative_rule_loss at step 15700: 0.573734
2025-12-09 01:28:16 INFO     Training average L_uncertainty at step 15700: 10.366251
2025-12-09 01:28:16 INFO     Training average L_kl at step 15700: 10214.696523
2025-12-09 01:28:16 INFO     Training average L_sigma at step 15700: 151.553943
2025-12-09 01:28:16 INFO     Training average mu_mean at step 15700: -0.228633
2025-12-09 01:28:16 INFO     Training average sigma_mean at step 15700: 0.113619
2025-12-09 01:28:16 INFO     Training average regularization at step 15700: 0.007852
2025-12-09 01:28:16 INFO     Training average loss at step 15700: 0.821651
2025-12-09 01:29:16 INFO     Training average positive_fact_loss at step 15800: 0.175881
2025-12-09 01:29:16 INFO     Training average negative_fact_loss at step 15800: 0.151547
2025-12-09 01:29:16 INFO     Training average positive_rule_loss at step 15800: 0.689755
2025-12-09 01:29:16 INFO     Training average negative_rule_loss at step 15800: 0.574564
2025-12-09 01:29:16 INFO     Training average L_uncertainty at step 15800: 10.359697
2025-12-09 01:29:16 INFO     Training average L_kl at step 15800: 10208.311631
2025-12-09 01:29:16 INFO     Training average L_sigma at step 15800: 151.384865
2025-12-09 01:29:16 INFO     Training average mu_mean at step 15800: -0.227324
2025-12-09 01:29:16 INFO     Training average sigma_mean at step 15800: 0.113627
2025-12-09 01:29:16 INFO     Training average regularization at step 15800: 0.007843
2025-12-09 01:29:16 INFO     Training average loss at step 15800: 0.824436
2025-12-09 01:30:29 INFO     Training average positive_fact_loss at step 15900: 0.172831
2025-12-09 01:30:29 INFO     Training average negative_fact_loss at step 15900: 0.148538
2025-12-09 01:30:29 INFO     Training average positive_rule_loss at step 15900: 0.690781
2025-12-09 01:30:29 INFO     Training average negative_rule_loss at step 15900: 0.573962
2025-12-09 01:30:29 INFO     Training average L_uncertainty at step 15900: 10.355086
2025-12-09 01:30:29 INFO     Training average L_kl at step 15900: 10203.364707
2025-12-09 01:30:29 INFO     Training average L_sigma at step 15900: 151.721208
2025-12-09 01:30:29 INFO     Training average mu_mean at step 15900: -0.228825
2025-12-09 01:30:29 INFO     Training average sigma_mean at step 15900: 0.113632
2025-12-09 01:30:29 INFO     Training average regularization at step 15900: 0.007850
2025-12-09 01:30:29 INFO     Training average loss at step 15900: 0.821616
2025-12-09 01:31:31 INFO     Training average positive_fact_loss at step 16000: 0.178836
2025-12-09 01:31:31 INFO     Training average negative_fact_loss at step 16000: 0.152791
2025-12-09 01:31:31 INFO     Training average positive_rule_loss at step 16000: 0.689933
2025-12-09 01:31:31 INFO     Training average negative_rule_loss at step 16000: 0.574755
2025-12-09 01:31:31 INFO     Training average L_uncertainty at step 16000: 10.348818
2025-12-09 01:31:31 INFO     Training average L_kl at step 16000: 10193.871875
2025-12-09 01:31:31 INFO     Training average L_sigma at step 16000: 154.945817
2025-12-09 01:31:31 INFO     Training average mu_mean at step 16000: -0.225127
2025-12-09 01:31:31 INFO     Training average sigma_mean at step 16000: 0.113689
2025-12-09 01:31:31 INFO     Training average regularization at step 16000: 0.007874
2025-12-09 01:31:31 INFO     Training average loss at step 16000: 0.826729
2025-12-09 01:31:31 INFO     Evaluating on Valid Dataset...
2025-12-09 01:31:31 INFO     >>>>> RuleE emb: Evaluating on valid
2025-12-09 01:31:49 INFO     Data : 4076
2025-12-09 01:31:49 INFO     Hit1 : 0.784347
2025-12-09 01:31:49 INFO     Hit3 : 0.943817
2025-12-09 01:31:49 INFO     Hit10: 0.988224
2025-12-09 01:31:49 INFO     MR   : 19.188175
2025-12-09 01:31:49 INFO     MRR  : 0.868049
2025-12-09 01:33:03 INFO     Training average positive_fact_loss at step 16100: 0.174633
2025-12-09 01:33:03 INFO     Training average negative_fact_loss at step 16100: 0.148601
2025-12-09 01:33:03 INFO     Training average positive_rule_loss at step 16100: 0.690286
2025-12-09 01:33:03 INFO     Training average negative_rule_loss at step 16100: 0.574176
2025-12-09 01:33:03 INFO     Training average L_uncertainty at step 16100: 10.356771
2025-12-09 01:33:03 INFO     Training average L_kl at step 16100: 10204.665557
2025-12-09 01:33:03 INFO     Training average L_sigma at step 16100: 152.104914
2025-12-09 01:33:03 INFO     Training average mu_mean at step 16100: -0.229106
2025-12-09 01:33:03 INFO     Training average sigma_mean at step 16100: 0.113640
2025-12-09 01:33:03 INFO     Training average regularization at step 16100: 0.007867
2025-12-09 01:33:03 INFO     Training average loss at step 16100: 0.822428
2025-12-09 01:34:15 INFO     Training average positive_fact_loss at step 16200: 0.177388
2025-12-09 01:34:15 INFO     Training average negative_fact_loss at step 16200: 0.151622
2025-12-09 01:34:15 INFO     Training average positive_rule_loss at step 16200: 0.690074
2025-12-09 01:34:15 INFO     Training average negative_rule_loss at step 16200: 0.574470
2025-12-09 01:34:15 INFO     Training average L_uncertainty at step 16200: 10.359255
2025-12-09 01:34:15 INFO     Training average L_kl at step 16200: 10208.008545
2025-12-09 01:34:15 INFO     Training average L_sigma at step 16200: 151.246305
2025-12-09 01:34:15 INFO     Training average mu_mean at step 16200: -0.228618
2025-12-09 01:34:15 INFO     Training average sigma_mean at step 16200: 0.113623
2025-12-09 01:34:15 INFO     Training average regularization at step 16200: 0.007856
2025-12-09 01:34:15 INFO     Training average loss at step 16200: 0.825352
2025-12-09 01:35:16 INFO     Training average positive_fact_loss at step 16300: 0.175490
2025-12-09 01:35:16 INFO     Training average negative_fact_loss at step 16300: 0.149433
2025-12-09 01:35:16 INFO     Training average positive_rule_loss at step 16300: 0.689816
2025-12-09 01:35:16 INFO     Training average negative_rule_loss at step 16300: 0.574611
2025-12-09 01:35:16 INFO     Training average L_uncertainty at step 16300: 10.362619
2025-12-09 01:35:16 INFO     Training average L_kl at step 16300: 10211.543320
2025-12-09 01:35:16 INFO     Training average L_sigma at step 16300: 151.075682
2025-12-09 01:35:16 INFO     Training average mu_mean at step 16300: -0.226935
2025-12-09 01:35:16 INFO     Training average sigma_mean at step 16300: 0.113616
2025-12-09 01:35:16 INFO     Training average regularization at step 16300: 0.007873
2025-12-09 01:35:16 INFO     Training average loss at step 16300: 0.823273
2025-12-09 01:36:29 INFO     Training average positive_fact_loss at step 16400: 0.175079
2025-12-09 01:36:29 INFO     Training average negative_fact_loss at step 16400: 0.150576
2025-12-09 01:36:29 INFO     Training average positive_rule_loss at step 16400: 0.690255
2025-12-09 01:36:29 INFO     Training average negative_rule_loss at step 16400: 0.574209
2025-12-09 01:36:29 INFO     Training average L_uncertainty at step 16400: 10.362701
2025-12-09 01:36:29 INFO     Training average L_kl at step 16400: 10211.264277
2025-12-09 01:36:29 INFO     Training average L_sigma at step 16400: 151.436609
2025-12-09 01:36:29 INFO     Training average mu_mean at step 16400: -0.227369
2025-12-09 01:36:29 INFO     Training average sigma_mean at step 16400: 0.113626
2025-12-09 01:36:29 INFO     Training average regularization at step 16400: 0.007836
2025-12-09 01:36:29 INFO     Training average loss at step 16400: 0.823621
2025-12-09 01:37:31 INFO     Training average positive_fact_loss at step 16500: 0.175131
2025-12-09 01:37:31 INFO     Training average negative_fact_loss at step 16500: 0.149721
2025-12-09 01:37:31 INFO     Training average positive_rule_loss at step 16500: 0.690168
2025-12-09 01:37:31 INFO     Training average negative_rule_loss at step 16500: 0.574212
2025-12-09 01:37:31 INFO     Training average L_uncertainty at step 16500: 10.359268
2025-12-09 01:37:31 INFO     Training average L_kl at step 16500: 10207.433994
2025-12-09 01:37:31 INFO     Training average L_sigma at step 16500: 151.833330
2025-12-09 01:37:31 INFO     Training average mu_mean at step 16500: -0.228209
2025-12-09 01:37:31 INFO     Training average sigma_mean at step 16500: 0.113649
2025-12-09 01:37:31 INFO     Training average regularization at step 16500: 0.007859
2025-12-09 01:37:31 INFO     Training average loss at step 16500: 0.823194
2025-12-09 01:38:44 INFO     Training average positive_fact_loss at step 16600: 0.174060
2025-12-09 01:38:44 INFO     Training average negative_fact_loss at step 16600: 0.148700
2025-12-09 01:38:44 INFO     Training average positive_rule_loss at step 16600: 0.690307
2025-12-09 01:38:44 INFO     Training average negative_rule_loss at step 16600: 0.573995
2025-12-09 01:38:44 INFO     Training average L_uncertainty at step 16600: 10.371370
2025-12-09 01:38:44 INFO     Training average L_kl at step 16600: 10220.075488
2025-12-09 01:38:44 INFO     Training average L_sigma at step 16600: 151.293823
2025-12-09 01:38:44 INFO     Training average mu_mean at step 16600: -0.227795
2025-12-09 01:38:44 INFO     Training average sigma_mean at step 16600: 0.113630
2025-12-09 01:38:44 INFO     Training average regularization at step 16600: 0.007852
2025-12-09 01:38:44 INFO     Training average loss at step 16600: 0.822126
2025-12-09 01:39:45 INFO     Training average positive_fact_loss at step 16700: 0.176137
2025-12-09 01:39:45 INFO     Training average negative_fact_loss at step 16700: 0.150517
2025-12-09 01:39:45 INFO     Training average positive_rule_loss at step 16700: 0.690464
2025-12-09 01:39:45 INFO     Training average negative_rule_loss at step 16700: 0.573848
2025-12-09 01:39:45 INFO     Training average L_uncertainty at step 16700: 10.363154
2025-12-09 01:39:45 INFO     Training average L_kl at step 16700: 10212.048193
2025-12-09 01:39:45 INFO     Training average L_sigma at step 16700: 151.105390
2025-12-09 01:39:45 INFO     Training average mu_mean at step 16700: -0.228815
2025-12-09 01:39:45 INFO     Training average sigma_mean at step 16700: 0.113622
2025-12-09 01:39:45 INFO     Training average regularization at step 16700: 0.007876
2025-12-09 01:39:45 INFO     Training average loss at step 16700: 0.824085
2025-12-09 01:40:58 INFO     Training average positive_fact_loss at step 16800: 0.176220
2025-12-09 01:40:58 INFO     Training average negative_fact_loss at step 16800: 0.150278
2025-12-09 01:40:58 INFO     Training average positive_rule_loss at step 16800: 0.690433
2025-12-09 01:40:58 INFO     Training average negative_rule_loss at step 16800: 0.573894
2025-12-09 01:40:58 INFO     Training average L_uncertainty at step 16800: 10.367678
2025-12-09 01:40:58 INFO     Training average L_kl at step 16800: 10216.398838
2025-12-09 01:40:58 INFO     Training average L_sigma at step 16800: 151.278629
2025-12-09 01:40:58 INFO     Training average mu_mean at step 16800: -0.227351
2025-12-09 01:40:58 INFO     Training average sigma_mean at step 16800: 0.113620
2025-12-09 01:40:58 INFO     Training average regularization at step 16800: 0.007872
2025-12-09 01:40:58 INFO     Training average loss at step 16800: 0.824019
2025-12-09 01:42:00 INFO     Training average positive_fact_loss at step 16900: 0.176608
2025-12-09 01:42:00 INFO     Training average negative_fact_loss at step 16900: 0.148923
2025-12-09 01:42:00 INFO     Training average positive_rule_loss at step 16900: 0.690486
2025-12-09 01:42:00 INFO     Training average negative_rule_loss at step 16900: 0.574180
2025-12-09 01:42:00 INFO     Training average L_uncertainty at step 16900: 10.356514
2025-12-09 01:42:00 INFO     Training average L_kl at step 16900: 10205.151377
2025-12-09 01:42:00 INFO     Training average L_sigma at step 16900: 151.362084
2025-12-09 01:42:00 INFO     Training average mu_mean at step 16900: -0.226367
2025-12-09 01:42:00 INFO     Training average sigma_mean at step 16900: 0.113633
2025-12-09 01:42:00 INFO     Training average regularization at step 16900: 0.007843
2025-12-09 01:42:00 INFO     Training average loss at step 16900: 0.823655
2025-12-09 01:43:13 INFO     Training average positive_fact_loss at step 17000: 0.174650
2025-12-09 01:43:13 INFO     Training average negative_fact_loss at step 17000: 0.149654
2025-12-09 01:43:13 INFO     Training average positive_rule_loss at step 17000: 0.689586
2025-12-09 01:43:13 INFO     Training average negative_rule_loss at step 17000: 0.574718
2025-12-09 01:43:13 INFO     Training average L_uncertainty at step 17000: 10.358394
2025-12-09 01:43:13 INFO     Training average L_kl at step 17000: 10206.992383
2025-12-09 01:43:13 INFO     Training average L_sigma at step 17000: 151.401533
2025-12-09 01:43:13 INFO     Training average mu_mean at step 17000: -0.227660
2025-12-09 01:43:13 INFO     Training average sigma_mean at step 17000: 0.113638
2025-12-09 01:43:13 INFO     Training average regularization at step 17000: 0.007859
2025-12-09 01:43:13 INFO     Training average loss at step 17000: 0.822880
2025-12-09 01:43:13 INFO     Evaluating on Valid Dataset...
2025-12-09 01:43:13 INFO     >>>>> RuleE emb: Evaluating on valid
2025-12-09 01:43:30 INFO     Data : 4076
2025-12-09 01:43:30 INFO     Hit1 : 0.764230
2025-12-09 01:43:30 INFO     Hit3 : 0.950932
2025-12-09 01:43:30 INFO     Hit10: 0.989205
2025-12-09 01:43:30 INFO     MR   : 19.167566
2025-12-09 01:43:30 INFO     MRR  : 0.859209
2025-12-09 01:44:30 INFO     Training average positive_fact_loss at step 17100: 0.177539
2025-12-09 01:44:30 INFO     Training average negative_fact_loss at step 17100: 0.153028
2025-12-09 01:44:30 INFO     Training average positive_rule_loss at step 17100: 0.689610
2025-12-09 01:44:30 INFO     Training average negative_rule_loss at step 17100: 0.574547
2025-12-09 01:44:30 INFO     Training average L_uncertainty at step 17100: 10.369193
2025-12-09 01:44:30 INFO     Training average L_kl at step 17100: 10217.755137
2025-12-09 01:44:30 INFO     Training average L_sigma at step 17100: 151.437327
2025-12-09 01:44:30 INFO     Training average mu_mean at step 17100: -0.226685
2025-12-09 01:44:30 INFO     Training average sigma_mean at step 17100: 0.113642
2025-12-09 01:44:30 INFO     Training average regularization at step 17100: 0.007851
2025-12-09 01:44:30 INFO     Training average loss at step 17100: 0.825951
2025-12-09 01:45:44 INFO     Training average positive_fact_loss at step 17200: 0.172555
2025-12-09 01:45:44 INFO     Training average negative_fact_loss at step 17200: 0.148621
2025-12-09 01:45:44 INFO     Training average positive_rule_loss at step 17200: 0.690548
2025-12-09 01:45:44 INFO     Training average negative_rule_loss at step 17200: 0.573873
2025-12-09 01:45:44 INFO     Training average L_uncertainty at step 17200: 10.359499
2025-12-09 01:45:44 INFO     Training average L_kl at step 17200: 10208.556221
2025-12-09 01:45:44 INFO     Training average L_sigma at step 17200: 150.942525
2025-12-09 01:45:44 INFO     Training average mu_mean at step 17200: -0.228822
2025-12-09 01:45:44 INFO     Training average sigma_mean at step 17200: 0.113626
2025-12-09 01:45:44 INFO     Training average regularization at step 17200: 0.007875
2025-12-09 01:45:44 INFO     Training average loss at step 17200: 0.821393
2025-12-09 01:46:57 INFO     Training average positive_fact_loss at step 17300: 0.176763
2025-12-09 01:46:57 INFO     Training average negative_fact_loss at step 17300: 0.149645
2025-12-09 01:46:57 INFO     Training average positive_rule_loss at step 17300: 0.690092
2025-12-09 01:46:57 INFO     Training average negative_rule_loss at step 17300: 0.574437
2025-12-09 01:46:57 INFO     Training average L_uncertainty at step 17300: 10.357296
2025-12-09 01:46:57 INFO     Training average L_kl at step 17300: 10206.429473
2025-12-09 01:46:57 INFO     Training average L_sigma at step 17300: 150.866209
2025-12-09 01:46:57 INFO     Training average mu_mean at step 17300: -0.226871
2025-12-09 01:46:57 INFO     Training average sigma_mean at step 17300: 0.113616
2025-12-09 01:46:57 INFO     Training average regularization at step 17300: 0.007840
2025-12-09 01:46:57 INFO     Training average loss at step 17300: 0.824024
2025-12-09 01:47:59 INFO     Training average positive_fact_loss at step 17400: 0.171272
2025-12-09 01:47:59 INFO     Training average negative_fact_loss at step 17400: 0.148311
2025-12-09 01:47:59 INFO     Training average positive_rule_loss at step 17400: 0.690050
2025-12-09 01:47:59 INFO     Training average negative_rule_loss at step 17400: 0.573946
2025-12-09 01:47:59 INFO     Training average L_uncertainty at step 17400: 10.379531
2025-12-09 01:47:59 INFO     Training average L_kl at step 17400: 10228.699014
2025-12-09 01:47:59 INFO     Training average L_sigma at step 17400: 150.831377
2025-12-09 01:47:59 INFO     Training average mu_mean at step 17400: -0.226548
2025-12-09 01:47:59 INFO     Training average sigma_mean at step 17400: 0.113619
2025-12-09 01:47:59 INFO     Training average regularization at step 17400: 0.007867
2025-12-09 01:47:59 INFO     Training average loss at step 17400: 0.820415
2025-12-09 01:49:12 INFO     Training average positive_fact_loss at step 17500: 0.175417
2025-12-09 01:49:12 INFO     Training average negative_fact_loss at step 17500: 0.151089
2025-12-09 01:49:12 INFO     Training average positive_rule_loss at step 17500: 0.690086
2025-12-09 01:49:12 INFO     Training average negative_rule_loss at step 17500: 0.574359
2025-12-09 01:49:12 INFO     Training average L_uncertainty at step 17500: 10.353368
2025-12-09 01:49:12 INFO     Training average L_kl at step 17500: 10202.475479
2025-12-09 01:49:12 INFO     Training average L_sigma at step 17500: 150.891961
2025-12-09 01:49:12 INFO     Training average mu_mean at step 17500: -0.228576
2025-12-09 01:49:12 INFO     Training average sigma_mean at step 17500: 0.113623
2025-12-09 01:49:12 INFO     Training average regularization at step 17500: 0.007861
2025-12-09 01:49:12 INFO     Training average loss at step 17500: 0.824043
2025-12-09 01:50:13 INFO     Training average positive_fact_loss at step 17600: 0.175457
2025-12-09 01:50:13 INFO     Training average negative_fact_loss at step 17600: 0.148111
2025-12-09 01:50:13 INFO     Training average positive_rule_loss at step 17600: 0.690370
2025-12-09 01:50:13 INFO     Training average negative_rule_loss at step 17600: 0.574206
2025-12-09 01:50:13 INFO     Training average L_uncertainty at step 17600: 10.355006
2025-12-09 01:50:13 INFO     Training average L_kl at step 17600: 10202.045518
2025-12-09 01:50:13 INFO     Training average L_sigma at step 17600: 152.960169
2025-12-09 01:50:13 INFO     Training average mu_mean at step 17600: -0.225317
2025-12-09 01:50:13 INFO     Training average sigma_mean at step 17600: 0.113638
2025-12-09 01:50:13 INFO     Training average regularization at step 17600: 0.007882
2025-12-09 01:50:13 INFO     Training average loss at step 17600: 0.822664
2025-12-09 01:51:25 INFO     Training average positive_fact_loss at step 17700: 0.174058
2025-12-09 01:51:25 INFO     Training average negative_fact_loss at step 17700: 0.148918
2025-12-09 01:51:25 INFO     Training average positive_rule_loss at step 17700: 0.691128
2025-12-09 01:51:25 INFO     Training average negative_rule_loss at step 17700: 0.573520
2025-12-09 01:51:25 INFO     Training average L_uncertainty at step 17700: 10.352898
2025-12-09 01:51:25 INFO     Training average L_kl at step 17700: 10201.781885
2025-12-09 01:51:25 INFO     Training average L_sigma at step 17700: 151.116104
2025-12-09 01:51:25 INFO     Training average mu_mean at step 17700: -0.230585
2025-12-09 01:51:25 INFO     Training average sigma_mean at step 17700: 0.113635
2025-12-09 01:51:25 INFO     Training average regularization at step 17700: 0.007858
2025-12-09 01:51:25 INFO     Training average loss at step 17700: 0.822375
2025-12-09 01:52:27 INFO     Training average positive_fact_loss at step 17800: 0.176170
2025-12-09 01:52:27 INFO     Training average negative_fact_loss at step 17800: 0.149598
2025-12-09 01:52:27 INFO     Training average positive_rule_loss at step 17800: 0.689616
2025-12-09 01:52:27 INFO     Training average negative_rule_loss at step 17800: 0.574725
2025-12-09 01:52:27 INFO     Training average L_uncertainty at step 17800: 10.367703
2025-12-09 01:52:27 INFO     Training average L_kl at step 17800: 10217.050850
2025-12-09 01:52:27 INFO     Training average L_sigma at step 17800: 150.651421
2025-12-09 01:52:27 INFO     Training average mu_mean at step 17800: -0.224503
2025-12-09 01:52:27 INFO     Training average sigma_mean at step 17800: 0.113608
2025-12-09 01:52:27 INFO     Training average regularization at step 17800: 0.007867
2025-12-09 01:52:27 INFO     Training average loss at step 17800: 0.823658
2025-12-09 01:53:41 INFO     Training average positive_fact_loss at step 17900: 0.174460
2025-12-09 01:53:41 INFO     Training average negative_fact_loss at step 17900: 0.150377
2025-12-09 01:53:41 INFO     Training average positive_rule_loss at step 17900: 0.690424
2025-12-09 01:53:41 INFO     Training average negative_rule_loss at step 17900: 0.574127
2025-12-09 01:53:41 INFO     Training average L_uncertainty at step 17900: 10.351875
2025-12-09 01:53:41 INFO     Training average L_kl at step 17900: 10201.112422
2025-12-09 01:53:41 INFO     Training average L_sigma at step 17900: 150.762072
2025-12-09 01:53:41 INFO     Training average mu_mean at step 17900: -0.228868
2025-12-09 01:53:41 INFO     Training average sigma_mean at step 17900: 0.113625
2025-12-09 01:53:41 INFO     Training average regularization at step 17900: 0.007870
2025-12-09 01:53:41 INFO     Training average loss at step 17900: 0.823268
2025-12-09 01:54:43 INFO     Training average positive_fact_loss at step 18000: 0.176409
2025-12-09 01:54:43 INFO     Training average negative_fact_loss at step 18000: 0.150026
2025-12-09 01:54:43 INFO     Training average positive_rule_loss at step 18000: 0.689795
2025-12-09 01:54:43 INFO     Training average negative_rule_loss at step 18000: 0.574340
2025-12-09 01:54:43 INFO     Training average L_uncertainty at step 18000: 10.370236
2025-12-09 01:54:43 INFO     Training average L_kl at step 18000: 10219.834941
2025-12-09 01:54:43 INFO     Training average L_sigma at step 18000: 150.400743
2025-12-09 01:54:43 INFO     Training average mu_mean at step 18000: -0.225362
2025-12-09 01:54:43 INFO     Training average sigma_mean at step 18000: 0.113609
2025-12-09 01:54:43 INFO     Training average regularization at step 18000: 0.007881
2025-12-09 01:54:43 INFO     Training average loss at step 18000: 0.823907
2025-12-09 01:54:43 INFO     Evaluating on Valid Dataset...
2025-12-09 01:54:43 INFO     >>>>> RuleE emb: Evaluating on valid
2025-12-09 01:55:02 INFO     Data : 4076
2025-12-09 01:55:02 INFO     Hit1 : 0.786801
2025-12-09 01:55:02 INFO     Hit3 : 0.947498
2025-12-09 01:55:02 INFO     Hit10: 0.987978
2025-12-09 01:55:02 INFO     MR   : 18.164377
2025-12-09 01:55:02 INFO     MRR  : 0.869980
2025-12-09 01:56:13 INFO     Training average positive_fact_loss at step 18100: 0.174390
2025-12-09 01:56:13 INFO     Training average negative_fact_loss at step 18100: 0.149324
2025-12-09 01:56:13 INFO     Training average positive_rule_loss at step 18100: 0.689992
2025-12-09 01:56:13 INFO     Training average negative_rule_loss at step 18100: 0.574238
2025-12-09 01:56:13 INFO     Training average L_uncertainty at step 18100: 10.367596
2025-12-09 01:56:13 INFO     Training average L_kl at step 18100: 10216.832227
2025-12-09 01:56:13 INFO     Training average L_sigma at step 18100: 150.763397
2025-12-09 01:56:13 INFO     Training average mu_mean at step 18100: -0.226523
2025-12-09 01:56:13 INFO     Training average sigma_mean at step 18100: 0.113626
2025-12-09 01:56:13 INFO     Training average regularization at step 18100: 0.007864
2025-12-09 01:56:13 INFO     Training average loss at step 18100: 0.822572
2025-12-09 01:57:16 INFO     Training average positive_fact_loss at step 18200: 0.176879
2025-12-09 01:57:16 INFO     Training average negative_fact_loss at step 18200: 0.150151
2025-12-09 01:57:16 INFO     Training average positive_rule_loss at step 18200: 0.689858
2025-12-09 01:57:16 INFO     Training average negative_rule_loss at step 18200: 0.574491
2025-12-09 01:57:16 INFO     Training average L_uncertainty at step 18200: 10.358014
2025-12-09 01:57:16 INFO     Training average L_kl at step 18200: 10207.453271
2025-12-09 01:57:16 INFO     Training average L_sigma at step 18200: 150.560773
2025-12-09 01:57:16 INFO     Training average mu_mean at step 18200: -0.227310
2025-12-09 01:57:16 INFO     Training average sigma_mean at step 18200: 0.113610
2025-12-09 01:57:16 INFO     Training average regularization at step 18200: 0.007877
2025-12-09 01:57:16 INFO     Training average loss at step 18200: 0.824282
2025-12-09 01:58:29 INFO     Training average positive_fact_loss at step 18300: 0.172554
2025-12-09 01:58:29 INFO     Training average negative_fact_loss at step 18300: 0.147673
2025-12-09 01:58:29 INFO     Training average positive_rule_loss at step 18300: 0.690594
2025-12-09 01:58:29 INFO     Training average negative_rule_loss at step 18300: 0.573806
2025-12-09 01:58:29 INFO     Training average L_uncertainty at step 18300: 10.361538
2025-12-09 01:58:29 INFO     Training average L_kl at step 18300: 10210.177080
2025-12-09 01:58:29 INFO     Training average L_sigma at step 18300: 151.360645
2025-12-09 01:58:29 INFO     Training average mu_mean at step 18300: -0.226887
2025-12-09 01:58:29 INFO     Training average sigma_mean at step 18300: 0.113653
2025-12-09 01:58:29 INFO     Training average regularization at step 18300: 0.007864
2025-12-09 01:58:29 INFO     Training average loss at step 18300: 0.820901
2025-12-09 01:59:37 INFO     Training average positive_fact_loss at step 18400: 0.176097
2025-12-09 01:59:37 INFO     Training average negative_fact_loss at step 18400: 0.151354
2025-12-09 01:59:37 INFO     Training average positive_rule_loss at step 18400: 0.689927
2025-12-09 01:59:37 INFO     Training average negative_rule_loss at step 18400: 0.574397
2025-12-09 01:59:37 INFO     Training average L_uncertainty at step 18400: 10.355970
2025-12-09 01:59:37 INFO     Training average L_kl at step 18400: 10204.885166
2025-12-09 01:59:37 INFO     Training average L_sigma at step 18400: 151.084150
2025-12-09 01:59:37 INFO     Training average mu_mean at step 18400: -0.226244
2025-12-09 01:59:37 INFO     Training average sigma_mean at step 18400: 0.113644
2025-12-09 01:59:37 INFO     Training average regularization at step 18400: 0.007875
2025-12-09 01:59:37 INFO     Training average loss at step 18400: 0.824475
2025-12-09 02:00:44 INFO     Training average positive_fact_loss at step 18500: 0.175436
2025-12-09 02:00:44 INFO     Training average negative_fact_loss at step 18500: 0.148883
2025-12-09 02:00:44 INFO     Training average positive_rule_loss at step 18500: 0.690026
2025-12-09 02:00:44 INFO     Training average negative_rule_loss at step 18500: 0.574157
2025-12-09 02:00:44 INFO     Training average L_uncertainty at step 18500: 10.370088
2025-12-09 02:00:44 INFO     Training average L_kl at step 18500: 10219.141533
2025-12-09 02:00:44 INFO     Training average L_sigma at step 18500: 150.945620
2025-12-09 02:00:44 INFO     Training average mu_mean at step 18500: -0.226767
2025-12-09 02:00:44 INFO     Training average sigma_mean at step 18500: 0.113632
2025-12-09 02:00:44 INFO     Training average regularization at step 18500: 0.007902
2025-12-09 02:00:44 INFO     Training average loss at step 18500: 0.822893
2025-12-09 02:01:58 INFO     Training average positive_fact_loss at step 18600: 0.174350
2025-12-09 02:01:58 INFO     Training average negative_fact_loss at step 18600: 0.150334
2025-12-09 02:01:58 INFO     Training average positive_rule_loss at step 18600: 0.690184
2025-12-09 02:01:58 INFO     Training average negative_rule_loss at step 18600: 0.574236
2025-12-09 02:01:58 INFO     Training average L_uncertainty at step 18600: 10.356628
2025-12-09 02:01:58 INFO     Training average L_kl at step 18600: 10205.972813
2025-12-09 02:01:58 INFO     Training average L_sigma at step 18600: 150.654336
2025-12-09 02:01:58 INFO     Training average mu_mean at step 18600: -0.227383
2025-12-09 02:01:58 INFO     Training average sigma_mean at step 18600: 0.113624
2025-12-09 02:01:58 INFO     Training average regularization at step 18600: 0.007851
2025-12-09 02:01:58 INFO     Training average loss at step 18600: 0.823117
2025-12-09 02:02:59 INFO     Training average positive_fact_loss at step 18700: 0.174643
2025-12-09 02:02:59 INFO     Training average negative_fact_loss at step 18700: 0.148118
2025-12-09 02:02:59 INFO     Training average positive_rule_loss at step 18700: 0.689966
2025-12-09 02:02:59 INFO     Training average negative_rule_loss at step 18700: 0.574219
2025-12-09 02:02:59 INFO     Training average L_uncertainty at step 18700: 10.365304
2025-12-09 02:02:59 INFO     Training average L_kl at step 18700: 10214.979277
2025-12-09 02:02:59 INFO     Training average L_sigma at step 18700: 150.323849
2025-12-09 02:02:59 INFO     Training average mu_mean at step 18700: -0.226436
2025-12-09 02:02:59 INFO     Training average sigma_mean at step 18700: 0.113616
2025-12-09 02:02:59 INFO     Training average regularization at step 18700: 0.007894
2025-12-09 02:02:59 INFO     Training average loss at step 18700: 0.822097
2025-12-09 02:04:12 INFO     Training average positive_fact_loss at step 18800: 0.176498
2025-12-09 02:04:12 INFO     Training average negative_fact_loss at step 18800: 0.149500
2025-12-09 02:04:12 INFO     Training average positive_rule_loss at step 18800: 0.690452
2025-12-09 02:04:12 INFO     Training average negative_rule_loss at step 18800: 0.573836
2025-12-09 02:04:12 INFO     Training average L_uncertainty at step 18800: 10.366722
2025-12-09 02:04:12 INFO     Training average L_kl at step 18800: 10216.442988
2025-12-09 02:04:12 INFO     Training average L_sigma at step 18800: 150.278962
2025-12-09 02:04:12 INFO     Training average mu_mean at step 18800: -0.227247
2025-12-09 02:04:12 INFO     Training average sigma_mean at step 18800: 0.113611
2025-12-09 02:04:12 INFO     Training average regularization at step 18800: 0.007875
2025-12-09 02:04:12 INFO     Training average loss at step 18800: 0.823752
2025-12-09 02:05:13 INFO     Training average positive_fact_loss at step 18900: 0.174615
2025-12-09 02:05:13 INFO     Training average negative_fact_loss at step 18900: 0.149401
2025-12-09 02:05:13 INFO     Training average positive_rule_loss at step 18900: 0.690455
2025-12-09 02:05:13 INFO     Training average negative_rule_loss at step 18900: 0.574025
2025-12-09 02:05:13 INFO     Training average L_uncertainty at step 18900: 10.350863
2025-12-09 02:05:13 INFO     Training average L_kl at step 18900: 10199.294521
2025-12-09 02:05:13 INFO     Training average L_sigma at step 18900: 151.567499
2025-12-09 02:05:13 INFO     Training average mu_mean at step 18900: -0.226171
2025-12-09 02:05:13 INFO     Training average sigma_mean at step 18900: 0.113652
2025-12-09 02:05:13 INFO     Training average regularization at step 18900: 0.007877
2025-12-09 02:05:13 INFO     Training average loss at step 18900: 0.822826
2025-12-09 02:06:25 INFO     Training average positive_fact_loss at step 19000: 0.175271
2025-12-09 02:06:25 INFO     Training average negative_fact_loss at step 19000: 0.149482
2025-12-09 02:06:25 INFO     Training average positive_rule_loss at step 19000: 0.689933
2025-12-09 02:06:25 INFO     Training average negative_rule_loss at step 19000: 0.574416
2025-12-09 02:06:25 INFO     Training average L_uncertainty at step 19000: 10.359097
2025-12-09 02:06:25 INFO     Training average L_kl at step 19000: 10205.929414
2025-12-09 02:06:25 INFO     Training average L_sigma at step 19000: 153.167587
2025-12-09 02:06:25 INFO     Training average mu_mean at step 19000: -0.225742
2025-12-09 02:06:25 INFO     Training average sigma_mean at step 19000: 0.113661
2025-12-09 02:06:25 INFO     Training average regularization at step 19000: 0.007864
2025-12-09 02:06:25 INFO     Training average loss at step 19000: 0.823133
2025-12-09 02:06:25 INFO     Evaluating on Valid Dataset...
2025-12-09 02:06:25 INFO     >>>>> RuleE emb: Evaluating on valid
2025-12-09 02:06:42 INFO     Data : 4076
2025-12-09 02:06:42 INFO     Hit1 : 0.795142
2025-12-09 02:06:42 INFO     Hit3 : 0.956820
2025-12-09 02:06:42 INFO     Hit10: 0.989696
2025-12-09 02:06:42 INFO     MR   : 18.181551
2025-12-09 02:06:42 INFO     MRR  : 0.877545
2025-12-09 02:07:46 INFO     Training average positive_fact_loss at step 19100: 0.176716
2025-12-09 02:07:46 INFO     Training average negative_fact_loss at step 19100: 0.151296
2025-12-09 02:07:46 INFO     Training average positive_rule_loss at step 19100: 0.690300
2025-12-09 02:07:46 INFO     Training average negative_rule_loss at step 19100: 0.574139
2025-12-09 02:07:46 INFO     Training average L_uncertainty at step 19100: 10.358771
2025-12-09 02:07:46 INFO     Training average L_kl at step 19100: 10208.284053
2025-12-09 02:07:46 INFO     Training average L_sigma at step 19100: 150.486656
2025-12-09 02:07:46 INFO     Training average mu_mean at step 19100: -0.226401
2025-12-09 02:07:46 INFO     Training average sigma_mean at step 19100: 0.113621
2025-12-09 02:07:46 INFO     Training average regularization at step 19100: 0.007873
2025-12-09 02:07:46 INFO     Training average loss at step 19100: 0.824817
2025-12-09 02:08:58 INFO     Training average positive_fact_loss at step 19200: 0.175326
2025-12-09 02:08:58 INFO     Training average negative_fact_loss at step 19200: 0.149249
2025-12-09 02:08:58 INFO     Training average positive_rule_loss at step 19200: 0.690647
2025-12-09 02:08:58 INFO     Training average negative_rule_loss at step 19200: 0.573875
2025-12-09 02:08:58 INFO     Training average L_uncertainty at step 19200: 10.355791
2025-12-09 02:08:58 INFO     Training average L_kl at step 19200: 10205.368135
2025-12-09 02:08:58 INFO     Training average L_sigma at step 19200: 150.422288
2025-12-09 02:08:58 INFO     Training average mu_mean at step 19200: -0.227699
2025-12-09 02:08:58 INFO     Training average sigma_mean at step 19200: 0.113630
2025-12-09 02:08:58 INFO     Training average regularization at step 19200: 0.007879
2025-12-09 02:08:58 INFO     Training average loss at step 19200: 0.823140
2025-12-09 02:10:00 INFO     Training average positive_fact_loss at step 19300: 0.176990
2025-12-09 02:10:00 INFO     Training average negative_fact_loss at step 19300: 0.151471
2025-12-09 02:10:00 INFO     Training average positive_rule_loss at step 19300: 0.689430
2025-12-09 02:10:00 INFO     Training average negative_rule_loss at step 19300: 0.574854
2025-12-09 02:10:00 INFO     Training average L_uncertainty at step 19300: 10.357685
2025-12-09 02:10:00 INFO     Training average L_kl at step 19300: 10206.938330
2025-12-09 02:10:00 INFO     Training average L_sigma at step 19300: 150.745775
2025-12-09 02:10:00 INFO     Training average mu_mean at step 19300: -0.225433
2025-12-09 02:10:00 INFO     Training average sigma_mean at step 19300: 0.113652
2025-12-09 02:10:00 INFO     Training average regularization at step 19300: 0.007875
2025-12-09 02:10:00 INFO     Training average loss at step 19300: 0.824962
2025-12-09 02:11:12 INFO     Training average positive_fact_loss at step 19400: 0.173106
2025-12-09 02:11:12 INFO     Training average negative_fact_loss at step 19400: 0.147463
2025-12-09 02:11:12 INFO     Training average positive_rule_loss at step 19400: 0.690582
2025-12-09 02:11:12 INFO     Training average negative_rule_loss at step 19400: 0.573956
2025-12-09 02:11:12 INFO     Training average L_uncertainty at step 19400: 10.356249
2025-12-09 02:11:12 INFO     Training average L_kl at step 19400: 10206.217197
2025-12-09 02:11:12 INFO     Training average L_sigma at step 19400: 150.031566
2025-12-09 02:11:12 INFO     Training average mu_mean at step 19400: -0.225123
2025-12-09 02:11:12 INFO     Training average sigma_mean at step 19400: 0.113610
2025-12-09 02:11:12 INFO     Training average regularization at step 19400: 0.007883
2025-12-09 02:11:12 INFO     Training average loss at step 19400: 0.821149
2025-12-09 02:12:14 INFO     Training average positive_fact_loss at step 19500: 0.177058
2025-12-09 02:12:14 INFO     Training average negative_fact_loss at step 19500: 0.149602
2025-12-09 02:12:14 INFO     Training average positive_rule_loss at step 19500: 0.690118
2025-12-09 02:12:14 INFO     Training average negative_rule_loss at step 19500: 0.574530
2025-12-09 02:12:14 INFO     Training average L_uncertainty at step 19500: 10.350831
2025-12-09 02:12:14 INFO     Training average L_kl at step 19500: 10200.773252
2025-12-09 02:12:14 INFO     Training average L_sigma at step 19500: 150.057834
2025-12-09 02:12:14 INFO     Training average mu_mean at step 19500: -0.226979
2025-12-09 02:12:14 INFO     Training average sigma_mean at step 19500: 0.113619
2025-12-09 02:12:14 INFO     Training average regularization at step 19500: 0.007877
2025-12-09 02:12:14 INFO     Training average loss at step 19500: 0.824232
2025-12-09 02:13:27 INFO     Training average positive_fact_loss at step 19600: 0.172920
2025-12-09 02:13:27 INFO     Training average negative_fact_loss at step 19600: 0.149112
2025-12-09 02:13:27 INFO     Training average positive_rule_loss at step 19600: 0.690010
2025-12-09 02:13:27 INFO     Training average negative_rule_loss at step 19600: 0.574293
2025-12-09 02:13:27 INFO     Training average L_uncertainty at step 19600: 10.365398
2025-12-09 02:13:27 INFO     Training average L_kl at step 19600: 10215.169775
2025-12-09 02:13:27 INFO     Training average L_sigma at step 19600: 150.227995
2025-12-09 02:13:27 INFO     Training average mu_mean at step 19600: -0.224051
2025-12-09 02:13:27 INFO     Training average sigma_mean at step 19600: 0.113626
2025-12-09 02:13:27 INFO     Training average regularization at step 19600: 0.007899
2025-12-09 02:13:27 INFO     Training average loss at step 19600: 0.821797
2025-12-09 02:14:40 INFO     Training average positive_fact_loss at step 19700: 0.177038
2025-12-09 02:14:40 INFO     Training average negative_fact_loss at step 19700: 0.150314
2025-12-09 02:14:40 INFO     Training average positive_rule_loss at step 19700: 0.690097
2025-12-09 02:14:40 INFO     Training average negative_rule_loss at step 19700: 0.574175
2025-12-09 02:14:40 INFO     Training average L_uncertainty at step 19700: 10.360195
2025-12-09 02:14:40 INFO     Training average L_kl at step 19700: 10209.848828
2025-12-09 02:14:40 INFO     Training average L_sigma at step 19700: 150.345850
2025-12-09 02:14:40 INFO     Training average mu_mean at step 19700: -0.226907
2025-12-09 02:14:40 INFO     Training average sigma_mean at step 19700: 0.113627
2025-12-09 02:14:40 INFO     Training average regularization at step 19700: 0.007872
2025-12-09 02:14:40 INFO     Training average loss at step 19700: 0.824405
2025-12-09 02:15:41 INFO     Training average positive_fact_loss at step 19800: 0.175139
2025-12-09 02:15:41 INFO     Training average negative_fact_loss at step 19800: 0.149030
2025-12-09 02:15:41 INFO     Training average positive_rule_loss at step 19800: 0.689680
2025-12-09 02:15:41 INFO     Training average negative_rule_loss at step 19800: 0.574463
2025-12-09 02:15:41 INFO     Training average L_uncertainty at step 19800: 10.360554
2025-12-09 02:15:41 INFO     Training average L_kl at step 19800: 10209.975713
2025-12-09 02:15:41 INFO     Training average L_sigma at step 19800: 150.577955
2025-12-09 02:15:41 INFO     Training average mu_mean at step 19800: -0.226879
2025-12-09 02:15:41 INFO     Training average sigma_mean at step 19800: 0.113642
2025-12-09 02:15:41 INFO     Training average regularization at step 19800: 0.007896
2025-12-09 02:15:41 INFO     Training average loss at step 19800: 0.822773
2025-12-09 02:16:55 INFO     Training average positive_fact_loss at step 19900: 0.175191
2025-12-09 02:16:55 INFO     Training average negative_fact_loss at step 19900: 0.150255
2025-12-09 02:16:55 INFO     Training average positive_rule_loss at step 19900: 0.689534
2025-12-09 02:16:55 INFO     Training average negative_rule_loss at step 19900: 0.574453
2025-12-09 02:16:55 INFO     Training average L_uncertainty at step 19900: 10.367047
2025-12-09 02:16:55 INFO     Training average L_kl at step 19900: 10216.576738
2025-12-09 02:16:55 INFO     Training average L_sigma at step 19900: 150.469895
2025-12-09 02:16:55 INFO     Training average mu_mean at step 19900: -0.226067
2025-12-09 02:16:55 INFO     Training average sigma_mean at step 19900: 0.113635
2025-12-09 02:16:55 INFO     Training average regularization at step 19900: 0.007867
2025-12-09 02:16:55 INFO     Training average loss at step 19900: 0.823318
2025-12-09 02:17:56 INFO     Training average positive_fact_loss at step 20000: 0.175505
2025-12-09 02:17:56 INFO     Training average negative_fact_loss at step 20000: 0.148833
2025-12-09 02:17:56 INFO     Training average positive_rule_loss at step 20000: 0.690326
2025-12-09 02:17:56 INFO     Training average negative_rule_loss at step 20000: 0.573956
2025-12-09 02:17:56 INFO     Training average L_uncertainty at step 20000: 10.365065
2025-12-09 02:17:56 INFO     Training average L_kl at step 20000: 10214.908525
2025-12-09 02:17:56 INFO     Training average L_sigma at step 20000: 150.156183
2025-12-09 02:17:56 INFO     Training average mu_mean at step 20000: -0.226151
2025-12-09 02:17:56 INFO     Training average sigma_mean at step 20000: 0.113628
2025-12-09 02:17:56 INFO     Training average regularization at step 20000: 0.007886
2025-12-09 02:17:56 INFO     Training average loss at step 20000: 0.822926
2025-12-09 02:17:56 INFO     Evaluating on Valid Dataset...
2025-12-09 02:17:56 INFO     >>>>> RuleE emb: Evaluating on valid
2025-12-09 02:18:12 INFO     Data : 4076
2025-12-09 02:18:12 INFO     Hit1 : 0.793916
2025-12-09 02:18:12 INFO     Hit3 : 0.954612
2025-12-09 02:18:12 INFO     Hit10: 0.988960
2025-12-09 02:18:12 INFO     MR   : 19.256133
2025-12-09 02:18:12 INFO     MRR  : 0.876329
2025-12-09 02:19:27 INFO     Training average positive_fact_loss at step 20100: 0.174238
2025-12-09 02:19:27 INFO     Training average negative_fact_loss at step 20100: 0.149844
2025-12-09 02:19:27 INFO     Training average positive_rule_loss at step 20100: 0.689905
2025-12-09 02:19:27 INFO     Training average negative_rule_loss at step 20100: 0.574291
2025-12-09 02:19:27 INFO     Training average L_uncertainty at step 20100: 10.365227
2025-12-09 02:19:27 INFO     Training average L_kl at step 20100: 10215.134707
2025-12-09 02:19:27 INFO     Training average L_sigma at step 20100: 150.092193
2025-12-09 02:19:27 INFO     Training average mu_mean at step 20100: -0.226962
2025-12-09 02:19:27 INFO     Training average sigma_mean at step 20100: 0.113633
2025-12-09 02:19:27 INFO     Training average regularization at step 20100: 0.007874
2025-12-09 02:19:27 INFO     Training average loss at step 20100: 0.822744
2025-12-09 02:20:29 INFO     Training average positive_fact_loss at step 20200: 0.176853
2025-12-09 02:20:29 INFO     Training average negative_fact_loss at step 20200: 0.150649
2025-12-09 02:20:29 INFO     Training average positive_rule_loss at step 20200: 0.690290
2025-12-09 02:20:29 INFO     Training average negative_rule_loss at step 20200: 0.574104
2025-12-09 02:20:29 INFO     Training average L_uncertainty at step 20200: 10.351145
2025-12-09 02:20:29 INFO     Training average L_kl at step 20200: 10200.989463
2025-12-09 02:20:29 INFO     Training average L_sigma at step 20200: 150.155333
2025-12-09 02:20:29 INFO     Training average mu_mean at step 20200: -0.227472
2025-12-09 02:20:29 INFO     Training average sigma_mean at step 20200: 0.113628
2025-12-09 02:20:29 INFO     Training average regularization at step 20200: 0.007888
2025-12-09 02:20:29 INFO     Training average loss at step 20200: 0.824538
2025-12-09 02:21:41 INFO     Training average positive_fact_loss at step 20300: 0.173669
2025-12-09 02:21:41 INFO     Training average negative_fact_loss at step 20300: 0.148120
2025-12-09 02:21:41 INFO     Training average positive_rule_loss at step 20300: 0.690794
2025-12-09 02:21:41 INFO     Training average negative_rule_loss at step 20300: 0.573675
2025-12-09 02:21:41 INFO     Training average L_uncertainty at step 20300: 10.355900
2025-12-09 02:21:41 INFO     Training average L_kl at step 20300: 10205.307305
2025-12-09 02:21:41 INFO     Training average L_sigma at step 20300: 150.592036
2025-12-09 02:21:41 INFO     Training average mu_mean at step 20300: -0.226656
2025-12-09 02:21:41 INFO     Training average sigma_mean at step 20300: 0.113643
2025-12-09 02:21:41 INFO     Training average regularization at step 20300: 0.007882
2025-12-09 02:21:41 INFO     Training average loss at step 20300: 0.821723
2025-12-09 02:22:42 INFO     Training average positive_fact_loss at step 20400: 0.178062
2025-12-09 02:22:42 INFO     Training average negative_fact_loss at step 20400: 0.151052
2025-12-09 02:22:42 INFO     Training average positive_rule_loss at step 20400: 0.689412
2025-12-09 02:22:42 INFO     Training average negative_rule_loss at step 20400: 0.574588
2025-12-09 02:22:42 INFO     Training average L_uncertainty at step 20400: 10.365110
2025-12-09 02:22:42 INFO     Training average L_kl at step 20400: 10215.007451
2025-12-09 02:22:42 INFO     Training average L_sigma at step 20400: 150.102333
2025-12-09 02:22:42 INFO     Training average mu_mean at step 20400: -0.225778
2025-12-09 02:22:42 INFO     Training average sigma_mean at step 20400: 0.113625
2025-12-09 02:22:42 INFO     Training average regularization at step 20400: 0.007884
2025-12-09 02:22:42 INFO     Training average loss at step 20400: 0.825171
2025-12-09 02:23:55 INFO     Training average positive_fact_loss at step 20500: 0.172166
2025-12-09 02:23:55 INFO     Training average negative_fact_loss at step 20500: 0.147026
2025-12-09 02:23:55 INFO     Training average positive_rule_loss at step 20500: 0.690642
2025-12-09 02:23:55 INFO     Training average negative_rule_loss at step 20500: 0.574054
2025-12-09 02:23:55 INFO     Training average L_uncertainty at step 20500: 10.348389
2025-12-09 02:23:55 INFO     Training average L_kl at step 20500: 10198.220625
2025-12-09 02:23:55 INFO     Training average L_sigma at step 20500: 150.167835
2025-12-09 02:23:55 INFO     Training average mu_mean at step 20500: -0.226304
2025-12-09 02:23:55 INFO     Training average sigma_mean at step 20500: 0.113636
2025-12-09 02:23:55 INFO     Training average regularization at step 20500: 0.007877
2025-12-09 02:23:55 INFO     Training average loss at step 20500: 0.820518
2025-12-09 02:24:56 INFO     Training average positive_fact_loss at step 20600: 0.175507
2025-12-09 02:24:56 INFO     Training average negative_fact_loss at step 20600: 0.150376
2025-12-09 02:24:56 INFO     Training average positive_rule_loss at step 20600: 0.690014
2025-12-09 02:24:56 INFO     Training average negative_rule_loss at step 20600: 0.574283
2025-12-09 02:24:56 INFO     Training average L_uncertainty at step 20600: 10.360390
2025-12-09 02:24:56 INFO     Training average L_kl at step 20600: 10210.063008
2025-12-09 02:24:56 INFO     Training average L_sigma at step 20600: 150.326334
2025-12-09 02:24:56 INFO     Training average mu_mean at step 20600: -0.226826
2025-12-09 02:24:56 INFO     Training average sigma_mean at step 20600: 0.113641
2025-12-09 02:24:56 INFO     Training average regularization at step 20600: 0.007886
2025-12-09 02:24:56 INFO     Training average loss at step 20600: 0.823696
2025-12-09 02:26:07 INFO     Training average positive_fact_loss at step 20700: 0.171777
2025-12-09 02:26:07 INFO     Training average negative_fact_loss at step 20700: 0.146200
2025-12-09 02:26:07 INFO     Training average positive_rule_loss at step 20700: 0.689984
2025-12-09 02:26:07 INFO     Training average negative_rule_loss at step 20700: 0.574286
2025-12-09 02:26:07 INFO     Training average L_uncertainty at step 20700: 10.356036
2025-12-09 02:26:07 INFO     Training average L_kl at step 20700: 10205.802744
2025-12-09 02:26:07 INFO     Training average L_sigma at step 20700: 150.232336
2025-12-09 02:26:07 INFO     Training average mu_mean at step 20700: -0.225541
2025-12-09 02:26:07 INFO     Training average sigma_mean at step 20700: 0.113639
2025-12-09 02:26:07 INFO     Training average regularization at step 20700: 0.007895
2025-12-09 02:26:07 INFO     Training average loss at step 20700: 0.819731
2025-12-09 02:27:20 INFO     Training average positive_fact_loss at step 20800: 0.176908
2025-12-09 02:27:20 INFO     Training average negative_fact_loss at step 20800: 0.151285
2025-12-09 02:27:20 INFO     Training average positive_rule_loss at step 20800: 0.690036
2025-12-09 02:27:20 INFO     Training average negative_rule_loss at step 20800: 0.574272
2025-12-09 02:27:20 INFO     Training average L_uncertainty at step 20800: 10.361118
2025-12-09 02:27:20 INFO     Training average L_kl at step 20800: 10209.746055
2025-12-09 02:27:20 INFO     Training average L_sigma at step 20800: 151.371253
2025-12-09 02:27:20 INFO     Training average mu_mean at step 20800: -0.225942
2025-12-09 02:27:20 INFO     Training average sigma_mean at step 20800: 0.113637
2025-12-09 02:27:20 INFO     Training average regularization at step 20800: 0.007881
2025-12-09 02:27:20 INFO     Training average loss at step 20800: 0.824853
2025-12-09 02:28:21 INFO     Training average positive_fact_loss at step 20900: 0.174250
2025-12-09 02:28:21 INFO     Training average negative_fact_loss at step 20900: 0.147317
2025-12-09 02:28:21 INFO     Training average positive_rule_loss at step 20900: 0.690101
2025-12-09 02:28:21 INFO     Training average negative_rule_loss at step 20900: 0.574129
2025-12-09 02:28:21 INFO     Training average L_uncertainty at step 20900: 10.363897
2025-12-09 02:28:21 INFO     Training average L_kl at step 20900: 10213.505205
2025-12-09 02:28:21 INFO     Training average L_sigma at step 20900: 150.391234
2025-12-09 02:28:21 INFO     Training average mu_mean at step 20900: -0.226071
2025-12-09 02:28:21 INFO     Training average sigma_mean at step 20900: 0.113644
2025-12-09 02:28:21 INFO     Training average regularization at step 20900: 0.007880
2025-12-09 02:28:21 INFO     Training average loss at step 20900: 0.821506
2025-12-09 02:29:34 INFO     Training average positive_fact_loss at step 21000: 0.172787
2025-12-09 02:29:34 INFO     Training average negative_fact_loss at step 21000: 0.150228
2025-12-09 02:29:34 INFO     Training average positive_rule_loss at step 21000: 0.690010
2025-12-09 02:29:34 INFO     Training average negative_rule_loss at step 21000: 0.574217
2025-12-09 02:29:34 INFO     Training average L_uncertainty at step 21000: 10.358037
2025-12-09 02:29:34 INFO     Training average L_kl at step 21000: 10208.358047
2025-12-09 02:29:34 INFO     Training average L_sigma at step 21000: 149.678686
2025-12-09 02:29:34 INFO     Training average mu_mean at step 21000: -0.228091
2025-12-09 02:29:34 INFO     Training average sigma_mean at step 21000: 0.113612
2025-12-09 02:29:34 INFO     Training average regularization at step 21000: 0.007878
2025-12-09 02:29:34 INFO     Training average loss at step 21000: 0.822215
2025-12-09 02:29:34 INFO     Evaluating on Valid Dataset...
2025-12-09 02:29:34 INFO     >>>>> RuleE emb: Evaluating on valid
2025-12-09 02:29:50 INFO     Data : 4076
2025-12-09 02:29:50 INFO     Hit1 : 0.779931
2025-12-09 02:29:50 INFO     Hit3 : 0.948479
2025-12-09 02:29:50 INFO     Hit10: 0.988224
2025-12-09 02:29:50 INFO     MR   : 18.484789
2025-12-09 02:29:50 INFO     MRR  : 0.865898
2025-12-09 02:30:54 INFO     Training average positive_fact_loss at step 21100: 0.176805
2025-12-09 02:30:54 INFO     Training average negative_fact_loss at step 21100: 0.148744
2025-12-09 02:30:54 INFO     Training average positive_rule_loss at step 21100: 0.689643
2025-12-09 02:30:54 INFO     Training average negative_rule_loss at step 21100: 0.574679
2025-12-09 02:30:54 INFO     Training average L_uncertainty at step 21100: 10.361428
2025-12-09 02:30:54 INFO     Training average L_kl at step 21100: 10211.389941
2025-12-09 02:30:54 INFO     Training average L_sigma at step 21100: 150.037515
2025-12-09 02:30:54 INFO     Training average mu_mean at step 21100: -0.225065
2025-12-09 02:30:54 INFO     Training average sigma_mean at step 21100: 0.113623
2025-12-09 02:30:54 INFO     Training average regularization at step 21100: 0.007884
2025-12-09 02:30:54 INFO     Training average loss at step 21100: 0.823542
2025-12-09 02:32:06 INFO     Training average positive_fact_loss at step 21200: 0.173764
2025-12-09 02:32:06 INFO     Training average negative_fact_loss at step 21200: 0.149776
2025-12-09 02:32:06 INFO     Training average positive_rule_loss at step 21200: 0.690621
2025-12-09 02:32:06 INFO     Training average negative_rule_loss at step 21200: 0.573635
2025-12-09 02:32:06 INFO     Training average L_uncertainty at step 21200: 10.359616
2025-12-09 02:32:06 INFO     Training average L_kl at step 21200: 10209.578936
2025-12-09 02:32:06 INFO     Training average L_sigma at step 21200: 150.036065
2025-12-09 02:32:06 INFO     Training average mu_mean at step 21200: -0.227065
2025-12-09 02:32:06 INFO     Training average sigma_mean at step 21200: 0.113634
2025-12-09 02:32:06 INFO     Training average regularization at step 21200: 0.007869
2025-12-09 02:32:06 INFO     Training average loss at step 21200: 0.822486
2025-12-09 02:33:07 INFO     Training average positive_fact_loss at step 21300: 0.174749
2025-12-09 02:33:07 INFO     Training average negative_fact_loss at step 21300: 0.147931
2025-12-09 02:33:07 INFO     Training average positive_rule_loss at step 21300: 0.689788
2025-12-09 02:33:07 INFO     Training average negative_rule_loss at step 21300: 0.574279
2025-12-09 02:33:07 INFO     Training average L_uncertainty at step 21300: 10.367116
2025-12-09 02:33:07 INFO     Training average L_kl at step 21300: 10217.371797
2025-12-09 02:33:07 INFO     Training average L_sigma at step 21300: 149.743319
2025-12-09 02:33:07 INFO     Training average mu_mean at step 21300: -0.225718
2025-12-09 02:33:07 INFO     Training average sigma_mean at step 21300: 0.113618
2025-12-09 02:33:07 INFO     Training average regularization at step 21300: 0.007872
2025-12-09 02:33:07 INFO     Training average loss at step 21300: 0.821980
2025-12-09 02:34:20 INFO     Training average positive_fact_loss at step 21400: 0.173933
2025-12-09 02:34:20 INFO     Training average negative_fact_loss at step 21400: 0.148887
2025-12-09 02:34:20 INFO     Training average positive_rule_loss at step 21400: 0.690511
2025-12-09 02:34:20 INFO     Training average negative_rule_loss at step 21400: 0.573919
2025-12-09 02:34:20 INFO     Training average L_uncertainty at step 21400: 10.350591
2025-12-09 02:34:20 INFO     Training average L_kl at step 21400: 10200.456924
2025-12-09 02:34:20 INFO     Training average L_sigma at step 21400: 150.133963
2025-12-09 02:34:20 INFO     Training average mu_mean at step 21400: -0.226603
2025-12-09 02:34:20 INFO     Training average sigma_mean at step 21400: 0.113647
2025-12-09 02:34:20 INFO     Training average regularization at step 21400: 0.007886
2025-12-09 02:34:20 INFO     Training average loss at step 21400: 0.822213
2025-12-09 02:35:21 INFO     Training average positive_fact_loss at step 21500: 0.176754
2025-12-09 02:35:21 INFO     Training average negative_fact_loss at step 21500: 0.150083
2025-12-09 02:35:21 INFO     Training average positive_rule_loss at step 21500: 0.689648
2025-12-09 02:35:21 INFO     Training average negative_rule_loss at step 21500: 0.574461
2025-12-09 02:35:21 INFO     Training average L_uncertainty at step 21500: 10.368054
2025-12-09 02:35:21 INFO     Training average L_kl at step 21500: 10218.181211
2025-12-09 02:35:21 INFO     Training average L_sigma at step 21500: 149.872587
2025-12-09 02:35:21 INFO     Training average mu_mean at step 21500: -0.225092
2025-12-09 02:35:21 INFO     Training average sigma_mean at step 21500: 0.113623
2025-12-09 02:35:21 INFO     Training average regularization at step 21500: 0.007881
2025-12-09 02:35:21 INFO     Training average loss at step 21500: 0.824090
2025-12-09 02:36:34 INFO     Training average positive_fact_loss at step 21600: 0.172777
2025-12-09 02:36:34 INFO     Training average negative_fact_loss at step 21600: 0.148738
2025-12-09 02:36:34 INFO     Training average positive_rule_loss at step 21600: 0.690427
2025-12-09 02:36:34 INFO     Training average negative_rule_loss at step 21600: 0.573697
2025-12-09 02:36:34 INFO     Training average L_uncertainty at step 21600: 10.366763
2025-12-09 02:36:34 INFO     Training average L_kl at step 21600: 10217.177109
2025-12-09 02:36:34 INFO     Training average L_sigma at step 21600: 149.585131
2025-12-09 02:36:34 INFO     Training average mu_mean at step 21600: -0.227640
2025-12-09 02:36:34 INFO     Training average sigma_mean at step 21600: 0.113625
2025-12-09 02:36:34 INFO     Training average regularization at step 21600: 0.007900
2025-12-09 02:36:34 INFO     Training average loss at step 21600: 0.821452
2025-12-09 02:37:35 INFO     Training average positive_fact_loss at step 21700: 0.178540
2025-12-09 02:37:35 INFO     Training average negative_fact_loss at step 21700: 0.152254
2025-12-09 02:37:35 INFO     Training average positive_rule_loss at step 21700: 0.690534
2025-12-09 02:37:35 INFO     Training average negative_rule_loss at step 21700: 0.573843
2025-12-09 02:37:35 INFO     Training average L_uncertainty at step 21700: 10.356276
2025-12-09 02:37:35 INFO     Training average L_kl at step 21700: 10206.780176
2025-12-09 02:37:35 INFO     Training average L_sigma at step 21700: 149.495029
2025-12-09 02:37:35 INFO     Training average mu_mean at step 21700: -0.226239
2025-12-09 02:37:35 INFO     Training average sigma_mean at step 21700: 0.113623
2025-12-09 02:37:35 INFO     Training average regularization at step 21700: 0.007899
2025-12-09 02:37:35 INFO     Training average loss at step 21700: 0.826197
2025-12-09 02:38:47 INFO     Training average positive_fact_loss at step 21800: 0.172393
2025-12-09 02:38:47 INFO     Training average negative_fact_loss at step 21800: 0.146877
2025-12-09 02:38:47 INFO     Training average positive_rule_loss at step 21800: 0.689567
2025-12-09 02:38:47 INFO     Training average negative_rule_loss at step 21800: 0.574527
2025-12-09 02:38:47 INFO     Training average L_uncertainty at step 21800: 10.362532
2025-12-09 02:38:47 INFO     Training average L_kl at step 21800: 10212.719512
2025-12-09 02:38:47 INFO     Training average L_sigma at step 21800: 149.812113
2025-12-09 02:38:47 INFO     Training average mu_mean at step 21800: -0.225751
2025-12-09 02:38:47 INFO     Training average sigma_mean at step 21800: 0.113630
2025-12-09 02:38:47 INFO     Training average regularization at step 21800: 0.007891
2025-12-09 02:38:47 INFO     Training average loss at step 21800: 0.820298
2025-12-09 02:39:59 INFO     Training average positive_fact_loss at step 21900: 0.177697
2025-12-09 02:39:59 INFO     Training average negative_fact_loss at step 21900: 0.150287
2025-12-09 02:39:59 INFO     Training average positive_rule_loss at step 21900: 0.690546
2025-12-09 02:39:59 INFO     Training average negative_rule_loss at step 21900: 0.573926
2025-12-09 02:39:59 INFO     Training average L_uncertainty at step 21900: 10.352005
2025-12-09 02:39:59 INFO     Training average L_kl at step 21900: 10202.178730
2025-12-09 02:39:59 INFO     Training average L_sigma at step 21900: 149.825341
2025-12-09 02:39:59 INFO     Training average mu_mean at step 21900: -0.226092
2025-12-09 02:39:59 INFO     Training average sigma_mean at step 21900: 0.113637
2025-12-09 02:39:59 INFO     Training average regularization at step 21900: 0.007887
2025-12-09 02:39:59 INFO     Training average loss at step 21900: 0.824818
2025-12-09 02:41:00 INFO     Training average positive_fact_loss at step 22000: 0.171920
2025-12-09 02:41:00 INFO     Training average negative_fact_loss at step 22000: 0.147916
2025-12-09 02:41:00 INFO     Training average positive_rule_loss at step 22000: 0.689794
2025-12-09 02:41:00 INFO     Training average negative_rule_loss at step 22000: 0.574333
2025-12-09 02:41:00 INFO     Training average L_uncertainty at step 22000: 10.362909
2025-12-09 02:41:00 INFO     Training average L_kl at step 22000: 10213.107676
2025-12-09 02:41:00 INFO     Training average L_sigma at step 22000: 149.800983
2025-12-09 02:41:00 INFO     Training average mu_mean at step 22000: -0.225437
2025-12-09 02:41:00 INFO     Training average sigma_mean at step 22000: 0.113639
2025-12-09 02:41:00 INFO     Training average regularization at step 22000: 0.007888
2025-12-09 02:41:00 INFO     Training average loss at step 22000: 0.820595
2025-12-09 02:41:00 INFO     Evaluating on Valid Dataset...
2025-12-09 02:41:00 INFO     >>>>> RuleE emb: Evaluating on valid
2025-12-09 02:41:17 INFO     Data : 4076
2025-12-09 02:41:17 INFO     Hit1 : 0.796614
2025-12-09 02:41:17 INFO     Hit3 : 0.953876
2025-12-09 02:41:17 INFO     Hit10: 0.989205
2025-12-09 02:41:17 INFO     MR   : 18.942836
2025-12-09 02:41:17 INFO     MRR  : 0.877542
2025-12-09 02:42:32 INFO     Training average positive_fact_loss at step 22100: 0.178366
2025-12-09 02:42:32 INFO     Training average negative_fact_loss at step 22100: 0.149925
2025-12-09 02:42:32 INFO     Training average positive_rule_loss at step 22100: 0.690118
2025-12-09 02:42:32 INFO     Training average negative_rule_loss at step 22100: 0.574048
2025-12-09 02:42:32 INFO     Training average L_uncertainty at step 22100: 10.365210
2025-12-09 02:42:32 INFO     Training average L_kl at step 22100: 10215.611953
2025-12-09 02:42:32 INFO     Training average L_sigma at step 22100: 149.597710
2025-12-09 02:42:32 INFO     Training average mu_mean at step 22100: -0.225532
2025-12-09 02:42:32 INFO     Training average sigma_mean at step 22100: 0.113623
2025-12-09 02:42:32 INFO     Training average regularization at step 22100: 0.007889
2025-12-09 02:42:32 INFO     Training average loss at step 22100: 0.824848
2025-12-09 02:43:35 INFO     Training average positive_fact_loss at step 22200: 0.173749
2025-12-09 02:43:35 INFO     Training average negative_fact_loss at step 22200: 0.147225
2025-12-09 02:43:35 INFO     Training average positive_rule_loss at step 22200: 0.690095
2025-12-09 02:43:35 INFO     Training average negative_rule_loss at step 22200: 0.574142
2025-12-09 02:43:35 INFO     Training average L_uncertainty at step 22200: 10.355602
2025-12-09 02:43:35 INFO     Training average L_kl at step 22200: 10205.580957
2025-12-09 02:43:35 INFO     Training average L_sigma at step 22200: 150.020842
2025-12-09 02:43:35 INFO     Training average mu_mean at step 22200: -0.225028
2025-12-09 02:43:35 INFO     Training average sigma_mean at step 22200: 0.113639
2025-12-09 02:43:35 INFO     Training average regularization at step 22200: 0.007888
2025-12-09 02:43:35 INFO     Training average loss at step 22200: 0.821205
2025-12-09 02:44:48 INFO     Training average positive_fact_loss at step 22300: 0.173605
2025-12-09 02:44:48 INFO     Training average negative_fact_loss at step 22300: 0.149629
2025-12-09 02:44:48 INFO     Training average positive_rule_loss at step 22300: 0.690442
2025-12-09 02:44:48 INFO     Training average negative_rule_loss at step 22300: 0.574026
2025-12-09 02:44:48 INFO     Training average L_uncertainty at step 22300: 10.351494
2025-12-09 02:44:48 INFO     Training average L_kl at step 22300: 10198.379063
2025-12-09 02:44:48 INFO     Training average L_sigma at step 22300: 153.114535
2025-12-09 02:44:48 INFO     Training average mu_mean at step 22300: -0.226175
2025-12-09 02:44:48 INFO     Training average sigma_mean at step 22300: 0.113693
2025-12-09 02:44:48 INFO     Training average regularization at step 22300: 0.007890
2025-12-09 02:44:48 INFO     Training average loss at step 22300: 0.822444
2025-12-09 02:45:48 INFO     Training average positive_fact_loss at step 22400: 0.176740
2025-12-09 02:45:48 INFO     Training average negative_fact_loss at step 22400: 0.148460
2025-12-09 02:45:48 INFO     Training average positive_rule_loss at step 22400: 0.689790
2025-12-09 02:45:48 INFO     Training average negative_rule_loss at step 22400: 0.574392
2025-12-09 02:45:48 INFO     Training average L_uncertainty at step 22400: 10.362577
2025-12-09 02:45:48 INFO     Training average L_kl at step 22400: 10213.187891
2025-12-09 02:45:48 INFO     Training average L_sigma at step 22400: 149.388694
2025-12-09 02:45:48 INFO     Training average mu_mean at step 22400: -0.225651
2025-12-09 02:45:48 INFO     Training average sigma_mean at step 22400: 0.113609
2025-12-09 02:45:48 INFO     Training average regularization at step 22400: 0.007897
2025-12-09 02:45:48 INFO     Training average loss at step 22400: 0.823314
2025-12-09 02:47:01 INFO     Training average positive_fact_loss at step 22500: 0.173000
2025-12-09 02:47:01 INFO     Training average negative_fact_loss at step 22500: 0.147928
2025-12-09 02:47:01 INFO     Training average positive_rule_loss at step 22500: 0.690535
2025-12-09 02:47:01 INFO     Training average negative_rule_loss at step 22500: 0.573795
2025-12-09 02:47:01 INFO     Training average L_uncertainty at step 22500: 10.358880
2025-12-09 02:47:01 INFO     Training average L_kl at step 22500: 10209.331406
2025-12-09 02:47:01 INFO     Training average L_sigma at step 22500: 149.548342
2025-12-09 02:47:01 INFO     Training average mu_mean at step 22500: -0.227396
2025-12-09 02:47:01 INFO     Training average sigma_mean at step 22500: 0.113626
2025-12-09 02:47:01 INFO     Training average regularization at step 22500: 0.007882
2025-12-09 02:47:01 INFO     Training average loss at step 22500: 0.821228
2025-12-09 02:48:02 INFO     Training average positive_fact_loss at step 22600: 0.176874
2025-12-09 02:48:02 INFO     Training average negative_fact_loss at step 22600: 0.150806
2025-12-09 02:48:02 INFO     Training average positive_rule_loss at step 22600: 0.689636
2025-12-09 02:48:02 INFO     Training average negative_rule_loss at step 22600: 0.574373
2025-12-09 02:48:02 INFO     Training average L_uncertainty at step 22600: 10.367040
2025-12-09 02:48:02 INFO     Training average L_kl at step 22600: 10217.354883
2025-12-09 02:48:02 INFO     Training average L_sigma at step 22600: 149.684286
2025-12-09 02:48:02 INFO     Training average mu_mean at step 22600: -0.225829
2025-12-09 02:48:02 INFO     Training average sigma_mean at step 22600: 0.113629
2025-12-09 02:48:02 INFO     Training average regularization at step 22600: 0.007896
2025-12-09 02:48:02 INFO     Training average loss at step 22600: 0.824475
2025-12-09 02:49:14 INFO     Training average positive_fact_loss at step 22700: 0.174074
2025-12-09 02:49:14 INFO     Training average negative_fact_loss at step 22700: 0.149779
2025-12-09 02:49:14 INFO     Training average positive_rule_loss at step 22700: 0.689843
2025-12-09 02:49:14 INFO     Training average negative_rule_loss at step 22700: 0.574242
2025-12-09 02:49:14 INFO     Training average L_uncertainty at step 22700: 10.364206
2025-12-09 02:49:14 INFO     Training average L_kl at step 22700: 10215.108223
2025-12-09 02:49:14 INFO     Training average L_sigma at step 22700: 149.097297
2025-12-09 02:49:14 INFO     Training average mu_mean at step 22700: -0.225511
2025-12-09 02:49:14 INFO     Training average sigma_mean at step 22700: 0.113612
2025-12-09 02:49:14 INFO     Training average regularization at step 22700: 0.007916
2025-12-09 02:49:14 INFO     Training average loss at step 22700: 0.822613
2025-12-09 02:50:16 INFO     Training average positive_fact_loss at step 22800: 0.177829
2025-12-09 02:50:16 INFO     Training average negative_fact_loss at step 22800: 0.151247
2025-12-09 02:50:16 INFO     Training average positive_rule_loss at step 22800: 0.689945
2025-12-09 02:50:16 INFO     Training average negative_rule_loss at step 22800: 0.574259
2025-12-09 02:50:16 INFO     Training average L_uncertainty at step 22800: 10.363871
2025-12-09 02:50:16 INFO     Training average L_kl at step 22800: 10214.549336
2025-12-09 02:50:16 INFO     Training average L_sigma at step 22800: 149.321236
2025-12-09 02:50:16 INFO     Training average mu_mean at step 22800: -0.225300
2025-12-09 02:50:16 INFO     Training average sigma_mean at step 22800: 0.113616
2025-12-09 02:50:16 INFO     Training average regularization at step 22800: 0.007890
2025-12-09 02:50:16 INFO     Training average loss at step 22800: 0.825257
2025-12-09 02:51:28 INFO     Training average positive_fact_loss at step 22900: 0.172035
2025-12-09 02:51:28 INFO     Training average negative_fact_loss at step 22900: 0.145325
2025-12-09 02:51:28 INFO     Training average positive_rule_loss at step 22900: 0.690217
2025-12-09 02:51:28 INFO     Training average negative_rule_loss at step 22900: 0.573917
2025-12-09 02:51:28 INFO     Training average L_uncertainty at step 22900: 10.358403
2025-12-09 02:51:28 INFO     Training average L_kl at step 22900: 10208.896514
2025-12-09 02:51:28 INFO     Training average L_sigma at step 22900: 149.506111
2025-12-09 02:51:28 INFO     Training average mu_mean at step 22900: -0.227865
2025-12-09 02:51:28 INFO     Training average sigma_mean at step 22900: 0.113630
2025-12-09 02:51:28 INFO     Training average regularization at step 22900: 0.007904
2025-12-09 02:51:28 INFO     Training average loss at step 22900: 0.819368
2025-12-09 02:52:34 INFO     Training average positive_fact_loss at step 23000: 0.177630
2025-12-09 02:52:34 INFO     Training average negative_fact_loss at step 23000: 0.151301
2025-12-09 02:52:34 INFO     Training average positive_rule_loss at step 23000: 0.690147
2025-12-09 02:52:34 INFO     Training average negative_rule_loss at step 23000: 0.574202
2025-12-09 02:52:34 INFO     Training average L_uncertainty at step 23000: 10.358556
2025-12-09 02:52:34 INFO     Training average L_kl at step 23000: 10209.534180
2025-12-09 02:52:34 INFO     Training average L_sigma at step 23000: 149.020888
2025-12-09 02:52:34 INFO     Training average mu_mean at step 23000: -0.225655
2025-12-09 02:52:34 INFO     Training average sigma_mean at step 23000: 0.113617
2025-12-09 02:52:34 INFO     Training average regularization at step 23000: 0.007884
2025-12-09 02:52:34 INFO     Training average loss at step 23000: 0.825241
2025-12-09 02:52:34 INFO     Evaluating on Valid Dataset...
2025-12-09 02:52:34 INFO     >>>>> RuleE emb: Evaluating on valid
2025-12-09 02:52:52 INFO     Data : 4076
2025-12-09 02:52:52 INFO     Hit1 : 0.770608
2025-12-09 02:52:52 INFO     Hit3 : 0.947498
2025-12-09 02:52:52 INFO     Hit10: 0.988469
2025-12-09 02:52:52 INFO     MR   : 18.367272
2025-12-09 02:52:52 INFO     MRR  : 0.861339
2025-12-09 02:53:59 INFO     Training average positive_fact_loss at step 23100: 0.173968
2025-12-09 02:53:59 INFO     Training average negative_fact_loss at step 23100: 0.147406
2025-12-09 02:53:59 INFO     Training average positive_rule_loss at step 23100: 0.689536
2025-12-09 02:53:59 INFO     Training average negative_rule_loss at step 23100: 0.574493
2025-12-09 02:53:59 INFO     Training average L_uncertainty at step 23100: 10.368199
2025-12-09 02:53:59 INFO     Training average L_kl at step 23100: 10219.030293
2025-12-09 02:53:59 INFO     Training average L_sigma at step 23100: 149.168174
2025-12-09 02:53:59 INFO     Training average mu_mean at step 23100: -0.225726
2025-12-09 02:53:59 INFO     Training average sigma_mean at step 23100: 0.113620
2025-12-09 02:53:59 INFO     Training average regularization at step 23100: 0.007901
2025-12-09 02:53:59 INFO     Training average loss at step 23100: 0.821339
2025-12-09 02:55:12 INFO     Training average positive_fact_loss at step 23200: 0.175160
2025-12-09 02:55:12 INFO     Training average negative_fact_loss at step 23200: 0.149658
2025-12-09 02:55:12 INFO     Training average positive_rule_loss at step 23200: 0.690307
2025-12-09 02:55:12 INFO     Training average negative_rule_loss at step 23200: 0.573886
2025-12-09 02:55:12 INFO     Training average L_uncertainty at step 23200: 10.357167
2025-12-09 02:55:12 INFO     Training average L_kl at step 23200: 10207.480420
2025-12-09 02:55:12 INFO     Training average L_sigma at step 23200: 149.685645
2025-12-09 02:55:12 INFO     Training average mu_mean at step 23200: -0.225285
2025-12-09 02:55:12 INFO     Training average sigma_mean at step 23200: 0.113652
2025-12-09 02:55:12 INFO     Training average regularization at step 23200: 0.007877
2025-12-09 02:55:12 INFO     Training average loss at step 23200: 0.823097
2025-12-09 02:56:13 INFO     Training average positive_fact_loss at step 23300: 0.173973
2025-12-09 02:56:13 INFO     Training average negative_fact_loss at step 23300: 0.146988
2025-12-09 02:56:13 INFO     Training average positive_rule_loss at step 23300: 0.690585
2025-12-09 02:56:13 INFO     Training average negative_rule_loss at step 23300: 0.573799
2025-12-09 02:56:13 INFO     Training average L_uncertainty at step 23300: 10.349844
2025-12-09 02:56:13 INFO     Training average L_kl at step 23300: 10200.531270
2025-12-09 02:56:13 INFO     Training average L_sigma at step 23300: 149.312560
2025-12-09 02:56:13 INFO     Training average mu_mean at step 23300: -0.227972
2025-12-09 02:56:13 INFO     Training average sigma_mean at step 23300: 0.113625
2025-12-09 02:56:13 INFO     Training average regularization at step 23300: 0.007900
2025-12-09 02:56:13 INFO     Training average loss at step 23300: 0.821272
2025-12-09 02:57:25 INFO     Training average positive_fact_loss at step 23400: 0.173176
2025-12-09 02:57:25 INFO     Training average negative_fact_loss at step 23400: 0.148202
2025-12-09 02:57:25 INFO     Training average positive_rule_loss at step 23400: 0.690047
2025-12-09 02:57:25 INFO     Training average negative_rule_loss at step 23400: 0.574047
2025-12-09 02:57:25 INFO     Training average L_uncertainty at step 23400: 10.368773
2025-12-09 02:57:25 INFO     Training average L_kl at step 23400: 10219.634912
2025-12-09 02:57:25 INFO     Training average L_sigma at step 23400: 149.137382
2025-12-09 02:57:25 INFO     Training average mu_mean at step 23400: -0.224338
2025-12-09 02:57:25 INFO     Training average sigma_mean at step 23400: 0.113625
2025-12-09 02:57:25 INFO     Training average regularization at step 23400: 0.007888
2025-12-09 02:57:25 INFO     Training average loss at step 23400: 0.821362
2025-12-09 02:58:28 INFO     Training average positive_fact_loss at step 23500: 0.175154
2025-12-09 02:58:28 INFO     Training average negative_fact_loss at step 23500: 0.149231
2025-12-09 02:58:28 INFO     Training average positive_rule_loss at step 23500: 0.689080
2025-12-09 02:58:28 INFO     Training average negative_rule_loss at step 23500: 0.575011
2025-12-09 02:58:28 INFO     Training average L_uncertainty at step 23500: 10.358629
2025-12-09 02:58:28 INFO     Training average L_kl at step 23500: 10209.417256
2025-12-09 02:58:28 INFO     Training average L_sigma at step 23500: 149.210786
2025-12-09 02:58:28 INFO     Training average mu_mean at step 23500: -0.225170
2025-12-09 02:58:28 INFO     Training average sigma_mean at step 23500: 0.113623
2025-12-09 02:58:28 INFO     Training average regularization at step 23500: 0.007914
2025-12-09 02:58:28 INFO     Training average loss at step 23500: 0.822870
2025-12-09 02:59:41 INFO     Training average positive_fact_loss at step 23600: 0.173956
2025-12-09 02:59:41 INFO     Training average negative_fact_loss at step 23600: 0.148989
2025-12-09 02:59:41 INFO     Training average positive_rule_loss at step 23600: 0.690680
2025-12-09 02:59:41 INFO     Training average negative_rule_loss at step 23600: 0.573644
2025-12-09 02:59:41 INFO     Training average L_uncertainty at step 23600: 10.356677
2025-12-09 02:59:41 INFO     Training average L_kl at step 23600: 10207.215127
2025-12-09 02:59:41 INFO     Training average L_sigma at step 23600: 149.461232
2025-12-09 02:59:41 INFO     Training average mu_mean at step 23600: -0.226675
2025-12-09 02:59:41 INFO     Training average sigma_mean at step 23600: 0.113637
2025-12-09 02:59:41 INFO     Training average regularization at step 23600: 0.007870
2025-12-09 02:59:41 INFO     Training average loss at step 23600: 0.822218
2025-12-09 03:00:42 INFO     Training average positive_fact_loss at step 23700: 0.179576
2025-12-09 03:00:42 INFO     Training average negative_fact_loss at step 23700: 0.150505
2025-12-09 03:00:42 INFO     Training average positive_rule_loss at step 23700: 0.690232
2025-12-09 03:00:42 INFO     Training average negative_rule_loss at step 23700: 0.574046
2025-12-09 03:00:42 INFO     Training average L_uncertainty at step 23700: 10.357863
2025-12-09 03:00:42 INFO     Training average L_kl at step 23700: 10208.542041
2025-12-09 03:00:42 INFO     Training average L_sigma at step 23700: 149.320882
2025-12-09 03:00:42 INFO     Training average mu_mean at step 23700: -0.226475
2025-12-09 03:00:42 INFO     Training average sigma_mean at step 23700: 0.113629
2025-12-09 03:00:42 INFO     Training average regularization at step 23700: 0.007903
2025-12-09 03:00:42 INFO     Training average loss at step 23700: 0.825798
2025-12-09 03:01:55 INFO     Training average positive_fact_loss at step 23800: 0.173388
2025-12-09 03:01:55 INFO     Training average negative_fact_loss at step 23800: 0.148291
2025-12-09 03:01:55 INFO     Training average positive_rule_loss at step 23800: 0.690211
2025-12-09 03:01:55 INFO     Training average negative_rule_loss at step 23800: 0.574183
2025-12-09 03:01:55 INFO     Training average L_uncertainty at step 23800: 10.356561
2025-12-09 03:01:55 INFO     Training average L_kl at step 23800: 10207.039248
2025-12-09 03:01:55 INFO     Training average L_sigma at step 23800: 149.521079
2025-12-09 03:01:55 INFO     Training average mu_mean at step 23800: -0.225154
2025-12-09 03:01:55 INFO     Training average sigma_mean at step 23800: 0.113635
2025-12-09 03:01:55 INFO     Training average regularization at step 23800: 0.007873
2025-12-09 03:01:55 INFO     Training average loss at step 23800: 0.821622
2025-12-09 03:02:58 INFO     Training average positive_fact_loss at step 23900: 0.177607
2025-12-09 03:02:58 INFO     Training average negative_fact_loss at step 23900: 0.150347
2025-12-09 03:02:58 INFO     Training average positive_rule_loss at step 23900: 0.689907
2025-12-09 03:02:58 INFO     Training average negative_rule_loss at step 23900: 0.574271
2025-12-09 03:02:58 INFO     Training average L_uncertainty at step 23900: 10.360299
2025-12-09 03:02:58 INFO     Training average L_kl at step 23900: 10211.249336
2025-12-09 03:02:58 INFO     Training average L_sigma at step 23900: 149.049517
2025-12-09 03:02:58 INFO     Training average mu_mean at step 23900: -0.225195
2025-12-09 03:02:58 INFO     Training average sigma_mean at step 23900: 0.113619
2025-12-09 03:02:58 INFO     Training average regularization at step 23900: 0.007902
2025-12-09 03:02:58 INFO     Training average loss at step 23900: 0.824689
2025-12-09 03:04:10 INFO     Training average positive_fact_loss at step 24000: 0.172726
2025-12-09 03:04:10 INFO     Training average negative_fact_loss at step 24000: 0.148018
2025-12-09 03:04:10 INFO     Training average positive_rule_loss at step 24000: 0.689846
2025-12-09 03:04:10 INFO     Training average negative_rule_loss at step 24000: 0.574291
2025-12-09 03:04:10 INFO     Training average L_uncertainty at step 24000: 10.360499
2025-12-09 03:04:10 INFO     Training average L_kl at step 24000: 10211.301328
2025-12-09 03:04:10 INFO     Training average L_sigma at step 24000: 149.197499
2025-12-09 03:04:10 INFO     Training average mu_mean at step 24000: -0.226245
2025-12-09 03:04:10 INFO     Training average sigma_mean at step 24000: 0.113632
2025-12-09 03:04:10 INFO     Training average regularization at step 24000: 0.007891
2025-12-09 03:04:10 INFO     Training average loss at step 24000: 0.821053
2025-12-09 03:04:10 INFO     Evaluating on Valid Dataset...
2025-12-09 03:04:10 INFO     >>>>> RuleE emb: Evaluating on valid
2025-12-09 03:04:28 INFO     Data : 4076
2025-12-09 03:04:28 INFO     Hit1 : 0.787782
2025-12-09 03:04:28 INFO     Hit3 : 0.951423
2025-12-09 03:04:28 INFO     Hit10: 0.989205
2025-12-09 03:04:28 INFO     MR   : 18.624877
2025-12-09 03:04:28 INFO     MRR  : 0.872075
2025-12-09 03:05:31 INFO     Training average positive_fact_loss at step 24100: 0.177278
2025-12-09 03:05:31 INFO     Training average negative_fact_loss at step 24100: 0.150574
2025-12-09 03:05:31 INFO     Training average positive_rule_loss at step 24100: 0.689800
2025-12-09 03:05:31 INFO     Training average negative_rule_loss at step 24100: 0.574213
2025-12-09 03:05:31 INFO     Training average L_uncertainty at step 24100: 10.363429
2025-12-09 03:05:31 INFO     Training average L_kl at step 24100: 10213.776777
2025-12-09 03:05:31 INFO     Training average L_sigma at step 24100: 149.651880
2025-12-09 03:05:31 INFO     Training average mu_mean at step 24100: -0.226152
2025-12-09 03:05:31 INFO     Training average sigma_mean at step 24100: 0.113648
2025-12-09 03:05:31 INFO     Training average regularization at step 24100: 0.007894
2025-12-09 03:05:31 INFO     Training average loss at step 24100: 0.824554
2025-12-09 03:06:43 INFO     Training average positive_fact_loss at step 24200: 0.172183
2025-12-09 03:06:43 INFO     Training average negative_fact_loss at step 24200: 0.146960
2025-12-09 03:06:43 INFO     Training average positive_rule_loss at step 24200: 0.690777
2025-12-09 03:06:43 INFO     Training average negative_rule_loss at step 24200: 0.573869
2025-12-09 03:06:43 INFO     Training average L_uncertainty at step 24200: 10.344092
2025-12-09 03:06:43 INFO     Training average L_kl at step 24200: 10195.119170
2025-12-09 03:06:43 INFO     Training average L_sigma at step 24200: 148.972701
2025-12-09 03:06:43 INFO     Training average mu_mean at step 24200: -0.226733
2025-12-09 03:06:43 INFO     Training average sigma_mean at step 24200: 0.113636
2025-12-09 03:06:43 INFO     Training average regularization at step 24200: 0.007891
2025-12-09 03:06:43 INFO     Training average loss at step 24200: 0.820474
2025-12-09 03:07:55 INFO     Training average positive_fact_loss at step 24300: 0.175357
2025-12-09 03:07:55 INFO     Training average negative_fact_loss at step 24300: 0.151132
2025-12-09 03:07:55 INFO     Training average positive_rule_loss at step 24300: 0.689655
2025-12-09 03:07:55 INFO     Training average negative_rule_loss at step 24300: 0.574587
2025-12-09 03:07:55 INFO     Training average L_uncertainty at step 24300: 10.360001
2025-12-09 03:07:55 INFO     Training average L_kl at step 24300: 10211.452354
2025-12-09 03:07:55 INFO     Training average L_sigma at step 24300: 148.548540
2025-12-09 03:07:55 INFO     Training average mu_mean at step 24300: -0.225299
2025-12-09 03:07:55 INFO     Training average sigma_mean at step 24300: 0.113604
2025-12-09 03:07:55 INFO     Training average regularization at step 24300: 0.007905
2025-12-09 03:07:55 INFO     Training average loss at step 24300: 0.823991
2025-12-09 03:08:57 INFO     Training average positive_fact_loss at step 24400: 0.174165
2025-12-09 03:08:57 INFO     Training average negative_fact_loss at step 24400: 0.147809
2025-12-09 03:08:57 INFO     Training average positive_rule_loss at step 24400: 0.690052
2025-12-09 03:08:57 INFO     Training average negative_rule_loss at step 24400: 0.574182
2025-12-09 03:08:57 INFO     Training average L_uncertainty at step 24400: 10.358935
2025-12-09 03:08:57 INFO     Training average L_kl at step 24400: 10209.784424
2025-12-09 03:08:57 INFO     Training average L_sigma at step 24400: 149.150556
2025-12-09 03:08:57 INFO     Training average mu_mean at step 24400: -0.224434
2025-12-09 03:08:57 INFO     Training average sigma_mean at step 24400: 0.113636
2025-12-09 03:08:57 INFO     Training average regularization at step 24400: 0.007910
2025-12-09 03:08:57 INFO     Training average loss at step 24400: 0.821731
2025-12-09 03:10:10 INFO     Training average positive_fact_loss at step 24500: 0.176387
2025-12-09 03:10:10 INFO     Training average negative_fact_loss at step 24500: 0.149137
2025-12-09 03:10:10 INFO     Training average positive_rule_loss at step 24500: 0.689697
2025-12-09 03:10:10 INFO     Training average negative_rule_loss at step 24500: 0.574470
2025-12-09 03:10:10 INFO     Training average L_uncertainty at step 24500: 10.362198
2025-12-09 03:10:10 INFO     Training average L_kl at step 24500: 10213.706309
2025-12-09 03:10:10 INFO     Training average L_sigma at step 24500: 148.490822
2025-12-09 03:10:10 INFO     Training average mu_mean at step 24500: -0.224514
2025-12-09 03:10:10 INFO     Training average sigma_mean at step 24500: 0.113607
2025-12-09 03:10:10 INFO     Training average regularization at step 24500: 0.007882
2025-12-09 03:10:10 INFO     Training average loss at step 24500: 0.823451
2025-12-09 03:11:11 INFO     Training average positive_fact_loss at step 24600: 0.176001
2025-12-09 03:11:11 INFO     Training average negative_fact_loss at step 24600: 0.150609
2025-12-09 03:11:11 INFO     Training average positive_rule_loss at step 24600: 0.690046
2025-12-09 03:11:11 INFO     Training average negative_rule_loss at step 24600: 0.574098
2025-12-09 03:11:11 INFO     Training average L_uncertainty at step 24600: 10.360623
2025-12-09 03:11:11 INFO     Training average L_kl at step 24600: 10211.398564
2025-12-09 03:11:11 INFO     Training average L_sigma at step 24600: 149.223674
2025-12-09 03:11:11 INFO     Training average mu_mean at step 24600: -0.226333
2025-12-09 03:11:11 INFO     Training average sigma_mean at step 24600: 0.113640
2025-12-09 03:11:11 INFO     Training average regularization at step 24600: 0.007895
2025-12-09 03:11:11 INFO     Training average loss at step 24600: 0.823993
2025-12-09 03:12:23 INFO     Training average positive_fact_loss at step 24700: 0.174476
2025-12-09 03:12:23 INFO     Training average negative_fact_loss at step 24700: 0.148009
2025-12-09 03:12:23 INFO     Training average positive_rule_loss at step 24700: 0.690160
2025-12-09 03:12:23 INFO     Training average negative_rule_loss at step 24700: 0.574027
2025-12-09 03:12:23 INFO     Training average L_uncertainty at step 24700: 10.360661
2025-12-09 03:12:23 INFO     Training average L_kl at step 24700: 10211.987100
2025-12-09 03:12:23 INFO     Training average L_sigma at step 24700: 148.673485
2025-12-09 03:12:23 INFO     Training average mu_mean at step 24700: -0.226122
2025-12-09 03:12:23 INFO     Training average sigma_mean at step 24700: 0.113613
2025-12-09 03:12:23 INFO     Training average regularization at step 24700: 0.007898
2025-12-09 03:12:23 INFO     Training average loss at step 24700: 0.821955
2025-12-09 03:13:24 INFO     Training average positive_fact_loss at step 24800: 0.176561
2025-12-09 03:13:24 INFO     Training average negative_fact_loss at step 24800: 0.149946
2025-12-09 03:13:24 INFO     Training average positive_rule_loss at step 24800: 0.690378
2025-12-09 03:13:24 INFO     Training average negative_rule_loss at step 24800: 0.573868
2025-12-09 03:13:24 INFO     Training average L_uncertainty at step 24800: 10.352488
2025-12-09 03:13:24 INFO     Training average L_kl at step 24800: 10203.135322
2025-12-09 03:13:24 INFO     Training average L_sigma at step 24800: 149.352636
2025-12-09 03:13:24 INFO     Training average mu_mean at step 24800: -0.226131
2025-12-09 03:13:24 INFO     Training average sigma_mean at step 24800: 0.113656
2025-12-09 03:13:24 INFO     Training average regularization at step 24800: 0.007899
2025-12-09 03:13:24 INFO     Training average loss at step 24800: 0.823981
2025-12-09 03:14:36 INFO     Training average positive_fact_loss at step 24900: 0.174081
2025-12-09 03:14:36 INFO     Training average negative_fact_loss at step 24900: 0.148665
2025-12-09 03:14:36 INFO     Training average positive_rule_loss at step 24900: 0.690165
2025-12-09 03:14:36 INFO     Training average negative_rule_loss at step 24900: 0.574075
2025-12-09 03:14:36 INFO     Training average L_uncertainty at step 24900: 10.354371
2025-12-09 03:14:36 INFO     Training average L_kl at step 24900: 10205.048457
2025-12-09 03:14:36 INFO     Training average L_sigma at step 24900: 149.321607
2025-12-09 03:14:36 INFO     Training average mu_mean at step 24900: -0.225655
2025-12-09 03:14:36 INFO     Training average sigma_mean at step 24900: 0.113651
2025-12-09 03:14:36 INFO     Training average regularization at step 24900: 0.007892
2025-12-09 03:14:36 INFO     Training average loss at step 24900: 0.822093
2025-12-09 03:15:38 INFO     Change learning_rate to 0.000010 at step 25000
2025-12-09 03:15:38 INFO     Training average positive_fact_loss at step 25000: 0.177150
2025-12-09 03:15:38 INFO     Training average negative_fact_loss at step 25000: 0.149899
2025-12-09 03:15:38 INFO     Training average positive_rule_loss at step 25000: 0.689857
2025-12-09 03:15:38 INFO     Training average negative_rule_loss at step 25000: 0.574261
2025-12-09 03:15:38 INFO     Training average L_uncertainty at step 25000: 10.361773
2025-12-09 03:15:38 INFO     Training average L_kl at step 25000: 10212.392402
2025-12-09 03:15:38 INFO     Training average L_sigma at step 25000: 149.379712
2025-12-09 03:15:38 INFO     Training average mu_mean at step 25000: -0.224645
2025-12-09 03:15:38 INFO     Training average sigma_mean at step 25000: 0.113659
2025-12-09 03:15:38 INFO     Training average regularization at step 25000: 0.007893
2025-12-09 03:15:38 INFO     Training average loss at step 25000: 0.824201
2025-12-09 03:15:38 INFO     Evaluating on Valid Dataset...
2025-12-09 03:15:38 INFO     >>>>> RuleE emb: Evaluating on valid
2025-12-09 03:15:56 INFO     Data : 4076
2025-12-09 03:15:56 INFO     Hit1 : 0.777969
2025-12-09 03:15:56 INFO     Hit3 : 0.949706
2025-12-09 03:15:56 INFO     Hit10: 0.988224
2025-12-09 03:15:56 INFO     MR   : 18.595927
2025-12-09 03:15:56 INFO     MRR  : 0.865764
2025-12-09 03:17:09 INFO     Training average positive_fact_loss at step 25100: 0.155774
2025-12-09 03:17:09 INFO     Training average negative_fact_loss at step 25100: 0.149914
2025-12-09 03:17:09 INFO     Training average positive_rule_loss at step 25100: 0.689780
2025-12-09 03:17:09 INFO     Training average negative_rule_loss at step 25100: 0.574189
2025-12-09 03:17:09 INFO     Training average L_uncertainty at step 25100: 10.333579
2025-12-09 03:17:09 INFO     Training average L_kl at step 25100: 10187.856816
2025-12-09 03:17:09 INFO     Training average L_sigma at step 25100: 145.721225
2025-12-09 03:17:09 INFO     Training average mu_mean at step 25100: -0.226763
2025-12-09 03:17:09 INFO     Training average sigma_mean at step 25100: 0.113597
2025-12-09 03:17:09 INFO     Training average regularization at step 25100: 0.007996
2025-12-09 03:17:09 INFO     Training average loss at step 25100: 0.813492
2025-12-09 03:18:10 INFO     Training average positive_fact_loss at step 25200: 0.142588
2025-12-09 03:18:10 INFO     Training average negative_fact_loss at step 25200: 0.144560
2025-12-09 03:18:10 INFO     Training average positive_rule_loss at step 25200: 0.689490
2025-12-09 03:18:10 INFO     Training average negative_rule_loss at step 25200: 0.574188
2025-12-09 03:18:10 INFO     Training average L_uncertainty at step 25200: 10.344930
2025-12-09 03:18:10 INFO     Training average L_kl at step 25200: 10197.539795
2025-12-09 03:18:10 INFO     Training average L_sigma at step 25200: 147.389465
2025-12-09 03:18:10 INFO     Training average mu_mean at step 25200: -0.222358
2025-12-09 03:18:10 INFO     Training average sigma_mean at step 25200: 0.113580
2025-12-09 03:18:10 INFO     Training average regularization at step 25200: 0.008034
2025-12-09 03:18:10 INFO     Training average loss at step 25200: 0.804137
2025-12-09 03:19:22 INFO     Training average positive_fact_loss at step 25300: 0.136345
2025-12-09 03:19:22 INFO     Training average negative_fact_loss at step 25300: 0.143743
2025-12-09 03:19:22 INFO     Training average positive_rule_loss at step 25300: 0.689031
2025-12-09 03:19:22 INFO     Training average negative_rule_loss at step 25300: 0.574462
2025-12-09 03:19:22 INFO     Training average L_uncertainty at step 25300: 10.348095
2025-12-09 03:19:22 INFO     Training average L_kl at step 25300: 10200.451094
2025-12-09 03:19:22 INFO     Training average L_sigma at step 25300: 147.643777
2025-12-09 03:19:22 INFO     Training average mu_mean at step 25300: -0.222679
2025-12-09 03:19:22 INFO     Training average sigma_mean at step 25300: 0.113560
2025-12-09 03:19:22 INFO     Training average regularization at step 25300: 0.008064
2025-12-09 03:19:22 INFO     Training average loss at step 25300: 0.800551
2025-12-09 03:20:34 INFO     Training average positive_fact_loss at step 25400: 0.136356
2025-12-09 03:20:34 INFO     Training average negative_fact_loss at step 25400: 0.138074
2025-12-09 03:20:34 INFO     Training average positive_rule_loss at step 25400: 0.689023
2025-12-09 03:20:34 INFO     Training average negative_rule_loss at step 25400: 0.574315
2025-12-09 03:20:34 INFO     Training average L_uncertainty at step 25400: 10.355207
2025-12-09 03:20:34 INFO     Training average L_kl at step 25400: 10206.885869
2025-12-09 03:20:34 INFO     Training average L_sigma at step 25400: 148.320623
2025-12-09 03:20:34 INFO     Training average mu_mean at step 25400: -0.220930
2025-12-09 03:20:34 INFO     Training average sigma_mean at step 25400: 0.113572
2025-12-09 03:20:34 INFO     Training average regularization at step 25400: 0.008107
2025-12-09 03:20:34 INFO     Training average loss at step 25400: 0.797701
2025-12-09 03:21:36 INFO     Training average positive_fact_loss at step 25500: 0.133916
2025-12-09 03:21:36 INFO     Training average negative_fact_loss at step 25500: 0.135376
2025-12-09 03:21:36 INFO     Training average positive_rule_loss at step 25500: 0.689218
2025-12-09 03:21:36 INFO     Training average negative_rule_loss at step 25500: 0.574306
2025-12-09 03:21:36 INFO     Training average L_uncertainty at step 25500: 10.350441
2025-12-09 03:21:36 INFO     Training average L_kl at step 25500: 10202.375439
2025-12-09 03:21:36 INFO     Training average L_sigma at step 25500: 148.065234
2025-12-09 03:21:36 INFO     Training average mu_mean at step 25500: -0.221505
2025-12-09 03:21:36 INFO     Training average sigma_mean at step 25500: 0.113555
2025-12-09 03:21:36 INFO     Training average regularization at step 25500: 0.008140
2025-12-09 03:21:36 INFO     Training average loss at step 25500: 0.795249
2025-12-09 03:22:48 INFO     Training average positive_fact_loss at step 25600: 0.135288
2025-12-09 03:22:48 INFO     Training average negative_fact_loss at step 25600: 0.135017
2025-12-09 03:22:48 INFO     Training average positive_rule_loss at step 25600: 0.690187
2025-12-09 03:22:48 INFO     Training average negative_rule_loss at step 25600: 0.573598
2025-12-09 03:22:48 INFO     Training average L_uncertainty at step 25600: 10.344418
2025-12-09 03:22:48 INFO     Training average L_kl at step 25600: 10196.062236
2025-12-09 03:22:48 INFO     Training average L_sigma at step 25600: 148.355571
2025-12-09 03:22:48 INFO     Training average mu_mean at step 25600: -0.223276
2025-12-09 03:22:48 INFO     Training average sigma_mean at step 25600: 0.113568
2025-12-09 03:22:48 INFO     Training average regularization at step 25600: 0.008173
2025-12-09 03:22:48 INFO     Training average loss at step 25600: 0.795906
2025-12-09 03:23:50 INFO     Training average positive_fact_loss at step 25700: 0.134810
2025-12-09 03:23:50 INFO     Training average negative_fact_loss at step 25700: 0.133279
2025-12-09 03:23:50 INFO     Training average positive_rule_loss at step 25700: 0.689422
2025-12-09 03:23:50 INFO     Training average negative_rule_loss at step 25700: 0.574162
2025-12-09 03:23:50 INFO     Training average L_uncertainty at step 25700: 10.342976
2025-12-09 03:23:50 INFO     Training average L_kl at step 25700: 10194.507158
2025-12-09 03:23:50 INFO     Training average L_sigma at step 25700: 148.468218
2025-12-09 03:23:50 INFO     Training average mu_mean at step 25700: -0.222576
2025-12-09 03:23:50 INFO     Training average sigma_mean at step 25700: 0.113571
2025-12-09 03:23:50 INFO     Training average regularization at step 25700: 0.008194
2025-12-09 03:23:50 INFO     Training average loss at step 25700: 0.794717
2025-12-09 03:25:02 INFO     Training average positive_fact_loss at step 25800: 0.134283
2025-12-09 03:25:02 INFO     Training average negative_fact_loss at step 25800: 0.131699
2025-12-09 03:25:02 INFO     Training average positive_rule_loss at step 25800: 0.689127
2025-12-09 03:25:02 INFO     Training average negative_rule_loss at step 25800: 0.574330
2025-12-09 03:25:02 INFO     Training average L_uncertainty at step 25800: 10.350632
2025-12-09 03:25:02 INFO     Training average L_kl at step 25800: 10202.083096
2025-12-09 03:25:02 INFO     Training average L_sigma at step 25800: 148.548667
2025-12-09 03:25:02 INFO     Training average mu_mean at step 25800: -0.221014
2025-12-09 03:25:02 INFO     Training average sigma_mean at step 25800: 0.113575
2025-12-09 03:25:02 INFO     Training average regularization at step 25800: 0.008219
2025-12-09 03:25:02 INFO     Training average loss at step 25800: 0.793640
2025-12-09 03:26:04 INFO     Training average positive_fact_loss at step 25900: 0.135366
2025-12-09 03:26:04 INFO     Training average negative_fact_loss at step 25900: 0.128998
2025-12-09 03:26:04 INFO     Training average positive_rule_loss at step 25900: 0.689258
2025-12-09 03:26:04 INFO     Training average negative_rule_loss at step 25900: 0.574286
2025-12-09 03:26:04 INFO     Training average L_uncertainty at step 25900: 10.350423
2025-12-09 03:26:04 INFO     Training average L_kl at step 25900: 10202.228281
2025-12-09 03:26:04 INFO     Training average L_sigma at step 25900: 148.194488
2025-12-09 03:26:04 INFO     Training average mu_mean at step 25900: -0.223000
2025-12-09 03:26:04 INFO     Training average sigma_mean at step 25900: 0.113558
2025-12-09 03:26:04 INFO     Training average regularization at step 25900: 0.008232
2025-12-09 03:26:04 INFO     Training average loss at step 25900: 0.792887
2025-12-09 03:27:18 INFO     Training average positive_fact_loss at step 26000: 0.134660
2025-12-09 03:27:18 INFO     Training average negative_fact_loss at step 26000: 0.129566
2025-12-09 03:27:18 INFO     Training average positive_rule_loss at step 26000: 0.689513
2025-12-09 03:27:18 INFO     Training average negative_rule_loss at step 26000: 0.574289
2025-12-09 03:27:18 INFO     Training average L_uncertainty at step 26000: 10.340353
2025-12-09 03:27:18 INFO     Training average L_kl at step 26000: 10192.190986
2025-12-09 03:27:18 INFO     Training average L_sigma at step 26000: 148.161440
2025-12-09 03:27:18 INFO     Training average mu_mean at step 26000: -0.222304
2025-12-09 03:27:18 INFO     Training average sigma_mean at step 26000: 0.113555
2025-12-09 03:27:18 INFO     Training average regularization at step 26000: 0.008261
2025-12-09 03:27:18 INFO     Training average loss at step 26000: 0.792956
2025-12-09 03:27:18 INFO     Evaluating on Valid Dataset...
2025-12-09 03:27:18 INFO     >>>>> RuleE emb: Evaluating on valid
2025-12-09 03:27:36 INFO     Data : 4076
2025-12-09 03:27:36 INFO     Hit1 : 0.882728
2025-12-09 03:27:36 INFO     Hit3 : 0.974485
2025-12-09 03:27:36 INFO     Hit10: 0.990922
2025-12-09 03:27:36 INFO     MR   : 17.939156
2025-12-09 03:27:36 INFO     MRR  : 0.929135
2025-12-09 03:28:40 INFO     Training average positive_fact_loss at step 26100: 0.135975
2025-12-09 03:28:40 INFO     Training average negative_fact_loss at step 26100: 0.129398
2025-12-09 03:28:40 INFO     Training average positive_rule_loss at step 26100: 0.688414
2025-12-09 03:28:40 INFO     Training average negative_rule_loss at step 26100: 0.574844
2025-12-09 03:28:40 INFO     Training average L_uncertainty at step 26100: 10.353331
2025-12-09 03:28:40 INFO     Training average L_kl at step 26100: 10204.739395
2025-12-09 03:28:40 INFO     Training average L_sigma at step 26100: 148.590714
2025-12-09 03:28:40 INFO     Training average mu_mean at step 26100: -0.221125
2025-12-09 03:28:40 INFO     Training average sigma_mean at step 26100: 0.113577
2025-12-09 03:28:40 INFO     Training average regularization at step 26100: 0.008264
2025-12-09 03:28:40 INFO     Training average loss at step 26100: 0.793286
2025-12-09 03:29:52 INFO     Training average positive_fact_loss at step 26200: 0.135223
2025-12-09 03:29:52 INFO     Training average negative_fact_loss at step 26200: 0.129912
2025-12-09 03:29:52 INFO     Training average positive_rule_loss at step 26200: 0.688484
2025-12-09 03:29:52 INFO     Training average negative_rule_loss at step 26200: 0.574795
2025-12-09 03:29:52 INFO     Training average L_uncertainty at step 26200: 10.357440
2025-12-09 03:29:52 INFO     Training average L_kl at step 26200: 10209.350771
2025-12-09 03:29:52 INFO     Training average L_sigma at step 26200: 148.088307
2025-12-09 03:29:52 INFO     Training average mu_mean at step 26200: -0.220339
2025-12-09 03:29:52 INFO     Training average sigma_mean at step 26200: 0.113556
2025-12-09 03:29:52 INFO     Training average regularization at step 26200: 0.008281
2025-12-09 03:29:52 INFO     Training average loss at step 26200: 0.793203
2025-12-09 03:30:55 INFO     Training average positive_fact_loss at step 26300: 0.136512
2025-12-09 03:30:55 INFO     Training average negative_fact_loss at step 26300: 0.128171
2025-12-09 03:30:55 INFO     Training average positive_rule_loss at step 26300: 0.689975
2025-12-09 03:30:55 INFO     Training average negative_rule_loss at step 26300: 0.573739
2025-12-09 03:30:55 INFO     Training average L_uncertainty at step 26300: 10.353252
2025-12-09 03:30:55 INFO     Training average L_kl at step 26300: 10204.863535
2025-12-09 03:30:55 INFO     Training average L_sigma at step 26300: 148.388003
2025-12-09 03:30:55 INFO     Training average mu_mean at step 26300: -0.221686
2025-12-09 03:30:55 INFO     Training average sigma_mean at step 26300: 0.113570
2025-12-09 03:30:55 INFO     Training average regularization at step 26300: 0.008293
2025-12-09 03:30:55 INFO     Training average loss at step 26300: 0.793197
2025-12-09 03:32:08 INFO     Training average positive_fact_loss at step 26400: 0.134872
2025-12-09 03:32:08 INFO     Training average negative_fact_loss at step 26400: 0.127475
2025-12-09 03:32:08 INFO     Training average positive_rule_loss at step 26400: 0.689373
2025-12-09 03:32:08 INFO     Training average negative_rule_loss at step 26400: 0.574255
2025-12-09 03:32:08 INFO     Training average L_uncertainty at step 26400: 10.345469
2025-12-09 03:32:08 INFO     Training average L_kl at step 26400: 10197.262734
2025-12-09 03:32:08 INFO     Training average L_sigma at step 26400: 148.205658
2025-12-09 03:32:08 INFO     Training average mu_mean at step 26400: -0.221914
2025-12-09 03:32:08 INFO     Training average sigma_mean at step 26400: 0.113563
2025-12-09 03:32:08 INFO     Training average regularization at step 26400: 0.008298
2025-12-09 03:32:08 INFO     Training average loss at step 26400: 0.791977
2025-12-09 03:33:20 INFO     Training average positive_fact_loss at step 26500: 0.137031
2025-12-09 03:33:20 INFO     Training average negative_fact_loss at step 26500: 0.125643
2025-12-09 03:33:20 INFO     Training average positive_rule_loss at step 26500: 0.689152
2025-12-09 03:33:20 INFO     Training average negative_rule_loss at step 26500: 0.574513
2025-12-09 03:33:20 INFO     Training average L_uncertainty at step 26500: 10.345381
2025-12-09 03:33:20 INFO     Training average L_kl at step 26500: 10197.277324
2025-12-09 03:33:20 INFO     Training average L_sigma at step 26500: 148.103182
2025-12-09 03:33:20 INFO     Training average mu_mean at step 26500: -0.221621
2025-12-09 03:33:20 INFO     Training average sigma_mean at step 26500: 0.113558
2025-12-09 03:33:20 INFO     Training average regularization at step 26500: 0.008309
2025-12-09 03:33:20 INFO     Training average loss at step 26500: 0.792170
2025-12-09 03:34:21 INFO     Training average positive_fact_loss at step 26600: 0.134327
2025-12-09 03:34:21 INFO     Training average negative_fact_loss at step 26600: 0.125121
2025-12-09 03:34:21 INFO     Training average positive_rule_loss at step 26600: 0.689608
2025-12-09 03:34:21 INFO     Training average negative_rule_loss at step 26600: 0.573920
2025-12-09 03:34:21 INFO     Training average L_uncertainty at step 26600: 10.348095
2025-12-09 03:34:21 INFO     Training average L_kl at step 26600: 10200.048857
2025-12-09 03:34:21 INFO     Training average L_sigma at step 26600: 148.045599
2025-12-09 03:34:21 INFO     Training average mu_mean at step 26600: -0.222327
2025-12-09 03:34:21 INFO     Training average sigma_mean at step 26600: 0.113555
2025-12-09 03:34:21 INFO     Training average regularization at step 26600: 0.008315
2025-12-09 03:34:21 INFO     Training average loss at step 26600: 0.790500
2025-12-09 03:35:33 INFO     Training average positive_fact_loss at step 26700: 0.136428
2025-12-09 03:35:33 INFO     Training average negative_fact_loss at step 26700: 0.127484
2025-12-09 03:35:33 INFO     Training average positive_rule_loss at step 26700: 0.689003
2025-12-09 03:35:33 INFO     Training average negative_rule_loss at step 26700: 0.574583
2025-12-09 03:35:33 INFO     Training average L_uncertainty at step 26700: 10.349163
2025-12-09 03:35:33 INFO     Training average L_kl at step 26700: 10201.183779
2025-12-09 03:35:33 INFO     Training average L_sigma at step 26700: 147.979056
2025-12-09 03:35:33 INFO     Training average mu_mean at step 26700: -0.221544
2025-12-09 03:35:33 INFO     Training average sigma_mean at step 26700: 0.113558
2025-12-09 03:35:33 INFO     Training average regularization at step 26700: 0.008322
2025-12-09 03:35:33 INFO     Training average loss at step 26700: 0.792769
2025-12-09 03:36:36 INFO     Training average positive_fact_loss at step 26800: 0.136013
2025-12-09 03:36:36 INFO     Training average negative_fact_loss at step 26800: 0.126129
2025-12-09 03:36:36 INFO     Training average positive_rule_loss at step 26800: 0.688529
2025-12-09 03:36:36 INFO     Training average negative_rule_loss at step 26800: 0.574742
2025-12-09 03:36:36 INFO     Training average L_uncertainty at step 26800: 10.354843
2025-12-09 03:36:36 INFO     Training average L_kl at step 26800: 10206.575879
2025-12-09 03:36:36 INFO     Training average L_sigma at step 26800: 148.266826
2025-12-09 03:36:36 INFO     Training average mu_mean at step 26800: -0.220909
2025-12-09 03:36:36 INFO     Training average sigma_mean at step 26800: 0.113568
2025-12-09 03:36:36 INFO     Training average regularization at step 26800: 0.008331
2025-12-09 03:36:36 INFO     Training average loss at step 26800: 0.791746
2025-12-09 03:37:49 INFO     Training average positive_fact_loss at step 26900: 0.136552
2025-12-09 03:37:49 INFO     Training average negative_fact_loss at step 26900: 0.125721
2025-12-09 03:37:49 INFO     Training average positive_rule_loss at step 26900: 0.689542
2025-12-09 03:37:49 INFO     Training average negative_rule_loss at step 26900: 0.573964
2025-12-09 03:37:49 INFO     Training average L_uncertainty at step 26900: 10.357239
2025-12-09 03:37:49 INFO     Training average L_kl at step 26900: 10208.975947
2025-12-09 03:37:49 INFO     Training average L_sigma at step 26900: 148.262883
2025-12-09 03:37:49 INFO     Training average mu_mean at step 26900: -0.221782
2025-12-09 03:37:49 INFO     Training average sigma_mean at step 26900: 0.113568
2025-12-09 03:37:49 INFO     Training average regularization at step 26900: 0.008332
2025-12-09 03:37:49 INFO     Training average loss at step 26900: 0.791936
2025-12-09 03:38:50 INFO     Training average positive_fact_loss at step 27000: 0.136863
2025-12-09 03:38:50 INFO     Training average negative_fact_loss at step 27000: 0.123366
2025-12-09 03:38:50 INFO     Training average positive_rule_loss at step 27000: 0.688974
2025-12-09 03:38:50 INFO     Training average negative_rule_loss at step 27000: 0.574542
2025-12-09 03:38:50 INFO     Training average L_uncertainty at step 27000: 10.352102
2025-12-09 03:38:50 INFO     Training average L_kl at step 27000: 10204.534238
2025-12-09 03:38:50 INFO     Training average L_sigma at step 27000: 147.567473
2025-12-09 03:38:50 INFO     Training average mu_mean at step 27000: -0.221560
2025-12-09 03:38:50 INFO     Training average sigma_mean at step 27000: 0.113537
2025-12-09 03:38:50 INFO     Training average regularization at step 27000: 0.008337
2025-12-09 03:38:50 INFO     Training average loss at step 27000: 0.790913
2025-12-09 03:38:50 INFO     Evaluating on Valid Dataset...
2025-12-09 03:38:50 INFO     >>>>> RuleE emb: Evaluating on valid
2025-12-09 03:39:07 INFO     Data : 4076
2025-12-09 03:39:07 INFO     Hit1 : 0.880520
2025-12-09 03:39:07 INFO     Hit3 : 0.973994
2025-12-09 03:39:07 INFO     Hit10: 0.990922
2025-12-09 03:39:07 INFO     MR   : 17.691364
2025-12-09 03:39:07 INFO     MRR  : 0.928071
2025-12-09 03:40:23 INFO     Training average positive_fact_loss at step 27100: 0.135192
2025-12-09 03:40:23 INFO     Training average negative_fact_loss at step 27100: 0.122743
2025-12-09 03:40:23 INFO     Training average positive_rule_loss at step 27100: 0.689822
2025-12-09 03:40:23 INFO     Training average negative_rule_loss at step 27100: 0.573933
2025-12-09 03:40:23 INFO     Training average L_uncertainty at step 27100: 10.342256
2025-12-09 03:40:23 INFO     Training average L_kl at step 27100: 10193.911016
2025-12-09 03:40:23 INFO     Training average L_sigma at step 27100: 148.344662
2025-12-09 03:40:23 INFO     Training average mu_mean at step 27100: -0.223709
2025-12-09 03:40:23 INFO     Training average sigma_mean at step 27100: 0.113575
2025-12-09 03:40:23 INFO     Training average regularization at step 27100: 0.008335
2025-12-09 03:40:23 INFO     Training average loss at step 27100: 0.789865
2025-12-09 03:41:26 INFO     Training average positive_fact_loss at step 27200: 0.136284
2025-12-09 03:41:26 INFO     Training average negative_fact_loss at step 27200: 0.124576
2025-12-09 03:41:26 INFO     Training average positive_rule_loss at step 27200: 0.688833
2025-12-09 03:41:26 INFO     Training average negative_rule_loss at step 27200: 0.574504
2025-12-09 03:41:26 INFO     Training average L_uncertainty at step 27200: 10.354590
2025-12-09 03:41:26 INFO     Training average L_kl at step 27200: 10206.804482
2025-12-09 03:41:26 INFO     Training average L_sigma at step 27200: 147.785050
2025-12-09 03:41:26 INFO     Training average mu_mean at step 27200: -0.221352
2025-12-09 03:41:26 INFO     Training average sigma_mean at step 27200: 0.113552
2025-12-09 03:41:26 INFO     Training average regularization at step 27200: 0.008351
2025-12-09 03:41:26 INFO     Training average loss at step 27200: 0.791159
2025-12-09 03:42:38 INFO     Training average positive_fact_loss at step 27300: 0.135961
2025-12-09 03:42:38 INFO     Training average negative_fact_loss at step 27300: 0.125160
2025-12-09 03:42:38 INFO     Training average positive_rule_loss at step 27300: 0.689037
2025-12-09 03:42:38 INFO     Training average negative_rule_loss at step 27300: 0.574303
2025-12-09 03:42:38 INFO     Training average L_uncertainty at step 27300: 10.356092
2025-12-09 03:42:38 INFO     Training average L_kl at step 27300: 10208.300547
2025-12-09 03:42:38 INFO     Training average L_sigma at step 27300: 147.790790
2025-12-09 03:42:38 INFO     Training average mu_mean at step 27300: -0.221710
2025-12-09 03:42:38 INFO     Training average sigma_mean at step 27300: 0.113555
2025-12-09 03:42:38 INFO     Training average regularization at step 27300: 0.008332
2025-12-09 03:42:38 INFO     Training average loss at step 27300: 0.791275
2025-12-09 03:43:40 INFO     Training average positive_fact_loss at step 27400: 0.136799
2025-12-09 03:43:40 INFO     Training average negative_fact_loss at step 27400: 0.125869
2025-12-09 03:43:40 INFO     Training average positive_rule_loss at step 27400: 0.688832
2025-12-09 03:43:40 INFO     Training average negative_rule_loss at step 27400: 0.574453
2025-12-09 03:43:40 INFO     Training average L_uncertainty at step 27400: 10.355524
2025-12-09 03:43:40 INFO     Training average L_kl at step 27400: 10207.333750
2025-12-09 03:43:40 INFO     Training average L_sigma at step 27400: 148.189439
2025-12-09 03:43:40 INFO     Training average mu_mean at step 27400: -0.221200
2025-12-09 03:43:40 INFO     Training average sigma_mean at step 27400: 0.113577
2025-12-09 03:43:40 INFO     Training average regularization at step 27400: 0.008354
2025-12-09 03:43:40 INFO     Training average loss at step 27400: 0.792042
2025-12-09 03:44:54 INFO     Training average positive_fact_loss at step 27500: 0.135974
2025-12-09 03:44:54 INFO     Training average negative_fact_loss at step 27500: 0.124480
2025-12-09 03:44:54 INFO     Training average positive_rule_loss at step 27500: 0.689940
2025-12-09 03:44:54 INFO     Training average negative_rule_loss at step 27500: 0.573610
2025-12-09 03:44:54 INFO     Training average L_uncertainty at step 27500: 10.353210
2025-12-09 03:44:54 INFO     Training average L_kl at step 27500: 10204.902695
2025-12-09 03:44:54 INFO     Training average L_sigma at step 27500: 148.306411
2025-12-09 03:44:54 INFO     Training average mu_mean at step 27500: -0.221904
2025-12-09 03:44:54 INFO     Training average sigma_mean at step 27500: 0.113583
2025-12-09 03:44:54 INFO     Training average regularization at step 27500: 0.008349
2025-12-09 03:44:54 INFO     Training average loss at step 27500: 0.791058
2025-12-09 03:46:00 INFO     Training average positive_fact_loss at step 27600: 0.137566
2025-12-09 03:46:00 INFO     Training average negative_fact_loss at step 27600: 0.124548
2025-12-09 03:46:00 INFO     Training average positive_rule_loss at step 27600: 0.688990
2025-12-09 03:46:00 INFO     Training average negative_rule_loss at step 27600: 0.574370
2025-12-09 03:46:00 INFO     Training average L_uncertainty at step 27600: 10.350579
2025-12-09 03:46:00 INFO     Training average L_kl at step 27600: 10202.802168
2025-12-09 03:46:00 INFO     Training average L_sigma at step 27600: 147.776126
2025-12-09 03:46:00 INFO     Training average mu_mean at step 27600: -0.223128
2025-12-09 03:46:00 INFO     Training average sigma_mean at step 27600: 0.113560
2025-12-09 03:46:00 INFO     Training average regularization at step 27600: 0.008359
2025-12-09 03:46:00 INFO     Training average loss at step 27600: 0.791797
2025-12-09 03:47:07 INFO     Training average positive_fact_loss at step 27700: 0.136015
2025-12-09 03:47:07 INFO     Training average negative_fact_loss at step 27700: 0.123612
2025-12-09 03:47:07 INFO     Training average positive_rule_loss at step 27700: 0.689168
2025-12-09 03:47:07 INFO     Training average negative_rule_loss at step 27700: 0.574267
2025-12-09 03:47:07 INFO     Training average L_uncertainty at step 27700: 10.354677
2025-12-09 03:47:07 INFO     Training average L_kl at step 27700: 10206.740859
2025-12-09 03:47:07 INFO     Training average L_sigma at step 27700: 147.935716
2025-12-09 03:47:07 INFO     Training average mu_mean at step 27700: -0.221132
2025-12-09 03:47:07 INFO     Training average sigma_mean at step 27700: 0.113572
2025-12-09 03:47:07 INFO     Training average regularization at step 27700: 0.008353
2025-12-09 03:47:07 INFO     Training average loss at step 27700: 0.790593
2025-12-09 03:48:21 INFO     Training average positive_fact_loss at step 27800: 0.136966
2025-12-09 03:48:21 INFO     Training average negative_fact_loss at step 27800: 0.123459
2025-12-09 03:48:21 INFO     Training average positive_rule_loss at step 27800: 0.688653
2025-12-09 03:48:21 INFO     Training average negative_rule_loss at step 27800: 0.574538
2025-12-09 03:48:21 INFO     Training average L_uncertainty at step 27800: 10.361782
2025-12-09 03:48:21 INFO     Training average L_kl at step 27800: 10214.272881
2025-12-09 03:48:21 INFO     Training average L_sigma at step 27800: 147.508828
2025-12-09 03:48:21 INFO     Training average mu_mean at step 27800: -0.221423
2025-12-09 03:48:21 INFO     Training average sigma_mean at step 27800: 0.113548
2025-12-09 03:48:21 INFO     Training average regularization at step 27800: 0.008361
2025-12-09 03:48:21 INFO     Training average loss at step 27800: 0.790893
2025-12-09 03:49:24 INFO     Training average positive_fact_loss at step 27900: 0.136143
2025-12-09 03:49:24 INFO     Training average negative_fact_loss at step 27900: 0.123057
2025-12-09 03:49:24 INFO     Training average positive_rule_loss at step 27900: 0.689425
2025-12-09 03:49:24 INFO     Training average negative_rule_loss at step 27900: 0.573995
2025-12-09 03:49:24 INFO     Training average L_uncertainty at step 27900: 10.352006
2025-12-09 03:49:24 INFO     Training average L_kl at step 27900: 10204.004619
2025-12-09 03:49:24 INFO     Training average L_sigma at step 27900: 148.001376
2025-12-09 03:49:24 INFO     Training average mu_mean at step 27900: -0.221691
2025-12-09 03:49:24 INFO     Training average sigma_mean at step 27900: 0.113569
2025-12-09 03:49:24 INFO     Training average regularization at step 27900: 0.008359
2025-12-09 03:49:24 INFO     Training average loss at step 27900: 0.790374
2025-12-09 03:50:37 INFO     Training average positive_fact_loss at step 28000: 0.137104
2025-12-09 03:50:37 INFO     Training average negative_fact_loss at step 28000: 0.123277
2025-12-09 03:50:37 INFO     Training average positive_rule_loss at step 28000: 0.688973
2025-12-09 03:50:37 INFO     Training average negative_rule_loss at step 28000: 0.574441
2025-12-09 03:50:37 INFO     Training average L_uncertainty at step 28000: 10.353393
2025-12-09 03:50:37 INFO     Training average L_kl at step 28000: 10205.381514
2025-12-09 03:50:37 INFO     Training average L_sigma at step 28000: 148.010689
2025-12-09 03:50:37 INFO     Training average mu_mean at step 28000: -0.221946
2025-12-09 03:50:37 INFO     Training average sigma_mean at step 28000: 0.113571
2025-12-09 03:50:37 INFO     Training average regularization at step 28000: 0.008359
2025-12-09 03:50:37 INFO     Training average loss at step 28000: 0.790963
2025-12-09 03:50:37 INFO     Evaluating on Valid Dataset...
2025-12-09 03:50:37 INFO     >>>>> RuleE emb: Evaluating on valid
2025-12-09 03:50:55 INFO     Data : 4076
2025-12-09 03:50:55 INFO     Hit1 : 0.882728
2025-12-09 03:50:55 INFO     Hit3 : 0.974485
2025-12-09 03:50:55 INFO     Hit10: 0.990432
2025-12-09 03:50:55 INFO     MR   : 17.676644
2025-12-09 03:50:55 INFO     MRR  : 0.929114
2025-12-09 03:51:56 INFO     Training average positive_fact_loss at step 28100: 0.136399
2025-12-09 03:51:56 INFO     Training average negative_fact_loss at step 28100: 0.121843
2025-12-09 03:51:56 INFO     Training average positive_rule_loss at step 28100: 0.689643
2025-12-09 03:51:56 INFO     Training average negative_rule_loss at step 28100: 0.573825
2025-12-09 03:51:56 INFO     Training average L_uncertainty at step 28100: 10.356912
2025-12-09 03:51:56 INFO     Training average L_kl at step 28100: 10209.151904
2025-12-09 03:51:56 INFO     Training average L_sigma at step 28100: 147.759118
2025-12-09 03:51:56 INFO     Training average mu_mean at step 28100: -0.221794
2025-12-09 03:51:56 INFO     Training average sigma_mean at step 28100: 0.113561
2025-12-09 03:51:56 INFO     Training average regularization at step 28100: 0.008360
2025-12-09 03:51:56 INFO     Training average loss at step 28100: 0.789930
2025-12-09 03:53:09 INFO     Training average positive_fact_loss at step 28200: 0.135433
2025-12-09 03:53:09 INFO     Training average negative_fact_loss at step 28200: 0.123516
2025-12-09 03:53:09 INFO     Training average positive_rule_loss at step 28200: 0.689023
2025-12-09 03:53:09 INFO     Training average negative_rule_loss at step 28200: 0.574453
2025-12-09 03:53:09 INFO     Training average L_uncertainty at step 28200: 10.348094
2025-12-09 03:53:09 INFO     Training average L_kl at step 28200: 10200.361045
2025-12-09 03:53:09 INFO     Training average L_sigma at step 28200: 147.732758
2025-12-09 03:53:09 INFO     Training average mu_mean at step 28200: -0.223347
2025-12-09 03:53:09 INFO     Training average sigma_mean at step 28200: 0.113567
2025-12-09 03:53:09 INFO     Training average regularization at step 28200: 0.008355
2025-12-09 03:53:09 INFO     Training average loss at step 28200: 0.790265
2025-12-09 03:54:11 INFO     Training average positive_fact_loss at step 28300: 0.137360
2025-12-09 03:54:11 INFO     Training average negative_fact_loss at step 28300: 0.122906
2025-12-09 03:54:11 INFO     Training average positive_rule_loss at step 28300: 0.689171
2025-12-09 03:54:11 INFO     Training average negative_rule_loss at step 28300: 0.574212
2025-12-09 03:54:11 INFO     Training average L_uncertainty at step 28300: 10.355951
2025-12-09 03:54:11 INFO     Training average L_kl at step 28300: 10208.535625
2025-12-09 03:54:11 INFO     Training average L_sigma at step 28300: 147.414589
2025-12-09 03:54:11 INFO     Training average mu_mean at step 28300: -0.221295
2025-12-09 03:54:11 INFO     Training average sigma_mean at step 28300: 0.113546
2025-12-09 03:54:11 INFO     Training average regularization at step 28300: 0.008363
2025-12-09 03:54:11 INFO     Training average loss at step 28300: 0.790899
2025-12-09 03:55:23 INFO     Training average positive_fact_loss at step 28400: 0.135337
2025-12-09 03:55:23 INFO     Training average negative_fact_loss at step 28400: 0.120498
2025-12-09 03:55:23 INFO     Training average positive_rule_loss at step 28400: 0.689131
2025-12-09 03:55:23 INFO     Training average negative_rule_loss at step 28400: 0.574245
2025-12-09 03:55:23 INFO     Training average L_uncertainty at step 28400: 10.354929
2025-12-09 03:55:23 INFO     Training average L_kl at step 28400: 10207.066152
2025-12-09 03:55:23 INFO     Training average L_sigma at step 28400: 147.862779
2025-12-09 03:55:23 INFO     Training average mu_mean at step 28400: -0.222192
2025-12-09 03:55:23 INFO     Training average sigma_mean at step 28400: 0.113573
2025-12-09 03:55:23 INFO     Training average regularization at step 28400: 0.008352
2025-12-09 03:55:23 INFO     Training average loss at step 28400: 0.788667
2025-12-09 03:56:24 INFO     Training average positive_fact_loss at step 28500: 0.137442
2025-12-09 03:56:24 INFO     Training average negative_fact_loss at step 28500: 0.123045
2025-12-09 03:56:24 INFO     Training average positive_rule_loss at step 28500: 0.689887
2025-12-09 03:56:24 INFO     Training average negative_rule_loss at step 28500: 0.573751
2025-12-09 03:56:24 INFO     Training average L_uncertainty at step 28500: 10.349776
2025-12-09 03:56:24 INFO     Training average L_kl at step 28500: 10202.191230
2025-12-09 03:56:24 INFO     Training average L_sigma at step 28500: 147.584776
2025-12-09 03:56:24 INFO     Training average mu_mean at step 28500: -0.222955
2025-12-09 03:56:24 INFO     Training average sigma_mean at step 28500: 0.113559
2025-12-09 03:56:24 INFO     Training average regularization at step 28500: 0.008347
2025-12-09 03:56:24 INFO     Training average loss at step 28500: 0.791110
2025-12-09 03:57:36 INFO     Training average positive_fact_loss at step 28600: 0.134788
2025-12-09 03:57:36 INFO     Training average negative_fact_loss at step 28600: 0.122491
2025-12-09 03:57:36 INFO     Training average positive_rule_loss at step 28600: 0.688771
2025-12-09 03:57:36 INFO     Training average negative_rule_loss at step 28600: 0.574576
2025-12-09 03:57:36 INFO     Training average L_uncertainty at step 28600: 10.350952
2025-12-09 03:57:36 INFO     Training average L_kl at step 28600: 10203.173086
2025-12-09 03:57:36 INFO     Training average L_sigma at step 28600: 147.778258
2025-12-09 03:57:36 INFO     Training average mu_mean at step 28600: -0.222046
2025-12-09 03:57:36 INFO     Training average sigma_mean at step 28600: 0.113572
2025-12-09 03:57:36 INFO     Training average regularization at step 28600: 0.008354
2025-12-09 03:57:36 INFO     Training average loss at step 28600: 0.789369
2025-12-09 03:58:39 INFO     Training average positive_fact_loss at step 28700: 0.137458
2025-12-09 03:58:39 INFO     Training average negative_fact_loss at step 28700: 0.121384
2025-12-09 03:58:39 INFO     Training average positive_rule_loss at step 28700: 0.689119
2025-12-09 03:58:39 INFO     Training average negative_rule_loss at step 28700: 0.574366
2025-12-09 03:58:39 INFO     Training average L_uncertainty at step 28700: 10.348709
2025-12-09 03:58:39 INFO     Training average L_kl at step 28700: 10201.084238
2025-12-09 03:58:39 INFO     Training average L_sigma at step 28700: 147.624270
2025-12-09 03:58:39 INFO     Training average mu_mean at step 28700: -0.221775
2025-12-09 03:58:39 INFO     Training average sigma_mean at step 28700: 0.113565
2025-12-09 03:58:39 INFO     Training average regularization at step 28700: 0.008357
2025-12-09 03:58:39 INFO     Training average loss at step 28700: 0.790218
2025-12-09 03:59:51 INFO     Training average positive_fact_loss at step 28800: 0.134633
2025-12-09 03:59:51 INFO     Training average negative_fact_loss at step 28800: 0.121768
2025-12-09 03:59:51 INFO     Training average positive_rule_loss at step 28800: 0.689684
2025-12-09 03:59:51 INFO     Training average negative_rule_loss at step 28800: 0.573791
2025-12-09 03:59:51 INFO     Training average L_uncertainty at step 28800: 10.354249
2025-12-09 03:59:51 INFO     Training average L_kl at step 28800: 10206.448857
2025-12-09 03:59:51 INFO     Training average L_sigma at step 28800: 147.800086
2025-12-09 03:59:51 INFO     Training average mu_mean at step 28800: -0.222518
2025-12-09 03:59:51 INFO     Training average sigma_mean at step 28800: 0.113575
2025-12-09 03:59:51 INFO     Training average regularization at step 28800: 0.008351
2025-12-09 03:59:51 INFO     Training average loss at step 28800: 0.788998
2025-12-09 04:01:04 INFO     Training average positive_fact_loss at step 28900: 0.137453
2025-12-09 04:01:04 INFO     Training average negative_fact_loss at step 28900: 0.123915
2025-12-09 04:01:04 INFO     Training average positive_rule_loss at step 28900: 0.689518
2025-12-09 04:01:04 INFO     Training average negative_rule_loss at step 28900: 0.573908
2025-12-09 04:01:04 INFO     Training average L_uncertainty at step 28900: 10.352330
2025-12-09 04:01:04 INFO     Training average L_kl at step 28900: 10204.445498
2025-12-09 04:01:04 INFO     Training average L_sigma at step 28900: 147.883796
2025-12-09 04:01:04 INFO     Training average mu_mean at step 28900: -0.221977
2025-12-09 04:01:04 INFO     Training average sigma_mean at step 28900: 0.113578
2025-12-09 04:01:04 INFO     Training average regularization at step 28900: 0.008348
2025-12-09 04:01:04 INFO     Training average loss at step 28900: 0.791450
2025-12-09 04:02:05 INFO     Training average positive_fact_loss at step 29000: 0.135880
2025-12-09 04:02:05 INFO     Training average negative_fact_loss at step 29000: 0.122251
2025-12-09 04:02:05 INFO     Training average positive_rule_loss at step 29000: 0.689151
2025-12-09 04:02:05 INFO     Training average negative_rule_loss at step 29000: 0.574372
2025-12-09 04:02:05 INFO     Training average L_uncertainty at step 29000: 10.347811
2025-12-09 04:02:05 INFO     Training average L_kl at step 29000: 10200.295352
2025-12-09 04:02:05 INFO     Training average L_sigma at step 29000: 147.515634
2025-12-09 04:02:05 INFO     Training average mu_mean at step 29000: -0.222756
2025-12-09 04:02:05 INFO     Training average sigma_mean at step 29000: 0.113561
2025-12-09 04:02:05 INFO     Training average regularization at step 29000: 0.008346
2025-12-09 04:02:05 INFO     Training average loss at step 29000: 0.789868
2025-12-09 04:02:05 INFO     Evaluating on Valid Dataset...
2025-12-09 04:02:05 INFO     >>>>> RuleE emb: Evaluating on valid
2025-12-09 04:02:23 INFO     Data : 4076
2025-12-09 04:02:23 INFO     Hit1 : 0.887880
2025-12-09 04:02:23 INFO     Hit3 : 0.974485
2025-12-09 04:02:23 INFO     Hit10: 0.991168
2025-12-09 04:02:23 INFO     MR   : 17.555201
2025-12-09 04:02:23 INFO     MRR  : 0.931845
2025-12-09 04:03:40 INFO     Training average positive_fact_loss at step 29100: 0.136034
2025-12-09 04:03:40 INFO     Training average negative_fact_loss at step 29100: 0.121728
2025-12-09 04:03:40 INFO     Training average positive_rule_loss at step 29100: 0.689438
2025-12-09 04:03:40 INFO     Training average negative_rule_loss at step 29100: 0.574130
2025-12-09 04:03:40 INFO     Training average L_uncertainty at step 29100: 10.350357
2025-12-09 04:03:40 INFO     Training average L_kl at step 29100: 10202.757939
2025-12-09 04:03:40 INFO     Training average L_sigma at step 29100: 147.598992
2025-12-09 04:03:40 INFO     Training average mu_mean at step 29100: -0.222036
2025-12-09 04:03:40 INFO     Training average sigma_mean at step 29100: 0.113571
2025-12-09 04:03:40 INFO     Training average regularization at step 29100: 0.008359
2025-12-09 04:03:40 INFO     Training average loss at step 29100: 0.789725
2025-12-09 04:04:42 INFO     Training average positive_fact_loss at step 29200: 0.136875
2025-12-09 04:04:42 INFO     Training average negative_fact_loss at step 29200: 0.122633
2025-12-09 04:04:42 INFO     Training average positive_rule_loss at step 29200: 0.689610
2025-12-09 04:04:42 INFO     Training average negative_rule_loss at step 29200: 0.573950
2025-12-09 04:04:42 INFO     Training average L_uncertainty at step 29200: 10.354810
2025-12-09 04:04:42 INFO     Training average L_kl at step 29200: 10207.316064
2025-12-09 04:04:42 INFO     Training average L_sigma at step 29200: 147.493063
2025-12-09 04:04:42 INFO     Training average mu_mean at step 29200: -0.221161
2025-12-09 04:04:42 INFO     Training average sigma_mean at step 29200: 0.113563
2025-12-09 04:04:42 INFO     Training average regularization at step 29200: 0.008343
2025-12-09 04:04:42 INFO     Training average loss at step 29200: 0.790586
2025-12-09 04:05:55 INFO     Training average positive_fact_loss at step 29300: 0.136112
2025-12-09 04:05:55 INFO     Training average negative_fact_loss at step 29300: 0.121398
2025-12-09 04:05:55 INFO     Training average positive_rule_loss at step 29300: 0.689021
2025-12-09 04:05:55 INFO     Training average negative_rule_loss at step 29300: 0.574290
2025-12-09 04:05:55 INFO     Training average L_uncertainty at step 29300: 10.352230
2025-12-09 04:05:55 INFO     Training average L_kl at step 29300: 10204.901533
2025-12-09 04:05:55 INFO     Training average L_sigma at step 29300: 147.328212
2025-12-09 04:05:55 INFO     Training average mu_mean at step 29300: -0.222811
2025-12-09 04:05:55 INFO     Training average sigma_mean at step 29300: 0.113554
2025-12-09 04:05:55 INFO     Training average regularization at step 29300: 0.008349
2025-12-09 04:05:55 INFO     Training average loss at step 29300: 0.789464
2025-12-09 04:06:57 INFO     Training average positive_fact_loss at step 29400: 0.136033
2025-12-09 04:06:57 INFO     Training average negative_fact_loss at step 29400: 0.122298
2025-12-09 04:06:57 INFO     Training average positive_rule_loss at step 29400: 0.690037
2025-12-09 04:06:57 INFO     Training average negative_rule_loss at step 29400: 0.573821
2025-12-09 04:06:57 INFO     Training average L_uncertainty at step 29400: 10.348855
2025-12-09 04:06:57 INFO     Training average L_kl at step 29400: 10201.271533
2025-12-09 04:06:57 INFO     Training average L_sigma at step 29400: 147.582584
2025-12-09 04:06:57 INFO     Training average mu_mean at step 29400: -0.222127
2025-12-09 04:06:57 INFO     Training average sigma_mean at step 29400: 0.113568
2025-12-09 04:06:57 INFO     Training average regularization at step 29400: 0.008352
2025-12-09 04:06:57 INFO     Training average loss at step 29400: 0.790145
2025-12-09 04:08:08 INFO     Training average positive_fact_loss at step 29500: 0.135974
2025-12-09 04:08:08 INFO     Training average negative_fact_loss at step 29500: 0.123592
2025-12-09 04:08:08 INFO     Training average positive_rule_loss at step 29500: 0.689397
2025-12-09 04:08:08 INFO     Training average negative_rule_loss at step 29500: 0.574270
2025-12-09 04:08:08 INFO     Training average L_uncertainty at step 29500: 10.341558
2025-12-09 04:08:08 INFO     Training average L_kl at step 29500: 10194.131621
2025-12-09 04:08:08 INFO     Training average L_sigma at step 29500: 147.426034
2025-12-09 04:08:08 INFO     Training average mu_mean at step 29500: -0.222467
2025-12-09 04:08:08 INFO     Training average sigma_mean at step 29500: 0.113568
2025-12-09 04:08:08 INFO     Training average regularization at step 29500: 0.008357
2025-12-09 04:08:08 INFO     Training average loss at step 29500: 0.790656
2025-12-09 04:09:10 INFO     Training average positive_fact_loss at step 29600: 0.137370
2025-12-09 04:09:10 INFO     Training average negative_fact_loss at step 29600: 0.121536
2025-12-09 04:09:10 INFO     Training average positive_rule_loss at step 29600: 0.688869
2025-12-09 04:09:10 INFO     Training average negative_rule_loss at step 29600: 0.574462
2025-12-09 04:09:10 INFO     Training average L_uncertainty at step 29600: 10.352189
2025-12-09 04:09:10 INFO     Training average L_kl at step 29600: 10205.080869
2025-12-09 04:09:10 INFO     Training average L_sigma at step 29600: 147.107861
2025-12-09 04:09:10 INFO     Training average mu_mean at step 29600: -0.223007
2025-12-09 04:09:10 INFO     Training average sigma_mean at step 29600: 0.113549
2025-12-09 04:09:10 INFO     Training average regularization at step 29600: 0.008342
2025-12-09 04:09:10 INFO     Training average loss at step 29600: 0.790165
2025-12-09 04:10:23 INFO     Training average positive_fact_loss at step 29700: 0.135714
2025-12-09 04:10:23 INFO     Training average negative_fact_loss at step 29700: 0.121369
2025-12-09 04:10:23 INFO     Training average positive_rule_loss at step 29700: 0.689121
2025-12-09 04:10:23 INFO     Training average negative_rule_loss at step 29700: 0.574304
2025-12-09 04:10:23 INFO     Training average L_uncertainty at step 29700: 10.351934
2025-12-09 04:10:23 INFO     Training average L_kl at step 29700: 10204.402002
2025-12-09 04:10:23 INFO     Training average L_sigma at step 29700: 147.531496
2025-12-09 04:10:23 INFO     Training average mu_mean at step 29700: -0.221926
2025-12-09 04:10:23 INFO     Training average sigma_mean at step 29700: 0.113570
2025-12-09 04:10:23 INFO     Training average regularization at step 29700: 0.008329
2025-12-09 04:10:23 INFO     Training average loss at step 29700: 0.789287
2025-12-09 04:11:26 INFO     Training average positive_fact_loss at step 29800: 0.136717
2025-12-09 04:11:26 INFO     Training average negative_fact_loss at step 29800: 0.122105
2025-12-09 04:11:26 INFO     Training average positive_rule_loss at step 29800: 0.688924
2025-12-09 04:11:26 INFO     Training average negative_rule_loss at step 29800: 0.574477
2025-12-09 04:11:26 INFO     Training average L_uncertainty at step 29800: 10.356322
2025-12-09 04:11:26 INFO     Training average L_kl at step 29800: 10209.072627
2025-12-09 04:11:26 INFO     Training average L_sigma at step 29800: 147.248913
2025-12-09 04:11:26 INFO     Training average mu_mean at step 29800: -0.221360
2025-12-09 04:11:26 INFO     Training average sigma_mean at step 29800: 0.113556
2025-12-09 04:11:26 INFO     Training average regularization at step 29800: 0.008353
2025-12-09 04:11:26 INFO     Training average loss at step 29800: 0.790178
2025-12-09 04:12:39 INFO     Training average positive_fact_loss at step 29900: 0.135090
2025-12-09 04:12:39 INFO     Training average negative_fact_loss at step 29900: 0.120361
2025-12-09 04:12:39 INFO     Training average positive_rule_loss at step 29900: 0.689955
2025-12-09 04:12:39 INFO     Training average negative_rule_loss at step 29900: 0.573818
2025-12-09 04:12:39 INFO     Training average L_uncertainty at step 29900: 10.344131
2025-12-09 04:12:39 INFO     Training average L_kl at step 29900: 10196.622539
2025-12-09 04:12:39 INFO     Training average L_sigma at step 29900: 147.507710
2025-12-09 04:12:39 INFO     Training average mu_mean at step 29900: -0.222539
2025-12-09 04:12:39 INFO     Training average sigma_mean at step 29900: 0.113575
2025-12-09 04:12:39 INFO     Training average regularization at step 29900: 0.008337
2025-12-09 04:12:39 INFO     Training average loss at step 29900: 0.788637
2025-12-09 04:13:51 INFO     Training average positive_fact_loss at step 30000: 0.136283
2025-12-09 04:13:51 INFO     Training average negative_fact_loss at step 30000: 0.121657
2025-12-09 04:13:51 INFO     Training average positive_rule_loss at step 30000: 0.688767
2025-12-09 04:13:51 INFO     Training average negative_rule_loss at step 30000: 0.574533
2025-12-09 04:13:51 INFO     Training average L_uncertainty at step 30000: 10.353370
2025-12-09 04:13:51 INFO     Training average L_kl at step 30000: 10205.801191
2025-12-09 04:13:51 INFO     Training average L_sigma at step 30000: 147.568516
2025-12-09 04:13:51 INFO     Training average mu_mean at step 30000: -0.221556
2025-12-09 04:13:51 INFO     Training average sigma_mean at step 30000: 0.113574
2025-12-09 04:13:51 INFO     Training average regularization at step 30000: 0.008342
2025-12-09 04:13:51 INFO     Training average loss at step 30000: 0.789669
2025-12-09 04:13:51 INFO     Evaluating on Valid Dataset...
2025-12-09 04:13:51 INFO     >>>>> RuleE emb: Evaluating on valid
2025-12-09 04:14:09 INFO     Data : 4076
2025-12-09 04:14:09 INFO     Hit1 : 0.892787
2025-12-09 04:14:09 INFO     Hit3 : 0.974485
2025-12-09 04:14:09 INFO     Hit10: 0.990922
2025-12-09 04:14:09 INFO     MR   : 17.517419
2025-12-09 04:14:09 INFO     MRR  : 0.934656
2025-12-09 04:15:13 INFO     Training average positive_fact_loss at step 30100: 0.135008
2025-12-09 04:15:13 INFO     Training average negative_fact_loss at step 30100: 0.121272
2025-12-09 04:15:13 INFO     Training average positive_rule_loss at step 30100: 0.689722
2025-12-09 04:15:13 INFO     Training average negative_rule_loss at step 30100: 0.573845
2025-12-09 04:15:13 INFO     Training average L_uncertainty at step 30100: 10.351071
2025-12-09 04:15:13 INFO     Training average L_kl at step 30100: 10203.738809
2025-12-09 04:15:13 INFO     Training average L_sigma at step 30100: 147.331748
2025-12-09 04:15:13 INFO     Training average mu_mean at step 30100: -0.221203
2025-12-09 04:15:13 INFO     Training average sigma_mean at step 30100: 0.113565
2025-12-09 04:15:13 INFO     Training average regularization at step 30100: 0.008346
2025-12-09 04:15:13 INFO     Training average loss at step 30100: 0.788971
2025-12-09 04:16:26 INFO     Training average positive_fact_loss at step 30200: 0.136922
2025-12-09 04:16:26 INFO     Training average negative_fact_loss at step 30200: 0.121575
2025-12-09 04:16:26 INFO     Training average positive_rule_loss at step 30200: 0.689648
2025-12-09 04:16:26 INFO     Training average negative_rule_loss at step 30200: 0.573966
2025-12-09 04:16:26 INFO     Training average L_uncertainty at step 30200: 10.352290
2025-12-09 04:16:26 INFO     Training average L_kl at step 30200: 10205.227920
2025-12-09 04:16:26 INFO     Training average L_sigma at step 30200: 147.061204
2025-12-09 04:16:26 INFO     Training average mu_mean at step 30200: -0.222958
2025-12-09 04:16:26 INFO     Training average sigma_mean at step 30200: 0.113552
2025-12-09 04:16:26 INFO     Training average regularization at step 30200: 0.008333
2025-12-09 04:16:26 INFO     Training average loss at step 30200: 0.790093
2025-12-09 04:17:28 INFO     Training average positive_fact_loss at step 30300: 0.136313
2025-12-09 04:17:28 INFO     Training average negative_fact_loss at step 30300: 0.121394
2025-12-09 04:17:28 INFO     Training average positive_rule_loss at step 30300: 0.689015
2025-12-09 04:17:28 INFO     Training average negative_rule_loss at step 30300: 0.574566
2025-12-09 04:17:28 INFO     Training average L_uncertainty at step 30300: 10.344121
2025-12-09 04:17:28 INFO     Training average L_kl at step 30300: 10196.370723
2025-12-09 04:17:28 INFO     Training average L_sigma at step 30300: 147.750197
2025-12-09 04:17:28 INFO     Training average mu_mean at step 30300: -0.221421
2025-12-09 04:17:28 INFO     Training average sigma_mean at step 30300: 0.113585
2025-12-09 04:17:28 INFO     Training average regularization at step 30300: 0.008331
2025-12-09 04:17:28 INFO     Training average loss at step 30300: 0.789663
2025-12-09 04:18:40 INFO     Training average positive_fact_loss at step 30400: 0.135931
2025-12-09 04:18:40 INFO     Training average negative_fact_loss at step 30400: 0.121814
2025-12-09 04:18:40 INFO     Training average positive_rule_loss at step 30400: 0.689058
2025-12-09 04:18:40 INFO     Training average negative_rule_loss at step 30400: 0.574442
2025-12-09 04:18:40 INFO     Training average L_uncertainty at step 30400: 10.348884
2025-12-09 04:18:40 INFO     Training average L_kl at step 30400: 10201.771006
2025-12-09 04:18:40 INFO     Training average L_sigma at step 30400: 147.112387
2025-12-09 04:18:40 INFO     Training average mu_mean at step 30400: -0.221506
2025-12-09 04:18:40 INFO     Training average sigma_mean at step 30400: 0.113557
2025-12-09 04:18:40 INFO     Training average regularization at step 30400: 0.008340
2025-12-09 04:18:40 INFO     Training average loss at step 30400: 0.789660
2025-12-09 04:19:41 INFO     Training average positive_fact_loss at step 30500: 0.136194
2025-12-09 04:19:41 INFO     Training average negative_fact_loss at step 30500: 0.119112
2025-12-09 04:19:41 INFO     Training average positive_rule_loss at step 30500: 0.689258
2025-12-09 04:19:41 INFO     Training average negative_rule_loss at step 30500: 0.574314
2025-12-09 04:19:41 INFO     Training average L_uncertainty at step 30500: 10.347749
2025-12-09 04:19:41 INFO     Training average L_kl at step 30500: 10200.502109
2025-12-09 04:19:41 INFO     Training average L_sigma at step 30500: 147.246359
2025-12-09 04:19:41 INFO     Training average mu_mean at step 30500: -0.222295
2025-12-09 04:19:41 INFO     Training average sigma_mean at step 30500: 0.113560
2025-12-09 04:19:41 INFO     Training average regularization at step 30500: 0.008338
2025-12-09 04:19:41 INFO     Training average loss at step 30500: 0.788473
2025-12-09 04:20:54 INFO     Training average positive_fact_loss at step 30600: 0.134831
2025-12-09 04:20:54 INFO     Training average negative_fact_loss at step 30600: 0.121457
2025-12-09 04:20:54 INFO     Training average positive_rule_loss at step 30600: 0.689382
2025-12-09 04:20:54 INFO     Training average negative_rule_loss at step 30600: 0.574049
2025-12-09 04:20:54 INFO     Training average L_uncertainty at step 30600: 10.349101
2025-12-09 04:20:54 INFO     Training average L_kl at step 30600: 10201.658906
2025-12-09 04:20:54 INFO     Training average L_sigma at step 30600: 147.441871
2025-12-09 04:20:54 INFO     Training average mu_mean at step 30600: -0.222527
2025-12-09 04:20:54 INFO     Training average sigma_mean at step 30600: 0.113571
2025-12-09 04:20:54 INFO     Training average regularization at step 30600: 0.008339
2025-12-09 04:20:54 INFO     Training average loss at step 30600: 0.788896
2025-12-09 04:21:55 INFO     Training average positive_fact_loss at step 30700: 0.136520
2025-12-09 04:21:55 INFO     Training average negative_fact_loss at step 30700: 0.119325
2025-12-09 04:21:55 INFO     Training average positive_rule_loss at step 30700: 0.689282
2025-12-09 04:21:55 INFO     Training average negative_rule_loss at step 30700: 0.574269
2025-12-09 04:21:55 INFO     Training average L_uncertainty at step 30700: 10.352073
2025-12-09 04:21:55 INFO     Training average L_kl at step 30700: 10204.601855
2025-12-09 04:21:55 INFO     Training average L_sigma at step 30700: 147.470447
2025-12-09 04:21:55 INFO     Training average mu_mean at step 30700: -0.221434
2025-12-09 04:21:55 INFO     Training average sigma_mean at step 30700: 0.113575
2025-12-09 04:21:55 INFO     Training average regularization at step 30700: 0.008332
2025-12-09 04:21:55 INFO     Training average loss at step 30700: 0.788734
2025-12-09 04:23:08 INFO     Training average positive_fact_loss at step 30800: 0.134467
2025-12-09 04:23:08 INFO     Training average negative_fact_loss at step 30800: 0.119369
2025-12-09 04:23:08 INFO     Training average positive_rule_loss at step 30800: 0.689384
2025-12-09 04:23:08 INFO     Training average negative_rule_loss at step 30800: 0.574094
2025-12-09 04:23:08 INFO     Training average L_uncertainty at step 30800: 10.352693
2025-12-09 04:23:08 INFO     Training average L_kl at step 30800: 10205.053438
2025-12-09 04:23:08 INFO     Training average L_sigma at step 30800: 147.638816
2025-12-09 04:23:08 INFO     Training average mu_mean at step 30800: -0.222199
2025-12-09 04:23:08 INFO     Training average sigma_mean at step 30800: 0.113588
2025-12-09 04:23:08 INFO     Training average regularization at step 30800: 0.008336
2025-12-09 04:23:08 INFO     Training average loss at step 30800: 0.787698
2025-12-09 04:24:10 INFO     Training average positive_fact_loss at step 30900: 0.137254
2025-12-09 04:24:10 INFO     Training average negative_fact_loss at step 30900: 0.122942
2025-12-09 04:24:10 INFO     Training average positive_rule_loss at step 30900: 0.689058
2025-12-09 04:24:10 INFO     Training average negative_rule_loss at step 30900: 0.574270
2025-12-09 04:24:10 INFO     Training average L_uncertainty at step 30900: 10.354788
2025-12-09 04:24:10 INFO     Training average L_kl at step 30900: 10206.975254
2025-12-09 04:24:10 INFO     Training average L_sigma at step 30900: 147.812341
2025-12-09 04:24:10 INFO     Training average mu_mean at step 30900: -0.220933
2025-12-09 04:24:10 INFO     Training average sigma_mean at step 30900: 0.113593
2025-12-09 04:24:10 INFO     Training average regularization at step 30900: 0.008323
2025-12-09 04:24:10 INFO     Training average loss at step 30900: 0.790795
2025-12-09 04:25:24 INFO     Training average positive_fact_loss at step 31000: 0.134932
2025-12-09 04:25:24 INFO     Training average negative_fact_loss at step 31000: 0.120476
2025-12-09 04:25:24 INFO     Training average positive_rule_loss at step 31000: 0.689268
2025-12-09 04:25:24 INFO     Training average negative_rule_loss at step 31000: 0.574299
2025-12-09 04:25:24 INFO     Training average L_uncertainty at step 31000: 10.347466
2025-12-09 04:25:24 INFO     Training average L_kl at step 31000: 10200.323271
2025-12-09 04:25:24 INFO     Training average L_sigma at step 31000: 147.141854
2025-12-09 04:25:24 INFO     Training average mu_mean at step 31000: -0.221990
2025-12-09 04:25:24 INFO     Training average sigma_mean at step 31000: 0.113561
2025-12-09 04:25:24 INFO     Training average regularization at step 31000: 0.008330
2025-12-09 04:25:24 INFO     Training average loss at step 31000: 0.788512
2025-12-09 04:25:24 INFO     Evaluating on Valid Dataset...
2025-12-09 04:25:24 INFO     >>>>> RuleE emb: Evaluating on valid
2025-12-09 04:25:41 INFO     Data : 4076
2025-12-09 04:25:41 INFO     Hit1 : 0.892296
2025-12-09 04:25:41 INFO     Hit3 : 0.975466
2025-12-09 04:25:41 INFO     Hit10: 0.990922
2025-12-09 04:25:41 INFO     MR   : 17.514720
2025-12-09 04:25:41 INFO     MRR  : 0.934529
2025-12-09 04:26:56 INFO     Training average positive_fact_loss at step 31100: 0.136444
2025-12-09 04:26:56 INFO     Training average negative_fact_loss at step 31100: 0.118523
2025-12-09 04:26:56 INFO     Training average positive_rule_loss at step 31100: 0.688850
2025-12-09 04:26:56 INFO     Training average negative_rule_loss at step 31100: 0.574591
2025-12-09 04:26:56 INFO     Training average L_uncertainty at step 31100: 10.347686
2025-12-09 04:26:56 INFO     Training average L_kl at step 31100: 10199.719346
2025-12-09 04:26:56 INFO     Training average L_sigma at step 31100: 147.966081
2025-12-09 04:26:56 INFO     Training average mu_mean at step 31100: -0.221790
2025-12-09 04:26:56 INFO     Training average sigma_mean at step 31100: 0.113602
2025-12-09 04:26:56 INFO     Training average regularization at step 31100: 0.008328
2025-12-09 04:26:56 INFO     Training average loss at step 31100: 0.788228
2025-12-09 04:27:57 INFO     Training average positive_fact_loss at step 31200: 0.134707
2025-12-09 04:27:57 INFO     Training average negative_fact_loss at step 31200: 0.121914
2025-12-09 04:27:57 INFO     Training average positive_rule_loss at step 31200: 0.688925
2025-12-09 04:27:57 INFO     Training average negative_rule_loss at step 31200: 0.574550
2025-12-09 04:27:57 INFO     Training average L_uncertainty at step 31200: 10.349901
2025-12-09 04:27:57 INFO     Training average L_kl at step 31200: 10202.478662
2025-12-09 04:27:57 INFO     Training average L_sigma at step 31200: 147.421635
2025-12-09 04:27:57 INFO     Training average mu_mean at step 31200: -0.221137
2025-12-09 04:27:57 INFO     Training average sigma_mean at step 31200: 0.113580
2025-12-09 04:27:57 INFO     Training average regularization at step 31200: 0.008327
2025-12-09 04:27:57 INFO     Training average loss at step 31200: 0.789075
2025-12-09 04:29:09 INFO     Training average positive_fact_loss at step 31300: 0.135989
2025-12-09 04:29:09 INFO     Training average negative_fact_loss at step 31300: 0.121304
2025-12-09 04:29:09 INFO     Training average positive_rule_loss at step 31300: 0.689505
2025-12-09 04:29:09 INFO     Training average negative_rule_loss at step 31300: 0.574056
2025-12-09 04:29:09 INFO     Training average L_uncertainty at step 31300: 10.353154
2025-12-09 04:29:09 INFO     Training average L_kl at step 31300: 10205.660752
2025-12-09 04:29:09 INFO     Training average L_sigma at step 31300: 147.492304
2025-12-09 04:29:09 INFO     Training average mu_mean at step 31300: -0.220586
2025-12-09 04:29:09 INFO     Training average sigma_mean at step 31300: 0.113581
2025-12-09 04:29:09 INFO     Training average regularization at step 31300: 0.008326
2025-12-09 04:29:09 INFO     Training average loss at step 31300: 0.789459
2025-12-09 04:30:12 INFO     Training average positive_fact_loss at step 31400: 0.135372
2025-12-09 04:30:12 INFO     Training average negative_fact_loss at step 31400: 0.119611
2025-12-09 04:30:12 INFO     Training average positive_rule_loss at step 31400: 0.688580
2025-12-09 04:30:12 INFO     Training average negative_rule_loss at step 31400: 0.574730
2025-12-09 04:30:12 INFO     Training average L_uncertainty at step 31400: 10.350443
2025-12-09 04:30:12 INFO     Training average L_kl at step 31400: 10203.072520
2025-12-09 04:30:12 INFO     Training average L_sigma at step 31400: 147.369715
2025-12-09 04:30:12 INFO     Training average mu_mean at step 31400: -0.222613
2025-12-09 04:30:12 INFO     Training average sigma_mean at step 31400: 0.113574
2025-12-09 04:30:12 INFO     Training average regularization at step 31400: 0.008325
2025-12-09 04:30:12 INFO     Training average loss at step 31400: 0.788172
2025-12-09 04:31:26 INFO     Training average positive_fact_loss at step 31500: 0.135707
2025-12-09 04:31:26 INFO     Training average negative_fact_loss at step 31500: 0.121536
2025-12-09 04:31:26 INFO     Training average positive_rule_loss at step 31500: 0.689099
2025-12-09 04:31:26 INFO     Training average negative_rule_loss at step 31500: 0.574419
2025-12-09 04:31:26 INFO     Training average L_uncertainty at step 31500: 10.354147
2025-12-09 04:31:26 INFO     Training average L_kl at step 31500: 10206.925596
2025-12-09 04:31:26 INFO     Training average L_sigma at step 31500: 147.220983
2025-12-09 04:31:26 INFO     Training average mu_mean at step 31500: -0.220483
2025-12-09 04:31:26 INFO     Training average sigma_mean at step 31500: 0.113569
2025-12-09 04:31:26 INFO     Training average regularization at step 31500: 0.008324
2025-12-09 04:31:26 INFO     Training average loss at step 31500: 0.789413
2025-12-09 04:32:27 INFO     Training average positive_fact_loss at step 31600: 0.136303
2025-12-09 04:32:27 INFO     Training average negative_fact_loss at step 31600: 0.120227
2025-12-09 04:32:27 INFO     Training average positive_rule_loss at step 31600: 0.689268
2025-12-09 04:32:27 INFO     Training average negative_rule_loss at step 31600: 0.574197
2025-12-09 04:32:27 INFO     Training average L_uncertainty at step 31600: 10.348234
2025-12-09 04:32:27 INFO     Training average L_kl at step 31600: 10201.120889
2025-12-09 04:32:27 INFO     Training average L_sigma at step 31600: 147.112999
2025-12-09 04:32:27 INFO     Training average mu_mean at step 31600: -0.222791
2025-12-09 04:32:27 INFO     Training average sigma_mean at step 31600: 0.113564
2025-12-09 04:32:27 INFO     Training average regularization at step 31600: 0.008316
2025-12-09 04:32:27 INFO     Training average loss at step 31600: 0.789010
2025-12-09 04:33:40 INFO     Training average positive_fact_loss at step 31700: 0.134722
2025-12-09 04:33:40 INFO     Training average negative_fact_loss at step 31700: 0.119339
2025-12-09 04:33:40 INFO     Training average positive_rule_loss at step 31700: 0.688744
2025-12-09 04:33:40 INFO     Training average negative_rule_loss at step 31700: 0.574490
2025-12-09 04:33:40 INFO     Training average L_uncertainty at step 31700: 10.357357
2025-12-09 04:33:40 INFO     Training average L_kl at step 31700: 10210.237881
2025-12-09 04:33:40 INFO     Training average L_sigma at step 31700: 147.118264
2025-12-09 04:33:40 INFO     Training average mu_mean at step 31700: -0.221372
2025-12-09 04:33:40 INFO     Training average sigma_mean at step 31700: 0.113569
2025-12-09 04:33:40 INFO     Training average regularization at step 31700: 0.008319
2025-12-09 04:33:40 INFO     Training average loss at step 31700: 0.787682
2025-12-09 04:34:41 INFO     Training average positive_fact_loss at step 31800: 0.135775
2025-12-09 04:34:41 INFO     Training average negative_fact_loss at step 31800: 0.121336
2025-12-09 04:34:41 INFO     Training average positive_rule_loss at step 31800: 0.688724
2025-12-09 04:34:41 INFO     Training average negative_rule_loss at step 31800: 0.574488
2025-12-09 04:34:41 INFO     Training average L_uncertainty at step 31800: 10.358849
2025-12-09 04:34:41 INFO     Training average L_kl at step 31800: 10211.672666
2025-12-09 04:34:41 INFO     Training average L_sigma at step 31800: 147.175670
2025-12-09 04:34:41 INFO     Training average mu_mean at step 31800: -0.221108
2025-12-09 04:34:41 INFO     Training average sigma_mean at step 31800: 0.113569
2025-12-09 04:34:41 INFO     Training average regularization at step 31800: 0.008318
2025-12-09 04:34:41 INFO     Training average loss at step 31800: 0.789198
2025-12-09 04:35:53 INFO     Training average positive_fact_loss at step 31900: 0.134870
2025-12-09 04:35:53 INFO     Training average negative_fact_loss at step 31900: 0.120636
2025-12-09 04:35:53 INFO     Training average positive_rule_loss at step 31900: 0.689526
2025-12-09 04:35:53 INFO     Training average negative_rule_loss at step 31900: 0.574101
2025-12-09 04:35:53 INFO     Training average L_uncertainty at step 31900: 10.351150
2025-12-09 04:35:53 INFO     Training average L_kl at step 31900: 10203.927813
2025-12-09 04:35:53 INFO     Training average L_sigma at step 31900: 147.221912
2025-12-09 04:35:53 INFO     Training average mu_mean at step 31900: -0.221258
2025-12-09 04:35:53 INFO     Training average sigma_mean at step 31900: 0.113577
2025-12-09 04:35:53 INFO     Training average regularization at step 31900: 0.008321
2025-12-09 04:35:53 INFO     Training average loss at step 31900: 0.788590
2025-12-09 04:36:55 INFO     Training average positive_fact_loss at step 32000: 0.136228
2025-12-09 04:36:55 INFO     Training average negative_fact_loss at step 32000: 0.120848
2025-12-09 04:36:55 INFO     Training average positive_rule_loss at step 32000: 0.689005
2025-12-09 04:36:55 INFO     Training average negative_rule_loss at step 32000: 0.574367
2025-12-09 04:36:55 INFO     Training average L_uncertainty at step 32000: 10.354256
2025-12-09 04:36:55 INFO     Training average L_kl at step 32000: 10207.514404
2025-12-09 04:36:55 INFO     Training average L_sigma at step 32000: 146.740696
2025-12-09 04:36:55 INFO     Training average mu_mean at step 32000: -0.222562
2025-12-09 04:36:55 INFO     Training average sigma_mean at step 32000: 0.113551
2025-12-09 04:36:55 INFO     Training average regularization at step 32000: 0.008317
2025-12-09 04:36:55 INFO     Training average loss at step 32000: 0.789249
2025-12-09 04:36:55 INFO     Evaluating on Valid Dataset...
2025-12-09 04:36:55 INFO     >>>>> RuleE emb: Evaluating on valid
2025-12-09 04:37:12 INFO     Data : 4076
2025-12-09 04:37:12 INFO     Hit1 : 0.888126
2025-12-09 04:37:12 INFO     Hit3 : 0.974730
2025-12-09 04:37:12 INFO     Hit10: 0.990677
2025-12-09 04:37:12 INFO     MR   : 17.797105
2025-12-09 04:37:12 INFO     MRR  : 0.931861
2025-12-09 04:38:25 INFO     Training average positive_fact_loss at step 32100: 0.134333
2025-12-09 04:38:25 INFO     Training average negative_fact_loss at step 32100: 0.118784
2025-12-09 04:38:25 INFO     Training average positive_rule_loss at step 32100: 0.689241
2025-12-09 04:38:25 INFO     Training average negative_rule_loss at step 32100: 0.574196
2025-12-09 04:38:25 INFO     Training average L_uncertainty at step 32100: 10.349841
2025-12-09 04:38:25 INFO     Training average L_kl at step 32100: 10202.297842
2025-12-09 04:38:25 INFO     Training average L_sigma at step 32100: 147.542375
2025-12-09 04:38:25 INFO     Training average mu_mean at step 32100: -0.221517
2025-12-09 04:38:25 INFO     Training average sigma_mean at step 32100: 0.113593
2025-12-09 04:38:25 INFO     Training average regularization at step 32100: 0.008312
2025-12-09 04:38:25 INFO     Training average loss at step 32100: 0.787289
2025-12-09 04:39:32 INFO     Training average positive_fact_loss at step 32200: 0.136569
2025-12-09 04:39:32 INFO     Training average negative_fact_loss at step 32200: 0.121035
2025-12-09 04:39:32 INFO     Training average positive_rule_loss at step 32200: 0.689237
2025-12-09 04:39:32 INFO     Training average negative_rule_loss at step 32200: 0.574180
2025-12-09 04:39:32 INFO     Training average L_uncertainty at step 32200: 10.356041
2025-12-09 04:39:32 INFO     Training average L_kl at step 32200: 10209.204961
2025-12-09 04:39:32 INFO     Training average L_sigma at step 32200: 146.835655
2025-12-09 04:39:32 INFO     Training average mu_mean at step 32200: -0.221806
2025-12-09 04:39:32 INFO     Training average sigma_mean at step 32200: 0.113560
2025-12-09 04:39:32 INFO     Training average regularization at step 32200: 0.008307
2025-12-09 04:39:32 INFO     Training average loss at step 32200: 0.789529
2025-12-09 04:40:39 INFO     Training average positive_fact_loss at step 32300: 0.133739
2025-12-09 04:40:39 INFO     Training average negative_fact_loss at step 32300: 0.121002
2025-12-09 04:40:39 INFO     Training average positive_rule_loss at step 32300: 0.689068
2025-12-09 04:40:39 INFO     Training average negative_rule_loss at step 32300: 0.574271
2025-12-09 04:40:39 INFO     Training average L_uncertainty at step 32300: 10.348815
2025-12-09 04:40:39 INFO     Training average L_kl at step 32300: 10201.187969
2025-12-09 04:40:39 INFO     Training average L_sigma at step 32300: 147.626426
2025-12-09 04:40:39 INFO     Training average mu_mean at step 32300: -0.221697
2025-12-09 04:40:39 INFO     Training average sigma_mean at step 32300: 0.113596
2025-12-09 04:40:39 INFO     Training average regularization at step 32300: 0.008321
2025-12-09 04:40:39 INFO     Training average loss at step 32300: 0.788058
2025-12-09 04:41:52 INFO     Training average positive_fact_loss at step 32400: 0.136993
2025-12-09 04:41:52 INFO     Training average negative_fact_loss at step 32400: 0.120932
2025-12-09 04:41:52 INFO     Training average positive_rule_loss at step 32400: 0.689954
2025-12-09 04:41:52 INFO     Training average negative_rule_loss at step 32400: 0.573941
2025-12-09 04:41:52 INFO     Training average L_uncertainty at step 32400: 10.338500
2025-12-09 04:41:52 INFO     Training average L_kl at step 32400: 10191.387734
2025-12-09 04:41:52 INFO     Training average L_sigma at step 32400: 147.112204
2025-12-09 04:41:52 INFO     Training average mu_mean at step 32400: -0.223270
2025-12-09 04:41:52 INFO     Training average sigma_mean at step 32400: 0.113573
2025-12-09 04:41:52 INFO     Training average regularization at step 32400: 0.008298
2025-12-09 04:41:52 INFO     Training average loss at step 32400: 0.789885
2025-12-09 04:42:53 INFO     Training average positive_fact_loss at step 32500: 0.134362
2025-12-09 04:42:53 INFO     Training average negative_fact_loss at step 32500: 0.118550
2025-12-09 04:42:53 INFO     Training average positive_rule_loss at step 32500: 0.688841
2025-12-09 04:42:53 INFO     Training average negative_rule_loss at step 32500: 0.574567
2025-12-09 04:42:53 INFO     Training average L_uncertainty at step 32500: 10.351205
2025-12-09 04:42:53 INFO     Training average L_kl at step 32500: 10204.013975
2025-12-09 04:42:53 INFO     Training average L_sigma at step 32500: 147.190698
2025-12-09 04:42:53 INFO     Training average mu_mean at step 32500: -0.221594
2025-12-09 04:42:53 INFO     Training average sigma_mean at step 32500: 0.113577
2025-12-09 04:42:53 INFO     Training average regularization at step 32500: 0.008318
2025-12-09 04:42:53 INFO     Training average loss at step 32500: 0.787180
2025-12-09 04:44:06 INFO     Training average positive_fact_loss at step 32600: 0.135701
2025-12-09 04:44:06 INFO     Training average negative_fact_loss at step 32600: 0.121713
2025-12-09 04:44:06 INFO     Training average positive_rule_loss at step 32600: 0.689107
2025-12-09 04:44:06 INFO     Training average negative_rule_loss at step 32600: 0.574220
2025-12-09 04:44:06 INFO     Training average L_uncertainty at step 32600: 10.356901
2025-12-09 04:44:06 INFO     Training average L_kl at step 32600: 10209.668633
2025-12-09 04:44:06 INFO     Training average L_sigma at step 32600: 147.231514
2025-12-09 04:44:06 INFO     Training average mu_mean at step 32600: -0.221042
2025-12-09 04:44:06 INFO     Training average sigma_mean at step 32600: 0.113580
2025-12-09 04:44:06 INFO     Training average regularization at step 32600: 0.008300
2025-12-09 04:44:06 INFO     Training average loss at step 32600: 0.789384
2025-12-09 04:45:09 INFO     Training average positive_fact_loss at step 32700: 0.135432
2025-12-09 04:45:09 INFO     Training average negative_fact_loss at step 32700: 0.119151
2025-12-09 04:45:09 INFO     Training average positive_rule_loss at step 32700: 0.689167
2025-12-09 04:45:09 INFO     Training average negative_rule_loss at step 32700: 0.574240
2025-12-09 04:45:09 INFO     Training average L_uncertainty at step 32700: 10.354529
2025-12-09 04:45:09 INFO     Training average L_kl at step 32700: 10207.571865
2025-12-09 04:45:09 INFO     Training average L_sigma at step 32700: 146.956303
2025-12-09 04:45:09 INFO     Training average mu_mean at step 32700: -0.222250
2025-12-09 04:45:09 INFO     Training average sigma_mean at step 32700: 0.113567
2025-12-09 04:45:09 INFO     Training average regularization at step 32700: 0.008302
2025-12-09 04:45:09 INFO     Training average loss at step 32700: 0.788005
2025-12-09 04:46:21 INFO     Training average positive_fact_loss at step 32800: 0.134587
2025-12-09 04:46:21 INFO     Training average negative_fact_loss at step 32800: 0.119172
2025-12-09 04:46:21 INFO     Training average positive_rule_loss at step 32800: 0.688846
2025-12-09 04:46:21 INFO     Training average negative_rule_loss at step 32800: 0.574413
2025-12-09 04:46:21 INFO     Training average L_uncertainty at step 32800: 10.355983
2025-12-09 04:46:21 INFO     Training average L_kl at step 32800: 10208.700781
2025-12-09 04:46:21 INFO     Training average L_sigma at step 32800: 147.281409
2025-12-09 04:46:21 INFO     Training average mu_mean at step 32800: -0.221398
2025-12-09 04:46:21 INFO     Training average sigma_mean at step 32800: 0.113586
2025-12-09 04:46:21 INFO     Training average regularization at step 32800: 0.008304
2025-12-09 04:46:21 INFO     Training average loss at step 32800: 0.787525
2025-12-09 04:47:23 INFO     Training average positive_fact_loss at step 32900: 0.135288
2025-12-09 04:47:23 INFO     Training average negative_fact_loss at step 32900: 0.120372
2025-12-09 04:47:23 INFO     Training average positive_rule_loss at step 32900: 0.689022
2025-12-09 04:47:23 INFO     Training average negative_rule_loss at step 32900: 0.574488
2025-12-09 04:47:23 INFO     Training average L_uncertainty at step 32900: 10.345895
2025-12-09 04:47:23 INFO     Training average L_kl at step 32900: 10198.271143
2025-12-09 04:47:23 INFO     Training average L_sigma at step 32900: 147.623205
2025-12-09 04:47:23 INFO     Training average mu_mean at step 32900: -0.220710
2025-12-09 04:47:23 INFO     Training average sigma_mean at step 32900: 0.113605
2025-12-09 04:47:23 INFO     Training average regularization at step 32900: 0.008307
2025-12-09 04:47:23 INFO     Training average loss at step 32900: 0.788584
2025-12-09 04:48:35 INFO     Training average positive_fact_loss at step 33000: 0.134745
2025-12-09 04:48:35 INFO     Training average negative_fact_loss at step 33000: 0.119422
2025-12-09 04:48:35 INFO     Training average positive_rule_loss at step 33000: 0.689175
2025-12-09 04:48:35 INFO     Training average negative_rule_loss at step 33000: 0.574255
2025-12-09 04:48:35 INFO     Training average L_uncertainty at step 33000: 10.353155
2025-12-09 04:48:35 INFO     Training average L_kl at step 33000: 10205.738096
2025-12-09 04:48:35 INFO     Training average L_sigma at step 33000: 147.416718
2025-12-09 04:48:35 INFO     Training average mu_mean at step 33000: -0.221021
2025-12-09 04:48:35 INFO     Training average sigma_mean at step 33000: 0.113596
2025-12-09 04:48:35 INFO     Training average regularization at step 33000: 0.008298
2025-12-09 04:48:35 INFO     Training average loss at step 33000: 0.787803
2025-12-09 04:48:35 INFO     Evaluating on Valid Dataset...
2025-12-09 04:48:35 INFO     >>>>> RuleE emb: Evaluating on valid
2025-12-09 04:48:52 INFO     Data : 4076
2025-12-09 04:48:52 INFO     Hit1 : 0.888371
2025-12-09 04:48:52 INFO     Hit3 : 0.973749
2025-12-09 04:48:52 INFO     Hit10: 0.990922
2025-12-09 04:48:52 INFO     MR   : 17.626349
2025-12-09 04:48:52 INFO     MRR  : 0.931714
2025-12-09 04:49:54 INFO     Training average positive_fact_loss at step 33100: 0.135973
2025-12-09 04:49:54 INFO     Training average negative_fact_loss at step 33100: 0.120763
2025-12-09 04:49:54 INFO     Training average positive_rule_loss at step 33100: 0.689033
2025-12-09 04:49:54 INFO     Training average negative_rule_loss at step 33100: 0.574354
2025-12-09 04:49:54 INFO     Training average L_uncertainty at step 33100: 10.350654
2025-12-09 04:49:54 INFO     Training average L_kl at step 33100: 10203.400908
2025-12-09 04:49:54 INFO     Training average L_sigma at step 33100: 147.252966
2025-12-09 04:49:54 INFO     Training average mu_mean at step 33100: -0.221851
2025-12-09 04:49:54 INFO     Training average sigma_mean at step 33100: 0.113590
2025-12-09 04:49:54 INFO     Training average regularization at step 33100: 0.008300
2025-12-09 04:49:54 INFO     Training average loss at step 33100: 0.789063
2025-12-09 04:51:06 INFO     Training average positive_fact_loss at step 33200: 0.135344
2025-12-09 04:51:06 INFO     Training average negative_fact_loss at step 33200: 0.120538
2025-12-09 04:51:06 INFO     Training average positive_rule_loss at step 33200: 0.689105
2025-12-09 04:51:06 INFO     Training average negative_rule_loss at step 33200: 0.574335
2025-12-09 04:51:06 INFO     Training average L_uncertainty at step 33200: 10.345675
2025-12-09 04:51:06 INFO     Training average L_kl at step 33200: 10198.600479
2025-12-09 04:51:06 INFO     Training average L_sigma at step 33200: 147.074002
2025-12-09 04:51:06 INFO     Training average mu_mean at step 33200: -0.223089
2025-12-09 04:51:06 INFO     Training average sigma_mean at step 33200: 0.113579
2025-12-09 04:51:06 INFO     Training average regularization at step 33200: 0.008292
2025-12-09 04:51:06 INFO     Training average loss at step 33200: 0.788644
2025-12-09 04:52:07 INFO     Training average positive_fact_loss at step 33300: 0.135831
2025-12-09 04:52:07 INFO     Training average negative_fact_loss at step 33300: 0.120842
2025-12-09 04:52:07 INFO     Training average positive_rule_loss at step 33300: 0.689352
2025-12-09 04:52:07 INFO     Training average negative_rule_loss at step 33300: 0.574070
2025-12-09 04:52:07 INFO     Training average L_uncertainty at step 33300: 10.357354
2025-12-09 04:52:07 INFO     Training average L_kl at step 33300: 10210.546445
2025-12-09 04:52:07 INFO     Training average L_sigma at step 33300: 146.806734
2025-12-09 04:52:07 INFO     Training average mu_mean at step 33300: -0.221580
2025-12-09 04:52:07 INFO     Training average sigma_mean at step 33300: 0.113566
2025-12-09 04:52:07 INFO     Training average regularization at step 33300: 0.008308
2025-12-09 04:52:07 INFO     Training average loss at step 33300: 0.789070
2025-12-09 04:53:21 INFO     Training average positive_fact_loss at step 33400: 0.134471
2025-12-09 04:53:21 INFO     Training average negative_fact_loss at step 33400: 0.118857
2025-12-09 04:53:21 INFO     Training average positive_rule_loss at step 33400: 0.689410
2025-12-09 04:53:21 INFO     Training average negative_rule_loss at step 33400: 0.573999
2025-12-09 04:53:21 INFO     Training average L_uncertainty at step 33400: 10.351620
2025-12-09 04:53:21 INFO     Training average L_kl at step 33400: 10204.547725
2025-12-09 04:53:21 INFO     Training average L_sigma at step 33400: 147.072199
2025-12-09 04:53:21 INFO     Training average mu_mean at step 33400: -0.222206
2025-12-09 04:53:21 INFO     Training average sigma_mean at step 33400: 0.113578
2025-12-09 04:53:21 INFO     Training average regularization at step 33400: 0.008295
2025-12-09 04:53:21 INFO     Training average loss at step 33400: 0.787366
2025-12-09 04:54:34 INFO     Training average positive_fact_loss at step 33500: 0.135235
2025-12-09 04:54:34 INFO     Training average negative_fact_loss at step 33500: 0.118927
2025-12-09 04:54:34 INFO     Training average positive_rule_loss at step 33500: 0.690120
2025-12-09 04:54:34 INFO     Training average negative_rule_loss at step 33500: 0.573556
2025-12-09 04:54:34 INFO     Training average L_uncertainty at step 33500: 10.347875
2025-12-09 04:54:34 INFO     Training average L_kl at step 33500: 10201.013994
2025-12-09 04:54:34 INFO     Training average L_sigma at step 33500: 146.861010
2025-12-09 04:54:34 INFO     Training average mu_mean at step 33500: -0.223843
2025-12-09 04:54:34 INFO     Training average sigma_mean at step 33500: 0.113567
2025-12-09 04:54:34 INFO     Training average regularization at step 33500: 0.008297
2025-12-09 04:54:34 INFO     Training average loss at step 33500: 0.787912
2025-12-09 04:55:36 INFO     Training average positive_fact_loss at step 33600: 0.133811
2025-12-09 04:55:36 INFO     Training average negative_fact_loss at step 33600: 0.119527
2025-12-09 04:55:36 INFO     Training average positive_rule_loss at step 33600: 0.688810
2025-12-09 04:55:36 INFO     Training average negative_rule_loss at step 33600: 0.574382
2025-12-09 04:55:36 INFO     Training average L_uncertainty at step 33600: 10.356207
2025-12-09 04:55:36 INFO     Training average L_kl at step 33600: 10209.200762
2025-12-09 04:55:36 INFO     Training average L_sigma at step 33600: 147.005901
2025-12-09 04:55:36 INFO     Training average mu_mean at step 33600: -0.221951
2025-12-09 04:55:36 INFO     Training average sigma_mean at step 33600: 0.113575
2025-12-09 04:55:36 INFO     Training average regularization at step 33600: 0.008297
2025-12-09 04:55:36 INFO     Training average loss at step 33600: 0.787275
2025-12-09 04:56:49 INFO     Training average positive_fact_loss at step 33700: 0.136194
2025-12-09 04:56:49 INFO     Training average negative_fact_loss at step 33700: 0.120852
2025-12-09 04:56:49 INFO     Training average positive_rule_loss at step 33700: 0.689744
2025-12-09 04:56:49 INFO     Training average negative_rule_loss at step 33700: 0.573822
2025-12-09 04:56:49 INFO     Training average L_uncertainty at step 33700: 10.356445
2025-12-09 04:56:49 INFO     Training average L_kl at step 33700: 10209.539717
2025-12-09 04:56:49 INFO     Training average L_sigma at step 33700: 146.905208
2025-12-09 04:56:49 INFO     Training average mu_mean at step 33700: -0.221610
2025-12-09 04:56:49 INFO     Training average sigma_mean at step 33700: 0.113567
2025-12-09 04:56:49 INFO     Training average regularization at step 33700: 0.008285
2025-12-09 04:56:49 INFO     Training average loss at step 33700: 0.789304
2025-12-09 04:57:50 INFO     Training average positive_fact_loss at step 33800: 0.134710
2025-12-09 04:57:50 INFO     Training average negative_fact_loss at step 33800: 0.117210
2025-12-09 04:57:50 INFO     Training average positive_rule_loss at step 33800: 0.689796
2025-12-09 04:57:50 INFO     Training average negative_rule_loss at step 33800: 0.573735
2025-12-09 04:57:50 INFO     Training average L_uncertainty at step 33800: 10.346307
2025-12-09 04:57:50 INFO     Training average L_kl at step 33800: 10199.287129
2025-12-09 04:57:50 INFO     Training average L_sigma at step 33800: 147.019579
2025-12-09 04:57:50 INFO     Training average mu_mean at step 33800: -0.223416
2025-12-09 04:57:50 INFO     Training average sigma_mean at step 33800: 0.113581
2025-12-09 04:57:50 INFO     Training average regularization at step 33800: 0.008297
2025-12-09 04:57:50 INFO     Training average loss at step 33800: 0.786715
2025-12-09 04:59:03 INFO     Training average positive_fact_loss at step 33900: 0.134108
2025-12-09 04:59:03 INFO     Training average negative_fact_loss at step 33900: 0.119177
2025-12-09 04:59:03 INFO     Training average positive_rule_loss at step 33900: 0.688800
2025-12-09 04:59:03 INFO     Training average negative_rule_loss at step 33900: 0.574641
2025-12-09 04:59:03 INFO     Training average L_uncertainty at step 33900: 10.348830
2025-12-09 04:59:03 INFO     Training average L_kl at step 33900: 10201.892373
2025-12-09 04:59:03 INFO     Training average L_sigma at step 33900: 146.936729
2025-12-09 04:59:03 INFO     Training average mu_mean at step 33900: -0.221349
2025-12-09 04:59:03 INFO     Training average sigma_mean at step 33900: 0.113573
2025-12-09 04:59:03 INFO     Training average regularization at step 33900: 0.008291
2025-12-09 04:59:03 INFO     Training average loss at step 33900: 0.787352
2025-12-09 05:00:05 INFO     Training average positive_fact_loss at step 34000: 0.135185
2025-12-09 05:00:05 INFO     Training average negative_fact_loss at step 34000: 0.119588
2025-12-09 05:00:05 INFO     Training average positive_rule_loss at step 34000: 0.689122
2025-12-09 05:00:05 INFO     Training average negative_rule_loss at step 34000: 0.574309
2025-12-09 05:00:05 INFO     Training average L_uncertainty at step 34000: 10.349443
2025-12-09 05:00:05 INFO     Training average L_kl at step 34000: 10201.919727
2025-12-09 05:00:05 INFO     Training average L_sigma at step 34000: 147.522760
2025-12-09 05:00:05 INFO     Training average mu_mean at step 34000: -0.221833
2025-12-09 05:00:05 INFO     Training average sigma_mean at step 34000: 0.113606
2025-12-09 05:00:05 INFO     Training average regularization at step 34000: 0.008287
2025-12-09 05:00:05 INFO     Training average loss at step 34000: 0.788087
2025-12-09 05:00:05 INFO     Evaluating on Valid Dataset...
2025-12-09 05:00:05 INFO     >>>>> RuleE emb: Evaluating on valid
2025-12-09 05:00:22 INFO     Data : 4076
2025-12-09 05:00:22 INFO     Hit1 : 0.890088
2025-12-09 05:00:22 INFO     Hit3 : 0.974975
2025-12-09 05:00:22 INFO     Hit10: 0.990677
2025-12-09 05:00:22 INFO     MR   : 17.489941
2025-12-09 05:00:22 INFO     MRR  : 0.933531
2025-12-09 05:01:36 INFO     Training average positive_fact_loss at step 34100: 0.134449
2025-12-09 05:01:36 INFO     Training average negative_fact_loss at step 34100: 0.118554
2025-12-09 05:01:36 INFO     Training average positive_rule_loss at step 34100: 0.689664
2025-12-09 05:01:36 INFO     Training average negative_rule_loss at step 34100: 0.573831
2025-12-09 05:01:36 INFO     Training average L_uncertainty at step 34100: 10.354197
2025-12-09 05:01:36 INFO     Training average L_kl at step 34100: 10207.175078
2025-12-09 05:01:36 INFO     Training average L_sigma at step 34100: 147.021909
2025-12-09 05:01:36 INFO     Training average mu_mean at step 34100: -0.222154
2025-12-09 05:01:36 INFO     Training average sigma_mean at step 34100: 0.113580
2025-12-09 05:01:36 INFO     Training average regularization at step 34100: 0.008287
2025-12-09 05:01:36 INFO     Training average loss at step 34100: 0.787245
2025-12-09 05:02:37 INFO     Training average positive_fact_loss at step 34200: 0.135728
2025-12-09 05:02:37 INFO     Training average negative_fact_loss at step 34200: 0.120707
2025-12-09 05:02:37 INFO     Training average positive_rule_loss at step 34200: 0.688968
2025-12-09 05:02:37 INFO     Training average negative_rule_loss at step 34200: 0.574442
2025-12-09 05:02:37 INFO     Training average L_uncertainty at step 34200: 10.348397
2025-12-09 05:02:37 INFO     Training average L_kl at step 34200: 10201.142363
2025-12-09 05:02:37 INFO     Training average L_sigma at step 34200: 147.253695
2025-12-09 05:02:37 INFO     Training average mu_mean at step 34200: -0.221166
2025-12-09 05:02:37 INFO     Training average sigma_mean at step 34200: 0.113588
2025-12-09 05:02:37 INFO     Training average regularization at step 34200: 0.008283
2025-12-09 05:02:37 INFO     Training average loss at step 34200: 0.788902
2025-12-09 05:03:48 INFO     Training average positive_fact_loss at step 34300: 0.134319
2025-12-09 05:03:48 INFO     Training average negative_fact_loss at step 34300: 0.118192
2025-12-09 05:03:48 INFO     Training average positive_rule_loss at step 34300: 0.689674
2025-12-09 05:03:48 INFO     Training average negative_rule_loss at step 34300: 0.573971
2025-12-09 05:03:48 INFO     Training average L_uncertainty at step 34300: 10.343204
2025-12-09 05:03:48 INFO     Training average L_kl at step 34300: 10195.991885
2025-12-09 05:03:48 INFO     Training average L_sigma at step 34300: 147.211272
2025-12-09 05:03:48 INFO     Training average mu_mean at step 34300: -0.222600
2025-12-09 05:03:48 INFO     Training average sigma_mean at step 34300: 0.113592
2025-12-09 05:03:48 INFO     Training average regularization at step 34300: 0.008283
2025-12-09 05:03:48 INFO     Training average loss at step 34300: 0.787047
2025-12-09 05:04:51 INFO     Training average positive_fact_loss at step 34400: 0.135369
2025-12-09 05:04:51 INFO     Training average negative_fact_loss at step 34400: 0.118791
2025-12-09 05:04:51 INFO     Training average positive_rule_loss at step 34400: 0.688928
2025-12-09 05:04:51 INFO     Training average negative_rule_loss at step 34400: 0.574364
2025-12-09 05:04:51 INFO     Training average L_uncertainty at step 34400: 10.353379
2025-12-09 05:04:51 INFO     Training average L_kl at step 34400: 10206.339023
2025-12-09 05:04:51 INFO     Training average L_sigma at step 34400: 147.039352
2025-12-09 05:04:51 INFO     Training average mu_mean at step 34400: -0.221937
2025-12-09 05:04:51 INFO     Training average sigma_mean at step 34400: 0.113586
2025-12-09 05:04:51 INFO     Training average regularization at step 34400: 0.008283
2025-12-09 05:04:51 INFO     Training average loss at step 34400: 0.787715
2025-12-09 05:06:03 INFO     Training average positive_fact_loss at step 34500: 0.134082
2025-12-09 05:06:03 INFO     Training average negative_fact_loss at step 34500: 0.120462
2025-12-09 05:06:03 INFO     Training average positive_rule_loss at step 34500: 0.688510
2025-12-09 05:06:03 INFO     Training average negative_rule_loss at step 34500: 0.574765
2025-12-09 05:06:03 INFO     Training average L_uncertainty at step 34500: 10.354879
2025-12-09 05:06:03 INFO     Training average L_kl at step 34500: 10207.804961
2025-12-09 05:06:03 INFO     Training average L_sigma at step 34500: 147.073757
2025-12-09 05:06:03 INFO     Training average mu_mean at step 34500: -0.220704
2025-12-09 05:06:03 INFO     Training average sigma_mean at step 34500: 0.113587
2025-12-09 05:06:03 INFO     Training average regularization at step 34500: 0.008276
2025-12-09 05:06:03 INFO     Training average loss at step 34500: 0.787895
2025-12-09 05:07:16 INFO     Training average positive_fact_loss at step 34600: 0.135466
2025-12-09 05:07:16 INFO     Training average negative_fact_loss at step 34600: 0.120395
2025-12-09 05:07:16 INFO     Training average positive_rule_loss at step 34600: 0.688779
2025-12-09 05:07:16 INFO     Training average negative_rule_loss at step 34600: 0.574589
2025-12-09 05:07:16 INFO     Training average L_uncertainty at step 34600: 10.350755
2025-12-09 05:07:16 INFO     Training average L_kl at step 34600: 10203.422627
2025-12-09 05:07:16 INFO     Training average L_sigma at step 34600: 147.331399
2025-12-09 05:07:16 INFO     Training average mu_mean at step 34600: -0.220890
2025-12-09 05:07:16 INFO     Training average sigma_mean at step 34600: 0.113601
2025-12-09 05:07:16 INFO     Training average regularization at step 34600: 0.008278
2025-12-09 05:07:16 INFO     Training average loss at step 34600: 0.788594
2025-12-09 05:08:16 INFO     Training average positive_fact_loss at step 34700: 0.134182
2025-12-09 05:08:16 INFO     Training average negative_fact_loss at step 34700: 0.117313
2025-12-09 05:08:16 INFO     Training average positive_rule_loss at step 34700: 0.688977
2025-12-09 05:08:16 INFO     Training average negative_rule_loss at step 34700: 0.574386
2025-12-09 05:08:16 INFO     Training average L_uncertainty at step 34700: 10.351249
2025-12-09 05:08:16 INFO     Training average L_kl at step 34700: 10204.340869
2025-12-09 05:08:16 INFO     Training average L_sigma at step 34700: 146.907913
2025-12-09 05:08:16 INFO     Training average mu_mean at step 34700: -0.221243
2025-12-09 05:08:16 INFO     Training average sigma_mean at step 34700: 0.113578
2025-12-09 05:08:16 INFO     Training average regularization at step 34700: 0.008282
2025-12-09 05:08:16 INFO     Training average loss at step 34700: 0.786414
2025-12-09 05:09:29 INFO     Training average positive_fact_loss at step 34800: 0.134935
2025-12-09 05:09:29 INFO     Training average negative_fact_loss at step 34800: 0.119175
2025-12-09 05:09:29 INFO     Training average positive_rule_loss at step 34800: 0.689277
2025-12-09 05:09:29 INFO     Training average negative_rule_loss at step 34800: 0.574090
2025-12-09 05:09:29 INFO     Training average L_uncertainty at step 34800: 10.357106
2025-12-09 05:09:29 INFO     Training average L_kl at step 34800: 10210.137363
2025-12-09 05:09:29 INFO     Training average L_sigma at step 34800: 146.968454
2025-12-09 05:09:29 INFO     Training average mu_mean at step 34800: -0.221531
2025-12-09 05:09:29 INFO     Training average sigma_mean at step 34800: 0.113584
2025-12-09 05:09:29 INFO     Training average regularization at step 34800: 0.008278
2025-12-09 05:09:29 INFO     Training average loss at step 34800: 0.787731
2025-12-09 05:10:30 INFO     Training average positive_fact_loss at step 34900: 0.134323
2025-12-09 05:10:30 INFO     Training average negative_fact_loss at step 34900: 0.117617
2025-12-09 05:10:30 INFO     Training average positive_rule_loss at step 34900: 0.689526
2025-12-09 05:10:30 INFO     Training average negative_rule_loss at step 34900: 0.574039
2025-12-09 05:10:30 INFO     Training average L_uncertainty at step 34900: 10.351968
2025-12-09 05:10:30 INFO     Training average L_kl at step 34900: 10205.701602
2025-12-09 05:10:30 INFO     Training average L_sigma at step 34900: 146.266261
2025-12-09 05:10:30 INFO     Training average mu_mean at step 34900: -0.222505
2025-12-09 05:10:30 INFO     Training average sigma_mean at step 34900: 0.113549
2025-12-09 05:10:30 INFO     Training average regularization at step 34900: 0.008273
2025-12-09 05:10:30 INFO     Training average loss at step 34900: 0.786729
2025-12-09 05:11:43 INFO     Training average positive_fact_loss at step 35000: 0.135339
2025-12-09 05:11:43 INFO     Training average negative_fact_loss at step 35000: 0.121211
2025-12-09 05:11:43 INFO     Training average positive_rule_loss at step 35000: 0.689311
2025-12-09 05:11:43 INFO     Training average negative_rule_loss at step 35000: 0.574198
2025-12-09 05:11:43 INFO     Training average L_uncertainty at step 35000: 10.345516
2025-12-09 05:11:43 INFO     Training average L_kl at step 35000: 10198.517637
2025-12-09 05:11:43 INFO     Training average L_sigma at step 35000: 146.998309
2025-12-09 05:11:43 INFO     Training average mu_mean at step 35000: -0.222873
2025-12-09 05:11:43 INFO     Training average sigma_mean at step 35000: 0.113584
2025-12-09 05:11:43 INFO     Training average regularization at step 35000: 0.008272
2025-12-09 05:11:43 INFO     Training average loss at step 35000: 0.788992
2025-12-09 05:11:43 INFO     Evaluating on Valid Dataset...
2025-12-09 05:11:43 INFO     >>>>> RuleE emb: Evaluating on valid
2025-12-09 05:11:59 INFO     Data : 4076
2025-12-09 05:11:59 INFO     Hit1 : 0.892296
2025-12-09 05:11:59 INFO     Hit3 : 0.974730
2025-12-09 05:11:59 INFO     Hit10: 0.990922
2025-12-09 05:11:59 INFO     MR   : 17.797841
2025-12-09 05:11:59 INFO     MRR  : 0.934093
2025-12-09 05:13:02 INFO     Training average positive_fact_loss at step 35100: 0.134852
2025-12-09 05:13:02 INFO     Training average negative_fact_loss at step 35100: 0.118437
2025-12-09 05:13:02 INFO     Training average positive_rule_loss at step 35100: 0.688973
2025-12-09 05:13:02 INFO     Training average negative_rule_loss at step 35100: 0.574595
2025-12-09 05:13:02 INFO     Training average L_uncertainty at step 35100: 10.348923
2025-12-09 05:13:02 INFO     Training average L_kl at step 35100: 10201.616357
2025-12-09 05:13:02 INFO     Training average L_sigma at step 35100: 147.305738
2025-12-09 05:13:02 INFO     Training average mu_mean at step 35100: -0.221972
2025-12-09 05:13:02 INFO     Training average sigma_mean at step 35100: 0.113602
2025-12-09 05:13:02 INFO     Training average regularization at step 35100: 0.008277
2025-12-09 05:13:02 INFO     Training average loss at step 35100: 0.787404
2025-12-09 05:14:15 INFO     Training average positive_fact_loss at step 35200: 0.133767
2025-12-09 05:14:15 INFO     Training average negative_fact_loss at step 35200: 0.119171
2025-12-09 05:14:15 INFO     Training average positive_rule_loss at step 35200: 0.689438
2025-12-09 05:14:15 INFO     Training average negative_rule_loss at step 35200: 0.574040
2025-12-09 05:14:15 INFO     Training average L_uncertainty at step 35200: 10.351841
2025-12-09 05:14:15 INFO     Training average L_kl at step 35200: 10205.202939
2025-12-09 05:14:15 INFO     Training average L_sigma at step 35200: 146.637389
2025-12-09 05:14:15 INFO     Training average mu_mean at step 35200: -0.221347
2025-12-09 05:14:15 INFO     Training average sigma_mean at step 35200: 0.113570
2025-12-09 05:14:15 INFO     Training average regularization at step 35200: 0.008275
2025-12-09 05:14:15 INFO     Training average loss at step 35200: 0.787187
2025-12-09 05:15:16 INFO     Training average positive_fact_loss at step 35300: 0.135332
2025-12-09 05:15:16 INFO     Training average negative_fact_loss at step 35300: 0.119164
2025-12-09 05:15:16 INFO     Training average positive_rule_loss at step 35300: 0.689262
2025-12-09 05:15:16 INFO     Training average negative_rule_loss at step 35300: 0.574009
2025-12-09 05:15:16 INFO     Training average L_uncertainty at step 35300: 10.353284
2025-12-09 05:15:16 INFO     Training average L_kl at step 35300: 10206.013945
2025-12-09 05:15:16 INFO     Training average L_sigma at step 35300: 147.269807
2025-12-09 05:15:16 INFO     Training average mu_mean at step 35300: -0.221809
2025-12-09 05:15:16 INFO     Training average sigma_mean at step 35300: 0.113605
2025-12-09 05:15:16 INFO     Training average regularization at step 35300: 0.008280
2025-12-09 05:15:16 INFO     Training average loss at step 35300: 0.787871
2025-12-09 05:16:28 INFO     Training average positive_fact_loss at step 35400: 0.133692
2025-12-09 05:16:28 INFO     Training average negative_fact_loss at step 35400: 0.118427
2025-12-09 05:16:28 INFO     Training average positive_rule_loss at step 35400: 0.689331
2025-12-09 05:16:28 INFO     Training average negative_rule_loss at step 35400: 0.574129
2025-12-09 05:16:28 INFO     Training average L_uncertainty at step 35400: 10.352110
2025-12-09 05:16:28 INFO     Training average L_kl at step 35400: 10205.036104
2025-12-09 05:16:28 INFO     Training average L_sigma at step 35400: 147.073934
2025-12-09 05:16:28 INFO     Training average mu_mean at step 35400: -0.221804
2025-12-09 05:16:28 INFO     Training average sigma_mean at step 35400: 0.113588
2025-12-09 05:16:28 INFO     Training average regularization at step 35400: 0.008269
2025-12-09 05:16:28 INFO     Training average loss at step 35400: 0.786762
2025-12-09 05:17:28 INFO     Training average positive_fact_loss at step 35500: 0.135769
2025-12-09 05:17:28 INFO     Training average negative_fact_loss at step 35500: 0.119712
2025-12-09 05:17:28 INFO     Training average positive_rule_loss at step 35500: 0.689776
2025-12-09 05:17:28 INFO     Training average negative_rule_loss at step 35500: 0.574013
2025-12-09 05:17:28 INFO     Training average L_uncertainty at step 35500: 10.339889
2025-12-09 05:17:28 INFO     Training average L_kl at step 35500: 10192.766084
2025-12-09 05:17:28 INFO     Training average L_sigma at step 35500: 147.122400
2025-12-09 05:17:28 INFO     Training average mu_mean at step 35500: -0.223165
2025-12-09 05:17:28 INFO     Training average sigma_mean at step 35500: 0.113593
2025-12-09 05:17:28 INFO     Training average regularization at step 35500: 0.008265
2025-12-09 05:17:28 INFO     Training average loss at step 35500: 0.788580
2025-12-09 05:18:40 INFO     Training average positive_fact_loss at step 35600: 0.133304
2025-12-09 05:18:40 INFO     Training average negative_fact_loss at step 35600: 0.117747
2025-12-09 05:18:40 INFO     Training average positive_rule_loss at step 35600: 0.688253
2025-12-09 05:18:40 INFO     Training average negative_rule_loss at step 35600: 0.575034
2025-12-09 05:18:40 INFO     Training average L_uncertainty at step 35600: 10.350639
2025-12-09 05:18:40 INFO     Training average L_kl at step 35600: 10204.031816
2025-12-09 05:18:40 INFO     Training average L_sigma at step 35600: 146.606821
2025-12-09 05:18:40 INFO     Training average mu_mean at step 35600: -0.221637
2025-12-09 05:18:40 INFO     Training average sigma_mean at step 35600: 0.113571
2025-12-09 05:18:40 INFO     Training average regularization at step 35600: 0.008274
2025-12-09 05:18:40 INFO     Training average loss at step 35600: 0.786144
2025-12-09 05:19:53 INFO     Training average positive_fact_loss at step 35700: 0.135904
2025-12-09 05:19:53 INFO     Training average negative_fact_loss at step 35700: 0.120950
2025-12-09 05:19:53 INFO     Training average positive_rule_loss at step 35700: 0.688968
2025-12-09 05:19:53 INFO     Training average negative_rule_loss at step 35700: 0.574436
2025-12-09 05:19:53 INFO     Training average L_uncertainty at step 35700: 10.355043
2025-12-09 05:19:53 INFO     Training average L_kl at step 35700: 10208.169971
2025-12-09 05:19:53 INFO     Training average L_sigma at step 35700: 146.872670
2025-12-09 05:19:53 INFO     Training average mu_mean at step 35700: -0.221248
2025-12-09 05:19:53 INFO     Training average sigma_mean at step 35700: 0.113585
2025-12-09 05:19:53 INFO     Training average regularization at step 35700: 0.008263
2025-12-09 05:19:53 INFO     Training average loss at step 35700: 0.789103
2025-12-09 05:20:55 INFO     Training average positive_fact_loss at step 35800: 0.133607
2025-12-09 05:20:55 INFO     Training average negative_fact_loss at step 35800: 0.117883
2025-12-09 05:20:55 INFO     Training average positive_rule_loss at step 35800: 0.689518
2025-12-09 05:20:55 INFO     Training average negative_rule_loss at step 35800: 0.573990
2025-12-09 05:20:55 INFO     Training average L_uncertainty at step 35800: 10.350571
2025-12-09 05:20:55 INFO     Training average L_kl at step 35800: 10203.554990
2025-12-09 05:20:55 INFO     Training average L_sigma at step 35800: 147.015944
2025-12-09 05:20:55 INFO     Training average mu_mean at step 35800: -0.222035
2025-12-09 05:20:55 INFO     Training average sigma_mean at step 35800: 0.113596
2025-12-09 05:20:55 INFO     Training average regularization at step 35800: 0.008277
2025-12-09 05:20:55 INFO     Training average loss at step 35800: 0.786477
2025-12-09 05:22:07 INFO     Training average positive_fact_loss at step 35900: 0.135879
2025-12-09 05:22:07 INFO     Training average negative_fact_loss at step 35900: 0.120090
2025-12-09 05:22:07 INFO     Training average positive_rule_loss at step 35900: 0.689144
2025-12-09 05:22:07 INFO     Training average negative_rule_loss at step 35900: 0.574417
2025-12-09 05:22:07 INFO     Training average L_uncertainty at step 35900: 10.344066
2025-12-09 05:22:07 INFO     Training average L_kl at step 35900: 10197.255293
2025-12-09 05:22:07 INFO     Training average L_sigma at step 35900: 146.810334
2025-12-09 05:22:07 INFO     Training average mu_mean at step 35900: -0.222185
2025-12-09 05:22:07 INFO     Training average sigma_mean at step 35900: 0.113582
2025-12-09 05:22:07 INFO     Training average regularization at step 35900: 0.008262
2025-12-09 05:22:07 INFO     Training average loss at step 35900: 0.788715
2025-12-09 05:23:09 INFO     Training average positive_fact_loss at step 36000: 0.134775
2025-12-09 05:23:09 INFO     Training average negative_fact_loss at step 36000: 0.118861
2025-12-09 05:23:09 INFO     Training average positive_rule_loss at step 36000: 0.689153
2025-12-09 05:23:09 INFO     Training average negative_rule_loss at step 36000: 0.574359
2025-12-09 05:23:09 INFO     Training average L_uncertainty at step 36000: 10.342929
2025-12-09 05:23:09 INFO     Training average L_kl at step 36000: 10195.861055
2025-12-09 05:23:09 INFO     Training average L_sigma at step 36000: 147.067832
2025-12-09 05:23:09 INFO     Training average mu_mean at step 36000: -0.221950
2025-12-09 05:23:09 INFO     Training average sigma_mean at step 36000: 0.113600
2025-12-09 05:23:09 INFO     Training average regularization at step 36000: 0.008271
2025-12-09 05:23:09 INFO     Training average loss at step 36000: 0.787531
2025-12-09 05:23:09 INFO     Evaluating on Valid Dataset...
2025-12-09 05:23:09 INFO     >>>>> RuleE emb: Evaluating on valid
2025-12-09 05:23:27 INFO     Data : 4076
2025-12-09 05:23:27 INFO     Hit1 : 0.890579
2025-12-09 05:23:27 INFO     Hit3 : 0.974239
2025-12-09 05:23:27 INFO     Hit10: 0.990677
2025-12-09 05:23:27 INFO     MR   : 17.652601
2025-12-09 05:23:27 INFO     MRR  : 0.932912
2025-12-09 05:24:40 INFO     Training average positive_fact_loss at step 36100: 0.134572
2025-12-09 05:24:40 INFO     Training average negative_fact_loss at step 36100: 0.118054
2025-12-09 05:24:40 INFO     Training average positive_rule_loss at step 36100: 0.689072
2025-12-09 05:24:40 INFO     Training average negative_rule_loss at step 36100: 0.574279
2025-12-09 05:24:40 INFO     Training average L_uncertainty at step 36100: 10.357360
2025-12-09 05:24:40 INFO     Training average L_kl at step 36100: 10210.779805
2025-12-09 05:24:40 INFO     Training average L_sigma at step 36100: 146.579437
2025-12-09 05:24:40 INFO     Training average mu_mean at step 36100: -0.221052
2025-12-09 05:24:40 INFO     Training average sigma_mean at step 36100: 0.113571
2025-12-09 05:24:40 INFO     Training average regularization at step 36100: 0.008265
2025-12-09 05:24:40 INFO     Training average loss at step 36100: 0.786969
2025-12-09 05:25:42 INFO     Training average positive_fact_loss at step 36200: 0.134866
2025-12-09 05:25:42 INFO     Training average negative_fact_loss at step 36200: 0.118318
2025-12-09 05:25:42 INFO     Training average positive_rule_loss at step 36200: 0.689332
2025-12-09 05:25:42 INFO     Training average negative_rule_loss at step 36200: 0.574085
2025-12-09 05:25:42 INFO     Training average L_uncertainty at step 36200: 10.352418
2025-12-09 05:25:42 INFO     Training average L_kl at step 36200: 10205.705400
2025-12-09 05:25:42 INFO     Training average L_sigma at step 36200: 146.712190
2025-12-09 05:25:42 INFO     Training average mu_mean at step 36200: -0.222250
2025-12-09 05:25:42 INFO     Training average sigma_mean at step 36200: 0.113573
2025-12-09 05:25:42 INFO     Training average regularization at step 36200: 0.008258
2025-12-09 05:25:42 INFO     Training average loss at step 36200: 0.787264
2025-12-09 05:26:55 INFO     Training average positive_fact_loss at step 36300: 0.133971
2025-12-09 05:26:55 INFO     Training average negative_fact_loss at step 36300: 0.119670
2025-12-09 05:26:55 INFO     Training average positive_rule_loss at step 36300: 0.688521
2025-12-09 05:26:55 INFO     Training average negative_rule_loss at step 36300: 0.574664
2025-12-09 05:26:55 INFO     Training average L_uncertainty at step 36300: 10.355406
2025-12-09 05:26:55 INFO     Training average L_kl at step 36300: 10208.531016
2025-12-09 05:26:55 INFO     Training average L_sigma at step 36300: 146.874520
2025-12-09 05:26:55 INFO     Training average mu_mean at step 36300: -0.220959
2025-12-09 05:26:55 INFO     Training average sigma_mean at step 36300: 0.113589
2025-12-09 05:26:55 INFO     Training average regularization at step 36300: 0.008267
2025-12-09 05:26:55 INFO     Training average loss at step 36300: 0.787390
2025-12-09 05:27:57 INFO     Training average positive_fact_loss at step 36400: 0.135339
2025-12-09 05:27:57 INFO     Training average negative_fact_loss at step 36400: 0.119936
2025-12-09 05:27:57 INFO     Training average positive_rule_loss at step 36400: 0.689863
2025-12-09 05:27:57 INFO     Training average negative_rule_loss at step 36400: 0.573585
2025-12-09 05:27:57 INFO     Training average L_uncertainty at step 36400: 10.354786
2025-12-09 05:27:57 INFO     Training average L_kl at step 36400: 10208.218945
2025-12-09 05:27:57 INFO     Training average L_sigma at step 36400: 146.566136
2025-12-09 05:27:57 INFO     Training average mu_mean at step 36400: -0.222159
2025-12-09 05:27:57 INFO     Training average sigma_mean at step 36400: 0.113573
2025-12-09 05:27:57 INFO     Training average regularization at step 36400: 0.008264
2025-12-09 05:27:57 INFO     Training average loss at step 36400: 0.788335
2025-12-09 05:29:10 INFO     Training average positive_fact_loss at step 36500: 0.133281
2025-12-09 05:29:10 INFO     Training average negative_fact_loss at step 36500: 0.118132
2025-12-09 05:29:10 INFO     Training average positive_rule_loss at step 36500: 0.689138
2025-12-09 05:29:10 INFO     Training average negative_rule_loss at step 36500: 0.574171
2025-12-09 05:29:10 INFO     Training average L_uncertainty at step 36500: 10.355028
2025-12-09 05:29:10 INFO     Training average L_kl at step 36500: 10208.282070
2025-12-09 05:29:10 INFO     Training average L_sigma at step 36500: 146.744920
2025-12-09 05:29:10 INFO     Training average mu_mean at step 36500: -0.222963
2025-12-09 05:29:10 INFO     Training average sigma_mean at step 36500: 0.113583
2025-12-09 05:29:10 INFO     Training average regularization at step 36500: 0.008274
2025-12-09 05:29:10 INFO     Training average loss at step 36500: 0.786345
2025-12-09 05:30:13 INFO     Training average positive_fact_loss at step 36600: 0.135908
2025-12-09 05:30:13 INFO     Training average negative_fact_loss at step 36600: 0.118829
2025-12-09 05:30:13 INFO     Training average positive_rule_loss at step 36600: 0.689662
2025-12-09 05:30:13 INFO     Training average negative_rule_loss at step 36600: 0.573713
2025-12-09 05:30:13 INFO     Training average L_uncertainty at step 36600: 10.355581
2025-12-09 05:30:13 INFO     Training average L_kl at step 36600: 10208.809863
2025-12-09 05:30:13 INFO     Training average L_sigma at step 36600: 146.770773
2025-12-09 05:30:13 INFO     Training average mu_mean at step 36600: -0.222497
2025-12-09 05:30:13 INFO     Training average sigma_mean at step 36600: 0.113584
2025-12-09 05:30:13 INFO     Training average regularization at step 36600: 0.008259
2025-12-09 05:30:13 INFO     Training average loss at step 36600: 0.788027
2025-12-09 05:31:26 INFO     Training average positive_fact_loss at step 36700: 0.134284
2025-12-09 05:31:26 INFO     Training average negative_fact_loss at step 36700: 0.119347
2025-12-09 05:31:26 INFO     Training average positive_rule_loss at step 36700: 0.688841
2025-12-09 05:31:26 INFO     Training average negative_rule_loss at step 36700: 0.574424
2025-12-09 05:31:26 INFO     Training average L_uncertainty at step 36700: 10.356051
2025-12-09 05:31:26 INFO     Training average L_kl at step 36700: 10209.110430
2025-12-09 05:31:26 INFO     Training average L_sigma at step 36700: 146.939860
2025-12-09 05:31:26 INFO     Training average mu_mean at step 36700: -0.221836
2025-12-09 05:31:26 INFO     Training average sigma_mean at step 36700: 0.113587
2025-12-09 05:31:26 INFO     Training average regularization at step 36700: 0.008262
2025-12-09 05:31:26 INFO     Training average loss at step 36700: 0.787423
2025-12-09 05:32:31 INFO     Training average positive_fact_loss at step 36800: 0.135422
2025-12-09 05:32:31 INFO     Training average negative_fact_loss at step 36800: 0.120065
2025-12-09 05:32:31 INFO     Training average positive_rule_loss at step 36800: 0.688487
2025-12-09 05:32:31 INFO     Training average negative_rule_loss at step 36800: 0.574687
2025-12-09 05:32:31 INFO     Training average L_uncertainty at step 36800: 10.357641
2025-12-09 05:32:31 INFO     Training average L_kl at step 36800: 10210.920859
2025-12-09 05:32:31 INFO     Training average L_sigma at step 36800: 146.719382
2025-12-09 05:32:31 INFO     Training average mu_mean at step 36800: -0.220919
2025-12-09 05:32:31 INFO     Training average sigma_mean at step 36800: 0.113580
2025-12-09 05:32:31 INFO     Training average regularization at step 36800: 0.008265
2025-12-09 05:32:31 INFO     Training average loss at step 36800: 0.788310
2025-12-09 05:33:39 INFO     Training average positive_fact_loss at step 36900: 0.133993
2025-12-09 05:33:39 INFO     Training average negative_fact_loss at step 36900: 0.118079
2025-12-09 05:33:39 INFO     Training average positive_rule_loss at step 36900: 0.689381
2025-12-09 05:33:39 INFO     Training average negative_rule_loss at step 36900: 0.573883
2025-12-09 05:33:39 INFO     Training average L_uncertainty at step 36900: 10.355526
2025-12-09 05:33:39 INFO     Training average L_kl at step 36900: 10208.406396
2025-12-09 05:33:39 INFO     Training average L_sigma at step 36900: 147.118944
2025-12-09 05:33:39 INFO     Training average mu_mean at step 36900: -0.221143
2025-12-09 05:33:39 INFO     Training average sigma_mean at step 36900: 0.113605
2025-12-09 05:33:39 INFO     Training average regularization at step 36900: 0.008263
2025-12-09 05:33:39 INFO     Training average loss at step 36900: 0.786642
2025-12-09 05:34:52 INFO     Training average positive_fact_loss at step 37000: 0.135173
2025-12-09 05:34:52 INFO     Training average negative_fact_loss at step 37000: 0.118086
2025-12-09 05:34:52 INFO     Training average positive_rule_loss at step 37000: 0.689818
2025-12-09 05:34:52 INFO     Training average negative_rule_loss at step 37000: 0.573745
2025-12-09 05:34:52 INFO     Training average L_uncertainty at step 37000: 10.350706
2025-12-09 05:34:52 INFO     Training average L_kl at step 37000: 10204.183262
2025-12-09 05:34:52 INFO     Training average L_sigma at step 37000: 146.522050
2025-12-09 05:34:52 INFO     Training average mu_mean at step 37000: -0.223558
2025-12-09 05:34:52 INFO     Training average sigma_mean at step 37000: 0.113571
2025-12-09 05:34:52 INFO     Training average regularization at step 37000: 0.008253
2025-12-09 05:34:52 INFO     Training average loss at step 37000: 0.787366
2025-12-09 05:34:52 INFO     Evaluating on Valid Dataset...
2025-12-09 05:34:52 INFO     >>>>> RuleE emb: Evaluating on valid
2025-12-09 05:35:09 INFO     Data : 4076
2025-12-09 05:35:09 INFO     Hit1 : 0.893278
2025-12-09 05:35:09 INFO     Hit3 : 0.974730
2025-12-09 05:35:09 INFO     Hit10: 0.990677
2025-12-09 05:35:09 INFO     MR   : 17.675172
2025-12-09 05:35:09 INFO     MRR  : 0.935040
2025-12-09 05:36:14 INFO     Training average positive_fact_loss at step 37100: 0.134076
2025-12-09 05:36:14 INFO     Training average negative_fact_loss at step 37100: 0.119195
2025-12-09 05:36:14 INFO     Training average positive_rule_loss at step 37100: 0.688835
2025-12-09 05:36:14 INFO     Training average negative_rule_loss at step 37100: 0.574391
2025-12-09 05:36:14 INFO     Training average L_uncertainty at step 37100: 10.352851
2025-12-09 05:36:14 INFO     Training average L_kl at step 37100: 10205.962187
2025-12-09 05:36:14 INFO     Training average L_sigma at step 37100: 146.888853
2025-12-09 05:36:14 INFO     Training average mu_mean at step 37100: -0.222195
2025-12-09 05:36:14 INFO     Training average sigma_mean at step 37100: 0.113592
2025-12-09 05:36:14 INFO     Training average regularization at step 37100: 0.008262
2025-12-09 05:36:14 INFO     Training average loss at step 37100: 0.787216
2025-12-09 05:37:27 INFO     Training average positive_fact_loss at step 37200: 0.134402
2025-12-09 05:37:27 INFO     Training average negative_fact_loss at step 37200: 0.118590
2025-12-09 05:37:27 INFO     Training average positive_rule_loss at step 37200: 0.688963
2025-12-09 05:37:27 INFO     Training average negative_rule_loss at step 37200: 0.574473
2025-12-09 05:37:27 INFO     Training average L_uncertainty at step 37200: 10.351887
2025-12-09 05:37:27 INFO     Training average L_kl at step 37200: 10205.197285
2025-12-09 05:37:27 INFO     Training average L_sigma at step 37200: 146.689200
2025-12-09 05:37:27 INFO     Training average mu_mean at step 37200: -0.221505
2025-12-09 05:37:27 INFO     Training average sigma_mean at step 37200: 0.113584
2025-12-09 05:37:27 INFO     Training average regularization at step 37200: 0.008267
2025-12-09 05:37:27 INFO     Training average loss at step 37200: 0.787185
2025-12-09 05:38:28 INFO     Training average positive_fact_loss at step 37300: 0.134994
2025-12-09 05:38:28 INFO     Training average negative_fact_loss at step 37300: 0.118248
2025-12-09 05:38:28 INFO     Training average positive_rule_loss at step 37300: 0.689390
2025-12-09 05:38:28 INFO     Training average negative_rule_loss at step 37300: 0.574159
2025-12-09 05:38:28 INFO     Training average L_uncertainty at step 37300: 10.348844
2025-12-09 05:38:28 INFO     Training average L_kl at step 37300: 10202.012900
2025-12-09 05:38:28 INFO     Training average L_sigma at step 37300: 146.830263
2025-12-09 05:38:28 INFO     Training average mu_mean at step 37300: -0.222173
2025-12-09 05:38:28 INFO     Training average sigma_mean at step 37300: 0.113592
2025-12-09 05:38:28 INFO     Training average regularization at step 37300: 0.008251
2025-12-09 05:38:28 INFO     Training average loss at step 37300: 0.787345
2025-12-09 05:39:40 INFO     Training average positive_fact_loss at step 37400: 0.133874
2025-12-09 05:39:40 INFO     Training average negative_fact_loss at step 37400: 0.118328
2025-12-09 05:39:40 INFO     Training average positive_rule_loss at step 37400: 0.688851
2025-12-09 05:39:40 INFO     Training average negative_rule_loss at step 37400: 0.574476
2025-12-09 05:39:40 INFO     Training average L_uncertainty at step 37400: 10.355005
2025-12-09 05:39:40 INFO     Training average L_kl at step 37400: 10208.364111
2025-12-09 05:39:40 INFO     Training average L_sigma at step 37400: 146.639979
2025-12-09 05:39:40 INFO     Training average mu_mean at step 37400: -0.220610
2025-12-09 05:39:40 INFO     Training average sigma_mean at step 37400: 0.113582
2025-12-09 05:39:40 INFO     Training average regularization at step 37400: 0.008254
2025-12-09 05:39:40 INFO     Training average loss at step 37400: 0.786729
2025-12-09 05:40:41 INFO     Training average positive_fact_loss at step 37500: 0.134860
2025-12-09 05:40:41 INFO     Training average negative_fact_loss at step 37500: 0.119851
2025-12-09 05:40:41 INFO     Training average positive_rule_loss at step 37500: 0.689602
2025-12-09 05:40:41 INFO     Training average negative_rule_loss at step 37500: 0.573877
2025-12-09 05:40:41 INFO     Training average L_uncertainty at step 37500: 10.347829
2025-12-09 05:40:41 INFO     Training average L_kl at step 37500: 10201.090811
2025-12-09 05:40:41 INFO     Training average L_sigma at step 37500: 146.737849
2025-12-09 05:40:41 INFO     Training average mu_mean at step 37500: -0.223195
2025-12-09 05:40:41 INFO     Training average sigma_mean at step 37500: 0.113588
2025-12-09 05:40:41 INFO     Training average regularization at step 37500: 0.008257
2025-12-09 05:40:41 INFO     Training average loss at step 37500: 0.788048
2025-12-09 05:41:54 INFO     Training average positive_fact_loss at step 37600: 0.133891
2025-12-09 05:41:54 INFO     Training average negative_fact_loss at step 37600: 0.119277
2025-12-09 05:41:54 INFO     Training average positive_rule_loss at step 37600: 0.689522
2025-12-09 05:41:54 INFO     Training average negative_rule_loss at step 37600: 0.574031
2025-12-09 05:41:54 INFO     Training average L_uncertainty at step 37600: 10.346734
2025-12-09 05:41:54 INFO     Training average L_kl at step 37600: 10199.861787
2025-12-09 05:41:54 INFO     Training average L_sigma at step 37600: 146.871521
2025-12-09 05:41:54 INFO     Training average mu_mean at step 37600: -0.222529
2025-12-09 05:41:54 INFO     Training average sigma_mean at step 37600: 0.113596
2025-12-09 05:41:54 INFO     Training average regularization at step 37600: 0.008255
2025-12-09 05:41:54 INFO     Training average loss at step 37600: 0.787309
2025-12-09 05:42:55 INFO     Training average positive_fact_loss at step 37700: 0.135197
2025-12-09 05:42:55 INFO     Training average negative_fact_loss at step 37700: 0.118164
2025-12-09 05:42:55 INFO     Training average positive_rule_loss at step 37700: 0.689244
2025-12-09 05:42:55 INFO     Training average negative_rule_loss at step 37700: 0.574207
2025-12-09 05:42:55 INFO     Training average L_uncertainty at step 37700: 10.346435
2025-12-09 05:42:55 INFO     Training average L_kl at step 37700: 10199.627568
2025-12-09 05:42:55 INFO     Training average L_sigma at step 37700: 146.806790
2025-12-09 05:42:55 INFO     Training average mu_mean at step 37700: -0.221514
2025-12-09 05:42:55 INFO     Training average sigma_mean at step 37700: 0.113589
2025-12-09 05:42:55 INFO     Training average regularization at step 37700: 0.008262
2025-12-09 05:42:55 INFO     Training average loss at step 37700: 0.787361
2025-12-09 05:44:07 INFO     Training average positive_fact_loss at step 37800: 0.133657
2025-12-09 05:44:07 INFO     Training average negative_fact_loss at step 37800: 0.117663
2025-12-09 05:44:07 INFO     Training average positive_rule_loss at step 37800: 0.688855
2025-12-09 05:44:07 INFO     Training average negative_rule_loss at step 37800: 0.574450
2025-12-09 05:44:07 INFO     Training average L_uncertainty at step 37800: 10.353733
2025-12-09 05:44:07 INFO     Training average L_kl at step 37800: 10207.002432
2025-12-09 05:44:07 INFO     Training average L_sigma at step 37800: 146.729832
2025-12-09 05:44:07 INFO     Training average mu_mean at step 37800: -0.221610
2025-12-09 05:44:07 INFO     Training average sigma_mean at step 37800: 0.113585
2025-12-09 05:44:07 INFO     Training average regularization at step 37800: 0.008251
2025-12-09 05:44:07 INFO     Training average loss at step 37800: 0.786271
2025-12-09 05:45:08 INFO     Training average positive_fact_loss at step 37900: 0.135272
2025-12-09 05:45:08 INFO     Training average negative_fact_loss at step 37900: 0.118665
2025-12-09 05:45:08 INFO     Training average positive_rule_loss at step 37900: 0.689665
2025-12-09 05:45:08 INFO     Training average negative_rule_loss at step 37900: 0.573906
2025-12-09 05:45:08 INFO     Training average L_uncertainty at step 37900: 10.352417
2025-12-09 05:45:08 INFO     Training average L_kl at step 37900: 10206.483281
2025-12-09 05:45:08 INFO     Training average L_sigma at step 37900: 145.933415
2025-12-09 05:45:08 INFO     Training average mu_mean at step 37900: -0.222409
2025-12-09 05:45:08 INFO     Training average sigma_mean at step 37900: 0.113550
2025-12-09 05:45:08 INFO     Training average regularization at step 37900: 0.008253
2025-12-09 05:45:08 INFO     Training average loss at step 37900: 0.787712
2025-12-09 05:46:21 INFO     Training average positive_fact_loss at step 38000: 0.133536
2025-12-09 05:46:21 INFO     Training average negative_fact_loss at step 38000: 0.117478
2025-12-09 05:46:21 INFO     Training average positive_rule_loss at step 38000: 0.689257
2025-12-09 05:46:21 INFO     Training average negative_rule_loss at step 38000: 0.574111
2025-12-09 05:46:21 INFO     Training average L_uncertainty at step 38000: 10.349417
2025-12-09 05:46:21 INFO     Training average L_kl at step 38000: 10202.236094
2025-12-09 05:46:21 INFO     Training average L_sigma at step 38000: 147.180543
2025-12-09 05:46:21 INFO     Training average mu_mean at step 38000: -0.222187
2025-12-09 05:46:21 INFO     Training average sigma_mean at step 38000: 0.113613
2025-12-09 05:46:21 INFO     Training average regularization at step 38000: 0.008253
2025-12-09 05:46:21 INFO     Training average loss at step 38000: 0.786143
2025-12-09 05:46:21 INFO     Evaluating on Valid Dataset...
2025-12-09 05:46:21 INFO     >>>>> RuleE emb: Evaluating on valid
2025-12-09 05:46:37 INFO     Data : 4076
2025-12-09 05:46:37 INFO     Hit1 : 0.890088
2025-12-09 05:46:37 INFO     Hit3 : 0.975466
2025-12-09 05:46:37 INFO     Hit10: 0.990922
2025-12-09 05:46:37 INFO     MR   : 17.747547
2025-12-09 05:46:37 INFO     MRR  : 0.933337
2025-12-09 05:47:51 INFO     Training average positive_fact_loss at step 38100: 0.134736
2025-12-09 05:47:51 INFO     Training average negative_fact_loss at step 38100: 0.119001
2025-12-09 05:47:51 INFO     Training average positive_rule_loss at step 38100: 0.688970
2025-12-09 05:47:51 INFO     Training average negative_rule_loss at step 38100: 0.574295
2025-12-09 05:47:51 INFO     Training average L_uncertainty at step 38100: 10.356904
2025-12-09 05:47:51 INFO     Training average L_kl at step 38100: 10209.950928
2025-12-09 05:47:51 INFO     Training average L_sigma at step 38100: 146.952572
2025-12-09 05:47:51 INFO     Training average mu_mean at step 38100: -0.221476
2025-12-09 05:47:51 INFO     Training average sigma_mean at step 38100: 0.113603
2025-12-09 05:47:51 INFO     Training average regularization at step 38100: 0.008254
2025-12-09 05:47:51 INFO     Training average loss at step 38100: 0.787469
2025-12-09 05:48:53 INFO     Training average positive_fact_loss at step 38200: 0.133986
2025-12-09 05:48:53 INFO     Training average negative_fact_loss at step 38200: 0.118536
2025-12-09 05:48:53 INFO     Training average positive_rule_loss at step 38200: 0.689360
2025-12-09 05:48:53 INFO     Training average negative_rule_loss at step 38200: 0.574127
2025-12-09 05:48:53 INFO     Training average L_uncertainty at step 38200: 10.345079
2025-12-09 05:48:53 INFO     Training average L_kl at step 38200: 10198.428525
2025-12-09 05:48:53 INFO     Training average L_sigma at step 38200: 146.649752
2025-12-09 05:48:53 INFO     Training average mu_mean at step 38200: -0.223253
2025-12-09 05:48:53 INFO     Training average sigma_mean at step 38200: 0.113587
2025-12-09 05:48:53 INFO     Training average regularization at step 38200: 0.008253
2025-12-09 05:48:53 INFO     Training average loss at step 38200: 0.786948
2025-12-09 05:50:05 INFO     Training average positive_fact_loss at step 38300: 0.134773
2025-12-09 05:50:05 INFO     Training average negative_fact_loss at step 38300: 0.120075
2025-12-09 05:50:05 INFO     Training average positive_rule_loss at step 38300: 0.689230
2025-12-09 05:50:05 INFO     Training average negative_rule_loss at step 38300: 0.574240
2025-12-09 05:50:05 INFO     Training average L_uncertainty at step 38300: 10.352275
2025-12-09 05:50:05 INFO     Training average L_kl at step 38300: 10205.775010
2025-12-09 05:50:05 INFO     Training average L_sigma at step 38300: 146.499471
2025-12-09 05:50:05 INFO     Training average mu_mean at step 38300: -0.222141
2025-12-09 05:50:05 INFO     Training average sigma_mean at step 38300: 0.113581
2025-12-09 05:50:05 INFO     Training average regularization at step 38300: 0.008241
2025-12-09 05:50:05 INFO     Training average loss at step 38300: 0.788104
2025-12-09 05:51:07 INFO     Training average positive_fact_loss at step 38400: 0.133814
2025-12-09 05:51:07 INFO     Training average negative_fact_loss at step 38400: 0.116920
2025-12-09 05:51:07 INFO     Training average positive_rule_loss at step 38400: 0.689483
2025-12-09 05:51:07 INFO     Training average negative_rule_loss at step 38400: 0.574052
2025-12-09 05:51:07 INFO     Training average L_uncertainty at step 38400: 10.349734
2025-12-09 05:51:07 INFO     Training average L_kl at step 38400: 10203.132949
2025-12-09 05:51:07 INFO     Training average L_sigma at step 38400: 146.600252
2025-12-09 05:51:07 INFO     Training average mu_mean at step 38400: -0.221691
2025-12-09 05:51:07 INFO     Training average sigma_mean at step 38400: 0.113586
2025-12-09 05:51:07 INFO     Training average regularization at step 38400: 0.008258
2025-12-09 05:51:07 INFO     Training average loss at step 38400: 0.786093
2025-12-09 05:52:19 INFO     Training average positive_fact_loss at step 38500: 0.134194
2025-12-09 05:52:19 INFO     Training average negative_fact_loss at step 38500: 0.118719
2025-12-09 05:52:19 INFO     Training average positive_rule_loss at step 38500: 0.689442
2025-12-09 05:52:19 INFO     Training average negative_rule_loss at step 38500: 0.573993
2025-12-09 05:52:19 INFO     Training average L_uncertainty at step 38500: 10.349626
2025-12-09 05:52:19 INFO     Training average L_kl at step 38500: 10202.879922
2025-12-09 05:52:19 INFO     Training average L_sigma at step 38500: 146.745271
2025-12-09 05:52:19 INFO     Training average mu_mean at step 38500: -0.223179
2025-12-09 05:52:19 INFO     Training average sigma_mean at step 38500: 0.113593
2025-12-09 05:52:19 INFO     Training average regularization at step 38500: 0.008243
2025-12-09 05:52:19 INFO     Training average loss at step 38500: 0.787116
2025-12-09 05:53:20 INFO     Training average positive_fact_loss at step 38600: 0.134673
2025-12-09 05:53:20 INFO     Training average negative_fact_loss at step 38600: 0.117039
2025-12-09 05:53:20 INFO     Training average positive_rule_loss at step 38600: 0.689110
2025-12-09 05:53:20 INFO     Training average negative_rule_loss at step 38600: 0.574189
2025-12-09 05:53:20 INFO     Training average L_uncertainty at step 38600: 10.352258
2025-12-09 05:53:20 INFO     Training average L_kl at step 38600: 10205.754336
2025-12-09 05:53:20 INFO     Training average L_sigma at step 38600: 146.503315
2025-12-09 05:53:20 INFO     Training average mu_mean at step 38600: -0.222564
2025-12-09 05:53:20 INFO     Training average sigma_mean at step 38600: 0.113579
2025-12-09 05:53:20 INFO     Training average regularization at step 38600: 0.008245
2025-12-09 05:53:20 INFO     Training average loss at step 38600: 0.786455
2025-12-09 05:54:32 INFO     Training average positive_fact_loss at step 38700: 0.133948
2025-12-09 05:54:32 INFO     Training average negative_fact_loss at step 38700: 0.118381
2025-12-09 05:54:32 INFO     Training average positive_rule_loss at step 38700: 0.689695
2025-12-09 05:54:32 INFO     Training average negative_rule_loss at step 38700: 0.573870
2025-12-09 05:54:32 INFO     Training average L_uncertainty at step 38700: 10.348760
2025-12-09 05:54:32 INFO     Training average L_kl at step 38700: 10201.671709
2025-12-09 05:54:32 INFO     Training average L_sigma at step 38700: 147.088175
2025-12-09 05:54:32 INFO     Training average mu_mean at step 38700: -0.221953
2025-12-09 05:54:32 INFO     Training average sigma_mean at step 38700: 0.113611
2025-12-09 05:54:32 INFO     Training average regularization at step 38700: 0.008240
2025-12-09 05:54:32 INFO     Training average loss at step 38700: 0.786885
2025-12-09 05:55:34 INFO     Training average positive_fact_loss at step 38800: 0.134512
2025-12-09 05:55:34 INFO     Training average negative_fact_loss at step 38800: 0.118363
2025-12-09 05:55:34 INFO     Training average positive_rule_loss at step 38800: 0.689262
2025-12-09 05:55:34 INFO     Training average negative_rule_loss at step 38800: 0.574141
2025-12-09 05:55:34 INFO     Training average L_uncertainty at step 38800: 10.351333
2025-12-09 05:55:34 INFO     Training average L_kl at step 38800: 10204.741230
2025-12-09 05:55:34 INFO     Training average L_sigma at step 38800: 146.591281
2025-12-09 05:55:34 INFO     Training average mu_mean at step 38800: -0.222108
2025-12-09 05:55:34 INFO     Training average sigma_mean at step 38800: 0.113587
2025-12-09 05:55:34 INFO     Training average regularization at step 38800: 0.008249
2025-12-09 05:55:34 INFO     Training average loss at step 38800: 0.787090
2025-12-09 05:56:49 INFO     Training average positive_fact_loss at step 38900: 0.133826
2025-12-09 05:56:49 INFO     Training average negative_fact_loss at step 38900: 0.118400
2025-12-09 05:56:49 INFO     Training average positive_rule_loss at step 38900: 0.689406
2025-12-09 05:56:49 INFO     Training average negative_rule_loss at step 38900: 0.573989
2025-12-09 05:56:49 INFO     Training average L_uncertainty at step 38900: 10.349197
2025-12-09 05:56:49 INFO     Training average L_kl at step 38900: 10202.441484
2025-12-09 05:56:49 INFO     Training average L_sigma at step 38900: 146.754996
2025-12-09 05:56:49 INFO     Training average mu_mean at step 38900: -0.222212
2025-12-09 05:56:49 INFO     Training average sigma_mean at step 38900: 0.113597
2025-12-09 05:56:49 INFO     Training average regularization at step 38900: 0.008243
2025-12-09 05:56:49 INFO     Training average loss at step 38900: 0.786751
2025-12-09 05:57:51 INFO     Training average positive_fact_loss at step 39000: 0.134459
2025-12-09 05:57:51 INFO     Training average negative_fact_loss at step 39000: 0.117692
2025-12-09 05:57:51 INFO     Training average positive_rule_loss at step 39000: 0.688610
2025-12-09 05:57:51 INFO     Training average negative_rule_loss at step 39000: 0.574657
2025-12-09 05:57:51 INFO     Training average L_uncertainty at step 39000: 10.355012
2025-12-09 05:57:51 INFO     Training average L_kl at step 39000: 10208.343730
2025-12-09 05:57:51 INFO     Training average L_sigma at step 39000: 146.667744
2025-12-09 05:57:51 INFO     Training average mu_mean at step 39000: -0.221188
2025-12-09 05:57:51 INFO     Training average sigma_mean at step 39000: 0.113593
2025-12-09 05:57:51 INFO     Training average regularization at step 39000: 0.008246
2025-12-09 05:57:51 INFO     Training average loss at step 39000: 0.786665
2025-12-09 05:57:51 INFO     Evaluating on Valid Dataset...
2025-12-09 05:57:51 INFO     >>>>> RuleE emb: Evaluating on valid
2025-12-09 05:58:10 INFO     Data : 4076
2025-12-09 05:58:10 INFO     Hit1 : 0.890334
2025-12-09 05:58:10 INFO     Hit3 : 0.974239
2025-12-09 05:58:10 INFO     Hit10: 0.990677
2025-12-09 05:58:10 INFO     MR   : 17.631256
2025-12-09 05:58:10 INFO     MRR  : 0.932720
2025-12-09 05:59:23 INFO     Training average positive_fact_loss at step 39100: 0.133912
2025-12-09 05:59:23 INFO     Training average negative_fact_loss at step 39100: 0.118207
2025-12-09 05:59:23 INFO     Training average positive_rule_loss at step 39100: 0.688880
2025-12-09 05:59:23 INFO     Training average negative_rule_loss at step 39100: 0.574287
2025-12-09 05:59:23 INFO     Training average L_uncertainty at step 39100: 10.358838
2025-12-09 05:59:23 INFO     Training average L_kl at step 39100: 10211.982129
2025-12-09 05:59:23 INFO     Training average L_sigma at step 39100: 146.855771
2025-12-09 05:59:23 INFO     Training average mu_mean at step 39100: -0.221114
2025-12-09 05:59:23 INFO     Training average sigma_mean at step 39100: 0.113598
2025-12-09 05:59:23 INFO     Training average regularization at step 39100: 0.008237
2025-12-09 05:59:23 INFO     Training average loss at step 39100: 0.786598
2025-12-09 06:00:35 INFO     Training average positive_fact_loss at step 39200: 0.133980
2025-12-09 06:00:35 INFO     Training average negative_fact_loss at step 39200: 0.117637
2025-12-09 06:00:35 INFO     Training average positive_rule_loss at step 39200: 0.688949
2025-12-09 06:00:35 INFO     Training average negative_rule_loss at step 39200: 0.574560
2025-12-09 06:00:35 INFO     Training average L_uncertainty at step 39200: 10.346932
2025-12-09 06:00:35 INFO     Training average L_kl at step 39200: 10200.041660
2025-12-09 06:00:35 INFO     Training average L_sigma at step 39200: 146.890225
2025-12-09 06:00:35 INFO     Training average mu_mean at step 39200: -0.220484
2025-12-09 06:00:35 INFO     Training average sigma_mean at step 39200: 0.113605
2025-12-09 06:00:35 INFO     Training average regularization at step 39200: 0.008245
2025-12-09 06:00:35 INFO     Training average loss at step 39200: 0.786502
2025-12-09 06:01:37 INFO     Training average positive_fact_loss at step 39300: 0.133541
2025-12-09 06:01:37 INFO     Training average negative_fact_loss at step 39300: 0.117156
2025-12-09 06:01:37 INFO     Training average positive_rule_loss at step 39300: 0.689182
2025-12-09 06:01:37 INFO     Training average negative_rule_loss at step 39300: 0.574181
2025-12-09 06:01:37 INFO     Training average L_uncertainty at step 39300: 10.347496
2025-12-09 06:01:37 INFO     Training average L_kl at step 39300: 10200.590898
2025-12-09 06:01:37 INFO     Training average L_sigma at step 39300: 146.904145
2025-12-09 06:01:37 INFO     Training average mu_mean at step 39300: -0.222070
2025-12-09 06:01:37 INFO     Training average sigma_mean at step 39300: 0.113604
2025-12-09 06:01:37 INFO     Training average regularization at step 39300: 0.008236
2025-12-09 06:01:37 INFO     Training average loss at step 39300: 0.785961
2025-12-09 06:02:51 INFO     Training average positive_fact_loss at step 39400: 0.134197
2025-12-09 06:02:51 INFO     Training average negative_fact_loss at step 39400: 0.117681
2025-12-09 06:02:51 INFO     Training average positive_rule_loss at step 39400: 0.688897
2025-12-09 06:02:51 INFO     Training average negative_rule_loss at step 39400: 0.574624
2025-12-09 06:02:51 INFO     Training average L_uncertainty at step 39400: 10.345965
2025-12-09 06:02:51 INFO     Training average L_kl at step 39400: 10199.099746
2025-12-09 06:02:51 INFO     Training average L_sigma at step 39400: 146.864341
2025-12-09 06:02:51 INFO     Training average mu_mean at step 39400: -0.221244
2025-12-09 06:02:51 INFO     Training average sigma_mean at step 39400: 0.113599
2025-12-09 06:02:51 INFO     Training average regularization at step 39400: 0.008242
2025-12-09 06:02:51 INFO     Training average loss at step 39400: 0.786633
2025-12-09 06:03:51 INFO     Training average positive_fact_loss at step 39500: 0.133694
2025-12-09 06:03:51 INFO     Training average negative_fact_loss at step 39500: 0.119857
2025-12-09 06:03:51 INFO     Training average positive_rule_loss at step 39500: 0.689302
2025-12-09 06:03:51 INFO     Training average negative_rule_loss at step 39500: 0.574124
2025-12-09 06:03:51 INFO     Training average L_uncertainty at step 39500: 10.353366
2025-12-09 06:03:51 INFO     Training average L_kl at step 39500: 10206.833652
2025-12-09 06:03:51 INFO     Training average L_sigma at step 39500: 146.531535
2025-12-09 06:03:51 INFO     Training average mu_mean at step 39500: -0.221136
2025-12-09 06:03:51 INFO     Training average sigma_mean at step 39500: 0.113586
2025-12-09 06:03:51 INFO     Training average regularization at step 39500: 0.008243
2025-12-09 06:03:51 INFO     Training average loss at step 39500: 0.787438
2025-12-09 06:05:04 INFO     Training average positive_fact_loss at step 39600: 0.133581
2025-12-09 06:05:04 INFO     Training average negative_fact_loss at step 39600: 0.116640
2025-12-09 06:05:04 INFO     Training average positive_rule_loss at step 39600: 0.689162
2025-12-09 06:05:04 INFO     Training average negative_rule_loss at step 39600: 0.574449
2025-12-09 06:05:04 INFO     Training average L_uncertainty at step 39600: 10.347569
2025-12-09 06:05:04 INFO     Training average L_kl at step 39600: 10201.676074
2025-12-09 06:05:04 INFO     Training average L_sigma at step 39600: 145.892114
2025-12-09 06:05:04 INFO     Training average mu_mean at step 39600: -0.222036
2025-12-09 06:05:04 INFO     Training average sigma_mean at step 39600: 0.113554
2025-12-09 06:05:04 INFO     Training average regularization at step 39600: 0.008248
2025-12-09 06:05:04 INFO     Training average loss at step 39600: 0.785859
2025-12-09 06:06:05 INFO     Training average positive_fact_loss at step 39700: 0.134386
2025-12-09 06:06:05 INFO     Training average negative_fact_loss at step 39700: 0.116660
2025-12-09 06:06:05 INFO     Training average positive_rule_loss at step 39700: 0.689465
2025-12-09 06:06:05 INFO     Training average negative_rule_loss at step 39700: 0.574008
2025-12-09 06:06:05 INFO     Training average L_uncertainty at step 39700: 10.347193
2025-12-09 06:06:05 INFO     Training average L_kl at step 39700: 10200.313848
2025-12-09 06:06:05 INFO     Training average L_sigma at step 39700: 146.878287
2025-12-09 06:06:05 INFO     Training average mu_mean at step 39700: -0.222874
2025-12-09 06:06:05 INFO     Training average sigma_mean at step 39700: 0.113609
2025-12-09 06:06:05 INFO     Training average regularization at step 39700: 0.008239
2025-12-09 06:06:05 INFO     Training average loss at step 39700: 0.786192
2025-12-09 06:07:20 INFO     Training average positive_fact_loss at step 39800: 0.133885
2025-12-09 06:07:20 INFO     Training average negative_fact_loss at step 39800: 0.118895
2025-12-09 06:07:20 INFO     Training average positive_rule_loss at step 39800: 0.689444
2025-12-09 06:07:20 INFO     Training average negative_rule_loss at step 39800: 0.574008
2025-12-09 06:07:20 INFO     Training average L_uncertainty at step 39800: 10.350388
2025-12-09 06:07:20 INFO     Training average L_kl at step 39800: 10203.452559
2025-12-09 06:07:20 INFO     Training average L_sigma at step 39800: 146.935041
2025-12-09 06:07:20 INFO     Training average mu_mean at step 39800: -0.222461
2025-12-09 06:07:20 INFO     Training average sigma_mean at step 39800: 0.113607
2025-12-09 06:07:20 INFO     Training average regularization at step 39800: 0.008231
2025-12-09 06:07:20 INFO     Training average loss at step 39800: 0.787047
2025-12-09 06:08:20 INFO     Training average positive_fact_loss at step 39900: 0.133902
2025-12-09 06:08:20 INFO     Training average negative_fact_loss at step 39900: 0.118108
2025-12-09 06:08:20 INFO     Training average positive_rule_loss at step 39900: 0.689242
2025-12-09 06:08:20 INFO     Training average negative_rule_loss at step 39900: 0.574232
2025-12-09 06:08:20 INFO     Training average L_uncertainty at step 39900: 10.350651
2025-12-09 06:08:20 INFO     Training average L_kl at step 39900: 10204.554697
2025-12-09 06:08:20 INFO     Training average L_sigma at step 39900: 146.095461
2025-12-09 06:08:20 INFO     Training average mu_mean at step 39900: -0.221852
2025-12-09 06:08:20 INFO     Training average sigma_mean at step 39900: 0.113570
2025-12-09 06:08:20 INFO     Training average regularization at step 39900: 0.008237
2025-12-09 06:08:20 INFO     Training average loss at step 39900: 0.786680
2025-12-09 06:09:33 INFO     Training average positive_fact_loss at step 40000: 0.133987
2025-12-09 06:09:33 INFO     Training average negative_fact_loss at step 40000: 0.118683
2025-12-09 06:09:33 INFO     Training average positive_rule_loss at step 40000: 0.689211
2025-12-09 06:09:33 INFO     Training average negative_rule_loss at step 40000: 0.574194
2025-12-09 06:09:33 INFO     Training average L_uncertainty at step 40000: 10.346193
2025-12-09 06:09:33 INFO     Training average L_kl at step 40000: 10199.048232
2025-12-09 06:09:33 INFO     Training average L_sigma at step 40000: 147.144647
2025-12-09 06:09:33 INFO     Training average mu_mean at step 40000: -0.221824
2025-12-09 06:09:33 INFO     Training average sigma_mean at step 40000: 0.113618
2025-12-09 06:09:33 INFO     Training average regularization at step 40000: 0.008230
2025-12-09 06:09:33 INFO     Training average loss at step 40000: 0.786960
2025-12-09 06:09:33 INFO     Evaluating on Valid Dataset...
2025-12-09 06:09:33 INFO     >>>>> RuleE emb: Evaluating on valid
2025-12-09 06:09:51 INFO     Data : 4076
2025-12-09 06:09:51 INFO     Hit1 : 0.894750
2025-12-09 06:09:51 INFO     Hit3 : 0.974485
2025-12-09 06:09:51 INFO     Hit10: 0.990432
2025-12-09 06:09:51 INFO     MR   : 17.545633
2025-12-09 06:09:51 INFO     MRR  : 0.935342
2025-12-09 06:10:55 INFO     Training average positive_fact_loss at step 40100: 0.134106
2025-12-09 06:10:55 INFO     Training average negative_fact_loss at step 40100: 0.116709
2025-12-09 06:10:55 INFO     Training average positive_rule_loss at step 40100: 0.688428
2025-12-09 06:10:55 INFO     Training average negative_rule_loss at step 40100: 0.574620
2025-12-09 06:10:55 INFO     Training average L_uncertainty at step 40100: 10.362613
2025-12-09 06:10:55 INFO     Training average L_kl at step 40100: 10215.835762
2025-12-09 06:10:55 INFO     Training average L_sigma at step 40100: 146.777194
2025-12-09 06:10:55 INFO     Training average mu_mean at step 40100: -0.220584
2025-12-09 06:10:55 INFO     Training average sigma_mean at step 40100: 0.113603
2025-12-09 06:10:55 INFO     Training average regularization at step 40100: 0.008241
2025-12-09 06:10:55 INFO     Training average loss at step 40100: 0.785898
2025-12-09 06:12:08 INFO     Training average positive_fact_loss at step 40200: 0.133014
2025-12-09 06:12:08 INFO     Training average negative_fact_loss at step 40200: 0.117647
2025-12-09 06:12:08 INFO     Training average positive_rule_loss at step 40200: 0.689005
2025-12-09 06:12:08 INFO     Training average negative_rule_loss at step 40200: 0.574265
2025-12-09 06:12:08 INFO     Training average L_uncertainty at step 40200: 10.352769
2025-12-09 06:12:08 INFO     Training average L_kl at step 40200: 10206.157324
2025-12-09 06:12:08 INFO     Training average L_sigma at step 40200: 146.611323
2025-12-09 06:12:08 INFO     Training average mu_mean at step 40200: -0.221583
2025-12-09 06:12:08 INFO     Training average sigma_mean at step 40200: 0.113593
2025-12-09 06:12:08 INFO     Training average regularization at step 40200: 0.008232
2025-12-09 06:12:08 INFO     Training average loss at step 40200: 0.785903
2025-12-09 06:13:20 INFO     Training average positive_fact_loss at step 40300: 0.134682
2025-12-09 06:13:20 INFO     Training average negative_fact_loss at step 40300: 0.118815
2025-12-09 06:13:20 INFO     Training average positive_rule_loss at step 40300: 0.689081
2025-12-09 06:13:20 INFO     Training average negative_rule_loss at step 40300: 0.574174
2025-12-09 06:13:20 INFO     Training average L_uncertainty at step 40300: 10.355862
2025-12-09 06:13:20 INFO     Training average L_kl at step 40300: 10209.328877
2025-12-09 06:13:20 INFO     Training average L_sigma at step 40300: 146.532209
2025-12-09 06:13:20 INFO     Training average mu_mean at step 40300: -0.221832
2025-12-09 06:13:20 INFO     Training average sigma_mean at step 40300: 0.113591
2025-12-09 06:13:20 INFO     Training average regularization at step 40300: 0.008240
2025-12-09 06:13:20 INFO     Training average loss at step 40300: 0.787328
2025-12-09 06:14:22 INFO     Training average positive_fact_loss at step 40400: 0.133506
2025-12-09 06:14:22 INFO     Training average negative_fact_loss at step 40400: 0.118824
2025-12-09 06:14:22 INFO     Training average positive_rule_loss at step 40400: 0.688944
2025-12-09 06:14:22 INFO     Training average negative_rule_loss at step 40400: 0.574340
2025-12-09 06:14:22 INFO     Training average L_uncertainty at step 40400: 10.349886
2025-12-09 06:14:22 INFO     Training average L_kl at step 40400: 10202.923340
2025-12-09 06:14:22 INFO     Training average L_sigma at step 40400: 146.961835
2025-12-09 06:14:22 INFO     Training average mu_mean at step 40400: -0.221642
2025-12-09 06:14:22 INFO     Training average sigma_mean at step 40400: 0.113612
2025-12-09 06:14:22 INFO     Training average regularization at step 40400: 0.008235
2025-12-09 06:14:22 INFO     Training average loss at step 40400: 0.786742
2025-12-09 06:15:35 INFO     Training average positive_fact_loss at step 40500: 0.134630
2025-12-09 06:15:35 INFO     Training average negative_fact_loss at step 40500: 0.118909
2025-12-09 06:15:35 INFO     Training average positive_rule_loss at step 40500: 0.689841
2025-12-09 06:15:35 INFO     Training average negative_rule_loss at step 40500: 0.573628
2025-12-09 06:15:35 INFO     Training average L_uncertainty at step 40500: 10.355158
2025-12-09 06:15:35 INFO     Training average L_kl at step 40500: 10208.764639
2025-12-09 06:15:35 INFO     Training average L_sigma at step 40500: 146.392954
2025-12-09 06:15:35 INFO     Training average mu_mean at step 40500: -0.222732
2025-12-09 06:15:35 INFO     Training average sigma_mean at step 40500: 0.113585
2025-12-09 06:15:35 INFO     Training average regularization at step 40500: 0.008235
2025-12-09 06:15:35 INFO     Training average loss at step 40500: 0.787449
2025-12-09 06:16:37 INFO     Training average positive_fact_loss at step 40600: 0.133648
2025-12-09 06:16:37 INFO     Training average negative_fact_loss at step 40600: 0.117323
2025-12-09 06:16:37 INFO     Training average positive_rule_loss at step 40600: 0.689129
2025-12-09 06:16:37 INFO     Training average negative_rule_loss at step 40600: 0.574127
2025-12-09 06:16:37 INFO     Training average L_uncertainty at step 40600: 10.355434
2025-12-09 06:16:37 INFO     Training average L_kl at step 40600: 10209.126328
2025-12-09 06:16:37 INFO     Training average L_sigma at step 40600: 146.307648
2025-12-09 06:16:37 INFO     Training average mu_mean at step 40600: -0.222365
2025-12-09 06:16:37 INFO     Training average sigma_mean at step 40600: 0.113582
2025-12-09 06:16:37 INFO     Training average regularization at step 40600: 0.008245
2025-12-09 06:16:37 INFO     Training average loss at step 40600: 0.786069
2025-12-09 06:17:50 INFO     Training average positive_fact_loss at step 40700: 0.134375
2025-12-09 06:17:50 INFO     Training average negative_fact_loss at step 40700: 0.117664
2025-12-09 06:17:50 INFO     Training average positive_rule_loss at step 40700: 0.688979
2025-12-09 06:17:50 INFO     Training average negative_rule_loss at step 40700: 0.574428
2025-12-09 06:17:50 INFO     Training average L_uncertainty at step 40700: 10.353005
2025-12-09 06:17:50 INFO     Training average L_kl at step 40700: 10206.807246
2025-12-09 06:17:50 INFO     Training average L_sigma at step 40700: 146.197667
2025-12-09 06:17:50 INFO     Training average mu_mean at step 40700: -0.221745
2025-12-09 06:17:50 INFO     Training average sigma_mean at step 40700: 0.113577
2025-12-09 06:17:50 INFO     Training average regularization at step 40700: 0.008227
2025-12-09 06:17:50 INFO     Training average loss at step 40700: 0.786655
2025-12-09 06:18:53 INFO     Training average positive_fact_loss at step 40800: 0.134342
2025-12-09 06:18:53 INFO     Training average negative_fact_loss at step 40800: 0.118338
2025-12-09 06:18:53 INFO     Training average positive_rule_loss at step 40800: 0.689272
2025-12-09 06:18:53 INFO     Training average negative_rule_loss at step 40800: 0.574210
2025-12-09 06:18:53 INFO     Training average L_uncertainty at step 40800: 10.348207
2025-12-09 06:18:53 INFO     Training average L_kl at step 40800: 10201.719072
2025-12-09 06:18:53 INFO     Training average L_sigma at step 40800: 146.487857
2025-12-09 06:18:53 INFO     Training average mu_mean at step 40800: -0.221448
2025-12-09 06:18:53 INFO     Training average sigma_mean at step 40800: 0.113585
2025-12-09 06:18:53 INFO     Training average regularization at step 40800: 0.008233
2025-12-09 06:18:53 INFO     Training average loss at step 40800: 0.787011
2025-12-09 06:20:07 INFO     Training average positive_fact_loss at step 40900: 0.133443
2025-12-09 06:20:07 INFO     Training average negative_fact_loss at step 40900: 0.117843
2025-12-09 06:20:07 INFO     Training average positive_rule_loss at step 40900: 0.689269
2025-12-09 06:20:07 INFO     Training average negative_rule_loss at step 40900: 0.574127
2025-12-09 06:20:07 INFO     Training average L_uncertainty at step 40900: 10.349326
2025-12-09 06:20:07 INFO     Training average L_kl at step 40900: 10202.612930
2025-12-09 06:20:07 INFO     Training average L_sigma at step 40900: 146.712264
2025-12-09 06:20:07 INFO     Training average mu_mean at step 40900: -0.221731
2025-12-09 06:20:07 INFO     Training average sigma_mean at step 40900: 0.113604
2025-12-09 06:20:07 INFO     Training average regularization at step 40900: 0.008237
2025-12-09 06:20:07 INFO     Training average loss at step 40900: 0.786277
2025-12-09 06:21:10 INFO     Training average positive_fact_loss at step 41000: 0.134842
2025-12-09 06:21:10 INFO     Training average negative_fact_loss at step 41000: 0.118762
2025-12-09 06:21:10 INFO     Training average positive_rule_loss at step 41000: 0.688914
2025-12-09 06:21:10 INFO     Training average negative_rule_loss at step 41000: 0.574378
2025-12-09 06:21:10 INFO     Training average L_uncertainty at step 41000: 10.356234
2025-12-09 06:21:10 INFO     Training average L_kl at step 41000: 10209.621055
2025-12-09 06:21:10 INFO     Training average L_sigma at step 41000: 146.612665
2025-12-09 06:21:10 INFO     Training average mu_mean at step 41000: -0.221800
2025-12-09 06:21:10 INFO     Training average sigma_mean at step 41000: 0.113600
2025-12-09 06:21:10 INFO     Training average regularization at step 41000: 0.008231
2025-12-09 06:21:10 INFO     Training average loss at step 41000: 0.787392
2025-12-09 06:21:10 INFO     Evaluating on Valid Dataset...
2025-12-09 06:21:10 INFO     >>>>> RuleE emb: Evaluating on valid
2025-12-09 06:21:27 INFO     Data : 4076
2025-12-09 06:21:27 INFO     Hit1 : 0.894504
2025-12-09 06:21:27 INFO     Hit3 : 0.975957
2025-12-09 06:21:27 INFO     Hit10: 0.990922
2025-12-09 06:21:27 INFO     MR   : 17.555937
2025-12-09 06:21:27 INFO     MRR  : 0.935725
2025-12-09 06:22:44 INFO     Training average positive_fact_loss at step 41100: 0.133589
2025-12-09 06:22:44 INFO     Training average negative_fact_loss at step 41100: 0.119260
2025-12-09 06:22:44 INFO     Training average positive_rule_loss at step 41100: 0.688435
2025-12-09 06:22:44 INFO     Training average negative_rule_loss at step 41100: 0.574875
2025-12-09 06:22:44 INFO     Training average L_uncertainty at step 41100: 10.352751
2025-12-09 06:22:44 INFO     Training average L_kl at step 41100: 10206.241797
2025-12-09 06:22:44 INFO     Training average L_sigma at step 41100: 146.508770
2025-12-09 06:22:44 INFO     Training average mu_mean at step 41100: -0.220391
2025-12-09 06:22:44 INFO     Training average sigma_mean at step 41100: 0.113594
2025-12-09 06:22:44 INFO     Training average regularization at step 41100: 0.008231
2025-12-09 06:22:44 INFO     Training average loss at step 41100: 0.787017
2025-12-09 06:23:47 INFO     Training average positive_fact_loss at step 41200: 0.135159
2025-12-09 06:23:47 INFO     Training average negative_fact_loss at step 41200: 0.117623
2025-12-09 06:23:47 INFO     Training average positive_rule_loss at step 41200: 0.689045
2025-12-09 06:23:47 INFO     Training average negative_rule_loss at step 41200: 0.574380
2025-12-09 06:23:47 INFO     Training average L_uncertainty at step 41200: 10.353620
2025-12-09 06:23:47 INFO     Training average L_kl at step 41200: 10207.544961
2025-12-09 06:23:47 INFO     Training average L_sigma at step 41200: 146.074606
2025-12-09 06:23:47 INFO     Training average mu_mean at step 41200: -0.221160
2025-12-09 06:23:47 INFO     Training average sigma_mean at step 41200: 0.113572
2025-12-09 06:23:47 INFO     Training average regularization at step 41200: 0.008230
2025-12-09 06:23:47 INFO     Training average loss at step 41200: 0.787041
2025-12-09 06:25:00 INFO     Training average positive_fact_loss at step 41300: 0.132847
2025-12-09 06:25:00 INFO     Training average negative_fact_loss at step 41300: 0.116210
2025-12-09 06:25:00 INFO     Training average positive_rule_loss at step 41300: 0.688886
2025-12-09 06:25:00 INFO     Training average negative_rule_loss at step 41300: 0.574383
2025-12-09 06:25:00 INFO     Training average L_uncertainty at step 41300: 10.357751
2025-12-09 06:25:00 INFO     Training average L_kl at step 41300: 10211.753076
2025-12-09 06:25:00 INFO     Training average L_sigma at step 41300: 145.997082
2025-12-09 06:25:00 INFO     Training average mu_mean at step 41300: -0.221322
2025-12-09 06:25:00 INFO     Training average sigma_mean at step 41300: 0.113569
2025-12-09 06:25:00 INFO     Training average regularization at step 41300: 0.008237
2025-12-09 06:25:00 INFO     Training average loss at step 41300: 0.785115
2025-12-09 06:26:09 INFO     Training average positive_fact_loss at step 41400: 0.135118
2025-12-09 06:26:09 INFO     Training average negative_fact_loss at step 41400: 0.120388
2025-12-09 06:26:09 INFO     Training average positive_rule_loss at step 41400: 0.688304
2025-12-09 06:26:09 INFO     Training average negative_rule_loss at step 41400: 0.574794
2025-12-09 06:26:09 INFO     Training average L_uncertainty at step 41400: 10.360123
2025-12-09 06:26:09 INFO     Training average L_kl at step 41400: 10213.618213
2025-12-09 06:26:09 INFO     Training average L_sigma at step 41400: 146.504656
2025-12-09 06:26:09 INFO     Training average mu_mean at step 41400: -0.220827
2025-12-09 06:26:09 INFO     Training average sigma_mean at step 41400: 0.113593
2025-12-09 06:26:09 INFO     Training average regularization at step 41400: 0.008225
2025-12-09 06:26:09 INFO     Training average loss at step 41400: 0.788247
2025-12-09 06:27:18 INFO     Training average positive_fact_loss at step 41500: 0.132823
2025-12-09 06:27:18 INFO     Training average negative_fact_loss at step 41500: 0.116140
2025-12-09 06:27:18 INFO     Training average positive_rule_loss at step 41500: 0.689618
2025-12-09 06:27:18 INFO     Training average negative_rule_loss at step 41500: 0.573872
2025-12-09 06:27:18 INFO     Training average L_uncertainty at step 41500: 10.351558
2025-12-09 06:27:18 INFO     Training average L_kl at step 41500: 10205.017012
2025-12-09 06:27:18 INFO     Training average L_sigma at step 41500: 146.540828
2025-12-09 06:27:18 INFO     Training average mu_mean at step 41500: -0.222347
2025-12-09 06:27:18 INFO     Training average sigma_mean at step 41500: 0.113596
2025-12-09 06:27:18 INFO     Training average regularization at step 41500: 0.008231
2025-12-09 06:27:18 INFO     Training average loss at step 41500: 0.785161
2025-12-09 06:28:31 INFO     Training average positive_fact_loss at step 41600: 0.134133
2025-12-09 06:28:31 INFO     Training average negative_fact_loss at step 41600: 0.118042
2025-12-09 06:28:31 INFO     Training average positive_rule_loss at step 41600: 0.689988
2025-12-09 06:28:31 INFO     Training average negative_rule_loss at step 41600: 0.573538
2025-12-09 06:28:31 INFO     Training average L_uncertainty at step 41600: 10.348880
2025-12-09 06:28:31 INFO     Training average L_kl at step 41600: 10202.519697
2025-12-09 06:28:31 INFO     Training average L_sigma at step 41600: 146.359437
2025-12-09 06:28:31 INFO     Training average mu_mean at step 41600: -0.223700
2025-12-09 06:28:31 INFO     Training average sigma_mean at step 41600: 0.113587
2025-12-09 06:28:31 INFO     Training average regularization at step 41600: 0.008231
2025-12-09 06:28:31 INFO     Training average loss at step 41600: 0.786780
2025-12-09 06:29:33 INFO     Training average positive_fact_loss at step 41700: 0.134116
2025-12-09 06:29:33 INFO     Training average negative_fact_loss at step 41700: 0.119169
2025-12-09 06:29:33 INFO     Training average positive_rule_loss at step 41700: 0.689633
2025-12-09 06:29:33 INFO     Training average negative_rule_loss at step 41700: 0.573773
2025-12-09 06:29:33 INFO     Training average L_uncertainty at step 41700: 10.356580
2025-12-09 06:29:33 INFO     Training average L_kl at step 41700: 10210.593760
2025-12-09 06:29:33 INFO     Training average L_sigma at step 41700: 145.985502
2025-12-09 06:29:33 INFO     Training average mu_mean at step 41700: -0.222369
2025-12-09 06:29:33 INFO     Training average sigma_mean at step 41700: 0.113572
2025-12-09 06:29:33 INFO     Training average regularization at step 41700: 0.008214
2025-12-09 06:29:33 INFO     Training average loss at step 41700: 0.787273
2025-12-09 06:30:46 INFO     Training average positive_fact_loss at step 41800: 0.133288
2025-12-09 06:30:46 INFO     Training average negative_fact_loss at step 41800: 0.117999
2025-12-09 06:30:46 INFO     Training average positive_rule_loss at step 41800: 0.688927
2025-12-09 06:30:46 INFO     Training average negative_rule_loss at step 41800: 0.574370
2025-12-09 06:30:46 INFO     Training average L_uncertainty at step 41800: 10.354789
2025-12-09 06:30:46 INFO     Training average L_kl at step 41800: 10208.652109
2025-12-09 06:30:46 INFO     Training average L_sigma at step 41800: 146.136056
2025-12-09 06:30:46 INFO     Training average mu_mean at step 41800: -0.221755
2025-12-09 06:30:46 INFO     Training average sigma_mean at step 41800: 0.113578
2025-12-09 06:30:46 INFO     Training average regularization at step 41800: 0.008237
2025-12-09 06:30:46 INFO     Training average loss at step 41800: 0.786238
2025-12-09 06:31:47 INFO     Training average positive_fact_loss at step 41900: 0.134051
2025-12-09 06:31:47 INFO     Training average negative_fact_loss at step 41900: 0.118012
2025-12-09 06:31:47 INFO     Training average positive_rule_loss at step 41900: 0.689285
2025-12-09 06:31:47 INFO     Training average negative_rule_loss at step 41900: 0.574173
2025-12-09 06:31:47 INFO     Training average L_uncertainty at step 41900: 10.346661
2025-12-09 06:31:47 INFO     Training average L_kl at step 41900: 10199.831650
2025-12-09 06:31:47 INFO     Training average L_sigma at step 41900: 146.828551
2025-12-09 06:31:47 INFO     Training average mu_mean at step 41900: -0.222580
2025-12-09 06:31:47 INFO     Training average sigma_mean at step 41900: 0.113614
2025-12-09 06:31:47 INFO     Training average regularization at step 41900: 0.008228
2025-12-09 06:31:47 INFO     Training average loss at step 41900: 0.786682
2025-12-09 06:32:59 INFO     Training average positive_fact_loss at step 42000: 0.134058
2025-12-09 06:32:59 INFO     Training average negative_fact_loss at step 42000: 0.118702
2025-12-09 06:32:59 INFO     Training average positive_rule_loss at step 42000: 0.689950
2025-12-09 06:32:59 INFO     Training average negative_rule_loss at step 42000: 0.573670
2025-12-09 06:32:59 INFO     Training average L_uncertainty at step 42000: 10.345359
2025-12-09 06:32:59 INFO     Training average L_kl at step 42000: 10198.812539
2025-12-09 06:32:59 INFO     Training average L_sigma at step 42000: 146.546160
2025-12-09 06:32:59 INFO     Training average mu_mean at step 42000: -0.222486
2025-12-09 06:32:59 INFO     Training average sigma_mean at step 42000: 0.113598
2025-12-09 06:32:59 INFO     Training average regularization at step 42000: 0.008225
2025-12-09 06:32:59 INFO     Training average loss at step 42000: 0.787106
2025-12-09 06:32:59 INFO     Evaluating on Valid Dataset...
2025-12-09 06:32:59 INFO     >>>>> RuleE emb: Evaluating on valid
2025-12-09 06:33:16 INFO     Data : 4076
2025-12-09 06:33:16 INFO     Hit1 : 0.895240
2025-12-09 06:33:16 INFO     Hit3 : 0.973749
2025-12-09 06:33:16 INFO     Hit10: 0.990922
2025-12-09 06:33:16 INFO     MR   : 17.608317
2025-12-09 06:33:16 INFO     MRR  : 0.935987
2025-12-09 06:34:21 INFO     Training average positive_fact_loss at step 42100: 0.134289
2025-12-09 06:34:21 INFO     Training average negative_fact_loss at step 42100: 0.117677
2025-12-09 06:34:21 INFO     Training average positive_rule_loss at step 42100: 0.689310
2025-12-09 06:34:21 INFO     Training average negative_rule_loss at step 42100: 0.574234
2025-12-09 06:34:21 INFO     Training average L_uncertainty at step 42100: 10.343504
2025-12-09 06:34:21 INFO     Training average L_kl at step 42100: 10197.050752
2025-12-09 06:34:21 INFO     Training average L_sigma at step 42100: 146.453223
2025-12-09 06:34:21 INFO     Training average mu_mean at step 42100: -0.222671
2025-12-09 06:34:21 INFO     Training average sigma_mean at step 42100: 0.113594
2025-12-09 06:34:21 INFO     Training average regularization at step 42100: 0.008235
2025-12-09 06:34:21 INFO     Training average loss at step 42100: 0.786677
2025-12-09 06:35:34 INFO     Training average positive_fact_loss at step 42200: 0.133376
2025-12-09 06:35:34 INFO     Training average negative_fact_loss at step 42200: 0.119035
2025-12-09 06:35:34 INFO     Training average positive_rule_loss at step 42200: 0.688985
2025-12-09 06:35:34 INFO     Training average negative_rule_loss at step 42200: 0.574485
2025-12-09 06:35:34 INFO     Training average L_uncertainty at step 42200: 10.348039
2025-12-09 06:35:34 INFO     Training average L_kl at step 42200: 10201.992012
2025-12-09 06:35:34 INFO     Training average L_sigma at step 42200: 146.046014
2025-12-09 06:35:34 INFO     Training average mu_mean at step 42200: -0.221786
2025-12-09 06:35:34 INFO     Training average sigma_mean at step 42200: 0.113575
2025-12-09 06:35:34 INFO     Training average regularization at step 42200: 0.008221
2025-12-09 06:35:34 INFO     Training average loss at step 42200: 0.786857
2025-12-09 06:36:36 INFO     Training average positive_fact_loss at step 42300: 0.134882
2025-12-09 06:36:36 INFO     Training average negative_fact_loss at step 42300: 0.117500
2025-12-09 06:36:36 INFO     Training average positive_rule_loss at step 42300: 0.689594
2025-12-09 06:36:36 INFO     Training average negative_rule_loss at step 42300: 0.573999
2025-12-09 06:36:36 INFO     Training average L_uncertainty at step 42300: 10.347943
2025-12-09 06:36:36 INFO     Training average L_kl at step 42300: 10201.780488
2025-12-09 06:36:36 INFO     Training average L_sigma at step 42300: 146.162434
2025-12-09 06:36:36 INFO     Training average mu_mean at step 42300: -0.222654
2025-12-09 06:36:36 INFO     Training average sigma_mean at step 42300: 0.113584
2025-12-09 06:36:36 INFO     Training average regularization at step 42300: 0.008234
2025-12-09 06:36:36 INFO     Training average loss at step 42300: 0.786917
2025-12-09 06:37:48 INFO     Training average positive_fact_loss at step 42400: 0.132774
2025-12-09 06:37:48 INFO     Training average negative_fact_loss at step 42400: 0.117208
2025-12-09 06:37:48 INFO     Training average positive_rule_loss at step 42400: 0.689376
2025-12-09 06:37:48 INFO     Training average negative_rule_loss at step 42400: 0.574164
2025-12-09 06:37:48 INFO     Training average L_uncertainty at step 42400: 10.346187
2025-12-09 06:37:48 INFO     Training average L_kl at step 42400: 10199.873701
2025-12-09 06:37:48 INFO     Training average L_sigma at step 42400: 146.312675
2025-12-09 06:37:48 INFO     Training average mu_mean at step 42400: -0.222688
2025-12-09 06:37:48 INFO     Training average sigma_mean at step 42400: 0.113586
2025-12-09 06:37:48 INFO     Training average regularization at step 42400: 0.008228
2025-12-09 06:37:48 INFO     Training average loss at step 42400: 0.785681
2025-12-09 06:38:50 INFO     Training average positive_fact_loss at step 42500: 0.134806
2025-12-09 06:38:50 INFO     Training average negative_fact_loss at step 42500: 0.117697
2025-12-09 06:38:50 INFO     Training average positive_rule_loss at step 42500: 0.689279
2025-12-09 06:38:50 INFO     Training average negative_rule_loss at step 42500: 0.574292
2025-12-09 06:38:50 INFO     Training average L_uncertainty at step 42500: 10.348129
2025-12-09 06:38:50 INFO     Training average L_kl at step 42500: 10201.953721
2025-12-09 06:38:50 INFO     Training average L_sigma at step 42500: 146.174981
2025-12-09 06:38:50 INFO     Training average mu_mean at step 42500: -0.221469
2025-12-09 06:38:50 INFO     Training average sigma_mean at step 42500: 0.113580
2025-12-09 06:38:50 INFO     Training average regularization at step 42500: 0.008233
2025-12-09 06:38:50 INFO     Training average loss at step 42500: 0.786966
2025-12-09 06:40:05 INFO     Training average positive_fact_loss at step 42600: 0.132595
2025-12-09 06:40:05 INFO     Training average negative_fact_loss at step 42600: 0.116828
2025-12-09 06:40:05 INFO     Training average positive_rule_loss at step 42600: 0.688749
2025-12-09 06:40:05 INFO     Training average negative_rule_loss at step 42600: 0.574577
2025-12-09 06:40:05 INFO     Training average L_uncertainty at step 42600: 10.352548
2025-12-09 06:40:05 INFO     Training average L_kl at step 42600: 10206.128750
2025-12-09 06:40:05 INFO     Training average L_sigma at step 42600: 146.418935
2025-12-09 06:40:05 INFO     Training average mu_mean at step 42600: -0.221183
2025-12-09 06:40:05 INFO     Training average sigma_mean at step 42600: 0.113592
2025-12-09 06:40:05 INFO     Training average regularization at step 42600: 0.008230
2025-12-09 06:40:05 INFO     Training average loss at step 42600: 0.785310
2025-12-09 06:41:17 INFO     Training average positive_fact_loss at step 42700: 0.134484
2025-12-09 06:41:17 INFO     Training average negative_fact_loss at step 42700: 0.117191
2025-12-09 06:41:17 INFO     Training average positive_rule_loss at step 42700: 0.689121
2025-12-09 06:41:17 INFO     Training average negative_rule_loss at step 42700: 0.574360
2025-12-09 06:41:17 INFO     Training average L_uncertainty at step 42700: 10.348771
2025-12-09 06:41:17 INFO     Training average L_kl at step 42700: 10202.555547
2025-12-09 06:41:17 INFO     Training average L_sigma at step 42700: 146.215338
2025-12-09 06:41:17 INFO     Training average mu_mean at step 42700: -0.221036
2025-12-09 06:41:17 INFO     Training average sigma_mean at step 42700: 0.113583
2025-12-09 06:41:17 INFO     Training average regularization at step 42700: 0.008224
2025-12-09 06:41:17 INFO     Training average loss at step 42700: 0.786499
2025-12-09 06:42:19 INFO     Training average positive_fact_loss at step 42800: 0.133513
2025-12-09 06:42:19 INFO     Training average negative_fact_loss at step 42800: 0.117955
2025-12-09 06:42:19 INFO     Training average positive_rule_loss at step 42800: 0.689456
2025-12-09 06:42:19 INFO     Training average negative_rule_loss at step 42800: 0.573913
2025-12-09 06:42:19 INFO     Training average L_uncertainty at step 42800: 10.353233
2025-12-09 06:42:19 INFO     Training average L_kl at step 42800: 10206.593174
2025-12-09 06:42:19 INFO     Training average L_sigma at step 42800: 146.639065
2025-12-09 06:42:19 INFO     Training average mu_mean at step 42800: -0.221649
2025-12-09 06:42:19 INFO     Training average sigma_mean at step 42800: 0.113608
2025-12-09 06:42:19 INFO     Training average regularization at step 42800: 0.008216
2025-12-09 06:42:19 INFO     Training average loss at step 42800: 0.786341
2025-12-09 06:43:32 INFO     Training average positive_fact_loss at step 42900: 0.133146
2025-12-09 06:43:32 INFO     Training average negative_fact_loss at step 42900: 0.116901
2025-12-09 06:43:32 INFO     Training average positive_rule_loss at step 42900: 0.689038
2025-12-09 06:43:32 INFO     Training average negative_rule_loss at step 42900: 0.574244
2025-12-09 06:43:32 INFO     Training average L_uncertainty at step 42900: 10.353489
2025-12-09 06:43:32 INFO     Training average L_kl at step 42900: 10207.134023
2025-12-09 06:43:32 INFO     Training average L_sigma at step 42900: 146.354602
2025-12-09 06:43:32 INFO     Training average mu_mean at step 42900: -0.222015
2025-12-09 06:43:32 INFO     Training average sigma_mean at step 42900: 0.113592
2025-12-09 06:43:32 INFO     Training average regularization at step 42900: 0.008230
2025-12-09 06:43:32 INFO     Training average loss at step 42900: 0.785602
2025-12-09 06:44:33 INFO     Training average positive_fact_loss at step 43000: 0.133484
2025-12-09 06:44:33 INFO     Training average negative_fact_loss at step 43000: 0.117415
2025-12-09 06:44:33 INFO     Training average positive_rule_loss at step 43000: 0.689704
2025-12-09 06:44:33 INFO     Training average negative_rule_loss at step 43000: 0.573736
2025-12-09 06:44:33 INFO     Training average L_uncertainty at step 43000: 10.353673
2025-12-09 06:44:33 INFO     Training average L_kl at step 43000: 10207.484209
2025-12-09 06:44:33 INFO     Training average L_sigma at step 43000: 146.188157
2025-12-09 06:44:33 INFO     Training average mu_mean at step 43000: -0.222399
2025-12-09 06:44:33 INFO     Training average sigma_mean at step 43000: 0.113583
2025-12-09 06:44:33 INFO     Training average regularization at step 43000: 0.008219
2025-12-09 06:44:33 INFO     Training average loss at step 43000: 0.786095
2025-12-09 06:44:33 INFO     Evaluating on Valid Dataset...
2025-12-09 06:44:33 INFO     >>>>> RuleE emb: Evaluating on valid
2025-12-09 06:44:50 INFO     Data : 4076
2025-12-09 06:44:50 INFO     Hit1 : 0.894750
2025-12-09 06:44:50 INFO     Hit3 : 0.975466
2025-12-09 06:44:50 INFO     Hit10: 0.990922
2025-12-09 06:44:50 INFO     MR   : 17.381869
2025-12-09 06:44:50 INFO     MRR  : 0.935812
2025-12-09 06:46:03 INFO     Training average positive_fact_loss at step 43100: 0.133372
2025-12-09 06:46:03 INFO     Training average negative_fact_loss at step 43100: 0.118381
2025-12-09 06:46:03 INFO     Training average positive_rule_loss at step 43100: 0.688458
2025-12-09 06:46:03 INFO     Training average negative_rule_loss at step 43100: 0.574887
2025-12-09 06:46:03 INFO     Training average L_uncertainty at step 43100: 10.347902
2025-12-09 06:46:03 INFO     Training average L_kl at step 43100: 10201.337588
2025-12-09 06:46:03 INFO     Training average L_sigma at step 43100: 146.564115
2025-12-09 06:46:03 INFO     Training average mu_mean at step 43100: -0.221755
2025-12-09 06:46:03 INFO     Training average sigma_mean at step 43100: 0.113605
2025-12-09 06:46:03 INFO     Training average regularization at step 43100: 0.008228
2025-12-09 06:46:03 INFO     Training average loss at step 43100: 0.786472
2025-12-09 06:47:06 INFO     Training average positive_fact_loss at step 43200: 0.134427
2025-12-09 06:47:06 INFO     Training average negative_fact_loss at step 43200: 0.117351
2025-12-09 06:47:06 INFO     Training average positive_rule_loss at step 43200: 0.689992
2025-12-09 06:47:06 INFO     Training average negative_rule_loss at step 43200: 0.573681
2025-12-09 06:47:06 INFO     Training average L_uncertainty at step 43200: 10.342602
2025-12-09 06:47:06 INFO     Training average L_kl at step 43200: 10195.920869
2025-12-09 06:47:06 INFO     Training average L_sigma at step 43200: 146.680563
2025-12-09 06:47:06 INFO     Training average mu_mean at step 43200: -0.222634
2025-12-09 06:47:06 INFO     Training average sigma_mean at step 43200: 0.113610
2025-12-09 06:47:06 INFO     Training average regularization at step 43200: 0.008224
2025-12-09 06:47:06 INFO     Training average loss at step 43200: 0.786635
2025-12-09 06:48:20 INFO     Training average positive_fact_loss at step 43300: 0.132261
2025-12-09 06:48:20 INFO     Training average negative_fact_loss at step 43300: 0.117639
2025-12-09 06:48:20 INFO     Training average positive_rule_loss at step 43300: 0.689805
2025-12-09 06:48:20 INFO     Training average negative_rule_loss at step 43300: 0.573720
2025-12-09 06:48:20 INFO     Training average L_uncertainty at step 43300: 10.344253
2025-12-09 06:48:20 INFO     Training average L_kl at step 43300: 10197.393281
2025-12-09 06:48:20 INFO     Training average L_sigma at step 43300: 146.859038
2025-12-09 06:48:20 INFO     Training average mu_mean at step 43300: -0.222518
2025-12-09 06:48:20 INFO     Training average sigma_mean at step 43300: 0.113620
2025-12-09 06:48:20 INFO     Training average regularization at step 43300: 0.008230
2025-12-09 06:48:20 INFO     Training average loss at step 43300: 0.785631
2025-12-09 06:49:21 INFO     Training average positive_fact_loss at step 43400: 0.134964
2025-12-09 06:49:21 INFO     Training average negative_fact_loss at step 43400: 0.117911
2025-12-09 06:49:21 INFO     Training average positive_rule_loss at step 43400: 0.689072
2025-12-09 06:49:21 INFO     Training average negative_rule_loss at step 43400: 0.574235
2025-12-09 06:49:21 INFO     Training average L_uncertainty at step 43400: 10.349293
2025-12-09 06:49:21 INFO     Training average L_kl at step 43400: 10202.824307
2025-12-09 06:49:21 INFO     Training average L_sigma at step 43400: 146.468201
2025-12-09 06:49:21 INFO     Training average mu_mean at step 43400: -0.222110
2025-12-09 06:49:21 INFO     Training average sigma_mean at step 43400: 0.113604
2025-12-09 06:49:21 INFO     Training average regularization at step 43400: 0.008213
2025-12-09 06:49:21 INFO     Training average loss at step 43400: 0.787002
2025-12-09 06:50:35 INFO     Training average positive_fact_loss at step 43500: 0.132788
2025-12-09 06:50:35 INFO     Training average negative_fact_loss at step 43500: 0.116254
2025-12-09 06:50:35 INFO     Training average positive_rule_loss at step 43500: 0.688832
2025-12-09 06:50:35 INFO     Training average negative_rule_loss at step 43500: 0.574377
2025-12-09 06:50:35 INFO     Training average L_uncertainty at step 43500: 10.360812
2025-12-09 06:50:35 INFO     Training average L_kl at step 43500: 10214.431064
2025-12-09 06:50:35 INFO     Training average L_sigma at step 43500: 146.380619
2025-12-09 06:50:35 INFO     Training average mu_mean at step 43500: -0.221123
2025-12-09 06:50:35 INFO     Training average sigma_mean at step 43500: 0.113593
2025-12-09 06:50:35 INFO     Training average regularization at step 43500: 0.008224
2025-12-09 06:50:35 INFO     Training average loss at step 43500: 0.785071
2025-12-09 06:51:36 INFO     Training average positive_fact_loss at step 43600: 0.133888
2025-12-09 06:51:36 INFO     Training average negative_fact_loss at step 43600: 0.117034
2025-12-09 06:51:36 INFO     Training average positive_rule_loss at step 43600: 0.689266
2025-12-09 06:51:36 INFO     Training average negative_rule_loss at step 43600: 0.574129
2025-12-09 06:51:36 INFO     Training average L_uncertainty at step 43600: 10.350957
2025-12-09 06:51:36 INFO     Training average L_kl at step 43600: 10204.506318
2025-12-09 06:51:36 INFO     Training average L_sigma at step 43600: 146.450359
2025-12-09 06:51:36 INFO     Training average mu_mean at step 43600: -0.221547
2025-12-09 06:51:36 INFO     Training average sigma_mean at step 43600: 0.113598
2025-12-09 06:51:36 INFO     Training average regularization at step 43600: 0.008216
2025-12-09 06:51:36 INFO     Training average loss at step 43600: 0.786076
2025-12-09 06:52:48 INFO     Training average positive_fact_loss at step 43700: 0.132616
2025-12-09 06:52:48 INFO     Training average negative_fact_loss at step 43700: 0.118331
2025-12-09 06:52:48 INFO     Training average positive_rule_loss at step 43700: 0.688731
2025-12-09 06:52:48 INFO     Training average negative_rule_loss at step 43700: 0.574568
2025-12-09 06:52:48 INFO     Training average L_uncertainty at step 43700: 10.355627
2025-12-09 06:52:48 INFO     Training average L_kl at step 43700: 10209.398838
2025-12-09 06:52:48 INFO     Training average L_sigma at step 43700: 146.228211
2025-12-09 06:52:48 INFO     Training average mu_mean at step 43700: -0.220721
2025-12-09 06:52:48 INFO     Training average sigma_mean at step 43700: 0.113591
2025-12-09 06:52:48 INFO     Training average regularization at step 43700: 0.008218
2025-12-09 06:52:48 INFO     Training average loss at step 43700: 0.786053
2025-12-09 06:54:01 INFO     Training average positive_fact_loss at step 43800: 0.134933
2025-12-09 06:54:01 INFO     Training average negative_fact_loss at step 43800: 0.119319
2025-12-09 06:54:01 INFO     Training average positive_rule_loss at step 43800: 0.688992
2025-12-09 06:54:01 INFO     Training average negative_rule_loss at step 43800: 0.574523
2025-12-09 06:54:01 INFO     Training average L_uncertainty at step 43800: 10.345937
2025-12-09 06:54:01 INFO     Training average L_kl at step 43800: 10199.703135
2025-12-09 06:54:01 INFO     Training average L_sigma at step 43800: 146.233669
2025-12-09 06:54:01 INFO     Training average mu_mean at step 43800: -0.221575
2025-12-09 06:54:01 INFO     Training average sigma_mean at step 43800: 0.113589
2025-12-09 06:54:01 INFO     Training average regularization at step 43800: 0.008220
2025-12-09 06:54:01 INFO     Training average loss at step 43800: 0.787796
2025-12-09 06:55:02 INFO     Training average positive_fact_loss at step 43900: 0.133314
2025-12-09 06:55:02 INFO     Training average negative_fact_loss at step 43900: 0.117928
2025-12-09 06:55:02 INFO     Training average positive_rule_loss at step 43900: 0.689480
2025-12-09 06:55:02 INFO     Training average negative_rule_loss at step 43900: 0.574037
2025-12-09 06:55:02 INFO     Training average L_uncertainty at step 43900: 10.346173
2025-12-09 06:55:02 INFO     Training average L_kl at step 43900: 10199.685742
2025-12-09 06:55:02 INFO     Training average L_sigma at step 43900: 146.486488
2025-12-09 06:55:02 INFO     Training average mu_mean at step 43900: -0.222376
2025-12-09 06:55:02 INFO     Training average sigma_mean at step 43900: 0.113602
2025-12-09 06:55:02 INFO     Training average regularization at step 43900: 0.008225
2025-12-09 06:55:02 INFO     Training average loss at step 43900: 0.786297
2025-12-09 06:56:16 INFO     Training average positive_fact_loss at step 44000: 0.133831
2025-12-09 06:56:16 INFO     Training average negative_fact_loss at step 44000: 0.116765
2025-12-09 06:56:16 INFO     Training average positive_rule_loss at step 44000: 0.689390
2025-12-09 06:56:16 INFO     Training average negative_rule_loss at step 44000: 0.573897
2025-12-09 06:56:16 INFO     Training average L_uncertainty at step 44000: 10.355008
2025-12-09 06:56:16 INFO     Training average L_kl at step 44000: 10208.575596
2025-12-09 06:56:16 INFO     Training average L_sigma at step 44000: 146.432358
2025-12-09 06:56:16 INFO     Training average mu_mean at step 44000: -0.221215
2025-12-09 06:56:16 INFO     Training average sigma_mean at step 44000: 0.113602
2025-12-09 06:56:16 INFO     Training average regularization at step 44000: 0.008225
2025-12-09 06:56:16 INFO     Training average loss at step 44000: 0.785876
2025-12-09 06:56:16 INFO     Evaluating on Valid Dataset...
2025-12-09 06:56:16 INFO     >>>>> RuleE emb: Evaluating on valid
2025-12-09 06:56:34 INFO     Data : 4076
2025-12-09 06:56:34 INFO     Hit1 : 0.899902
2025-12-09 06:56:34 INFO     Hit3 : 0.975221
2025-12-09 06:56:34 INFO     Hit10: 0.990677
2025-12-09 06:56:34 INFO     MR   : 17.435967
2025-12-09 06:56:34 INFO     MRR  : 0.938376
2025-12-09 06:57:38 INFO     Training average positive_fact_loss at step 44100: 0.133906
2025-12-09 06:57:38 INFO     Training average negative_fact_loss at step 44100: 0.117725
2025-12-09 06:57:38 INFO     Training average positive_rule_loss at step 44100: 0.689098
2025-12-09 06:57:38 INFO     Training average negative_rule_loss at step 44100: 0.574228
2025-12-09 06:57:38 INFO     Training average L_uncertainty at step 44100: 10.352996
2025-12-09 06:57:38 INFO     Training average L_kl at step 44100: 10206.598535
2025-12-09 06:57:38 INFO     Training average L_sigma at step 44100: 146.396552
2025-12-09 06:57:38 INFO     Training average mu_mean at step 44100: -0.221450
2025-12-09 06:57:38 INFO     Training average sigma_mean at step 44100: 0.113594
2025-12-09 06:57:38 INFO     Training average regularization at step 44100: 0.008225
2025-12-09 06:57:38 INFO     Training average loss at step 44100: 0.786410
2025-12-09 06:58:50 INFO     Training average positive_fact_loss at step 44200: 0.132880
2025-12-09 06:58:50 INFO     Training average negative_fact_loss at step 44200: 0.116743
2025-12-09 06:58:50 INFO     Training average positive_rule_loss at step 44200: 0.689541
2025-12-09 06:58:50 INFO     Training average negative_rule_loss at step 44200: 0.574179
2025-12-09 06:58:50 INFO     Training average L_uncertainty at step 44200: 10.343231
2025-12-09 06:58:50 INFO     Training average L_kl at step 44200: 10197.218955
2025-12-09 06:58:50 INFO     Training average L_sigma at step 44200: 146.011401
2025-12-09 06:58:50 INFO     Training average mu_mean at step 44200: -0.222640
2025-12-09 06:58:50 INFO     Training average sigma_mean at step 44200: 0.113583
2025-12-09 06:58:50 INFO     Training average regularization at step 44200: 0.008222
2025-12-09 06:58:50 INFO     Training average loss at step 44200: 0.785580
2025-12-09 06:59:51 INFO     Training average positive_fact_loss at step 44300: 0.134446
2025-12-09 06:59:51 INFO     Training average negative_fact_loss at step 44300: 0.118863
2025-12-09 06:59:51 INFO     Training average positive_rule_loss at step 44300: 0.688860
2025-12-09 06:59:51 INFO     Training average negative_rule_loss at step 44300: 0.574461
2025-12-09 06:59:51 INFO     Training average L_uncertainty at step 44300: 10.348162
2025-12-09 06:59:51 INFO     Training average L_kl at step 44300: 10201.958965
2025-12-09 06:59:51 INFO     Training average L_sigma at step 44300: 146.202863
2025-12-09 06:59:51 INFO     Training average mu_mean at step 44300: -0.221448
2025-12-09 06:59:51 INFO     Training average sigma_mean at step 44300: 0.113586
2025-12-09 06:59:51 INFO     Training average regularization at step 44300: 0.008214
2025-12-09 06:59:51 INFO     Training average loss at step 44300: 0.787226
2025-12-09 07:01:04 INFO     Training average positive_fact_loss at step 44400: 0.133273
2025-12-09 07:01:04 INFO     Training average negative_fact_loss at step 44400: 0.116677
2025-12-09 07:01:04 INFO     Training average positive_rule_loss at step 44400: 0.689154
2025-12-09 07:01:04 INFO     Training average negative_rule_loss at step 44400: 0.574239
2025-12-09 07:01:04 INFO     Training average L_uncertainty at step 44400: 10.353241
2025-12-09 07:01:04 INFO     Training average L_kl at step 44400: 10207.123721
2025-12-09 07:01:04 INFO     Training average L_sigma at step 44400: 146.117137
2025-12-09 07:01:04 INFO     Training average mu_mean at step 44400: -0.220633
2025-12-09 07:01:04 INFO     Training average sigma_mean at step 44400: 0.113584
2025-12-09 07:01:04 INFO     Training average regularization at step 44400: 0.008212
2025-12-09 07:01:04 INFO     Training average loss at step 44400: 0.785590
2025-12-09 07:02:05 INFO     Training average positive_fact_loss at step 44500: 0.134327
2025-12-09 07:02:05 INFO     Training average negative_fact_loss at step 44500: 0.118632
2025-12-09 07:02:05 INFO     Training average positive_rule_loss at step 44500: 0.689370
2025-12-09 07:02:05 INFO     Training average negative_rule_loss at step 44500: 0.574110
2025-12-09 07:02:05 INFO     Training average L_uncertainty at step 44500: 10.351570
2025-12-09 07:02:05 INFO     Training average L_kl at step 44500: 10205.265303
2025-12-09 07:02:05 INFO     Training average L_sigma at step 44500: 146.304699
2025-12-09 07:02:05 INFO     Training average mu_mean at step 44500: -0.221747
2025-12-09 07:02:05 INFO     Training average sigma_mean at step 44500: 0.113595
2025-12-09 07:02:05 INFO     Training average regularization at step 44500: 0.008227
2025-12-09 07:02:05 INFO     Training average loss at step 44500: 0.787150
2025-12-09 07:03:18 INFO     Training average positive_fact_loss at step 44600: 0.132835
2025-12-09 07:03:18 INFO     Training average negative_fact_loss at step 44600: 0.115955
2025-12-09 07:03:18 INFO     Training average positive_rule_loss at step 44600: 0.689010
2025-12-09 07:03:18 INFO     Training average negative_rule_loss at step 44600: 0.574499
2025-12-09 07:03:18 INFO     Training average L_uncertainty at step 44600: 10.344957
2025-12-09 07:03:18 INFO     Training average L_kl at step 44600: 10198.849805
2025-12-09 07:03:18 INFO     Training average L_sigma at step 44600: 146.106711
2025-12-09 07:03:18 INFO     Training average mu_mean at step 44600: -0.221483
2025-12-09 07:03:18 INFO     Training average sigma_mean at step 44600: 0.113583
2025-12-09 07:03:18 INFO     Training average regularization at step 44600: 0.008208
2025-12-09 07:03:18 INFO     Training average loss at step 44600: 0.785047
2025-12-09 07:04:20 INFO     Training average positive_fact_loss at step 44700: 0.133946
2025-12-09 07:04:20 INFO     Training average negative_fact_loss at step 44700: 0.117230
2025-12-09 07:04:20 INFO     Training average positive_rule_loss at step 44700: 0.689584
2025-12-09 07:04:20 INFO     Training average negative_rule_loss at step 44700: 0.574017
2025-12-09 07:04:20 INFO     Training average L_uncertainty at step 44700: 10.346698
2025-12-09 07:04:20 INFO     Training average L_kl at step 44700: 10199.994473
2025-12-09 07:04:20 INFO     Training average L_sigma at step 44700: 146.702913
2025-12-09 07:04:20 INFO     Training average mu_mean at step 44700: -0.221214
2025-12-09 07:04:20 INFO     Training average sigma_mean at step 44700: 0.113617
2025-12-09 07:04:20 INFO     Training average regularization at step 44700: 0.008226
2025-12-09 07:04:20 INFO     Training average loss at step 44700: 0.786308
2025-12-09 07:05:32 INFO     Training average positive_fact_loss at step 44800: 0.132755
2025-12-09 07:05:32 INFO     Training average negative_fact_loss at step 44800: 0.118504
2025-12-09 07:05:32 INFO     Training average positive_rule_loss at step 44800: 0.688924
2025-12-09 07:05:32 INFO     Training average negative_rule_loss at step 44800: 0.574539
2025-12-09 07:05:32 INFO     Training average L_uncertainty at step 44800: 10.345871
2025-12-09 07:05:32 INFO     Training average L_kl at step 44800: 10199.264912
2025-12-09 07:05:32 INFO     Training average L_sigma at step 44800: 146.605376
2025-12-09 07:05:32 INFO     Training average mu_mean at step 44800: -0.221819
2025-12-09 07:05:32 INFO     Training average sigma_mean at step 44800: 0.113609
2025-12-09 07:05:32 INFO     Training average regularization at step 44800: 0.008220
2025-12-09 07:05:32 INFO     Training average loss at step 44800: 0.786273
2025-12-09 07:06:45 INFO     Training average positive_fact_loss at step 44900: 0.134398
2025-12-09 07:06:45 INFO     Training average negative_fact_loss at step 44900: 0.117232
2025-12-09 07:06:45 INFO     Training average positive_rule_loss at step 44900: 0.689383
2025-12-09 07:06:45 INFO     Training average negative_rule_loss at step 44900: 0.574311
2025-12-09 07:06:45 INFO     Training average L_uncertainty at step 44900: 10.340748
2025-12-09 07:06:45 INFO     Training average L_kl at step 44900: 10194.263984
2025-12-09 07:06:45 INFO     Training average L_sigma at step 44900: 146.483652
2025-12-09 07:06:45 INFO     Training average mu_mean at step 44900: -0.222280
2025-12-09 07:06:45 INFO     Training average sigma_mean at step 44900: 0.113609
2025-12-09 07:06:45 INFO     Training average regularization at step 44900: 0.008217
2025-12-09 07:06:45 INFO     Training average loss at step 44900: 0.786561
2025-12-09 07:07:46 INFO     Training average positive_fact_loss at step 45000: 0.133293
2025-12-09 07:07:46 INFO     Training average negative_fact_loss at step 45000: 0.118527
2025-12-09 07:07:46 INFO     Training average positive_rule_loss at step 45000: 0.688997
2025-12-09 07:07:46 INFO     Training average negative_rule_loss at step 45000: 0.574276
2025-12-09 07:07:46 INFO     Training average L_uncertainty at step 45000: 10.352202
2025-12-09 07:07:46 INFO     Training average L_kl at step 45000: 10205.704902
2025-12-09 07:07:46 INFO     Training average L_sigma at step 45000: 146.496507
2025-12-09 07:07:46 INFO     Training average mu_mean at step 45000: -0.221734
2025-12-09 07:07:46 INFO     Training average sigma_mean at step 45000: 0.113606
2025-12-09 07:07:46 INFO     Training average regularization at step 45000: 0.008209
2025-12-09 07:07:46 INFO     Training average loss at step 45000: 0.786461
2025-12-09 07:07:46 INFO     Evaluating on Valid Dataset...
2025-12-09 07:07:46 INFO     >>>>> RuleE emb: Evaluating on valid
2025-12-09 07:08:02 INFO     Data : 4076
2025-12-09 07:08:02 INFO     Hit1 : 0.894995
2025-12-09 07:08:02 INFO     Hit3 : 0.975711
2025-12-09 07:08:02 INFO     Hit10: 0.990677
2025-12-09 07:08:02 INFO     MR   : 17.443817
2025-12-09 07:08:02 INFO     MRR  : 0.935827
2025-12-09 07:09:17 INFO     Training average positive_fact_loss at step 45100: 0.133396
2025-12-09 07:09:17 INFO     Training average negative_fact_loss at step 45100: 0.116377
2025-12-09 07:09:17 INFO     Training average positive_rule_loss at step 45100: 0.689383
2025-12-09 07:09:17 INFO     Training average negative_rule_loss at step 45100: 0.574166
2025-12-09 07:09:17 INFO     Training average L_uncertainty at step 45100: 10.344190
2025-12-09 07:09:17 INFO     Training average L_kl at step 45100: 10197.722686
2025-12-09 07:09:17 INFO     Training average L_sigma at step 45100: 146.467293
2025-12-09 07:09:17 INFO     Training average mu_mean at step 45100: -0.221690
2025-12-09 07:09:17 INFO     Training average sigma_mean at step 45100: 0.113606
2025-12-09 07:09:17 INFO     Training average regularization at step 45100: 0.008233
2025-12-09 07:09:17 INFO     Training average loss at step 45100: 0.785583
2025-12-09 07:10:19 INFO     Training average positive_fact_loss at step 45200: 0.132680
2025-12-09 07:10:19 INFO     Training average negative_fact_loss at step 45200: 0.115991
2025-12-09 07:10:19 INFO     Training average positive_rule_loss at step 45200: 0.688432
2025-12-09 07:10:19 INFO     Training average negative_rule_loss at step 45200: 0.574867
2025-12-09 07:10:19 INFO     Training average L_uncertainty at step 45200: 10.351439
2025-12-09 07:10:19 INFO     Training average L_kl at step 45200: 10205.373447
2025-12-09 07:10:19 INFO     Training average L_sigma at step 45200: 146.064659
2025-12-09 07:10:19 INFO     Training average mu_mean at step 45200: -0.220604
2025-12-09 07:10:19 INFO     Training average sigma_mean at step 45200: 0.113583
2025-12-09 07:10:19 INFO     Training average regularization at step 45200: 0.008223
2025-12-09 07:10:19 INFO     Training average loss at step 45200: 0.784910
2025-12-09 07:11:31 INFO     Training average positive_fact_loss at step 45300: 0.133103
2025-12-09 07:11:31 INFO     Training average negative_fact_loss at step 45300: 0.118176
2025-12-09 07:11:31 INFO     Training average positive_rule_loss at step 45300: 0.689853
2025-12-09 07:11:31 INFO     Training average negative_rule_loss at step 45300: 0.573953
2025-12-09 07:11:31 INFO     Training average L_uncertainty at step 45300: 10.344406
2025-12-09 07:11:31 INFO     Training average L_kl at step 45300: 10197.976055
2025-12-09 07:11:31 INFO     Training average L_sigma at step 45300: 146.429208
2025-12-09 07:11:31 INFO     Training average mu_mean at step 45300: -0.221548
2025-12-09 07:11:31 INFO     Training average sigma_mean at step 45300: 0.113601
2025-12-09 07:11:31 INFO     Training average regularization at step 45300: 0.008218
2025-12-09 07:11:31 INFO     Training average loss at step 45300: 0.786448
2025-12-09 07:12:32 INFO     Training average positive_fact_loss at step 45400: 0.134640
2025-12-09 07:12:32 INFO     Training average negative_fact_loss at step 45400: 0.118929
2025-12-09 07:12:32 INFO     Training average positive_rule_loss at step 45400: 0.688666
2025-12-09 07:12:32 INFO     Training average negative_rule_loss at step 45400: 0.574591
2025-12-09 07:12:32 INFO     Training average L_uncertainty at step 45400: 10.349659
2025-12-09 07:12:32 INFO     Training average L_kl at step 45400: 10203.620820
2025-12-09 07:12:32 INFO     Training average L_sigma at step 45400: 146.037258
2025-12-09 07:12:32 INFO     Training average mu_mean at step 45400: -0.222394
2025-12-09 07:12:32 INFO     Training average sigma_mean at step 45400: 0.113585
2025-12-09 07:12:32 INFO     Training average regularization at step 45400: 0.008212
2025-12-09 07:12:32 INFO     Training average loss at step 45400: 0.787324
2025-12-09 07:13:44 INFO     Training average positive_fact_loss at step 45500: 0.132324
2025-12-09 07:13:44 INFO     Training average negative_fact_loss at step 45500: 0.115387
2025-12-09 07:13:44 INFO     Training average positive_rule_loss at step 45500: 0.688822
2025-12-09 07:13:44 INFO     Training average negative_rule_loss at step 45500: 0.574516
2025-12-09 07:13:44 INFO     Training average L_uncertainty at step 45500: 10.348498
2025-12-09 07:13:44 INFO     Training average L_kl at step 45500: 10202.093691
2025-12-09 07:13:44 INFO     Training average L_sigma at step 45500: 146.403693
2025-12-09 07:13:44 INFO     Training average mu_mean at step 45500: -0.221063
2025-12-09 07:13:44 INFO     Training average sigma_mean at step 45500: 0.113603
2025-12-09 07:13:44 INFO     Training average regularization at step 45500: 0.008229
2025-12-09 07:13:44 INFO     Training average loss at step 45500: 0.784450
2025-12-09 07:14:45 INFO     Training average positive_fact_loss at step 45600: 0.134460
2025-12-09 07:14:45 INFO     Training average negative_fact_loss at step 45600: 0.118528
2025-12-09 07:14:45 INFO     Training average positive_rule_loss at step 45600: 0.690020
2025-12-09 07:14:45 INFO     Training average negative_rule_loss at step 45600: 0.573521
2025-12-09 07:14:45 INFO     Training average L_uncertainty at step 45600: 10.350935
2025-12-09 07:14:45 INFO     Training average L_kl at step 45600: 10204.539434
2025-12-09 07:14:45 INFO     Training average L_sigma at step 45600: 146.394990
2025-12-09 07:14:45 INFO     Training average mu_mean at step 45600: -0.222702
2025-12-09 07:14:45 INFO     Training average sigma_mean at step 45600: 0.113604
2025-12-09 07:14:45 INFO     Training average regularization at step 45600: 0.008218
2025-12-09 07:14:45 INFO     Training average loss at step 45600: 0.787184
2025-12-09 07:15:57 INFO     Training average positive_fact_loss at step 45700: 0.133342
2025-12-09 07:15:57 INFO     Training average negative_fact_loss at step 45700: 0.117026
2025-12-09 07:15:57 INFO     Training average positive_rule_loss at step 45700: 0.689508
2025-12-09 07:15:57 INFO     Training average negative_rule_loss at step 45700: 0.573920
2025-12-09 07:15:57 INFO     Training average L_uncertainty at step 45700: 10.346303
2025-12-09 07:15:57 INFO     Training average L_kl at step 45700: 10199.688389
2025-12-09 07:15:57 INFO     Training average L_sigma at step 45700: 146.614458
2025-12-09 07:15:57 INFO     Training average mu_mean at step 45700: -0.222537
2025-12-09 07:15:57 INFO     Training average sigma_mean at step 45700: 0.113612
2025-12-09 07:15:57 INFO     Training average regularization at step 45700: 0.008212
2025-12-09 07:15:57 INFO     Training average loss at step 45700: 0.785802
2025-12-09 07:16:59 INFO     Training average positive_fact_loss at step 45800: 0.134291
2025-12-09 07:16:59 INFO     Training average negative_fact_loss at step 45800: 0.118076
2025-12-09 07:16:59 INFO     Training average positive_rule_loss at step 45800: 0.688693
2025-12-09 07:16:59 INFO     Training average negative_rule_loss at step 45800: 0.574678
2025-12-09 07:16:59 INFO     Training average L_uncertainty at step 45800: 10.350950
2025-12-09 07:16:59 INFO     Training average L_kl at step 45800: 10205.012168
2025-12-09 07:16:59 INFO     Training average L_sigma at step 45800: 145.937028
2025-12-09 07:16:59 INFO     Training average mu_mean at step 45800: -0.221091
2025-12-09 07:16:59 INFO     Training average sigma_mean at step 45800: 0.113580
2025-12-09 07:16:59 INFO     Training average regularization at step 45800: 0.008217
2025-12-09 07:16:59 INFO     Training average loss at step 45800: 0.786787
2025-12-09 07:18:12 INFO     Training average positive_fact_loss at step 45900: 0.132028
2025-12-09 07:18:12 INFO     Training average negative_fact_loss at step 45900: 0.115694
2025-12-09 07:18:12 INFO     Training average positive_rule_loss at step 45900: 0.689763
2025-12-09 07:18:12 INFO     Training average negative_rule_loss at step 45900: 0.573816
2025-12-09 07:18:12 INFO     Training average L_uncertainty at step 45900: 10.348581
2025-12-09 07:18:12 INFO     Training average L_kl at step 45900: 10202.301914
2025-12-09 07:18:12 INFO     Training average L_sigma at step 45900: 146.278695
2025-12-09 07:18:12 INFO     Training average mu_mean at step 45900: -0.221642
2025-12-09 07:18:12 INFO     Training average sigma_mean at step 45900: 0.113598
2025-12-09 07:18:12 INFO     Training average regularization at step 45900: 0.008226
2025-12-09 07:18:12 INFO     Training average loss at step 45900: 0.784573
2025-12-09 07:19:20 INFO     Training average positive_fact_loss at step 46000: 0.134759
2025-12-09 07:19:20 INFO     Training average negative_fact_loss at step 46000: 0.118319
2025-12-09 07:19:20 INFO     Training average positive_rule_loss at step 46000: 0.689109
2025-12-09 07:19:20 INFO     Training average negative_rule_loss at step 46000: 0.574170
2025-12-09 07:19:20 INFO     Training average L_uncertainty at step 46000: 10.351998
2025-12-09 07:19:20 INFO     Training average L_kl at step 46000: 10205.912920
2025-12-09 07:19:20 INFO     Training average L_sigma at step 46000: 146.084563
2025-12-09 07:19:20 INFO     Training average mu_mean at step 46000: -0.221894
2025-12-09 07:19:20 INFO     Training average sigma_mean at step 46000: 0.113591
2025-12-09 07:19:20 INFO     Training average regularization at step 46000: 0.008215
2025-12-09 07:19:20 INFO     Training average loss at step 46000: 0.787098
2025-12-09 07:19:20 INFO     Evaluating on Valid Dataset...
2025-12-09 07:19:20 INFO     >>>>> RuleE emb: Evaluating on valid
2025-12-09 07:19:36 INFO     Data : 4076
2025-12-09 07:19:36 INFO     Hit1 : 0.890824
2025-12-09 07:19:36 INFO     Hit3 : 0.976447
2025-12-09 07:19:36 INFO     Hit10: 0.990922
2025-12-09 07:19:36 INFO     MR   : 17.452895
2025-12-09 07:19:36 INFO     MRR  : 0.933698
2025-12-09 07:20:43 INFO     Training average positive_fact_loss at step 46100: 0.133287
2025-12-09 07:20:43 INFO     Training average negative_fact_loss at step 46100: 0.117679
2025-12-09 07:20:43 INFO     Training average positive_rule_loss at step 46100: 0.689499
2025-12-09 07:20:43 INFO     Training average negative_rule_loss at step 46100: 0.574156
2025-12-09 07:20:43 INFO     Training average L_uncertainty at step 46100: 10.346056
2025-12-09 07:20:43 INFO     Training average L_kl at step 46100: 10199.773955
2025-12-09 07:20:43 INFO     Training average L_sigma at step 46100: 146.281554
2025-12-09 07:20:43 INFO     Training average mu_mean at step 46100: -0.221976
2025-12-09 07:20:43 INFO     Training average sigma_mean at step 46100: 0.113600
2025-12-09 07:20:43 INFO     Training average regularization at step 46100: 0.008211
2025-12-09 07:20:43 INFO     Training average loss at step 46100: 0.786214
2025-12-09 07:21:55 INFO     Training average positive_fact_loss at step 46200: 0.133451
2025-12-09 07:21:55 INFO     Training average negative_fact_loss at step 46200: 0.116858
2025-12-09 07:21:55 INFO     Training average positive_rule_loss at step 46200: 0.689487
2025-12-09 07:21:55 INFO     Training average negative_rule_loss at step 46200: 0.574041
2025-12-09 07:21:55 INFO     Training average L_uncertainty at step 46200: 10.341929
2025-12-09 07:21:55 INFO     Training average L_kl at step 46200: 10195.296943
2025-12-09 07:21:55 INFO     Training average L_sigma at step 46200: 146.631741
2025-12-09 07:21:55 INFO     Training average mu_mean at step 46200: -0.222730
2025-12-09 07:21:55 INFO     Training average sigma_mean at step 46200: 0.113612
2025-12-09 07:21:55 INFO     Training average regularization at step 46200: 0.008220
2025-12-09 07:21:55 INFO     Training average loss at step 46200: 0.785822
2025-12-09 07:22:57 INFO     Training average positive_fact_loss at step 46300: 0.133299
2025-12-09 07:22:57 INFO     Training average negative_fact_loss at step 46300: 0.117598
2025-12-09 07:22:57 INFO     Training average positive_rule_loss at step 46300: 0.689885
2025-12-09 07:22:57 INFO     Training average negative_rule_loss at step 46300: 0.573696
2025-12-09 07:22:57 INFO     Training average L_uncertainty at step 46300: 10.348376
2025-12-09 07:22:57 INFO     Training average L_kl at step 46300: 10202.276592
2025-12-09 07:22:57 INFO     Training average L_sigma at step 46300: 146.098393
2025-12-09 07:22:57 INFO     Training average mu_mean at step 46300: -0.221988
2025-12-09 07:22:57 INFO     Training average sigma_mean at step 46300: 0.113593
2025-12-09 07:22:57 INFO     Training average regularization at step 46300: 0.008212
2025-12-09 07:22:57 INFO     Training average loss at step 46300: 0.786147
2025-12-09 07:24:09 INFO     Training average positive_fact_loss at step 46400: 0.132385
2025-12-09 07:24:09 INFO     Training average negative_fact_loss at step 46400: 0.116067
2025-12-09 07:24:09 INFO     Training average positive_rule_loss at step 46400: 0.688880
2025-12-09 07:24:09 INFO     Training average negative_rule_loss at step 46400: 0.574457
2025-12-09 07:24:09 INFO     Training average L_uncertainty at step 46400: 10.346706
2025-12-09 07:24:09 INFO     Training average L_kl at step 46400: 10200.427666
2025-12-09 07:24:09 INFO     Training average L_sigma at step 46400: 146.277455
2025-12-09 07:24:09 INFO     Training average mu_mean at step 46400: -0.221750
2025-12-09 07:24:09 INFO     Training average sigma_mean at step 46400: 0.113600
2025-12-09 07:24:09 INFO     Training average regularization at step 46400: 0.008231
2025-12-09 07:24:09 INFO     Training average loss at step 46400: 0.784819
2025-12-09 07:25:10 INFO     Training average positive_fact_loss at step 46500: 0.133801
2025-12-09 07:25:10 INFO     Training average negative_fact_loss at step 46500: 0.117478
2025-12-09 07:25:10 INFO     Training average positive_rule_loss at step 46500: 0.689458
2025-12-09 07:25:10 INFO     Training average negative_rule_loss at step 46500: 0.574036
2025-12-09 07:25:10 INFO     Training average L_uncertainty at step 46500: 10.349710
2025-12-09 07:25:10 INFO     Training average L_kl at step 46500: 10203.442529
2025-12-09 07:25:10 INFO     Training average L_sigma at step 46500: 146.266700
2025-12-09 07:25:10 INFO     Training average mu_mean at step 46500: -0.221135
2025-12-09 07:25:10 INFO     Training average sigma_mean at step 46500: 0.113606
2025-12-09 07:25:10 INFO     Training average regularization at step 46500: 0.008214
2025-12-09 07:25:10 INFO     Training average loss at step 46500: 0.786300
2025-12-09 07:26:22 INFO     Training average positive_fact_loss at step 46600: 0.133328
2025-12-09 07:26:22 INFO     Training average negative_fact_loss at step 46600: 0.117610
2025-12-09 07:26:22 INFO     Training average positive_rule_loss at step 46600: 0.688673
2025-12-09 07:26:22 INFO     Training average negative_rule_loss at step 46600: 0.574545
2025-12-09 07:26:22 INFO     Training average L_uncertainty at step 46600: 10.354881
2025-12-09 07:26:22 INFO     Training average L_kl at step 46600: 10209.031025
2025-12-09 07:26:22 INFO     Training average L_sigma at step 46600: 145.849780
2025-12-09 07:26:22 INFO     Training average mu_mean at step 46600: -0.221834
2025-12-09 07:26:22 INFO     Training average sigma_mean at step 46600: 0.113579
2025-12-09 07:26:22 INFO     Training average regularization at step 46600: 0.008214
2025-12-09 07:26:22 INFO     Training average loss at step 46600: 0.786002
2025-12-09 07:27:23 INFO     Training average positive_fact_loss at step 46700: 0.133808
2025-12-09 07:27:23 INFO     Training average negative_fact_loss at step 46700: 0.117912
2025-12-09 07:27:23 INFO     Training average positive_rule_loss at step 46700: 0.689005
2025-12-09 07:27:23 INFO     Training average negative_rule_loss at step 46700: 0.574224
2025-12-09 07:27:23 INFO     Training average L_uncertainty at step 46700: 10.359388
2025-12-09 07:27:23 INFO     Training average L_kl at step 46700: 10213.595107
2025-12-09 07:27:23 INFO     Training average L_sigma at step 46700: 145.792094
2025-12-09 07:27:23 INFO     Training average mu_mean at step 46700: -0.220943
2025-12-09 07:27:23 INFO     Training average sigma_mean at step 46700: 0.113573
2025-12-09 07:27:23 INFO     Training average regularization at step 46700: 0.008218
2025-12-09 07:27:23 INFO     Training average loss at step 46700: 0.786411
2025-12-09 07:28:37 INFO     Training average positive_fact_loss at step 46800: 0.133214
2025-12-09 07:28:37 INFO     Training average negative_fact_loss at step 46800: 0.116004
2025-12-09 07:28:37 INFO     Training average positive_rule_loss at step 46800: 0.689275
2025-12-09 07:28:37 INFO     Training average negative_rule_loss at step 46800: 0.574056
2025-12-09 07:28:37 INFO     Training average L_uncertainty at step 46800: 10.356869
2025-12-09 07:28:37 INFO     Training average L_kl at step 46800: 10210.359160
2025-12-09 07:28:37 INFO     Training average L_sigma at step 46800: 146.508988
2025-12-09 07:28:37 INFO     Training average mu_mean at step 46800: -0.221016
2025-12-09 07:28:37 INFO     Training average sigma_mean at step 46800: 0.113606
2025-12-09 07:28:37 INFO     Training average regularization at step 46800: 0.008209
2025-12-09 07:28:37 INFO     Training average loss at step 46800: 0.785198
2025-12-09 07:29:38 INFO     Training average positive_fact_loss at step 46900: 0.134055
2025-12-09 07:29:38 INFO     Training average negative_fact_loss at step 46900: 0.116963
2025-12-09 07:29:38 INFO     Training average positive_rule_loss at step 46900: 0.689501
2025-12-09 07:29:38 INFO     Training average negative_rule_loss at step 46900: 0.574241
2025-12-09 07:29:38 INFO     Training average L_uncertainty at step 46900: 10.340117
2025-12-09 07:29:38 INFO     Training average L_kl at step 46900: 10193.983984
2025-12-09 07:29:38 INFO     Training average L_sigma at step 46900: 146.132328
2025-12-09 07:29:38 INFO     Training average mu_mean at step 46900: -0.221673
2025-12-09 07:29:38 INFO     Training average sigma_mean at step 46900: 0.113597
2025-12-09 07:29:38 INFO     Training average regularization at step 46900: 0.008210
2025-12-09 07:29:38 INFO     Training average loss at step 46900: 0.786271
2025-12-09 07:30:50 INFO     Training average positive_fact_loss at step 47000: 0.132854
2025-12-09 07:30:50 INFO     Training average negative_fact_loss at step 47000: 0.117136
2025-12-09 07:30:50 INFO     Training average positive_rule_loss at step 47000: 0.689863
2025-12-09 07:30:50 INFO     Training average negative_rule_loss at step 47000: 0.573899
2025-12-09 07:30:50 INFO     Training average L_uncertainty at step 47000: 10.341724
2025-12-09 07:30:50 INFO     Training average L_kl at step 47000: 10195.806719
2025-12-09 07:30:50 INFO     Training average L_sigma at step 47000: 145.916482
2025-12-09 07:30:50 INFO     Training average mu_mean at step 47000: -0.222691
2025-12-09 07:30:50 INFO     Training average sigma_mean at step 47000: 0.113583
2025-12-09 07:30:50 INFO     Training average regularization at step 47000: 0.008211
2025-12-09 07:30:50 INFO     Training average loss at step 47000: 0.785771
2025-12-09 07:30:50 INFO     Evaluating on Valid Dataset...
2025-12-09 07:30:50 INFO     >>>>> RuleE emb: Evaluating on valid
2025-12-09 07:31:06 INFO     Data : 4076
2025-12-09 07:31:06 INFO     Hit1 : 0.890088
2025-12-09 07:31:06 INFO     Hit3 : 0.975221
2025-12-09 07:31:06 INFO     Hit10: 0.990677
2025-12-09 07:31:06 INFO     MR   : 17.402846
2025-12-09 07:31:06 INFO     MRR  : 0.933200
2025-12-09 07:32:09 INFO     Training average positive_fact_loss at step 47100: 0.134013
2025-12-09 07:32:09 INFO     Training average negative_fact_loss at step 47100: 0.118607
2025-12-09 07:32:09 INFO     Training average positive_rule_loss at step 47100: 0.689457
2025-12-09 07:32:09 INFO     Training average negative_rule_loss at step 47100: 0.574149
2025-12-09 07:32:09 INFO     Training average L_uncertainty at step 47100: 10.343197
2025-12-09 07:32:09 INFO     Training average L_kl at step 47100: 10197.052148
2025-12-09 07:32:09 INFO     Training average L_sigma at step 47100: 146.144155
2025-12-09 07:32:09 INFO     Training average mu_mean at step 47100: -0.222445
2025-12-09 07:32:09 INFO     Training average sigma_mean at step 47100: 0.113597
2025-12-09 07:32:09 INFO     Training average regularization at step 47100: 0.008214
2025-12-09 07:32:09 INFO     Training average loss at step 47100: 0.787013
2025-12-09 07:33:21 INFO     Training average positive_fact_loss at step 47200: 0.133283
2025-12-09 07:33:21 INFO     Training average negative_fact_loss at step 47200: 0.117837
2025-12-09 07:33:21 INFO     Training average positive_rule_loss at step 47200: 0.688958
2025-12-09 07:33:21 INFO     Training average negative_rule_loss at step 47200: 0.574478
2025-12-09 07:33:21 INFO     Training average L_uncertainty at step 47200: 10.347491
2025-12-09 07:33:21 INFO     Training average L_kl at step 47200: 10201.453662
2025-12-09 07:33:21 INFO     Training average L_sigma at step 47200: 146.037192
2025-12-09 07:33:21 INFO     Training average mu_mean at step 47200: -0.221007
2025-12-09 07:33:21 INFO     Training average sigma_mean at step 47200: 0.113591
2025-12-09 07:33:21 INFO     Training average regularization at step 47200: 0.008209
2025-12-09 07:33:21 INFO     Training average loss at step 47200: 0.786182
2025-12-09 07:34:33 INFO     Training average positive_fact_loss at step 47300: 0.133027
2025-12-09 07:34:33 INFO     Training average negative_fact_loss at step 47300: 0.115285
2025-12-09 07:34:33 INFO     Training average positive_rule_loss at step 47300: 0.688672
2025-12-09 07:34:33 INFO     Training average negative_rule_loss at step 47300: 0.574729
2025-12-09 07:34:33 INFO     Training average L_uncertainty at step 47300: 10.351577
2025-12-09 07:34:33 INFO     Training average L_kl at step 47300: 10205.237676
2025-12-09 07:34:33 INFO     Training average L_sigma at step 47300: 146.338881
2025-12-09 07:34:33 INFO     Training average mu_mean at step 47300: -0.219918
2025-12-09 07:34:33 INFO     Training average sigma_mean at step 47300: 0.113605
2025-12-09 07:34:33 INFO     Training average regularization at step 47300: 0.008222
2025-12-09 07:34:33 INFO     Training average loss at step 47300: 0.784781
2025-12-09 07:35:35 INFO     Training average positive_fact_loss at step 47400: 0.132808
2025-12-09 07:35:35 INFO     Training average negative_fact_loss at step 47400: 0.117645
2025-12-09 07:35:35 INFO     Training average positive_rule_loss at step 47400: 0.688930
2025-12-09 07:35:35 INFO     Training average negative_rule_loss at step 47400: 0.574463
2025-12-09 07:35:35 INFO     Training average L_uncertainty at step 47400: 10.351278
2025-12-09 07:35:35 INFO     Training average L_kl at step 47400: 10204.712656
2025-12-09 07:35:35 INFO     Training average L_sigma at step 47400: 146.565087
2025-12-09 07:35:35 INFO     Training average mu_mean at step 47400: -0.220125
2025-12-09 07:35:35 INFO     Training average sigma_mean at step 47400: 0.113617
2025-12-09 07:35:35 INFO     Training average regularization at step 47400: 0.008211
2025-12-09 07:35:35 INFO     Training average loss at step 47400: 0.785836
2025-12-09 07:36:47 INFO     Training average positive_fact_loss at step 47500: 0.133400
2025-12-09 07:36:47 INFO     Training average negative_fact_loss at step 47500: 0.117623
2025-12-09 07:36:47 INFO     Training average positive_rule_loss at step 47500: 0.689308
2025-12-09 07:36:47 INFO     Training average negative_rule_loss at step 47500: 0.574206
2025-12-09 07:36:47 INFO     Training average L_uncertainty at step 47500: 10.344844
2025-12-09 07:36:47 INFO     Training average L_kl at step 47500: 10198.354336
2025-12-09 07:36:47 INFO     Training average L_sigma at step 47500: 146.489285
2025-12-09 07:36:47 INFO     Training average mu_mean at step 47500: -0.221281
2025-12-09 07:36:47 INFO     Training average sigma_mean at step 47500: 0.113614
2025-12-09 07:36:47 INFO     Training average regularization at step 47500: 0.008206
2025-12-09 07:36:47 INFO     Training average loss at step 47500: 0.786165
2025-12-09 07:37:49 INFO     Training average positive_fact_loss at step 47600: 0.133589
2025-12-09 07:37:49 INFO     Training average negative_fact_loss at step 47600: 0.117014
2025-12-09 07:37:49 INFO     Training average positive_rule_loss at step 47600: 0.688816
2025-12-09 07:37:49 INFO     Training average negative_rule_loss at step 47600: 0.574605
2025-12-09 07:37:49 INFO     Training average L_uncertainty at step 47600: 10.346372
2025-12-09 07:37:49 INFO     Training average L_kl at step 47600: 10200.307607
2025-12-09 07:37:49 INFO     Training average L_sigma at step 47600: 146.063686
2025-12-09 07:37:49 INFO     Training average mu_mean at step 47600: -0.221902
2025-12-09 07:37:49 INFO     Training average sigma_mean at step 47600: 0.113591
2025-12-09 07:37:49 INFO     Training average regularization at step 47600: 0.008220
2025-12-09 07:37:49 INFO     Training average loss at step 47600: 0.785924
2025-12-09 07:39:01 INFO     Training average positive_fact_loss at step 47700: 0.132751
2025-12-09 07:39:01 INFO     Training average negative_fact_loss at step 47700: 0.116439
2025-12-09 07:39:01 INFO     Training average positive_rule_loss at step 47700: 0.688847
2025-12-09 07:39:01 INFO     Training average negative_rule_loss at step 47700: 0.574433
2025-12-09 07:39:01 INFO     Training average L_uncertainty at step 47700: 10.348281
2025-12-09 07:39:01 INFO     Training average L_kl at step 47700: 10201.479727
2025-12-09 07:39:01 INFO     Training average L_sigma at step 47700: 146.800938
2025-12-09 07:39:01 INFO     Training average mu_mean at step 47700: -0.220695
2025-12-09 07:39:01 INFO     Training average sigma_mean at step 47700: 0.113631
2025-12-09 07:39:01 INFO     Training average regularization at step 47700: 0.008209
2025-12-09 07:39:01 INFO     Training average loss at step 47700: 0.785140
2025-12-09 07:40:01 INFO     Training average positive_fact_loss at step 47800: 0.133767
2025-12-09 07:40:01 INFO     Training average negative_fact_loss at step 47800: 0.117273
2025-12-09 07:40:01 INFO     Training average positive_rule_loss at step 47800: 0.689134
2025-12-09 07:40:01 INFO     Training average negative_rule_loss at step 47800: 0.574233
2025-12-09 07:40:01 INFO     Training average L_uncertainty at step 47800: 10.351505
2025-12-09 07:40:01 INFO     Training average L_kl at step 47800: 10205.449902
2025-12-09 07:40:01 INFO     Training average L_sigma at step 47800: 146.054826
2025-12-09 07:40:01 INFO     Training average mu_mean at step 47800: -0.222190
2025-12-09 07:40:01 INFO     Training average sigma_mean at step 47800: 0.113587
2025-12-09 07:40:01 INFO     Training average regularization at step 47800: 0.008213
2025-12-09 07:40:01 INFO     Training average loss at step 47800: 0.786119
2025-12-09 07:41:14 INFO     Training average positive_fact_loss at step 47900: 0.132862
2025-12-09 07:41:14 INFO     Training average negative_fact_loss at step 47900: 0.118645
2025-12-09 07:41:14 INFO     Training average positive_rule_loss at step 47900: 0.688820
2025-12-09 07:41:14 INFO     Training average negative_rule_loss at step 47900: 0.574385
2025-12-09 07:41:14 INFO     Training average L_uncertainty at step 47900: 10.364809
2025-12-09 07:41:14 INFO     Training average L_kl at step 47900: 10219.098398
2025-12-09 07:41:14 INFO     Training average L_sigma at step 47900: 145.710519
2025-12-09 07:41:14 INFO     Training average mu_mean at step 47900: -0.220794
2025-12-09 07:41:14 INFO     Training average sigma_mean at step 47900: 0.113575
2025-12-09 07:41:14 INFO     Training average regularization at step 47900: 0.008211
2025-12-09 07:41:14 INFO     Training average loss at step 47900: 0.786297
2025-12-09 07:42:16 INFO     Training average positive_fact_loss at step 48000: 0.134404
2025-12-09 07:42:16 INFO     Training average negative_fact_loss at step 48000: 0.117333
2025-12-09 07:42:16 INFO     Training average positive_rule_loss at step 48000: 0.689004
2025-12-09 07:42:16 INFO     Training average negative_rule_loss at step 48000: 0.574226
2025-12-09 07:42:16 INFO     Training average L_uncertainty at step 48000: 10.357173
2025-12-09 07:42:16 INFO     Training average L_kl at step 48000: 10210.996514
2025-12-09 07:42:16 INFO     Training average L_sigma at step 48000: 146.175928
2025-12-09 07:42:16 INFO     Training average mu_mean at step 48000: -0.220982
2025-12-09 07:42:16 INFO     Training average sigma_mean at step 48000: 0.113599
2025-12-09 07:42:16 INFO     Training average regularization at step 48000: 0.008213
2025-12-09 07:42:16 INFO     Training average loss at step 48000: 0.786411
2025-12-09 07:42:16 INFO     Evaluating on Valid Dataset...
2025-12-09 07:42:16 INFO     >>>>> RuleE emb: Evaluating on valid
2025-12-09 07:42:32 INFO     Data : 4076
2025-12-09 07:42:32 INFO     Hit1 : 0.893768
2025-12-09 07:42:32 INFO     Hit3 : 0.976202
2025-12-09 07:42:32 INFO     Hit10: 0.990677
2025-12-09 07:42:32 INFO     MR   : 17.603533
2025-12-09 07:42:32 INFO     MRR  : 0.935064
2025-12-09 07:43:46 INFO     Training average positive_fact_loss at step 48100: 0.132462
2025-12-09 07:43:46 INFO     Training average negative_fact_loss at step 48100: 0.116209
2025-12-09 07:43:46 INFO     Training average positive_rule_loss at step 48100: 0.689295
2025-12-09 07:43:46 INFO     Training average negative_rule_loss at step 48100: 0.574135
2025-12-09 07:43:46 INFO     Training average L_uncertainty at step 48100: 10.349665
2025-12-09 07:43:46 INFO     Training average L_kl at step 48100: 10203.518018
2025-12-09 07:43:46 INFO     Training average L_sigma at step 48100: 146.146634
2025-12-09 07:43:46 INFO     Training average mu_mean at step 48100: -0.222340
2025-12-09 07:43:46 INFO     Training average sigma_mean at step 48100: 0.113601
2025-12-09 07:43:46 INFO     Training average regularization at step 48100: 0.008216
2025-12-09 07:43:46 INFO     Training average loss at step 48100: 0.784965
2025-12-09 07:44:48 INFO     Training average positive_fact_loss at step 48200: 0.134608
2025-12-09 07:44:48 INFO     Training average negative_fact_loss at step 48200: 0.117796
2025-12-09 07:44:48 INFO     Training average positive_rule_loss at step 48200: 0.689031
2025-12-09 07:44:48 INFO     Training average negative_rule_loss at step 48200: 0.574406
2025-12-09 07:44:48 INFO     Training average L_uncertainty at step 48200: 10.345607
2025-12-09 07:44:48 INFO     Training average L_kl at step 48200: 10199.341270
2025-12-09 07:44:48 INFO     Training average L_sigma at step 48200: 146.265087
2025-12-09 07:44:48 INFO     Training average mu_mean at step 48200: -0.221921
2025-12-09 07:44:48 INFO     Training average sigma_mean at step 48200: 0.113602
2025-12-09 07:44:48 INFO     Training average regularization at step 48200: 0.008209
2025-12-09 07:44:48 INFO     Training average loss at step 48200: 0.786821
2025-12-09 07:46:02 INFO     Training average positive_fact_loss at step 48300: 0.132576
2025-12-09 07:46:02 INFO     Training average negative_fact_loss at step 48300: 0.116482
2025-12-09 07:46:02 INFO     Training average positive_rule_loss at step 48300: 0.689836
2025-12-09 07:46:02 INFO     Training average negative_rule_loss at step 48300: 0.573780
2025-12-09 07:46:02 INFO     Training average L_uncertainty at step 48300: 10.347176
2025-12-09 07:46:02 INFO     Training average L_kl at step 48300: 10200.630479
2025-12-09 07:46:02 INFO     Training average L_sigma at step 48300: 146.544759
2025-12-09 07:46:02 INFO     Training average mu_mean at step 48300: -0.222446
2025-12-09 07:46:02 INFO     Training average sigma_mean at step 48300: 0.113618
2025-12-09 07:46:02 INFO     Training average regularization at step 48300: 0.008214
2025-12-09 07:46:02 INFO     Training average loss at step 48300: 0.785245
2025-12-09 07:47:15 INFO     Training average positive_fact_loss at step 48400: 0.133434
2025-12-09 07:47:15 INFO     Training average negative_fact_loss at step 48400: 0.118048
2025-12-09 07:47:15 INFO     Training average positive_rule_loss at step 48400: 0.688915
2025-12-09 07:47:15 INFO     Training average negative_rule_loss at step 48400: 0.574339
2025-12-09 07:47:15 INFO     Training average L_uncertainty at step 48400: 10.353524
2025-12-09 07:47:15 INFO     Training average L_kl at step 48400: 10207.054326
2025-12-09 07:47:15 INFO     Training average L_sigma at step 48400: 146.469499
2025-12-09 07:47:15 INFO     Training average mu_mean at step 48400: -0.221167
2025-12-09 07:47:15 INFO     Training average sigma_mean at step 48400: 0.113615
2025-12-09 07:47:15 INFO     Training average regularization at step 48400: 0.008217
2025-12-09 07:47:15 INFO     Training average loss at step 48400: 0.786292
2025-12-09 07:48:16 INFO     Training average positive_fact_loss at step 48500: 0.133558
2025-12-09 07:48:16 INFO     Training average negative_fact_loss at step 48500: 0.117053
2025-12-09 07:48:16 INFO     Training average positive_rule_loss at step 48500: 0.689086
2025-12-09 07:48:16 INFO     Training average negative_rule_loss at step 48500: 0.574322
2025-12-09 07:48:16 INFO     Training average L_uncertainty at step 48500: 10.346288
2025-12-09 07:48:16 INFO     Training average L_kl at step 48500: 10199.674873
2025-12-09 07:48:16 INFO     Training average L_sigma at step 48500: 146.612762
2025-12-09 07:48:16 INFO     Training average mu_mean at step 48500: -0.221661
2025-12-09 07:48:16 INFO     Training average sigma_mean at step 48500: 0.113622
2025-12-09 07:48:16 INFO     Training average regularization at step 48500: 0.008215
2025-12-09 07:48:16 INFO     Training average loss at step 48500: 0.785917
2025-12-09 07:49:29 INFO     Training average positive_fact_loss at step 48600: 0.133467
2025-12-09 07:49:29 INFO     Training average negative_fact_loss at step 48600: 0.116618
2025-12-09 07:49:29 INFO     Training average positive_rule_loss at step 48600: 0.688725
2025-12-09 07:49:29 INFO     Training average negative_rule_loss at step 48600: 0.574439
2025-12-09 07:49:29 INFO     Training average L_uncertainty at step 48600: 10.356165
2025-12-09 07:49:29 INFO     Training average L_kl at step 48600: 10209.889316
2025-12-09 07:49:29 INFO     Training average L_sigma at step 48600: 146.275571
2025-12-09 07:49:29 INFO     Training average mu_mean at step 48600: -0.221050
2025-12-09 07:49:29 INFO     Training average sigma_mean at step 48600: 0.113605
2025-12-09 07:49:29 INFO     Training average regularization at step 48600: 0.008203
2025-12-09 07:49:29 INFO     Training average loss at step 48600: 0.785540
2025-12-09 07:50:31 INFO     Training average positive_fact_loss at step 48700: 0.133168
2025-12-09 07:50:31 INFO     Training average negative_fact_loss at step 48700: 0.116261
2025-12-09 07:50:31 INFO     Training average positive_rule_loss at step 48700: 0.690081
2025-12-09 07:50:31 INFO     Training average negative_rule_loss at step 48700: 0.573542
2025-12-09 07:50:31 INFO     Training average L_uncertainty at step 48700: 10.345485
2025-12-09 07:50:31 INFO     Training average L_kl at step 48700: 10198.924170
2025-12-09 07:50:31 INFO     Training average L_sigma at step 48700: 146.559825
2025-12-09 07:50:31 INFO     Training average mu_mean at step 48700: -0.222374
2025-12-09 07:50:31 INFO     Training average sigma_mean at step 48700: 0.113620
2025-12-09 07:50:31 INFO     Training average regularization at step 48700: 0.008216
2025-12-09 07:50:31 INFO     Training average loss at step 48700: 0.785433
2025-12-09 07:51:43 INFO     Training average positive_fact_loss at step 48800: 0.133582
2025-12-09 07:51:43 INFO     Training average negative_fact_loss at step 48800: 0.117465
2025-12-09 07:51:43 INFO     Training average positive_rule_loss at step 48800: 0.689407
2025-12-09 07:51:43 INFO     Training average negative_rule_loss at step 48800: 0.574032
2025-12-09 07:51:43 INFO     Training average L_uncertainty at step 48800: 10.347362
2025-12-09 07:51:43 INFO     Training average L_kl at step 48800: 10201.235381
2025-12-09 07:51:43 INFO     Training average L_sigma at step 48800: 146.126589
2025-12-09 07:51:43 INFO     Training average mu_mean at step 48800: -0.222322
2025-12-09 07:51:43 INFO     Training average sigma_mean at step 48800: 0.113600
2025-12-09 07:51:43 INFO     Training average regularization at step 48800: 0.008209
2025-12-09 07:51:43 INFO     Training average loss at step 48800: 0.786147
2025-12-09 07:52:44 INFO     Training average positive_fact_loss at step 48900: 0.132843
2025-12-09 07:52:44 INFO     Training average negative_fact_loss at step 48900: 0.116954
2025-12-09 07:52:44 INFO     Training average positive_rule_loss at step 48900: 0.689206
2025-12-09 07:52:44 INFO     Training average negative_rule_loss at step 48900: 0.574145
2025-12-09 07:52:44 INFO     Training average L_uncertainty at step 48900: 10.352849
2025-12-09 07:52:44 INFO     Training average L_kl at step 48900: 10206.798936
2025-12-09 07:52:44 INFO     Training average L_sigma at step 48900: 146.049832
2025-12-09 07:52:44 INFO     Training average mu_mean at step 48900: -0.222624
2025-12-09 07:52:44 INFO     Training average sigma_mean at step 48900: 0.113593
2025-12-09 07:52:44 INFO     Training average regularization at step 48900: 0.008213
2025-12-09 07:52:44 INFO     Training average loss at step 48900: 0.785492
2025-12-09 07:53:57 INFO     Training average positive_fact_loss at step 49000: 0.133076
2025-12-09 07:53:57 INFO     Training average negative_fact_loss at step 49000: 0.116931
2025-12-09 07:53:57 INFO     Training average positive_rule_loss at step 49000: 0.688721
2025-12-09 07:53:57 INFO     Training average negative_rule_loss at step 49000: 0.574595
2025-12-09 07:53:57 INFO     Training average L_uncertainty at step 49000: 10.351165
2025-12-09 07:53:57 INFO     Training average L_kl at step 49000: 10204.773623
2025-12-09 07:53:57 INFO     Training average L_sigma at step 49000: 146.390842
2025-12-09 07:53:57 INFO     Training average mu_mean at step 49000: -0.220666
2025-12-09 07:53:57 INFO     Training average sigma_mean at step 49000: 0.113610
2025-12-09 07:53:57 INFO     Training average regularization at step 49000: 0.008213
2025-12-09 07:53:57 INFO     Training average loss at step 49000: 0.785577
2025-12-09 07:53:57 INFO     Evaluating on Valid Dataset...
2025-12-09 07:53:57 INFO     >>>>> RuleE emb: Evaluating on valid
2025-12-09 07:54:15 INFO     Data : 4076
2025-12-09 07:54:15 INFO     Hit1 : 0.893032
2025-12-09 07:54:15 INFO     Hit3 : 0.975711
2025-12-09 07:54:15 INFO     Hit10: 0.990922
2025-12-09 07:54:15 INFO     MR   : 17.679588
2025-12-09 07:54:15 INFO     MRR  : 0.934760
2025-12-09 07:55:17 INFO     Training average positive_fact_loss at step 49100: 0.133910
2025-12-09 07:55:17 INFO     Training average negative_fact_loss at step 49100: 0.117794
2025-12-09 07:55:17 INFO     Training average positive_rule_loss at step 49100: 0.689490
2025-12-09 07:55:17 INFO     Training average negative_rule_loss at step 49100: 0.573971
2025-12-09 07:55:17 INFO     Training average L_uncertainty at step 49100: 10.346458
2025-12-09 07:55:17 INFO     Training average L_kl at step 49100: 10199.746602
2025-12-09 07:55:17 INFO     Training average L_sigma at step 49100: 146.710778
2025-12-09 07:55:17 INFO     Training average mu_mean at step 49100: -0.222193
2025-12-09 07:55:17 INFO     Training average sigma_mean at step 49100: 0.113626
2025-12-09 07:55:17 INFO     Training average regularization at step 49100: 0.008209
2025-12-09 07:55:17 INFO     Training average loss at step 49100: 0.786485
2025-12-09 07:56:31 INFO     Training average positive_fact_loss at step 49200: 0.132580
2025-12-09 07:56:31 INFO     Training average negative_fact_loss at step 49200: 0.116302
2025-12-09 07:56:31 INFO     Training average positive_rule_loss at step 49200: 0.689175
2025-12-09 07:56:31 INFO     Training average negative_rule_loss at step 49200: 0.574236
2025-12-09 07:56:31 INFO     Training average L_uncertainty at step 49200: 10.350483
2025-12-09 07:56:31 INFO     Training average L_kl at step 49200: 10204.441807
2025-12-09 07:56:31 INFO     Training average L_sigma at step 49200: 146.041089
2025-12-09 07:56:31 INFO     Training average mu_mean at step 49200: -0.221444
2025-12-09 07:56:31 INFO     Training average sigma_mean at step 49200: 0.113600
2025-12-09 07:56:31 INFO     Training average regularization at step 49200: 0.008207
2025-12-09 07:56:31 INFO     Training average loss at step 49200: 0.785055
2025-12-09 07:57:32 INFO     Training average positive_fact_loss at step 49300: 0.134826
2025-12-09 07:57:32 INFO     Training average negative_fact_loss at step 49300: 0.118439
2025-12-09 07:57:32 INFO     Training average positive_rule_loss at step 49300: 0.689718
2025-12-09 07:57:32 INFO     Training average negative_rule_loss at step 49300: 0.573943
2025-12-09 07:57:32 INFO     Training average L_uncertainty at step 49300: 10.342193
2025-12-09 07:57:32 INFO     Training average L_kl at step 49300: 10196.148779
2025-12-09 07:57:32 INFO     Training average L_sigma at step 49300: 146.043774
2025-12-09 07:57:32 INFO     Training average mu_mean at step 49300: -0.222250
2025-12-09 07:57:32 INFO     Training average sigma_mean at step 49300: 0.113596
2025-12-09 07:57:32 INFO     Training average regularization at step 49300: 0.008209
2025-12-09 07:57:32 INFO     Training average loss at step 49300: 0.787356
2025-12-09 07:58:44 INFO     Training average positive_fact_loss at step 49400: 0.132724
2025-12-09 07:58:44 INFO     Training average negative_fact_loss at step 49400: 0.117431
2025-12-09 07:58:44 INFO     Training average positive_rule_loss at step 49400: 0.689641
2025-12-09 07:58:44 INFO     Training average negative_rule_loss at step 49400: 0.573967
2025-12-09 07:58:44 INFO     Training average L_uncertainty at step 49400: 10.344821
2025-12-09 07:58:44 INFO     Training average L_kl at step 49400: 10198.763564
2025-12-09 07:58:44 INFO     Training average L_sigma at step 49400: 146.057235
2025-12-09 07:58:44 INFO     Training average mu_mean at step 49400: -0.222335
2025-12-09 07:58:44 INFO     Training average sigma_mean at step 49400: 0.113592
2025-12-09 07:58:44 INFO     Training average regularization at step 49400: 0.008214
2025-12-09 07:58:44 INFO     Training average loss at step 49400: 0.785785
2025-12-09 07:59:56 INFO     Training average positive_fact_loss at step 49500: 0.133888
2025-12-09 07:59:56 INFO     Training average negative_fact_loss at step 49500: 0.117025
2025-12-09 07:59:56 INFO     Training average positive_rule_loss at step 49500: 0.688728
2025-12-09 07:59:56 INFO     Training average negative_rule_loss at step 49500: 0.574651
2025-12-09 07:59:56 INFO     Training average L_uncertainty at step 49500: 10.348200
2025-12-09 07:59:56 INFO     Training average L_kl at step 49500: 10202.454727
2025-12-09 07:59:56 INFO     Training average L_sigma at step 49500: 145.745089
2025-12-09 07:59:56 INFO     Training average mu_mean at step 49500: -0.221867
2025-12-09 07:59:56 INFO     Training average sigma_mean at step 49500: 0.113581
2025-12-09 07:59:56 INFO     Training average regularization at step 49500: 0.008206
2025-12-09 07:59:56 INFO     Training average loss at step 49500: 0.786048
2025-12-09 08:00:58 INFO     Training average positive_fact_loss at step 49600: 0.131681
2025-12-09 08:00:58 INFO     Training average negative_fact_loss at step 49600: 0.115061
2025-12-09 08:00:58 INFO     Training average positive_rule_loss at step 49600: 0.689838
2025-12-09 08:00:58 INFO     Training average negative_rule_loss at step 49600: 0.573758
2025-12-09 08:00:58 INFO     Training average L_uncertainty at step 49600: 10.349896
2025-12-09 08:00:58 INFO     Training average L_kl at step 49600: 10203.810615
2025-12-09 08:00:58 INFO     Training average L_sigma at step 49600: 146.085056
2025-12-09 08:00:58 INFO     Training average mu_mean at step 49600: -0.221820
2025-12-09 08:00:58 INFO     Training average sigma_mean at step 49600: 0.113601
2025-12-09 08:00:58 INFO     Training average regularization at step 49600: 0.008218
2025-12-09 08:00:58 INFO     Training average loss at step 49600: 0.784087
2025-12-09 08:02:09 INFO     Training average positive_fact_loss at step 49700: 0.134375
2025-12-09 08:02:09 INFO     Training average negative_fact_loss at step 49700: 0.118135
2025-12-09 08:02:09 INFO     Training average positive_rule_loss at step 49700: 0.688993
2025-12-09 08:02:09 INFO     Training average negative_rule_loss at step 49700: 0.574348
2025-12-09 08:02:09 INFO     Training average L_uncertainty at step 49700: 10.349286
2025-12-09 08:02:09 INFO     Training average L_kl at step 49700: 10203.323496
2025-12-09 08:02:09 INFO     Training average L_sigma at step 49700: 145.962122
2025-12-09 08:02:09 INFO     Training average mu_mean at step 49700: -0.221631
2025-12-09 08:02:09 INFO     Training average sigma_mean at step 49700: 0.113591
2025-12-09 08:02:09 INFO     Training average regularization at step 49700: 0.008208
2025-12-09 08:02:09 INFO     Training average loss at step 49700: 0.786832
2025-12-09 08:03:11 INFO     Training average positive_fact_loss at step 49800: 0.133055
2025-12-09 08:03:11 INFO     Training average negative_fact_loss at step 49800: 0.117250
2025-12-09 08:03:11 INFO     Training average positive_rule_loss at step 49800: 0.689486
2025-12-09 08:03:11 INFO     Training average negative_rule_loss at step 49800: 0.573990
2025-12-09 08:03:11 INFO     Training average L_uncertainty at step 49800: 10.348040
2025-12-09 08:03:11 INFO     Training average L_kl at step 49800: 10201.926982
2025-12-09 08:03:11 INFO     Training average L_sigma at step 49800: 146.112786
2025-12-09 08:03:11 INFO     Training average mu_mean at step 49800: -0.222694
2025-12-09 08:03:11 INFO     Training average sigma_mean at step 49800: 0.113597
2025-12-09 08:03:11 INFO     Training average regularization at step 49800: 0.008211
2025-12-09 08:03:11 INFO     Training average loss at step 49800: 0.785797
2025-12-09 08:04:23 INFO     Training average positive_fact_loss at step 49900: 0.133773
2025-12-09 08:04:23 INFO     Training average negative_fact_loss at step 49900: 0.118493
2025-12-09 08:04:23 INFO     Training average positive_rule_loss at step 49900: 0.689387
2025-12-09 08:04:23 INFO     Training average negative_rule_loss at step 49900: 0.574195
2025-12-09 08:04:23 INFO     Training average L_uncertainty at step 49900: 10.342282
2025-12-09 08:04:23 INFO     Training average L_kl at step 49900: 10196.112744
2025-12-09 08:04:23 INFO     Training average L_sigma at step 49900: 146.168326
2025-12-09 08:04:23 INFO     Training average mu_mean at step 49900: -0.221956
2025-12-09 08:04:23 INFO     Training average sigma_mean at step 49900: 0.113604
2025-12-09 08:04:23 INFO     Training average regularization at step 49900: 0.008209
2025-12-09 08:04:23 INFO     Training average loss at step 49900: 0.786818
2025-12-09 08:05:25 INFO     Training average positive_fact_loss at step 50000: 0.133614
2025-12-09 08:05:25 INFO     Training average negative_fact_loss at step 50000: 0.116997
2025-12-09 08:05:25 INFO     Training average positive_rule_loss at step 50000: 0.689203
2025-12-09 08:05:25 INFO     Training average negative_rule_loss at step 50000: 0.574246
2025-12-09 08:05:25 INFO     Training average L_uncertainty at step 50000: 10.351166
2025-12-09 08:05:25 INFO     Training average L_kl at step 50000: 10204.830977
2025-12-09 08:05:25 INFO     Training average L_sigma at step 50000: 146.334616
2025-12-09 08:05:25 INFO     Training average mu_mean at step 50000: -0.220406
2025-12-09 08:05:25 INFO     Training average sigma_mean at step 50000: 0.113613
2025-12-09 08:05:25 INFO     Training average regularization at step 50000: 0.008212
2025-12-09 08:05:25 INFO     Training average loss at step 50000: 0.785945
2025-12-09 08:05:25 INFO     Evaluating on Valid Dataset...
2025-12-09 08:05:25 INFO     >>>>> RuleE emb: Evaluating on valid
2025-12-09 08:05:43 INFO     Data : 4076
2025-12-09 08:05:43 INFO     Hit1 : 0.892542
2025-12-09 08:05:43 INFO     Hit3 : 0.974239
2025-12-09 08:05:43 INFO     Hit10: 0.990677
2025-12-09 08:05:43 INFO     MR   : 17.753435
2025-12-09 08:05:43 INFO     MRR  : 0.933927
2025-12-09 08:05:43 INFO     Finishing pre-training!
2025-12-09 08:05:43 INFO     Test the results of pre-training
2025-12-09 08:05:43 INFO     >>>>> RuleE emb: Evaluating on valid
2025-12-09 08:05:59 INFO     Data : 4076
2025-12-09 08:05:59 INFO     Hit1 : 0.899902
2025-12-09 08:05:59 INFO     Hit3 : 0.975221
2025-12-09 08:05:59 INFO     Hit10: 0.990677
2025-12-09 08:05:59 INFO     MR   : 17.435967
2025-12-09 08:05:59 INFO     MRR  : 0.938376
2025-12-09 08:05:59 INFO     >>>>> RuleE emb: Evaluating on test
2025-12-09 08:06:21 INFO     Data : 5670
2025-12-09 08:06:21 INFO     Hit1 : 0.906173
2025-12-09 08:06:21 INFO     Hit3 : 0.976896
2025-12-09 08:06:21 INFO     Hit10: 0.990653
2025-12-09 08:06:21 INFO     MR   : 17.968342
2025-12-09 08:06:21 INFO     MRR  : 0.942579
2025-12-09 08:06:21 INFO     Pre-computed rule_mu for grounding: mean=-0.220312, std=2.250693
2025-12-09 08:06:21 INFO     >>>>> RulE: Grounding-Training
2025-12-09 08:06:21 INFO     -------------------------
2025-12-09 08:06:21 INFO     | Iteration: 1/10
2025-12-09 08:06:21 INFO     -------------------------
2025-12-09 08:06:32 INFO     loss:    10 1478 7.945317 96224.0
2025-12-09 08:06:32 INFO     Save checkpoint to family\grounding.pt
2025-12-09 08:06:34 INFO     loss:    20 1478 7.911308 96224.0
2025-12-09 08:06:34 INFO     Save checkpoint to family\grounding.pt
2025-12-09 08:06:37 INFO     loss:    30 1478 7.785860 96224.0
2025-12-09 08:06:37 INFO     Save checkpoint to family\grounding.pt
2025-12-09 08:06:39 INFO     loss:    40 1478 7.751734 96224.0
2025-12-09 08:06:39 INFO     Save checkpoint to family\grounding.pt
2025-12-09 08:06:40 INFO     loss:    50 1478 7.853255 93517.7
2025-12-09 08:06:40 INFO     Save checkpoint to family\grounding.pt
2025-12-09 08:06:42 INFO     loss:    60 1478 7.674147 90210.0
2025-12-09 08:06:42 INFO     Save checkpoint to family\grounding.pt
2025-12-09 08:06:45 INFO     loss:    70 1478 7.622303 96224.0
2025-12-09 08:06:45 INFO     Save checkpoint to family\grounding.pt
2025-12-09 08:06:48 INFO     loss:    80 1478 7.607188 96224.0
2025-12-09 08:06:48 INFO     Save checkpoint to family\grounding.pt
2025-12-09 08:06:48 INFO     loss:    90 1478 7.419108 96224.0
2025-12-09 08:06:48 INFO     Save checkpoint to family\grounding.pt
2025-12-09 08:06:51 INFO     loss:    100 1478 7.519207 96224.0
2025-12-09 08:06:51 INFO     Save checkpoint to family\grounding.pt
2025-12-09 08:06:54 INFO     loss:    110 1478 7.372913 96224.0
2025-12-09 08:06:54 INFO     Save checkpoint to family\grounding.pt
2025-12-09 08:06:56 INFO     loss:    120 1478 7.547578 96224.0
2025-12-09 08:06:56 INFO     Save checkpoint to family\grounding.pt
2025-12-09 08:06:57 INFO     loss:    130 1478 7.572082 96224.0
2025-12-09 08:06:57 INFO     Save checkpoint to family\grounding.pt
2025-12-09 08:06:59 INFO     loss:    140 1478 7.700674 93818.4
2025-12-09 08:06:59 INFO     Save checkpoint to family\grounding.pt
2025-12-09 08:07:02 INFO     loss:    150 1478 7.124668 96224.0
2025-12-09 08:07:02 INFO     Save checkpoint to family\grounding.pt
2025-12-09 08:07:03 INFO     loss:    160 1478 7.159758 96224.0
2025-12-09 08:07:03 INFO     Save checkpoint to family\grounding.pt
2025-12-09 08:07:06 INFO     loss:    170 1478 7.555664 96224.0
2025-12-09 08:07:06 INFO     Save checkpoint to family\grounding.pt
2025-12-09 08:07:08 INFO     loss:    180 1478 6.815459 96224.0
2025-12-09 08:07:08 INFO     Save checkpoint to family\grounding.pt
2025-12-09 08:07:11 INFO     loss:    190 1478 7.579399 96224.0
2025-12-09 08:07:11 INFO     Save checkpoint to family\grounding.pt
2025-12-09 08:07:12 INFO     loss:    200 1478 6.856125 96224.0
2025-12-09 08:07:12 INFO     Save checkpoint to family\grounding.pt
2025-12-09 08:07:15 INFO     loss:    210 1478 6.620276 96224.0
2025-12-09 08:07:15 INFO     Save checkpoint to family\grounding.pt
2025-12-09 08:07:17 INFO     loss:    220 1478 6.620148 96224.0
2025-12-09 08:07:17 INFO     Save checkpoint to family\grounding.pt
2025-12-09 08:07:18 INFO     loss:    230 1478 6.730777 96224.0
2025-12-09 08:07:18 INFO     Save checkpoint to family\grounding.pt
2025-12-09 08:07:20 INFO     loss:    240 1478 7.148369 96224.0
2025-12-09 08:07:20 INFO     Save checkpoint to family\grounding.pt
2025-12-09 08:07:23 INFO     loss:    250 1478 6.276168 96224.0
2025-12-09 08:07:23 INFO     Save checkpoint to family\grounding.pt
2025-12-09 08:07:26 INFO     loss:    260 1478 6.245572 92916.3
2025-12-09 08:07:26 INFO     Save checkpoint to family\grounding.pt
2025-12-09 08:07:27 INFO     loss:    270 1478 6.460851 96224.0
2025-12-09 08:07:27 INFO     Save checkpoint to family\grounding.pt
2025-12-09 08:07:29 INFO     loss:    280 1478 6.489295 96224.0
2025-12-09 08:07:29 INFO     Save checkpoint to family\grounding.pt
2025-12-09 08:07:32 INFO     loss:    290 1478 6.289481 96224.0
2025-12-09 08:07:32 INFO     Save checkpoint to family\grounding.pt
2025-12-09 08:07:33 INFO     loss:    300 1478 7.045488 96224.0
2025-12-09 08:07:33 INFO     Save checkpoint to family\grounding.pt
2025-12-09 08:07:35 INFO     loss:    310 1478 6.243625 96224.0
2025-12-09 08:07:35 INFO     Save checkpoint to family\grounding.pt
2025-12-09 08:07:38 INFO     loss:    320 1478 6.965306 96224.0
2025-12-09 08:07:38 INFO     Save checkpoint to family\grounding.pt
2025-12-09 08:07:39 INFO     loss:    330 1478 6.573061 87804.4
2025-12-09 08:07:39 INFO     Save checkpoint to family\grounding.pt
2025-12-09 08:07:41 INFO     loss:    340 1478 6.739481 96224.0
2025-12-09 08:07:41 INFO     Save checkpoint to family\grounding.pt
2025-12-09 08:07:45 INFO     loss:    350 1478 5.680975 96224.0
2025-12-09 08:07:45 INFO     Save checkpoint to family\grounding.pt
2025-12-09 08:07:48 INFO     loss:    360 1478 6.707730 96224.0
2025-12-09 08:07:48 INFO     Save checkpoint to family\grounding.pt
2025-12-09 08:07:49 INFO     loss:    370 1478 6.177471 96224.0
2025-12-09 08:07:49 INFO     Save checkpoint to family\grounding.pt
2025-12-09 08:07:52 INFO     loss:    380 1478 5.580658 89307.9
2025-12-09 08:07:52 INFO     Save checkpoint to family\grounding.pt
2025-12-09 08:07:55 INFO     loss:    390 1478 5.588751 87804.4
2025-12-09 08:07:55 INFO     Save checkpoint to family\grounding.pt
2025-12-09 08:07:55 INFO     loss:    400 1478 5.774454 96224.0
2025-12-09 08:07:55 INFO     Save checkpoint to family\grounding.pt
2025-12-09 08:07:58 INFO     loss:    410 1478 5.688149 96224.0
2025-12-09 08:07:58 INFO     Save checkpoint to family\grounding.pt
2025-12-09 08:08:02 INFO     loss:    420 1478 6.726695 96224.0
2025-12-09 08:08:02 INFO     Save checkpoint to family\grounding.pt
2025-12-09 08:08:02 INFO     loss:    430 1478 6.209724 96224.0
2025-12-09 08:08:02 INFO     Save checkpoint to family\grounding.pt
2025-12-09 08:08:05 INFO     loss:    440 1478 5.134568 88706.5
2025-12-09 08:08:05 INFO     Save checkpoint to family\grounding.pt
2025-12-09 08:08:09 INFO     loss:    450 1478 5.596560 96224.0
2025-12-09 08:08:09 INFO     Save checkpoint to family\grounding.pt
2025-12-09 08:08:09 INFO     loss:    460 1478 6.752772 96224.0
2025-12-09 08:08:09 INFO     Save checkpoint to family\grounding.pt
2025-12-09 08:08:12 INFO     loss:    470 1478 5.028597 96224.0
2025-12-09 08:08:12 INFO     Save checkpoint to family\grounding.pt
2025-12-09 08:08:16 INFO     loss:    480 1478 5.114813 96224.0
2025-12-09 08:08:16 INFO     Save checkpoint to family\grounding.pt
2025-12-09 08:08:19 INFO     loss:    490 1478 5.000575 96224.0
2025-12-09 08:08:19 INFO     Save checkpoint to family\grounding.pt
2025-12-09 08:08:20 INFO     loss:    500 1478 4.830857 96224.0
2025-12-09 08:08:20 INFO     Save checkpoint to family\grounding.pt
2025-12-09 08:08:23 INFO     loss:    510 1478 5.096588 96224.0
2025-12-09 08:08:23 INFO     Save checkpoint to family\grounding.pt
2025-12-09 08:08:26 INFO     loss:    520 1478 5.180289 96224.0
2025-12-09 08:08:26 INFO     Save checkpoint to family\grounding.pt
2025-12-09 08:08:28 INFO     loss:    530 1478 4.833507 96224.0
2025-12-09 08:08:28 INFO     Save checkpoint to family\grounding.pt
2025-12-09 08:08:29 INFO     loss:    540 1478 6.215588 96224.0
2025-12-09 08:08:29 INFO     Save checkpoint to family\grounding.pt
2025-12-09 08:08:32 INFO     loss:    550 1478 4.675800 96224.0
2025-12-09 08:08:32 INFO     Save checkpoint to family\grounding.pt
2025-12-09 08:08:35 INFO     loss:    560 1478 5.797322 96224.0
2025-12-09 08:08:35 INFO     Save checkpoint to family\grounding.pt
2025-12-09 08:08:39 INFO     loss:    570 1478 5.588202 96224.0
2025-12-09 08:08:39 INFO     Save checkpoint to family\grounding.pt
2025-12-09 08:08:39 INFO     loss:    580 1478 4.405549 96224.0
2025-12-09 08:08:39 INFO     Save checkpoint to family\grounding.pt
2025-12-09 08:08:42 INFO     loss:    590 1478 4.679075 96224.0
2025-12-09 08:08:42 INFO     Save checkpoint to family\grounding.pt
2025-12-09 08:08:45 INFO     loss:    600 1478 5.034667 96224.0
2025-12-09 08:08:45 INFO     Save checkpoint to family\grounding.pt
2025-12-09 08:08:46 INFO     loss:    610 1478 4.110761 96224.0
2025-12-09 08:08:46 INFO     Save checkpoint to family\grounding.pt
2025-12-09 08:08:49 INFO     loss:    620 1478 4.317774 96224.0
2025-12-09 08:08:49 INFO     Save checkpoint to family\grounding.pt
2025-12-09 08:08:52 INFO     loss:    630 1478 5.540554 96224.0
2025-12-09 08:08:52 INFO     Save checkpoint to family\grounding.pt
2025-12-09 08:08:52 INFO     loss:    640 1478 4.034911 91412.8
2025-12-09 08:08:52 INFO     Save checkpoint to family\grounding.pt
2025-12-09 08:08:56 INFO     loss:    650 1478 6.804550 96224.0
2025-12-09 08:08:56 INFO     Save checkpoint to family\grounding.pt
2025-12-09 08:08:59 INFO     loss:    660 1478 4.222582 93517.7
2025-12-09 08:08:59 INFO     Save checkpoint to family\grounding.pt
2025-12-09 08:08:59 INFO     loss:    670 1478 4.035645 96224.0
2025-12-09 08:08:59 INFO     Save checkpoint to family\grounding.pt
2025-12-09 08:09:02 INFO     loss:    680 1478 3.886729 96224.0
2025-12-09 08:09:02 INFO     Save checkpoint to family\grounding.pt
2025-12-09 08:09:05 INFO     loss:    690 1478 4.029527 96224.0
2025-12-09 08:09:05 INFO     Save checkpoint to family\grounding.pt
2025-12-09 08:09:06 INFO     loss:    700 1478 6.422829 96224.0
2025-12-09 08:09:06 INFO     Save checkpoint to family\grounding.pt
2025-12-09 08:09:09 INFO     loss:    710 1478 3.834177 96224.0
2025-12-09 08:09:09 INFO     Save checkpoint to family\grounding.pt
2025-12-09 08:09:12 INFO     loss:    720 1478 3.659192 96224.0
2025-12-09 08:09:12 INFO     Save checkpoint to family\grounding.pt
2025-12-09 08:09:13 INFO     loss:    730 1478 4.547565 96224.0
2025-12-09 08:09:13 INFO     Save checkpoint to family\grounding.pt
2025-12-09 08:09:15 INFO     loss:    740 1478 5.349596 87503.7
2025-12-09 08:09:15 INFO     Save checkpoint to family\grounding.pt
2025-12-09 08:09:18 INFO     loss:    750 1478 3.445033 96224.0
2025-12-09 08:09:18 INFO     Save checkpoint to family\grounding.pt
2025-12-09 08:09:19 INFO     loss:    760 1478 5.191996 96224.0
2025-12-09 08:09:19 INFO     Save checkpoint to family\grounding.pt
2025-12-09 08:09:22 INFO     loss:    770 1478 4.576513 96224.0
2025-12-09 08:09:22 INFO     Save checkpoint to family\grounding.pt
2025-12-09 08:09:26 INFO     loss:    780 1478 3.592655 96224.0
2025-12-09 08:09:26 INFO     Save checkpoint to family\grounding.pt
2025-12-09 08:09:29 INFO     loss:    790 1478 4.428679 96224.0
2025-12-09 08:09:29 INFO     Save checkpoint to family\grounding.pt
2025-12-09 08:09:30 INFO     loss:    800 1478 5.000493 87503.7
2025-12-09 08:09:30 INFO     Save checkpoint to family\grounding.pt
2025-12-09 08:09:33 INFO     loss:    810 1478 3.558130 96224.0
2025-12-09 08:09:33 INFO     Save checkpoint to family\grounding.pt
2025-12-09 08:09:37 INFO     loss:    820 1478 3.183165 96224.0
2025-12-09 08:09:37 INFO     Save checkpoint to family\grounding.pt
2025-12-09 08:09:40 INFO     loss:    830 1478 3.256863 96224.0
2025-12-09 08:09:40 INFO     Save checkpoint to family\grounding.pt
2025-12-09 08:09:41 INFO     loss:    840 1478 3.378471 96224.0
2025-12-09 08:09:41 INFO     Save checkpoint to family\grounding.pt
2025-12-09 08:09:45 INFO     loss:    850 1478 3.109413 88706.5
2025-12-09 08:09:45 INFO     Save checkpoint to family\grounding.pt
2025-12-09 08:09:48 INFO     loss:    860 1478 3.430181 96224.0
2025-12-09 08:09:48 INFO     Save checkpoint to family\grounding.pt
2025-12-09 08:09:49 INFO     loss:    870 1478 6.036477 96224.0
2025-12-09 08:09:49 INFO     Save checkpoint to family\grounding.pt
2025-12-09 08:09:52 INFO     loss:    880 1478 3.330833 96224.0
2025-12-09 08:09:52 INFO     Save checkpoint to family\grounding.pt
2025-12-09 08:09:56 INFO     loss:    890 1478 3.449944 96224.0
2025-12-09 08:09:56 INFO     Save checkpoint to family\grounding.pt
2025-12-09 08:09:56 INFO     loss:    900 1478 3.284666 96224.0
2025-12-09 08:09:56 INFO     Save checkpoint to family\grounding.pt
2025-12-09 08:10:00 INFO     loss:    910 1478 3.301941 96224.0
2025-12-09 08:10:00 INFO     Save checkpoint to family\grounding.pt
2025-12-09 08:10:03 INFO     loss:    920 1478 3.788933 96224.0
2025-12-09 08:10:03 INFO     Save checkpoint to family\grounding.pt
2025-12-09 08:10:07 INFO     loss:    930 1478 2.826793 92615.6
2025-12-09 08:10:07 INFO     Save checkpoint to family\grounding.pt
2025-12-09 08:10:08 INFO     loss:    940 1478 3.424662 96224.0
2025-12-09 08:10:08 INFO     Save checkpoint to family\grounding.pt
2025-12-09 08:10:11 INFO     loss:    950 1478 3.257313 96224.0
2025-12-09 08:10:11 INFO     Save checkpoint to family\grounding.pt
2025-12-09 08:10:15 INFO     loss:    960 1478 2.796367 96224.0
2025-12-09 08:10:15 INFO     Save checkpoint to family\grounding.pt
2025-12-09 08:10:18 INFO     loss:    970 1478 2.689249 96224.0
2025-12-09 08:10:18 INFO     Save checkpoint to family\grounding.pt
2025-12-09 08:10:19 INFO     loss:    980 1478 4.464560 89307.9
2025-12-09 08:10:19 INFO     Save checkpoint to family\grounding.pt
2025-12-09 08:10:23 INFO     loss:    990 1478 2.980014 96224.0
2025-12-09 08:10:23 INFO     Save checkpoint to family\grounding.pt
2025-12-09 08:10:26 INFO     loss:    1000 1478 4.457543 96224.0
2025-12-09 08:10:26 INFO     Save checkpoint to family\grounding.pt
2025-12-09 08:10:29 INFO     loss:    1010 1478 2.516212 96224.0
2025-12-09 08:10:29 INFO     Save checkpoint to family\grounding.pt
2025-12-09 08:10:30 INFO     loss:    1020 1478 4.026045 96224.0
2025-12-09 08:10:30 INFO     Save checkpoint to family\grounding.pt
2025-12-09 08:10:33 INFO     loss:    1030 1478 3.804229 96224.0
2025-12-09 08:10:33 INFO     Save checkpoint to family\grounding.pt
2025-12-09 08:10:37 INFO     loss:    1040 1478 2.821964 96224.0
2025-12-09 08:10:37 INFO     Save checkpoint to family\grounding.pt
2025-12-09 08:10:40 INFO     loss:    1050 1478 2.468854 96224.0
2025-12-09 08:10:40 INFO     Save checkpoint to family\grounding.pt
2025-12-09 08:10:44 INFO     loss:    1060 1478 2.873019 96224.0
2025-12-09 08:10:44 INFO     Save checkpoint to family\grounding.pt
2025-12-09 08:10:47 INFO     loss:    1070 1478 2.903703 96224.0
2025-12-09 08:10:47 INFO     Save checkpoint to family\grounding.pt
2025-12-09 08:10:48 INFO     loss:    1080 1478 2.641218 96224.0
2025-12-09 08:10:48 INFO     Save checkpoint to family\grounding.pt
2025-12-09 08:10:51 INFO     loss:    1090 1478 2.725859 96224.0
2025-12-09 08:10:51 INFO     Save checkpoint to family\grounding.pt
2025-12-09 08:10:54 INFO     loss:    1100 1478 2.641596 96224.0
2025-12-09 08:10:54 INFO     Save checkpoint to family\grounding.pt
2025-12-09 08:10:58 INFO     loss:    1110 1478 5.632377 96224.0
2025-12-09 08:10:58 INFO     Save checkpoint to family\grounding.pt
2025-12-09 08:11:02 INFO     loss:    1120 1478 2.953159 96224.0
2025-12-09 08:11:02 INFO     Save checkpoint to family\grounding.pt
2025-12-09 08:11:05 INFO     loss:    1130 1478 3.135151 96224.0
2025-12-09 08:11:05 INFO     Save checkpoint to family\grounding.pt
2025-12-09 08:11:06 INFO     loss:    1140 1478 2.225294 96224.0
2025-12-09 08:11:06 INFO     Save checkpoint to family\grounding.pt
2025-12-09 08:11:10 INFO     loss:    1150 1478 5.549201 96224.0
2025-12-09 08:11:10 INFO     Save checkpoint to family\grounding.pt
2025-12-09 08:11:13 INFO     loss:    1160 1478 3.824764 96224.0
2025-12-09 08:11:13 INFO     Save checkpoint to family\grounding.pt
2025-12-09 08:11:17 INFO     loss:    1170 1478 3.053477 95021.2
2025-12-09 08:11:17 INFO     Save checkpoint to family\grounding.pt
2025-12-09 08:11:17 INFO     loss:    1180 1478 2.388262 92916.3
2025-12-09 08:11:17 INFO     Save checkpoint to family\grounding.pt
2025-12-09 08:11:21 INFO     loss:    1190 1478 2.953529 96224.0
2025-12-09 08:11:21 INFO     Save checkpoint to family\grounding.pt
2025-12-09 08:11:24 INFO     loss:    1200 1478 3.681352 96224.0
2025-12-09 08:11:24 INFO     Save checkpoint to family\grounding.pt
2025-12-09 08:11:28 INFO     loss:    1210 1478 3.397587 96224.0
2025-12-09 08:11:28 INFO     Save checkpoint to family\grounding.pt
2025-12-09 08:11:28 INFO     loss:    1220 1478 3.676095 96224.0
2025-12-09 08:11:28 INFO     Save checkpoint to family\grounding.pt
2025-12-09 08:11:32 INFO     loss:    1230 1478 2.510288 96224.0
2025-12-09 08:11:32 INFO     Save checkpoint to family\grounding.pt
2025-12-09 08:11:35 INFO     loss:    1240 1478 2.358678 96224.0
2025-12-09 08:11:35 INFO     Save checkpoint to family\grounding.pt
2025-12-09 08:11:38 INFO     loss:    1250 1478 2.763498 95021.2
2025-12-09 08:11:38 INFO     Save checkpoint to family\grounding.pt
2025-12-09 08:11:39 INFO     loss:    1260 1478 3.330683 96224.0
2025-12-09 08:11:39 INFO     Save checkpoint to family\grounding.pt
2025-12-09 08:11:42 INFO     loss:    1270 1478 2.548198 96224.0
2025-12-09 08:11:42 INFO     Save checkpoint to family\grounding.pt
2025-12-09 08:11:46 INFO     loss:    1280 1478 2.591046 96224.0
2025-12-09 08:11:46 INFO     Save checkpoint to family\grounding.pt
2025-12-09 08:11:47 INFO     loss:    1290 1478 2.382920 96224.0
2025-12-09 08:11:47 INFO     Save checkpoint to family\grounding.pt
2025-12-09 08:11:50 INFO     loss:    1300 1478 2.277470 96224.0
2025-12-09 08:11:50 INFO     Save checkpoint to family\grounding.pt
2025-12-09 08:11:54 INFO     loss:    1310 1478 3.109760 96224.0
2025-12-09 08:11:54 INFO     Save checkpoint to family\grounding.pt
2025-12-09 08:11:57 INFO     loss:    1320 1478 2.623180 96224.0
2025-12-09 08:11:57 INFO     Save checkpoint to family\grounding.pt
2025-12-09 08:11:58 INFO     loss:    1330 1478 2.326824 96224.0
2025-12-09 08:11:58 INFO     Save checkpoint to family\grounding.pt
2025-12-09 08:12:01 INFO     loss:    1340 1478 2.448141 96224.0
2025-12-09 08:12:01 INFO     Save checkpoint to family\grounding.pt
2025-12-09 08:12:05 INFO     loss:    1350 1478 1.852679 96224.0
2025-12-09 08:12:05 INFO     Save checkpoint to family\grounding.pt
2025-12-09 08:12:05 INFO     loss:    1360 1478 2.690300 96224.0
2025-12-09 08:12:05 INFO     Save checkpoint to family\grounding.pt
2025-12-09 08:12:09 INFO     loss:    1370 1478 2.448654 91412.8
2025-12-09 08:12:09 INFO     Save checkpoint to family\grounding.pt
2025-12-09 08:12:12 INFO     loss:    1380 1478 3.131896 96224.0
2025-12-09 08:12:12 INFO     Save checkpoint to family\grounding.pt
2025-12-09 08:12:16 INFO     loss:    1390 1478 2.745144 96224.0
2025-12-09 08:12:16 INFO     Save checkpoint to family\grounding.pt
2025-12-09 08:12:17 INFO     loss:    1400 1478 2.628109 96224.0
2025-12-09 08:12:17 INFO     Save checkpoint to family\grounding.pt
2025-12-09 08:12:20 INFO     loss:    1410 1478 2.375482 96224.0
2025-12-09 08:12:20 INFO     Save checkpoint to family\grounding.pt
2025-12-09 08:12:24 INFO     loss:    1420 1478 2.491479 96224.0
2025-12-09 08:12:24 INFO     Save checkpoint to family\grounding.pt
2025-12-09 08:12:27 INFO     loss:    1430 1478 3.121111 96224.0
2025-12-09 08:12:27 INFO     Save checkpoint to family\grounding.pt
2025-12-09 08:12:28 INFO     loss:    1440 1478 2.375921 96224.0
2025-12-09 08:12:28 INFO     Save checkpoint to family\grounding.pt
2025-12-09 08:12:31 INFO     loss:    1450 1478 3.427562 96224.0
2025-12-09 08:12:31 INFO     Save checkpoint to family\grounding.pt
2025-12-09 08:12:35 INFO     loss:    1460 1478 2.428334 96224.0
2025-12-09 08:12:35 INFO     Save checkpoint to family\grounding.pt
2025-12-09 08:12:38 INFO     loss:    1470 1478 2.478124 96224.0
2025-12-09 08:12:38 INFO     Save checkpoint to family\grounding.pt
2025-12-09 08:12:39 INFO     >>>>> Predictor: Evaluating on valid
2025-12-09 08:13:11 INFO     Data : 4076
2025-12-09 08:13:11 INFO     Hit1 : 0.845191
2025-12-09 08:13:11 INFO     Hit3 : 0.953386
2025-12-09 08:13:11 INFO     Hit10: 0.982581
2025-12-09 08:13:11 INFO     MR   : 23.243744
2025-12-09 08:13:11 INFO     MRR  : 0.901778
2025-12-09 08:13:11 INFO     Save checkpoint to family\grounding.pt
2025-12-09 08:13:14 INFO     -------------------------
2025-12-09 08:13:14 INFO     | Iteration: 2/10
2025-12-09 08:13:14 INFO     -------------------------
2025-12-09 08:13:26 INFO     loss:    10 1478 2.510896 96224.0
2025-12-09 08:13:26 INFO     Save checkpoint to family\grounding.pt
2025-12-09 08:13:29 INFO     loss:    20 1478 2.278697 96224.0
2025-12-09 08:13:29 INFO     Save checkpoint to family\grounding.pt
2025-12-09 08:13:32 INFO     loss:    30 1478 2.651761 96224.0
2025-12-09 08:13:32 INFO     Save checkpoint to family\grounding.pt
2025-12-09 08:13:33 INFO     loss:    40 1478 2.204545 96224.0
2025-12-09 08:13:33 INFO     Save checkpoint to family\grounding.pt
2025-12-09 08:13:36 INFO     loss:    50 1478 2.784068 93517.7
2025-12-09 08:13:36 INFO     Save checkpoint to family\grounding.pt
2025-12-09 08:13:40 INFO     loss:    60 1478 2.232807 90210.0
2025-12-09 08:13:40 INFO     Save checkpoint to family\grounding.pt
2025-12-09 08:13:41 INFO     loss:    70 1478 2.291568 96224.0
2025-12-09 08:13:41 INFO     Save checkpoint to family\grounding.pt
2025-12-09 08:13:44 INFO     loss:    80 1478 2.368314 96224.0
2025-12-09 08:13:44 INFO     Save checkpoint to family\grounding.pt
2025-12-09 08:13:47 INFO     loss:    90 1478 2.851126 96224.0
2025-12-09 08:13:47 INFO     Save checkpoint to family\grounding.pt
2025-12-09 08:13:51 INFO     loss:    100 1478 1.676437 96224.0
2025-12-09 08:13:51 INFO     Save checkpoint to family\grounding.pt
2025-12-09 08:13:52 INFO     loss:    110 1478 1.890759 96224.0
2025-12-09 08:13:52 INFO     Save checkpoint to family\grounding.pt
2025-12-09 08:13:55 INFO     loss:    120 1478 2.809452 96224.0
2025-12-09 08:13:55 INFO     Save checkpoint to family\grounding.pt
2025-12-09 08:13:58 INFO     loss:    130 1478 3.015488 96224.0
2025-12-09 08:13:58 INFO     Save checkpoint to family\grounding.pt
2025-12-09 08:13:59 INFO     loss:    140 1478 4.254771 93818.4
2025-12-09 08:13:59 INFO     Save checkpoint to family\grounding.pt
2025-12-09 08:14:02 INFO     loss:    150 1478 2.440245 96224.0
2025-12-09 08:14:02 INFO     Save checkpoint to family\grounding.pt
2025-12-09 08:14:05 INFO     loss:    160 1478 1.672472 96224.0
2025-12-09 08:14:05 INFO     Save checkpoint to family\grounding.pt
2025-12-09 08:14:06 INFO     loss:    170 1478 2.727347 96224.0
2025-12-09 08:14:06 INFO     Save checkpoint to family\grounding.pt
2025-12-09 08:14:09 INFO     loss:    180 1478 2.189591 96224.0
2025-12-09 08:14:09 INFO     Save checkpoint to family\grounding.pt
2025-12-09 08:14:13 INFO     loss:    190 1478 3.701817 96224.0
2025-12-09 08:14:13 INFO     Save checkpoint to family\grounding.pt
2025-12-09 08:14:17 INFO     loss:    200 1478 1.881741 96224.0
2025-12-09 08:14:17 INFO     Save checkpoint to family\grounding.pt
2025-12-09 08:14:20 INFO     loss:    210 1478 2.577210 96224.0
2025-12-09 08:14:20 INFO     Save checkpoint to family\grounding.pt
2025-12-09 08:14:21 INFO     loss:    220 1478 2.506864 96224.0
2025-12-09 08:14:21 INFO     Save checkpoint to family\grounding.pt
2025-12-09 08:14:24 INFO     loss:    230 1478 1.908987 96224.0
2025-12-09 08:14:24 INFO     Save checkpoint to family\grounding.pt
2025-12-09 08:14:28 INFO     loss:    240 1478 2.843319 96224.0
2025-12-09 08:14:28 INFO     Save checkpoint to family\grounding.pt
2025-12-09 08:14:31 INFO     loss:    250 1478 2.242085 96224.0
2025-12-09 08:14:31 INFO     Save checkpoint to family\grounding.pt
2025-12-09 08:14:32 INFO     loss:    260 1478 2.070139 92916.3
2025-12-09 08:14:32 INFO     Save checkpoint to family\grounding.pt
2025-12-09 08:14:36 INFO     loss:    270 1478 2.575171 96224.0
2025-12-09 08:14:36 INFO     Save checkpoint to family\grounding.pt
2025-12-09 08:14:39 INFO     loss:    280 1478 2.272904 96224.0
2025-12-09 08:14:39 INFO     Save checkpoint to family\grounding.pt
2025-12-09 08:14:40 INFO     loss:    290 1478 2.164307 96224.0
2025-12-09 08:14:40 INFO     Save checkpoint to family\grounding.pt
2025-12-09 08:14:43 INFO     loss:    300 1478 2.440147 96224.0
2025-12-09 08:14:43 INFO     Save checkpoint to family\grounding.pt
2025-12-09 08:14:47 INFO     loss:    310 1478 1.746320 96224.0
2025-12-09 08:14:47 INFO     Save checkpoint to family\grounding.pt
2025-12-09 08:14:48 INFO     loss:    320 1478 2.750394 96224.0
2025-12-09 08:14:48 INFO     Save checkpoint to family\grounding.pt
2025-12-09 08:14:51 INFO     loss:    330 1478 2.461661 87804.4
2025-12-09 08:14:51 INFO     Save checkpoint to family\grounding.pt
2025-12-09 08:14:55 INFO     loss:    340 1478 2.057682 96224.0
2025-12-09 08:14:55 INFO     Save checkpoint to family\grounding.pt
2025-12-09 08:14:58 INFO     loss:    350 1478 2.153260 96224.0
2025-12-09 08:14:58 INFO     Save checkpoint to family\grounding.pt
2025-12-09 08:15:02 INFO     loss:    360 1478 3.028831 96224.0
2025-12-09 08:15:02 INFO     Save checkpoint to family\grounding.pt
2025-12-09 08:15:02 INFO     loss:    370 1478 2.249470 96224.0
2025-12-09 08:15:02 INFO     Save checkpoint to family\grounding.pt
2025-12-09 08:15:06 INFO     loss:    380 1478 2.223407 89307.9
2025-12-09 08:15:06 INFO     Save checkpoint to family\grounding.pt
2025-12-09 08:15:10 INFO     loss:    390 1478 2.290488 87804.4
2025-12-09 08:15:10 INFO     Save checkpoint to family\grounding.pt
2025-12-09 08:15:13 INFO     loss:    400 1478 1.555752 96224.0
2025-12-09 08:15:13 INFO     Save checkpoint to family\grounding.pt
2025-12-09 08:15:14 INFO     loss:    410 1478 1.629062 96224.0
2025-12-09 08:15:14 INFO     Save checkpoint to family\grounding.pt
2025-12-09 08:15:17 INFO     loss:    420 1478 2.670464 96224.0
2025-12-09 08:15:17 INFO     Save checkpoint to family\grounding.pt
2025-12-09 08:15:21 INFO     loss:    430 1478 2.315589 96224.0
2025-12-09 08:15:21 INFO     Save checkpoint to family\grounding.pt
2025-12-09 08:15:22 INFO     loss:    440 1478 1.875277 88706.5
2025-12-09 08:15:22 INFO     Save checkpoint to family\grounding.pt
2025-12-09 08:15:25 INFO     loss:    450 1478 2.331223 96224.0
2025-12-09 08:15:25 INFO     Save checkpoint to family\grounding.pt
2025-12-09 08:15:28 INFO     loss:    460 1478 3.056950 96224.0
2025-12-09 08:15:28 INFO     Save checkpoint to family\grounding.pt
2025-12-09 08:15:32 INFO     loss:    470 1478 1.942396 96224.0
2025-12-09 08:15:32 INFO     Save checkpoint to family\grounding.pt
2025-12-09 08:15:33 INFO     loss:    480 1478 2.762564 96224.0
2025-12-09 08:15:33 INFO     Save checkpoint to family\grounding.pt
2025-12-09 08:15:36 INFO     loss:    490 1478 2.114902 96224.0
2025-12-09 08:15:36 INFO     Save checkpoint to family\grounding.pt
2025-12-09 08:15:40 INFO     loss:    500 1478 2.712165 96224.0
2025-12-09 08:15:40 INFO     Save checkpoint to family\grounding.pt
2025-12-09 08:15:40 INFO     loss:    510 1478 2.032269 96224.0
2025-12-09 08:15:40 INFO     Save checkpoint to family\grounding.pt
2025-12-09 08:15:44 INFO     loss:    520 1478 2.624897 96224.0
2025-12-09 08:15:44 INFO     Save checkpoint to family\grounding.pt
2025-12-09 08:15:47 INFO     loss:    530 1478 1.746144 96224.0
2025-12-09 08:15:47 INFO     Save checkpoint to family\grounding.pt
2025-12-09 08:15:51 INFO     loss:    540 1478 2.541210 96224.0
2025-12-09 08:15:51 INFO     Save checkpoint to family\grounding.pt
2025-12-09 08:15:51 INFO     loss:    550 1478 2.139248 96224.0
2025-12-09 08:15:51 INFO     Save checkpoint to family\grounding.pt
2025-12-09 08:15:55 INFO     loss:    560 1478 2.912714 96224.0
2025-12-09 08:15:55 INFO     Save checkpoint to family\grounding.pt
2025-12-09 08:15:58 INFO     loss:    570 1478 2.627980 96224.0
2025-12-09 08:15:58 INFO     Save checkpoint to family\grounding.pt
2025-12-09 08:15:59 INFO     loss:    580 1478 1.990945 96224.0
2025-12-09 08:15:59 INFO     Save checkpoint to family\grounding.pt
2025-12-09 08:16:02 INFO     loss:    590 1478 2.409782 96224.0
2025-12-09 08:16:02 INFO     Save checkpoint to family\grounding.pt
2025-12-09 08:16:06 INFO     loss:    600 1478 2.252469 96224.0
2025-12-09 08:16:06 INFO     Save checkpoint to family\grounding.pt
2025-12-09 08:16:10 INFO     loss:    610 1478 2.218171 96224.0
2025-12-09 08:16:10 INFO     Save checkpoint to family\grounding.pt
2025-12-09 08:16:13 INFO     loss:    620 1478 2.132698 96224.0
2025-12-09 08:16:13 INFO     Save checkpoint to family\grounding.pt
2025-12-09 08:16:14 INFO     loss:    630 1478 2.574010 96224.0
2025-12-09 08:16:14 INFO     Save checkpoint to family\grounding.pt
2025-12-09 08:16:18 INFO     loss:    640 1478 1.972175 91412.8
2025-12-09 08:16:18 INFO     Save checkpoint to family\grounding.pt
2025-12-09 08:16:22 INFO     loss:    650 1478 4.140382 96224.0
2025-12-09 08:16:22 INFO     Save checkpoint to family\grounding.pt
2025-12-09 08:16:25 INFO     loss:    660 1478 2.386138 93517.7
2025-12-09 08:16:25 INFO     Save checkpoint to family\grounding.pt
2025-12-09 08:16:28 INFO     loss:    670 1478 2.110291 96224.0
2025-12-09 08:16:28 INFO     Save checkpoint to family\grounding.pt
2025-12-09 08:16:29 INFO     loss:    680 1478 2.217596 96224.0
2025-12-09 08:16:29 INFO     Save checkpoint to family\grounding.pt
2025-12-09 08:16:33 INFO     loss:    690 1478 2.404554 96224.0
2025-12-09 08:16:33 INFO     Save checkpoint to family\grounding.pt
2025-12-09 08:16:36 INFO     loss:    700 1478 3.498634 96224.0
2025-12-09 08:16:36 INFO     Save checkpoint to family\grounding.pt
2025-12-09 08:16:37 INFO     loss:    710 1478 2.008980 96224.0
2025-12-09 08:16:37 INFO     Save checkpoint to family\grounding.pt
2025-12-09 08:16:41 INFO     loss:    720 1478 1.856145 96224.0
2025-12-09 08:16:41 INFO     Save checkpoint to family\grounding.pt
2025-12-09 08:16:44 INFO     loss:    730 1478 2.393521 96224.0
2025-12-09 08:16:44 INFO     Save checkpoint to family\grounding.pt
2025-12-09 08:16:47 INFO     loss:    740 1478 2.584116 87503.7
2025-12-09 08:16:47 INFO     Save checkpoint to family\grounding.pt
2025-12-09 08:16:48 INFO     loss:    750 1478 1.548980 96224.0
2025-12-09 08:16:48 INFO     Save checkpoint to family\grounding.pt
2025-12-09 08:16:51 INFO     loss:    760 1478 2.112385 96224.0
2025-12-09 08:16:51 INFO     Save checkpoint to family\grounding.pt
2025-12-09 08:16:55 INFO     loss:    770 1478 2.342460 96224.0
2025-12-09 08:16:55 INFO     Save checkpoint to family\grounding.pt
2025-12-09 08:16:58 INFO     loss:    780 1478 2.185915 96224.0
2025-12-09 08:16:58 INFO     Save checkpoint to family\grounding.pt
2025-12-09 08:17:02 INFO     loss:    790 1478 2.547192 96224.0
2025-12-09 08:17:02 INFO     Save checkpoint to family\grounding.pt
2025-12-09 08:17:02 INFO     loss:    800 1478 1.851300 87503.7
2025-12-09 08:17:02 INFO     Save checkpoint to family\grounding.pt
2025-12-09 08:17:06 INFO     loss:    810 1478 2.811219 96224.0
2025-12-09 08:17:06 INFO     Save checkpoint to family\grounding.pt
2025-12-09 08:17:10 INFO     loss:    820 1478 1.837532 96224.0
2025-12-09 08:17:10 INFO     Save checkpoint to family\grounding.pt
2025-12-09 08:17:13 INFO     loss:    830 1478 1.815770 96224.0
2025-12-09 08:17:13 INFO     Save checkpoint to family\grounding.pt
2025-12-09 08:17:14 INFO     loss:    840 1478 2.769383 96224.0
2025-12-09 08:17:14 INFO     Save checkpoint to family\grounding.pt
2025-12-09 08:17:17 INFO     loss:    850 1478 2.133226 88706.5
2025-12-09 08:17:17 INFO     Save checkpoint to family\grounding.pt
2025-12-09 08:17:21 INFO     loss:    860 1478 2.858707 96224.0
2025-12-09 08:17:21 INFO     Save checkpoint to family\grounding.pt
2025-12-09 08:17:22 INFO     loss:    870 1478 2.600338 96224.0
2025-12-09 08:17:22 INFO     Save checkpoint to family\grounding.pt
2025-12-09 08:17:25 INFO     loss:    880 1478 2.390288 96224.0
2025-12-09 08:17:25 INFO     Save checkpoint to family\grounding.pt
2025-12-09 08:17:28 INFO     loss:    890 1478 2.269453 96224.0
2025-12-09 08:17:28 INFO     Save checkpoint to family\grounding.pt
2025-12-09 08:17:32 INFO     loss:    900 1478 2.836035 96224.0
2025-12-09 08:17:32 INFO     Save checkpoint to family\grounding.pt
2025-12-09 08:17:33 INFO     loss:    910 1478 2.376753 96224.0
2025-12-09 08:17:33 INFO     Save checkpoint to family\grounding.pt
2025-12-09 08:17:36 INFO     loss:    920 1478 2.337098 96224.0
2025-12-09 08:17:36 INFO     Save checkpoint to family\grounding.pt
2025-12-09 08:17:39 INFO     loss:    930 1478 1.897717 92615.6
2025-12-09 08:17:39 INFO     Save checkpoint to family\grounding.pt
2025-12-09 08:17:43 INFO     loss:    940 1478 2.226734 96224.0
2025-12-09 08:17:43 INFO     Save checkpoint to family\grounding.pt
2025-12-09 08:17:44 INFO     loss:    950 1478 2.796507 96224.0
2025-12-09 08:17:44 INFO     Save checkpoint to family\grounding.pt
2025-12-09 08:17:47 INFO     loss:    960 1478 1.746194 96224.0
2025-12-09 08:17:47 INFO     Save checkpoint to family\grounding.pt
2025-12-09 08:17:51 INFO     loss:    970 1478 1.725713 96224.0
2025-12-09 08:17:51 INFO     Save checkpoint to family\grounding.pt
2025-12-09 08:17:54 INFO     loss:    980 1478 1.553739 89307.9
2025-12-09 08:17:54 INFO     Save checkpoint to family\grounding.pt
2025-12-09 08:17:55 INFO     loss:    990 1478 2.286559 96224.0
2025-12-09 08:17:55 INFO     Save checkpoint to family\grounding.pt
2025-12-09 08:17:58 INFO     loss:    1000 1478 2.146641 96224.0
2025-12-09 08:17:58 INFO     Save checkpoint to family\grounding.pt
2025-12-09 08:18:02 INFO     loss:    1010 1478 1.794066 96224.0
2025-12-09 08:18:02 INFO     Save checkpoint to family\grounding.pt
2025-12-09 08:18:03 INFO     loss:    1020 1478 2.179004 96224.0
2025-12-09 08:18:03 INFO     Save checkpoint to family\grounding.pt
2025-12-09 08:18:06 INFO     loss:    1030 1478 1.091704 96224.0
2025-12-09 08:18:06 INFO     Save checkpoint to family\grounding.pt
2025-12-09 08:18:10 INFO     loss:    1040 1478 2.399247 96224.0
2025-12-09 08:18:10 INFO     Save checkpoint to family\grounding.pt
2025-12-09 08:18:13 INFO     loss:    1050 1478 1.691854 96224.0
2025-12-09 08:18:13 INFO     Save checkpoint to family\grounding.pt
2025-12-09 08:18:14 INFO     loss:    1060 1478 2.188282 96224.0
2025-12-09 08:18:14 INFO     Save checkpoint to family\grounding.pt
2025-12-09 08:18:17 INFO     loss:    1070 1478 2.030153 96224.0
2025-12-09 08:18:17 INFO     Save checkpoint to family\grounding.pt
2025-12-09 08:18:20 INFO     loss:    1080 1478 2.181563 96224.0
2025-12-09 08:18:20 INFO     Save checkpoint to family\grounding.pt
2025-12-09 08:18:24 INFO     loss:    1090 1478 2.276626 96224.0
2025-12-09 08:18:24 INFO     Save checkpoint to family\grounding.pt
2025-12-09 08:18:25 INFO     loss:    1100 1478 2.233374 96224.0
2025-12-09 08:18:25 INFO     Save checkpoint to family\grounding.pt
2025-12-09 08:18:28 INFO     loss:    1110 1478 2.937665 96224.0
2025-12-09 08:18:28 INFO     Save checkpoint to family\grounding.pt
2025-12-09 08:18:32 INFO     loss:    1120 1478 2.322002 96224.0
2025-12-09 08:18:32 INFO     Save checkpoint to family\grounding.pt
2025-12-09 08:18:35 INFO     loss:    1130 1478 2.821151 96224.0
2025-12-09 08:18:35 INFO     Save checkpoint to family\grounding.pt
2025-12-09 08:18:36 INFO     loss:    1140 1478 1.836653 96224.0
2025-12-09 08:18:36 INFO     Save checkpoint to family\grounding.pt
2025-12-09 08:18:39 INFO     loss:    1150 1478 3.004855 96224.0
2025-12-09 08:18:39 INFO     Save checkpoint to family\grounding.pt
2025-12-09 08:18:43 INFO     loss:    1160 1478 2.272816 96224.0
2025-12-09 08:18:43 INFO     Save checkpoint to family\grounding.pt
2025-12-09 08:18:44 INFO     loss:    1170 1478 2.855722 95021.2
2025-12-09 08:18:44 INFO     Save checkpoint to family\grounding.pt
2025-12-09 08:18:47 INFO     loss:    1180 1478 1.873973 92916.3
2025-12-09 08:18:47 INFO     Save checkpoint to family\grounding.pt
2025-12-09 08:18:50 INFO     loss:    1190 1478 2.728702 96224.0
2025-12-09 08:18:50 INFO     Save checkpoint to family\grounding.pt
2025-12-09 08:18:54 INFO     loss:    1200 1478 2.204592 96224.0
2025-12-09 08:18:54 INFO     Save checkpoint to family\grounding.pt
2025-12-09 08:18:55 INFO     loss:    1210 1478 1.233677 96224.0
2025-12-09 08:18:55 INFO     Save checkpoint to family\grounding.pt
2025-12-09 08:18:58 INFO     loss:    1220 1478 1.685999 96224.0
2025-12-09 08:18:58 INFO     Save checkpoint to family\grounding.pt
2025-12-09 08:19:02 INFO     loss:    1230 1478 2.221222 96224.0
2025-12-09 08:19:02 INFO     Save checkpoint to family\grounding.pt
2025-12-09 08:19:05 INFO     loss:    1240 1478 2.075382 96224.0
2025-12-09 08:19:05 INFO     Save checkpoint to family\grounding.pt
2025-12-09 08:19:06 INFO     loss:    1250 1478 2.163422 95021.2
2025-12-09 08:19:06 INFO     Save checkpoint to family\grounding.pt
2025-12-09 08:19:09 INFO     loss:    1260 1478 2.333718 96224.0
2025-12-09 08:19:09 INFO     Save checkpoint to family\grounding.pt
2025-12-09 08:19:13 INFO     loss:    1270 1478 2.261389 96224.0
2025-12-09 08:19:13 INFO     Save checkpoint to family\grounding.pt
2025-12-09 08:19:17 INFO     loss:    1280 1478 2.168929 96224.0
2025-12-09 08:19:17 INFO     Save checkpoint to family\grounding.pt
2025-12-09 08:19:17 INFO     loss:    1290 1478 2.088915 96224.0
2025-12-09 08:19:17 INFO     Save checkpoint to family\grounding.pt
2025-12-09 08:19:21 INFO     loss:    1300 1478 1.762837 96224.0
2025-12-09 08:19:21 INFO     Save checkpoint to family\grounding.pt
2025-12-09 08:19:25 INFO     loss:    1310 1478 1.794701 96224.0
2025-12-09 08:19:25 INFO     Save checkpoint to family\grounding.pt
2025-12-09 08:19:28 INFO     loss:    1320 1478 2.348680 96224.0
2025-12-09 08:19:28 INFO     Save checkpoint to family\grounding.pt
2025-12-09 08:19:29 INFO     loss:    1330 1478 2.046375 96224.0
2025-12-09 08:19:29 INFO     Save checkpoint to family\grounding.pt
2025-12-09 08:19:33 INFO     loss:    1340 1478 2.183787 96224.0
2025-12-09 08:19:33 INFO     Save checkpoint to family\grounding.pt
2025-12-09 08:19:36 INFO     loss:    1350 1478 1.500975 96224.0
2025-12-09 08:19:36 INFO     Save checkpoint to family\grounding.pt
2025-12-09 08:19:37 INFO     loss:    1360 1478 1.271374 96224.0
2025-12-09 08:19:37 INFO     Save checkpoint to family\grounding.pt
2025-12-09 08:19:40 INFO     loss:    1370 1478 2.148913 91412.8
2025-12-09 08:19:40 INFO     Save checkpoint to family\grounding.pt
2025-12-09 08:19:44 INFO     loss:    1380 1478 1.820680 96224.0
2025-12-09 08:19:44 INFO     Save checkpoint to family\grounding.pt
2025-12-09 08:19:45 INFO     loss:    1390 1478 2.343999 96224.0
2025-12-09 08:19:45 INFO     Save checkpoint to family\grounding.pt
2025-12-09 08:19:48 INFO     loss:    1400 1478 2.416342 96224.0
2025-12-09 08:19:48 INFO     Save checkpoint to family\grounding.pt
2025-12-09 08:19:52 INFO     loss:    1410 1478 2.247225 96224.0
2025-12-09 08:19:52 INFO     Save checkpoint to family\grounding.pt
2025-12-09 08:19:55 INFO     loss:    1420 1478 2.246236 96224.0
2025-12-09 08:19:55 INFO     Save checkpoint to family\grounding.pt
2025-12-09 08:19:56 INFO     loss:    1430 1478 1.773616 96224.0
2025-12-09 08:19:56 INFO     Save checkpoint to family\grounding.pt
2025-12-09 08:20:00 INFO     loss:    1440 1478 1.757092 96224.0
2025-12-09 08:20:00 INFO     Save checkpoint to family\grounding.pt
2025-12-09 08:20:03 INFO     loss:    1450 1478 2.192756 96224.0
2025-12-09 08:20:03 INFO     Save checkpoint to family\grounding.pt
2025-12-09 08:20:07 INFO     loss:    1460 1478 2.160527 96224.0
2025-12-09 08:20:07 INFO     Save checkpoint to family\grounding.pt
2025-12-09 08:20:08 INFO     loss:    1470 1478 2.344175 96224.0
2025-12-09 08:20:08 INFO     Save checkpoint to family\grounding.pt
2025-12-09 08:20:11 INFO     >>>>> Predictor: Evaluating on valid
2025-12-09 08:20:45 INFO     Data : 4076
2025-12-09 08:20:45 INFO     Hit1 : 0.892051
2025-12-09 08:20:45 INFO     Hit3 : 0.970559
2025-12-09 08:20:45 INFO     Hit10: 0.986506
2025-12-09 08:20:45 INFO     MR   : 22.935353
2025-12-09 08:20:45 INFO     MRR  : 0.932581
2025-12-09 08:20:45 INFO     Save checkpoint to family\grounding.pt
2025-12-09 08:20:45 INFO     -------------------------
2025-12-09 08:20:45 INFO     | Iteration: 3/10
2025-12-09 08:20:45 INFO     -------------------------
2025-12-09 08:20:57 INFO     loss:    10 1478 2.092712 96224.0
2025-12-09 08:20:57 INFO     Save checkpoint to family\grounding.pt
2025-12-09 08:21:01 INFO     loss:    20 1478 2.148353 96224.0
2025-12-09 08:21:01 INFO     Save checkpoint to family\grounding.pt
2025-12-09 08:21:04 INFO     loss:    30 1478 2.548491 96224.0
2025-12-09 08:21:04 INFO     Save checkpoint to family\grounding.pt
2025-12-09 08:21:05 INFO     loss:    40 1478 0.756358 96224.0
2025-12-09 08:21:05 INFO     Save checkpoint to family\grounding.pt
2025-12-09 08:21:09 INFO     loss:    50 1478 1.528098 93517.7
2025-12-09 08:21:09 INFO     Save checkpoint to family\grounding.pt
2025-12-09 08:21:12 INFO     loss:    60 1478 1.833957 90210.0
2025-12-09 08:21:12 INFO     Save checkpoint to family\grounding.pt
2025-12-09 08:21:13 INFO     loss:    70 1478 1.810564 96224.0
2025-12-09 08:21:13 INFO     Save checkpoint to family\grounding.pt
2025-12-09 08:21:17 INFO     loss:    80 1478 2.088084 96224.0
2025-12-09 08:21:17 INFO     Save checkpoint to family\grounding.pt
2025-12-09 08:21:20 INFO     loss:    90 1478 2.695917 96224.0
2025-12-09 08:21:20 INFO     Save checkpoint to family\grounding.pt
2025-12-09 08:21:24 INFO     loss:    100 1478 1.556398 96224.0
2025-12-09 08:21:24 INFO     Save checkpoint to family\grounding.pt
2025-12-09 08:21:25 INFO     loss:    110 1478 1.628525 96224.0
2025-12-09 08:21:25 INFO     Save checkpoint to family\grounding.pt
2025-12-09 08:21:28 INFO     loss:    120 1478 1.734441 96224.0
2025-12-09 08:21:28 INFO     Save checkpoint to family\grounding.pt
2025-12-09 08:21:32 INFO     loss:    130 1478 1.985285 96224.0
2025-12-09 08:21:32 INFO     Save checkpoint to family\grounding.pt
2025-12-09 08:21:32 INFO     loss:    140 1478 2.313135 93818.4
2025-12-09 08:21:32 INFO     Save checkpoint to family\grounding.pt
2025-12-09 08:21:36 INFO     loss:    150 1478 2.164284 96224.0
2025-12-09 08:21:36 INFO     Save checkpoint to family\grounding.pt
2025-12-09 08:21:39 INFO     loss:    160 1478 1.493083 96224.0
2025-12-09 08:21:39 INFO     Save checkpoint to family\grounding.pt
2025-12-09 08:21:40 INFO     loss:    170 1478 0.956427 96224.0
2025-12-09 08:21:40 INFO     Save checkpoint to family\grounding.pt
2025-12-09 08:21:43 INFO     loss:    180 1478 2.013070 96224.0
2025-12-09 08:21:43 INFO     Save checkpoint to family\grounding.pt
2025-12-09 08:21:47 INFO     loss:    190 1478 2.189063 96224.0
2025-12-09 08:21:47 INFO     Save checkpoint to family\grounding.pt
2025-12-09 08:21:50 INFO     loss:    200 1478 1.765627 96224.0
2025-12-09 08:21:50 INFO     Save checkpoint to family\grounding.pt
2025-12-09 08:21:51 INFO     loss:    210 1478 2.401641 96224.0
2025-12-09 08:21:51 INFO     Save checkpoint to family\grounding.pt
2025-12-09 08:21:55 INFO     loss:    220 1478 2.210784 96224.0
2025-12-09 08:21:55 INFO     Save checkpoint to family\grounding.pt
2025-12-09 08:21:58 INFO     loss:    230 1478 1.532970 96224.0
2025-12-09 08:21:58 INFO     Save checkpoint to family\grounding.pt
2025-12-09 08:21:59 INFO     loss:    240 1478 1.669736 96224.0
2025-12-09 08:21:59 INFO     Save checkpoint to family\grounding.pt
2025-12-09 08:22:02 INFO     loss:    250 1478 2.058003 96224.0
2025-12-09 08:22:02 INFO     Save checkpoint to family\grounding.pt
2025-12-09 08:22:06 INFO     loss:    260 1478 1.854932 92916.3
2025-12-09 08:22:06 INFO     Save checkpoint to family\grounding.pt
2025-12-09 08:22:10 INFO     loss:    270 1478 2.501502 96224.0
2025-12-09 08:22:10 INFO     Save checkpoint to family\grounding.pt
2025-12-09 08:22:13 INFO     loss:    280 1478 2.069058 96224.0
2025-12-09 08:22:13 INFO     Save checkpoint to family\grounding.pt
2025-12-09 08:22:14 INFO     loss:    290 1478 1.792559 96224.0
2025-12-09 08:22:14 INFO     Save checkpoint to family\grounding.pt
2025-12-09 08:22:18 INFO     loss:    300 1478 1.547673 96224.0
2025-12-09 08:22:18 INFO     Save checkpoint to family\grounding.pt
2025-12-09 08:22:21 INFO     loss:    310 1478 1.566462 96224.0
2025-12-09 08:22:21 INFO     Save checkpoint to family\grounding.pt
2025-12-09 08:22:25 INFO     loss:    320 1478 1.673875 96224.0
2025-12-09 08:22:25 INFO     Save checkpoint to family\grounding.pt
2025-12-09 08:22:29 INFO     loss:    330 1478 1.663725 87804.4
2025-12-09 08:22:29 INFO     Save checkpoint to family\grounding.pt
2025-12-09 08:22:32 INFO     loss:    340 1478 0.812054 96224.0
2025-12-09 08:22:32 INFO     Save checkpoint to family\grounding.pt
2025-12-09 08:22:33 INFO     loss:    350 1478 2.027315 96224.0
2025-12-09 08:22:33 INFO     Save checkpoint to family\grounding.pt
2025-12-09 08:22:36 INFO     loss:    360 1478 2.254835 96224.0
2025-12-09 08:22:36 INFO     Save checkpoint to family\grounding.pt
2025-12-09 08:22:40 INFO     loss:    370 1478 2.087935 96224.0
2025-12-09 08:22:40 INFO     Save checkpoint to family\grounding.pt
2025-12-09 08:22:43 INFO     loss:    380 1478 2.062782 89307.9
2025-12-09 08:22:43 INFO     Save checkpoint to family\grounding.pt
2025-12-09 08:22:44 INFO     loss:    390 1478 2.154449 87804.4
2025-12-09 08:22:44 INFO     Save checkpoint to family\grounding.pt
2025-12-09 08:22:48 INFO     loss:    400 1478 1.476668 96224.0
2025-12-09 08:22:48 INFO     Save checkpoint to family\grounding.pt
2025-12-09 08:22:51 INFO     loss:    410 1478 1.506533 96224.0
2025-12-09 08:22:51 INFO     Save checkpoint to family\grounding.pt
2025-12-09 08:22:55 INFO     loss:    420 1478 1.296786 96224.0
2025-12-09 08:22:55 INFO     Save checkpoint to family\grounding.pt
2025-12-09 08:22:56 INFO     loss:    430 1478 1.373014 96224.0
2025-12-09 08:22:56 INFO     Save checkpoint to family\grounding.pt
2025-12-09 08:22:59 INFO     loss:    440 1478 1.611340 88706.5
2025-12-09 08:22:59 INFO     Save checkpoint to family\grounding.pt
2025-12-09 08:23:02 INFO     loss:    450 1478 2.202544 96224.0
2025-12-09 08:23:02 INFO     Save checkpoint to family\grounding.pt
2025-12-09 08:23:03 INFO     loss:    460 1478 1.638550 96224.0
2025-12-09 08:23:03 INFO     Save checkpoint to family\grounding.pt
2025-12-09 08:23:06 INFO     loss:    470 1478 1.624442 96224.0
2025-12-09 08:23:06 INFO     Save checkpoint to family\grounding.pt
2025-12-09 08:23:10 INFO     loss:    480 1478 2.626140 96224.0
2025-12-09 08:23:10 INFO     Save checkpoint to family\grounding.pt
2025-12-09 08:23:13 INFO     loss:    490 1478 2.058835 96224.0
2025-12-09 08:23:13 INFO     Save checkpoint to family\grounding.pt
2025-12-09 08:23:14 INFO     loss:    500 1478 2.676928 96224.0
2025-12-09 08:23:14 INFO     Save checkpoint to family\grounding.pt
2025-12-09 08:23:18 INFO     loss:    510 1478 1.724942 96224.0
2025-12-09 08:23:18 INFO     Save checkpoint to family\grounding.pt
2025-12-09 08:23:21 INFO     loss:    520 1478 2.329692 96224.0
2025-12-09 08:23:21 INFO     Save checkpoint to family\grounding.pt
2025-12-09 08:23:22 INFO     loss:    530 1478 1.551316 96224.0
2025-12-09 08:23:22 INFO     Save checkpoint to family\grounding.pt
2025-12-09 08:23:25 INFO     loss:    540 1478 1.459630 96224.0
2025-12-09 08:23:25 INFO     Save checkpoint to family\grounding.pt
2025-12-09 08:23:29 INFO     loss:    550 1478 1.903059 96224.0
2025-12-09 08:23:29 INFO     Save checkpoint to family\grounding.pt
2025-12-09 08:23:33 INFO     loss:    560 1478 2.171459 96224.0
2025-12-09 08:23:33 INFO     Save checkpoint to family\grounding.pt
2025-12-09 08:23:33 INFO     loss:    570 1478 1.873783 96224.0
2025-12-09 08:23:33 INFO     Save checkpoint to family\grounding.pt
2025-12-09 08:23:37 INFO     loss:    580 1478 1.613823 96224.0
2025-12-09 08:23:37 INFO     Save checkpoint to family\grounding.pt
2025-12-09 08:23:40 INFO     loss:    590 1478 2.307070 96224.0
2025-12-09 08:23:40 INFO     Save checkpoint to family\grounding.pt
2025-12-09 08:23:41 INFO     loss:    600 1478 2.000006 96224.0
2025-12-09 08:23:41 INFO     Save checkpoint to family\grounding.pt
2025-12-09 08:23:45 INFO     loss:    610 1478 2.163868 96224.0
2025-12-09 08:23:45 INFO     Save checkpoint to family\grounding.pt
2025-12-09 08:23:48 INFO     loss:    620 1478 1.921789 96224.0
2025-12-09 08:23:48 INFO     Save checkpoint to family\grounding.pt
2025-12-09 08:23:52 INFO     loss:    630 1478 1.821559 96224.0
2025-12-09 08:23:52 INFO     Save checkpoint to family\grounding.pt
2025-12-09 08:23:52 INFO     loss:    640 1478 1.839338 91412.8
2025-12-09 08:23:52 INFO     Save checkpoint to family\grounding.pt
2025-12-09 08:23:56 INFO     loss:    650 1478 2.506812 96224.0
2025-12-09 08:23:56 INFO     Save checkpoint to family\grounding.pt
2025-12-09 08:23:59 INFO     loss:    660 1478 2.225976 93517.7
2025-12-09 08:23:59 INFO     Save checkpoint to family\grounding.pt
2025-12-09 08:24:00 INFO     loss:    670 1478 2.036729 96224.0
2025-12-09 08:24:00 INFO     Save checkpoint to family\grounding.pt
2025-12-09 08:24:04 INFO     loss:    680 1478 2.147480 96224.0
2025-12-09 08:24:04 INFO     Save checkpoint to family\grounding.pt
2025-12-09 08:24:07 INFO     loss:    690 1478 2.270415 96224.0
2025-12-09 08:24:07 INFO     Save checkpoint to family\grounding.pt
2025-12-09 08:24:08 INFO     loss:    700 1478 1.936804 96224.0
2025-12-09 08:24:08 INFO     Save checkpoint to family\grounding.pt
2025-12-09 08:24:12 INFO     loss:    710 1478 1.706783 96224.0
2025-12-09 08:24:12 INFO     Save checkpoint to family\grounding.pt
2025-12-09 08:24:15 INFO     loss:    720 1478 1.637287 96224.0
2025-12-09 08:24:15 INFO     Save checkpoint to family\grounding.pt
2025-12-09 08:24:16 INFO     loss:    730 1478 2.026791 96224.0
2025-12-09 08:24:16 INFO     Save checkpoint to family\grounding.pt
2025-12-09 08:24:19 INFO     loss:    740 1478 1.745399 87503.7
2025-12-09 08:24:19 INFO     Save checkpoint to family\grounding.pt
2025-12-09 08:24:22 INFO     loss:    750 1478 1.411649 96224.0
2025-12-09 08:24:22 INFO     Save checkpoint to family\grounding.pt
2025-12-09 08:24:26 INFO     loss:    760 1478 1.269184 96224.0
2025-12-09 08:24:26 INFO     Save checkpoint to family\grounding.pt
2025-12-09 08:24:27 INFO     loss:    770 1478 1.787535 96224.0
2025-12-09 08:24:27 INFO     Save checkpoint to family\grounding.pt
2025-12-09 08:24:30 INFO     loss:    780 1478 2.079586 96224.0
2025-12-09 08:24:30 INFO     Save checkpoint to family\grounding.pt
2025-12-09 08:24:34 INFO     loss:    790 1478 2.148492 96224.0
2025-12-09 08:24:34 INFO     Save checkpoint to family\grounding.pt
2025-12-09 08:24:34 INFO     loss:    800 1478 0.775967 87503.7
2025-12-09 08:24:34 INFO     Save checkpoint to family\grounding.pt
2025-12-09 08:24:38 INFO     loss:    810 1478 2.780159 96224.0
2025-12-09 08:24:38 INFO     Save checkpoint to family\grounding.pt
2025-12-09 08:24:41 INFO     loss:    820 1478 1.704355 96224.0
2025-12-09 08:24:41 INFO     Save checkpoint to family\grounding.pt
2025-12-09 08:24:42 INFO     loss:    830 1478 1.555711 96224.0
2025-12-09 08:24:42 INFO     Save checkpoint to family\grounding.pt
2025-12-09 08:24:45 INFO     loss:    840 1478 2.737589 96224.0
2025-12-09 08:24:45 INFO     Save checkpoint to family\grounding.pt
2025-12-09 08:24:49 INFO     loss:    850 1478 2.085037 88706.5
2025-12-09 08:24:49 INFO     Save checkpoint to family\grounding.pt
2025-12-09 08:24:52 INFO     loss:    860 1478 2.804210 96224.0
2025-12-09 08:24:52 INFO     Save checkpoint to family\grounding.pt
2025-12-09 08:24:53 INFO     loss:    870 1478 1.062643 96224.0
2025-12-09 08:24:53 INFO     Save checkpoint to family\grounding.pt
2025-12-09 08:24:56 INFO     loss:    880 1478 2.295912 96224.0
2025-12-09 08:24:56 INFO     Save checkpoint to family\grounding.pt
2025-12-09 08:25:00 INFO     loss:    890 1478 1.997269 96224.0
2025-12-09 08:25:00 INFO     Save checkpoint to family\grounding.pt
2025-12-09 08:25:04 INFO     loss:    900 1478 2.801041 96224.0
2025-12-09 08:25:04 INFO     Save checkpoint to family\grounding.pt
2025-12-09 08:25:04 INFO     loss:    910 1478 2.253781 96224.0
2025-12-09 08:25:04 INFO     Save checkpoint to family\grounding.pt
2025-12-09 08:25:08 INFO     loss:    920 1478 1.977787 96224.0
2025-12-09 08:25:08 INFO     Save checkpoint to family\grounding.pt
2025-12-09 08:25:11 INFO     loss:    930 1478 1.734634 92615.6
2025-12-09 08:25:11 INFO     Save checkpoint to family\grounding.pt
2025-12-09 08:25:15 INFO     loss:    940 1478 1.986926 96224.0
2025-12-09 08:25:15 INFO     Save checkpoint to family\grounding.pt
2025-12-09 08:25:16 INFO     loss:    950 1478 2.748846 96224.0
2025-12-09 08:25:16 INFO     Save checkpoint to family\grounding.pt
2025-12-09 08:25:19 INFO     loss:    960 1478 1.560034 96224.0
2025-12-09 08:25:19 INFO     Save checkpoint to family\grounding.pt
2025-12-09 08:25:23 INFO     loss:    970 1478 1.497322 96224.0
2025-12-09 08:25:23 INFO     Save checkpoint to family\grounding.pt
2025-12-09 08:25:26 INFO     loss:    980 1478 0.564619 89307.9
2025-12-09 08:25:26 INFO     Save checkpoint to family\grounding.pt
2025-12-09 08:25:27 INFO     loss:    990 1478 2.141745 96224.0
2025-12-09 08:25:27 INFO     Save checkpoint to family\grounding.pt
2025-12-09 08:25:31 INFO     loss:    1000 1478 1.326794 96224.0
2025-12-09 08:25:31 INFO     Save checkpoint to family\grounding.pt
2025-12-09 08:25:34 INFO     loss:    1010 1478 1.656966 96224.0
2025-12-09 08:25:34 INFO     Save checkpoint to family\grounding.pt
2025-12-09 08:25:38 INFO     loss:    1020 1478 1.648573 96224.0
2025-12-09 08:25:38 INFO     Save checkpoint to family\grounding.pt
2025-12-09 08:25:38 INFO     loss:    1030 1478 0.410008 96224.0
2025-12-09 08:25:38 INFO     Save checkpoint to family\grounding.pt
2025-12-09 08:25:42 INFO     loss:    1040 1478 2.315621 96224.0
2025-12-09 08:25:42 INFO     Save checkpoint to family\grounding.pt
2025-12-09 08:25:45 INFO     loss:    1050 1478 1.568756 96224.0
2025-12-09 08:25:45 INFO     Save checkpoint to family\grounding.pt
2025-12-09 08:25:46 INFO     loss:    1060 1478 2.068799 96224.0
2025-12-09 08:25:46 INFO     Save checkpoint to family\grounding.pt
2025-12-09 08:25:49 INFO     loss:    1070 1478 1.578962 96224.0
2025-12-09 08:25:49 INFO     Save checkpoint to family\grounding.pt
2025-12-09 08:25:53 INFO     loss:    1080 1478 2.077548 96224.0
2025-12-09 08:25:53 INFO     Save checkpoint to family\grounding.pt
2025-12-09 08:25:54 INFO     loss:    1090 1478 2.198224 96224.0
2025-12-09 08:25:54 INFO     Save checkpoint to family\grounding.pt
2025-12-09 08:25:57 INFO     loss:    1100 1478 2.125415 96224.0
2025-12-09 08:25:57 INFO     Save checkpoint to family\grounding.pt
2025-12-09 08:26:01 INFO     loss:    1110 1478 1.850416 96224.0
2025-12-09 08:26:01 INFO     Save checkpoint to family\grounding.pt
2025-12-09 08:26:04 INFO     loss:    1120 1478 2.242462 96224.0
2025-12-09 08:26:04 INFO     Save checkpoint to family\grounding.pt
2025-12-09 08:26:05 INFO     loss:    1130 1478 2.755109 96224.0
2025-12-09 08:26:05 INFO     Save checkpoint to family\grounding.pt
2025-12-09 08:26:08 INFO     loss:    1140 1478 1.729513 96224.0
2025-12-09 08:26:08 INFO     Save checkpoint to family\grounding.pt
2025-12-09 08:26:12 INFO     loss:    1150 1478 1.519552 96224.0
2025-12-09 08:26:12 INFO     Save checkpoint to family\grounding.pt
2025-12-09 08:26:15 INFO     loss:    1160 1478 1.725885 96224.0
2025-12-09 08:26:15 INFO     Save checkpoint to family\grounding.pt
2025-12-09 08:26:18 INFO     loss:    1170 1478 2.819742 95021.2
2025-12-09 08:26:18 INFO     Save checkpoint to family\grounding.pt
2025-12-09 08:26:19 INFO     loss:    1180 1478 1.727503 92916.3
2025-12-09 08:26:19 INFO     Save checkpoint to family\grounding.pt
2025-12-09 08:26:22 INFO     loss:    1190 1478 2.688530 96224.0
2025-12-09 08:26:22 INFO     Save checkpoint to family\grounding.pt
2025-12-09 08:26:26 INFO     loss:    1200 1478 1.601706 96224.0
2025-12-09 08:26:26 INFO     Save checkpoint to family\grounding.pt
2025-12-09 08:26:29 INFO     loss:    1210 1478 0.507907 96224.0
2025-12-09 08:26:29 INFO     Save checkpoint to family\grounding.pt
2025-12-09 08:26:30 INFO     loss:    1220 1478 1.065179 96224.0
2025-12-09 08:26:30 INFO     Save checkpoint to family\grounding.pt
2025-12-09 08:26:34 INFO     loss:    1230 1478 2.116622 96224.0
2025-12-09 08:26:34 INFO     Save checkpoint to family\grounding.pt
2025-12-09 08:26:37 INFO     loss:    1240 1478 1.970616 96224.0
2025-12-09 08:26:37 INFO     Save checkpoint to family\grounding.pt
2025-12-09 08:26:41 INFO     loss:    1250 1478 2.032371 95021.2
2025-12-09 08:26:41 INFO     Save checkpoint to family\grounding.pt
2025-12-09 08:26:41 INFO     loss:    1260 1478 1.910569 96224.0
2025-12-09 08:26:41 INFO     Save checkpoint to family\grounding.pt
2025-12-09 08:26:45 INFO     loss:    1270 1478 2.171119 96224.0
2025-12-09 08:26:45 INFO     Save checkpoint to family\grounding.pt
2025-12-09 08:26:48 INFO     loss:    1280 1478 2.096374 96224.0
2025-12-09 08:26:48 INFO     Save checkpoint to family\grounding.pt
2025-12-09 08:26:52 INFO     loss:    1290 1478 1.993304 96224.0
2025-12-09 08:26:52 INFO     Save checkpoint to family\grounding.pt
2025-12-09 08:26:52 INFO     loss:    1300 1478 1.599688 96224.0
2025-12-09 08:26:52 INFO     Save checkpoint to family\grounding.pt
2025-12-09 08:26:56 INFO     loss:    1310 1478 1.368801 96224.0
2025-12-09 08:26:56 INFO     Save checkpoint to family\grounding.pt
2025-12-09 08:26:59 INFO     loss:    1320 1478 2.147192 96224.0
2025-12-09 08:26:59 INFO     Save checkpoint to family\grounding.pt
2025-12-09 08:27:03 INFO     loss:    1330 1478 1.972486 96224.0
2025-12-09 08:27:03 INFO     Save checkpoint to family\grounding.pt
2025-12-09 08:27:04 INFO     loss:    1340 1478 2.081887 96224.0
2025-12-09 08:27:04 INFO     Save checkpoint to family\grounding.pt
2025-12-09 08:27:07 INFO     loss:    1350 1478 1.342657 96224.0
2025-12-09 08:27:07 INFO     Save checkpoint to family\grounding.pt
2025-12-09 08:27:10 INFO     loss:    1360 1478 0.953394 96224.0
2025-12-09 08:27:10 INFO     Save checkpoint to family\grounding.pt
2025-12-09 08:27:11 INFO     loss:    1370 1478 2.025006 91412.8
2025-12-09 08:27:11 INFO     Save checkpoint to family\grounding.pt
2025-12-09 08:27:15 INFO     loss:    1380 1478 1.281674 96224.0
2025-12-09 08:27:15 INFO     Save checkpoint to family\grounding.pt
2025-12-09 08:27:18 INFO     loss:    1390 1478 2.273056 96224.0
2025-12-09 08:27:18 INFO     Save checkpoint to family\grounding.pt
2025-12-09 08:27:22 INFO     loss:    1400 1478 2.270108 96224.0
2025-12-09 08:27:22 INFO     Save checkpoint to family\grounding.pt
2025-12-09 08:27:22 INFO     loss:    1410 1478 2.216896 96224.0
2025-12-09 08:27:22 INFO     Save checkpoint to family\grounding.pt
2025-12-09 08:27:26 INFO     loss:    1420 1478 2.203375 96224.0
2025-12-09 08:27:26 INFO     Save checkpoint to family\grounding.pt
2025-12-09 08:27:30 INFO     loss:    1430 1478 1.265765 96224.0
2025-12-09 08:27:30 INFO     Save checkpoint to family\grounding.pt
2025-12-09 08:27:33 INFO     loss:    1440 1478 1.454718 96224.0
2025-12-09 08:27:33 INFO     Save checkpoint to family\grounding.pt
2025-12-09 08:27:34 INFO     loss:    1450 1478 1.611888 96224.0
2025-12-09 08:27:34 INFO     Save checkpoint to family\grounding.pt
2025-12-09 08:27:37 INFO     loss:    1460 1478 2.098799 96224.0
2025-12-09 08:27:37 INFO     Save checkpoint to family\grounding.pt
2025-12-09 08:27:41 INFO     loss:    1470 1478 2.254477 96224.0
2025-12-09 08:27:41 INFO     Save checkpoint to family\grounding.pt
2025-12-09 08:27:45 INFO     >>>>> Predictor: Evaluating on valid
2025-12-09 08:28:20 INFO     Data : 4076
2025-12-09 08:28:20 INFO     Hit1 : 0.922718
2025-12-09 08:28:20 INFO     Hit3 : 0.976938
2025-12-09 08:28:20 INFO     Hit10: 0.987733
2025-12-09 08:28:20 INFO     MR   : 22.559004
2025-12-09 08:28:20 INFO     MRR  : 0.950910
2025-12-09 08:28:20 INFO     Save checkpoint to family\grounding.pt
2025-12-09 08:28:20 INFO     -------------------------
2025-12-09 08:28:20 INFO     | Iteration: 4/10
2025-12-09 08:28:20 INFO     -------------------------
2025-12-09 08:28:32 INFO     loss:    10 1478 1.980188 96224.0
2025-12-09 08:28:32 INFO     Save checkpoint to family\grounding.pt
2025-12-09 08:28:36 INFO     loss:    20 1478 2.131686 96224.0
2025-12-09 08:28:36 INFO     Save checkpoint to family\grounding.pt
2025-12-09 08:28:39 INFO     loss:    30 1478 2.518070 96224.0
2025-12-09 08:28:39 INFO     Save checkpoint to family\grounding.pt
2025-12-09 08:28:40 INFO     loss:    40 1478 0.383728 96224.0
2025-12-09 08:28:40 INFO     Save checkpoint to family\grounding.pt
2025-12-09 08:28:43 INFO     loss:    50 1478 0.994222 93517.7
2025-12-09 08:28:43 INFO     Save checkpoint to family\grounding.pt
2025-12-09 08:28:47 INFO     loss:    60 1478 1.671504 90210.0
2025-12-09 08:28:47 INFO     Save checkpoint to family\grounding.pt
2025-12-09 08:28:50 INFO     loss:    70 1478 1.556152 96224.0
2025-12-09 08:28:50 INFO     Save checkpoint to family\grounding.pt
2025-12-09 08:28:51 INFO     loss:    80 1478 2.012676 96224.0
2025-12-09 08:28:51 INFO     Save checkpoint to family\grounding.pt
2025-12-09 08:28:55 INFO     loss:    90 1478 2.647346 96224.0
2025-12-09 08:28:55 INFO     Save checkpoint to family\grounding.pt
2025-12-09 08:28:58 INFO     loss:    100 1478 1.499702 96224.0
2025-12-09 08:28:58 INFO     Save checkpoint to family\grounding.pt
2025-12-09 08:29:02 INFO     loss:    110 1478 1.508499 96224.0
2025-12-09 08:29:02 INFO     Save checkpoint to family\grounding.pt
2025-12-09 08:29:06 INFO     loss:    120 1478 1.373036 96224.0
2025-12-09 08:29:06 INFO     Save checkpoint to family\grounding.pt
2025-12-09 08:29:06 INFO     loss:    130 1478 1.526027 96224.0
2025-12-09 08:29:06 INFO     Save checkpoint to family\grounding.pt
2025-12-09 08:29:10 INFO     loss:    140 1478 1.613097 93818.4
2025-12-09 08:29:10 INFO     Save checkpoint to family\grounding.pt
2025-12-09 08:29:14 INFO     loss:    150 1478 2.087214 96224.0
2025-12-09 08:29:14 INFO     Save checkpoint to family\grounding.pt
2025-12-09 08:29:14 INFO     loss:    160 1478 1.431753 96224.0
2025-12-09 08:29:14 INFO     Save checkpoint to family\grounding.pt
2025-12-09 08:29:18 INFO     loss:    170 1478 0.353808 96224.0
2025-12-09 08:29:18 INFO     Save checkpoint to family\grounding.pt
2025-12-09 08:29:22 INFO     loss:    180 1478 1.961533 96224.0
2025-12-09 08:29:22 INFO     Save checkpoint to family\grounding.pt
2025-12-09 08:29:22 INFO     loss:    190 1478 1.559315 96224.0
2025-12-09 08:29:22 INFO     Save checkpoint to family\grounding.pt
2025-12-09 08:29:26 INFO     loss:    200 1478 1.713890 96224.0
2025-12-09 08:29:26 INFO     Save checkpoint to family\grounding.pt
2025-12-09 08:29:29 INFO     loss:    210 1478 2.331201 96224.0
2025-12-09 08:29:29 INFO     Save checkpoint to family\grounding.pt
2025-12-09 08:29:33 INFO     loss:    220 1478 2.117976 96224.0
2025-12-09 08:29:33 INFO     Save checkpoint to family\grounding.pt
2025-12-09 08:29:33 INFO     loss:    230 1478 1.366158 96224.0
2025-12-09 08:29:33 INFO     Save checkpoint to family\grounding.pt
2025-12-09 08:29:37 INFO     loss:    240 1478 1.192707 96224.0
2025-12-09 08:29:37 INFO     Save checkpoint to family\grounding.pt
2025-12-09 08:29:40 INFO     loss:    250 1478 1.994785 96224.0
2025-12-09 08:29:40 INFO     Save checkpoint to family\grounding.pt
2025-12-09 08:29:41 INFO     loss:    260 1478 1.736513 92916.3
2025-12-09 08:29:41 INFO     Save checkpoint to family\grounding.pt
2025-12-09 08:29:44 INFO     loss:    270 1478 2.484957 96224.0
2025-12-09 08:29:44 INFO     Save checkpoint to family\grounding.pt
2025-12-09 08:29:48 INFO     loss:    280 1478 1.983582 96224.0
2025-12-09 08:29:48 INFO     Save checkpoint to family\grounding.pt
2025-12-09 08:29:49 INFO     loss:    290 1478 1.594382 96224.0
2025-12-09 08:29:49 INFO     Save checkpoint to family\grounding.pt
2025-12-09 08:29:52 INFO     loss:    300 1478 1.212233 96224.0
2025-12-09 08:29:52 INFO     Save checkpoint to family\grounding.pt
2025-12-09 08:29:56 INFO     loss:    310 1478 1.468965 96224.0
2025-12-09 08:29:56 INFO     Save checkpoint to family\grounding.pt
2025-12-09 08:29:56 INFO     loss:    320 1478 1.252987 96224.0
2025-12-09 08:29:56 INFO     Save checkpoint to family\grounding.pt
2025-12-09 08:30:00 INFO     loss:    330 1478 1.320303 87804.4
2025-12-09 08:30:00 INFO     Save checkpoint to family\grounding.pt
2025-12-09 08:30:03 INFO     loss:    340 1478 0.320645 96224.0
2025-12-09 08:30:03 INFO     Save checkpoint to family\grounding.pt
2025-12-09 08:30:07 INFO     loss:    350 1478 1.967796 96224.0
2025-12-09 08:30:07 INFO     Save checkpoint to family\grounding.pt
2025-12-09 08:30:08 INFO     loss:    360 1478 1.934176 96224.0
2025-12-09 08:30:08 INFO     Save checkpoint to family\grounding.pt
2025-12-09 08:30:11 INFO     loss:    370 1478 2.008888 96224.0
2025-12-09 08:30:11 INFO     Save checkpoint to family\grounding.pt
2025-12-09 08:30:14 INFO     loss:    380 1478 2.000764 89307.9
2025-12-09 08:30:14 INFO     Save checkpoint to family\grounding.pt
2025-12-09 08:30:15 INFO     loss:    390 1478 1.989077 87804.4
2025-12-09 08:30:15 INFO     Save checkpoint to family\grounding.pt
2025-12-09 08:30:18 INFO     loss:    400 1478 1.401820 96224.0
2025-12-09 08:30:18 INFO     Save checkpoint to family\grounding.pt
2025-12-09 08:30:22 INFO     loss:    410 1478 1.437377 96224.0
2025-12-09 08:30:22 INFO     Save checkpoint to family\grounding.pt
2025-12-09 08:30:23 INFO     loss:    420 1478 0.785862 96224.0
2025-12-09 08:30:23 INFO     Save checkpoint to family\grounding.pt
2025-12-09 08:30:26 INFO     loss:    430 1478 1.074219 96224.0
2025-12-09 08:30:26 INFO     Save checkpoint to family\grounding.pt
2025-12-09 08:30:30 INFO     loss:    440 1478 1.437216 88706.5
2025-12-09 08:30:30 INFO     Save checkpoint to family\grounding.pt
2025-12-09 08:30:33 INFO     loss:    450 1478 2.123785 96224.0
2025-12-09 08:30:33 INFO     Save checkpoint to family\grounding.pt
2025-12-09 08:30:34 INFO     loss:    460 1478 1.025200 96224.0
2025-12-09 08:30:34 INFO     Save checkpoint to family\grounding.pt
2025-12-09 08:30:37 INFO     loss:    470 1478 1.449142 96224.0
2025-12-09 08:30:37 INFO     Save checkpoint to family\grounding.pt
2025-12-09 08:30:41 INFO     loss:    480 1478 2.540279 96224.0
2025-12-09 08:30:41 INFO     Save checkpoint to family\grounding.pt
2025-12-09 08:30:44 INFO     loss:    490 1478 1.999289 96224.0
2025-12-09 08:30:44 INFO     Save checkpoint to family\grounding.pt
2025-12-09 08:30:45 INFO     loss:    500 1478 2.650783 96224.0
2025-12-09 08:30:45 INFO     Save checkpoint to family\grounding.pt
2025-12-09 08:30:48 INFO     loss:    510 1478 1.603188 96224.0
2025-12-09 08:30:48 INFO     Save checkpoint to family\grounding.pt
2025-12-09 08:30:52 INFO     loss:    520 1478 2.172812 96224.0
2025-12-09 08:30:52 INFO     Save checkpoint to family\grounding.pt
2025-12-09 08:30:52 INFO     loss:    530 1478 1.449924 96224.0
2025-12-09 08:30:52 INFO     Save checkpoint to family\grounding.pt
2025-12-09 08:30:56 INFO     loss:    540 1478 1.084085 96224.0
2025-12-09 08:30:56 INFO     Save checkpoint to family\grounding.pt
2025-12-09 08:30:59 INFO     loss:    550 1478 1.751089 96224.0
2025-12-09 08:30:59 INFO     Save checkpoint to family\grounding.pt
2025-12-09 08:31:00 INFO     loss:    560 1478 1.929224 96224.0
2025-12-09 08:31:00 INFO     Save checkpoint to family\grounding.pt
2025-12-09 08:31:03 INFO     loss:    570 1478 1.532117 96224.0
2025-12-09 08:31:03 INFO     Save checkpoint to family\grounding.pt
2025-12-09 08:31:07 INFO     loss:    580 1478 1.388228 96224.0
2025-12-09 08:31:07 INFO     Save checkpoint to family\grounding.pt
2025-12-09 08:31:08 INFO     loss:    590 1478 2.270265 96224.0
2025-12-09 08:31:08 INFO     Save checkpoint to family\grounding.pt
2025-12-09 08:31:11 INFO     loss:    600 1478 1.925918 96224.0
2025-12-09 08:31:11 INFO     Save checkpoint to family\grounding.pt
2025-12-09 08:31:15 INFO     loss:    610 1478 2.136431 96224.0
2025-12-09 08:31:15 INFO     Save checkpoint to family\grounding.pt
2025-12-09 08:31:18 INFO     loss:    620 1478 1.834907 96224.0
2025-12-09 08:31:18 INFO     Save checkpoint to family\grounding.pt
2025-12-09 08:31:19 INFO     loss:    630 1478 1.454310 96224.0
2025-12-09 08:31:19 INFO     Save checkpoint to family\grounding.pt
2025-12-09 08:31:23 INFO     loss:    640 1478 1.761033 91412.8
2025-12-09 08:31:23 INFO     Save checkpoint to family\grounding.pt
2025-12-09 08:31:26 INFO     loss:    650 1478 1.685128 96224.0
2025-12-09 08:31:26 INFO     Save checkpoint to family\grounding.pt
2025-12-09 08:31:30 INFO     loss:    660 1478 2.154880 93517.7
2025-12-09 08:31:30 INFO     Save checkpoint to family\grounding.pt
2025-12-09 08:31:30 INFO     loss:    670 1478 2.013655 96224.0
2025-12-09 08:31:30 INFO     Save checkpoint to family\grounding.pt
2025-12-09 08:31:34 INFO     loss:    680 1478 2.127551 96224.0
2025-12-09 08:31:34 INFO     Save checkpoint to family\grounding.pt
2025-12-09 08:31:37 INFO     loss:    690 1478 2.169707 96224.0
2025-12-09 08:31:37 INFO     Save checkpoint to family\grounding.pt
2025-12-09 08:31:38 INFO     loss:    700 1478 1.221783 96224.0
2025-12-09 08:31:38 INFO     Save checkpoint to family\grounding.pt
2025-12-09 08:31:41 INFO     loss:    710 1478 1.524855 96224.0
2025-12-09 08:31:41 INFO     Save checkpoint to family\grounding.pt
2025-12-09 08:31:45 INFO     loss:    720 1478 1.508592 96224.0
2025-12-09 08:31:45 INFO     Save checkpoint to family\grounding.pt
2025-12-09 08:31:45 INFO     loss:    730 1478 1.844396 96224.0
2025-12-09 08:31:45 INFO     Save checkpoint to family\grounding.pt
2025-12-09 08:31:49 INFO     loss:    740 1478 1.507530 87503.7
2025-12-09 08:31:49 INFO     Save checkpoint to family\grounding.pt
2025-12-09 08:31:52 INFO     loss:    750 1478 1.318212 96224.0
2025-12-09 08:31:52 INFO     Save checkpoint to family\grounding.pt
2025-12-09 08:31:53 INFO     loss:    760 1478 0.903168 96224.0
2025-12-09 08:31:53 INFO     Save checkpoint to family\grounding.pt
2025-12-09 08:31:56 INFO     loss:    770 1478 1.518594 96224.0
2025-12-09 08:31:56 INFO     Save checkpoint to family\grounding.pt
2025-12-09 08:32:00 INFO     loss:    780 1478 1.997600 96224.0
2025-12-09 08:32:00 INFO     Save checkpoint to family\grounding.pt
2025-12-09 08:32:03 INFO     loss:    790 1478 2.024085 96224.0
2025-12-09 08:32:03 INFO     Save checkpoint to family\grounding.pt
2025-12-09 08:32:07 INFO     loss:    800 1478 0.348513 87503.7
2025-12-09 08:32:07 INFO     Save checkpoint to family\grounding.pt
2025-12-09 08:32:08 INFO     loss:    810 1478 2.767200 96224.0
2025-12-09 08:32:08 INFO     Save checkpoint to family\grounding.pt
2025-12-09 08:32:11 INFO     loss:    820 1478 1.618646 96224.0
2025-12-09 08:32:11 INFO     Save checkpoint to family\grounding.pt
2025-12-09 08:32:15 INFO     loss:    830 1478 1.416069 96224.0
2025-12-09 08:32:15 INFO     Save checkpoint to family\grounding.pt
2025-12-09 08:32:15 INFO     loss:    840 1478 2.723873 96224.0
2025-12-09 08:32:15 INFO     Save checkpoint to family\grounding.pt
2025-12-09 08:32:19 INFO     loss:    850 1478 2.068051 88706.5
2025-12-09 08:32:19 INFO     Save checkpoint to family\grounding.pt
2025-12-09 08:32:23 INFO     loss:    860 1478 2.775911 96224.0
2025-12-09 08:32:23 INFO     Save checkpoint to family\grounding.pt
2025-12-09 08:32:26 INFO     loss:    870 1478 0.563062 96224.0
2025-12-09 08:32:26 INFO     Save checkpoint to family\grounding.pt
2025-12-09 08:32:30 INFO     loss:    880 1478 2.241985 96224.0
2025-12-09 08:32:30 INFO     Save checkpoint to family\grounding.pt
2025-12-09 08:32:31 INFO     loss:    890 1478 1.850426 96224.0
2025-12-09 08:32:31 INFO     Save checkpoint to family\grounding.pt
2025-12-09 08:32:34 INFO     loss:    900 1478 2.776859 96224.0
2025-12-09 08:32:34 INFO     Save checkpoint to family\grounding.pt
2025-12-09 08:32:37 INFO     loss:    910 1478 2.176578 96224.0
2025-12-09 08:32:37 INFO     Save checkpoint to family\grounding.pt
2025-12-09 08:32:38 INFO     loss:    920 1478 1.857398 96224.0
2025-12-09 08:32:38 INFO     Save checkpoint to family\grounding.pt
2025-12-09 08:32:42 INFO     loss:    930 1478 1.609297 92615.6
2025-12-09 08:32:42 INFO     Save checkpoint to family\grounding.pt
2025-12-09 08:32:45 INFO     loss:    940 1478 1.882830 96224.0
2025-12-09 08:32:45 INFO     Save checkpoint to family\grounding.pt
2025-12-09 08:32:49 INFO     loss:    950 1478 2.726299 96224.0
2025-12-09 08:32:49 INFO     Save checkpoint to family\grounding.pt
2025-12-09 08:32:52 INFO     loss:    960 1478 1.452559 96224.0
2025-12-09 08:32:52 INFO     Save checkpoint to family\grounding.pt
2025-12-09 08:32:53 INFO     loss:    970 1478 1.362372 96224.0
2025-12-09 08:32:53 INFO     Save checkpoint to family\grounding.pt
2025-12-09 08:32:57 INFO     loss:    980 1478 0.213647 89307.9
2025-12-09 08:32:57 INFO     Save checkpoint to family\grounding.pt
2025-12-09 08:33:00 INFO     loss:    990 1478 2.059168 96224.0
2025-12-09 08:33:00 INFO     Save checkpoint to family\grounding.pt
2025-12-09 08:33:04 INFO     loss:    1000 1478 0.943661 96224.0
2025-12-09 08:33:04 INFO     Save checkpoint to family\grounding.pt
2025-12-09 08:33:05 INFO     loss:    1010 1478 1.576283 96224.0
2025-12-09 08:33:05 INFO     Save checkpoint to family\grounding.pt
2025-12-09 08:33:08 INFO     loss:    1020 1478 1.453040 96224.0
2025-12-09 08:33:08 INFO     Save checkpoint to family\grounding.pt
2025-12-09 08:33:12 INFO     loss:    1030 1478 0.204677 96224.0
2025-12-09 08:33:12 INFO     Save checkpoint to family\grounding.pt
2025-12-09 08:33:15 INFO     loss:    1040 1478 2.257622 96224.0
2025-12-09 08:33:15 INFO     Save checkpoint to family\grounding.pt
2025-12-09 08:33:16 INFO     loss:    1050 1478 1.517546 96224.0
2025-12-09 08:33:16 INFO     Save checkpoint to family\grounding.pt
2025-12-09 08:33:20 INFO     loss:    1060 1478 2.009847 96224.0
2025-12-09 08:33:20 INFO     Save checkpoint to family\grounding.pt
2025-12-09 08:33:23 INFO     loss:    1070 1478 1.349077 96224.0
2025-12-09 08:33:23 INFO     Save checkpoint to family\grounding.pt
2025-12-09 08:33:24 INFO     loss:    1080 1478 1.997894 96224.0
2025-12-09 08:33:24 INFO     Save checkpoint to family\grounding.pt
2025-12-09 08:33:27 INFO     loss:    1090 1478 2.168712 96224.0
2025-12-09 08:33:27 INFO     Save checkpoint to family\grounding.pt
2025-12-09 08:33:31 INFO     loss:    1100 1478 2.070029 96224.0
2025-12-09 08:33:31 INFO     Save checkpoint to family\grounding.pt
2025-12-09 08:33:32 INFO     loss:    1110 1478 1.500697 96224.0
2025-12-09 08:33:32 INFO     Save checkpoint to family\grounding.pt
2025-12-09 08:33:35 INFO     loss:    1120 1478 2.199320 96224.0
2025-12-09 08:33:35 INFO     Save checkpoint to family\grounding.pt
2025-12-09 08:33:39 INFO     loss:    1130 1478 2.704358 96224.0
2025-12-09 08:33:39 INFO     Save checkpoint to family\grounding.pt
2025-12-09 08:33:42 INFO     loss:    1140 1478 1.649627 96224.0
2025-12-09 08:33:42 INFO     Save checkpoint to family\grounding.pt
2025-12-09 08:33:43 INFO     loss:    1150 1478 0.930053 96224.0
2025-12-09 08:33:43 INFO     Save checkpoint to family\grounding.pt
2025-12-09 08:33:47 INFO     loss:    1160 1478 1.543857 96224.0
2025-12-09 08:33:47 INFO     Save checkpoint to family\grounding.pt
2025-12-09 08:33:50 INFO     loss:    1170 1478 2.781069 95021.2
2025-12-09 08:33:50 INFO     Save checkpoint to family\grounding.pt
2025-12-09 08:33:54 INFO     loss:    1180 1478 1.642781 92916.3
2025-12-09 08:33:54 INFO     Save checkpoint to family\grounding.pt
2025-12-09 08:33:54 INFO     loss:    1190 1478 2.664023 96224.0
2025-12-09 08:33:54 INFO     Save checkpoint to family\grounding.pt
2025-12-09 08:33:58 INFO     loss:    1200 1478 1.366656 96224.0
2025-12-09 08:33:58 INFO     Save checkpoint to family\grounding.pt
2025-12-09 08:34:01 INFO     loss:    1210 1478 0.254498 96224.0
2025-12-09 08:34:01 INFO     Save checkpoint to family\grounding.pt
2025-12-09 08:34:02 INFO     loss:    1220 1478 0.806628 96224.0
2025-12-09 08:34:02 INFO     Save checkpoint to family\grounding.pt
2025-12-09 08:34:06 INFO     loss:    1230 1478 2.044693 96224.0
2025-12-09 08:34:06 INFO     Save checkpoint to family\grounding.pt
2025-12-09 08:34:09 INFO     loss:    1240 1478 1.903271 96224.0
2025-12-09 08:34:09 INFO     Save checkpoint to family\grounding.pt
2025-12-09 08:34:13 INFO     loss:    1250 1478 2.003152 95021.2
2025-12-09 08:34:13 INFO     Save checkpoint to family\grounding.pt
2025-12-09 08:34:16 INFO     loss:    1260 1478 1.711761 96224.0
2025-12-09 08:34:16 INFO     Save checkpoint to family\grounding.pt
2025-12-09 08:34:17 INFO     loss:    1270 1478 2.137488 96224.0
2025-12-09 08:34:17 INFO     Save checkpoint to family\grounding.pt
2025-12-09 08:34:21 INFO     loss:    1280 1478 2.028685 96224.0
2025-12-09 08:34:21 INFO     Save checkpoint to family\grounding.pt
2025-12-09 08:34:24 INFO     loss:    1290 1478 1.942374 96224.0
2025-12-09 08:34:24 INFO     Save checkpoint to family\grounding.pt
2025-12-09 08:34:25 INFO     loss:    1300 1478 1.476317 96224.0
2025-12-09 08:34:25 INFO     Save checkpoint to family\grounding.pt
2025-12-09 08:34:29 INFO     loss:    1310 1478 1.175422 96224.0
2025-12-09 08:34:29 INFO     Save checkpoint to family\grounding.pt
2025-12-09 08:34:32 INFO     loss:    1320 1478 2.011690 96224.0
2025-12-09 08:34:32 INFO     Save checkpoint to family\grounding.pt
2025-12-09 08:34:36 INFO     loss:    1330 1478 1.943159 96224.0
2025-12-09 08:34:36 INFO     Save checkpoint to family\grounding.pt
2025-12-09 08:34:36 INFO     loss:    1340 1478 2.002134 96224.0
2025-12-09 08:34:36 INFO     Save checkpoint to family\grounding.pt
2025-12-09 08:34:40 INFO     loss:    1350 1478 1.250601 96224.0
2025-12-09 08:34:40 INFO     Save checkpoint to family\grounding.pt
2025-12-09 08:34:43 INFO     loss:    1360 1478 0.817986 96224.0
2025-12-09 08:34:43 INFO     Save checkpoint to family\grounding.pt
2025-12-09 08:34:44 INFO     loss:    1370 1478 1.951327 91412.8
2025-12-09 08:34:44 INFO     Save checkpoint to family\grounding.pt
2025-12-09 08:34:47 INFO     loss:    1380 1478 1.070235 96224.0
2025-12-09 08:34:47 INFO     Save checkpoint to family\grounding.pt
2025-12-09 08:34:50 INFO     loss:    1390 1478 2.214260 96224.0
2025-12-09 08:34:50 INFO     Save checkpoint to family\grounding.pt
2025-12-09 08:34:54 INFO     loss:    1400 1478 2.169556 96224.0
2025-12-09 08:34:54 INFO     Save checkpoint to family\grounding.pt
2025-12-09 08:34:55 INFO     loss:    1410 1478 2.200593 96224.0
2025-12-09 08:34:55 INFO     Save checkpoint to family\grounding.pt
2025-12-09 08:34:58 INFO     loss:    1420 1478 2.194923 96224.0
2025-12-09 08:34:58 INFO     Save checkpoint to family\grounding.pt
2025-12-09 08:35:02 INFO     loss:    1430 1478 1.086188 96224.0
2025-12-09 08:35:02 INFO     Save checkpoint to family\grounding.pt
2025-12-09 08:35:05 INFO     loss:    1440 1478 1.324502 96224.0
2025-12-09 08:35:05 INFO     Save checkpoint to family\grounding.pt
2025-12-09 08:35:06 INFO     loss:    1450 1478 1.407318 96224.0
2025-12-09 08:35:06 INFO     Save checkpoint to family\grounding.pt
2025-12-09 08:35:10 INFO     loss:    1460 1478 2.069273 96224.0
2025-12-09 08:35:10 INFO     Save checkpoint to family\grounding.pt
2025-12-09 08:35:13 INFO     loss:    1470 1478 2.158149 96224.0
2025-12-09 08:35:13 INFO     Save checkpoint to family\grounding.pt
2025-12-09 08:35:14 INFO     >>>>> Predictor: Evaluating on valid
2025-12-09 08:35:49 INFO     Data : 4076
2025-12-09 08:35:49 INFO     Hit1 : 0.939156
2025-12-09 08:35:49 INFO     Hit3 : 0.981109
2025-12-09 08:35:49 INFO     Hit10: 0.987978
2025-12-09 08:35:49 INFO     MR   : 22.413150
2025-12-09 08:35:49 INFO     MRR  : 0.960925
2025-12-09 08:35:49 INFO     Save checkpoint to family\grounding.pt
2025-12-09 08:35:49 INFO     -------------------------
2025-12-09 08:35:49 INFO     | Iteration: 5/10
2025-12-09 08:35:49 INFO     -------------------------
2025-12-09 08:36:01 INFO     loss:    10 1478 1.925167 96224.0
2025-12-09 08:36:01 INFO     Save checkpoint to family\grounding.pt
2025-12-09 08:36:05 INFO     loss:    20 1478 2.126524 96224.0
2025-12-09 08:36:05 INFO     Save checkpoint to family\grounding.pt
2025-12-09 08:36:06 INFO     loss:    30 1478 2.492890 96224.0
2025-12-09 08:36:06 INFO     Save checkpoint to family\grounding.pt
2025-12-09 08:36:09 INFO     loss:    40 1478 0.262548 96224.0
2025-12-09 08:36:09 INFO     Save checkpoint to family\grounding.pt
2025-12-09 08:36:12 INFO     loss:    50 1478 0.715516 93517.7
2025-12-09 08:36:12 INFO     Save checkpoint to family\grounding.pt
2025-12-09 08:36:16 INFO     loss:    60 1478 1.593465 90210.0
2025-12-09 08:36:16 INFO     Save checkpoint to family\grounding.pt
2025-12-09 08:36:16 INFO     loss:    70 1478 1.459405 96224.0
2025-12-09 08:36:16 INFO     Save checkpoint to family\grounding.pt
2025-12-09 08:36:20 INFO     loss:    80 1478 1.982342 96224.0
2025-12-09 08:36:20 INFO     Save checkpoint to family\grounding.pt
2025-12-09 08:36:24 INFO     loss:    90 1478 2.620136 96224.0
2025-12-09 08:36:24 INFO     Save checkpoint to family\grounding.pt
2025-12-09 08:36:27 INFO     loss:    100 1478 1.459660 96224.0
2025-12-09 08:36:27 INFO     Save checkpoint to family\grounding.pt
2025-12-09 08:36:28 INFO     loss:    110 1478 1.446599 96224.0
2025-12-09 08:36:28 INFO     Save checkpoint to family\grounding.pt
2025-12-09 08:36:31 INFO     loss:    120 1478 1.262117 96224.0
2025-12-09 08:36:31 INFO     Save checkpoint to family\grounding.pt
2025-12-09 08:36:35 INFO     loss:    130 1478 1.356119 96224.0
2025-12-09 08:36:35 INFO     Save checkpoint to family\grounding.pt
2025-12-09 08:36:38 INFO     loss:    140 1478 1.416115 93818.4
2025-12-09 08:36:38 INFO     Save checkpoint to family\grounding.pt
2025-12-09 08:36:39 INFO     loss:    150 1478 2.044911 96224.0
2025-12-09 08:36:39 INFO     Save checkpoint to family\grounding.pt
2025-12-09 08:36:42 INFO     loss:    160 1478 1.388804 96224.0
2025-12-09 08:36:42 INFO     Save checkpoint to family\grounding.pt
2025-12-09 08:36:46 INFO     loss:    170 1478 0.212192 96224.0
2025-12-09 08:36:46 INFO     Save checkpoint to family\grounding.pt
2025-12-09 08:36:49 INFO     loss:    180 1478 1.933821 96224.0
2025-12-09 08:36:49 INFO     Save checkpoint to family\grounding.pt
2025-12-09 08:36:50 INFO     loss:    190 1478 1.406130 96224.0
2025-12-09 08:36:50 INFO     Save checkpoint to family\grounding.pt
2025-12-09 08:36:54 INFO     loss:    200 1478 1.694556 96224.0
2025-12-09 08:36:54 INFO     Save checkpoint to family\grounding.pt
2025-12-09 08:36:57 INFO     loss:    210 1478 2.281210 96224.0
2025-12-09 08:36:57 INFO     Save checkpoint to family\grounding.pt
2025-12-09 08:36:58 INFO     loss:    220 1478 2.066637 96224.0
2025-12-09 08:36:58 INFO     Save checkpoint to family\grounding.pt
2025-12-09 08:37:01 INFO     loss:    230 1478 1.297027 96224.0
2025-12-09 08:37:01 INFO     Save checkpoint to family\grounding.pt
2025-12-09 08:37:05 INFO     loss:    240 1478 1.067031 96224.0
2025-12-09 08:37:05 INFO     Save checkpoint to family\grounding.pt
2025-12-09 08:37:09 INFO     loss:    250 1478 1.965817 96224.0
2025-12-09 08:37:09 INFO     Save checkpoint to family\grounding.pt
2025-12-09 08:37:09 INFO     loss:    260 1478 1.687796 92916.3
2025-12-09 08:37:09 INFO     Save checkpoint to family\grounding.pt
2025-12-09 08:37:13 INFO     loss:    270 1478 2.469645 96224.0
2025-12-09 08:37:13 INFO     Save checkpoint to family\grounding.pt
2025-12-09 08:37:17 INFO     loss:    280 1478 1.930847 96224.0
2025-12-09 08:37:17 INFO     Save checkpoint to family\grounding.pt
2025-12-09 08:37:20 INFO     loss:    290 1478 1.473254 96224.0
2025-12-09 08:37:20 INFO     Save checkpoint to family\grounding.pt
2025-12-09 08:37:21 INFO     loss:    300 1478 0.991644 96224.0
2025-12-09 08:37:21 INFO     Save checkpoint to family\grounding.pt
2025-12-09 08:37:25 INFO     loss:    310 1478 1.411728 96224.0
2025-12-09 08:37:25 INFO     Save checkpoint to family\grounding.pt
2025-12-09 08:37:28 INFO     loss:    320 1478 1.110781 96224.0
2025-12-09 08:37:28 INFO     Save checkpoint to family\grounding.pt
2025-12-09 08:37:29 INFO     loss:    330 1478 1.168535 87804.4
2025-12-09 08:37:29 INFO     Save checkpoint to family\grounding.pt
2025-12-09 08:37:32 INFO     loss:    340 1478 0.170314 96224.0
2025-12-09 08:37:32 INFO     Save checkpoint to family\grounding.pt
2025-12-09 08:37:35 INFO     loss:    350 1478 1.939495 96224.0
2025-12-09 08:37:35 INFO     Save checkpoint to family\grounding.pt
2025-12-09 08:37:39 INFO     loss:    360 1478 1.801646 96224.0
2025-12-09 08:37:39 INFO     Save checkpoint to family\grounding.pt
2025-12-09 08:37:40 INFO     loss:    370 1478 1.964525 96224.0
2025-12-09 08:37:40 INFO     Save checkpoint to family\grounding.pt
2025-12-09 08:37:43 INFO     loss:    380 1478 1.968814 89307.9
2025-12-09 08:37:43 INFO     Save checkpoint to family\grounding.pt
2025-12-09 08:37:47 INFO     loss:    390 1478 1.915513 87804.4
2025-12-09 08:37:47 INFO     Save checkpoint to family\grounding.pt
2025-12-09 08:37:50 INFO     loss:    400 1478 1.351296 96224.0
2025-12-09 08:37:50 INFO     Save checkpoint to family\grounding.pt
2025-12-09 08:37:51 INFO     loss:    410 1478 1.397565 96224.0
2025-12-09 08:37:51 INFO     Save checkpoint to family\grounding.pt
2025-12-09 08:37:54 INFO     loss:    420 1478 0.595461 96224.0
2025-12-09 08:37:54 INFO     Save checkpoint to family\grounding.pt
2025-12-09 08:37:58 INFO     loss:    430 1478 0.978056 96224.0
2025-12-09 08:37:58 INFO     Save checkpoint to family\grounding.pt
2025-12-09 08:37:59 INFO     loss:    440 1478 1.369217 88706.5
2025-12-09 08:37:59 INFO     Save checkpoint to family\grounding.pt
2025-12-09 08:38:02 INFO     loss:    450 1478 2.065715 96224.0
2025-12-09 08:38:02 INFO     Save checkpoint to family\grounding.pt
2025-12-09 08:38:05 INFO     loss:    460 1478 0.801189 96224.0
2025-12-09 08:38:05 INFO     Save checkpoint to family\grounding.pt
2025-12-09 08:38:06 INFO     loss:    470 1478 1.394893 96224.0
2025-12-09 08:38:06 INFO     Save checkpoint to family\grounding.pt
2025-12-09 08:38:10 INFO     loss:    480 1478 2.482680 96224.0
2025-12-09 08:38:10 INFO     Save checkpoint to family\grounding.pt
2025-12-09 08:38:14 INFO     loss:    490 1478 1.954722 96224.0
2025-12-09 08:38:14 INFO     Save checkpoint to family\grounding.pt
2025-12-09 08:38:17 INFO     loss:    500 1478 2.624913 96224.0
2025-12-09 08:38:17 INFO     Save checkpoint to family\grounding.pt
2025-12-09 08:38:21 INFO     loss:    510 1478 1.529498 96224.0
2025-12-09 08:38:21 INFO     Save checkpoint to family\grounding.pt
2025-12-09 08:38:22 INFO     loss:    520 1478 2.086475 96224.0
2025-12-09 08:38:22 INFO     Save checkpoint to family\grounding.pt
2025-12-09 08:38:26 INFO     loss:    530 1478 1.398117 96224.0
2025-12-09 08:38:26 INFO     Save checkpoint to family\grounding.pt
2025-12-09 08:38:29 INFO     loss:    540 1478 0.965536 96224.0
2025-12-09 08:38:29 INFO     Save checkpoint to family\grounding.pt
2025-12-09 08:38:33 INFO     loss:    550 1478 1.700427 96224.0
2025-12-09 08:38:33 INFO     Save checkpoint to family\grounding.pt
2025-12-09 08:38:33 INFO     loss:    560 1478 1.852138 96224.0
2025-12-09 08:38:33 INFO     Save checkpoint to family\grounding.pt
2025-12-09 08:38:37 INFO     loss:    570 1478 1.412058 96224.0
2025-12-09 08:38:37 INFO     Save checkpoint to family\grounding.pt
2025-12-09 08:38:41 INFO     loss:    580 1478 1.287631 96224.0
2025-12-09 08:38:41 INFO     Save checkpoint to family\grounding.pt
2025-12-09 08:38:41 INFO     loss:    590 1478 2.241997 96224.0
2025-12-09 08:38:41 INFO     Save checkpoint to family\grounding.pt
2025-12-09 08:38:45 INFO     loss:    600 1478 1.889519 96224.0
2025-12-09 08:38:45 INFO     Save checkpoint to family\grounding.pt
2025-12-09 08:38:48 INFO     loss:    610 1478 2.115907 96224.0
2025-12-09 08:38:48 INFO     Save checkpoint to family\grounding.pt
2025-12-09 08:38:49 INFO     loss:    620 1478 1.797461 96224.0
2025-12-09 08:38:49 INFO     Save checkpoint to family\grounding.pt
2025-12-09 08:38:52 INFO     loss:    630 1478 1.327175 96224.0
2025-12-09 08:38:52 INFO     Save checkpoint to family\grounding.pt
2025-12-09 08:38:56 INFO     loss:    640 1478 1.732570 91412.8
2025-12-09 08:38:56 INFO     Save checkpoint to family\grounding.pt
2025-12-09 08:38:56 INFO     loss:    650 1478 1.410091 96224.0
2025-12-09 08:38:56 INFO     Save checkpoint to family\grounding.pt
2025-12-09 08:39:00 INFO     loss:    660 1478 2.118162 93517.7
2025-12-09 08:39:00 INFO     Save checkpoint to family\grounding.pt
2025-12-09 08:39:03 INFO     loss:    670 1478 1.996720 96224.0
2025-12-09 08:39:03 INFO     Save checkpoint to family\grounding.pt
2025-12-09 08:39:04 INFO     loss:    680 1478 2.120542 96224.0
2025-12-09 08:39:04 INFO     Save checkpoint to family\grounding.pt
2025-12-09 08:39:07 INFO     loss:    690 1478 2.094408 96224.0
2025-12-09 08:39:07 INFO     Save checkpoint to family\grounding.pt
2025-12-09 08:39:11 INFO     loss:    700 1478 0.975437 96224.0
2025-12-09 08:39:11 INFO     Save checkpoint to family\grounding.pt
2025-12-09 08:39:11 INFO     loss:    710 1478 1.445219 96224.0
2025-12-09 08:39:11 INFO     Save checkpoint to family\grounding.pt
2025-12-09 08:39:15 INFO     loss:    720 1478 1.448849 96224.0
2025-12-09 08:39:15 INFO     Save checkpoint to family\grounding.pt
2025-12-09 08:39:19 INFO     loss:    730 1478 1.759111 96224.0
2025-12-09 08:39:19 INFO     Save checkpoint to family\grounding.pt
2025-12-09 08:39:19 INFO     loss:    740 1478 1.437666 87503.7
2025-12-09 08:39:19 INFO     Save checkpoint to family\grounding.pt
2025-12-09 08:39:22 INFO     loss:    750 1478 1.266457 96224.0
2025-12-09 08:39:22 INFO     Save checkpoint to family\grounding.pt
2025-12-09 08:39:26 INFO     loss:    760 1478 0.736024 96224.0
2025-12-09 08:39:26 INFO     Save checkpoint to family\grounding.pt
2025-12-09 08:39:30 INFO     loss:    770 1478 1.416628 96224.0
2025-12-09 08:39:30 INFO     Save checkpoint to family\grounding.pt
2025-12-09 08:39:30 INFO     loss:    780 1478 1.929953 96224.0
2025-12-09 08:39:30 INFO     Save checkpoint to family\grounding.pt
2025-12-09 08:39:34 INFO     loss:    790 1478 1.973881 96224.0
2025-12-09 08:39:34 INFO     Save checkpoint to family\grounding.pt
2025-12-09 08:39:37 INFO     loss:    800 1478 0.213591 87503.7
2025-12-09 08:39:37 INFO     Save checkpoint to family\grounding.pt
2025-12-09 08:39:38 INFO     loss:    810 1478 2.751638 96224.0
2025-12-09 08:39:38 INFO     Save checkpoint to family\grounding.pt
2025-12-09 08:39:41 INFO     loss:    820 1478 1.588996 96224.0
2025-12-09 08:39:41 INFO     Save checkpoint to family\grounding.pt
2025-12-09 08:39:45 INFO     loss:    830 1478 1.343588 96224.0
2025-12-09 08:39:45 INFO     Save checkpoint to family\grounding.pt
2025-12-09 08:39:45 INFO     loss:    840 1478 2.713427 96224.0
2025-12-09 08:39:45 INFO     Save checkpoint to family\grounding.pt
2025-12-09 08:39:49 INFO     loss:    850 1478 2.056597 88706.5
2025-12-09 08:39:49 INFO     Save checkpoint to family\grounding.pt
2025-12-09 08:39:52 INFO     loss:    860 1478 2.749829 96224.0
2025-12-09 08:39:52 INFO     Save checkpoint to family\grounding.pt
2025-12-09 08:39:56 INFO     loss:    870 1478 0.403080 96224.0
2025-12-09 08:39:56 INFO     Save checkpoint to family\grounding.pt
2025-12-09 08:39:56 INFO     loss:    880 1478 2.183757 96224.0
2025-12-09 08:39:56 INFO     Save checkpoint to family\grounding.pt
2025-12-09 08:40:00 INFO     loss:    890 1478 1.775612 96224.0
2025-12-09 08:40:00 INFO     Save checkpoint to family\grounding.pt
2025-12-09 08:40:03 INFO     loss:    900 1478 2.754955 96224.0
2025-12-09 08:40:03 INFO     Save checkpoint to family\grounding.pt
2025-12-09 08:40:07 INFO     loss:    910 1478 2.110771 96224.0
2025-12-09 08:40:07 INFO     Save checkpoint to family\grounding.pt
2025-12-09 08:40:08 INFO     loss:    920 1478 1.811145 96224.0
2025-12-09 08:40:08 INFO     Save checkpoint to family\grounding.pt
2025-12-09 08:40:11 INFO     loss:    930 1478 1.548667 92615.6
2025-12-09 08:40:11 INFO     Save checkpoint to family\grounding.pt
2025-12-09 08:40:15 INFO     loss:    940 1478 1.814440 96224.0
2025-12-09 08:40:15 INFO     Save checkpoint to family\grounding.pt
2025-12-09 08:40:19 INFO     loss:    950 1478 2.707859 96224.0
2025-12-09 08:40:19 INFO     Save checkpoint to family\grounding.pt
2025-12-09 08:40:22 INFO     loss:    960 1478 1.400745 96224.0
2025-12-09 08:40:22 INFO     Save checkpoint to family\grounding.pt
2025-12-09 08:40:26 INFO     loss:    970 1478 1.291314 96224.0
2025-12-09 08:40:26 INFO     Save checkpoint to family\grounding.pt
2025-12-09 08:40:30 INFO     loss:    980 1478 0.114633 89307.9
2025-12-09 08:40:30 INFO     Save checkpoint to family\grounding.pt
2025-12-09 08:40:30 INFO     loss:    990 1478 2.016716 96224.0
2025-12-09 08:40:30 INFO     Save checkpoint to family\grounding.pt
2025-12-09 08:40:34 INFO     loss:    1000 1478 0.787567 96224.0
2025-12-09 08:40:34 INFO     Save checkpoint to family\grounding.pt
2025-12-09 08:40:38 INFO     loss:    1010 1478 1.534953 96224.0
2025-12-09 08:40:38 INFO     Save checkpoint to family\grounding.pt
2025-12-09 08:40:41 INFO     loss:    1020 1478 1.388988 96224.0
2025-12-09 08:40:41 INFO     Save checkpoint to family\grounding.pt
2025-12-09 08:40:42 INFO     loss:    1030 1478 0.119501 96224.0
2025-12-09 08:40:42 INFO     Save checkpoint to family\grounding.pt
2025-12-09 08:40:45 INFO     loss:    1040 1478 2.216212 96224.0
2025-12-09 08:40:45 INFO     Save checkpoint to family\grounding.pt
2025-12-09 08:40:49 INFO     loss:    1050 1478 1.482516 96224.0
2025-12-09 08:40:49 INFO     Save checkpoint to family\grounding.pt
2025-12-09 08:40:49 INFO     loss:    1060 1478 1.978378 96224.0
2025-12-09 08:40:49 INFO     Save checkpoint to family\grounding.pt
2025-12-09 08:40:53 INFO     loss:    1070 1478 1.258774 96224.0
2025-12-09 08:40:53 INFO     Save checkpoint to family\grounding.pt
2025-12-09 08:40:56 INFO     loss:    1080 1478 1.952521 96224.0
2025-12-09 08:40:56 INFO     Save checkpoint to family\grounding.pt
2025-12-09 08:41:00 INFO     loss:    1090 1478 2.142851 96224.0
2025-12-09 08:41:00 INFO     Save checkpoint to family\grounding.pt
2025-12-09 08:41:01 INFO     loss:    1100 1478 2.048725 96224.0
2025-12-09 08:41:01 INFO     Save checkpoint to family\grounding.pt
2025-12-09 08:41:04 INFO     loss:    1110 1478 1.411748 96224.0
2025-12-09 08:41:04 INFO     Save checkpoint to family\grounding.pt
2025-12-09 08:41:08 INFO     loss:    1120 1478 2.148039 96224.0
2025-12-09 08:41:08 INFO     Save checkpoint to family\grounding.pt
2025-12-09 08:41:09 INFO     loss:    1130 1478 2.668317 96224.0
2025-12-09 08:41:09 INFO     Save checkpoint to family\grounding.pt
2025-12-09 08:41:12 INFO     loss:    1140 1478 1.613886 96224.0
2025-12-09 08:41:12 INFO     Save checkpoint to family\grounding.pt
2025-12-09 08:41:16 INFO     loss:    1150 1478 0.747708 96224.0
2025-12-09 08:41:16 INFO     Save checkpoint to family\grounding.pt
2025-12-09 08:41:17 INFO     loss:    1160 1478 1.476054 96224.0
2025-12-09 08:41:17 INFO     Save checkpoint to family\grounding.pt
2025-12-09 08:41:20 INFO     loss:    1170 1478 2.748797 95021.2
2025-12-09 08:41:20 INFO     Save checkpoint to family\grounding.pt
2025-12-09 08:41:23 INFO     loss:    1180 1478 1.602527 92916.3
2025-12-09 08:41:23 INFO     Save checkpoint to family\grounding.pt
2025-12-09 08:41:24 INFO     loss:    1190 1478 2.640813 96224.0
2025-12-09 08:41:24 INFO     Save checkpoint to family\grounding.pt
2025-12-09 08:41:28 INFO     loss:    1200 1478 1.286979 96224.0
2025-12-09 08:41:28 INFO     Save checkpoint to family\grounding.pt
2025-12-09 08:41:31 INFO     loss:    1210 1478 0.179367 96224.0
2025-12-09 08:41:31 INFO     Save checkpoint to family\grounding.pt
2025-12-09 08:41:32 INFO     loss:    1220 1478 0.650855 96224.0
2025-12-09 08:41:32 INFO     Save checkpoint to family\grounding.pt
2025-12-09 08:41:35 INFO     loss:    1230 1478 2.008232 96224.0
2025-12-09 08:41:35 INFO     Save checkpoint to family\grounding.pt
2025-12-09 08:41:39 INFO     loss:    1240 1478 1.873826 96224.0
2025-12-09 08:41:39 INFO     Save checkpoint to family\grounding.pt
2025-12-09 08:41:42 INFO     loss:    1250 1478 1.992157 95021.2
2025-12-09 08:41:42 INFO     Save checkpoint to family\grounding.pt
2025-12-09 08:41:43 INFO     loss:    1260 1478 1.633870 96224.0
2025-12-09 08:41:43 INFO     Save checkpoint to family\grounding.pt
2025-12-09 08:41:47 INFO     loss:    1270 1478 2.124417 96224.0
2025-12-09 08:41:47 INFO     Save checkpoint to family\grounding.pt
2025-12-09 08:41:50 INFO     loss:    1280 1478 1.978755 96224.0
2025-12-09 08:41:50 INFO     Save checkpoint to family\grounding.pt
2025-12-09 08:41:51 INFO     loss:    1290 1478 1.911075 96224.0
2025-12-09 08:41:51 INFO     Save checkpoint to family\grounding.pt
2025-12-09 08:41:54 INFO     loss:    1300 1478 1.415015 96224.0
2025-12-09 08:41:54 INFO     Save checkpoint to family\grounding.pt
2025-12-09 08:41:57 INFO     loss:    1310 1478 1.070414 96224.0
2025-12-09 08:41:57 INFO     Save checkpoint to family\grounding.pt
2025-12-09 08:42:01 INFO     loss:    1320 1478 1.953859 96224.0
2025-12-09 08:42:01 INFO     Save checkpoint to family\grounding.pt
2025-12-09 08:42:02 INFO     loss:    1330 1478 1.923898 96224.0
2025-12-09 08:42:02 INFO     Save checkpoint to family\grounding.pt
2025-12-09 08:42:05 INFO     loss:    1340 1478 1.954813 96224.0
2025-12-09 08:42:05 INFO     Save checkpoint to family\grounding.pt
2025-12-09 08:42:09 INFO     loss:    1350 1478 1.210438 96224.0
2025-12-09 08:42:09 INFO     Save checkpoint to family\grounding.pt
2025-12-09 08:42:09 INFO     loss:    1360 1478 0.733335 96224.0
2025-12-09 08:42:09 INFO     Save checkpoint to family\grounding.pt
2025-12-09 08:42:13 INFO     loss:    1370 1478 1.901141 91412.8
2025-12-09 08:42:13 INFO     Save checkpoint to family\grounding.pt
2025-12-09 08:42:17 INFO     loss:    1380 1478 0.982822 96224.0
2025-12-09 08:42:17 INFO     Save checkpoint to family\grounding.pt
2025-12-09 08:42:20 INFO     loss:    1390 1478 2.165762 96224.0
2025-12-09 08:42:20 INFO     Save checkpoint to family\grounding.pt
2025-12-09 08:42:21 INFO     loss:    1400 1478 2.124338 96224.0
2025-12-09 08:42:21 INFO     Save checkpoint to family\grounding.pt
2025-12-09 08:42:25 INFO     loss:    1410 1478 2.188514 96224.0
2025-12-09 08:42:25 INFO     Save checkpoint to family\grounding.pt
2025-12-09 08:42:28 INFO     loss:    1420 1478 2.189532 96224.0
2025-12-09 08:42:28 INFO     Save checkpoint to family\grounding.pt
2025-12-09 08:42:29 INFO     loss:    1430 1478 1.015057 96224.0
2025-12-09 08:42:29 INFO     Save checkpoint to family\grounding.pt
2025-12-09 08:42:32 INFO     loss:    1440 1478 1.273875 96224.0
2025-12-09 08:42:32 INFO     Save checkpoint to family\grounding.pt
2025-12-09 08:42:36 INFO     loss:    1450 1478 1.341980 96224.0
2025-12-09 08:42:36 INFO     Save checkpoint to family\grounding.pt
2025-12-09 08:42:40 INFO     loss:    1460 1478 2.047340 96224.0
2025-12-09 08:42:40 INFO     Save checkpoint to family\grounding.pt
2025-12-09 08:42:40 INFO     loss:    1470 1478 2.093451 96224.0
2025-12-09 08:42:40 INFO     Save checkpoint to family\grounding.pt
2025-12-09 08:42:44 INFO     >>>>> Predictor: Evaluating on valid
2025-12-09 08:43:15 INFO     Data : 4076
2025-12-09 08:43:15 INFO     Hit1 : 0.951668
2025-12-09 08:43:15 INFO     Hit3 : 0.984298
2025-12-09 08:43:15 INFO     Hit10: 0.988469
2025-12-09 08:43:15 INFO     MR   : 22.361874
2025-12-09 08:43:15 INFO     MRR  : 0.968489
2025-12-09 08:43:15 INFO     Save checkpoint to family\grounding.pt
2025-12-09 08:43:19 INFO     -------------------------
2025-12-09 08:43:19 INFO     | Iteration: 6/10
2025-12-09 08:43:19 INFO     -------------------------
2025-12-09 08:43:31 INFO     loss:    10 1478 1.891286 96224.0
2025-12-09 08:43:31 INFO     Save checkpoint to family\grounding.pt
2025-12-09 08:43:35 INFO     loss:    20 1478 2.122091 96224.0
2025-12-09 08:43:35 INFO     Save checkpoint to family\grounding.pt
2025-12-09 08:43:35 INFO     loss:    30 1478 2.469081 96224.0
2025-12-09 08:43:35 INFO     Save checkpoint to family\grounding.pt
2025-12-09 08:43:39 INFO     loss:    40 1478 0.206630 96224.0
2025-12-09 08:43:39 INFO     Save checkpoint to family\grounding.pt
2025-12-09 08:43:42 INFO     loss:    50 1478 0.585131 93517.7
2025-12-09 08:43:42 INFO     Save checkpoint to family\grounding.pt
2025-12-09 08:43:46 INFO     loss:    60 1478 1.549629 90210.0
2025-12-09 08:43:46 INFO     Save checkpoint to family\grounding.pt
2025-12-09 08:43:46 INFO     loss:    70 1478 1.423354 96224.0
2025-12-09 08:43:46 INFO     Save checkpoint to family\grounding.pt
2025-12-09 08:43:50 INFO     loss:    80 1478 1.965767 96224.0
2025-12-09 08:43:50 INFO     Save checkpoint to family\grounding.pt
2025-12-09 08:43:53 INFO     loss:    90 1478 2.603032 96224.0
2025-12-09 08:43:53 INFO     Save checkpoint to family\grounding.pt
2025-12-09 08:43:54 INFO     loss:    100 1478 1.439639 96224.0
2025-12-09 08:43:54 INFO     Save checkpoint to family\grounding.pt
2025-12-09 08:43:57 INFO     loss:    110 1478 1.419541 96224.0
2025-12-09 08:43:57 INFO     Save checkpoint to family\grounding.pt
2025-12-09 08:44:01 INFO     loss:    120 1478 1.215189 96224.0
2025-12-09 08:44:01 INFO     Save checkpoint to family\grounding.pt
2025-12-09 08:44:04 INFO     loss:    130 1478 1.302212 96224.0
2025-12-09 08:44:04 INFO     Save checkpoint to family\grounding.pt
2025-12-09 08:44:05 INFO     loss:    140 1478 1.306319 93818.4
2025-12-09 08:44:05 INFO     Save checkpoint to family\grounding.pt
2025-12-09 08:44:09 INFO     loss:    150 1478 2.019981 96224.0
2025-12-09 08:44:09 INFO     Save checkpoint to family\grounding.pt
2025-12-09 08:44:12 INFO     loss:    160 1478 1.361173 96224.0
2025-12-09 08:44:12 INFO     Save checkpoint to family\grounding.pt
2025-12-09 08:44:16 INFO     loss:    170 1478 0.156241 96224.0
2025-12-09 08:44:16 INFO     Save checkpoint to family\grounding.pt
2025-12-09 08:44:19 INFO     loss:    180 1478 1.911928 96224.0
2025-12-09 08:44:19 INFO     Save checkpoint to family\grounding.pt
2025-12-09 08:44:23 INFO     loss:    190 1478 1.378469 96224.0
2025-12-09 08:44:23 INFO     Save checkpoint to family\grounding.pt
2025-12-09 08:44:24 INFO     loss:    200 1478 1.690647 96224.0
2025-12-09 08:44:24 INFO     Save checkpoint to family\grounding.pt
2025-12-09 08:44:27 INFO     loss:    210 1478 2.244384 96224.0
2025-12-09 08:44:27 INFO     Save checkpoint to family\grounding.pt
2025-12-09 08:44:31 INFO     loss:    220 1478 2.032929 96224.0
2025-12-09 08:44:31 INFO     Save checkpoint to family\grounding.pt
2025-12-09 08:44:35 INFO     loss:    230 1478 1.273847 96224.0
2025-12-09 08:44:35 INFO     Save checkpoint to family\grounding.pt
2025-12-09 08:44:35 INFO     loss:    240 1478 1.026518 96224.0
2025-12-09 08:44:35 INFO     Save checkpoint to family\grounding.pt
2025-12-09 08:44:42 INFO     loss:    250 1478 1.951270 96224.0
2025-12-09 08:44:42 INFO     Save checkpoint to family\grounding.pt
2025-12-09 08:44:42 INFO     loss:    260 1478 1.659636 92916.3
2025-12-09 08:44:42 INFO     Save checkpoint to family\grounding.pt
2025-12-09 08:44:46 INFO     loss:    270 1478 2.456367 96224.0
2025-12-09 08:44:46 INFO     Save checkpoint to family\grounding.pt
2025-12-09 08:44:49 INFO     loss:    280 1478 1.898449 96224.0
2025-12-09 08:44:49 INFO     Save checkpoint to family\grounding.pt
2025-12-09 08:44:52 INFO     loss:    290 1478 1.409638 96224.0
2025-12-09 08:44:52 INFO     Save checkpoint to family\grounding.pt
2025-12-09 08:44:53 INFO     loss:    300 1478 0.828549 96224.0
2025-12-09 08:44:53 INFO     Save checkpoint to family\grounding.pt
2025-12-09 08:44:57 INFO     loss:    310 1478 1.384347 96224.0
2025-12-09 08:44:57 INFO     Save checkpoint to family\grounding.pt
2025-12-09 08:45:00 INFO     loss:    320 1478 1.038305 96224.0
2025-12-09 08:45:00 INFO     Save checkpoint to family\grounding.pt
2025-12-09 08:45:01 INFO     loss:    330 1478 1.094315 87804.4
2025-12-09 08:45:01 INFO     Save checkpoint to family\grounding.pt
2025-12-09 08:45:04 INFO     loss:    340 1478 0.120329 96224.0
2025-12-09 08:45:04 INFO     Save checkpoint to family\grounding.pt
2025-12-09 08:45:08 INFO     loss:    350 1478 1.921215 96224.0
2025-12-09 08:45:08 INFO     Save checkpoint to family\grounding.pt
2025-12-09 08:45:11 INFO     loss:    360 1478 1.735045 96224.0
2025-12-09 08:45:11 INFO     Save checkpoint to family\grounding.pt
2025-12-09 08:45:12 INFO     loss:    370 1478 1.934410 96224.0
2025-12-09 08:45:12 INFO     Save checkpoint to family\grounding.pt
2025-12-09 08:45:16 INFO     loss:    380 1478 1.947175 89307.9
2025-12-09 08:45:16 INFO     Save checkpoint to family\grounding.pt
2025-12-09 08:45:20 INFO     loss:    390 1478 1.884835 87804.4
2025-12-09 08:45:20 INFO     Save checkpoint to family\grounding.pt
2025-12-09 08:45:23 INFO     loss:    400 1478 1.330170 96224.0
2025-12-09 08:45:23 INFO     Save checkpoint to family\grounding.pt
2025-12-09 08:45:24 INFO     loss:    410 1478 1.372847 96224.0
2025-12-09 08:45:24 INFO     Save checkpoint to family\grounding.pt
2025-12-09 08:45:27 INFO     loss:    420 1478 0.513649 96224.0
2025-12-09 08:45:27 INFO     Save checkpoint to family\grounding.pt
2025-12-09 08:45:31 INFO     loss:    430 1478 0.950585 96224.0
2025-12-09 08:45:31 INFO     Save checkpoint to family\grounding.pt
2025-12-09 08:45:32 INFO     loss:    440 1478 1.337855 88706.5
2025-12-09 08:45:32 INFO     Save checkpoint to family\grounding.pt
2025-12-09 08:45:35 INFO     loss:    450 1478 2.028973 96224.0
2025-12-09 08:45:35 INFO     Save checkpoint to family\grounding.pt
2025-12-09 08:45:38 INFO     loss:    460 1478 0.693054 96224.0
2025-12-09 08:45:38 INFO     Save checkpoint to family\grounding.pt
2025-12-09 08:45:39 INFO     loss:    470 1478 1.378760 96224.0
2025-12-09 08:45:39 INFO     Save checkpoint to family\grounding.pt
2025-12-09 08:45:43 INFO     loss:    480 1478 2.444752 96224.0
2025-12-09 08:45:43 INFO     Save checkpoint to family\grounding.pt
2025-12-09 08:45:46 INFO     loss:    490 1478 1.923976 96224.0
2025-12-09 08:45:46 INFO     Save checkpoint to family\grounding.pt
2025-12-09 08:45:50 INFO     loss:    500 1478 2.605103 96224.0
2025-12-09 08:45:50 INFO     Save checkpoint to family\grounding.pt
2025-12-09 08:45:51 INFO     loss:    510 1478 1.486037 96224.0
2025-12-09 08:45:51 INFO     Save checkpoint to family\grounding.pt
2025-12-09 08:45:54 INFO     loss:    520 1478 2.033463 96224.0
2025-12-09 08:45:54 INFO     Save checkpoint to family\grounding.pt
2025-12-09 08:45:57 INFO     loss:    530 1478 1.369607 96224.0
2025-12-09 08:45:57 INFO     Save checkpoint to family\grounding.pt
2025-12-09 08:45:58 INFO     loss:    540 1478 0.902433 96224.0
2025-12-09 08:45:58 INFO     Save checkpoint to family\grounding.pt
2025-12-09 08:46:02 INFO     loss:    550 1478 1.681817 96224.0
2025-12-09 08:46:02 INFO     Save checkpoint to family\grounding.pt
2025-12-09 08:46:05 INFO     loss:    560 1478 1.822230 96224.0
2025-12-09 08:46:05 INFO     Save checkpoint to family\grounding.pt
2025-12-09 08:46:06 INFO     loss:    570 1478 1.362163 96224.0
2025-12-09 08:46:06 INFO     Save checkpoint to family\grounding.pt
2025-12-09 08:46:10 INFO     loss:    580 1478 1.237417 96224.0
2025-12-09 08:46:10 INFO     Save checkpoint to family\grounding.pt
2025-12-09 08:46:13 INFO     loss:    590 1478 2.220007 96224.0
2025-12-09 08:46:13 INFO     Save checkpoint to family\grounding.pt
2025-12-09 08:46:14 INFO     loss:    600 1478 1.855646 96224.0
2025-12-09 08:46:14 INFO     Save checkpoint to family\grounding.pt
2025-12-09 08:46:17 INFO     loss:    610 1478 2.100398 96224.0
2025-12-09 08:46:17 INFO     Save checkpoint to family\grounding.pt
2025-12-09 08:46:21 INFO     loss:    620 1478 1.776731 96224.0
2025-12-09 08:46:21 INFO     Save checkpoint to family\grounding.pt
2025-12-09 08:46:24 INFO     loss:    630 1478 1.278682 96224.0
2025-12-09 08:46:24 INFO     Save checkpoint to family\grounding.pt
2025-12-09 08:46:25 INFO     loss:    640 1478 1.710742 91412.8
2025-12-09 08:46:25 INFO     Save checkpoint to family\grounding.pt
2025-12-09 08:46:29 INFO     loss:    650 1478 1.274860 96224.0
2025-12-09 08:46:29 INFO     Save checkpoint to family\grounding.pt
2025-12-09 08:46:32 INFO     loss:    660 1478 2.095879 93517.7
2025-12-09 08:46:32 INFO     Save checkpoint to family\grounding.pt
2025-12-09 08:46:33 INFO     loss:    670 1478 1.985336 96224.0
2025-12-09 08:46:33 INFO     Save checkpoint to family\grounding.pt
2025-12-09 08:46:36 INFO     loss:    680 1478 2.119601 96224.0
2025-12-09 08:46:36 INFO     Save checkpoint to family\grounding.pt
2025-12-09 08:46:40 INFO     loss:    690 1478 2.039240 96224.0
2025-12-09 08:46:40 INFO     Save checkpoint to family\grounding.pt
2025-12-09 08:46:41 INFO     loss:    700 1478 0.861071 96224.0
2025-12-09 08:46:41 INFO     Save checkpoint to family\grounding.pt
2025-12-09 08:46:44 INFO     loss:    710 1478 1.407249 96224.0
2025-12-09 08:46:44 INFO     Save checkpoint to family\grounding.pt
2025-12-09 08:46:47 INFO     loss:    720 1478 1.407824 96224.0
2025-12-09 08:46:47 INFO     Save checkpoint to family\grounding.pt
2025-12-09 08:46:48 INFO     loss:    730 1478 1.708007 96224.0
2025-12-09 08:46:48 INFO     Save checkpoint to family\grounding.pt
2025-12-09 08:46:52 INFO     loss:    740 1478 1.395578 87503.7
2025-12-09 08:46:52 INFO     Save checkpoint to family\grounding.pt
2025-12-09 08:46:55 INFO     loss:    750 1478 1.236547 96224.0
2025-12-09 08:46:55 INFO     Save checkpoint to family\grounding.pt
2025-12-09 08:46:56 INFO     loss:    760 1478 0.654800 96224.0
2025-12-09 08:46:56 INFO     Save checkpoint to family\grounding.pt
2025-12-09 08:46:59 INFO     loss:    770 1478 1.378788 96224.0
2025-12-09 08:46:59 INFO     Save checkpoint to family\grounding.pt
2025-12-09 08:47:03 INFO     loss:    780 1478 1.880934 96224.0
2025-12-09 08:47:03 INFO     Save checkpoint to family\grounding.pt
2025-12-09 08:47:06 INFO     loss:    790 1478 1.921584 96224.0
2025-12-09 08:47:06 INFO     Save checkpoint to family\grounding.pt
2025-12-09 08:47:07 INFO     loss:    800 1478 0.162301 87503.7
2025-12-09 08:47:07 INFO     Save checkpoint to family\grounding.pt
2025-12-09 08:47:10 INFO     loss:    810 1478 2.735658 96224.0
2025-12-09 08:47:10 INFO     Save checkpoint to family\grounding.pt
2025-12-09 08:47:14 INFO     loss:    820 1478 1.569095 96224.0
2025-12-09 08:47:14 INFO     Save checkpoint to family\grounding.pt
2025-12-09 08:47:18 INFO     loss:    830 1478 1.298974 96224.0
2025-12-09 08:47:18 INFO     Save checkpoint to family\grounding.pt
2025-12-09 08:47:18 INFO     loss:    840 1478 2.704872 96224.0
2025-12-09 08:47:18 INFO     Save checkpoint to family\grounding.pt
2025-12-09 08:47:22 INFO     loss:    850 1478 2.050438 88706.5
2025-12-09 08:47:22 INFO     Save checkpoint to family\grounding.pt
2025-12-09 08:47:25 INFO     loss:    860 1478 2.721795 96224.0
2025-12-09 08:47:25 INFO     Save checkpoint to family\grounding.pt
2025-12-09 08:47:26 INFO     loss:    870 1478 0.340014 96224.0
2025-12-09 08:47:26 INFO     Save checkpoint to family\grounding.pt
2025-12-09 08:47:30 INFO     loss:    880 1478 2.124265 96224.0
2025-12-09 08:47:30 INFO     Save checkpoint to family\grounding.pt
2025-12-09 08:47:33 INFO     loss:    890 1478 1.733530 96224.0
2025-12-09 08:47:33 INFO     Save checkpoint to family\grounding.pt
2025-12-09 08:47:37 INFO     loss:    900 1478 2.735016 96224.0
2025-12-09 08:47:37 INFO     Save checkpoint to family\grounding.pt
2025-12-09 08:47:38 INFO     loss:    910 1478 2.057897 96224.0
2025-12-09 08:47:38 INFO     Save checkpoint to family\grounding.pt
2025-12-09 08:47:41 INFO     loss:    920 1478 1.769895 96224.0
2025-12-09 08:47:41 INFO     Save checkpoint to family\grounding.pt
2025-12-09 08:47:45 INFO     loss:    930 1478 1.511472 92615.6
2025-12-09 08:47:45 INFO     Save checkpoint to family\grounding.pt
2025-12-09 08:47:45 INFO     loss:    940 1478 1.768642 96224.0
2025-12-09 08:47:45 INFO     Save checkpoint to family\grounding.pt
2025-12-09 08:47:49 INFO     loss:    950 1478 2.690403 96224.0
2025-12-09 08:47:49 INFO     Save checkpoint to family\grounding.pt
2025-12-09 08:47:52 INFO     loss:    960 1478 1.367465 96224.0
2025-12-09 08:47:52 INFO     Save checkpoint to family\grounding.pt
2025-12-09 08:47:56 INFO     loss:    970 1478 1.252591 96224.0
2025-12-09 08:47:56 INFO     Save checkpoint to family\grounding.pt
2025-12-09 08:47:57 INFO     loss:    980 1478 0.078843 89307.9
2025-12-09 08:47:57 INFO     Save checkpoint to family\grounding.pt
2025-12-09 08:48:00 INFO     loss:    990 1478 1.994260 96224.0
2025-12-09 08:48:00 INFO     Save checkpoint to family\grounding.pt
2025-12-09 08:48:04 INFO     loss:    1000 1478 0.738226 96224.0
2025-12-09 08:48:04 INFO     Save checkpoint to family\grounding.pt
2025-12-09 08:48:07 INFO     loss:    1010 1478 1.510880 96224.0
2025-12-09 08:48:07 INFO     Save checkpoint to family\grounding.pt
2025-12-09 08:48:08 INFO     loss:    1020 1478 1.353334 96224.0
2025-12-09 08:48:08 INFO     Save checkpoint to family\grounding.pt
2025-12-09 08:48:12 INFO     loss:    1030 1478 0.073262 96224.0
2025-12-09 08:48:12 INFO     Save checkpoint to family\grounding.pt
2025-12-09 08:48:15 INFO     loss:    1040 1478 2.184701 96224.0
2025-12-09 08:48:15 INFO     Save checkpoint to family\grounding.pt
2025-12-09 08:48:16 INFO     loss:    1050 1478 1.450731 96224.0
2025-12-09 08:48:16 INFO     Save checkpoint to family\grounding.pt
2025-12-09 08:48:19 INFO     loss:    1060 1478 1.960966 96224.0
2025-12-09 08:48:19 INFO     Save checkpoint to family\grounding.pt
2025-12-09 08:48:23 INFO     loss:    1070 1478 1.213239 96224.0
2025-12-09 08:48:23 INFO     Save checkpoint to family\grounding.pt
2025-12-09 08:48:27 INFO     loss:    1080 1478 1.919709 96224.0
2025-12-09 08:48:27 INFO     Save checkpoint to family\grounding.pt
2025-12-09 08:48:27 INFO     loss:    1090 1478 2.120042 96224.0
2025-12-09 08:48:27 INFO     Save checkpoint to family\grounding.pt
2025-12-09 08:48:31 INFO     loss:    1100 1478 2.032871 96224.0
2025-12-09 08:48:31 INFO     Save checkpoint to family\grounding.pt
2025-12-09 08:48:35 INFO     loss:    1110 1478 1.374806 96224.0
2025-12-09 08:48:35 INFO     Save checkpoint to family\grounding.pt
2025-12-09 08:48:35 INFO     loss:    1120 1478 2.095226 96224.0
2025-12-09 08:48:35 INFO     Save checkpoint to family\grounding.pt
2025-12-09 08:48:39 INFO     loss:    1130 1478 2.644670 96224.0
2025-12-09 08:48:39 INFO     Save checkpoint to family\grounding.pt
2025-12-09 08:48:42 INFO     loss:    1140 1478 1.589700 96224.0
2025-12-09 08:48:42 INFO     Save checkpoint to family\grounding.pt
2025-12-09 08:48:46 INFO     loss:    1150 1478 0.687411 96224.0
2025-12-09 08:48:46 INFO     Save checkpoint to family\grounding.pt
2025-12-09 08:48:47 INFO     loss:    1160 1478 1.432178 96224.0
2025-12-09 08:48:47 INFO     Save checkpoint to family\grounding.pt
2025-12-09 08:48:50 INFO     loss:    1170 1478 2.725549 95021.2
2025-12-09 08:48:50 INFO     Save checkpoint to family\grounding.pt
2025-12-09 08:48:54 INFO     loss:    1180 1478 1.575189 92916.3
2025-12-09 08:48:54 INFO     Save checkpoint to family\grounding.pt
2025-12-09 08:48:57 INFO     loss:    1190 1478 2.619206 96224.0
2025-12-09 08:48:57 INFO     Save checkpoint to family\grounding.pt
2025-12-09 08:48:58 INFO     loss:    1200 1478 1.256491 96224.0
2025-12-09 08:48:58 INFO     Save checkpoint to family\grounding.pt
2025-12-09 08:49:02 INFO     loss:    1210 1478 0.143785 96224.0
2025-12-09 08:49:02 INFO     Save checkpoint to family\grounding.pt
2025-12-09 08:49:05 INFO     loss:    1220 1478 0.570242 96224.0
2025-12-09 08:49:05 INFO     Save checkpoint to family\grounding.pt
2025-12-09 08:49:09 INFO     loss:    1230 1478 1.984125 96224.0
2025-12-09 08:49:09 INFO     Save checkpoint to family\grounding.pt
2025-12-09 08:49:09 INFO     loss:    1240 1478 1.855392 96224.0
2025-12-09 08:49:09 INFO     Save checkpoint to family\grounding.pt
2025-12-09 08:49:13 INFO     loss:    1250 1478 1.981315 95021.2
2025-12-09 08:49:13 INFO     Save checkpoint to family\grounding.pt
2025-12-09 08:49:17 INFO     loss:    1260 1478 1.592862 96224.0
2025-12-09 08:49:17 INFO     Save checkpoint to family\grounding.pt
2025-12-09 08:49:20 INFO     loss:    1270 1478 2.117346 96224.0
2025-12-09 08:49:20 INFO     Save checkpoint to family\grounding.pt
2025-12-09 08:49:21 INFO     loss:    1280 1478 1.946623 96224.0
2025-12-09 08:49:21 INFO     Save checkpoint to family\grounding.pt
2025-12-09 08:49:24 INFO     loss:    1290 1478 1.888158 96224.0
2025-12-09 08:49:24 INFO     Save checkpoint to family\grounding.pt
2025-12-09 08:49:28 INFO     loss:    1300 1478 1.379714 96224.0
2025-12-09 08:49:28 INFO     Save checkpoint to family\grounding.pt
2025-12-09 08:49:28 INFO     loss:    1310 1478 1.012903 96224.0
2025-12-09 08:49:28 INFO     Save checkpoint to family\grounding.pt
2025-12-09 08:49:32 INFO     loss:    1320 1478 1.917122 96224.0
2025-12-09 08:49:32 INFO     Save checkpoint to family\grounding.pt
2025-12-09 08:49:35 INFO     loss:    1330 1478 1.908645 96224.0
2025-12-09 08:49:35 INFO     Save checkpoint to family\grounding.pt
2025-12-09 08:49:39 INFO     loss:    1340 1478 1.924803 96224.0
2025-12-09 08:49:39 INFO     Save checkpoint to family\grounding.pt
2025-12-09 08:49:40 INFO     loss:    1350 1478 1.186077 96224.0
2025-12-09 08:49:40 INFO     Save checkpoint to family\grounding.pt
2025-12-09 08:49:43 INFO     loss:    1360 1478 0.687871 96224.0
2025-12-09 08:49:43 INFO     Save checkpoint to family\grounding.pt
2025-12-09 08:49:46 INFO     loss:    1370 1478 1.856229 91412.8
2025-12-09 08:49:46 INFO     Save checkpoint to family\grounding.pt
2025-12-09 08:49:47 INFO     loss:    1380 1478 0.952671 96224.0
2025-12-09 08:49:47 INFO     Save checkpoint to family\grounding.pt
2025-12-09 08:49:51 INFO     loss:    1390 1478 2.129203 96224.0
2025-12-09 08:49:51 INFO     Save checkpoint to family\grounding.pt
2025-12-09 08:49:54 INFO     loss:    1400 1478 2.098669 96224.0
2025-12-09 08:49:54 INFO     Save checkpoint to family\grounding.pt
2025-12-09 08:49:55 INFO     loss:    1410 1478 2.178709 96224.0
2025-12-09 08:49:55 INFO     Save checkpoint to family\grounding.pt
2025-12-09 08:49:59 INFO     loss:    1420 1478 2.182291 96224.0
2025-12-09 08:49:59 INFO     Save checkpoint to family\grounding.pt
2025-12-09 08:50:02 INFO     loss:    1430 1478 0.979049 96224.0
2025-12-09 08:50:02 INFO     Save checkpoint to family\grounding.pt
2025-12-09 08:50:05 INFO     loss:    1440 1478 1.243357 96224.0
2025-12-09 08:50:05 INFO     Save checkpoint to family\grounding.pt
2025-12-09 08:50:06 INFO     loss:    1450 1478 1.309172 96224.0
2025-12-09 08:50:06 INFO     Save checkpoint to family\grounding.pt
2025-12-09 08:50:10 INFO     loss:    1460 1478 2.029683 96224.0
2025-12-09 08:50:10 INFO     Save checkpoint to family\grounding.pt
2025-12-09 08:50:13 INFO     loss:    1470 1478 2.048410 96224.0
2025-12-09 08:50:13 INFO     Save checkpoint to family\grounding.pt
2025-12-09 08:50:17 INFO     >>>>> Predictor: Evaluating on valid
2025-12-09 08:50:55 INFO     Data : 4076
2025-12-09 08:50:55 INFO     Hit1 : 0.954367
2025-12-09 08:50:55 INFO     Hit3 : 0.985280
2025-12-09 08:50:55 INFO     Hit10: 0.988960
2025-12-09 08:50:55 INFO     MR   : 22.356477
2025-12-09 08:50:55 INFO     MRR  : 0.970202
2025-12-09 08:50:55 INFO     Save checkpoint to family\grounding.pt
2025-12-09 08:50:55 INFO     -------------------------
2025-12-09 08:50:55 INFO     | Iteration: 7/10
2025-12-09 08:50:55 INFO     -------------------------
2025-12-09 08:51:08 INFO     loss:    10 1478 1.862297 96224.0
2025-12-09 08:51:08 INFO     Save checkpoint to family\grounding.pt
2025-12-09 08:51:11 INFO     loss:    20 1478 2.117325 96224.0
2025-12-09 08:51:11 INFO     Save checkpoint to family\grounding.pt
2025-12-09 08:51:15 INFO     loss:    30 1478 2.447470 96224.0
2025-12-09 08:51:15 INFO     Save checkpoint to family\grounding.pt
2025-12-09 08:51:16 INFO     loss:    40 1478 0.171140 96224.0
2025-12-09 08:51:16 INFO     Save checkpoint to family\grounding.pt
2025-12-09 08:51:19 INFO     loss:    50 1478 0.539527 93517.7
2025-12-09 08:51:19 INFO     Save checkpoint to family\grounding.pt
2025-12-09 08:51:23 INFO     loss:    60 1478 1.520613 90210.0
2025-12-09 08:51:23 INFO     Save checkpoint to family\grounding.pt
2025-12-09 08:51:26 INFO     loss:    70 1478 1.399208 96224.0
2025-12-09 08:51:26 INFO     Save checkpoint to family\grounding.pt
2025-12-09 08:51:27 INFO     loss:    80 1478 1.952883 96224.0
2025-12-09 08:51:27 INFO     Save checkpoint to family\grounding.pt
2025-12-09 08:51:31 INFO     loss:    90 1478 2.591283 96224.0
2025-12-09 08:51:31 INFO     Save checkpoint to family\grounding.pt
2025-12-09 08:51:34 INFO     loss:    100 1478 1.424877 96224.0
2025-12-09 08:51:34 INFO     Save checkpoint to family\grounding.pt
2025-12-09 08:51:38 INFO     loss:    110 1478 1.402718 96224.0
2025-12-09 08:51:38 INFO     Save checkpoint to family\grounding.pt
2025-12-09 08:51:39 INFO     loss:    120 1478 1.180100 96224.0
2025-12-09 08:51:39 INFO     Save checkpoint to family\grounding.pt
2025-12-09 08:51:42 INFO     loss:    130 1478 1.278525 96224.0
2025-12-09 08:51:42 INFO     Save checkpoint to family\grounding.pt
2025-12-09 08:51:45 INFO     loss:    140 1478 1.222170 93818.4
2025-12-09 08:51:45 INFO     Save checkpoint to family\grounding.pt
2025-12-09 08:51:46 INFO     loss:    150 1478 1.998965 96224.0
2025-12-09 08:51:46 INFO     Save checkpoint to family\grounding.pt
2025-12-09 08:51:50 INFO     loss:    160 1478 1.342356 96224.0
2025-12-09 08:51:50 INFO     Save checkpoint to family\grounding.pt
2025-12-09 08:51:53 INFO     loss:    170 1478 0.115345 96224.0
2025-12-09 08:51:53 INFO     Save checkpoint to family\grounding.pt
2025-12-09 08:51:54 INFO     loss:    180 1478 1.893931 96224.0
2025-12-09 08:51:54 INFO     Save checkpoint to family\grounding.pt
2025-12-09 08:51:57 INFO     loss:    190 1478 1.374445 96224.0
2025-12-09 08:51:57 INFO     Save checkpoint to family\grounding.pt
2025-12-09 08:52:01 INFO     loss:    200 1478 1.686895 96224.0
2025-12-09 08:52:01 INFO     Save checkpoint to family\grounding.pt
2025-12-09 08:52:02 INFO     loss:    210 1478 2.213020 96224.0
2025-12-09 08:52:02 INFO     Save checkpoint to family\grounding.pt
2025-12-09 08:52:05 INFO     loss:    220 1478 2.012216 96224.0
2025-12-09 08:52:05 INFO     Save checkpoint to family\grounding.pt
2025-12-09 08:52:09 INFO     loss:    230 1478 1.260053 96224.0
2025-12-09 08:52:09 INFO     Save checkpoint to family\grounding.pt
2025-12-09 08:52:13 INFO     loss:    240 1478 1.006601 96224.0
2025-12-09 08:52:13 INFO     Save checkpoint to family\grounding.pt
2025-12-09 08:52:16 INFO     loss:    250 1478 1.942357 96224.0
2025-12-09 08:52:16 INFO     Save checkpoint to family\grounding.pt
2025-12-09 08:52:20 INFO     loss:    260 1478 1.639481 92916.3
2025-12-09 08:52:20 INFO     Save checkpoint to family\grounding.pt
2025-12-09 08:52:24 INFO     loss:    270 1478 2.446001 96224.0
2025-12-09 08:52:24 INFO     Save checkpoint to family\grounding.pt
2025-12-09 08:52:27 INFO     loss:    280 1478 1.874981 96224.0
2025-12-09 08:52:27 INFO     Save checkpoint to family\grounding.pt
2025-12-09 08:52:28 INFO     loss:    290 1478 1.373346 96224.0
2025-12-09 08:52:28 INFO     Save checkpoint to family\grounding.pt
2025-12-09 08:52:32 INFO     loss:    300 1478 0.739182 96224.0
2025-12-09 08:52:32 INFO     Save checkpoint to family\grounding.pt
2025-12-09 08:52:35 INFO     loss:    310 1478 1.365946 96224.0
2025-12-09 08:52:35 INFO     Save checkpoint to family\grounding.pt
2025-12-09 08:52:38 INFO     loss:    320 1478 0.989373 96224.0
2025-12-09 08:52:38 INFO     Save checkpoint to family\grounding.pt
2025-12-09 08:52:39 INFO     loss:    330 1478 1.060213 87804.4
2025-12-09 08:52:39 INFO     Save checkpoint to family\grounding.pt
2025-12-09 08:52:43 INFO     loss:    340 1478 0.095934 96224.0
2025-12-09 08:52:43 INFO     Save checkpoint to family\grounding.pt
2025-12-09 08:52:46 INFO     loss:    350 1478 1.906604 96224.0
2025-12-09 08:52:46 INFO     Save checkpoint to family\grounding.pt
2025-12-09 08:52:50 INFO     loss:    360 1478 1.690814 96224.0
2025-12-09 08:52:50 INFO     Save checkpoint to family\grounding.pt
2025-12-09 08:52:51 INFO     loss:    370 1478 1.912454 96224.0
2025-12-09 08:52:51 INFO     Save checkpoint to family\grounding.pt
2025-12-09 08:52:54 INFO     loss:    380 1478 1.930439 89307.9
2025-12-09 08:52:54 INFO     Save checkpoint to family\grounding.pt
2025-12-09 08:52:58 INFO     loss:    390 1478 1.863632 87804.4
2025-12-09 08:52:58 INFO     Save checkpoint to family\grounding.pt
2025-12-09 08:53:01 INFO     loss:    400 1478 1.316022 96224.0
2025-12-09 08:53:01 INFO     Save checkpoint to family\grounding.pt
2025-12-09 08:53:05 INFO     loss:    410 1478 1.350305 96224.0
2025-12-09 08:53:05 INFO     Save checkpoint to family\grounding.pt
2025-12-09 08:53:06 INFO     loss:    420 1478 0.461188 96224.0
2025-12-09 08:53:06 INFO     Save checkpoint to family\grounding.pt
2025-12-09 08:53:09 INFO     loss:    430 1478 0.946418 96224.0
2025-12-09 08:53:09 INFO     Save checkpoint to family\grounding.pt
2025-12-09 08:53:13 INFO     loss:    440 1478 1.317566 88706.5
2025-12-09 08:53:13 INFO     Save checkpoint to family\grounding.pt
2025-12-09 08:53:14 INFO     loss:    450 1478 2.003373 96224.0
2025-12-09 08:53:14 INFO     Save checkpoint to family\grounding.pt
2025-12-09 08:53:17 INFO     loss:    460 1478 0.630695 96224.0
2025-12-09 08:53:17 INFO     Save checkpoint to family\grounding.pt
2025-12-09 08:53:21 INFO     loss:    470 1478 1.374918 96224.0
2025-12-09 08:53:21 INFO     Save checkpoint to family\grounding.pt
2025-12-09 08:53:24 INFO     loss:    480 1478 2.418242 96224.0
2025-12-09 08:53:24 INFO     Save checkpoint to family\grounding.pt
2025-12-09 08:53:25 INFO     loss:    490 1478 1.902334 96224.0
2025-12-09 08:53:25 INFO     Save checkpoint to family\grounding.pt
2025-12-09 08:53:29 INFO     loss:    500 1478 2.590859 96224.0
2025-12-09 08:53:29 INFO     Save checkpoint to family\grounding.pt
2025-12-09 08:53:32 INFO     loss:    510 1478 1.457811 96224.0
2025-12-09 08:53:32 INFO     Save checkpoint to family\grounding.pt
2025-12-09 08:53:33 INFO     loss:    520 1478 1.995134 96224.0
2025-12-09 08:53:33 INFO     Save checkpoint to family\grounding.pt
2025-12-09 08:53:36 INFO     loss:    530 1478 1.349798 96224.0
2025-12-09 08:53:36 INFO     Save checkpoint to family\grounding.pt
2025-12-09 08:53:40 INFO     loss:    540 1478 0.853355 96224.0
2025-12-09 08:53:40 INFO     Save checkpoint to family\grounding.pt
2025-12-09 08:53:43 INFO     loss:    550 1478 1.673339 96224.0
2025-12-09 08:53:43 INFO     Save checkpoint to family\grounding.pt
2025-12-09 08:53:44 INFO     loss:    560 1478 1.802699 96224.0
2025-12-09 08:53:44 INFO     Save checkpoint to family\grounding.pt
2025-12-09 08:53:47 INFO     loss:    570 1478 1.335147 96224.0
2025-12-09 08:53:47 INFO     Save checkpoint to family\grounding.pt
2025-12-09 08:53:51 INFO     loss:    580 1478 1.200868 96224.0
2025-12-09 08:53:51 INFO     Save checkpoint to family\grounding.pt
2025-12-09 08:53:52 INFO     loss:    590 1478 2.204380 96224.0
2025-12-09 08:53:52 INFO     Save checkpoint to family\grounding.pt
2025-12-09 08:53:55 INFO     loss:    600 1478 1.822169 96224.0
2025-12-09 08:53:55 INFO     Save checkpoint to family\grounding.pt
2025-12-09 08:53:59 INFO     loss:    610 1478 2.087450 96224.0
2025-12-09 08:53:59 INFO     Save checkpoint to family\grounding.pt
2025-12-09 08:54:00 INFO     loss:    620 1478 1.761959 96224.0
2025-12-09 08:54:00 INFO     Save checkpoint to family\grounding.pt
2025-12-09 08:54:03 INFO     loss:    630 1478 1.248390 96224.0
2025-12-09 08:54:03 INFO     Save checkpoint to family\grounding.pt
2025-12-09 08:54:06 INFO     loss:    640 1478 1.694747 91412.8
2025-12-09 08:54:06 INFO     Save checkpoint to family\grounding.pt
2025-12-09 08:54:07 INFO     loss:    650 1478 1.176681 96224.0
2025-12-09 08:54:07 INFO     Save checkpoint to family\grounding.pt
2025-12-09 08:54:11 INFO     loss:    660 1478 2.076515 93517.7
2025-12-09 08:54:11 INFO     Save checkpoint to family\grounding.pt
2025-12-09 08:54:14 INFO     loss:    670 1478 1.978909 96224.0
2025-12-09 08:54:14 INFO     Save checkpoint to family\grounding.pt
2025-12-09 08:54:15 INFO     loss:    680 1478 2.120380 96224.0
2025-12-09 08:54:15 INFO     Save checkpoint to family\grounding.pt
2025-12-09 08:54:19 INFO     loss:    690 1478 1.997007 96224.0
2025-12-09 08:54:19 INFO     Save checkpoint to family\grounding.pt
2025-12-09 08:54:22 INFO     loss:    700 1478 0.794524 96224.0
2025-12-09 08:54:22 INFO     Save checkpoint to family\grounding.pt
2025-12-09 08:54:23 INFO     loss:    710 1478 1.382679 96224.0
2025-12-09 08:54:23 INFO     Save checkpoint to family\grounding.pt
2025-12-09 08:54:26 INFO     loss:    720 1478 1.375294 96224.0
2025-12-09 08:54:26 INFO     Save checkpoint to family\grounding.pt
2025-12-09 08:54:29 INFO     loss:    730 1478 1.671993 96224.0
2025-12-09 08:54:29 INFO     Save checkpoint to family\grounding.pt
2025-12-09 08:54:30 INFO     loss:    740 1478 1.360514 87503.7
2025-12-09 08:54:30 INFO     Save checkpoint to family\grounding.pt
2025-12-09 08:54:33 INFO     loss:    750 1478 1.217420 96224.0
2025-12-09 08:54:33 INFO     Save checkpoint to family\grounding.pt
2025-12-09 08:54:37 INFO     loss:    760 1478 0.615192 96224.0
2025-12-09 08:54:37 INFO     Save checkpoint to family\grounding.pt
2025-12-09 08:54:41 INFO     loss:    770 1478 1.360835 96224.0
2025-12-09 08:54:41 INFO     Save checkpoint to family\grounding.pt
2025-12-09 08:54:41 INFO     loss:    780 1478 1.845863 96224.0
2025-12-09 08:54:41 INFO     Save checkpoint to family\grounding.pt
2025-12-09 08:54:45 INFO     loss:    790 1478 1.864826 96224.0
2025-12-09 08:54:45 INFO     Save checkpoint to family\grounding.pt
2025-12-09 08:54:49 INFO     loss:    800 1478 0.132050 87503.7
2025-12-09 08:54:49 INFO     Save checkpoint to family\grounding.pt
2025-12-09 08:54:52 INFO     loss:    810 1478 2.720717 96224.0
2025-12-09 08:54:52 INFO     Save checkpoint to family\grounding.pt
2025-12-09 08:54:53 INFO     loss:    820 1478 1.549955 96224.0
2025-12-09 08:54:53 INFO     Save checkpoint to family\grounding.pt
2025-12-09 08:54:57 INFO     loss:    830 1478 1.272755 96224.0
2025-12-09 08:54:57 INFO     Save checkpoint to family\grounding.pt
2025-12-09 08:55:00 INFO     loss:    840 1478 2.697601 96224.0
2025-12-09 08:55:00 INFO     Save checkpoint to family\grounding.pt
2025-12-09 08:55:01 INFO     loss:    850 1478 2.047454 88706.5
2025-12-09 08:55:01 INFO     Save checkpoint to family\grounding.pt
2025-12-09 08:55:05 INFO     loss:    860 1478 2.695480 96224.0
2025-12-09 08:55:05 INFO     Save checkpoint to family\grounding.pt
2025-12-09 08:55:08 INFO     loss:    870 1478 0.307276 96224.0
2025-12-09 08:55:08 INFO     Save checkpoint to family\grounding.pt
2025-12-09 08:55:09 INFO     loss:    880 1478 2.074254 96224.0
2025-12-09 08:55:09 INFO     Save checkpoint to family\grounding.pt
2025-12-09 08:55:12 INFO     loss:    890 1478 1.705747 96224.0
2025-12-09 08:55:12 INFO     Save checkpoint to family\grounding.pt
2025-12-09 08:55:16 INFO     loss:    900 1478 2.717856 96224.0
2025-12-09 08:55:16 INFO     Save checkpoint to family\grounding.pt
2025-12-09 08:55:20 INFO     loss:    910 1478 2.017275 96224.0
2025-12-09 08:55:20 INFO     Save checkpoint to family\grounding.pt
2025-12-09 08:55:20 INFO     loss:    920 1478 1.727992 96224.0
2025-12-09 08:55:20 INFO     Save checkpoint to family\grounding.pt
2025-12-09 08:55:24 INFO     loss:    930 1478 1.482602 92615.6
2025-12-09 08:55:24 INFO     Save checkpoint to family\grounding.pt
2025-12-09 08:55:28 INFO     loss:    940 1478 1.736792 96224.0
2025-12-09 08:55:28 INFO     Save checkpoint to family\grounding.pt
2025-12-09 08:55:31 INFO     loss:    950 1478 2.674396 96224.0
2025-12-09 08:55:31 INFO     Save checkpoint to family\grounding.pt
2025-12-09 08:55:32 INFO     loss:    960 1478 1.343202 96224.0
2025-12-09 08:55:32 INFO     Save checkpoint to family\grounding.pt
2025-12-09 08:55:35 INFO     loss:    970 1478 1.228797 96224.0
2025-12-09 08:55:35 INFO     Save checkpoint to family\grounding.pt
2025-12-09 08:55:39 INFO     loss:    980 1478 0.059278 89307.9
2025-12-09 08:55:39 INFO     Save checkpoint to family\grounding.pt
2025-12-09 08:55:40 INFO     loss:    990 1478 1.978105 96224.0
2025-12-09 08:55:40 INFO     Save checkpoint to family\grounding.pt
2025-12-09 08:55:43 INFO     loss:    1000 1478 0.725173 96224.0
2025-12-09 08:55:43 INFO     Save checkpoint to family\grounding.pt
2025-12-09 08:55:47 INFO     loss:    1010 1478 1.496487 96224.0
2025-12-09 08:55:47 INFO     Save checkpoint to family\grounding.pt
2025-12-09 08:55:47 INFO     loss:    1020 1478 1.322580 96224.0
2025-12-09 08:55:47 INFO     Save checkpoint to family\grounding.pt
2025-12-09 08:55:51 INFO     loss:    1030 1478 0.047403 96224.0
2025-12-09 08:55:51 INFO     Save checkpoint to family\grounding.pt
2025-12-09 08:55:55 INFO     loss:    1040 1478 2.160977 96224.0
2025-12-09 08:55:55 INFO     Save checkpoint to family\grounding.pt
2025-12-09 08:55:58 INFO     loss:    1050 1478 1.425734 96224.0
2025-12-09 08:55:58 INFO     Save checkpoint to family\grounding.pt
2025-12-09 08:55:59 INFO     loss:    1060 1478 1.947794 96224.0
2025-12-09 08:55:59 INFO     Save checkpoint to family\grounding.pt
2025-12-09 08:56:02 INFO     loss:    1070 1478 1.184486 96224.0
2025-12-09 08:56:02 INFO     Save checkpoint to family\grounding.pt
2025-12-09 08:56:06 INFO     loss:    1080 1478 1.895523 96224.0
2025-12-09 08:56:06 INFO     Save checkpoint to family\grounding.pt
2025-12-09 08:56:07 INFO     loss:    1090 1478 2.101099 96224.0
2025-12-09 08:56:07 INFO     Save checkpoint to family\grounding.pt
2025-12-09 08:56:10 INFO     loss:    1100 1478 2.016386 96224.0
2025-12-09 08:56:10 INFO     Save checkpoint to family\grounding.pt
2025-12-09 08:56:14 INFO     loss:    1110 1478 1.337767 96224.0
2025-12-09 08:56:14 INFO     Save checkpoint to family\grounding.pt
2025-12-09 08:56:17 INFO     loss:    1120 1478 2.048083 96224.0
2025-12-09 08:56:17 INFO     Save checkpoint to family\grounding.pt
2025-12-09 08:56:18 INFO     loss:    1130 1478 2.629539 96224.0
2025-12-09 08:56:18 INFO     Save checkpoint to family\grounding.pt
2025-12-09 08:56:22 INFO     loss:    1140 1478 1.569248 96224.0
2025-12-09 08:56:22 INFO     Save checkpoint to family\grounding.pt
2025-12-09 08:56:25 INFO     loss:    1150 1478 0.659802 96224.0
2025-12-09 08:56:25 INFO     Save checkpoint to family\grounding.pt
2025-12-09 08:56:29 INFO     loss:    1160 1478 1.398975 96224.0
2025-12-09 08:56:29 INFO     Save checkpoint to family\grounding.pt
2025-12-09 08:56:29 INFO     loss:    1170 1478 2.710005 95021.2
2025-12-09 08:56:29 INFO     Save checkpoint to family\grounding.pt
2025-12-09 08:56:33 INFO     loss:    1180 1478 1.555221 92916.3
2025-12-09 08:56:33 INFO     Save checkpoint to family\grounding.pt
2025-12-09 08:56:37 INFO     loss:    1190 1478 2.599715 96224.0
2025-12-09 08:56:37 INFO     Save checkpoint to family\grounding.pt
2025-12-09 08:56:37 INFO     loss:    1200 1478 1.236556 96224.0
2025-12-09 08:56:37 INFO     Save checkpoint to family\grounding.pt
2025-12-09 08:56:41 INFO     loss:    1210 1478 0.117473 96224.0
2025-12-09 08:56:41 INFO     Save checkpoint to family\grounding.pt
2025-12-09 08:56:44 INFO     loss:    1220 1478 0.534033 96224.0
2025-12-09 08:56:44 INFO     Save checkpoint to family\grounding.pt
2025-12-09 08:56:48 INFO     loss:    1230 1478 1.966332 96224.0
2025-12-09 08:56:48 INFO     Save checkpoint to family\grounding.pt
2025-12-09 08:56:48 INFO     loss:    1240 1478 1.842809 96224.0
2025-12-09 08:56:48 INFO     Save checkpoint to family\grounding.pt
2025-12-09 08:56:52 INFO     loss:    1250 1478 1.969796 95021.2
2025-12-09 08:56:52 INFO     Save checkpoint to family\grounding.pt
2025-12-09 08:56:55 INFO     loss:    1260 1478 1.566216 96224.0
2025-12-09 08:56:55 INFO     Save checkpoint to family\grounding.pt
2025-12-09 08:56:56 INFO     loss:    1270 1478 2.111828 96224.0
2025-12-09 08:56:56 INFO     Save checkpoint to family\grounding.pt
2025-12-09 08:57:00 INFO     loss:    1280 1478 1.921094 96224.0
2025-12-09 08:57:00 INFO     Save checkpoint to family\grounding.pt
2025-12-09 08:57:03 INFO     loss:    1290 1478 1.870795 96224.0
2025-12-09 08:57:03 INFO     Save checkpoint to family\grounding.pt
2025-12-09 08:57:04 INFO     loss:    1300 1478 1.355125 96224.0
2025-12-09 08:57:04 INFO     Save checkpoint to family\grounding.pt
2025-12-09 08:57:07 INFO     loss:    1310 1478 0.981956 96224.0
2025-12-09 08:57:07 INFO     Save checkpoint to family\grounding.pt
2025-12-09 08:57:11 INFO     loss:    1320 1478 1.891782 96224.0
2025-12-09 08:57:11 INFO     Save checkpoint to family\grounding.pt
2025-12-09 08:57:15 INFO     loss:    1330 1478 1.896141 96224.0
2025-12-09 08:57:15 INFO     Save checkpoint to family\grounding.pt
2025-12-09 08:57:15 INFO     loss:    1340 1478 1.903631 96224.0
2025-12-09 08:57:15 INFO     Save checkpoint to family\grounding.pt
2025-12-09 08:57:19 INFO     loss:    1350 1478 1.171694 96224.0
2025-12-09 08:57:19 INFO     Save checkpoint to family\grounding.pt
2025-12-09 08:57:23 INFO     loss:    1360 1478 0.659237 96224.0
2025-12-09 08:57:23 INFO     Save checkpoint to family\grounding.pt
2025-12-09 08:57:23 INFO     loss:    1370 1478 1.820916 91412.8
2025-12-09 08:57:23 INFO     Save checkpoint to family\grounding.pt
2025-12-09 08:57:27 INFO     loss:    1380 1478 0.941041 96224.0
2025-12-09 08:57:27 INFO     Save checkpoint to family\grounding.pt
2025-12-09 08:57:30 INFO     loss:    1390 1478 2.100099 96224.0
2025-12-09 08:57:30 INFO     Save checkpoint to family\grounding.pt
2025-12-09 08:57:34 INFO     loss:    1400 1478 2.080585 96224.0
2025-12-09 08:57:34 INFO     Save checkpoint to family\grounding.pt
2025-12-09 08:57:35 INFO     loss:    1410 1478 2.170496 96224.0
2025-12-09 08:57:35 INFO     Save checkpoint to family\grounding.pt
2025-12-09 08:57:39 INFO     loss:    1420 1478 2.173391 96224.0
2025-12-09 08:57:39 INFO     Save checkpoint to family\grounding.pt
2025-12-09 08:57:42 INFO     loss:    1430 1478 0.952329 96224.0
2025-12-09 08:57:42 INFO     Save checkpoint to family\grounding.pt
2025-12-09 08:57:46 INFO     loss:    1440 1478 1.223180 96224.0
2025-12-09 08:57:46 INFO     Save checkpoint to family\grounding.pt
2025-12-09 08:57:47 INFO     loss:    1450 1478 1.285512 96224.0
2025-12-09 08:57:47 INFO     Save checkpoint to family\grounding.pt
2025-12-09 08:57:50 INFO     loss:    1460 1478 2.015239 96224.0
2025-12-09 08:57:50 INFO     Save checkpoint to family\grounding.pt
2025-12-09 08:57:54 INFO     loss:    1470 1478 2.017215 96224.0
2025-12-09 08:57:54 INFO     Save checkpoint to family\grounding.pt
2025-12-09 08:57:55 INFO     >>>>> Predictor: Evaluating on valid
2025-12-09 08:58:30 INFO     Data : 4076
2025-12-09 08:58:30 INFO     Hit1 : 0.955348
2025-12-09 08:58:30 INFO     Hit3 : 0.985525
2025-12-09 08:58:30 INFO     Hit10: 0.989205
2025-12-09 08:58:30 INFO     MR   : 22.411923
2025-12-09 08:58:30 INFO     MRR  : 0.970817
2025-12-09 08:58:30 INFO     Save checkpoint to family\grounding.pt
2025-12-09 08:58:30 INFO     -------------------------
2025-12-09 08:58:30 INFO     | Iteration: 8/10
2025-12-09 08:58:30 INFO     -------------------------
2025-12-09 08:58:42 INFO     loss:    10 1478 1.833398 96224.0
2025-12-09 08:58:42 INFO     Save checkpoint to family\grounding.pt
2025-12-09 08:58:46 INFO     loss:    20 1478 2.113266 96224.0
2025-12-09 08:58:46 INFO     Save checkpoint to family\grounding.pt
2025-12-09 08:58:49 INFO     loss:    30 1478 2.429792 96224.0
2025-12-09 08:58:49 INFO     Save checkpoint to family\grounding.pt
2025-12-09 08:58:50 INFO     loss:    40 1478 0.145934 96224.0
2025-12-09 08:58:50 INFO     Save checkpoint to family\grounding.pt
2025-12-09 08:58:54 INFO     loss:    50 1478 0.525191 93517.7
2025-12-09 08:58:54 INFO     Save checkpoint to family\grounding.pt
2025-12-09 08:58:57 INFO     loss:    60 1478 1.501753 90210.0
2025-12-09 08:58:57 INFO     Save checkpoint to family\grounding.pt
2025-12-09 08:59:01 INFO     loss:    70 1478 1.377769 96224.0
2025-12-09 08:59:01 INFO     Save checkpoint to family\grounding.pt
2025-12-09 08:59:01 INFO     loss:    80 1478 1.941984 96224.0
2025-12-09 08:59:01 INFO     Save checkpoint to family\grounding.pt
2025-12-09 08:59:05 INFO     loss:    90 1478 2.582004 96224.0
2025-12-09 08:59:05 INFO     Save checkpoint to family\grounding.pt
2025-12-09 08:59:09 INFO     loss:    100 1478 1.412135 96224.0
2025-12-09 08:59:09 INFO     Save checkpoint to family\grounding.pt
2025-12-09 08:59:09 INFO     loss:    110 1478 1.391189 96224.0
2025-12-09 08:59:09 INFO     Save checkpoint to family\grounding.pt
2025-12-09 08:59:13 INFO     loss:    120 1478 1.148576 96224.0
2025-12-09 08:59:13 INFO     Save checkpoint to family\grounding.pt
2025-12-09 08:59:16 INFO     loss:    130 1478 1.262142 96224.0
2025-12-09 08:59:16 INFO     Save checkpoint to family\grounding.pt
2025-12-09 08:59:17 INFO     loss:    140 1478 1.167911 93818.4
2025-12-09 08:59:17 INFO     Save checkpoint to family\grounding.pt
2025-12-09 08:59:20 INFO     loss:    150 1478 1.978042 96224.0
2025-12-09 08:59:20 INFO     Save checkpoint to family\grounding.pt
2025-12-09 08:59:24 INFO     loss:    160 1478 1.331605 96224.0
2025-12-09 08:59:24 INFO     Save checkpoint to family\grounding.pt
2025-12-09 08:59:25 INFO     loss:    170 1478 0.081815 96224.0
2025-12-09 08:59:25 INFO     Save checkpoint to family\grounding.pt
2025-12-09 08:59:28 INFO     loss:    180 1478 1.878963 96224.0
2025-12-09 08:59:28 INFO     Save checkpoint to family\grounding.pt
2025-12-09 08:59:32 INFO     loss:    190 1478 1.380975 96224.0
2025-12-09 08:59:32 INFO     Save checkpoint to family\grounding.pt
2025-12-09 08:59:33 INFO     loss:    200 1478 1.682253 96224.0
2025-12-09 08:59:33 INFO     Save checkpoint to family\grounding.pt
2025-12-09 08:59:36 INFO     loss:    210 1478 2.186094 96224.0
2025-12-09 08:59:36 INFO     Save checkpoint to family\grounding.pt
2025-12-09 08:59:39 INFO     loss:    220 1478 1.996694 96224.0
2025-12-09 08:59:39 INFO     Save checkpoint to family\grounding.pt
2025-12-09 08:59:43 INFO     loss:    230 1478 1.249901 96224.0
2025-12-09 08:59:43 INFO     Save checkpoint to family\grounding.pt
2025-12-09 08:59:44 INFO     loss:    240 1478 0.993372 96224.0
2025-12-09 08:59:44 INFO     Save checkpoint to family\grounding.pt
2025-12-09 08:59:47 INFO     loss:    250 1478 1.936460 96224.0
2025-12-09 08:59:47 INFO     Save checkpoint to family\grounding.pt
2025-12-09 08:59:51 INFO     loss:    260 1478 1.625175 92916.3
2025-12-09 08:59:51 INFO     Save checkpoint to family\grounding.pt
2025-12-09 08:59:52 INFO     loss:    270 1478 2.437842 96224.0
2025-12-09 08:59:52 INFO     Save checkpoint to family\grounding.pt
2025-12-09 08:59:55 INFO     loss:    280 1478 1.856381 96224.0
2025-12-09 08:59:55 INFO     Save checkpoint to family\grounding.pt
2025-12-09 08:59:58 INFO     loss:    290 1478 1.350737 96224.0
2025-12-09 08:59:58 INFO     Save checkpoint to family\grounding.pt
2025-12-09 08:59:59 INFO     loss:    300 1478 0.688759 96224.0
2025-12-09 08:59:59 INFO     Save checkpoint to family\grounding.pt
2025-12-09 09:00:02 INFO     loss:    310 1478 1.351827 96224.0
2025-12-09 09:00:02 INFO     Save checkpoint to family\grounding.pt
2025-12-09 09:00:06 INFO     loss:    320 1478 0.955870 96224.0
2025-12-09 09:00:06 INFO     Save checkpoint to family\grounding.pt
2025-12-09 09:00:07 INFO     loss:    330 1478 1.043254 87804.4
2025-12-09 09:00:07 INFO     Save checkpoint to family\grounding.pt
2025-12-09 09:00:10 INFO     loss:    340 1478 0.080537 96224.0
2025-12-09 09:00:10 INFO     Save checkpoint to family\grounding.pt
2025-12-09 09:00:14 INFO     loss:    350 1478 1.894256 96224.0
2025-12-09 09:00:14 INFO     Save checkpoint to family\grounding.pt
2025-12-09 09:00:17 INFO     loss:    360 1478 1.660796 96224.0
2025-12-09 09:00:17 INFO     Save checkpoint to family\grounding.pt
2025-12-09 09:00:18 INFO     loss:    370 1478 1.894777 96224.0
2025-12-09 09:00:18 INFO     Save checkpoint to family\grounding.pt
2025-12-09 09:00:22 INFO     loss:    380 1478 1.916830 89307.9
2025-12-09 09:00:22 INFO     Save checkpoint to family\grounding.pt
2025-12-09 09:00:25 INFO     loss:    390 1478 1.845821 87804.4
2025-12-09 09:00:25 INFO     Save checkpoint to family\grounding.pt
2025-12-09 09:00:26 INFO     loss:    400 1478 1.304482 96224.0
2025-12-09 09:00:26 INFO     Save checkpoint to family\grounding.pt
2025-12-09 09:00:29 INFO     loss:    410 1478 1.331365 96224.0
2025-12-09 09:00:29 INFO     Save checkpoint to family\grounding.pt
2025-12-09 09:00:33 INFO     loss:    420 1478 0.419283 96224.0
2025-12-09 09:00:33 INFO     Save checkpoint to family\grounding.pt
2025-12-09 09:00:37 INFO     loss:    430 1478 0.944758 96224.0
2025-12-09 09:00:37 INFO     Save checkpoint to family\grounding.pt
2025-12-09 09:00:38 INFO     loss:    440 1478 1.301520 88706.5
2025-12-09 09:00:38 INFO     Save checkpoint to family\grounding.pt
2025-12-09 09:00:41 INFO     loss:    450 1478 1.982522 96224.0
2025-12-09 09:00:41 INFO     Save checkpoint to family\grounding.pt
2025-12-09 09:00:44 INFO     loss:    460 1478 0.593356 96224.0
2025-12-09 09:00:44 INFO     Save checkpoint to family\grounding.pt
2025-12-09 09:00:45 INFO     loss:    470 1478 1.371644 96224.0
2025-12-09 09:00:45 INFO     Save checkpoint to family\grounding.pt
2025-12-09 09:00:49 INFO     loss:    480 1478 2.398738 96224.0
2025-12-09 09:00:49 INFO     Save checkpoint to family\grounding.pt
2025-12-09 09:00:52 INFO     loss:    490 1478 1.885035 96224.0
2025-12-09 09:00:52 INFO     Save checkpoint to family\grounding.pt
2025-12-09 09:00:56 INFO     loss:    500 1478 2.580625 96224.0
2025-12-09 09:00:56 INFO     Save checkpoint to family\grounding.pt
2025-12-09 09:00:56 INFO     loss:    510 1478 1.437315 96224.0
2025-12-09 09:00:56 INFO     Save checkpoint to family\grounding.pt
2025-12-09 09:01:00 INFO     loss:    520 1478 1.965129 96224.0
2025-12-09 09:01:00 INFO     Save checkpoint to family\grounding.pt
2025-12-09 09:01:03 INFO     loss:    530 1478 1.334745 96224.0
2025-12-09 09:01:03 INFO     Save checkpoint to family\grounding.pt
2025-12-09 09:01:04 INFO     loss:    540 1478 0.814708 96224.0
2025-12-09 09:01:04 INFO     Save checkpoint to family\grounding.pt
2025-12-09 09:01:08 INFO     loss:    550 1478 1.667851 96224.0
2025-12-09 09:01:08 INFO     Save checkpoint to family\grounding.pt
2025-12-09 09:01:11 INFO     loss:    560 1478 1.787356 96224.0
2025-12-09 09:01:11 INFO     Save checkpoint to family\grounding.pt
2025-12-09 09:01:15 INFO     loss:    570 1478 1.318184 96224.0
2025-12-09 09:01:15 INFO     Save checkpoint to family\grounding.pt
2025-12-09 09:01:16 INFO     loss:    580 1478 1.171388 96224.0
2025-12-09 09:01:16 INFO     Save checkpoint to family\grounding.pt
2025-12-09 09:01:19 INFO     loss:    590 1478 2.193624 96224.0
2025-12-09 09:01:19 INFO     Save checkpoint to family\grounding.pt
2025-12-09 09:01:23 INFO     loss:    600 1478 1.790232 96224.0
2025-12-09 09:01:23 INFO     Save checkpoint to family\grounding.pt
2025-12-09 09:01:24 INFO     loss:    610 1478 2.076898 96224.0
2025-12-09 09:01:24 INFO     Save checkpoint to family\grounding.pt
2025-12-09 09:01:27 INFO     loss:    620 1478 1.750161 96224.0
2025-12-09 09:01:27 INFO     Save checkpoint to family\grounding.pt
2025-12-09 09:01:31 INFO     loss:    630 1478 1.224439 96224.0
2025-12-09 09:01:31 INFO     Save checkpoint to family\grounding.pt
2025-12-09 09:01:34 INFO     loss:    640 1478 1.683378 91412.8
2025-12-09 09:01:34 INFO     Save checkpoint to family\grounding.pt
2025-12-09 09:01:35 INFO     loss:    650 1478 1.105738 96224.0
2025-12-09 09:01:35 INFO     Save checkpoint to family\grounding.pt
2025-12-09 09:01:39 INFO     loss:    660 1478 2.057327 93517.7
2025-12-09 09:01:39 INFO     Save checkpoint to family\grounding.pt
2025-12-09 09:01:42 INFO     loss:    670 1478 1.975710 96224.0
2025-12-09 09:01:42 INFO     Save checkpoint to family\grounding.pt
2025-12-09 09:01:43 INFO     loss:    680 1478 2.120635 96224.0
2025-12-09 09:01:43 INFO     Save checkpoint to family\grounding.pt
2025-12-09 09:01:46 INFO     loss:    690 1478 1.965569 96224.0
2025-12-09 09:01:46 INFO     Save checkpoint to family\grounding.pt
2025-12-09 09:01:50 INFO     loss:    700 1478 0.752020 96224.0
2025-12-09 09:01:50 INFO     Save checkpoint to family\grounding.pt
2025-12-09 09:01:51 INFO     loss:    710 1478 1.360701 96224.0
2025-12-09 09:01:51 INFO     Save checkpoint to family\grounding.pt
2025-12-09 09:01:54 INFO     loss:    720 1478 1.350236 96224.0
2025-12-09 09:01:54 INFO     Save checkpoint to family\grounding.pt
2025-12-09 09:01:58 INFO     loss:    730 1478 1.642958 96224.0
2025-12-09 09:01:58 INFO     Save checkpoint to family\grounding.pt
2025-12-09 09:01:58 INFO     loss:    740 1478 1.329249 87503.7
2025-12-09 09:01:58 INFO     Save checkpoint to family\grounding.pt
2025-12-09 09:02:02 INFO     loss:    750 1478 1.204188 96224.0
2025-12-09 09:02:02 INFO     Save checkpoint to family\grounding.pt
2025-12-09 09:02:06 INFO     loss:    760 1478 0.590870 96224.0
2025-12-09 09:02:06 INFO     Save checkpoint to family\grounding.pt
2025-12-09 09:02:09 INFO     loss:    770 1478 1.350130 96224.0
2025-12-09 09:02:09 INFO     Save checkpoint to family\grounding.pt
2025-12-09 09:02:13 INFO     loss:    780 1478 1.819878 96224.0
2025-12-09 09:02:13 INFO     Save checkpoint to family\grounding.pt
2025-12-09 09:02:14 INFO     loss:    790 1478 1.811151 96224.0
2025-12-09 09:02:14 INFO     Save checkpoint to family\grounding.pt
2025-12-09 09:02:17 INFO     loss:    800 1478 0.111552 87503.7
2025-12-09 09:02:17 INFO     Save checkpoint to family\grounding.pt
2025-12-09 09:02:21 INFO     loss:    810 1478 2.708384 96224.0
2025-12-09 09:02:21 INFO     Save checkpoint to family\grounding.pt
2025-12-09 09:02:25 INFO     loss:    820 1478 1.531603 96224.0
2025-12-09 09:02:25 INFO     Save checkpoint to family\grounding.pt
2025-12-09 09:02:28 INFO     loss:    830 1478 1.253137 96224.0
2025-12-09 09:02:28 INFO     Save checkpoint to family\grounding.pt
2025-12-09 09:02:29 INFO     loss:    840 1478 2.690665 96224.0
2025-12-09 09:02:29 INFO     Save checkpoint to family\grounding.pt
2025-12-09 09:02:33 INFO     loss:    850 1478 2.045001 88706.5
2025-12-09 09:02:33 INFO     Save checkpoint to family\grounding.pt
2025-12-09 09:02:37 INFO     loss:    860 1478 2.674460 96224.0
2025-12-09 09:02:37 INFO     Save checkpoint to family\grounding.pt
2025-12-09 09:02:40 INFO     loss:    870 1478 0.285923 96224.0
2025-12-09 09:02:40 INFO     Save checkpoint to family\grounding.pt
2025-12-09 09:02:41 INFO     loss:    880 1478 2.037175 96224.0
2025-12-09 09:02:41 INFO     Save checkpoint to family\grounding.pt
2025-12-09 09:02:44 INFO     loss:    890 1478 1.687278 96224.0
2025-12-09 09:02:44 INFO     Save checkpoint to family\grounding.pt
2025-12-09 09:02:48 INFO     loss:    900 1478 2.704582 96224.0
2025-12-09 09:02:48 INFO     Save checkpoint to family\grounding.pt
2025-12-09 09:02:52 INFO     loss:    910 1478 1.984993 96224.0
2025-12-09 09:02:52 INFO     Save checkpoint to family\grounding.pt
2025-12-09 09:02:52 INFO     loss:    920 1478 1.688227 96224.0
2025-12-09 09:02:52 INFO     Save checkpoint to family\grounding.pt
2025-12-09 09:02:56 INFO     loss:    930 1478 1.460263 92615.6
2025-12-09 09:02:56 INFO     Save checkpoint to family\grounding.pt
2025-12-09 09:03:00 INFO     loss:    940 1478 1.714969 96224.0
2025-12-09 09:03:00 INFO     Save checkpoint to family\grounding.pt
2025-12-09 09:03:04 INFO     loss:    950 1478 2.661078 96224.0
2025-12-09 09:03:04 INFO     Save checkpoint to family\grounding.pt
2025-12-09 09:03:04 INFO     loss:    960 1478 1.324749 96224.0
2025-12-09 09:03:04 INFO     Save checkpoint to family\grounding.pt
2025-12-09 09:03:08 INFO     loss:    970 1478 1.213375 96224.0
2025-12-09 09:03:08 INFO     Save checkpoint to family\grounding.pt
2025-12-09 09:03:12 INFO     loss:    980 1478 0.046254 89307.9
2025-12-09 09:03:12 INFO     Save checkpoint to family\grounding.pt
2025-12-09 09:03:16 INFO     loss:    990 1478 1.964412 96224.0
2025-12-09 09:03:16 INFO     Save checkpoint to family\grounding.pt
2025-12-09 09:03:16 INFO     loss:    1000 1478 0.717109 96224.0
2025-12-09 09:03:16 INFO     Save checkpoint to family\grounding.pt
2025-12-09 09:03:20 INFO     loss:    1010 1478 1.487186 96224.0
2025-12-09 09:03:20 INFO     Save checkpoint to family\grounding.pt
2025-12-09 09:03:23 INFO     loss:    1020 1478 1.293513 96224.0
2025-12-09 09:03:23 INFO     Save checkpoint to family\grounding.pt
2025-12-09 09:03:27 INFO     loss:    1030 1478 0.032241 96224.0
2025-12-09 09:03:27 INFO     Save checkpoint to family\grounding.pt
2025-12-09 09:03:28 INFO     loss:    1040 1478 2.142795 96224.0
2025-12-09 09:03:28 INFO     Save checkpoint to family\grounding.pt
2025-12-09 09:03:31 INFO     loss:    1050 1478 1.406727 96224.0
2025-12-09 09:03:31 INFO     Save checkpoint to family\grounding.pt
2025-12-09 09:03:35 INFO     loss:    1060 1478 1.936885 96224.0
2025-12-09 09:03:35 INFO     Save checkpoint to family\grounding.pt
2025-12-09 09:03:36 INFO     loss:    1070 1478 1.163520 96224.0
2025-12-09 09:03:36 INFO     Save checkpoint to family\grounding.pt
2025-12-09 09:03:39 INFO     loss:    1080 1478 1.877589 96224.0
2025-12-09 09:03:39 INFO     Save checkpoint to family\grounding.pt
2025-12-09 09:03:43 INFO     loss:    1090 1478 2.086682 96224.0
2025-12-09 09:03:43 INFO     Save checkpoint to family\grounding.pt
2025-12-09 09:03:47 INFO     loss:    1100 1478 2.000638 96224.0
2025-12-09 09:03:47 INFO     Save checkpoint to family\grounding.pt
2025-12-09 09:03:47 INFO     loss:    1110 1478 1.302645 96224.0
2025-12-09 09:03:47 INFO     Save checkpoint to family\grounding.pt
2025-12-09 09:03:51 INFO     loss:    1120 1478 2.008089 96224.0
2025-12-09 09:03:51 INFO     Save checkpoint to family\grounding.pt
2025-12-09 09:03:54 INFO     loss:    1130 1478 2.619210 96224.0
2025-12-09 09:03:54 INFO     Save checkpoint to family\grounding.pt
2025-12-09 09:03:58 INFO     loss:    1140 1478 1.551436 96224.0
2025-12-09 09:03:58 INFO     Save checkpoint to family\grounding.pt
2025-12-09 09:03:59 INFO     loss:    1150 1478 0.633777 96224.0
2025-12-09 09:03:59 INFO     Save checkpoint to family\grounding.pt
2025-12-09 09:04:02 INFO     loss:    1160 1478 1.376311 96224.0
2025-12-09 09:04:02 INFO     Save checkpoint to family\grounding.pt
2025-12-09 09:04:06 INFO     loss:    1170 1478 2.699312 95021.2
2025-12-09 09:04:06 INFO     Save checkpoint to family\grounding.pt
2025-12-09 09:04:09 INFO     loss:    1180 1478 1.540236 92916.3
2025-12-09 09:04:09 INFO     Save checkpoint to family\grounding.pt
2025-12-09 09:04:10 INFO     loss:    1190 1478 2.584165 96224.0
2025-12-09 09:04:10 INFO     Save checkpoint to family\grounding.pt
2025-12-09 09:04:14 INFO     loss:    1200 1478 1.220920 96224.0
2025-12-09 09:04:14 INFO     Save checkpoint to family\grounding.pt
2025-12-09 09:04:17 INFO     loss:    1210 1478 0.096088 96224.0
2025-12-09 09:04:17 INFO     Save checkpoint to family\grounding.pt
2025-12-09 09:04:21 INFO     loss:    1220 1478 0.513631 96224.0
2025-12-09 09:04:21 INFO     Save checkpoint to family\grounding.pt
2025-12-09 09:04:25 INFO     loss:    1230 1478 1.952389 96224.0
2025-12-09 09:04:25 INFO     Save checkpoint to family\grounding.pt
2025-12-09 09:04:25 INFO     loss:    1240 1478 1.834387 96224.0
2025-12-09 09:04:25 INFO     Save checkpoint to family\grounding.pt
2025-12-09 09:04:29 INFO     loss:    1250 1478 1.958402 95021.2
2025-12-09 09:04:29 INFO     Save checkpoint to family\grounding.pt
2025-12-09 09:04:33 INFO     loss:    1260 1478 1.547883 96224.0
2025-12-09 09:04:33 INFO     Save checkpoint to family\grounding.pt
2025-12-09 09:04:36 INFO     loss:    1270 1478 2.106769 96224.0
2025-12-09 09:04:36 INFO     Save checkpoint to family\grounding.pt
2025-12-09 09:04:37 INFO     loss:    1280 1478 1.899073 96224.0
2025-12-09 09:04:37 INFO     Save checkpoint to family\grounding.pt
2025-12-09 09:04:41 INFO     loss:    1290 1478 1.856829 96224.0
2025-12-09 09:04:41 INFO     Save checkpoint to family\grounding.pt
2025-12-09 09:04:44 INFO     loss:    1300 1478 1.335999 96224.0
2025-12-09 09:04:44 INFO     Save checkpoint to family\grounding.pt
2025-12-09 09:04:45 INFO     loss:    1310 1478 0.963298 96224.0
2025-12-09 09:04:45 INFO     Save checkpoint to family\grounding.pt
2025-12-09 09:04:48 INFO     loss:    1320 1478 1.873626 96224.0
2025-12-09 09:04:48 INFO     Save checkpoint to family\grounding.pt
2025-12-09 09:04:52 INFO     loss:    1330 1478 1.885774 96224.0
2025-12-09 09:04:52 INFO     Save checkpoint to family\grounding.pt
2025-12-09 09:04:56 INFO     loss:    1340 1478 1.886677 96224.0
2025-12-09 09:04:56 INFO     Save checkpoint to family\grounding.pt
2025-12-09 09:04:56 INFO     loss:    1350 1478 1.162708 96224.0
2025-12-09 09:04:56 INFO     Save checkpoint to family\grounding.pt
2025-12-09 09:05:00 INFO     loss:    1360 1478 0.638903 96224.0
2025-12-09 09:05:00 INFO     Save checkpoint to family\grounding.pt
2025-12-09 09:05:03 INFO     loss:    1370 1478 1.794920 91412.8
2025-12-09 09:05:03 INFO     Save checkpoint to family\grounding.pt
2025-12-09 09:05:04 INFO     loss:    1380 1478 0.931697 96224.0
2025-12-09 09:05:04 INFO     Save checkpoint to family\grounding.pt
2025-12-09 09:05:07 INFO     loss:    1390 1478 2.075361 96224.0
2025-12-09 09:05:07 INFO     Save checkpoint to family\grounding.pt
2025-12-09 09:05:11 INFO     loss:    1400 1478 2.066317 96224.0
2025-12-09 09:05:11 INFO     Save checkpoint to family\grounding.pt
2025-12-09 09:05:14 INFO     loss:    1410 1478 2.163892 96224.0
2025-12-09 09:05:14 INFO     Save checkpoint to family\grounding.pt
2025-12-09 09:05:15 INFO     loss:    1420 1478 2.163828 96224.0
2025-12-09 09:05:15 INFO     Save checkpoint to family\grounding.pt
2025-12-09 09:05:18 INFO     loss:    1430 1478 0.930841 96224.0
2025-12-09 09:05:18 INFO     Save checkpoint to family\grounding.pt
2025-12-09 09:05:22 INFO     loss:    1440 1478 1.207660 96224.0
2025-12-09 09:05:22 INFO     Save checkpoint to family\grounding.pt
2025-12-09 09:05:23 INFO     loss:    1450 1478 1.265813 96224.0
2025-12-09 09:05:23 INFO     Save checkpoint to family\grounding.pt
2025-12-09 09:05:26 INFO     loss:    1460 1478 2.004024 96224.0
2025-12-09 09:05:26 INFO     Save checkpoint to family\grounding.pt
2025-12-09 09:05:30 INFO     loss:    1470 1478 1.994798 96224.0
2025-12-09 09:05:30 INFO     Save checkpoint to family\grounding.pt
2025-12-09 09:05:34 INFO     >>>>> Predictor: Evaluating on valid
2025-12-09 09:06:09 INFO     Data : 4076
2025-12-09 09:06:09 INFO     Hit1 : 0.956575
2025-12-09 09:06:09 INFO     Hit3 : 0.985770
2025-12-09 09:06:09 INFO     Hit10: 0.988960
2025-12-09 09:06:09 INFO     MR   : 22.490677
2025-12-09 09:06:09 INFO     MRR  : 0.971454
2025-12-09 09:06:09 INFO     Save checkpoint to family\grounding.pt
2025-12-09 09:06:09 INFO     -------------------------
2025-12-09 09:06:09 INFO     | Iteration: 9/10
2025-12-09 09:06:09 INFO     -------------------------
2025-12-09 09:06:21 INFO     loss:    10 1478 1.806628 96224.0
2025-12-09 09:06:21 INFO     Save checkpoint to family\grounding.pt
2025-12-09 09:06:25 INFO     loss:    20 1478 2.109686 96224.0
2025-12-09 09:06:25 INFO     Save checkpoint to family\grounding.pt
2025-12-09 09:06:28 INFO     loss:    30 1478 2.416155 96224.0
2025-12-09 09:06:28 INFO     Save checkpoint to family\grounding.pt
2025-12-09 09:06:29 INFO     loss:    40 1478 0.127810 96224.0
2025-12-09 09:06:29 INFO     Save checkpoint to family\grounding.pt
2025-12-09 09:06:33 INFO     loss:    50 1478 0.516487 93517.7
2025-12-09 09:06:33 INFO     Save checkpoint to family\grounding.pt
2025-12-09 09:06:36 INFO     loss:    60 1478 1.489510 90210.0
2025-12-09 09:06:36 INFO     Save checkpoint to family\grounding.pt
2025-12-09 09:06:37 INFO     loss:    70 1478 1.357963 96224.0
2025-12-09 09:06:37 INFO     Save checkpoint to family\grounding.pt
2025-12-09 09:06:40 INFO     loss:    80 1478 1.932593 96224.0
2025-12-09 09:06:40 INFO     Save checkpoint to family\grounding.pt
2025-12-09 09:06:44 INFO     loss:    90 1478 2.573961 96224.0
2025-12-09 09:06:44 INFO     Save checkpoint to family\grounding.pt
2025-12-09 09:06:48 INFO     loss:    100 1478 1.400695 96224.0
2025-12-09 09:06:48 INFO     Save checkpoint to family\grounding.pt
2025-12-09 09:06:48 INFO     loss:    110 1478 1.382427 96224.0
2025-12-09 09:06:48 INFO     Save checkpoint to family\grounding.pt
2025-12-09 09:06:52 INFO     loss:    120 1478 1.120992 96224.0
2025-12-09 09:06:52 INFO     Save checkpoint to family\grounding.pt
2025-12-09 09:06:56 INFO     loss:    130 1478 1.246969 96224.0
2025-12-09 09:06:56 INFO     Save checkpoint to family\grounding.pt
2025-12-09 09:06:56 INFO     loss:    140 1478 1.128903 93818.4
2025-12-09 09:06:56 INFO     Save checkpoint to family\grounding.pt
2025-12-09 09:07:00 INFO     loss:    150 1478 1.958928 96224.0
2025-12-09 09:07:00 INFO     Save checkpoint to family\grounding.pt
2025-12-09 09:07:03 INFO     loss:    160 1478 1.325059 96224.0
2025-12-09 09:07:03 INFO     Save checkpoint to family\grounding.pt
2025-12-09 09:07:07 INFO     loss:    170 1478 0.056570 96224.0
2025-12-09 09:07:07 INFO     Save checkpoint to family\grounding.pt
2025-12-09 09:07:08 INFO     loss:    180 1478 1.866852 96224.0
2025-12-09 09:07:08 INFO     Save checkpoint to family\grounding.pt
2025-12-09 09:07:11 INFO     loss:    190 1478 1.389901 96224.0
2025-12-09 09:07:11 INFO     Save checkpoint to family\grounding.pt
2025-12-09 09:07:15 INFO     loss:    200 1478 1.676655 96224.0
2025-12-09 09:07:15 INFO     Save checkpoint to family\grounding.pt
2025-12-09 09:07:16 INFO     loss:    210 1478 2.162822 96224.0
2025-12-09 09:07:16 INFO     Save checkpoint to family\grounding.pt
2025-12-09 09:07:19 INFO     loss:    220 1478 1.982953 96224.0
2025-12-09 09:07:19 INFO     Save checkpoint to family\grounding.pt
2025-12-09 09:07:23 INFO     loss:    230 1478 1.241916 96224.0
2025-12-09 09:07:23 INFO     Save checkpoint to family\grounding.pt
2025-12-09 09:07:27 INFO     loss:    240 1478 0.981314 96224.0
2025-12-09 09:07:27 INFO     Save checkpoint to family\grounding.pt
2025-12-09 09:07:27 INFO     loss:    250 1478 1.931918 96224.0
2025-12-09 09:07:27 INFO     Save checkpoint to family\grounding.pt
2025-12-09 09:07:31 INFO     loss:    260 1478 1.614704 92916.3
2025-12-09 09:07:31 INFO     Save checkpoint to family\grounding.pt
2025-12-09 09:07:35 INFO     loss:    270 1478 2.431192 96224.0
2025-12-09 09:07:35 INFO     Save checkpoint to family\grounding.pt
2025-12-09 09:07:38 INFO     loss:    280 1478 1.840488 96224.0
2025-12-09 09:07:38 INFO     Save checkpoint to family\grounding.pt
2025-12-09 09:07:39 INFO     loss:    290 1478 1.336004 96224.0
2025-12-09 09:07:39 INFO     Save checkpoint to family\grounding.pt
2025-12-09 09:07:42 INFO     loss:    300 1478 0.654017 96224.0
2025-12-09 09:07:42 INFO     Save checkpoint to family\grounding.pt
2025-12-09 09:07:46 INFO     loss:    310 1478 1.340004 96224.0
2025-12-09 09:07:46 INFO     Save checkpoint to family\grounding.pt
2025-12-09 09:07:47 INFO     loss:    320 1478 0.931522 96224.0
2025-12-09 09:07:47 INFO     Save checkpoint to family\grounding.pt
2025-12-09 09:07:50 INFO     loss:    330 1478 1.032879 87804.4
2025-12-09 09:07:50 INFO     Save checkpoint to family\grounding.pt
2025-12-09 09:07:54 INFO     loss:    340 1478 0.070698 96224.0
2025-12-09 09:07:54 INFO     Save checkpoint to family\grounding.pt
2025-12-09 09:07:54 INFO     loss:    350 1478 1.883174 96224.0
2025-12-09 09:07:54 INFO     Save checkpoint to family\grounding.pt
2025-12-09 09:07:58 INFO     loss:    360 1478 1.639259 96224.0
2025-12-09 09:07:58 INFO     Save checkpoint to family\grounding.pt
2025-12-09 09:08:01 INFO     loss:    370 1478 1.880247 96224.0
2025-12-09 09:08:01 INFO     Save checkpoint to family\grounding.pt
2025-12-09 09:08:05 INFO     loss:    380 1478 1.905367 89307.9
2025-12-09 09:08:05 INFO     Save checkpoint to family\grounding.pt
2025-12-09 09:08:06 INFO     loss:    390 1478 1.830621 87804.4
2025-12-09 09:08:06 INFO     Save checkpoint to family\grounding.pt
2025-12-09 09:08:09 INFO     loss:    400 1478 1.295026 96224.0
2025-12-09 09:08:09 INFO     Save checkpoint to family\grounding.pt
2025-12-09 09:08:13 INFO     loss:    410 1478 1.315298 96224.0
2025-12-09 09:08:13 INFO     Save checkpoint to family\grounding.pt
2025-12-09 09:08:17 INFO     loss:    420 1478 0.385927 96224.0
2025-12-09 09:08:17 INFO     Save checkpoint to family\grounding.pt
2025-12-09 09:08:18 INFO     loss:    430 1478 0.942353 96224.0
2025-12-09 09:08:18 INFO     Save checkpoint to family\grounding.pt
2025-12-09 09:08:21 INFO     loss:    440 1478 1.288576 88706.5
2025-12-09 09:08:21 INFO     Save checkpoint to family\grounding.pt
2025-12-09 09:08:25 INFO     loss:    450 1478 1.964480 96224.0
2025-12-09 09:08:25 INFO     Save checkpoint to family\grounding.pt
2025-12-09 09:08:25 INFO     loss:    460 1478 0.570796 96224.0
2025-12-09 09:08:25 INFO     Save checkpoint to family\grounding.pt
2025-12-09 09:08:29 INFO     loss:    470 1478 1.364288 96224.0
2025-12-09 09:08:29 INFO     Save checkpoint to family\grounding.pt
2025-12-09 09:08:32 INFO     loss:    480 1478 2.383430 96224.0
2025-12-09 09:08:32 INFO     Save checkpoint to family\grounding.pt
2025-12-09 09:08:36 INFO     loss:    490 1478 1.870930 96224.0
2025-12-09 09:08:36 INFO     Save checkpoint to family\grounding.pt
2025-12-09 09:08:37 INFO     loss:    500 1478 2.572403 96224.0
2025-12-09 09:08:37 INFO     Save checkpoint to family\grounding.pt
2025-12-09 09:08:40 INFO     loss:    510 1478 1.420237 96224.0
2025-12-09 09:08:40 INFO     Save checkpoint to family\grounding.pt
2025-12-09 09:08:44 INFO     loss:    520 1478 1.939745 96224.0
2025-12-09 09:08:44 INFO     Save checkpoint to family\grounding.pt
2025-12-09 09:08:45 INFO     loss:    530 1478 1.322365 96224.0
2025-12-09 09:08:45 INFO     Save checkpoint to family\grounding.pt
2025-12-09 09:08:48 INFO     loss:    540 1478 0.786008 96224.0
2025-12-09 09:08:48 INFO     Save checkpoint to family\grounding.pt
2025-12-09 09:08:52 INFO     loss:    550 1478 1.662128 96224.0
2025-12-09 09:08:52 INFO     Save checkpoint to family\grounding.pt
2025-12-09 09:08:56 INFO     loss:    560 1478 1.775110 96224.0
2025-12-09 09:08:56 INFO     Save checkpoint to family\grounding.pt
2025-12-09 09:08:56 INFO     loss:    570 1478 1.305807 96224.0
2025-12-09 09:08:56 INFO     Save checkpoint to family\grounding.pt
2025-12-09 09:09:00 INFO     loss:    580 1478 1.147721 96224.0
2025-12-09 09:09:00 INFO     Save checkpoint to family\grounding.pt
2025-12-09 09:09:04 INFO     loss:    590 1478 2.185664 96224.0
2025-12-09 09:09:04 INFO     Save checkpoint to family\grounding.pt
2025-12-09 09:09:04 INFO     loss:    600 1478 1.762413 96224.0
2025-12-09 09:09:04 INFO     Save checkpoint to family\grounding.pt
2025-12-09 09:09:08 INFO     loss:    610 1478 2.068386 96224.0
2025-12-09 09:09:08 INFO     Save checkpoint to family\grounding.pt
2025-12-09 09:09:12 INFO     loss:    620 1478 1.740186 96224.0
2025-12-09 09:09:12 INFO     Save checkpoint to family\grounding.pt
2025-12-09 09:09:15 INFO     loss:    630 1478 1.205070 96224.0
2025-12-09 09:09:15 INFO     Save checkpoint to family\grounding.pt
2025-12-09 09:09:16 INFO     loss:    640 1478 1.674457 91412.8
2025-12-09 09:09:16 INFO     Save checkpoint to family\grounding.pt
2025-12-09 09:09:19 INFO     loss:    650 1478 1.053981 96224.0
2025-12-09 09:09:19 INFO     Save checkpoint to family\grounding.pt
2025-12-09 09:09:23 INFO     loss:    660 1478 2.039867 93517.7
2025-12-09 09:09:23 INFO     Save checkpoint to family\grounding.pt
2025-12-09 09:09:27 INFO     loss:    670 1478 1.973880 96224.0
2025-12-09 09:09:27 INFO     Save checkpoint to family\grounding.pt
2025-12-09 09:09:27 INFO     loss:    680 1478 2.119194 96224.0
2025-12-09 09:09:27 INFO     Save checkpoint to family\grounding.pt
2025-12-09 09:09:31 INFO     loss:    690 1478 1.941991 96224.0
2025-12-09 09:09:31 INFO     Save checkpoint to family\grounding.pt
2025-12-09 09:09:34 INFO     loss:    700 1478 0.718300 96224.0
2025-12-09 09:09:34 INFO     Save checkpoint to family\grounding.pt
2025-12-09 09:09:35 INFO     loss:    710 1478 1.339377 96224.0
2025-12-09 09:09:35 INFO     Save checkpoint to family\grounding.pt
2025-12-09 09:09:39 INFO     loss:    720 1478 1.331589 96224.0
2025-12-09 09:09:39 INFO     Save checkpoint to family\grounding.pt
2025-12-09 09:09:42 INFO     loss:    730 1478 1.616993 96224.0
2025-12-09 09:09:42 INFO     Save checkpoint to family\grounding.pt
2025-12-09 09:09:43 INFO     loss:    740 1478 1.301877 87503.7
2025-12-09 09:09:43 INFO     Save checkpoint to family\grounding.pt
2025-12-09 09:09:46 INFO     loss:    750 1478 1.194416 96224.0
2025-12-09 09:09:46 INFO     Save checkpoint to family\grounding.pt
2025-12-09 09:09:50 INFO     loss:    760 1478 0.573982 96224.0
2025-12-09 09:09:50 INFO     Save checkpoint to family\grounding.pt
2025-12-09 09:09:54 INFO     loss:    770 1478 1.342887 96224.0
2025-12-09 09:09:54 INFO     Save checkpoint to family\grounding.pt
2025-12-09 09:09:54 INFO     loss:    780 1478 1.800044 96224.0
2025-12-09 09:09:54 INFO     Save checkpoint to family\grounding.pt
2025-12-09 09:09:58 INFO     loss:    790 1478 1.766016 96224.0
2025-12-09 09:09:58 INFO     Save checkpoint to family\grounding.pt
2025-12-09 09:10:01 INFO     loss:    800 1478 0.096960 87503.7
2025-12-09 09:10:01 INFO     Save checkpoint to family\grounding.pt
2025-12-09 09:10:02 INFO     loss:    810 1478 2.698991 96224.0
2025-12-09 09:10:02 INFO     Save checkpoint to family\grounding.pt
2025-12-09 09:10:06 INFO     loss:    820 1478 1.514624 96224.0
2025-12-09 09:10:06 INFO     Save checkpoint to family\grounding.pt
2025-12-09 09:10:09 INFO     loss:    830 1478 1.236267 96224.0
2025-12-09 09:10:09 INFO     Save checkpoint to family\grounding.pt
2025-12-09 09:10:10 INFO     loss:    840 1478 2.684149 96224.0
2025-12-09 09:10:10 INFO     Save checkpoint to family\grounding.pt
2025-12-09 09:10:13 INFO     loss:    850 1478 2.041441 88706.5
2025-12-09 09:10:13 INFO     Save checkpoint to family\grounding.pt
2025-12-09 09:10:17 INFO     loss:    860 1478 2.659027 96224.0
2025-12-09 09:10:17 INFO     Save checkpoint to family\grounding.pt
2025-12-09 09:10:21 INFO     loss:    870 1478 0.269850 96224.0
2025-12-09 09:10:21 INFO     Save checkpoint to family\grounding.pt
2025-12-09 09:10:24 INFO     loss:    880 1478 2.010856 96224.0
2025-12-09 09:10:24 INFO     Save checkpoint to family\grounding.pt
2025-12-09 09:10:25 INFO     loss:    890 1478 1.675035 96224.0
2025-12-09 09:10:25 INFO     Save checkpoint to family\grounding.pt
2025-12-09 09:10:29 INFO     loss:    900 1478 2.694832 96224.0
2025-12-09 09:10:29 INFO     Save checkpoint to family\grounding.pt
2025-12-09 09:10:33 INFO     loss:    910 1478 1.959014 96224.0
2025-12-09 09:10:33 INFO     Save checkpoint to family\grounding.pt
2025-12-09 09:10:36 INFO     loss:    920 1478 1.653677 96224.0
2025-12-09 09:10:36 INFO     Save checkpoint to family\grounding.pt
2025-12-09 09:10:37 INFO     loss:    930 1478 1.443246 92615.6
2025-12-09 09:10:37 INFO     Save checkpoint to family\grounding.pt
2025-12-09 09:10:41 INFO     loss:    940 1478 1.699397 96224.0
2025-12-09 09:10:41 INFO     Save checkpoint to family\grounding.pt
2025-12-09 09:10:44 INFO     loss:    950 1478 2.650430 96224.0
2025-12-09 09:10:44 INFO     Save checkpoint to family\grounding.pt
2025-12-09 09:10:48 INFO     loss:    960 1478 1.310197 96224.0
2025-12-09 09:10:48 INFO     Save checkpoint to family\grounding.pt
2025-12-09 09:10:49 INFO     loss:    970 1478 1.202613 96224.0
2025-12-09 09:10:49 INFO     Save checkpoint to family\grounding.pt
2025-12-09 09:10:52 INFO     loss:    980 1478 0.037180 89307.9
2025-12-09 09:10:52 INFO     Save checkpoint to family\grounding.pt
2025-12-09 09:10:56 INFO     loss:    990 1478 1.952269 96224.0
2025-12-09 09:10:56 INFO     Save checkpoint to family\grounding.pt
2025-12-09 09:10:56 INFO     loss:    1000 1478 0.709224 96224.0
2025-12-09 09:10:56 INFO     Save checkpoint to family\grounding.pt
2025-12-09 09:11:00 INFO     loss:    1010 1478 1.480642 96224.0
2025-12-09 09:11:00 INFO     Save checkpoint to family\grounding.pt
2025-12-09 09:11:03 INFO     loss:    1020 1478 1.267205 96224.0
2025-12-09 09:11:03 INFO     Save checkpoint to family\grounding.pt
2025-12-09 09:11:07 INFO     loss:    1030 1478 0.022855 96224.0
2025-12-09 09:11:07 INFO     Save checkpoint to family\grounding.pt
2025-12-09 09:11:07 INFO     loss:    1040 1478 2.127942 96224.0
2025-12-09 09:11:07 INFO     Save checkpoint to family\grounding.pt
2025-12-09 09:11:11 INFO     loss:    1050 1478 1.392489 96224.0
2025-12-09 09:11:11 INFO     Save checkpoint to family\grounding.pt
2025-12-09 09:11:15 INFO     loss:    1060 1478 1.927661 96224.0
2025-12-09 09:11:15 INFO     Save checkpoint to family\grounding.pt
2025-12-09 09:11:15 INFO     loss:    1070 1478 1.146538 96224.0
2025-12-09 09:11:15 INFO     Save checkpoint to family\grounding.pt
2025-12-09 09:11:19 INFO     loss:    1080 1478 1.863644 96224.0
2025-12-09 09:11:19 INFO     Save checkpoint to family\grounding.pt
2025-12-09 09:11:23 INFO     loss:    1090 1478 2.076073 96224.0
2025-12-09 09:11:23 INFO     Save checkpoint to family\grounding.pt
2025-12-09 09:11:26 INFO     loss:    1100 1478 1.986787 96224.0
2025-12-09 09:11:26 INFO     Save checkpoint to family\grounding.pt
2025-12-09 09:11:27 INFO     loss:    1110 1478 1.275836 96224.0
2025-12-09 09:11:27 INFO     Save checkpoint to family\grounding.pt
2025-12-09 09:11:30 INFO     loss:    1120 1478 1.975137 96224.0
2025-12-09 09:11:30 INFO     Save checkpoint to family\grounding.pt
2025-12-09 09:11:34 INFO     loss:    1130 1478 2.611473 96224.0
2025-12-09 09:11:34 INFO     Save checkpoint to family\grounding.pt
2025-12-09 09:11:38 INFO     loss:    1140 1478 1.535933 96224.0
2025-12-09 09:11:38 INFO     Save checkpoint to family\grounding.pt
2025-12-09 09:11:39 INFO     loss:    1150 1478 0.607689 96224.0
2025-12-09 09:11:39 INFO     Save checkpoint to family\grounding.pt
2025-12-09 09:11:42 INFO     loss:    1160 1478 1.362792 96224.0
2025-12-09 09:11:42 INFO     Save checkpoint to family\grounding.pt
2025-12-09 09:11:46 INFO     loss:    1170 1478 2.691883 95021.2
2025-12-09 09:11:46 INFO     Save checkpoint to family\grounding.pt
2025-12-09 09:11:47 INFO     loss:    1180 1478 1.528293 92916.3
2025-12-09 09:11:47 INFO     Save checkpoint to family\grounding.pt
2025-12-09 09:11:50 INFO     loss:    1190 1478 2.572291 96224.0
2025-12-09 09:11:50 INFO     Save checkpoint to family\grounding.pt
2025-12-09 09:11:54 INFO     loss:    1200 1478 1.207418 96224.0
2025-12-09 09:11:54 INFO     Save checkpoint to family\grounding.pt
2025-12-09 09:11:57 INFO     loss:    1210 1478 0.079375 96224.0
2025-12-09 09:11:57 INFO     Save checkpoint to family\grounding.pt
2025-12-09 09:11:58 INFO     loss:    1220 1478 0.500532 96224.0
2025-12-09 09:11:58 INFO     Save checkpoint to family\grounding.pt
2025-12-09 09:12:02 INFO     loss:    1230 1478 1.941028 96224.0
2025-12-09 09:12:02 INFO     Save checkpoint to family\grounding.pt
2025-12-09 09:12:05 INFO     loss:    1240 1478 1.828721 96224.0
2025-12-09 09:12:05 INFO     Save checkpoint to family\grounding.pt
2025-12-09 09:12:09 INFO     loss:    1250 1478 1.947355 95021.2
2025-12-09 09:12:09 INFO     Save checkpoint to family\grounding.pt
2025-12-09 09:12:10 INFO     loss:    1260 1478 1.535086 96224.0
2025-12-09 09:12:10 INFO     Save checkpoint to family\grounding.pt
2025-12-09 09:12:13 INFO     loss:    1270 1478 2.101741 96224.0
2025-12-09 09:12:13 INFO     Save checkpoint to family\grounding.pt
2025-12-09 09:12:17 INFO     loss:    1280 1478 1.878541 96224.0
2025-12-09 09:12:17 INFO     Save checkpoint to family\grounding.pt
2025-12-09 09:12:21 INFO     loss:    1290 1478 1.844935 96224.0
2025-12-09 09:12:21 INFO     Save checkpoint to family\grounding.pt
2025-12-09 09:12:21 INFO     loss:    1300 1478 1.319785 96224.0
2025-12-09 09:12:21 INFO     Save checkpoint to family\grounding.pt
2025-12-09 09:12:25 INFO     loss:    1310 1478 0.951029 96224.0
2025-12-09 09:12:25 INFO     Save checkpoint to family\grounding.pt
2025-12-09 09:12:28 INFO     loss:    1320 1478 1.860096 96224.0
2025-12-09 09:12:28 INFO     Save checkpoint to family\grounding.pt
2025-12-09 09:12:29 INFO     loss:    1330 1478 1.877136 96224.0
2025-12-09 09:12:29 INFO     Save checkpoint to family\grounding.pt
2025-12-09 09:12:33 INFO     loss:    1340 1478 1.872377 96224.0
2025-12-09 09:12:33 INFO     Save checkpoint to family\grounding.pt
2025-12-09 09:12:36 INFO     loss:    1350 1478 1.156194 96224.0
2025-12-09 09:12:36 INFO     Save checkpoint to family\grounding.pt
2025-12-09 09:12:37 INFO     loss:    1360 1478 0.625938 96224.0
2025-12-09 09:12:37 INFO     Save checkpoint to family\grounding.pt
2025-12-09 09:12:41 INFO     loss:    1370 1478 1.775896 91412.8
2025-12-09 09:12:41 INFO     Save checkpoint to family\grounding.pt
2025-12-09 09:12:44 INFO     loss:    1380 1478 0.922466 96224.0
2025-12-09 09:12:44 INFO     Save checkpoint to family\grounding.pt
2025-12-09 09:12:48 INFO     loss:    1390 1478 2.054083 96224.0
2025-12-09 09:12:48 INFO     Save checkpoint to family\grounding.pt
2025-12-09 09:12:49 INFO     loss:    1400 1478 2.053812 96224.0
2025-12-09 09:12:49 INFO     Save checkpoint to family\grounding.pt
2025-12-09 09:12:52 INFO     loss:    1410 1478 2.158589 96224.0
2025-12-09 09:12:52 INFO     Save checkpoint to family\grounding.pt
2025-12-09 09:12:56 INFO     loss:    1420 1478 2.154311 96224.0
2025-12-09 09:12:56 INFO     Save checkpoint to family\grounding.pt
2025-12-09 09:13:00 INFO     loss:    1430 1478 0.913549 96224.0
2025-12-09 09:13:00 INFO     Save checkpoint to family\grounding.pt
2025-12-09 09:13:00 INFO     loss:    1440 1478 1.194474 96224.0
2025-12-09 09:13:00 INFO     Save checkpoint to family\grounding.pt
2025-12-09 09:13:04 INFO     loss:    1450 1478 1.248677 96224.0
2025-12-09 09:13:04 INFO     Save checkpoint to family\grounding.pt
2025-12-09 09:13:08 INFO     loss:    1460 1478 1.995185 96224.0
2025-12-09 09:13:08 INFO     Save checkpoint to family\grounding.pt
2025-12-09 09:13:08 INFO     loss:    1470 1478 1.978211 96224.0
2025-12-09 09:13:08 INFO     Save checkpoint to family\grounding.pt
2025-12-09 09:13:12 INFO     >>>>> Predictor: Evaluating on valid
2025-12-09 09:13:47 INFO     Data : 4076
2025-12-09 09:13:47 INFO     Hit1 : 0.956575
2025-12-09 09:13:47 INFO     Hit3 : 0.986261
2025-12-09 09:13:47 INFO     Hit10: 0.989205
2025-12-09 09:13:47 INFO     MR   : 22.617517
2025-12-09 09:13:47 INFO     MRR  : 0.971506
2025-12-09 09:13:47 INFO     Save checkpoint to family\grounding.pt
2025-12-09 09:13:47 INFO     -------------------------
2025-12-09 09:13:47 INFO     | Iteration: 10/10
2025-12-09 09:13:47 INFO     -------------------------
2025-12-09 09:13:59 INFO     loss:    10 1478 1.782907 96224.0
2025-12-09 09:13:59 INFO     Save checkpoint to family\grounding.pt
2025-12-09 09:14:03 INFO     loss:    20 1478 2.106543 96224.0
2025-12-09 09:14:03 INFO     Save checkpoint to family\grounding.pt
2025-12-09 09:14:07 INFO     loss:    30 1478 2.405725 96224.0
2025-12-09 09:14:07 INFO     Save checkpoint to family\grounding.pt
2025-12-09 09:14:07 INFO     loss:    40 1478 0.115910 96224.0
2025-12-09 09:14:07 INFO     Save checkpoint to family\grounding.pt
2025-12-09 09:14:11 INFO     loss:    50 1478 0.508074 93517.7
2025-12-09 09:14:11 INFO     Save checkpoint to family\grounding.pt
2025-12-09 09:14:15 INFO     loss:    60 1478 1.480737 90210.0
2025-12-09 09:14:15 INFO     Save checkpoint to family\grounding.pt
2025-12-09 09:14:18 INFO     loss:    70 1478 1.339864 96224.0
2025-12-09 09:14:18 INFO     Save checkpoint to family\grounding.pt
2025-12-09 09:14:19 INFO     loss:    80 1478 1.924636 96224.0
2025-12-09 09:14:19 INFO     Save checkpoint to family\grounding.pt
2025-12-09 09:14:22 INFO     loss:    90 1478 2.567106 96224.0
2025-12-09 09:14:22 INFO     Save checkpoint to family\grounding.pt
2025-12-09 09:14:26 INFO     loss:    100 1478 1.390247 96224.0
2025-12-09 09:14:26 INFO     Save checkpoint to family\grounding.pt
2025-12-09 09:14:30 INFO     loss:    110 1478 1.375490 96224.0
2025-12-09 09:14:30 INFO     Save checkpoint to family\grounding.pt
2025-12-09 09:14:30 INFO     loss:    120 1478 1.098004 96224.0
2025-12-09 09:14:30 INFO     Save checkpoint to family\grounding.pt
2025-12-09 09:14:34 INFO     loss:    130 1478 1.232632 96224.0
2025-12-09 09:14:34 INFO     Save checkpoint to family\grounding.pt
2025-12-09 09:14:38 INFO     loss:    140 1478 1.094425 93818.4
2025-12-09 09:14:38 INFO     Save checkpoint to family\grounding.pt
2025-12-09 09:14:41 INFO     loss:    150 1478 1.941922 96224.0
2025-12-09 09:14:41 INFO     Save checkpoint to family\grounding.pt
2025-12-09 09:14:42 INFO     loss:    160 1478 1.320451 96224.0
2025-12-09 09:14:42 INFO     Save checkpoint to family\grounding.pt
2025-12-09 09:14:46 INFO     loss:    170 1478 0.039378 96224.0
2025-12-09 09:14:46 INFO     Save checkpoint to family\grounding.pt
2025-12-09 09:14:49 INFO     loss:    180 1478 1.856906 96224.0
2025-12-09 09:14:49 INFO     Save checkpoint to family\grounding.pt
2025-12-09 09:14:50 INFO     loss:    190 1478 1.394062 96224.0
2025-12-09 09:14:50 INFO     Save checkpoint to family\grounding.pt
2025-12-09 09:14:54 INFO     loss:    200 1478 1.670832 96224.0
2025-12-09 09:14:54 INFO     Save checkpoint to family\grounding.pt
2025-12-09 09:14:57 INFO     loss:    210 1478 2.142671 96224.0
2025-12-09 09:14:57 INFO     Save checkpoint to family\grounding.pt
2025-12-09 09:14:58 INFO     loss:    220 1478 1.970172 96224.0
2025-12-09 09:14:58 INFO     Save checkpoint to family\grounding.pt
2025-12-09 09:15:02 INFO     loss:    230 1478 1.235408 96224.0
2025-12-09 09:15:02 INFO     Save checkpoint to family\grounding.pt
2025-12-09 09:15:05 INFO     loss:    240 1478 0.969658 96224.0
2025-12-09 09:15:05 INFO     Save checkpoint to family\grounding.pt
2025-12-09 09:15:09 INFO     loss:    250 1478 1.928073 96224.0
2025-12-09 09:15:09 INFO     Save checkpoint to family\grounding.pt
2025-12-09 09:15:10 INFO     loss:    260 1478 1.606543 92916.3
2025-12-09 09:15:10 INFO     Save checkpoint to family\grounding.pt
2025-12-09 09:15:13 INFO     loss:    270 1478 2.425120 96224.0
2025-12-09 09:15:13 INFO     Save checkpoint to family\grounding.pt
2025-12-09 09:15:17 INFO     loss:    280 1478 1.826566 96224.0
2025-12-09 09:15:17 INFO     Save checkpoint to family\grounding.pt
2025-12-09 09:15:17 INFO     loss:    290 1478 1.325335 96224.0
2025-12-09 09:15:17 INFO     Save checkpoint to family\grounding.pt
2025-12-09 09:15:21 INFO     loss:    300 1478 0.628263 96224.0
2025-12-09 09:15:21 INFO     Save checkpoint to family\grounding.pt
2025-12-09 09:15:24 INFO     loss:    310 1478 1.329589 96224.0
2025-12-09 09:15:24 INFO     Save checkpoint to family\grounding.pt
2025-12-09 09:15:28 INFO     loss:    320 1478 0.913348 96224.0
2025-12-09 09:15:28 INFO     Save checkpoint to family\grounding.pt
2025-12-09 09:15:29 INFO     loss:    330 1478 1.025166 87804.4
2025-12-09 09:15:29 INFO     Save checkpoint to family\grounding.pt
2025-12-09 09:15:32 INFO     loss:    340 1478 0.064405 96224.0
2025-12-09 09:15:32 INFO     Save checkpoint to family\grounding.pt
2025-12-09 09:15:36 INFO     loss:    350 1478 1.873477 96224.0
2025-12-09 09:15:36 INFO     Save checkpoint to family\grounding.pt
2025-12-09 09:15:39 INFO     loss:    360 1478 1.621099 96224.0
2025-12-09 09:15:39 INFO     Save checkpoint to family\grounding.pt
2025-12-09 09:15:40 INFO     loss:    370 1478 1.867956 96224.0
2025-12-09 09:15:40 INFO     Save checkpoint to family\grounding.pt
2025-12-09 09:15:43 INFO     loss:    380 1478 1.895810 89307.9
2025-12-09 09:15:43 INFO     Save checkpoint to family\grounding.pt
2025-12-09 09:15:47 INFO     loss:    390 1478 1.818286 87804.4
2025-12-09 09:15:47 INFO     Save checkpoint to family\grounding.pt
2025-12-09 09:15:48 INFO     loss:    400 1478 1.287416 96224.0
2025-12-09 09:15:48 INFO     Save checkpoint to family\grounding.pt
2025-12-09 09:15:52 INFO     loss:    410 1478 1.301573 96224.0
2025-12-09 09:15:52 INFO     Save checkpoint to family\grounding.pt
2025-12-09 09:15:55 INFO     loss:    420 1478 0.359891 96224.0
2025-12-09 09:15:55 INFO     Save checkpoint to family\grounding.pt
2025-12-09 09:15:59 INFO     loss:    430 1478 0.938739 96224.0
2025-12-09 09:15:59 INFO     Save checkpoint to family\grounding.pt
2025-12-09 09:15:59 INFO     loss:    440 1478 1.277496 88706.5
2025-12-09 09:15:59 INFO     Save checkpoint to family\grounding.pt
2025-12-09 09:16:03 INFO     loss:    450 1478 1.948969 96224.0
2025-12-09 09:16:03 INFO     Save checkpoint to family\grounding.pt
2025-12-09 09:16:06 INFO     loss:    460 1478 0.556399 96224.0
2025-12-09 09:16:06 INFO     Save checkpoint to family\grounding.pt
2025-12-09 09:16:07 INFO     loss:    470 1478 1.354613 96224.0
2025-12-09 09:16:07 INFO     Save checkpoint to family\grounding.pt
2025-12-09 09:16:11 INFO     loss:    480 1478 2.370728 96224.0
2025-12-09 09:16:11 INFO     Save checkpoint to family\grounding.pt
2025-12-09 09:16:14 INFO     loss:    490 1478 1.858986 96224.0
2025-12-09 09:16:14 INFO     Save checkpoint to family\grounding.pt
2025-12-09 09:16:18 INFO     loss:    500 1478 2.565565 96224.0
2025-12-09 09:16:18 INFO     Save checkpoint to family\grounding.pt
2025-12-09 09:16:19 INFO     loss:    510 1478 1.406191 96224.0
2025-12-09 09:16:19 INFO     Save checkpoint to family\grounding.pt
2025-12-09 09:16:22 INFO     loss:    520 1478 1.917535 96224.0
2025-12-09 09:16:22 INFO     Save checkpoint to family\grounding.pt
2025-12-09 09:16:26 INFO     loss:    530 1478 1.311926 96224.0
2025-12-09 09:16:26 INFO     Save checkpoint to family\grounding.pt
2025-12-09 09:16:27 INFO     loss:    540 1478 0.764387 96224.0
2025-12-09 09:16:27 INFO     Save checkpoint to family\grounding.pt
2025-12-09 09:16:30 INFO     loss:    550 1478 1.655419 96224.0
2025-12-09 09:16:30 INFO     Save checkpoint to family\grounding.pt
2025-12-09 09:16:34 INFO     loss:    560 1478 1.765044 96224.0
2025-12-09 09:16:34 INFO     Save checkpoint to family\grounding.pt
2025-12-09 09:16:38 INFO     loss:    570 1478 1.295822 96224.0
2025-12-09 09:16:38 INFO     Save checkpoint to family\grounding.pt
2025-12-09 09:16:38 INFO     loss:    580 1478 1.127985 96224.0
2025-12-09 09:16:38 INFO     Save checkpoint to family\grounding.pt
2025-12-09 09:16:42 INFO     loss:    590 1478 2.179073 96224.0
2025-12-09 09:16:42 INFO     Save checkpoint to family\grounding.pt
2025-12-09 09:16:45 INFO     loss:    600 1478 1.739941 96224.0
2025-12-09 09:16:45 INFO     Save checkpoint to family\grounding.pt
2025-12-09 09:16:49 INFO     loss:    610 1478 2.061435 96224.0
2025-12-09 09:16:49 INFO     Save checkpoint to family\grounding.pt
2025-12-09 09:16:50 INFO     loss:    620 1478 1.731259 96224.0
2025-12-09 09:16:50 INFO     Save checkpoint to family\grounding.pt
2025-12-09 09:16:53 INFO     loss:    630 1478 1.189938 96224.0
2025-12-09 09:16:53 INFO     Save checkpoint to family\grounding.pt
2025-12-09 09:16:57 INFO     loss:    640 1478 1.666480 91412.8
2025-12-09 09:16:57 INFO     Save checkpoint to family\grounding.pt
2025-12-09 09:16:58 INFO     loss:    650 1478 1.016041 96224.0
2025-12-09 09:16:58 INFO     Save checkpoint to family\grounding.pt
2025-12-09 09:17:01 INFO     loss:    660 1478 2.024380 93517.7
2025-12-09 09:17:01 INFO     Save checkpoint to family\grounding.pt
2025-12-09 09:17:05 INFO     loss:    670 1478 1.972410 96224.0
2025-12-09 09:17:05 INFO     Save checkpoint to family\grounding.pt
2025-12-09 09:17:08 INFO     loss:    680 1478 2.116575 96224.0
2025-12-09 09:17:08 INFO     Save checkpoint to family\grounding.pt
2025-12-09 09:17:09 INFO     loss:    690 1478 1.924354 96224.0
2025-12-09 09:17:09 INFO     Save checkpoint to family\grounding.pt
2025-12-09 09:17:13 INFO     loss:    700 1478 0.690572 96224.0
2025-12-09 09:17:13 INFO     Save checkpoint to family\grounding.pt
2025-12-09 09:17:16 INFO     loss:    710 1478 1.319467 96224.0
2025-12-09 09:17:16 INFO     Save checkpoint to family\grounding.pt
2025-12-09 09:17:17 INFO     loss:    720 1478 1.316804 96224.0
2025-12-09 09:17:17 INFO     Save checkpoint to family\grounding.pt
2025-12-09 09:17:21 INFO     loss:    730 1478 1.593620 96224.0
2025-12-09 09:17:21 INFO     Save checkpoint to family\grounding.pt
2025-12-09 09:17:24 INFO     loss:    740 1478 1.278943 87503.7
2025-12-09 09:17:24 INFO     Save checkpoint to family\grounding.pt
2025-12-09 09:17:25 INFO     loss:    750 1478 1.187055 96224.0
2025-12-09 09:17:25 INFO     Save checkpoint to family\grounding.pt
2025-12-09 09:17:29 INFO     loss:    760 1478 0.560974 96224.0
2025-12-09 09:17:29 INFO     Save checkpoint to family\grounding.pt
2025-12-09 09:17:32 INFO     loss:    770 1478 1.338078 96224.0
2025-12-09 09:17:32 INFO     Save checkpoint to family\grounding.pt
2025-12-09 09:17:36 INFO     loss:    780 1478 1.785017 96224.0
2025-12-09 09:17:36 INFO     Save checkpoint to family\grounding.pt
2025-12-09 09:17:36 INFO     loss:    790 1478 1.730562 96224.0
2025-12-09 09:17:36 INFO     Save checkpoint to family\grounding.pt
2025-12-09 09:17:40 INFO     loss:    800 1478 0.085955 87503.7
2025-12-09 09:17:40 INFO     Save checkpoint to family\grounding.pt
2025-12-09 09:17:44 INFO     loss:    810 1478 2.691718 96224.0
2025-12-09 09:17:44 INFO     Save checkpoint to family\grounding.pt
2025-12-09 09:17:44 INFO     loss:    820 1478 1.499626 96224.0
2025-12-09 09:17:44 INFO     Save checkpoint to family\grounding.pt
2025-12-09 09:17:48 INFO     loss:    830 1478 1.221450 96224.0
2025-12-09 09:17:48 INFO     Save checkpoint to family\grounding.pt
2025-12-09 09:17:51 INFO     loss:    840 1478 2.678177 96224.0
2025-12-09 09:17:51 INFO     Save checkpoint to family\grounding.pt
2025-12-09 09:17:52 INFO     loss:    850 1478 2.036639 88706.5
2025-12-09 09:17:52 INFO     Save checkpoint to family\grounding.pt
2025-12-09 09:17:56 INFO     loss:    860 1478 2.647686 96224.0
2025-12-09 09:17:56 INFO     Save checkpoint to family\grounding.pt
2025-12-09 09:17:59 INFO     loss:    870 1478 0.257991 96224.0
2025-12-09 09:17:59 INFO     Save checkpoint to family\grounding.pt
2025-12-09 09:18:00 INFO     loss:    880 1478 1.992051 96224.0
2025-12-09 09:18:00 INFO     Save checkpoint to family\grounding.pt
2025-12-09 09:18:04 INFO     loss:    890 1478 1.666322 96224.0
2025-12-09 09:18:04 INFO     Save checkpoint to family\grounding.pt
2025-12-09 09:18:07 INFO     loss:    900 1478 2.687379 96224.0
2025-12-09 09:18:07 INFO     Save checkpoint to family\grounding.pt
2025-12-09 09:18:11 INFO     loss:    910 1478 1.937232 96224.0
2025-12-09 09:18:11 INFO     Save checkpoint to family\grounding.pt
2025-12-09 09:18:12 INFO     loss:    920 1478 1.624598 96224.0
2025-12-09 09:18:12 INFO     Save checkpoint to family\grounding.pt
2025-12-09 09:18:15 INFO     loss:    930 1478 1.429387 92615.6
2025-12-09 09:18:15 INFO     Save checkpoint to family\grounding.pt
2025-12-09 09:18:19 INFO     loss:    940 1478 1.686723 96224.0
2025-12-09 09:18:19 INFO     Save checkpoint to family\grounding.pt
2025-12-09 09:18:23 INFO     loss:    950 1478 2.641857 96224.0
2025-12-09 09:18:23 INFO     Save checkpoint to family\grounding.pt
2025-12-09 09:18:26 INFO     loss:    960 1478 1.298206 96224.0
2025-12-09 09:18:26 INFO     Save checkpoint to family\grounding.pt
2025-12-09 09:18:27 INFO     loss:    970 1478 1.194818 96224.0
2025-12-09 09:18:27 INFO     Save checkpoint to family\grounding.pt
2025-12-09 09:18:30 INFO     loss:    980 1478 0.030786 89307.9
2025-12-09 09:18:30 INFO     Save checkpoint to family\grounding.pt
2025-12-09 09:18:34 INFO     loss:    990 1478 1.941747 96224.0
2025-12-09 09:18:34 INFO     Save checkpoint to family\grounding.pt
2025-12-09 09:18:37 INFO     loss:    1000 1478 0.701343 96224.0
2025-12-09 09:18:37 INFO     Save checkpoint to family\grounding.pt
2025-12-09 09:18:38 INFO     loss:    1010 1478 1.475981 96224.0
2025-12-09 09:18:38 INFO     Save checkpoint to family\grounding.pt
2025-12-09 09:18:42 INFO     loss:    1020 1478 1.244871 96224.0
2025-12-09 09:18:42 INFO     Save checkpoint to family\grounding.pt
2025-12-09 09:18:45 INFO     loss:    1030 1478 0.016752 96224.0
2025-12-09 09:18:45 INFO     Save checkpoint to family\grounding.pt
2025-12-09 09:18:49 INFO     loss:    1040 1478 2.115096 96224.0
2025-12-09 09:18:49 INFO     Save checkpoint to family\grounding.pt
2025-12-09 09:18:50 INFO     loss:    1050 1478 1.381695 96224.0
2025-12-09 09:18:50 INFO     Save checkpoint to family\grounding.pt
2025-12-09 09:18:53 INFO     loss:    1060 1478 1.919322 96224.0
2025-12-09 09:18:53 INFO     Save checkpoint to family\grounding.pt
2025-12-09 09:18:56 INFO     loss:    1070 1478 1.131786 96224.0
2025-12-09 09:18:56 INFO     Save checkpoint to family\grounding.pt
2025-12-09 09:18:57 INFO     loss:    1080 1478 1.852722 96224.0
2025-12-09 09:18:57 INFO     Save checkpoint to family\grounding.pt
2025-12-09 09:19:00 INFO     loss:    1090 1478 2.068119 96224.0
2025-12-09 09:19:00 INFO     Save checkpoint to family\grounding.pt
2025-12-09 09:19:04 INFO     loss:    1100 1478 1.974563 96224.0
2025-12-09 09:19:04 INFO     Save checkpoint to family\grounding.pt
2025-12-09 09:19:05 INFO     loss:    1110 1478 1.256413 96224.0
2025-12-09 09:19:05 INFO     Save checkpoint to family\grounding.pt
2025-12-09 09:19:08 INFO     loss:    1120 1478 1.947970 96224.0
2025-12-09 09:19:08 INFO     Save checkpoint to family\grounding.pt
2025-12-09 09:19:12 INFO     loss:    1130 1478 2.605366 96224.0
2025-12-09 09:19:12 INFO     Save checkpoint to family\grounding.pt
2025-12-09 09:19:16 INFO     loss:    1140 1478 1.522290 96224.0
2025-12-09 09:19:16 INFO     Save checkpoint to family\grounding.pt
2025-12-09 09:19:16 INFO     loss:    1150 1478 0.584674 96224.0
2025-12-09 09:19:16 INFO     Save checkpoint to family\grounding.pt
2025-12-09 09:19:20 INFO     loss:    1160 1478 1.354997 96224.0
2025-12-09 09:19:20 INFO     Save checkpoint to family\grounding.pt
2025-12-09 09:19:24 INFO     loss:    1170 1478 2.686268 95021.2
2025-12-09 09:19:24 INFO     Save checkpoint to family\grounding.pt
2025-12-09 09:19:24 INFO     loss:    1180 1478 1.518631 92916.3
2025-12-09 09:19:24 INFO     Save checkpoint to family\grounding.pt
2025-12-09 09:19:28 INFO     loss:    1190 1478 2.562653 96224.0
2025-12-09 09:19:28 INFO     Save checkpoint to family\grounding.pt
2025-12-09 09:19:32 INFO     loss:    1200 1478 1.195703 96224.0
2025-12-09 09:19:32 INFO     Save checkpoint to family\grounding.pt
2025-12-09 09:19:35 INFO     loss:    1210 1478 0.066356 96224.0
2025-12-09 09:19:35 INFO     Save checkpoint to family\grounding.pt
2025-12-09 09:19:36 INFO     loss:    1220 1478 0.491695 96224.0
2025-12-09 09:19:36 INFO     Save checkpoint to family\grounding.pt
2025-12-09 09:19:39 INFO     loss:    1230 1478 1.931518 96224.0
2025-12-09 09:19:39 INFO     Save checkpoint to family\grounding.pt
2025-12-09 09:19:43 INFO     loss:    1240 1478 1.824826 96224.0
2025-12-09 09:19:43 INFO     Save checkpoint to family\grounding.pt
2025-12-09 09:19:44 INFO     loss:    1250 1478 1.936954 95021.2
2025-12-09 09:19:44 INFO     Save checkpoint to family\grounding.pt
2025-12-09 09:19:47 INFO     loss:    1260 1478 1.525676 96224.0
2025-12-09 09:19:47 INFO     Save checkpoint to family\grounding.pt
2025-12-09 09:19:51 INFO     loss:    1270 1478 2.096528 96224.0
2025-12-09 09:19:51 INFO     Save checkpoint to family\grounding.pt
2025-12-09 09:19:52 INFO     loss:    1280 1478 1.859328 96224.0
2025-12-09 09:19:52 INFO     Save checkpoint to family\grounding.pt
2025-12-09 09:19:55 INFO     loss:    1290 1478 1.834401 96224.0
2025-12-09 09:19:55 INFO     Save checkpoint to family\grounding.pt
2025-12-09 09:19:59 INFO     loss:    1300 1478 1.305809 96224.0
2025-12-09 09:19:59 INFO     Save checkpoint to family\grounding.pt
2025-12-09 09:19:59 INFO     loss:    1310 1478 0.942795 96224.0
2025-12-09 09:19:59 INFO     Save checkpoint to family\grounding.pt
2025-12-09 09:20:03 INFO     loss:    1320 1478 1.849470 96224.0
2025-12-09 09:20:03 INFO     Save checkpoint to family\grounding.pt
2025-12-09 09:20:07 INFO     loss:    1330 1478 1.869693 96224.0
2025-12-09 09:20:07 INFO     Save checkpoint to family\grounding.pt
2025-12-09 09:20:10 INFO     loss:    1340 1478 1.860078 96224.0
2025-12-09 09:20:10 INFO     Save checkpoint to family\grounding.pt
2025-12-09 09:20:11 INFO     loss:    1350 1478 1.151030 96224.0
2025-12-09 09:20:11 INFO     Save checkpoint to family\grounding.pt
2025-12-09 09:20:15 INFO     loss:    1360 1478 0.616878 96224.0
2025-12-09 09:20:15 INFO     Save checkpoint to family\grounding.pt
2025-12-09 09:20:18 INFO     loss:    1370 1478 1.761738 91412.8
2025-12-09 09:20:18 INFO     Save checkpoint to family\grounding.pt
2025-12-09 09:20:19 INFO     loss:    1380 1478 0.913560 96224.0
2025-12-09 09:20:19 INFO     Save checkpoint to family\grounding.pt
2025-12-09 09:20:22 INFO     loss:    1390 1478 2.036024 96224.0
2025-12-09 09:20:22 INFO     Save checkpoint to family\grounding.pt
2025-12-09 09:20:26 INFO     loss:    1400 1478 2.042750 96224.0
2025-12-09 09:20:26 INFO     Save checkpoint to family\grounding.pt
2025-12-09 09:20:30 INFO     loss:    1410 1478 2.154163 96224.0
2025-12-09 09:20:30 INFO     Save checkpoint to family\grounding.pt
2025-12-09 09:20:31 INFO     loss:    1420 1478 2.145394 96224.0
2025-12-09 09:20:31 INFO     Save checkpoint to family\grounding.pt
2025-12-09 09:20:34 INFO     loss:    1430 1478 0.898926 96224.0
2025-12-09 09:20:34 INFO     Save checkpoint to family\grounding.pt
2025-12-09 09:20:37 INFO     loss:    1440 1478 1.182619 96224.0
2025-12-09 09:20:37 INFO     Save checkpoint to family\grounding.pt
2025-12-09 09:20:38 INFO     loss:    1450 1478 1.232924 96224.0
2025-12-09 09:20:38 INFO     Save checkpoint to family\grounding.pt
2025-12-09 09:20:42 INFO     loss:    1460 1478 1.988009 96224.0
2025-12-09 09:20:42 INFO     Save checkpoint to family\grounding.pt
2025-12-09 09:20:46 INFO     loss:    1470 1478 1.965361 96224.0
2025-12-09 09:20:46 INFO     Save checkpoint to family\grounding.pt
2025-12-09 09:20:49 INFO     >>>>> Predictor: Evaluating on valid
2025-12-09 09:21:24 INFO     Data : 4076
2025-12-09 09:21:24 INFO     Hit1 : 0.956084
2025-12-09 09:21:24 INFO     Hit3 : 0.986506
2025-12-09 09:21:24 INFO     Hit10: 0.989205
2025-12-09 09:21:24 INFO     MR   : 22.761776
2025-12-09 09:21:24 INFO     MRR  : 0.971423
2025-12-09 09:21:24 INFO     -------------------------
2025-12-09 09:21:24 INFO     | Final Test MRR: 0.000000
2025-12-09 09:21:24 INFO     -------------------------
2025-12-09 09:21:24 INFO     >>>>> Predictor: Evaluating on valid
2025-12-09 09:21:59 INFO     Data : 4076
2025-12-09 09:21:59 INFO     Hit1 : 0.956820
2025-12-09 09:21:59 INFO     Hit3 : 0.986506
2025-12-09 09:21:59 INFO     Hit10: 0.989205
2025-12-09 09:21:59 INFO     MR   : 22.761531
2025-12-09 09:21:59 INFO     MRR  : 0.971791
2025-12-09 09:21:59 INFO     >>>>> Predictor: Evaluating on test
2025-12-09 09:22:46 INFO     Data : 5670
2025-12-09 09:22:46 INFO     Hit1 : 0.963316
2025-12-09 09:22:46 INFO     Hit3 : 0.984656
2025-12-09 09:22:46 INFO     Hit10: 0.986596
2025-12-09 09:22:46 INFO     MR   : 28.153616
2025-12-09 09:22:46 INFO     MRR  : 0.973871
2025-12-09 09:22:46 INFO     >>>>> Predictor: Evaluating on test_kge
2025-12-09 09:24:00 INFO     Data : 5670
2025-12-09 09:24:00 INFO     Hit1 : 0.975309
2025-12-09 09:24:00 INFO     Hit3 : 0.988536
2025-12-09 09:24:00 INFO     Hit10: 0.990829
2025-12-09 09:24:00 INFO     MR   : 17.899118
2025-12-09 09:24:00 INFO     MRR  : 0.982181
