2025-12-07 09:04:08 INFO     read 10000 rules from list.
2025-12-07 09:04:08 INFO     Loaded support_counts from ../data/kinship\support_counts.pt
2025-12-07 09:04:08 INFO     Uncertainty modeling initialized: num_rules=10000, num_samples=5, lambda_0=1.0
2025-12-07 09:04:10 INFO     >>>>> ruleE: Pre-training
2025-12-07 09:04:21 INFO     Training average positive_fact_loss at step 0: 2.435418
2025-12-07 09:04:21 INFO     Training average negative_fact_loss at step 0: 0.093185
2025-12-07 09:04:21 INFO     Training average positive_rule_loss at step 0: 0.310430
2025-12-07 09:04:21 INFO     Training average negative_rule_loss at step 0: 7.247868
2025-12-07 09:04:21 INFO     Training average L_uncertainty at step 0: 178.011322
2025-12-07 09:04:21 INFO     Training average L_kl at step 0: 49.220695
2025-12-07 09:04:21 INFO     Training average L_sigma at step 0: 177962.093750
2025-12-07 09:04:21 INFO     Training average mu_mean at step 0: 0.087321
2025-12-07 09:04:21 INFO     Training average sigma_mean at step 0: 1.033485
2025-12-07 09:04:21 INFO     Training average regularization at step 0: 0.004260
2025-12-07 09:04:21 INFO     Training average loss at step 0: 5.225722
2025-12-07 09:04:21 INFO     Evaluating on Valid Dataset...
2025-12-07 09:04:21 INFO     >>>>> RuleE emb: Evaluating on valid
2025-12-07 09:04:31 INFO     Data : 4274
2025-12-07 09:04:31 INFO     Hit1 : 0.000000
2025-12-07 09:04:31 INFO     Hit3 : 0.020590
2025-12-07 09:04:31 INFO     Hit10: 0.099204
2025-12-07 09:04:31 INFO     MR   : 47.679106
2025-12-07 09:04:31 INFO     MRR  : 0.044752
2025-12-07 09:05:23 INFO     Training average positive_fact_loss at step 100: 0.667748
2025-12-07 09:05:23 INFO     Training average negative_fact_loss at step 100: 0.561538
2025-12-07 09:05:23 INFO     Training average positive_rule_loss at step 100: 0.354685
2025-12-07 09:05:23 INFO     Training average negative_rule_loss at step 100: 6.858923
2025-12-07 09:05:23 INFO     Training average L_uncertainty at step 100: 168.974521
2025-12-07 09:05:23 INFO     Training average L_kl at step 100: 67.488351
2025-12-07 09:05:23 INFO     Training average L_sigma at step 100: 168907.023594
2025-12-07 09:05:23 INFO     Training average mu_mean at step 100: -0.016285
2025-12-07 09:05:23 INFO     Training average sigma_mean at step 100: 0.979304
2025-12-07 09:05:23 INFO     Training average regularization at step 100: 0.002473
2025-12-07 09:05:23 INFO     Training average loss at step 100: 4.392894
2025-12-07 09:06:23 INFO     Training average positive_fact_loss at step 200: 0.399523
2025-12-07 09:06:23 INFO     Training average negative_fact_loss at step 200: 0.372184
2025-12-07 09:06:23 INFO     Training average positive_rule_loss at step 200: 1.079729
2025-12-07 09:06:23 INFO     Training average negative_rule_loss at step 200: 3.981742
2025-12-07 09:06:23 INFO     Training average L_uncertainty at step 200: 98.978706
2025-12-07 09:06:23 INFO     Training average L_kl at step 200: 21360.654274
2025-12-07 09:06:23 INFO     Training average L_sigma at step 200: 77618.047393
2025-12-07 09:06:23 INFO     Training average mu_mean at step 200: -1.547192
2025-12-07 09:06:23 INFO     Training average sigma_mean at step 200: 0.515170
2025-12-07 09:06:23 INFO     Training average regularization at step 200: 0.003730
2025-12-07 09:06:23 INFO     Training average loss at step 200: 3.019298
2025-12-07 09:07:18 INFO     Training average positive_fact_loss at step 300: 0.337639
2025-12-07 09:07:18 INFO     Training average negative_fact_loss at step 300: 0.328958
2025-12-07 09:07:18 INFO     Training average positive_rule_loss at step 300: 1.777435
2025-12-07 09:07:18 INFO     Training average negative_rule_loss at step 300: 2.418182
2025-12-07 09:07:18 INFO     Training average L_uncertainty at step 300: 63.203360
2025-12-07 09:07:18 INFO     Training average L_kl at step 300: 60510.011602
2025-12-07 09:07:18 INFO     Training average L_sigma at step 300: 2693.346066
2025-12-07 09:07:18 INFO     Training average mu_mean at step 300: -3.020729
2025-12-07 09:07:18 INFO     Training average sigma_mean at step 300: 0.149777
2025-12-07 09:07:18 INFO     Training average regularization at step 300: 0.005153
2025-12-07 09:07:18 INFO     Training average loss at step 300: 2.499464
2025-12-07 09:08:18 INFO     Training average positive_fact_loss at step 400: 0.329294
2025-12-07 09:08:18 INFO     Training average negative_fact_loss at step 400: 0.318201
2025-12-07 09:08:18 INFO     Training average positive_rule_loss at step 400: 1.780870
2025-12-07 09:08:18 INFO     Training average negative_rule_loss at step 400: 2.410635
2025-12-07 09:08:18 INFO     Training average L_uncertainty at step 400: 61.071699
2025-12-07 09:08:18 INFO     Training average L_kl at step 400: 59970.750586
2025-12-07 09:08:18 INFO     Training average L_sigma at step 400: 1100.945131
2025-12-07 09:08:18 INFO     Training average mu_mean at step 400: -3.007731
2025-12-07 09:08:18 INFO     Training average sigma_mean at step 400: 0.142910
2025-12-07 09:08:18 INFO     Training average regularization at step 400: 0.005607
2025-12-07 09:08:18 INFO     Training average loss at step 400: 2.486179
2025-12-07 09:09:14 INFO     Training average positive_fact_loss at step 500: 0.325304
2025-12-07 09:09:14 INFO     Training average negative_fact_loss at step 500: 0.312503
2025-12-07 09:09:14 INFO     Training average positive_rule_loss at step 500: 1.782732
2025-12-07 09:09:14 INFO     Training average negative_rule_loss at step 500: 2.407711
2025-12-07 09:09:14 INFO     Training average L_uncertainty at step 500: 60.693385
2025-12-07 09:09:14 INFO     Training average L_kl at step 500: 59843.416641
2025-12-07 09:09:14 INFO     Training average L_sigma at step 500: 849.965389
2025-12-07 09:09:14 INFO     Training average mu_mean at step 500: -3.004866
2025-12-07 09:09:14 INFO     Training average sigma_mean at step 500: 0.142069
2025-12-07 09:09:14 INFO     Training average regularization at step 500: 0.005821
2025-12-07 09:09:14 INFO     Training average loss at step 500: 2.480639
2025-12-07 09:10:15 INFO     Training average positive_fact_loss at step 600: 0.322827
2025-12-07 09:10:15 INFO     Training average negative_fact_loss at step 600: 0.308919
2025-12-07 09:10:15 INFO     Training average positive_rule_loss at step 600: 1.780140
2025-12-07 09:10:15 INFO     Training average negative_rule_loss at step 600: 2.410728
2025-12-07 09:10:15 INFO     Training average L_uncertainty at step 600: 60.675328
2025-12-07 09:10:15 INFO     Training average L_kl at step 600: 59866.230703
2025-12-07 09:10:15 INFO     Training average L_sigma at step 600: 809.094534
2025-12-07 09:10:15 INFO     Training average mu_mean at step 600: -3.005867
2025-12-07 09:10:15 INFO     Training average sigma_mean at step 600: 0.141977
2025-12-07 09:10:15 INFO     Training average regularization at step 600: 0.005936
2025-12-07 09:10:15 INFO     Training average loss at step 600: 2.477918
2025-12-07 09:11:02 INFO     Training average positive_fact_loss at step 700: 0.322499
2025-12-07 09:11:02 INFO     Training average negative_fact_loss at step 700: 0.306121
2025-12-07 09:11:02 INFO     Training average positive_rule_loss at step 700: 1.782818
2025-12-07 09:11:02 INFO     Training average negative_rule_loss at step 700: 2.407325
2025-12-07 09:11:02 INFO     Training average L_uncertainty at step 700: 60.794405
2025-12-07 09:11:02 INFO     Training average L_kl at step 700: 59989.902383
2025-12-07 09:11:02 INFO     Training average L_sigma at step 700: 804.499584
2025-12-07 09:11:02 INFO     Training average mu_mean at step 700: -3.009951
2025-12-07 09:11:02 INFO     Training average sigma_mean at step 700: 0.141981
2025-12-07 09:11:02 INFO     Training average regularization at step 700: 0.006030
2025-12-07 09:11:02 INFO     Training average loss at step 700: 2.476205
2025-12-07 09:12:04 INFO     Training average positive_fact_loss at step 800: 0.320397
2025-12-07 09:12:04 INFO     Training average negative_fact_loss at step 800: 0.304088
2025-12-07 09:12:04 INFO     Training average positive_rule_loss at step 800: 1.779447
2025-12-07 09:12:04 INFO     Training average negative_rule_loss at step 800: 2.411392
2025-12-07 09:12:04 INFO     Training average L_uncertainty at step 800: 60.798542
2025-12-07 09:12:04 INFO     Training average L_kl at step 800: 59987.641133
2025-12-07 09:12:04 INFO     Training average L_sigma at step 800: 810.897776
2025-12-07 09:12:04 INFO     Training average mu_mean at step 800: -3.009688
2025-12-07 09:12:04 INFO     Training average sigma_mean at step 800: 0.141991
2025-12-07 09:12:04 INFO     Training average regularization at step 800: 0.006071
2025-12-07 09:12:04 INFO     Training average loss at step 800: 2.474532
2025-12-07 09:13:00 INFO     Training average positive_fact_loss at step 900: 0.319543
2025-12-07 09:13:00 INFO     Training average negative_fact_loss at step 900: 0.302883
2025-12-07 09:13:00 INFO     Training average positive_rule_loss at step 900: 1.782382
2025-12-07 09:13:00 INFO     Training average negative_rule_loss at step 900: 2.407706
2025-12-07 09:13:00 INFO     Training average L_uncertainty at step 900: 60.884088
2025-12-07 09:13:00 INFO     Training average L_kl at step 900: 60077.108359
2025-12-07 09:13:00 INFO     Training average L_sigma at step 900: 806.977329
2025-12-07 09:13:00 INFO     Training average mu_mean at step 900: -3.012654
2025-12-07 09:13:00 INFO     Training average sigma_mean at step 900: 0.142050
2025-12-07 09:13:00 INFO     Training average regularization at step 900: 0.006109
2025-12-07 09:13:00 INFO     Training average loss at step 900: 2.473250
2025-12-07 09:14:01 INFO     Training average positive_fact_loss at step 1000: 0.319116
2025-12-07 09:14:01 INFO     Training average negative_fact_loss at step 1000: 0.301751
2025-12-07 09:14:01 INFO     Training average positive_rule_loss at step 1000: 1.778492
2025-12-07 09:14:01 INFO     Training average negative_rule_loss at step 1000: 2.412432
2025-12-07 09:14:01 INFO     Training average L_uncertainty at step 1000: 60.836103
2025-12-07 09:14:01 INFO     Training average L_kl at step 1000: 60037.449883
2025-12-07 09:14:01 INFO     Training average L_sigma at step 1000: 798.650649
2025-12-07 09:14:01 INFO     Training average mu_mean at step 1000: -3.011118
2025-12-07 09:14:01 INFO     Training average sigma_mean at step 1000: 0.142019
2025-12-07 09:14:01 INFO     Training average regularization at step 1000: 0.006127
2025-12-07 09:14:01 INFO     Training average loss at step 1000: 2.472859
2025-12-07 09:14:01 INFO     Evaluating on Valid Dataset...
2025-12-07 09:14:01 INFO     >>>>> RuleE emb: Evaluating on valid
2025-12-07 09:14:11 INFO     Data : 4274
2025-12-07 09:14:11 INFO     Hit1 : 0.522695
2025-12-07 09:14:11 INFO     Hit3 : 0.759242
2025-12-07 09:14:11 INFO     Hit10: 0.937763
2025-12-07 09:14:11 INFO     MR   : 3.513102
2025-12-07 09:14:11 INFO     MRR  : 0.662837
2025-12-07 09:15:09 INFO     Training average positive_fact_loss at step 1100: 0.318309
2025-12-07 09:15:09 INFO     Training average negative_fact_loss at step 1100: 0.300321
2025-12-07 09:15:09 INFO     Training average positive_rule_loss at step 1100: 1.782084
2025-12-07 09:15:09 INFO     Training average negative_rule_loss at step 1100: 2.407914
2025-12-07 09:15:09 INFO     Training average L_uncertainty at step 1100: 60.919978
2025-12-07 09:15:09 INFO     Training average L_kl at step 1100: 60124.750977
2025-12-07 09:15:09 INFO     Training average L_sigma at step 1100: 795.224114
2025-12-07 09:15:09 INFO     Training average mu_mean at step 1100: -3.014014
2025-12-07 09:15:09 INFO     Training average sigma_mean at step 1100: 0.142127
2025-12-07 09:15:09 INFO     Training average regularization at step 1100: 0.006152
2025-12-07 09:15:09 INFO     Training average loss at step 1100: 2.471386
2025-12-07 09:16:09 INFO     Training average positive_fact_loss at step 1200: 0.318250
2025-12-07 09:16:09 INFO     Training average negative_fact_loss at step 1200: 0.300223
2025-12-07 09:16:09 INFO     Training average positive_rule_loss at step 1200: 1.777971
2025-12-07 09:16:09 INFO     Training average negative_rule_loss at step 1200: 2.412852
2025-12-07 09:16:09 INFO     Training average L_uncertainty at step 1200: 60.812574
2025-12-07 09:16:09 INFO     Training average L_kl at step 1200: 60023.913008
2025-12-07 09:16:09 INFO     Training average L_sigma at step 1200: 788.657981
2025-12-07 09:16:09 INFO     Training average mu_mean at step 1200: -3.010790
2025-12-07 09:16:09 INFO     Training average sigma_mean at step 1200: 0.142238
2025-12-07 09:16:09 INFO     Training average regularization at step 1200: 0.006156
2025-12-07 09:16:09 INFO     Training average loss at step 1200: 2.471617
2025-12-07 09:17:01 INFO     Training average positive_fact_loss at step 1300: 0.318424
2025-12-07 09:17:01 INFO     Training average negative_fact_loss at step 1300: 0.299019
2025-12-07 09:17:01 INFO     Training average positive_rule_loss at step 1300: 1.781460
2025-12-07 09:17:01 INFO     Training average negative_rule_loss at step 1300: 2.408417
2025-12-07 09:17:01 INFO     Training average L_uncertainty at step 1300: 60.859473
2025-12-07 09:17:01 INFO     Training average L_kl at step 1300: 60097.681641
2025-12-07 09:17:01 INFO     Training average L_sigma at step 1300: 761.788055
2025-12-07 09:17:01 INFO     Training average mu_mean at step 1300: -3.013127
2025-12-07 09:17:01 INFO     Training average sigma_mean at step 1300: 0.142252
2025-12-07 09:17:01 INFO     Training average regularization at step 1300: 0.006162
2025-12-07 09:17:01 INFO     Training average loss at step 1300: 2.470681
2025-12-07 09:17:57 INFO     Training average positive_fact_loss at step 1400: 0.317621
2025-12-07 09:17:57 INFO     Training average negative_fact_loss at step 1400: 0.298153
2025-12-07 09:17:57 INFO     Training average positive_rule_loss at step 1400: 1.776784
2025-12-07 09:17:57 INFO     Training average negative_rule_loss at step 1400: 2.413974
2025-12-07 09:17:57 INFO     Training average L_uncertainty at step 1400: 60.738076
2025-12-07 09:17:57 INFO     Training average L_kl at step 1400: 59994.614453
2025-12-07 09:17:57 INFO     Training average L_sigma at step 1400: 743.458117
2025-12-07 09:17:57 INFO     Training average mu_mean at step 1400: -3.009487
2025-12-07 09:17:57 INFO     Training average sigma_mean at step 1400: 0.142271
2025-12-07 09:17:57 INFO     Training average regularization at step 1400: 0.006168
2025-12-07 09:17:57 INFO     Training average loss at step 1400: 2.470172
2025-12-07 09:18:54 INFO     Training average positive_fact_loss at step 1500: 0.317272
2025-12-07 09:18:54 INFO     Training average negative_fact_loss at step 1500: 0.298179
2025-12-07 09:18:54 INFO     Training average positive_rule_loss at step 1500: 1.780654
2025-12-07 09:18:54 INFO     Training average negative_rule_loss at step 1500: 2.408980
2025-12-07 09:18:54 INFO     Training average L_uncertainty at step 1500: 60.739772
2025-12-07 09:18:54 INFO     Training average L_kl at step 1500: 60009.089375
2025-12-07 09:18:54 INFO     Training average L_sigma at step 1500: 730.679612
2025-12-07 09:18:54 INFO     Training average mu_mean at step 1500: -3.010103
2025-12-07 09:18:54 INFO     Training average sigma_mean at step 1500: 0.142452
2025-12-07 09:18:54 INFO     Training average regularization at step 1500: 0.006169
2025-12-07 09:18:54 INFO     Training average loss at step 1500: 2.469452
2025-12-07 09:19:55 INFO     Training average positive_fact_loss at step 1600: 0.316415
2025-12-07 09:19:55 INFO     Training average negative_fact_loss at step 1600: 0.297438
2025-12-07 09:19:55 INFO     Training average positive_rule_loss at step 1600: 1.775811
2025-12-07 09:19:55 INFO     Training average negative_rule_loss at step 1600: 2.414685
2025-12-07 09:19:55 INFO     Training average L_uncertainty at step 1600: 60.623719
2025-12-07 09:19:55 INFO     Training average L_kl at step 1600: 59903.726289
2025-12-07 09:19:55 INFO     Training average L_sigma at step 1600: 719.989935
2025-12-07 09:19:55 INFO     Training average mu_mean at step 1600: -3.006279
2025-12-07 09:19:55 INFO     Training average sigma_mean at step 1600: 0.142487
2025-12-07 09:19:55 INFO     Training average regularization at step 1600: 0.006186
2025-12-07 09:19:55 INFO     Training average loss at step 1600: 2.468984
2025-12-07 09:20:51 INFO     Training average positive_fact_loss at step 1700: 0.316691
2025-12-07 09:20:51 INFO     Training average negative_fact_loss at step 1700: 0.297082
2025-12-07 09:20:51 INFO     Training average positive_rule_loss at step 1700: 1.779526
2025-12-07 09:20:51 INFO     Training average negative_rule_loss at step 1700: 2.409804
2025-12-07 09:20:51 INFO     Training average L_uncertainty at step 1700: 60.572536
2025-12-07 09:20:51 INFO     Training average L_kl at step 1700: 59867.943711
2025-12-07 09:20:51 INFO     Training average L_sigma at step 1700: 704.589284
2025-12-07 09:20:51 INFO     Training average mu_mean at step 1700: -3.005146
2025-12-07 09:20:51 INFO     Training average sigma_mean at step 1700: 0.142550
2025-12-07 09:20:51 INFO     Training average regularization at step 1700: 0.006180
2025-12-07 09:20:51 INFO     Training average loss at step 1700: 2.468305
2025-12-07 09:21:51 INFO     Training average positive_fact_loss at step 1800: 0.316561
2025-12-07 09:21:51 INFO     Training average negative_fact_loss at step 1800: 0.296927
2025-12-07 09:21:51 INFO     Training average positive_rule_loss at step 1800: 1.774212
2025-12-07 09:21:51 INFO     Training average negative_rule_loss at step 1800: 2.415907
2025-12-07 09:21:51 INFO     Training average L_uncertainty at step 1800: 60.370776
2025-12-07 09:21:51 INFO     Training average L_kl at step 1800: 59675.198789
2025-12-07 09:21:51 INFO     Training average L_sigma at step 1800: 695.573853
2025-12-07 09:21:51 INFO     Training average mu_mean at step 1800: -2.998416
2025-12-07 09:21:51 INFO     Training average sigma_mean at step 1800: 0.142542
2025-12-07 09:21:51 INFO     Training average regularization at step 1800: 0.006183
2025-12-07 09:21:51 INFO     Training average loss at step 1800: 2.468357
2025-12-07 09:22:47 INFO     Training average positive_fact_loss at step 1900: 0.317039
2025-12-07 09:22:47 INFO     Training average negative_fact_loss at step 1900: 0.296070
2025-12-07 09:22:47 INFO     Training average positive_rule_loss at step 1900: 1.778265
2025-12-07 09:22:47 INFO     Training average negative_rule_loss at step 1900: 2.410488
2025-12-07 09:22:47 INFO     Training average L_uncertainty at step 1900: 60.393468
2025-12-07 09:22:47 INFO     Training average L_kl at step 1900: 59707.588477
2025-12-07 09:22:47 INFO     Training average L_sigma at step 1900: 685.876597
2025-12-07 09:22:47 INFO     Training average mu_mean at step 1900: -2.999294
2025-12-07 09:22:47 INFO     Training average sigma_mean at step 1900: 0.142531
2025-12-07 09:22:47 INFO     Training average regularization at step 1900: 0.006186
2025-12-07 09:22:47 INFO     Training average loss at step 1900: 2.467511
2025-12-07 09:23:39 INFO     Training average positive_fact_loss at step 2000: 0.316786
2025-12-07 09:23:39 INFO     Training average negative_fact_loss at step 2000: 0.296173
2025-12-07 09:23:39 INFO     Training average positive_rule_loss at step 2000: 1.772082
2025-12-07 09:23:39 INFO     Training average negative_rule_loss at step 2000: 2.417481
2025-12-07 09:23:39 INFO     Training average L_uncertainty at step 2000: 60.090359
2025-12-07 09:23:39 INFO     Training average L_kl at step 2000: 59407.293320
2025-12-07 09:23:39 INFO     Training average L_sigma at step 2000: 683.062513
2025-12-07 09:23:39 INFO     Training average mu_mean at step 2000: -2.988964
2025-12-07 09:23:39 INFO     Training average sigma_mean at step 2000: 0.142532
2025-12-07 09:23:39 INFO     Training average regularization at step 2000: 0.006179
2025-12-07 09:23:39 INFO     Training average loss at step 2000: 2.467530
2025-12-07 09:23:39 INFO     Evaluating on Valid Dataset...
2025-12-07 09:23:39 INFO     >>>>> RuleE emb: Evaluating on valid
2025-12-07 09:23:49 INFO     Data : 4274
2025-12-07 09:23:49 INFO     Hit1 : 0.535798
2025-12-07 09:23:49 INFO     Hit3 : 0.764857
2025-12-07 09:23:49 INFO     Hit10: 0.939869
2025-12-07 09:23:49 INFO     MR   : 3.439635
2025-12-07 09:23:49 INFO     MRR  : 0.672155
2025-12-07 09:24:47 INFO     Training average positive_fact_loss at step 2100: 0.316232
2025-12-07 09:24:47 INFO     Training average negative_fact_loss at step 2100: 0.295550
2025-12-07 09:24:47 INFO     Training average positive_rule_loss at step 2100: 1.776143
2025-12-07 09:24:47 INFO     Training average negative_rule_loss at step 2100: 2.411844
2025-12-07 09:24:47 INFO     Training average L_uncertainty at step 2100: 60.109934
2025-12-07 09:24:47 INFO     Training average L_kl at step 2100: 59438.871445
2025-12-07 09:24:47 INFO     Training average L_sigma at step 2100: 671.059498
2025-12-07 09:24:47 INFO     Training average mu_mean at step 2100: -2.989610
2025-12-07 09:24:47 INFO     Training average sigma_mean at step 2100: 0.142488
2025-12-07 09:24:47 INFO     Training average regularization at step 2100: 0.006172
2025-12-07 09:24:47 INFO     Training average loss at step 2100: 2.466166
2025-12-07 09:25:48 INFO     Training average positive_fact_loss at step 2200: 0.316004
2025-12-07 09:25:48 INFO     Training average negative_fact_loss at step 2200: 0.295405
2025-12-07 09:25:48 INFO     Training average positive_rule_loss at step 2200: 1.769356
2025-12-07 09:25:48 INFO     Training average negative_rule_loss at step 2200: 2.419302
2025-12-07 09:25:48 INFO     Training average L_uncertainty at step 2200: 59.781405
2025-12-07 09:25:48 INFO     Training average L_kl at step 2200: 59107.952305
2025-12-07 09:25:48 INFO     Training average L_sigma at step 2200: 673.449458
2025-12-07 09:25:48 INFO     Training average mu_mean at step 2200: -2.978011
2025-12-07 09:25:48 INFO     Training average sigma_mean at step 2200: 0.142535
2025-12-07 09:25:48 INFO     Training average regularization at step 2200: 0.006168
2025-12-07 09:25:48 INFO     Training average loss at step 2200: 2.465983
2025-12-07 09:26:44 INFO     Training average positive_fact_loss at step 2300: 0.315916
2025-12-07 09:26:44 INFO     Training average negative_fact_loss at step 2300: 0.295388
2025-12-07 09:26:44 INFO     Training average positive_rule_loss at step 2300: 1.772971
2025-12-07 09:26:44 INFO     Training average negative_rule_loss at step 2300: 2.413891
2025-12-07 09:26:44 INFO     Training average L_uncertainty at step 2300: 59.686795
2025-12-07 09:26:44 INFO     Training average L_kl at step 2300: 59019.649219
2025-12-07 09:26:44 INFO     Training average L_sigma at step 2300: 667.143306
2025-12-07 09:26:44 INFO     Training average mu_mean at step 2300: -2.974389
2025-12-07 09:26:44 INFO     Training average sigma_mean at step 2300: 0.142564
2025-12-07 09:26:44 INFO     Training average regularization at step 2300: 0.006175
2025-12-07 09:26:44 INFO     Training average loss at step 2300: 2.464944
2025-12-07 09:27:45 INFO     Training average positive_fact_loss at step 2400: 0.315459
2025-12-07 09:27:45 INFO     Training average negative_fact_loss at step 2400: 0.295488
2025-12-07 09:27:45 INFO     Training average positive_rule_loss at step 2400: 1.766278
2025-12-07 09:27:45 INFO     Training average negative_rule_loss at step 2400: 2.420958
2025-12-07 09:27:45 INFO     Training average L_uncertainty at step 2400: 59.371140
2025-12-07 09:27:45 INFO     Training average L_kl at step 2400: 58714.365391
2025-12-07 09:27:45 INFO     Training average L_sigma at step 2400: 656.771761
2025-12-07 09:27:45 INFO     Training average mu_mean at step 2400: -2.963203
2025-12-07 09:27:45 INFO     Training average sigma_mean at step 2400: 0.142523
2025-12-07 09:27:45 INFO     Training average regularization at step 2400: 0.006165
2025-12-07 09:27:45 INFO     Training average loss at step 2400: 2.464627
2025-12-07 09:28:41 INFO     Training average positive_fact_loss at step 2500: 0.315983
2025-12-07 09:28:41 INFO     Training average negative_fact_loss at step 2500: 0.295036
2025-12-07 09:28:41 INFO     Training average positive_rule_loss at step 2500: 1.768728
2025-12-07 09:28:41 INFO     Training average negative_rule_loss at step 2500: 2.416454
2025-12-07 09:28:41 INFO     Training average L_uncertainty at step 2500: 59.209294
2025-12-07 09:28:41 INFO     Training average L_kl at step 2500: 58562.407969
2025-12-07 09:28:41 INFO     Training average L_sigma at step 2500: 646.883610
2025-12-07 09:28:41 INFO     Training average mu_mean at step 2500: -2.956822
2025-12-07 09:28:41 INFO     Training average sigma_mean at step 2500: 0.142502
2025-12-07 09:28:41 INFO     Training average regularization at step 2500: 0.006172
2025-12-07 09:28:41 INFO     Training average loss at step 2500: 2.463482
2025-12-07 09:29:37 INFO     Training average positive_fact_loss at step 2600: 0.315985
2025-12-07 09:29:37 INFO     Training average negative_fact_loss at step 2600: 0.294724
2025-12-07 09:29:37 INFO     Training average positive_rule_loss at step 2600: 1.761346
2025-12-07 09:29:37 INFO     Training average negative_rule_loss at step 2600: 2.423827
2025-12-07 09:29:37 INFO     Training average L_uncertainty at step 2600: 58.857059
2025-12-07 09:29:37 INFO     Training average L_kl at step 2600: 58218.791719
2025-12-07 09:29:37 INFO     Training average L_sigma at step 2600: 638.264255
2025-12-07 09:29:37 INFO     Training average mu_mean at step 2600: -2.943458
2025-12-07 09:29:37 INFO     Training average sigma_mean at step 2600: 0.142484
2025-12-07 09:29:37 INFO     Training average regularization at step 2600: 0.006183
2025-12-07 09:29:37 INFO     Training average loss at step 2600: 2.462982
2025-12-07 09:30:29 INFO     Training average positive_fact_loss at step 2700: 0.315756
2025-12-07 09:30:29 INFO     Training average negative_fact_loss at step 2700: 0.294220
2025-12-07 09:30:29 INFO     Training average positive_rule_loss at step 2700: 1.763374
2025-12-07 09:30:29 INFO     Training average negative_rule_loss at step 2700: 2.419232
2025-12-07 09:30:29 INFO     Training average L_uncertainty at step 2700: 58.680499
2025-12-07 09:30:29 INFO     Training average L_kl at step 2700: 58051.159570
2025-12-07 09:30:29 INFO     Training average L_sigma at step 2700: 629.336637
2025-12-07 09:30:29 INFO     Training average mu_mean at step 2700: -2.935920
2025-12-07 09:30:29 INFO     Training average sigma_mean at step 2700: 0.142472
2025-12-07 09:30:29 INFO     Training average regularization at step 2700: 0.006184
2025-12-07 09:30:29 INFO     Training average loss at step 2700: 2.461155
2025-12-07 09:31:29 INFO     Training average positive_fact_loss at step 2800: 0.315010
2025-12-07 09:31:29 INFO     Training average negative_fact_loss at step 2800: 0.294477
2025-12-07 09:31:29 INFO     Training average positive_rule_loss at step 2800: 1.755475
2025-12-07 09:31:29 INFO     Training average negative_rule_loss at step 2800: 2.426286
2025-12-07 09:31:29 INFO     Training average L_uncertainty at step 2800: 58.378437
2025-12-07 09:31:29 INFO     Training average L_kl at step 2800: 57757.469688
2025-12-07 09:31:29 INFO     Training average L_sigma at step 2800: 620.964666
2025-12-07 09:31:29 INFO     Training average mu_mean at step 2800: -2.923157
2025-12-07 09:31:29 INFO     Training average sigma_mean at step 2800: 0.142425
2025-12-07 09:31:29 INFO     Training average regularization at step 2800: 0.006171
2025-12-07 09:31:29 INFO     Training average loss at step 2800: 2.460174
2025-12-07 09:32:26 INFO     Training average positive_fact_loss at step 2900: 0.315465
2025-12-07 09:32:26 INFO     Training average negative_fact_loss at step 2900: 0.294335
2025-12-07 09:32:26 INFO     Training average positive_rule_loss at step 2900: 1.755665
2025-12-07 09:32:26 INFO     Training average negative_rule_loss at step 2900: 2.422871
2025-12-07 09:32:26 INFO     Training average L_uncertainty at step 2900: 58.112238
2025-12-07 09:32:26 INFO     Training average L_kl at step 2900: 57494.593086
2025-12-07 09:32:26 INFO     Training average L_sigma at step 2900: 617.641788
2025-12-07 09:32:26 INFO     Training average mu_mean at step 2900: -2.910957
2025-12-07 09:32:26 INFO     Training average sigma_mean at step 2900: 0.142436
2025-12-07 09:32:26 INFO     Training average regularization at step 2900: 0.006182
2025-12-07 09:32:26 INFO     Training average loss at step 2900: 2.458463
2025-12-07 09:33:26 INFO     Training average positive_fact_loss at step 3000: 0.315436
2025-12-07 09:33:26 INFO     Training average negative_fact_loss at step 3000: 0.294127
2025-12-07 09:33:26 INFO     Training average positive_rule_loss at step 3000: 1.746504
2025-12-07 09:33:26 INFO     Training average negative_rule_loss at step 3000: 2.430294
2025-12-07 09:33:26 INFO     Training average L_uncertainty at step 3000: 57.843814
2025-12-07 09:33:26 INFO     Training average L_kl at step 3000: 57233.015000
2025-12-07 09:33:26 INFO     Training average L_sigma at step 3000: 610.795768
2025-12-07 09:33:26 INFO     Training average mu_mean at step 3000: -2.897860
2025-12-07 09:33:26 INFO     Training average sigma_mean at step 3000: 0.142343
2025-12-07 09:33:26 INFO     Training average regularization at step 3000: 0.006179
2025-12-07 09:33:26 INFO     Training average loss at step 3000: 2.457203
2025-12-07 09:33:26 INFO     Evaluating on Valid Dataset...
2025-12-07 09:33:26 INFO     >>>>> RuleE emb: Evaluating on valid
2025-12-07 09:33:36 INFO     Data : 4274
2025-12-07 09:33:36 INFO     Hit1 : 0.531586
2025-12-07 09:33:36 INFO     Hit3 : 0.766729
2025-12-07 09:33:36 INFO     Hit10: 0.939869
2025-12-07 09:33:36 INFO     MR   : 3.471923
2025-12-07 09:33:36 INFO     MRR  : 0.668899
2025-12-07 09:34:32 INFO     Training average positive_fact_loss at step 3100: 0.315280
2025-12-07 09:34:32 INFO     Training average negative_fact_loss at step 3100: 0.294077
2025-12-07 09:34:32 INFO     Training average positive_rule_loss at step 3100: 1.747210
2025-12-07 09:34:32 INFO     Training average negative_rule_loss at step 3100: 2.425134
2025-12-07 09:34:32 INFO     Training average L_uncertainty at step 3100: 57.693049
2025-12-07 09:34:32 INFO     Training average L_kl at step 3100: 57079.198828
2025-12-07 09:34:32 INFO     Training average L_sigma at step 3100: 613.847446
2025-12-07 09:34:32 INFO     Training average mu_mean at step 3100: -2.888145
2025-12-07 09:34:32 INFO     Training average sigma_mean at step 3100: 0.142379
2025-12-07 09:34:32 INFO     Training average regularization at step 3100: 0.006176
2025-12-07 09:34:32 INFO     Training average loss at step 3100: 2.454720
2025-12-07 09:35:33 INFO     Training average positive_fact_loss at step 3200: 0.315600
2025-12-07 09:35:33 INFO     Training average negative_fact_loss at step 3200: 0.293902
2025-12-07 09:35:33 INFO     Training average positive_rule_loss at step 3200: 1.739183
2025-12-07 09:35:33 INFO     Training average negative_rule_loss at step 3200: 2.430549
2025-12-07 09:35:33 INFO     Training average L_uncertainty at step 3200: 57.414830
2025-12-07 09:35:33 INFO     Training average L_kl at step 3200: 56803.161211
2025-12-07 09:35:33 INFO     Training average L_sigma at step 3200: 611.666498
2025-12-07 09:35:33 INFO     Training average mu_mean at step 3200: -2.873767
2025-12-07 09:35:33 INFO     Training average sigma_mean at step 3200: 0.142318
2025-12-07 09:35:33 INFO     Training average regularization at step 3200: 0.006178
2025-12-07 09:35:33 INFO     Training average loss at step 3200: 2.453209
2025-12-07 09:36:20 INFO     Training average positive_fact_loss at step 3300: 0.315158
2025-12-07 09:36:20 INFO     Training average negative_fact_loss at step 3300: 0.293773
2025-12-07 09:36:20 INFO     Training average positive_rule_loss at step 3300: 1.738270
2025-12-07 09:36:20 INFO     Training average negative_rule_loss at step 3300: 2.426703
2025-12-07 09:36:20 INFO     Training average L_uncertainty at step 3300: 57.131957
2025-12-07 09:36:20 INFO     Training average L_kl at step 3300: 56515.863125
2025-12-07 09:36:20 INFO     Training average L_sigma at step 3300: 616.090638
2025-12-07 09:36:20 INFO     Training average mu_mean at step 3300: -2.858651
2025-12-07 09:36:20 INFO     Training average sigma_mean at step 3300: 0.142349
2025-12-07 09:36:20 INFO     Training average regularization at step 3300: 0.006183
2025-12-07 09:36:20 INFO     Training average loss at step 3300: 2.450267
2025-12-07 09:37:21 INFO     Training average positive_fact_loss at step 3400: 0.315168
2025-12-07 09:37:21 INFO     Training average negative_fact_loss at step 3400: 0.293125
2025-12-07 09:37:21 INFO     Training average positive_rule_loss at step 3400: 1.730973
2025-12-07 09:37:21 INFO     Training average negative_rule_loss at step 3400: 2.429739
2025-12-07 09:37:21 INFO     Training average L_uncertainty at step 3400: 57.072163
2025-12-07 09:37:21 INFO     Training average L_kl at step 3400: 56455.335977
2025-12-07 09:37:21 INFO     Training average L_sigma at step 3400: 616.824584
2025-12-07 09:37:21 INFO     Training average mu_mean at step 3400: -2.850490
2025-12-07 09:37:21 INFO     Training average sigma_mean at step 3400: 0.142295
2025-12-07 09:37:21 INFO     Training average regularization at step 3400: 0.006196
2025-12-07 09:37:21 INFO     Training average loss at step 3400: 2.447770
2025-12-07 09:38:17 INFO     Training average positive_fact_loss at step 3500: 0.315260
2025-12-07 09:38:17 INFO     Training average negative_fact_loss at step 3500: 0.293682
2025-12-07 09:38:17 INFO     Training average positive_rule_loss at step 3500: 1.731375
2025-12-07 09:38:17 INFO     Training average negative_rule_loss at step 3500: 2.423706
2025-12-07 09:38:17 INFO     Training average L_uncertainty at step 3500: 56.917669
2025-12-07 09:38:17 INFO     Training average L_kl at step 3500: 56299.027617
2025-12-07 09:38:17 INFO     Training average L_sigma at step 3500: 618.638533
2025-12-07 09:38:17 INFO     Training average mu_mean at step 3500: -2.839401
2025-12-07 09:38:17 INFO     Training average sigma_mean at step 3500: 0.142293
2025-12-07 09:38:17 INFO     Training average regularization at step 3500: 0.006175
2025-12-07 09:38:17 INFO     Training average loss at step 3500: 2.445104
2025-12-07 09:39:18 INFO     Training average positive_fact_loss at step 3600: 0.315313
2025-12-07 09:39:18 INFO     Training average negative_fact_loss at step 3600: 0.293624
2025-12-07 09:39:18 INFO     Training average positive_rule_loss at step 3600: 1.726209
2025-12-07 09:39:18 INFO     Training average negative_rule_loss at step 3600: 2.424106
2025-12-07 09:39:18 INFO     Training average L_uncertainty at step 3600: 56.901715
2025-12-07 09:39:18 INFO     Training average L_kl at step 3600: 56277.635938
2025-12-07 09:39:18 INFO     Training average L_sigma at step 3600: 624.076569
2025-12-07 09:39:18 INFO     Training average mu_mean at step 3600: -2.833094
2025-12-07 09:39:18 INFO     Training average sigma_mean at step 3600: 0.142295
2025-12-07 09:39:18 INFO     Training average regularization at step 3600: 0.006165
2025-12-07 09:39:18 INFO     Training average loss at step 3600: 2.442692
2025-12-07 09:40:14 INFO     Training average positive_fact_loss at step 3700: 0.314702
2025-12-07 09:40:14 INFO     Training average negative_fact_loss at step 3700: 0.293476
2025-12-07 09:40:14 INFO     Training average positive_rule_loss at step 3700: 1.726961
2025-12-07 09:40:14 INFO     Training average negative_rule_loss at step 3700: 2.418393
2025-12-07 09:40:14 INFO     Training average L_uncertainty at step 3700: 56.716607
2025-12-07 09:40:14 INFO     Training average L_kl at step 3700: 56098.678047
2025-12-07 09:40:14 INFO     Training average L_sigma at step 3700: 617.925934
2025-12-07 09:40:14 INFO     Training average mu_mean at step 3700: -2.821633
2025-12-07 09:40:14 INFO     Training average sigma_mean at step 3700: 0.142236
2025-12-07 09:40:14 INFO     Training average regularization at step 3700: 0.006178
2025-12-07 09:40:14 INFO     Training average loss at step 3700: 2.439661
2025-12-07 09:41:15 INFO     Training average positive_fact_loss at step 3800: 0.314707
2025-12-07 09:41:15 INFO     Training average negative_fact_loss at step 3800: 0.293075
2025-12-07 09:41:15 INFO     Training average positive_rule_loss at step 3800: 1.724611
2025-12-07 09:41:15 INFO     Training average negative_rule_loss at step 3800: 2.416757
2025-12-07 09:41:15 INFO     Training average L_uncertainty at step 3800: 56.807469
2025-12-07 09:41:15 INFO     Training average L_kl at step 3800: 56197.160469
2025-12-07 09:41:15 INFO     Training average L_sigma at step 3800: 610.305113
2025-12-07 09:41:15 INFO     Training average mu_mean at step 3800: -2.819876
2025-12-07 09:41:15 INFO     Training average sigma_mean at step 3800: 0.142171
2025-12-07 09:41:15 INFO     Training average regularization at step 3800: 0.006189
2025-12-07 09:41:15 INFO     Training average loss at step 3800: 2.437571
2025-12-07 09:42:06 INFO     Training average positive_fact_loss at step 3900: 0.314881
2025-12-07 09:42:06 INFO     Training average negative_fact_loss at step 3900: 0.293471
2025-12-07 09:42:06 INFO     Training average positive_rule_loss at step 3900: 1.726668
2025-12-07 09:42:06 INFO     Training average negative_rule_loss at step 3900: 2.410389
2025-12-07 09:42:06 INFO     Training average L_uncertainty at step 3900: 56.571405
2025-12-07 09:42:06 INFO     Training average L_kl at step 3900: 55964.596523
2025-12-07 09:42:06 INFO     Training average L_sigma at step 3900: 606.805388
2025-12-07 09:42:06 INFO     Training average mu_mean at step 3900: -2.808851
2025-12-07 09:42:06 INFO     Training average sigma_mean at step 3900: 0.142141
2025-12-07 09:42:06 INFO     Training average regularization at step 3900: 0.006186
2025-12-07 09:42:06 INFO     Training average loss at step 3900: 2.435462
2025-12-07 09:43:02 INFO     Training average positive_fact_loss at step 4000: 0.314957
2025-12-07 09:43:02 INFO     Training average negative_fact_loss at step 4000: 0.292880
2025-12-07 09:43:02 INFO     Training average positive_rule_loss at step 4000: 1.725140
2025-12-07 09:43:02 INFO     Training average negative_rule_loss at step 4000: 2.407893
2025-12-07 09:43:02 INFO     Training average L_uncertainty at step 4000: 56.762116
2025-12-07 09:43:02 INFO     Training average L_kl at step 4000: 56156.240742
2025-12-07 09:43:02 INFO     Training average L_sigma at step 4000: 605.872335
2025-12-07 09:43:02 INFO     Training average mu_mean at step 4000: -2.811754
2025-12-07 09:43:02 INFO     Training average sigma_mean at step 4000: 0.142132
2025-12-07 09:43:02 INFO     Training average regularization at step 4000: 0.006192
2025-12-07 09:43:02 INFO     Training average loss at step 4000: 2.433390
2025-12-07 09:43:02 INFO     Evaluating on Valid Dataset...
2025-12-07 09:43:02 INFO     >>>>> RuleE emb: Evaluating on valid
2025-12-07 09:43:12 INFO     Data : 4274
2025-12-07 09:43:12 INFO     Hit1 : 0.529949
2025-12-07 09:43:12 INFO     Hit3 : 0.766729
2025-12-07 09:43:12 INFO     Hit10: 0.942443
2025-12-07 09:43:12 INFO     MR   : 3.427000
2025-12-07 09:43:12 INFO     MRR  : 0.669933
2025-12-07 09:44:09 INFO     Training average positive_fact_loss at step 4100: 0.315657
2025-12-07 09:44:09 INFO     Training average negative_fact_loss at step 4100: 0.292743
2025-12-07 09:44:09 INFO     Training average positive_rule_loss at step 4100: 1.728166
2025-12-07 09:44:09 INFO     Training average negative_rule_loss at step 4100: 2.402310
2025-12-07 09:44:09 INFO     Training average L_uncertainty at step 4100: 56.504650
2025-12-07 09:44:09 INFO     Training average L_kl at step 4100: 55907.023320
2025-12-07 09:44:09 INFO     Training average L_sigma at step 4100: 597.624517
2025-12-07 09:44:09 INFO     Training average mu_mean at step 4100: -2.801146
2025-12-07 09:44:09 INFO     Training average sigma_mean at step 4100: 0.142052
2025-12-07 09:44:09 INFO     Training average regularization at step 4100: 0.006181
2025-12-07 09:44:09 INFO     Training average loss at step 4100: 2.432123
2025-12-07 09:45:10 INFO     Training average positive_fact_loss at step 4200: 0.313919
2025-12-07 09:45:10 INFO     Training average negative_fact_loss at step 4200: 0.293124
2025-12-07 09:45:10 INFO     Training average positive_rule_loss at step 4200: 1.728528
2025-12-07 09:45:10 INFO     Training average negative_rule_loss at step 4200: 2.397147
2025-12-07 09:45:10 INFO     Training average L_uncertainty at step 4200: 56.868003
2025-12-07 09:45:10 INFO     Training average L_kl at step 4200: 56277.249062
2025-12-07 09:45:10 INFO     Training average L_sigma at step 4200: 590.751356
2025-12-07 09:45:10 INFO     Training average mu_mean at step 4200: -2.811563
2025-12-07 09:45:10 INFO     Training average sigma_mean at step 4200: 0.142000
2025-12-07 09:45:10 INFO     Training average regularization at step 4200: 0.006176
2025-12-07 09:45:10 INFO     Training average loss at step 4200: 2.429403
2025-12-07 09:46:05 INFO     Training average positive_fact_loss at step 4300: 0.314568
2025-12-07 09:46:05 INFO     Training average negative_fact_loss at step 4300: 0.293031
2025-12-07 09:46:05 INFO     Training average positive_rule_loss at step 4300: 1.731372
2025-12-07 09:46:05 INFO     Training average negative_rule_loss at step 4300: 2.391949
2025-12-07 09:46:05 INFO     Training average L_uncertainty at step 4300: 56.608503
2025-12-07 09:46:05 INFO     Training average L_kl at step 4300: 56015.928633
2025-12-07 09:46:05 INFO     Training average L_sigma at step 4300: 592.571849
2025-12-07 09:46:05 INFO     Training average mu_mean at step 4300: -2.800648
2025-12-07 09:46:05 INFO     Training average sigma_mean at step 4300: 0.142040
2025-12-07 09:46:05 INFO     Training average regularization at step 4300: 0.006186
2025-12-07 09:46:05 INFO     Training average loss at step 4300: 2.428254
2025-12-07 09:47:06 INFO     Training average positive_fact_loss at step 4400: 0.314273
2025-12-07 09:47:06 INFO     Training average negative_fact_loss at step 4400: 0.292637
2025-12-07 09:47:06 INFO     Training average positive_rule_loss at step 4400: 1.731945
2025-12-07 09:47:06 INFO     Training average negative_rule_loss at step 4400: 2.388680
2025-12-07 09:47:06 INFO     Training average L_uncertainty at step 4400: 56.847288
2025-12-07 09:47:06 INFO     Training average L_kl at step 4400: 56252.087305
2025-12-07 09:47:06 INFO     Training average L_sigma at step 4400: 595.198241
2025-12-07 09:47:06 INFO     Training average mu_mean at step 4400: -2.808741
2025-12-07 09:47:06 INFO     Training average sigma_mean at step 4400: 0.142063
2025-12-07 09:47:06 INFO     Training average regularization at step 4400: 0.006186
2025-12-07 09:47:06 INFO     Training average loss at step 4400: 2.426800
2025-12-07 09:48:02 INFO     Training average positive_fact_loss at step 4500: 0.315094
2025-12-07 09:48:02 INFO     Training average negative_fact_loss at step 4500: 0.293038
2025-12-07 09:48:02 INFO     Training average positive_rule_loss at step 4500: 1.735766
2025-12-07 09:48:02 INFO     Training average negative_rule_loss at step 4500: 2.382615
2025-12-07 09:48:02 INFO     Training average L_uncertainty at step 4500: 56.649775
2025-12-07 09:48:02 INFO     Training average L_kl at step 4500: 56056.952695
2025-12-07 09:48:02 INFO     Training average L_sigma at step 4500: 592.819344
2025-12-07 09:48:02 INFO     Training average mu_mean at step 4500: -2.801927
2025-12-07 09:48:02 INFO     Training average sigma_mean at step 4500: 0.142057
2025-12-07 09:48:02 INFO     Training average regularization at step 4500: 0.006184
2025-12-07 09:48:02 INFO     Training average loss at step 4500: 2.426091
2025-12-07 09:48:54 INFO     Training average positive_fact_loss at step 4600: 0.314855
2025-12-07 09:48:54 INFO     Training average negative_fact_loss at step 4600: 0.292521
2025-12-07 09:48:54 INFO     Training average positive_rule_loss at step 4600: 1.736607
2025-12-07 09:48:54 INFO     Training average negative_rule_loss at step 4600: 2.380266
2025-12-07 09:48:54 INFO     Training average L_uncertainty at step 4600: 56.806798
2025-12-07 09:48:54 INFO     Training average L_kl at step 4600: 56223.894336
2025-12-07 09:48:54 INFO     Training average L_sigma at step 4600: 582.901261
2025-12-07 09:48:54 INFO     Training average mu_mean at step 4600: -2.805978
2025-12-07 09:48:54 INFO     Training average sigma_mean at step 4600: 0.141947
2025-12-07 09:48:54 INFO     Training average regularization at step 4600: 0.006185
2025-12-07 09:48:54 INFO     Training average loss at step 4600: 2.425116
2025-12-07 09:49:50 INFO     Training average positive_fact_loss at step 4700: 0.314178
2025-12-07 09:49:50 INFO     Training average negative_fact_loss at step 4700: 0.292599
2025-12-07 09:49:50 INFO     Training average positive_rule_loss at step 4700: 1.740005
2025-12-07 09:49:50 INFO     Training average negative_rule_loss at step 4700: 2.374165
2025-12-07 09:49:50 INFO     Training average L_uncertainty at step 4700: 56.770858
2025-12-07 09:49:50 INFO     Training average L_kl at step 4700: 56181.231016
2025-12-07 09:49:50 INFO     Training average L_sigma at step 4700: 589.624377
2025-12-07 09:49:50 INFO     Training average mu_mean at step 4700: -2.804731
2025-12-07 09:49:50 INFO     Training average sigma_mean at step 4700: 0.142036
2025-12-07 09:49:50 INFO     Training average regularization at step 4700: 0.006192
2025-12-07 09:49:50 INFO     Training average loss at step 4700: 2.423436
2025-12-07 09:50:50 INFO     Training average positive_fact_loss at step 4800: 0.314355
2025-12-07 09:50:50 INFO     Training average negative_fact_loss at step 4800: 0.292556
2025-12-07 09:50:50 INFO     Training average positive_rule_loss at step 4800: 1.741177
2025-12-07 09:50:50 INFO     Training average negative_rule_loss at step 4800: 2.371442
2025-12-07 09:50:50 INFO     Training average L_uncertainty at step 4800: 56.991293
2025-12-07 09:50:50 INFO     Training average L_kl at step 4800: 56407.222422
2025-12-07 09:50:50 INFO     Training average L_sigma at step 4800: 584.068395
2025-12-07 09:50:50 INFO     Training average mu_mean at step 4800: -2.811792
2025-12-07 09:50:50 INFO     Training average sigma_mean at step 4800: 0.141938
2025-12-07 09:50:50 INFO     Training average regularization at step 4800: 0.006188
2025-12-07 09:50:50 INFO     Training average loss at step 4800: 2.422945
2025-12-07 09:51:46 INFO     Training average positive_fact_loss at step 4900: 0.314661
2025-12-07 09:51:46 INFO     Training average negative_fact_loss at step 4900: 0.292576
2025-12-07 09:51:46 INFO     Training average positive_rule_loss at step 4900: 1.742555
2025-12-07 09:51:46 INFO     Training average negative_rule_loss at step 4900: 2.368989
2025-12-07 09:51:46 INFO     Training average L_uncertainty at step 4900: 56.614945
2025-12-07 09:51:46 INFO     Training average L_kl at step 4900: 56033.354453
2025-12-07 09:51:46 INFO     Training average L_sigma at step 4900: 581.588021
2025-12-07 09:51:46 INFO     Training average mu_mean at step 4900: -2.799034
2025-12-07 09:51:46 INFO     Training average sigma_mean at step 4900: 0.141952
2025-12-07 09:51:46 INFO     Training average regularization at step 4900: 0.006183
2025-12-07 09:51:46 INFO     Training average loss at step 4900: 2.422189
2025-12-07 09:52:47 INFO     Training average positive_fact_loss at step 5000: 0.314304
2025-12-07 09:52:47 INFO     Training average negative_fact_loss at step 5000: 0.292829
2025-12-07 09:52:47 INFO     Training average positive_rule_loss at step 5000: 1.744890
2025-12-07 09:52:47 INFO     Training average negative_rule_loss at step 5000: 2.364569
2025-12-07 09:52:47 INFO     Training average L_uncertainty at step 5000: 56.960235
2025-12-07 09:52:47 INFO     Training average L_kl at step 5000: 56376.865000
2025-12-07 09:52:47 INFO     Training average L_sigma at step 5000: 583.366900
2025-12-07 09:52:47 INFO     Training average mu_mean at step 5000: -2.810297
2025-12-07 09:52:47 INFO     Training average sigma_mean at step 5000: 0.141991
2025-12-07 09:52:47 INFO     Training average regularization at step 5000: 0.006175
2025-12-07 09:52:47 INFO     Training average loss at step 5000: 2.421431
2025-12-07 09:52:47 INFO     Evaluating on Valid Dataset...
2025-12-07 09:52:47 INFO     >>>>> RuleE emb: Evaluating on valid
2025-12-07 09:52:57 INFO     Data : 4274
2025-12-07 09:52:57 INFO     Hit1 : 0.531352
2025-12-07 09:52:57 INFO     Hit3 : 0.766729
2025-12-07 09:52:57 INFO     Hit10: 0.940337
2025-12-07 09:52:57 INFO     MR   : 3.439635
2025-12-07 09:52:57 INFO     MRR  : 0.670332
2025-12-07 09:53:53 INFO     Training average positive_fact_loss at step 5100: 0.314978
2025-12-07 09:53:53 INFO     Training average negative_fact_loss at step 5100: 0.292855
2025-12-07 09:53:53 INFO     Training average positive_rule_loss at step 5100: 1.746683
2025-12-07 09:53:53 INFO     Training average negative_rule_loss at step 5100: 2.362291
2025-12-07 09:53:53 INFO     Training average L_uncertainty at step 5100: 56.642587
2025-12-07 09:53:53 INFO     Training average L_kl at step 5100: 56060.605547
2025-12-07 09:53:53 INFO     Training average L_sigma at step 5100: 581.978577
2025-12-07 09:53:53 INFO     Training average mu_mean at step 5100: -2.800063
2025-12-07 09:53:53 INFO     Training average sigma_mean at step 5100: 0.141922
2025-12-07 09:53:53 INFO     Training average regularization at step 5100: 0.006179
2025-12-07 09:53:53 INFO     Training average loss at step 5100: 2.421225
2025-12-07 09:54:50 INFO     Training average positive_fact_loss at step 5200: 0.314271
2025-12-07 09:54:50 INFO     Training average negative_fact_loss at step 5200: 0.291789
2025-12-07 09:54:50 INFO     Training average positive_rule_loss at step 5200: 1.750062
2025-12-07 09:54:50 INFO     Training average negative_rule_loss at step 5200: 2.356055
2025-12-07 09:54:50 INFO     Training average L_uncertainty at step 5200: 57.167325
2025-12-07 09:54:50 INFO     Training average L_kl at step 5200: 56583.794141
2025-12-07 09:54:50 INFO     Training average L_sigma at step 5200: 583.527980
2025-12-07 09:54:50 INFO     Training average mu_mean at step 5200: -2.817447
2025-12-07 09:54:50 INFO     Training average sigma_mean at step 5200: 0.141940
2025-12-07 09:54:50 INFO     Training average regularization at step 5200: 0.006187
2025-12-07 09:54:50 INFO     Training average loss at step 5200: 2.419443
2025-12-07 09:55:41 INFO     Training average positive_fact_loss at step 5300: 0.314608
2025-12-07 09:55:41 INFO     Training average negative_fact_loss at step 5300: 0.292180
2025-12-07 09:55:41 INFO     Training average positive_rule_loss at step 5300: 1.751744
2025-12-07 09:55:41 INFO     Training average negative_rule_loss at step 5300: 2.353734
2025-12-07 09:55:41 INFO     Training average L_uncertainty at step 5300: 56.957432
2025-12-07 09:55:41 INFO     Training average L_kl at step 5300: 56375.318437
2025-12-07 09:55:41 INFO     Training average L_sigma at step 5300: 582.111222
2025-12-07 09:55:41 INFO     Training average mu_mean at step 5300: -2.810907
2025-12-07 09:55:41 INFO     Training average sigma_mean at step 5300: 0.141917
2025-12-07 09:55:41 INFO     Training average regularization at step 5300: 0.006182
2025-12-07 09:55:41 INFO     Training average loss at step 5300: 2.419272
2025-12-07 09:56:42 INFO     Training average positive_fact_loss at step 5400: 0.313965
2025-12-07 09:56:42 INFO     Training average negative_fact_loss at step 5400: 0.292293
2025-12-07 09:56:42 INFO     Training average positive_rule_loss at step 5400: 1.750247
2025-12-07 09:56:42 INFO     Training average negative_rule_loss at step 5400: 2.356059
2025-12-07 09:56:42 INFO     Training average L_uncertainty at step 5400: 56.675153
2025-12-07 09:56:42 INFO     Training average L_kl at step 5400: 56093.560273
2025-12-07 09:56:42 INFO     Training average L_sigma at step 5400: 581.589742
2025-12-07 09:56:42 INFO     Training average mu_mean at step 5400: -2.801179
2025-12-07 09:56:42 INFO     Training average sigma_mean at step 5400: 0.141985
2025-12-07 09:56:42 INFO     Training average regularization at step 5400: 0.006182
2025-12-07 09:56:42 INFO     Training average loss at step 5400: 2.419139
2025-12-07 09:57:37 INFO     Training average positive_fact_loss at step 5500: 0.314588
2025-12-07 09:57:37 INFO     Training average negative_fact_loss at step 5500: 0.292515
2025-12-07 09:57:37 INFO     Training average positive_rule_loss at step 5500: 1.753360
2025-12-07 09:57:37 INFO     Training average negative_rule_loss at step 5500: 2.349721
2025-12-07 09:57:37 INFO     Training average L_uncertainty at step 5500: 56.784198
2025-12-07 09:57:37 INFO     Training average L_kl at step 5500: 56211.800820
2025-12-07 09:57:37 INFO     Training average L_sigma at step 5500: 572.394757
2025-12-07 09:57:37 INFO     Training average mu_mean at step 5500: -2.804569
2025-12-07 09:57:37 INFO     Training average sigma_mean at step 5500: 0.141855
2025-12-07 09:57:37 INFO     Training average regularization at step 5500: 0.006171
2025-12-07 09:57:37 INFO     Training average loss at step 5500: 2.418048
2025-12-07 09:58:38 INFO     Training average positive_fact_loss at step 5600: 0.313770
2025-12-07 09:58:38 INFO     Training average negative_fact_loss at step 5600: 0.292373
2025-12-07 09:58:38 INFO     Training average positive_rule_loss at step 5600: 1.753865
2025-12-07 09:58:38 INFO     Training average negative_rule_loss at step 5600: 2.349028
2025-12-07 09:58:38 INFO     Training average L_uncertainty at step 5600: 56.913978
2025-12-07 09:58:38 INFO     Training average L_kl at step 5600: 56339.741406
2025-12-07 09:58:38 INFO     Training average L_sigma at step 5600: 574.233987
2025-12-07 09:58:38 INFO     Training average mu_mean at step 5600: -2.808874
2025-12-07 09:58:38 INFO     Training average sigma_mean at step 5600: 0.141908
2025-12-07 09:58:38 INFO     Training average regularization at step 5600: 0.006170
2025-12-07 09:58:38 INFO     Training average loss at step 5600: 2.417602
2025-12-07 09:59:34 INFO     Training average positive_fact_loss at step 5700: 0.314908
2025-12-07 09:59:34 INFO     Training average negative_fact_loss at step 5700: 0.292575
2025-12-07 09:59:34 INFO     Training average positive_rule_loss at step 5700: 1.755281
2025-12-07 09:59:34 INFO     Training average negative_rule_loss at step 5700: 2.345434
2025-12-07 09:59:34 INFO     Training average L_uncertainty at step 5700: 56.638659
2025-12-07 09:59:34 INFO     Training average L_kl at step 5700: 56063.217500
2025-12-07 09:59:34 INFO     Training average L_sigma at step 5700: 575.439110
2025-12-07 09:59:34 INFO     Training average mu_mean at step 5700: -2.799419
2025-12-07 09:59:34 INFO     Training average sigma_mean at step 5700: 0.141926
2025-12-07 09:59:34 INFO     Training average regularization at step 5700: 0.006180
2025-12-07 09:59:34 INFO     Training average loss at step 5700: 2.416917
2025-12-07 10:00:35 INFO     Training average positive_fact_loss at step 5800: 0.314013
2025-12-07 10:00:35 INFO     Training average negative_fact_loss at step 5800: 0.292297
2025-12-07 10:00:35 INFO     Training average positive_rule_loss at step 5800: 1.757745
2025-12-07 10:00:35 INFO     Training average negative_rule_loss at step 5800: 2.343907
2025-12-07 10:00:35 INFO     Training average L_uncertainty at step 5800: 56.891223
2025-12-07 10:00:35 INFO     Training average L_kl at step 5800: 56315.516367
2025-12-07 10:00:35 INFO     Training average L_sigma at step 5800: 575.703455
2025-12-07 10:00:35 INFO     Training average mu_mean at step 5800: -2.807958
2025-12-07 10:00:35 INFO     Training average sigma_mean at step 5800: 0.141879
2025-12-07 10:00:35 INFO     Training average regularization at step 5800: 0.006171
2025-12-07 10:00:35 INFO     Training average loss at step 5800: 2.417044
2025-12-07 10:01:22 INFO     Training average positive_fact_loss at step 5900: 0.314984
2025-12-07 10:01:22 INFO     Training average negative_fact_loss at step 5900: 0.292019
2025-12-07 10:01:22 INFO     Training average positive_rule_loss at step 5900: 1.757655
2025-12-07 10:01:22 INFO     Training average negative_rule_loss at step 5900: 2.342014
2025-12-07 10:01:22 INFO     Training average L_uncertainty at step 5900: 56.681464
2025-12-07 10:01:22 INFO     Training average L_kl at step 5900: 56105.754258
2025-12-07 10:01:22 INFO     Training average L_sigma at step 5900: 575.707330
2025-12-07 10:01:22 INFO     Training average mu_mean at step 5900: -2.801100
2025-12-07 10:01:22 INFO     Training average sigma_mean at step 5900: 0.141943
2025-12-07 10:01:22 INFO     Training average regularization at step 5900: 0.006181
2025-12-07 10:01:22 INFO     Training average loss at step 5900: 2.416199
2025-12-07 10:02:23 INFO     Training average positive_fact_loss at step 6000: 0.314372
2025-12-07 10:02:23 INFO     Training average negative_fact_loss at step 6000: 0.292010
2025-12-07 10:02:23 INFO     Training average positive_rule_loss at step 6000: 1.758141
2025-12-07 10:02:23 INFO     Training average negative_rule_loss at step 6000: 2.340219
2025-12-07 10:02:23 INFO     Training average L_uncertainty at step 6000: 56.769284
2025-12-07 10:02:23 INFO     Training average L_kl at step 6000: 56197.424453
2025-12-07 10:02:23 INFO     Training average L_sigma at step 6000: 571.856706
2025-12-07 10:02:23 INFO     Training average mu_mean at step 6000: -2.803551
2025-12-07 10:02:23 INFO     Training average sigma_mean at step 6000: 0.141853
2025-12-07 10:02:23 INFO     Training average regularization at step 6000: 0.006174
2025-12-07 10:02:23 INFO     Training average loss at step 6000: 2.415314
2025-12-07 10:02:23 INFO     Evaluating on Valid Dataset...
2025-12-07 10:02:23 INFO     >>>>> RuleE emb: Evaluating on valid
2025-12-07 10:02:33 INFO     Data : 4274
2025-12-07 10:02:33 INFO     Hit1 : 0.535330
2025-12-07 10:02:33 INFO     Hit3 : 0.770707
2025-12-07 10:02:33 INFO     Hit10: 0.940805
2025-12-07 10:02:33 INFO     MR   : 3.445952
2025-12-07 10:02:33 INFO     MRR  : 0.672904
2025-12-07 10:03:32 INFO     Training average positive_fact_loss at step 6100: 0.313736
2025-12-07 10:03:32 INFO     Training average negative_fact_loss at step 6100: 0.292118
2025-12-07 10:03:32 INFO     Training average positive_rule_loss at step 6100: 1.760043
2025-12-07 10:03:32 INFO     Training average negative_rule_loss at step 6100: 2.336739
2025-12-07 10:03:32 INFO     Training average L_uncertainty at step 6100: 56.718191
2025-12-07 10:03:32 INFO     Training average L_kl at step 6100: 56140.050039
2025-12-07 10:03:32 INFO     Training average L_sigma at step 6100: 578.138349
2025-12-07 10:03:32 INFO     Training average mu_mean at step 6100: -2.801408
2025-12-07 10:03:32 INFO     Training average sigma_mean at step 6100: 0.141970
2025-12-07 10:03:32 INFO     Training average regularization at step 6100: 0.006176
2025-12-07 10:03:32 INFO     Training average loss at step 6100: 2.414212
2025-12-07 10:04:33 INFO     Training average positive_fact_loss at step 6200: 0.314468
2025-12-07 10:04:33 INFO     Training average negative_fact_loss at step 6200: 0.291872
2025-12-07 10:04:33 INFO     Training average positive_rule_loss at step 6200: 1.760074
2025-12-07 10:04:33 INFO     Training average negative_rule_loss at step 6200: 2.336184
2025-12-07 10:04:33 INFO     Training average L_uncertainty at step 6200: 56.762216
2025-12-07 10:04:33 INFO     Training average L_kl at step 6200: 56191.666250
2025-12-07 10:04:33 INFO     Training average L_sigma at step 6200: 570.546653
2025-12-07 10:04:33 INFO     Training average mu_mean at step 6200: -2.802730
2025-12-07 10:04:33 INFO     Training average sigma_mean at step 6200: 0.141870
2025-12-07 10:04:33 INFO     Training average regularization at step 6200: 0.006183
2025-12-07 10:04:33 INFO     Training average loss at step 6200: 2.414244
2025-12-07 10:05:29 INFO     Training average positive_fact_loss at step 6300: 0.313710
2025-12-07 10:05:29 INFO     Training average negative_fact_loss at step 6300: 0.292412
2025-12-07 10:05:29 INFO     Training average positive_rule_loss at step 6300: 1.761550
2025-12-07 10:05:29 INFO     Training average negative_rule_loss at step 6300: 2.334142
2025-12-07 10:05:29 INFO     Training average L_uncertainty at step 6300: 56.655848
2025-12-07 10:05:29 INFO     Training average L_kl at step 6300: 56085.885781
2025-12-07 10:05:29 INFO     Training average L_sigma at step 6300: 569.959638
2025-12-07 10:05:29 INFO     Training average mu_mean at step 6300: -2.799262
2025-12-07 10:05:29 INFO     Training average sigma_mean at step 6300: 0.141891
2025-12-07 10:05:29 INFO     Training average regularization at step 6300: 0.006176
2025-12-07 10:05:29 INFO     Training average loss at step 6300: 2.413739
2025-12-07 10:06:30 INFO     Training average positive_fact_loss at step 6400: 0.313824
2025-12-07 10:06:30 INFO     Training average negative_fact_loss at step 6400: 0.291882
2025-12-07 10:06:30 INFO     Training average positive_rule_loss at step 6400: 1.762491
2025-12-07 10:06:30 INFO     Training average negative_rule_loss at step 6400: 2.331117
2025-12-07 10:06:30 INFO     Training average L_uncertainty at step 6400: 56.838510
2025-12-07 10:06:30 INFO     Training average L_kl at step 6400: 56266.598437
2025-12-07 10:06:30 INFO     Training average L_sigma at step 6400: 571.909427
2025-12-07 10:06:30 INFO     Training average mu_mean at step 6400: -2.804640
2025-12-07 10:06:30 INFO     Training average sigma_mean at step 6400: 0.141931
2025-12-07 10:06:30 INFO     Training average regularization at step 6400: 0.006183
2025-12-07 10:06:30 INFO     Training average loss at step 6400: 2.412678
2025-12-07 10:07:21 INFO     Training average positive_fact_loss at step 6500: 0.314606
2025-12-07 10:07:21 INFO     Training average negative_fact_loss at step 6500: 0.292152
2025-12-07 10:07:21 INFO     Training average positive_rule_loss at step 6500: 1.761382
2025-12-07 10:07:21 INFO     Training average negative_rule_loss at step 6500: 2.332783
2025-12-07 10:07:21 INFO     Training average L_uncertainty at step 6500: 56.451008
2025-12-07 10:07:21 INFO     Training average L_kl at step 6500: 55880.147891
2025-12-07 10:07:21 INFO     Training average L_sigma at step 6500: 570.857255
2025-12-07 10:07:21 INFO     Training average mu_mean at step 6500: -2.790919
2025-12-07 10:07:21 INFO     Training average sigma_mean at step 6500: 0.141893
2025-12-07 10:07:21 INFO     Training average regularization at step 6500: 0.006177
2025-12-07 10:07:21 INFO     Training average loss at step 6500: 2.413089
2025-12-07 10:08:17 INFO     Training average positive_fact_loss at step 6600: 0.314238
2025-12-07 10:08:17 INFO     Training average negative_fact_loss at step 6600: 0.291659
2025-12-07 10:08:17 INFO     Training average positive_rule_loss at step 6600: 1.766871
2025-12-07 10:08:17 INFO     Training average negative_rule_loss at step 6600: 2.325630
2025-12-07 10:08:17 INFO     Training average L_uncertainty at step 6600: 57.054414
2025-12-07 10:08:17 INFO     Training average L_kl at step 6600: 56481.395508
2025-12-07 10:08:17 INFO     Training average L_sigma at step 6600: 573.016273
2025-12-07 10:08:17 INFO     Training average mu_mean at step 6600: -2.811411
2025-12-07 10:08:17 INFO     Training average sigma_mean at step 6600: 0.141941
2025-12-07 10:08:17 INFO     Training average regularization at step 6600: 0.006183
2025-12-07 10:08:17 INFO     Training average loss at step 6600: 2.412437
2025-12-07 10:09:13 INFO     Training average positive_fact_loss at step 6700: 0.314134
2025-12-07 10:09:13 INFO     Training average negative_fact_loss at step 6700: 0.291455
2025-12-07 10:09:13 INFO     Training average positive_rule_loss at step 6700: 1.764712
2025-12-07 10:09:13 INFO     Training average negative_rule_loss at step 6700: 2.326477
2025-12-07 10:09:13 INFO     Training average L_uncertainty at step 6700: 56.845274
2025-12-07 10:09:13 INFO     Training average L_kl at step 6700: 56261.492109
2025-12-07 10:09:13 INFO     Training average L_sigma at step 6700: 583.778823
2025-12-07 10:09:13 INFO     Training average mu_mean at step 6700: -2.803503
2025-12-07 10:09:13 INFO     Training average sigma_mean at step 6700: 0.141797
2025-12-07 10:09:13 INFO     Training average regularization at step 6700: 0.006189
2025-12-07 10:09:13 INFO     Training average loss at step 6700: 2.411423
2025-12-07 10:10:13 INFO     Training average positive_fact_loss at step 6800: 0.313963
2025-12-07 10:10:13 INFO     Training average negative_fact_loss at step 6800: 0.292038
2025-12-07 10:10:13 INFO     Training average positive_rule_loss at step 6800: 1.765595
2025-12-07 10:10:13 INFO     Training average negative_rule_loss at step 6800: 2.323885
2025-12-07 10:10:13 INFO     Training average L_uncertainty at step 6800: 56.868021
2025-12-07 10:10:13 INFO     Training average L_kl at step 6800: 56291.429688
2025-12-07 10:10:13 INFO     Training average L_sigma at step 6800: 576.589235
2025-12-07 10:10:13 INFO     Training average mu_mean at step 6800: -2.803693
2025-12-07 10:10:13 INFO     Training average sigma_mean at step 6800: 0.141854
2025-12-07 10:10:13 INFO     Training average regularization at step 6800: 0.006172
2025-12-07 10:10:13 INFO     Training average loss at step 6800: 2.410780
2025-12-07 10:11:10 INFO     Training average positive_fact_loss at step 6900: 0.313380
2025-12-07 10:11:10 INFO     Training average negative_fact_loss at step 6900: 0.291974
2025-12-07 10:11:10 INFO     Training average positive_rule_loss at step 6900: 1.764675
2025-12-07 10:11:10 INFO     Training average negative_rule_loss at step 6900: 2.325699
2025-12-07 10:11:10 INFO     Training average L_uncertainty at step 6900: 56.639511
2025-12-07 10:11:10 INFO     Training average L_kl at step 6900: 56067.325000
2025-12-07 10:11:10 INFO     Training average L_sigma at step 6900: 572.183358
2025-12-07 10:11:10 INFO     Training average mu_mean at step 6900: -2.795317
2025-12-07 10:11:10 INFO     Training average sigma_mean at step 6900: 0.141845
2025-12-07 10:11:10 INFO     Training average regularization at step 6900: 0.006180
2025-12-07 10:11:10 INFO     Training average loss at step 6900: 2.410683
2025-12-07 10:12:11 INFO     Training average positive_fact_loss at step 7000: 0.314255
2025-12-07 10:12:11 INFO     Training average negative_fact_loss at step 7000: 0.292051
2025-12-07 10:12:11 INFO     Training average positive_rule_loss at step 7000: 1.765183
2025-12-07 10:12:11 INFO     Training average negative_rule_loss at step 7000: 2.323031
2025-12-07 10:12:11 INFO     Training average L_uncertainty at step 7000: 56.801922
2025-12-07 10:12:11 INFO     Training average L_kl at step 7000: 56225.392422
2025-12-07 10:12:11 INFO     Training average L_sigma at step 7000: 576.527173
2025-12-07 10:12:11 INFO     Training average mu_mean at step 7000: -2.799641
2025-12-07 10:12:11 INFO     Training average sigma_mean at step 7000: 0.141938
2025-12-07 10:12:11 INFO     Training average regularization at step 7000: 0.006180
2025-12-07 10:12:11 INFO     Training average loss at step 7000: 2.410242
2025-12-07 10:12:11 INFO     Evaluating on Valid Dataset...
2025-12-07 10:12:11 INFO     >>>>> RuleE emb: Evaluating on valid
2025-12-07 10:12:21 INFO     Data : 4274
2025-12-07 10:12:21 INFO     Hit1 : 0.532054
2025-12-07 10:12:21 INFO     Hit3 : 0.766495
2025-12-07 10:12:21 INFO     Hit10: 0.938231
2025-12-07 10:12:21 INFO     MR   : 3.477773
2025-12-07 10:12:21 INFO     MRR  : 0.670747
2025-12-07 10:13:17 INFO     Training average positive_fact_loss at step 7100: 0.314529
2025-12-07 10:13:17 INFO     Training average negative_fact_loss at step 7100: 0.291654
2025-12-07 10:13:17 INFO     Training average positive_rule_loss at step 7100: 1.765338
2025-12-07 10:13:17 INFO     Training average negative_rule_loss at step 7100: 2.320934
2025-12-07 10:13:17 INFO     Training average L_uncertainty at step 7100: 56.709799
2025-12-07 10:13:17 INFO     Training average L_kl at step 7100: 56138.519258
2025-12-07 10:13:17 INFO     Training average L_sigma at step 7100: 571.276592
2025-12-07 10:13:17 INFO     Training average mu_mean at step 7100: -2.796059
2025-12-07 10:13:17 INFO     Training average sigma_mean at step 7100: 0.141887
2025-12-07 10:13:17 INFO     Training average regularization at step 7100: 0.006182
2025-12-07 10:13:17 INFO     Training average loss at step 7100: 2.409119
2025-12-07 10:14:09 INFO     Training average positive_fact_loss at step 7200: 0.314288
2025-12-07 10:14:09 INFO     Training average negative_fact_loss at step 7200: 0.291970
2025-12-07 10:14:09 INFO     Training average positive_rule_loss at step 7200: 1.764405
2025-12-07 10:14:09 INFO     Training average negative_rule_loss at step 7200: 2.324210
2025-12-07 10:14:09 INFO     Training average L_uncertainty at step 7200: 56.465408
2025-12-07 10:14:09 INFO     Training average L_kl at step 7200: 55897.085586
2025-12-07 10:14:09 INFO     Training average L_sigma at step 7200: 568.319814
2025-12-07 10:14:09 INFO     Training average mu_mean at step 7200: -2.786646
2025-12-07 10:14:09 INFO     Training average sigma_mean at step 7200: 0.141880
2025-12-07 10:14:09 INFO     Training average regularization at step 7200: 0.006180
2025-12-07 10:14:09 INFO     Training average loss at step 7200: 2.410083
2025-12-07 10:15:05 INFO     Training average positive_fact_loss at step 7300: 0.314326
2025-12-07 10:15:05 INFO     Training average negative_fact_loss at step 7300: 0.291559
2025-12-07 10:15:05 INFO     Training average positive_rule_loss at step 7300: 1.766292
2025-12-07 10:15:05 INFO     Training average negative_rule_loss at step 7300: 2.317147
2025-12-07 10:15:05 INFO     Training average L_uncertainty at step 7300: 56.832609
2025-12-07 10:15:05 INFO     Training average L_kl at step 7300: 56258.056523
2025-12-07 10:15:05 INFO     Training average L_sigma at step 7300: 574.549716
2025-12-07 10:15:05 INFO     Training average mu_mean at step 7300: -2.798990
2025-12-07 10:15:05 INFO     Training average sigma_mean at step 7300: 0.141840
2025-12-07 10:15:05 INFO     Training average regularization at step 7300: 0.006184
2025-12-07 10:15:05 INFO     Training average loss at step 7300: 2.407678
2025-12-07 10:16:06 INFO     Training average positive_fact_loss at step 7400: 0.313253
2025-12-07 10:16:06 INFO     Training average negative_fact_loss at step 7400: 0.291482
2025-12-07 10:16:06 INFO     Training average positive_rule_loss at step 7400: 1.765730
2025-12-07 10:16:06 INFO     Training average negative_rule_loss at step 7400: 2.318686
2025-12-07 10:16:06 INFO     Training average L_uncertainty at step 7400: 56.594785
2025-12-07 10:16:06 INFO     Training average L_kl at step 7400: 56018.675742
2025-12-07 10:16:06 INFO     Training average L_sigma at step 7400: 576.107008
2025-12-07 10:16:06 INFO     Training average mu_mean at step 7400: -2.790236
2025-12-07 10:16:06 INFO     Training average sigma_mean at step 7400: 0.141931
2025-12-07 10:16:06 INFO     Training average regularization at step 7400: 0.006182
2025-12-07 10:16:06 INFO     Training average loss at step 7400: 2.407353
2025-12-07 10:17:02 INFO     Training average positive_fact_loss at step 7500: 0.313958
2025-12-07 10:17:02 INFO     Training average negative_fact_loss at step 7500: 0.291968
2025-12-07 10:17:02 INFO     Training average positive_rule_loss at step 7500: 1.765130
2025-12-07 10:17:02 INFO     Training average negative_rule_loss at step 7500: 2.316486
2025-12-07 10:17:02 INFO     Training average L_uncertainty at step 7500: 56.652012
2025-12-07 10:17:02 INFO     Training average L_kl at step 7500: 56085.959844
2025-12-07 10:17:02 INFO     Training average L_sigma at step 7500: 566.048884
2025-12-07 10:17:02 INFO     Training average mu_mean at step 7500: -2.789920
2025-12-07 10:17:02 INFO     Training average sigma_mean at step 7500: 0.141815
2025-12-07 10:17:02 INFO     Training average regularization at step 7500: 0.006187
2025-12-07 10:17:02 INFO     Training average loss at step 7500: 2.406609
2025-12-07 10:18:03 INFO     Training average positive_fact_loss at step 7600: 0.313777
2025-12-07 10:18:03 INFO     Training average negative_fact_loss at step 7600: 0.292128
2025-12-07 10:18:03 INFO     Training average positive_rule_loss at step 7600: 1.763438
2025-12-07 10:18:03 INFO     Training average negative_rule_loss at step 7600: 2.318754
2025-12-07 10:18:03 INFO     Training average L_uncertainty at step 7600: 56.548228
2025-12-07 10:18:03 INFO     Training average L_kl at step 7600: 55978.026406
2025-12-07 10:18:03 INFO     Training average L_sigma at step 7600: 570.198545
2025-12-07 10:18:03 INFO     Training average mu_mean at step 7600: -2.785419
2025-12-07 10:18:03 INFO     Training average sigma_mean at step 7600: 0.141883
2025-12-07 10:18:03 INFO     Training average regularization at step 7600: 0.006180
2025-12-07 10:18:03 INFO     Training average loss at step 7600: 2.406777
2025-12-07 10:19:00 INFO     Training average positive_fact_loss at step 7700: 0.314389
2025-12-07 10:19:00 INFO     Training average negative_fact_loss at step 7700: 0.291715
2025-12-07 10:19:00 INFO     Training average positive_rule_loss at step 7700: 1.763749
2025-12-07 10:19:00 INFO     Training average negative_rule_loss at step 7700: 2.315963
2025-12-07 10:19:00 INFO     Training average L_uncertainty at step 7700: 56.513573
2025-12-07 10:19:00 INFO     Training average L_kl at step 7700: 55942.719023
2025-12-07 10:19:00 INFO     Training average L_sigma at step 7700: 570.851652
2025-12-07 10:19:00 INFO     Training average mu_mean at step 7700: -2.783669
2025-12-07 10:19:00 INFO     Training average sigma_mean at step 7700: 0.141898
2025-12-07 10:19:00 INFO     Training average regularization at step 7700: 0.006183
2025-12-07 10:19:00 INFO     Training average loss at step 7700: 2.405604
2025-12-07 10:19:55 INFO     Training average positive_fact_loss at step 7800: 0.314155
2025-12-07 10:19:55 INFO     Training average negative_fact_loss at step 7800: 0.291775
2025-12-07 10:19:55 INFO     Training average positive_rule_loss at step 7800: 1.763051
2025-12-07 10:19:55 INFO     Training average negative_rule_loss at step 7800: 2.315521
2025-12-07 10:19:55 INFO     Training average L_uncertainty at step 7800: 56.540640
2025-12-07 10:19:55 INFO     Training average L_kl at step 7800: 55970.986172
2025-12-07 10:19:55 INFO     Training average L_sigma at step 7800: 569.650972
2025-12-07 10:19:55 INFO     Training average mu_mean at step 7800: -2.782993
2025-12-07 10:19:55 INFO     Training average sigma_mean at step 7800: 0.141885
2025-12-07 10:19:55 INFO     Training average regularization at step 7800: 0.006186
2025-12-07 10:19:55 INFO     Training average loss at step 7800: 2.404978
2025-12-07 10:20:47 INFO     Training average positive_fact_loss at step 7900: 0.314345
2025-12-07 10:20:47 INFO     Training average negative_fact_loss at step 7900: 0.290953
2025-12-07 10:20:47 INFO     Training average positive_rule_loss at step 7900: 1.764311
2025-12-07 10:20:47 INFO     Training average negative_rule_loss at step 7900: 2.313621
2025-12-07 10:20:47 INFO     Training average L_uncertainty at step 7900: 56.575855
2025-12-07 10:20:47 INFO     Training average L_kl at step 7900: 56008.015117
2025-12-07 10:20:47 INFO     Training average L_sigma at step 7900: 567.837827
2025-12-07 10:20:47 INFO     Training average mu_mean at step 7900: -2.782957
2025-12-07 10:20:47 INFO     Training average sigma_mean at step 7900: 0.141865
2025-12-07 10:20:47 INFO     Training average regularization at step 7900: 0.006188
2025-12-07 10:20:47 INFO     Training average loss at step 7900: 2.404379
2025-12-07 10:21:48 INFO     Training average positive_fact_loss at step 8000: 0.313451
2025-12-07 10:21:48 INFO     Training average negative_fact_loss at step 8000: 0.291624
2025-12-07 10:21:48 INFO     Training average positive_rule_loss at step 8000: 1.760867
2025-12-07 10:21:48 INFO     Training average negative_rule_loss at step 8000: 2.315183
2025-12-07 10:21:48 INFO     Training average L_uncertainty at step 8000: 56.420824
2025-12-07 10:21:48 INFO     Training average L_kl at step 8000: 55852.430234
2025-12-07 10:21:48 INFO     Training average L_sigma at step 8000: 568.391306
2025-12-07 10:21:48 INFO     Training average mu_mean at step 8000: -2.775760
2025-12-07 10:21:48 INFO     Training average sigma_mean at step 8000: 0.141888
2025-12-07 10:21:48 INFO     Training average regularization at step 8000: 0.006176
2025-12-07 10:21:48 INFO     Training average loss at step 8000: 2.403159
2025-12-07 10:21:48 INFO     Evaluating on Valid Dataset...
2025-12-07 10:21:48 INFO     >>>>> RuleE emb: Evaluating on valid
2025-12-07 10:21:58 INFO     Data : 4274
2025-12-07 10:21:58 INFO     Hit1 : 0.536266
2025-12-07 10:21:58 INFO     Hit3 : 0.773514
2025-12-07 10:21:58 INFO     Hit10: 0.942209
2025-12-07 10:21:58 INFO     MR   : 3.423023
2025-12-07 10:21:58 INFO     MRR  : 0.673481
2025-12-07 10:22:56 INFO     Training average positive_fact_loss at step 8100: 0.314269
2025-12-07 10:22:56 INFO     Training average negative_fact_loss at step 8100: 0.291806
2025-12-07 10:22:56 INFO     Training average positive_rule_loss at step 8100: 1.760696
2025-12-07 10:22:56 INFO     Training average negative_rule_loss at step 8100: 2.314696
2025-12-07 10:22:56 INFO     Training average L_uncertainty at step 8100: 56.323997
2025-12-07 10:22:56 INFO     Training average L_kl at step 8100: 55755.129297
2025-12-07 10:22:56 INFO     Training average L_sigma at step 8100: 568.865122
2025-12-07 10:22:56 INFO     Training average mu_mean at step 8100: -2.771195
2025-12-07 10:22:56 INFO     Training average sigma_mean at step 8100: 0.141888
2025-12-07 10:22:56 INFO     Training average regularization at step 8100: 0.006176
2025-12-07 10:22:56 INFO     Training average loss at step 8100: 2.403234
2025-12-07 10:23:57 INFO     Training average positive_fact_loss at step 8200: 0.313411
2025-12-07 10:23:57 INFO     Training average negative_fact_loss at step 8200: 0.291775
2025-12-07 10:23:57 INFO     Training average positive_rule_loss at step 8200: 1.759332
2025-12-07 10:23:57 INFO     Training average negative_rule_loss at step 8200: 2.315045
2025-12-07 10:23:57 INFO     Training average L_uncertainty at step 8200: 56.336890
2025-12-07 10:23:57 INFO     Training average L_kl at step 8200: 55770.376563
2025-12-07 10:23:57 INFO     Training average L_sigma at step 8200: 566.510636
2025-12-07 10:23:57 INFO     Training average mu_mean at step 8200: -2.769879
2025-12-07 10:23:57 INFO     Training average sigma_mean at step 8200: 0.141844
2025-12-07 10:23:57 INFO     Training average regularization at step 8200: 0.006182
2025-12-07 10:23:57 INFO     Training average loss at step 8200: 2.402301
2025-12-07 10:24:54 INFO     Training average positive_fact_loss at step 8300: 0.313681
2025-12-07 10:24:54 INFO     Training average negative_fact_loss at step 8300: 0.291671
2025-12-07 10:24:54 INFO     Training average positive_rule_loss at step 8300: 1.759479
2025-12-07 10:24:54 INFO     Training average negative_rule_loss at step 8300: 2.312547
2025-12-07 10:24:54 INFO     Training average L_uncertainty at step 8300: 56.322037
2025-12-07 10:24:54 INFO     Training average L_kl at step 8300: 55753.054102
2025-12-07 10:24:54 INFO     Training average L_sigma at step 8300: 568.980914
2025-12-07 10:24:54 INFO     Training average mu_mean at step 8300: -2.767836
2025-12-07 10:24:54 INFO     Training average sigma_mean at step 8300: 0.141880
2025-12-07 10:24:54 INFO     Training average regularization at step 8300: 0.006183
2025-12-07 10:24:54 INFO     Training average loss at step 8300: 2.401195
2025-12-07 10:25:54 INFO     Training average positive_fact_loss at step 8400: 0.313811
2025-12-07 10:25:54 INFO     Training average negative_fact_loss at step 8400: 0.291615
2025-12-07 10:25:54 INFO     Training average positive_rule_loss at step 8400: 1.760979
2025-12-07 10:25:54 INFO     Training average negative_rule_loss at step 8400: 2.308430
2025-12-07 10:25:54 INFO     Training average L_uncertainty at step 8400: 56.506327
2025-12-07 10:25:54 INFO     Training average L_kl at step 8400: 55931.809141
2025-12-07 10:25:54 INFO     Training average L_sigma at step 8400: 574.515160
2025-12-07 10:25:54 INFO     Training average mu_mean at step 8400: -2.772999
2025-12-07 10:25:54 INFO     Training average sigma_mean at step 8400: 0.141895
2025-12-07 10:25:54 INFO     Training average regularization at step 8400: 0.006180
2025-12-07 10:25:54 INFO     Training average loss at step 8400: 2.400103
2025-12-07 10:26:41 INFO     Training average positive_fact_loss at step 8500: 0.314365
2025-12-07 10:26:41 INFO     Training average negative_fact_loss at step 8500: 0.291093
2025-12-07 10:26:41 INFO     Training average positive_rule_loss at step 8500: 1.759975
2025-12-07 10:26:41 INFO     Training average negative_rule_loss at step 8500: 2.308414
2025-12-07 10:26:41 INFO     Training average L_uncertainty at step 8500: 56.453316
2025-12-07 10:26:41 INFO     Training average L_kl at step 8500: 55877.681875
2025-12-07 10:26:41 INFO     Training average L_sigma at step 8500: 575.631275
2025-12-07 10:26:41 INFO     Training average mu_mean at step 8500: -2.769125
2025-12-07 10:26:41 INFO     Training average sigma_mean at step 8500: 0.141918
2025-12-07 10:26:41 INFO     Training average regularization at step 8500: 0.006180
2025-12-07 10:26:41 INFO     Training average loss at step 8500: 2.399557
2025-12-07 10:27:41 INFO     Training average positive_fact_loss at step 8600: 0.313727
2025-12-07 10:27:41 INFO     Training average negative_fact_loss at step 8600: 0.291490
2025-12-07 10:27:41 INFO     Training average positive_rule_loss at step 8600: 1.758402
2025-12-07 10:27:41 INFO     Training average negative_rule_loss at step 8600: 2.308883
2025-12-07 10:27:41 INFO     Training average L_uncertainty at step 8600: 56.389953
2025-12-07 10:27:41 INFO     Training average L_kl at step 8600: 55821.955898
2025-12-07 10:27:41 INFO     Training average L_sigma at step 8600: 567.994333
2025-12-07 10:27:41 INFO     Training average mu_mean at step 8600: -2.764833
2025-12-07 10:27:41 INFO     Training average sigma_mean at step 8600: 0.141844
2025-12-07 10:27:41 INFO     Training average regularization at step 8600: 0.006179
2025-12-07 10:27:41 INFO     Training average loss at step 8600: 2.398821
2025-12-07 10:28:37 INFO     Training average positive_fact_loss at step 8700: 0.313222
2025-12-07 10:28:37 INFO     Training average negative_fact_loss at step 8700: 0.291134
2025-12-07 10:28:37 INFO     Training average positive_rule_loss at step 8700: 1.758791
2025-12-07 10:28:37 INFO     Training average negative_rule_loss at step 8700: 2.304216
2025-12-07 10:28:37 INFO     Training average L_uncertainty at step 8700: 56.578718
2025-12-07 10:28:37 INFO     Training average L_kl at step 8700: 56007.719648
2025-12-07 10:28:37 INFO     Training average L_sigma at step 8700: 570.995560
2025-12-07 10:28:37 INFO     Training average mu_mean at step 8700: -2.769384
2025-12-07 10:28:37 INFO     Training average sigma_mean at step 8700: 0.141877
2025-12-07 10:28:37 INFO     Training average regularization at step 8700: 0.006175
2025-12-07 10:28:37 INFO     Training average loss at step 8700: 2.396435
2025-12-07 10:29:37 INFO     Training average positive_fact_loss at step 8800: 0.313893
2025-12-07 10:29:37 INFO     Training average negative_fact_loss at step 8800: 0.291503
2025-12-07 10:29:37 INFO     Training average positive_rule_loss at step 8800: 1.756383
2025-12-07 10:29:37 INFO     Training average negative_rule_loss at step 8800: 2.308516
2025-12-07 10:29:37 INFO     Training average L_uncertainty at step 8800: 56.222899
2025-12-07 10:29:37 INFO     Training average L_kl at step 8800: 55656.488984
2025-12-07 10:29:37 INFO     Training average L_sigma at step 8800: 566.406922
2025-12-07 10:29:37 INFO     Training average mu_mean at step 8800: -2.755804
2025-12-07 10:29:37 INFO     Training average sigma_mean at step 8800: 0.141844
2025-12-07 10:29:37 INFO     Training average regularization at step 8800: 0.006176
2025-12-07 10:29:37 INFO     Training average loss at step 8800: 2.397547
2025-12-07 10:30:34 INFO     Training average positive_fact_loss at step 8900: 0.313524
2025-12-07 10:30:34 INFO     Training average negative_fact_loss at step 8900: 0.292243
2025-12-07 10:30:34 INFO     Training average positive_rule_loss at step 8900: 1.758595
2025-12-07 10:30:34 INFO     Training average negative_rule_loss at step 8900: 2.302531
2025-12-07 10:30:34 INFO     Training average L_uncertainty at step 8900: 56.480116
2025-12-07 10:30:34 INFO     Training average L_kl at step 8900: 55909.596484
2025-12-07 10:30:34 INFO     Training average L_sigma at step 8900: 570.517081
2025-12-07 10:30:34 INFO     Training average mu_mean at step 8900: -2.762541
2025-12-07 10:30:34 INFO     Training average sigma_mean at step 8900: 0.141886
2025-12-07 10:30:34 INFO     Training average regularization at step 8900: 0.006175
2025-12-07 10:30:34 INFO     Training average loss at step 8900: 2.396101
2025-12-07 10:31:34 INFO     Training average positive_fact_loss at step 9000: 0.313645
2025-12-07 10:31:34 INFO     Training average negative_fact_loss at step 9000: 0.291414
2025-12-07 10:31:34 INFO     Training average positive_rule_loss at step 9000: 1.755731
2025-12-07 10:31:34 INFO     Training average negative_rule_loss at step 9000: 2.304305
2025-12-07 10:31:34 INFO     Training average L_uncertainty at step 9000: 56.361052
2025-12-07 10:31:34 INFO     Training average L_kl at step 9000: 55789.745391
2025-12-07 10:31:34 INFO     Training average L_sigma at step 9000: 571.304437
2025-12-07 10:31:34 INFO     Training average mu_mean at step 9000: -2.756377
2025-12-07 10:31:34 INFO     Training average sigma_mean at step 9000: 0.141878
2025-12-07 10:31:34 INFO     Training average regularization at step 9000: 0.006183
2025-12-07 10:31:34 INFO     Training average loss at step 9000: 2.395091
2025-12-07 10:31:34 INFO     Evaluating on Valid Dataset...
2025-12-07 10:31:34 INFO     >>>>> RuleE emb: Evaluating on valid
2025-12-07 10:31:44 INFO     Data : 4274
2025-12-07 10:31:44 INFO     Hit1 : 0.530416
2025-12-07 10:31:44 INFO     Hit3 : 0.760178
2025-12-07 10:31:44 INFO     Hit10: 0.939869
2025-12-07 10:31:44 INFO     MR   : 3.476135
2025-12-07 10:31:44 INFO     MRR  : 0.667247
2025-12-07 10:32:36 INFO     Training average positive_fact_loss at step 9100: 0.314548
2025-12-07 10:32:36 INFO     Training average negative_fact_loss at step 9100: 0.291411
2025-12-07 10:32:36 INFO     Training average positive_rule_loss at step 9100: 1.756883
2025-12-07 10:32:36 INFO     Training average negative_rule_loss at step 9100: 2.298874
2025-12-07 10:32:36 INFO     Training average L_uncertainty at step 9100: 56.553304
2025-12-07 10:32:36 INFO     Training average L_kl at step 9100: 55984.048398
2025-12-07 10:32:36 INFO     Training average L_sigma at step 9100: 569.253126
2025-12-07 10:32:36 INFO     Training average mu_mean at step 9100: -2.760905
2025-12-07 10:32:36 INFO     Training average sigma_mean at step 9100: 0.141860
2025-12-07 10:32:36 INFO     Training average regularization at step 9100: 0.006184
2025-12-07 10:32:36 INFO     Training average loss at step 9100: 2.393596
2025-12-07 10:33:32 INFO     Training average positive_fact_loss at step 9200: 0.313975
2025-12-07 10:33:32 INFO     Training average negative_fact_loss at step 9200: 0.291265
2025-12-07 10:33:32 INFO     Training average positive_rule_loss at step 9200: 1.753407
2025-12-07 10:33:32 INFO     Training average negative_rule_loss at step 9200: 2.304586
2025-12-07 10:33:32 INFO     Training average L_uncertainty at step 9200: 56.318770
2025-12-07 10:33:32 INFO     Training average L_kl at step 9200: 55749.251797
2025-12-07 10:33:32 INFO     Training average L_sigma at step 9200: 569.515544
2025-12-07 10:33:32 INFO     Training average mu_mean at step 9200: -2.750835
2025-12-07 10:33:32 INFO     Training average sigma_mean at step 9200: 0.141813
2025-12-07 10:33:32 INFO     Training average regularization at step 9200: 0.006185
2025-12-07 10:33:32 INFO     Training average loss at step 9200: 2.394121
2025-12-07 10:34:28 INFO     Training average positive_fact_loss at step 9300: 0.314066
2025-12-07 10:34:28 INFO     Training average negative_fact_loss at step 9300: 0.291530
2025-12-07 10:34:28 INFO     Training average positive_rule_loss at step 9300: 1.753356
2025-12-07 10:34:28 INFO     Training average negative_rule_loss at step 9300: 2.301005
2025-12-07 10:34:28 INFO     Training average L_uncertainty at step 9300: 56.214504
2025-12-07 10:34:28 INFO     Training average L_kl at step 9300: 55638.179062
2025-12-07 10:34:28 INFO     Training average L_sigma at step 9300: 576.322268
2025-12-07 10:34:28 INFO     Training average mu_mean at step 9300: -2.745550
2025-12-07 10:34:28 INFO     Training average sigma_mean at step 9300: 0.141918
2025-12-07 10:34:28 INFO     Training average regularization at step 9300: 0.006174
2025-12-07 10:34:28 INFO     Training average loss at step 9300: 2.392368
2025-12-07 10:35:29 INFO     Training average positive_fact_loss at step 9400: 0.313771
2025-12-07 10:35:29 INFO     Training average negative_fact_loss at step 9400: 0.291453
2025-12-07 10:35:29 INFO     Training average positive_rule_loss at step 9400: 1.752618
2025-12-07 10:35:29 INFO     Training average negative_rule_loss at step 9400: 2.298446
2025-12-07 10:35:29 INFO     Training average L_uncertainty at step 9400: 56.492439
2025-12-07 10:35:29 INFO     Training average L_kl at step 9400: 55922.334961
2025-12-07 10:35:29 INFO     Training average L_sigma at step 9400: 570.101041
2025-12-07 10:35:29 INFO     Training average mu_mean at step 9400: -2.751634
2025-12-07 10:35:29 INFO     Training average sigma_mean at step 9400: 0.141876
2025-12-07 10:35:29 INFO     Training average regularization at step 9400: 0.006171
2025-12-07 10:35:29 INFO     Training average loss at step 9400: 2.390807
2025-12-07 10:36:25 INFO     Training average positive_fact_loss at step 9500: 0.313146
2025-12-07 10:36:25 INFO     Training average negative_fact_loss at step 9500: 0.291627
2025-12-07 10:36:25 INFO     Training average positive_rule_loss at step 9500: 1.754729
2025-12-07 10:36:25 INFO     Training average negative_rule_loss at step 9500: 2.295839
2025-12-07 10:36:25 INFO     Training average L_uncertainty at step 9500: 56.558200
2025-12-07 10:36:25 INFO     Training average L_kl at step 9500: 55980.144219
2025-12-07 10:36:25 INFO     Training average L_sigma at step 9500: 578.052604
2025-12-07 10:36:25 INFO     Training average mu_mean at step 9500: -2.753291
2025-12-07 10:36:25 INFO     Training average sigma_mean at step 9500: 0.141929
2025-12-07 10:36:25 INFO     Training average regularization at step 9500: 0.006181
2025-12-07 10:36:25 INFO     Training average loss at step 9500: 2.390410
2025-12-07 10:37:26 INFO     Training average positive_fact_loss at step 9600: 0.313722
2025-12-07 10:37:26 INFO     Training average negative_fact_loss at step 9600: 0.291783
2025-12-07 10:37:26 INFO     Training average positive_rule_loss at step 9600: 1.750787
2025-12-07 10:37:26 INFO     Training average negative_rule_loss at step 9600: 2.295238
2025-12-07 10:37:26 INFO     Training average L_uncertainty at step 9600: 56.540610
2025-12-07 10:37:26 INFO     Training average L_kl at step 9600: 55968.255508
2025-12-07 10:37:26 INFO     Training average L_sigma at step 9600: 572.352193
2025-12-07 10:37:26 INFO     Training average mu_mean at step 9600: -2.748377
2025-12-07 10:37:26 INFO     Training average sigma_mean at step 9600: 0.141903
2025-12-07 10:37:26 INFO     Training average regularization at step 9600: 0.006179
2025-12-07 10:37:26 INFO     Training average loss at step 9600: 2.388485
2025-12-07 10:38:22 INFO     Training average positive_fact_loss at step 9700: 0.314104
2025-12-07 10:38:22 INFO     Training average negative_fact_loss at step 9700: 0.291337
2025-12-07 10:38:22 INFO     Training average positive_rule_loss at step 9700: 1.748025
2025-12-07 10:38:22 INFO     Training average negative_rule_loss at step 9700: 2.297865
2025-12-07 10:38:22 INFO     Training average L_uncertainty at step 9700: 56.195261
2025-12-07 10:38:22 INFO     Training average L_kl at step 9700: 55626.445586
2025-12-07 10:38:22 INFO     Training average L_sigma at step 9700: 568.812891
2025-12-07 10:38:22 INFO     Training average mu_mean at step 9700: -2.734098
2025-12-07 10:38:22 INFO     Training average sigma_mean at step 9700: 0.141857
2025-12-07 10:38:22 INFO     Training average regularization at step 9700: 0.006173
2025-12-07 10:38:22 INFO     Training average loss at step 9700: 2.388033
2025-12-07 10:39:13 INFO     Training average positive_fact_loss at step 9800: 0.313820
2025-12-07 10:39:13 INFO     Training average negative_fact_loss at step 9800: 0.290882
2025-12-07 10:39:13 INFO     Training average positive_rule_loss at step 9800: 1.748308
2025-12-07 10:39:13 INFO     Training average negative_rule_loss at step 9800: 2.292396
2025-12-07 10:39:13 INFO     Training average L_uncertainty at step 9800: 56.472369
2025-12-07 10:39:13 INFO     Training average L_kl at step 9800: 55900.465000
2025-12-07 10:39:13 INFO     Training average L_sigma at step 9800: 571.901284
2025-12-07 10:39:13 INFO     Training average mu_mean at step 9800: -2.740049
2025-12-07 10:39:13 INFO     Training average sigma_mean at step 9800: 0.141907
2025-12-07 10:39:13 INFO     Training average regularization at step 9800: 0.006170
2025-12-07 10:39:13 INFO     Training average loss at step 9800: 2.385346
2025-12-07 10:40:09 INFO     Training average positive_fact_loss at step 9900: 0.314053
2025-12-07 10:40:09 INFO     Training average negative_fact_loss at step 9900: 0.291358
2025-12-07 10:40:09 INFO     Training average positive_rule_loss at step 9900: 1.747614
2025-12-07 10:40:09 INFO     Training average negative_rule_loss at step 9900: 2.293119
2025-12-07 10:40:09 INFO     Training average L_uncertainty at step 9900: 56.435239
2025-12-07 10:40:09 INFO     Training average L_kl at step 9900: 55864.608047
2025-12-07 10:40:09 INFO     Training average L_sigma at step 9900: 570.627995
2025-12-07 10:40:09 INFO     Training average mu_mean at step 9900: -2.736868
2025-12-07 10:40:09 INFO     Training average sigma_mean at step 9900: 0.141887
2025-12-07 10:40:09 INFO     Training average regularization at step 9900: 0.006186
2025-12-07 10:40:09 INFO     Training average loss at step 9900: 2.385694
2025-12-07 10:41:10 INFO     Training average positive_fact_loss at step 10000: 0.313281
2025-12-07 10:41:10 INFO     Training average negative_fact_loss at step 10000: 0.291102
2025-12-07 10:41:10 INFO     Training average positive_rule_loss at step 10000: 1.743932
2025-12-07 10:41:10 INFO     Training average negative_rule_loss at step 10000: 2.294677
2025-12-07 10:41:10 INFO     Training average L_uncertainty at step 10000: 56.169281
2025-12-07 10:41:10 INFO     Training average L_kl at step 10000: 55599.615352
2025-12-07 10:41:10 INFO     Training average L_sigma at step 10000: 569.663154
2025-12-07 10:41:10 INFO     Training average mu_mean at step 10000: -2.724519
2025-12-07 10:41:10 INFO     Training average sigma_mean at step 10000: 0.141908
2025-12-07 10:41:10 INFO     Training average regularization at step 10000: 0.006174
2025-12-07 10:41:10 INFO     Training average loss at step 10000: 2.383839
2025-12-07 10:41:10 INFO     Evaluating on Valid Dataset...
2025-12-07 10:41:10 INFO     >>>>> RuleE emb: Evaluating on valid
2025-12-07 10:41:20 INFO     Data : 4274
2025-12-07 10:41:20 INFO     Hit1 : 0.535330
2025-12-07 10:41:20 INFO     Hit3 : 0.770005
2025-12-07 10:41:20 INFO     Hit10: 0.942209
2025-12-07 10:41:20 INFO     MR   : 3.431680
2025-12-07 10:41:20 INFO     MRR  : 0.673421
2025-12-07 10:42:17 INFO     Training average positive_fact_loss at step 10100: 0.313736
2025-12-07 10:42:17 INFO     Training average negative_fact_loss at step 10100: 0.291585
2025-12-07 10:42:17 INFO     Training average positive_rule_loss at step 10100: 1.744220
2025-12-07 10:42:17 INFO     Training average negative_rule_loss at step 10100: 2.292511
2025-12-07 10:42:17 INFO     Training average L_uncertainty at step 10100: 56.248848
2025-12-07 10:42:17 INFO     Training average L_kl at step 10100: 55676.293672
2025-12-07 10:42:17 INFO     Training average L_sigma at step 10100: 572.551925
2025-12-07 10:42:17 INFO     Training average mu_mean at step 10100: -2.724987
2025-12-07 10:42:17 INFO     Training average sigma_mean at step 10100: 0.141929
2025-12-07 10:42:17 INFO     Training average regularization at step 10100: 0.006177
2025-12-07 10:42:17 INFO     Training average loss at step 10100: 2.383451
2025-12-07 10:43:17 INFO     Training average positive_fact_loss at step 10200: 0.313362
2025-12-07 10:43:17 INFO     Training average negative_fact_loss at step 10200: 0.291520
2025-12-07 10:43:17 INFO     Training average positive_rule_loss at step 10200: 1.744045
2025-12-07 10:43:17 INFO     Training average negative_rule_loss at step 10200: 2.287490
2025-12-07 10:43:17 INFO     Training average L_uncertainty at step 10200: 56.459018
2025-12-07 10:43:17 INFO     Training average L_kl at step 10200: 55887.145078
2025-12-07 10:43:17 INFO     Training average L_sigma at step 10200: 571.869906
2025-12-07 10:43:17 INFO     Training average mu_mean at step 10200: -2.728479
2025-12-07 10:43:17 INFO     Training average sigma_mean at step 10200: 0.141918
2025-12-07 10:43:17 INFO     Training average regularization at step 10200: 0.006177
2025-12-07 10:43:17 INFO     Training average loss at step 10200: 2.380844
2025-12-07 10:44:13 INFO     Training average positive_fact_loss at step 10300: 0.313948
2025-12-07 10:44:13 INFO     Training average negative_fact_loss at step 10300: 0.291511
2025-12-07 10:44:13 INFO     Training average positive_rule_loss at step 10300: 1.743801
2025-12-07 10:44:13 INFO     Training average negative_rule_loss at step 10300: 2.287556
2025-12-07 10:44:13 INFO     Training average L_uncertainty at step 10300: 56.365195
2025-12-07 10:44:13 INFO     Training average L_kl at step 10300: 55795.529453
2025-12-07 10:44:13 INFO     Training average L_sigma at step 10300: 569.663010
2025-12-07 10:44:13 INFO     Training average mu_mean at step 10300: -2.722388
2025-12-07 10:44:13 INFO     Training average sigma_mean at step 10300: 0.141883
2025-12-07 10:44:13 INFO     Training average regularization at step 10300: 0.006179
2025-12-07 10:44:13 INFO     Training average loss at step 10300: 2.380953
2025-12-07 10:45:09 INFO     Training average positive_fact_loss at step 10400: 0.314597
2025-12-07 10:45:09 INFO     Training average negative_fact_loss at step 10400: 0.291614
2025-12-07 10:45:09 INFO     Training average positive_rule_loss at step 10400: 1.738345
2025-12-07 10:45:09 INFO     Training average negative_rule_loss at step 10400: 2.291148
2025-12-07 10:45:09 INFO     Training average L_uncertainty at step 10400: 56.212239
2025-12-07 10:45:09 INFO     Training average L_kl at step 10400: 55641.879375
2025-12-07 10:45:09 INFO     Training average L_sigma at step 10400: 570.356531
2025-12-07 10:45:09 INFO     Training average mu_mean at step 10400: -2.712841
2025-12-07 10:45:09 INFO     Training average sigma_mean at step 10400: 0.141911
2025-12-07 10:45:09 INFO     Training average regularization at step 10400: 0.006186
2025-12-07 10:45:09 INFO     Training average loss at step 10400: 2.380251
2025-12-07 10:46:01 INFO     Training average positive_fact_loss at step 10500: 0.313425
2025-12-07 10:46:01 INFO     Training average negative_fact_loss at step 10500: 0.290865
2025-12-07 10:46:01 INFO     Training average positive_rule_loss at step 10500: 1.740131
2025-12-07 10:46:01 INFO     Training average negative_rule_loss at step 10500: 2.284485
2025-12-07 10:46:01 INFO     Training average L_uncertainty at step 10500: 56.557368
2025-12-07 10:46:01 INFO     Training average L_kl at step 10500: 55987.030898
2025-12-07 10:46:01 INFO     Training average L_sigma at step 10500: 570.334342
2025-12-07 10:46:01 INFO     Training average mu_mean at step 10500: -2.721741
2025-12-07 10:46:01 INFO     Training average sigma_mean at step 10500: 0.141901
2025-12-07 10:46:01 INFO     Training average regularization at step 10500: 0.006180
2025-12-07 10:46:01 INFO     Training average loss at step 10500: 2.377190
2025-12-07 10:47:01 INFO     Training average positive_fact_loss at step 10600: 0.313827
2025-12-07 10:47:01 INFO     Training average negative_fact_loss at step 10600: 0.291380
2025-12-07 10:47:01 INFO     Training average positive_rule_loss at step 10600: 1.737274
2025-12-07 10:47:01 INFO     Training average negative_rule_loss at step 10600: 2.284064
2025-12-07 10:47:01 INFO     Training average L_uncertainty at step 10600: 56.367608
2025-12-07 10:47:01 INFO     Training average L_kl at step 10600: 55792.749297
2025-12-07 10:47:01 INFO     Training average L_sigma at step 10600: 574.856603
2025-12-07 10:47:01 INFO     Training average mu_mean at step 10600: -2.710954
2025-12-07 10:47:01 INFO     Training average sigma_mean at step 10600: 0.141954
2025-12-07 10:47:01 INFO     Training average regularization at step 10600: 0.006182
2025-12-07 10:47:01 INFO     Training average loss at step 10600: 2.375822
2025-12-07 10:47:58 INFO     Training average positive_fact_loss at step 10700: 0.313135
2025-12-07 10:47:58 INFO     Training average negative_fact_loss at step 10700: 0.291378
2025-12-07 10:47:58 INFO     Training average positive_rule_loss at step 10700: 1.738102
2025-12-07 10:47:58 INFO     Training average negative_rule_loss at step 10700: 2.280350
2025-12-07 10:47:58 INFO     Training average L_uncertainty at step 10700: 56.562845
2025-12-07 10:47:58 INFO     Training average L_kl at step 10700: 55988.521445
2025-12-07 10:47:58 INFO     Training average L_sigma at step 10700: 574.321324
2025-12-07 10:47:58 INFO     Training average mu_mean at step 10700: -2.714493
2025-12-07 10:47:58 INFO     Training average sigma_mean at step 10700: 0.141962
2025-12-07 10:47:58 INFO     Training average regularization at step 10700: 0.006176
2025-12-07 10:47:58 INFO     Training average loss at step 10700: 2.374221
2025-12-07 10:48:58 INFO     Training average positive_fact_loss at step 10800: 0.314142
2025-12-07 10:48:58 INFO     Training average negative_fact_loss at step 10800: 0.291334
2025-12-07 10:48:58 INFO     Training average positive_rule_loss at step 10800: 1.734495
2025-12-07 10:48:58 INFO     Training average negative_rule_loss at step 10800: 2.280875
2025-12-07 10:48:58 INFO     Training average L_uncertainty at step 10800: 56.471529
2025-12-07 10:48:58 INFO     Training average L_kl at step 10800: 55900.942891
2025-12-07 10:48:58 INFO     Training average L_sigma at step 10800: 570.583859
2025-12-07 10:48:58 INFO     Training average mu_mean at step 10800: -2.707550
2025-12-07 10:48:58 INFO     Training average sigma_mean at step 10800: 0.141908
2025-12-07 10:48:58 INFO     Training average regularization at step 10800: 0.006188
2025-12-07 10:48:58 INFO     Training average loss at step 10800: 2.373083
2025-12-07 10:49:54 INFO     Training average positive_fact_loss at step 10900: 0.313748
2025-12-07 10:49:54 INFO     Training average negative_fact_loss at step 10900: 0.291396
2025-12-07 10:49:54 INFO     Training average positive_rule_loss at step 10900: 1.732785
2025-12-07 10:49:54 INFO     Training average negative_rule_loss at step 10900: 2.280566
2025-12-07 10:49:54 INFO     Training average L_uncertainty at step 10900: 56.415507
2025-12-07 10:49:54 INFO     Training average L_kl at step 10900: 55839.113594
2025-12-07 10:49:54 INFO     Training average L_sigma at step 10900: 576.391008
2025-12-07 10:49:54 INFO     Training average mu_mean at step 10900: -2.700015
2025-12-07 10:49:54 INFO     Training average sigma_mean at step 10900: 0.141983
2025-12-07 10:49:54 INFO     Training average regularization at step 10900: 0.006190
2025-12-07 10:49:54 INFO     Training average loss at step 10900: 2.371853
2025-12-07 10:50:55 INFO     Training average positive_fact_loss at step 11000: 0.313897
2025-12-07 10:50:55 INFO     Training average negative_fact_loss at step 11000: 0.291693
2025-12-07 10:50:55 INFO     Training average positive_rule_loss at step 11000: 1.734880
2025-12-07 10:50:55 INFO     Training average negative_rule_loss at step 11000: 2.273114
2025-12-07 10:50:55 INFO     Training average L_uncertainty at step 11000: 56.727603
2025-12-07 10:50:55 INFO     Training average L_kl at step 11000: 56157.395703
2025-12-07 10:50:55 INFO     Training average L_sigma at step 11000: 570.204705
2025-12-07 10:50:55 INFO     Training average mu_mean at step 11000: -2.708345
2025-12-07 10:50:55 INFO     Training average sigma_mean at step 11000: 0.141909
2025-12-07 10:50:55 INFO     Training average regularization at step 11000: 0.006177
2025-12-07 10:50:55 INFO     Training average loss at step 11000: 2.369697
2025-12-07 10:50:55 INFO     Evaluating on Valid Dataset...
2025-12-07 10:50:55 INFO     >>>>> RuleE emb: Evaluating on valid
2025-12-07 10:51:05 INFO     Data : 4274
2025-12-07 10:51:05 INFO     Hit1 : 0.529247
2025-12-07 10:51:05 INFO     Hit3 : 0.770473
2025-12-07 10:51:05 INFO     Hit10: 0.940103
2025-12-07 10:51:05 INFO     MR   : 3.426533
2025-12-07 10:51:05 INFO     MRR  : 0.669931
2025-12-07 10:51:52 INFO     Training average positive_fact_loss at step 11100: 0.314138
2025-12-07 10:51:52 INFO     Training average negative_fact_loss at step 11100: 0.290958
2025-12-07 10:51:52 INFO     Training average positive_rule_loss at step 11100: 1.734032
2025-12-07 10:51:52 INFO     Training average negative_rule_loss at step 11100: 2.272388
2025-12-07 10:51:52 INFO     Training average L_uncertainty at step 11100: 56.671179
2025-12-07 10:51:52 INFO     Training average L_kl at step 11100: 56094.418789
2025-12-07 10:51:52 INFO     Training average L_sigma at step 11100: 576.757751
2025-12-07 10:51:52 INFO     Training average mu_mean at step 11100: -2.703950
2025-12-07 10:51:52 INFO     Training average sigma_mean at step 11100: 0.141920
2025-12-07 10:51:52 INFO     Training average regularization at step 11100: 0.006192
2025-12-07 10:51:52 INFO     Training average loss at step 11100: 2.368621
2025-12-07 10:52:52 INFO     Training average positive_fact_loss at step 11200: 0.313430
2025-12-07 10:52:52 INFO     Training average negative_fact_loss at step 11200: 0.291424
2025-12-07 10:52:52 INFO     Training average positive_rule_loss at step 11200: 1.732414
2025-12-07 10:52:52 INFO     Training average negative_rule_loss at step 11200: 2.270052
2025-12-07 10:52:52 INFO     Training average L_uncertainty at step 11200: 56.829067
2025-12-07 10:52:52 INFO     Training average L_kl at step 11200: 56248.400391
2025-12-07 10:52:52 INFO     Training average L_sigma at step 11200: 580.663734
2025-12-07 10:52:52 INFO     Training average mu_mean at step 11200: -2.704921
2025-12-07 10:52:52 INFO     Training average sigma_mean at step 11200: 0.141944
2025-12-07 10:52:52 INFO     Training average regularization at step 11200: 0.006173
2025-12-07 10:52:52 INFO     Training average loss at step 11200: 2.366663
2025-12-07 10:53:49 INFO     Training average positive_fact_loss at step 11300: 0.313563
2025-12-07 10:53:49 INFO     Training average negative_fact_loss at step 11300: 0.290891
2025-12-07 10:53:49 INFO     Training average positive_rule_loss at step 11300: 1.728051
2025-12-07 10:53:49 INFO     Training average negative_rule_loss at step 11300: 2.273245
2025-12-07 10:53:49 INFO     Training average L_uncertainty at step 11300: 56.470394
2025-12-07 10:53:49 INFO     Training average L_kl at step 11300: 55894.748242
2025-12-07 10:53:49 INFO     Training average L_sigma at step 11300: 575.643246
2025-12-07 10:53:49 INFO     Training average mu_mean at step 11300: -2.686325
2025-12-07 10:53:49 INFO     Training average sigma_mean at step 11300: 0.141980
2025-12-07 10:53:49 INFO     Training average regularization at step 11300: 0.006186
2025-12-07 10:53:49 INFO     Training average loss at step 11300: 2.365531
2025-12-07 10:54:50 INFO     Training average positive_fact_loss at step 11400: 0.313355
2025-12-07 10:54:50 INFO     Training average negative_fact_loss at step 11400: 0.291535
2025-12-07 10:54:50 INFO     Training average positive_rule_loss at step 11400: 1.727374
2025-12-07 10:54:50 INFO     Training average negative_rule_loss at step 11400: 2.271298
2025-12-07 10:54:50 INFO     Training average L_uncertainty at step 11400: 56.544230
2025-12-07 10:54:50 INFO     Training average L_kl at step 11400: 55969.278633
2025-12-07 10:54:50 INFO     Training average L_sigma at step 11400: 574.948102
2025-12-07 10:54:50 INFO     Training average mu_mean at step 11400: -2.684180
2025-12-07 10:54:50 INFO     Training average sigma_mean at step 11400: 0.141978
2025-12-07 10:54:50 INFO     Training average regularization at step 11400: 0.006183
2025-12-07 10:54:50 INFO     Training average loss at step 11400: 2.364508
2025-12-07 10:55:46 INFO     Training average positive_fact_loss at step 11500: 0.313550
2025-12-07 10:55:46 INFO     Training average negative_fact_loss at step 11500: 0.291526
2025-12-07 10:55:46 INFO     Training average positive_rule_loss at step 11500: 1.726738
2025-12-07 10:55:46 INFO     Training average negative_rule_loss at step 11500: 2.269109
2025-12-07 10:55:46 INFO     Training average L_uncertainty at step 11500: 56.611646
2025-12-07 10:55:46 INFO     Training average L_kl at step 11500: 56037.970273
2025-12-07 10:55:46 INFO     Training average L_sigma at step 11500: 573.673143
2025-12-07 10:55:46 INFO     Training average mu_mean at step 11500: -2.683373
2025-12-07 10:55:46 INFO     Training average sigma_mean at step 11500: 0.141939
2025-12-07 10:55:46 INFO     Training average regularization at step 11500: 0.006176
2025-12-07 10:55:46 INFO     Training average loss at step 11500: 2.363249
2025-12-07 10:56:47 INFO     Training average positive_fact_loss at step 11600: 0.314604
2025-12-07 10:56:47 INFO     Training average negative_fact_loss at step 11600: 0.291259
2025-12-07 10:56:47 INFO     Training average positive_rule_loss at step 11600: 1.724769
2025-12-07 10:56:47 INFO     Training average negative_rule_loss at step 11600: 2.267939
2025-12-07 10:56:47 INFO     Training average L_uncertainty at step 11600: 56.478997
2025-12-07 10:56:47 INFO     Training average L_kl at step 11600: 55904.182227
2025-12-07 10:56:47 INFO     Training average L_sigma at step 11600: 574.811601
2025-12-07 10:56:47 INFO     Training average mu_mean at step 11600: -2.673714
2025-12-07 10:56:47 INFO     Training average sigma_mean at step 11600: 0.141968
2025-12-07 10:56:47 INFO     Training average regularization at step 11600: 0.006181
2025-12-07 10:56:47 INFO     Training average loss at step 11600: 2.361945
2025-12-07 10:57:38 INFO     Training average positive_fact_loss at step 11700: 0.313460
2025-12-07 10:57:38 INFO     Training average negative_fact_loss at step 11700: 0.291226
2025-12-07 10:57:38 INFO     Training average positive_rule_loss at step 11700: 1.726962
2025-12-07 10:57:38 INFO     Training average negative_rule_loss at step 11700: 2.259125
2025-12-07 10:57:38 INFO     Training average L_uncertainty at step 11700: 56.940520
2025-12-07 10:57:38 INFO     Training average L_kl at step 11700: 56363.832891
2025-12-07 10:57:38 INFO     Training average L_sigma at step 11700: 576.684766
2025-12-07 10:57:38 INFO     Training average mu_mean at step 11700: -2.685269
2025-12-07 10:57:38 INFO     Training average sigma_mean at step 11700: 0.141967
2025-12-07 10:57:38 INFO     Training average regularization at step 11700: 0.006179
2025-12-07 10:57:38 INFO     Training average loss at step 11700: 2.358505
2025-12-07 10:58:34 INFO     Training average positive_fact_loss at step 11800: 0.313731
2025-12-07 10:58:34 INFO     Training average negative_fact_loss at step 11800: 0.290861
2025-12-07 10:58:34 INFO     Training average positive_rule_loss at step 11800: 1.721836
2025-12-07 10:58:34 INFO     Training average negative_rule_loss at step 11800: 2.266032
2025-12-07 10:58:34 INFO     Training average L_uncertainty at step 11800: 56.460413
2025-12-07 10:58:34 INFO     Training average L_kl at step 11800: 55883.671523
2025-12-07 10:58:34 INFO     Training average L_sigma at step 11800: 576.738875
2025-12-07 10:58:34 INFO     Training average mu_mean at step 11800: -2.663114
2025-12-07 10:58:34 INFO     Training average sigma_mean at step 11800: 0.141969
2025-12-07 10:58:34 INFO     Training average regularization at step 11800: 0.006185
2025-12-07 10:58:34 INFO     Training average loss at step 11800: 2.358876
2025-12-07 10:59:31 INFO     Training average positive_fact_loss at step 11900: 0.313557
2025-12-07 10:59:31 INFO     Training average negative_fact_loss at step 11900: 0.290878
2025-12-07 10:59:31 INFO     Training average positive_rule_loss at step 11900: 1.721754
2025-12-07 10:59:31 INFO     Training average negative_rule_loss at step 11900: 2.260547
2025-12-07 10:59:31 INFO     Training average L_uncertainty at step 11900: 56.552835
2025-12-07 10:59:31 INFO     Training average L_kl at step 11900: 55972.226797
2025-12-07 10:59:31 INFO     Training average L_sigma at step 11900: 580.605037
2025-12-07 10:59:31 INFO     Training average mu_mean at step 11900: -2.661114
2025-12-07 10:59:31 INFO     Training average sigma_mean at step 11900: 0.142062
2025-12-07 10:59:31 INFO     Training average regularization at step 11900: 0.006182
2025-12-07 10:59:31 INFO     Training average loss at step 11900: 2.356103
2025-12-07 11:00:32 INFO     Training average positive_fact_loss at step 12000: 0.313363
2025-12-07 11:00:32 INFO     Training average negative_fact_loss at step 12000: 0.291303
2025-12-07 11:00:32 INFO     Training average positive_rule_loss at step 12000: 1.722359
2025-12-07 11:00:32 INFO     Training average negative_rule_loss at step 12000: 2.257200
2025-12-07 11:00:32 INFO     Training average L_uncertainty at step 12000: 56.704324
2025-12-07 11:00:32 INFO     Training average L_kl at step 12000: 56130.011367
2025-12-07 11:00:32 INFO     Training average L_sigma at step 12000: 574.309448
2025-12-07 11:00:32 INFO     Training average mu_mean at step 12000: -2.661964
2025-12-07 11:00:32 INFO     Training average sigma_mean at step 12000: 0.141968
2025-12-07 11:00:32 INFO     Training average regularization at step 12000: 0.006185
2025-12-07 11:00:32 INFO     Training average loss at step 12000: 2.355002
2025-12-07 11:00:32 INFO     Evaluating on Valid Dataset...
2025-12-07 11:00:32 INFO     >>>>> RuleE emb: Evaluating on valid
2025-12-07 11:00:42 INFO     Data : 4274
2025-12-07 11:00:42 INFO     Hit1 : 0.532288
2025-12-07 11:00:42 INFO     Hit3 : 0.771642
2025-12-07 11:00:42 INFO     Hit10: 0.940103
2025-12-07 11:00:42 INFO     MR   : 3.439401
2025-12-07 11:00:42 INFO     MRR  : 0.672127
2025-12-07 11:01:38 INFO     Training average positive_fact_loss at step 12100: 0.313469
2025-12-07 11:01:38 INFO     Training average negative_fact_loss at step 12100: 0.291418
2025-12-07 11:01:38 INFO     Training average positive_rule_loss at step 12100: 1.721970
2025-12-07 11:01:38 INFO     Training average negative_rule_loss at step 12100: 2.253481
2025-12-07 11:01:38 INFO     Training average L_uncertainty at step 12100: 56.814738
2025-12-07 11:01:38 INFO     Training average L_kl at step 12100: 56228.712578
2025-12-07 11:01:38 INFO     Training average L_sigma at step 12100: 586.022788
2025-12-07 11:01:38 INFO     Training average mu_mean at step 12100: -2.663992
2025-12-07 11:01:38 INFO     Training average sigma_mean at step 12100: 0.141999
2025-12-07 11:01:38 INFO     Training average regularization at step 12100: 0.006178
2025-12-07 11:01:38 INFO     Training average loss at step 12100: 2.353162
2025-12-07 11:02:39 INFO     Training average positive_fact_loss at step 12200: 0.313109
2025-12-07 11:02:39 INFO     Training average negative_fact_loss at step 12200: 0.291380
2025-12-07 11:02:39 INFO     Training average positive_rule_loss at step 12200: 1.720805
2025-12-07 11:02:39 INFO     Training average negative_rule_loss at step 12200: 2.251351
2025-12-07 11:02:39 INFO     Training average L_uncertainty at step 12200: 57.033027
2025-12-07 11:02:39 INFO     Training average L_kl at step 12200: 56452.702773
2025-12-07 11:02:39 INFO     Training average L_sigma at step 12200: 580.320704
2025-12-07 11:02:39 INFO     Training average mu_mean at step 12200: -2.664961
2025-12-07 11:02:39 INFO     Training average sigma_mean at step 12200: 0.142006
2025-12-07 11:02:39 INFO     Training average regularization at step 12200: 0.006188
2025-12-07 11:02:39 INFO     Training average loss at step 12200: 2.351544
2025-12-07 11:03:34 INFO     Training average positive_fact_loss at step 12300: 0.314131
2025-12-07 11:03:34 INFO     Training average negative_fact_loss at step 12300: 0.291318
2025-12-07 11:03:34 INFO     Training average positive_rule_loss at step 12300: 1.718142
2025-12-07 11:03:34 INFO     Training average negative_rule_loss at step 12300: 2.250130
2025-12-07 11:03:34 INFO     Training average L_uncertainty at step 12300: 56.804725
2025-12-07 11:03:34 INFO     Training average L_kl at step 12300: 56226.654023
2025-12-07 11:03:34 INFO     Training average L_sigma at step 12300: 578.068034
2025-12-07 11:03:34 INFO     Training average mu_mean at step 12300: -2.649833
2025-12-07 11:03:34 INFO     Training average sigma_mean at step 12300: 0.141967
2025-12-07 11:03:34 INFO     Training average regularization at step 12300: 0.006182
2025-12-07 11:03:34 INFO     Training average loss at step 12300: 2.349847
2025-12-07 11:04:26 INFO     Training average positive_fact_loss at step 12400: 0.314146
2025-12-07 11:04:26 INFO     Training average negative_fact_loss at step 12400: 0.290717
2025-12-07 11:04:26 INFO     Training average positive_rule_loss at step 12400: 1.723018
2025-12-07 11:04:26 INFO     Training average negative_rule_loss at step 12400: 2.244227
2025-12-07 11:04:26 INFO     Training average L_uncertainty at step 12400: 57.127523
2025-12-07 11:04:26 INFO     Training average L_kl at step 12400: 56536.858008
2025-12-07 11:04:26 INFO     Training average L_sigma at step 12400: 590.662224
2025-12-07 11:04:26 INFO     Training average mu_mean at step 12400: -2.659662
2025-12-07 11:04:26 INFO     Training average sigma_mean at step 12400: 0.141988
2025-12-07 11:04:26 INFO     Training average regularization at step 12400: 0.006181
2025-12-07 11:04:26 INFO     Training average loss at step 12400: 2.349363
2025-12-07 11:05:22 INFO     Training average positive_fact_loss at step 12500: 0.313699
2025-12-07 11:05:22 INFO     Training average negative_fact_loss at step 12500: 0.291208
2025-12-07 11:05:22 INFO     Training average positive_rule_loss at step 12500: 1.714930
2025-12-07 11:05:22 INFO     Training average negative_rule_loss at step 12500: 2.247828
2025-12-07 11:05:22 INFO     Training average L_uncertainty at step 12500: 56.805454
2025-12-07 11:05:22 INFO     Training average L_kl at step 12500: 56219.358828
2025-12-07 11:05:22 INFO     Training average L_sigma at step 12500: 586.092304
2025-12-07 11:05:22 INFO     Training average mu_mean at step 12500: -2.641051
2025-12-07 11:05:22 INFO     Training average sigma_mean at step 12500: 0.142042
2025-12-07 11:05:22 INFO     Training average regularization at step 12500: 0.006182
2025-12-07 11:05:22 INFO     Training average loss at step 12500: 2.346820
2025-12-07 11:06:23 INFO     Training average positive_fact_loss at step 12600: 0.313775
2025-12-07 11:06:23 INFO     Training average negative_fact_loss at step 12600: 0.291211
2025-12-07 11:06:23 INFO     Training average positive_rule_loss at step 12600: 1.717450
2025-12-07 11:06:23 INFO     Training average negative_rule_loss at step 12600: 2.244572
2025-12-07 11:06:23 INFO     Training average L_uncertainty at step 12600: 57.058896
2025-12-07 11:06:23 INFO     Training average L_kl at step 12600: 56473.161133
2025-12-07 11:06:23 INFO     Training average L_sigma at step 12600: 585.732224
2025-12-07 11:06:23 INFO     Training average mu_mean at step 12600: -2.644706
2025-12-07 11:06:23 INFO     Training average sigma_mean at step 12600: 0.142069
2025-12-07 11:06:23 INFO     Training average regularization at step 12600: 0.006178
2025-12-07 11:06:23 INFO     Training average loss at step 12600: 2.346741
2025-12-07 11:07:20 INFO     Training average positive_fact_loss at step 12700: 0.313435
2025-12-07 11:07:20 INFO     Training average negative_fact_loss at step 12700: 0.291450
2025-12-07 11:07:20 INFO     Training average positive_rule_loss at step 12700: 1.713755
2025-12-07 11:07:20 INFO     Training average negative_rule_loss at step 12700: 2.242881
2025-12-07 11:07:20 INFO     Training average L_uncertainty at step 12700: 56.891465
2025-12-07 11:07:20 INFO     Training average L_kl at step 12700: 56310.997617
2025-12-07 11:07:20 INFO     Training average L_sigma at step 12700: 580.464935
2025-12-07 11:07:20 INFO     Training average mu_mean at step 12700: -2.631612
2025-12-07 11:07:20 INFO     Training average sigma_mean at step 12700: 0.141980
2025-12-07 11:07:20 INFO     Training average regularization at step 12700: 0.006174
2025-12-07 11:07:20 INFO     Training average loss at step 12700: 2.343826
2025-12-07 11:08:20 INFO     Training average positive_fact_loss at step 12800: 0.314018
2025-12-07 11:08:20 INFO     Training average negative_fact_loss at step 12800: 0.291641
2025-12-07 11:08:20 INFO     Training average positive_rule_loss at step 12800: 1.714635
2025-12-07 11:08:20 INFO     Training average negative_rule_loss at step 12800: 2.242325
2025-12-07 11:08:20 INFO     Training average L_uncertainty at step 12800: 57.206769
2025-12-07 11:08:20 INFO     Training average L_kl at step 12800: 56622.334141
2025-12-07 11:08:20 INFO     Training average L_sigma at step 12800: 584.432082
2025-12-07 11:08:20 INFO     Training average mu_mean at step 12800: -2.639533
2025-12-07 11:08:20 INFO     Training average sigma_mean at step 12800: 0.141984
2025-12-07 11:08:20 INFO     Training average regularization at step 12800: 0.006168
2025-12-07 11:08:20 INFO     Training average loss at step 12800: 2.344684
2025-12-07 11:09:16 INFO     Training average positive_fact_loss at step 12900: 0.313631
2025-12-07 11:09:16 INFO     Training average negative_fact_loss at step 12900: 0.291418
2025-12-07 11:09:16 INFO     Training average positive_rule_loss at step 12900: 1.712354
2025-12-07 11:09:16 INFO     Training average negative_rule_loss at step 12900: 2.240029
2025-12-07 11:09:16 INFO     Training average L_uncertainty at step 12900: 57.093034
2025-12-07 11:09:16 INFO     Training average L_kl at step 12900: 56503.275664
2025-12-07 11:09:16 INFO     Training average L_sigma at step 12900: 589.755770
2025-12-07 11:09:16 INFO     Training average mu_mean at step 12900: -2.628380
2025-12-07 11:09:16 INFO     Training average sigma_mean at step 12900: 0.142039
2025-12-07 11:09:16 INFO     Training average regularization at step 12900: 0.006177
2025-12-07 11:09:16 INFO     Training average loss at step 12900: 2.341985
2025-12-07 11:10:12 INFO     Training average positive_fact_loss at step 13000: 0.313973
2025-12-07 11:10:12 INFO     Training average negative_fact_loss at step 13000: 0.290667
2025-12-07 11:10:12 INFO     Training average positive_rule_loss at step 13000: 1.718254
2025-12-07 11:10:12 INFO     Training average negative_rule_loss at step 13000: 2.228183
2025-12-07 11:10:12 INFO     Training average L_uncertainty at step 13000: 57.459803
2025-12-07 11:10:12 INFO     Training average L_kl at step 13000: 56875.722852
2025-12-07 11:10:12 INFO     Training average L_sigma at step 13000: 584.077704
2025-12-07 11:10:12 INFO     Training average mu_mean at step 13000: -2.638874
2025-12-07 11:10:12 INFO     Training average sigma_mean at step 13000: 0.141997
2025-12-07 11:10:12 INFO     Training average regularization at step 13000: 0.006175
2025-12-07 11:10:12 INFO     Training average loss at step 13000: 2.339173
2025-12-07 11:10:12 INFO     Evaluating on Valid Dataset...
2025-12-07 11:10:12 INFO     >>>>> RuleE emb: Evaluating on valid
2025-12-07 11:10:23 INFO     Data : 4274
2025-12-07 11:10:23 INFO     Hit1 : 0.544923
2025-12-07 11:10:23 INFO     Hit3 : 0.772578
2025-12-07 11:10:23 INFO     Hit10: 0.941975
2025-12-07 11:10:23 INFO     MR   : 3.396584
2025-12-07 11:10:23 INFO     MRR  : 0.678944
2025-12-07 11:11:16 INFO     Training average positive_fact_loss at step 13100: 0.313949
2025-12-07 11:11:16 INFO     Training average negative_fact_loss at step 13100: 0.291103
2025-12-07 11:11:16 INFO     Training average positive_rule_loss at step 13100: 1.712330
2025-12-07 11:11:16 INFO     Training average negative_rule_loss at step 13100: 2.234311
2025-12-07 11:11:16 INFO     Training average L_uncertainty at step 13100: 57.211996
2025-12-07 11:11:16 INFO     Training average L_kl at step 13100: 56616.610938
2025-12-07 11:11:16 INFO     Training average L_sigma at step 13100: 595.382269
2025-12-07 11:11:16 INFO     Training average mu_mean at step 13100: -2.625937
2025-12-07 11:11:16 INFO     Training average sigma_mean at step 13100: 0.141990
2025-12-07 11:11:16 INFO     Training average regularization at step 13100: 0.006177
2025-12-07 11:11:16 INFO     Training average loss at step 13100: 2.339235
2025-12-07 11:12:18 INFO     Training average positive_fact_loss at step 13200: 0.313108
2025-12-07 11:12:18 INFO     Training average negative_fact_loss at step 13200: 0.290945
2025-12-07 11:12:18 INFO     Training average positive_rule_loss at step 13200: 1.712324
2025-12-07 11:12:18 INFO     Training average negative_rule_loss at step 13200: 2.230310
2025-12-07 11:12:18 INFO     Training average L_uncertainty at step 13200: 57.462597
2025-12-07 11:12:18 INFO     Training average L_kl at step 13200: 56875.776992
2025-12-07 11:12:18 INFO     Training average L_sigma at step 13200: 586.817210
2025-12-07 11:12:18 INFO     Training average mu_mean at step 13200: -2.624985
2025-12-07 11:12:18 INFO     Training average sigma_mean at step 13200: 0.142011
2025-12-07 11:12:18 INFO     Training average regularization at step 13200: 0.006182
2025-12-07 11:12:18 INFO     Training average loss at step 13200: 2.336988
2025-12-07 11:13:14 INFO     Training average positive_fact_loss at step 13300: 0.313456
2025-12-07 11:13:14 INFO     Training average negative_fact_loss at step 13300: 0.291233
2025-12-07 11:13:14 INFO     Training average positive_rule_loss at step 13300: 1.711675
2025-12-07 11:13:14 INFO     Training average negative_rule_loss at step 13300: 2.227069
2025-12-07 11:13:14 INFO     Training average L_uncertainty at step 13300: 57.337669
2025-12-07 11:13:14 INFO     Training average L_kl at step 13300: 56753.531484
2025-12-07 11:13:14 INFO     Training average L_sigma at step 13300: 584.135043
2025-12-07 11:13:14 INFO     Training average mu_mean at step 13300: -2.614650
2025-12-07 11:13:14 INFO     Training average sigma_mean at step 13300: 0.141993
2025-12-07 11:13:14 INFO     Training average regularization at step 13300: 0.006178
2025-12-07 11:13:14 INFO     Training average loss at step 13300: 2.335232
2025-12-07 11:14:14 INFO     Training average positive_fact_loss at step 13400: 0.313115
2025-12-07 11:14:14 INFO     Training average negative_fact_loss at step 13400: 0.291261
2025-12-07 11:14:14 INFO     Training average positive_rule_loss at step 13400: 1.710556
2025-12-07 11:14:14 INFO     Training average negative_rule_loss at step 13400: 2.230411
2025-12-07 11:14:14 INFO     Training average L_uncertainty at step 13400: 57.305178
2025-12-07 11:14:14 INFO     Training average L_kl at step 13400: 56719.712227
2025-12-07 11:14:14 INFO     Training average L_sigma at step 13400: 585.463425
2025-12-07 11:14:14 INFO     Training average mu_mean at step 13400: -2.610041
2025-12-07 11:14:14 INFO     Training average sigma_mean at step 13400: 0.141977
2025-12-07 11:14:14 INFO     Training average regularization at step 13400: 0.006174
2025-12-07 11:14:14 INFO     Training average loss at step 13400: 2.336151
2025-12-07 11:15:11 INFO     Training average positive_fact_loss at step 13500: 0.313730
2025-12-07 11:15:11 INFO     Training average negative_fact_loss at step 13500: 0.291136
2025-12-07 11:15:11 INFO     Training average positive_rule_loss at step 13500: 1.711132
2025-12-07 11:15:11 INFO     Training average negative_rule_loss at step 13500: 2.223215
2025-12-07 11:15:11 INFO     Training average L_uncertainty at step 13500: 57.402564
2025-12-07 11:15:11 INFO     Training average L_kl at step 13500: 56813.953594
2025-12-07 11:15:11 INFO     Training average L_sigma at step 13500: 588.607703
2025-12-07 11:15:11 INFO     Training average mu_mean at step 13500: -2.608173
2025-12-07 11:15:11 INFO     Training average sigma_mean at step 13500: 0.142075
2025-12-07 11:15:11 INFO     Training average regularization at step 13500: 0.006173
2025-12-07 11:15:11 INFO     Training average loss at step 13500: 2.333182
2025-12-07 11:16:11 INFO     Training average positive_fact_loss at step 13600: 0.313229
2025-12-07 11:16:11 INFO     Training average negative_fact_loss at step 13600: 0.291010
2025-12-07 11:16:11 INFO     Training average positive_rule_loss at step 13600: 1.714251
2025-12-07 11:16:11 INFO     Training average negative_rule_loss at step 13600: 2.217168
2025-12-07 11:16:11 INFO     Training average L_uncertainty at step 13600: 57.616553
2025-12-07 11:16:11 INFO     Training average L_kl at step 13600: 57020.339453
2025-12-07 11:16:11 INFO     Training average L_sigma at step 13600: 596.210876
2025-12-07 11:16:11 INFO     Training average mu_mean at step 13600: -2.616275
2025-12-07 11:16:11 INFO     Training average sigma_mean at step 13600: 0.142105
2025-12-07 11:16:11 INFO     Training average regularization at step 13600: 0.006192
2025-12-07 11:16:11 INFO     Training average loss at step 13600: 2.331637
2025-12-07 11:16:58 INFO     Training average positive_fact_loss at step 13700: 0.314387
2025-12-07 11:16:58 INFO     Training average negative_fact_loss at step 13700: 0.290695
2025-12-07 11:16:58 INFO     Training average positive_rule_loss at step 13700: 1.711778
2025-12-07 11:16:58 INFO     Training average negative_rule_loss at step 13700: 2.215556
2025-12-07 11:16:58 INFO     Training average L_uncertainty at step 13700: 57.687095
2025-12-07 11:16:58 INFO     Training average L_kl at step 13700: 57097.279609
2025-12-07 11:16:58 INFO     Training average L_sigma at step 13700: 589.813429
2025-12-07 11:16:58 INFO     Training average mu_mean at step 13700: -2.609899
2025-12-07 11:16:58 INFO     Training average sigma_mean at step 13700: 0.142066
2025-12-07 11:16:58 INFO     Training average regularization at step 13700: 0.006186
2025-12-07 11:16:58 INFO     Training average loss at step 13700: 2.330081
2025-12-07 11:17:59 INFO     Training average positive_fact_loss at step 13800: 0.313229
2025-12-07 11:17:59 INFO     Training average negative_fact_loss at step 13800: 0.290843
2025-12-07 11:17:59 INFO     Training average positive_rule_loss at step 13800: 1.709021
2025-12-07 11:17:59 INFO     Training average negative_rule_loss at step 13800: 2.218469
2025-12-07 11:17:59 INFO     Training average L_uncertainty at step 13800: 57.446506
2025-12-07 11:17:59 INFO     Training average L_kl at step 13800: 56857.633477
2025-12-07 11:17:59 INFO     Training average L_sigma at step 13800: 588.869846
2025-12-07 11:17:59 INFO     Training average mu_mean at step 13800: -2.593160
2025-12-07 11:17:59 INFO     Training average sigma_mean at step 13800: 0.142043
2025-12-07 11:17:59 INFO     Training average regularization at step 13800: 0.006184
2025-12-07 11:17:59 INFO     Training average loss at step 13800: 2.329412
2025-12-07 11:18:55 INFO     Training average positive_fact_loss at step 13900: 0.313742
2025-12-07 11:18:55 INFO     Training average negative_fact_loss at step 13900: 0.291077
2025-12-07 11:18:55 INFO     Training average positive_rule_loss at step 13900: 1.710500
2025-12-07 11:18:55 INFO     Training average negative_rule_loss at step 13900: 2.212284
2025-12-07 11:18:55 INFO     Training average L_uncertainty at step 13900: 57.623038
2025-12-07 11:18:55 INFO     Training average L_kl at step 13900: 57035.036211
2025-12-07 11:18:55 INFO     Training average L_sigma at step 13900: 587.999404
2025-12-07 11:18:55 INFO     Training average mu_mean at step 13900: -2.594496
2025-12-07 11:18:55 INFO     Training average sigma_mean at step 13900: 0.142062
2025-12-07 11:18:55 INFO     Training average regularization at step 13900: 0.006181
2025-12-07 11:18:55 INFO     Training average loss at step 13900: 2.327605
2025-12-07 11:19:56 INFO     Training average positive_fact_loss at step 14000: 0.313774
2025-12-07 11:19:56 INFO     Training average negative_fact_loss at step 14000: 0.291235
2025-12-07 11:19:56 INFO     Training average positive_rule_loss at step 14000: 1.711299
2025-12-07 11:19:56 INFO     Training average negative_rule_loss at step 14000: 2.207108
2025-12-07 11:19:56 INFO     Training average L_uncertainty at step 14000: 57.817832
2025-12-07 11:19:56 INFO     Training average L_kl at step 14000: 57231.455078
2025-12-07 11:19:56 INFO     Training average L_sigma at step 14000: 586.373716
2025-12-07 11:19:56 INFO     Training average mu_mean at step 14000: -2.597554
2025-12-07 11:19:56 INFO     Training average sigma_mean at step 14000: 0.142036
2025-12-07 11:19:56 INFO     Training average regularization at step 14000: 0.006186
2025-12-07 11:19:56 INFO     Training average loss at step 14000: 2.325712
2025-12-07 11:19:56 INFO     Evaluating on Valid Dataset...
2025-12-07 11:19:56 INFO     >>>>> RuleE emb: Evaluating on valid
2025-12-07 11:20:06 INFO     Data : 4274
2025-12-07 11:20:06 INFO     Hit1 : 0.539775
2025-12-07 11:20:06 INFO     Hit3 : 0.770239
2025-12-07 11:20:06 INFO     Hit10: 0.939401
2025-12-07 11:20:06 INFO     MR   : 3.448292
2025-12-07 11:20:06 INFO     MRR  : 0.675154
2025-12-07 11:21:02 INFO     Training average positive_fact_loss at step 14100: 0.313060
2025-12-07 11:21:02 INFO     Training average negative_fact_loss at step 14100: 0.291387
2025-12-07 11:21:02 INFO     Training average positive_rule_loss at step 14100: 1.710586
2025-12-07 11:21:02 INFO     Training average negative_rule_loss at step 14100: 2.209335
2025-12-07 11:21:02 INFO     Training average L_uncertainty at step 14100: 57.735081
2025-12-07 11:21:02 INFO     Training average L_kl at step 14100: 57148.022734
2025-12-07 11:21:02 INFO     Training average L_sigma at step 14100: 587.055535
2025-12-07 11:21:02 INFO     Training average mu_mean at step 14100: -2.589206
2025-12-07 11:21:02 INFO     Training average sigma_mean at step 14100: 0.142064
2025-12-07 11:21:02 INFO     Training average regularization at step 14100: 0.006175
2025-12-07 11:21:02 INFO     Training average loss at step 14100: 2.326094
2025-12-07 11:22:03 INFO     Training average positive_fact_loss at step 14200: 0.314058
2025-12-07 11:22:03 INFO     Training average negative_fact_loss at step 14200: 0.291484
2025-12-07 11:22:03 INFO     Training average positive_rule_loss at step 14200: 1.713628
2025-12-07 11:22:03 INFO     Training average negative_rule_loss at step 14200: 2.200323
2025-12-07 11:22:03 INFO     Training average L_uncertainty at step 14200: 57.875719
2025-12-07 11:22:03 INFO     Training average L_kl at step 14200: 57286.953750
2025-12-07 11:22:03 INFO     Training average L_sigma at step 14200: 588.762385
2025-12-07 11:22:03 INFO     Training average mu_mean at step 14200: -2.591500
2025-12-07 11:22:03 INFO     Training average sigma_mean at step 14200: 0.142061
2025-12-07 11:22:03 INFO     Training average regularization at step 14200: 0.006165
2025-12-07 11:22:03 INFO     Training average loss at step 14200: 2.323788
2025-12-07 11:22:54 INFO     Training average positive_fact_loss at step 14300: 0.314260
2025-12-07 11:22:54 INFO     Training average negative_fact_loss at step 14300: 0.290887
2025-12-07 11:22:54 INFO     Training average positive_rule_loss at step 14300: 1.710169
2025-12-07 11:22:54 INFO     Training average negative_rule_loss at step 14300: 2.202309
2025-12-07 11:22:54 INFO     Training average L_uncertainty at step 14300: 57.905164
2025-12-07 11:22:54 INFO     Training average L_kl at step 14300: 57310.061914
2025-12-07 11:22:54 INFO     Training average L_sigma at step 14300: 595.098810
2025-12-07 11:22:54 INFO     Training average mu_mean at step 14300: -2.589817
2025-12-07 11:22:54 INFO     Training average sigma_mean at step 14300: 0.142031
2025-12-07 11:22:54 INFO     Training average regularization at step 14300: 0.006173
2025-12-07 11:22:54 INFO     Training average loss at step 14300: 2.322891
2025-12-07 11:23:51 INFO     Training average positive_fact_loss at step 14400: 0.314091
2025-12-07 11:23:51 INFO     Training average negative_fact_loss at step 14400: 0.291052
2025-12-07 11:23:51 INFO     Training average positive_rule_loss at step 14400: 1.709141
2025-12-07 11:23:51 INFO     Training average negative_rule_loss at step 14400: 2.207162
2025-12-07 11:23:51 INFO     Training average L_uncertainty at step 14400: 57.744299
2025-12-07 11:23:51 INFO     Training average L_kl at step 14400: 57150.417578
2025-12-07 11:23:51 INFO     Training average L_sigma at step 14400: 593.878195
2025-12-07 11:23:51 INFO     Training average mu_mean at step 14400: -2.573409
2025-12-07 11:23:51 INFO     Training average sigma_mean at step 14400: 0.142053
2025-12-07 11:23:51 INFO     Training average regularization at step 14400: 0.006167
2025-12-07 11:23:51 INFO     Training average loss at step 14400: 2.324634
2025-12-07 11:24:48 INFO     Training average positive_fact_loss at step 14500: 0.313056
2025-12-07 11:24:48 INFO     Training average negative_fact_loss at step 14500: 0.290492
2025-12-07 11:24:48 INFO     Training average positive_rule_loss at step 14500: 1.708985
2025-12-07 11:24:48 INFO     Training average negative_rule_loss at step 14500: 2.199795
2025-12-07 11:24:48 INFO     Training average L_uncertainty at step 14500: 57.943550
2025-12-07 11:24:48 INFO     Training average L_kl at step 14500: 57357.867500
2025-12-07 11:24:48 INFO     Training average L_sigma at step 14500: 585.679572
2025-12-07 11:24:48 INFO     Training average mu_mean at step 14500: -2.576408
2025-12-07 11:24:48 INFO     Training average sigma_mean at step 14500: 0.142032
2025-12-07 11:24:48 INFO     Training average regularization at step 14500: 0.006175
2025-12-07 11:24:48 INFO     Training average loss at step 14500: 2.320282
2025-12-07 11:25:48 INFO     Training average positive_fact_loss at step 14600: 0.312748
2025-12-07 11:25:48 INFO     Training average negative_fact_loss at step 14600: 0.290842
2025-12-07 11:25:48 INFO     Training average positive_rule_loss at step 14600: 1.710465
2025-12-07 11:25:48 INFO     Training average negative_rule_loss at step 14600: 2.194244
2025-12-07 11:25:48 INFO     Training average L_uncertainty at step 14600: 58.129654
2025-12-07 11:25:48 INFO     Training average L_kl at step 14600: 57542.641172
2025-12-07 11:25:48 INFO     Training average L_sigma at step 14600: 587.010349
2025-12-07 11:25:48 INFO     Training average mu_mean at step 14600: -2.577065
2025-12-07 11:25:48 INFO     Training average sigma_mean at step 14600: 0.142066
2025-12-07 11:25:48 INFO     Training average regularization at step 14600: 0.006174
2025-12-07 11:25:48 INFO     Training average loss at step 14600: 2.318454
2025-12-07 11:26:44 INFO     Training average positive_fact_loss at step 14700: 0.313625
2025-12-07 11:26:44 INFO     Training average negative_fact_loss at step 14700: 0.291606
2025-12-07 11:26:44 INFO     Training average positive_rule_loss at step 14700: 1.714858
2025-12-07 11:26:44 INFO     Training average negative_rule_loss at step 14700: 2.190422
2025-12-07 11:26:44 INFO     Training average L_uncertainty at step 14700: 58.180192
2025-12-07 11:26:44 INFO     Training average L_kl at step 14700: 57590.605703
2025-12-07 11:26:44 INFO     Training average L_sigma at step 14700: 589.583326
2025-12-07 11:26:44 INFO     Training average mu_mean at step 14700: -2.579809
2025-12-07 11:26:44 INFO     Training average sigma_mean at step 14700: 0.142054
2025-12-07 11:26:44 INFO     Training average regularization at step 14700: 0.006171
2025-12-07 11:26:44 INFO     Training average loss at step 14700: 2.319606
2025-12-07 11:27:44 INFO     Training average positive_fact_loss at step 14800: 0.313947
2025-12-07 11:27:44 INFO     Training average negative_fact_loss at step 14800: 0.291401
2025-12-07 11:27:44 INFO     Training average positive_rule_loss at step 14800: 1.711579
2025-12-07 11:27:44 INFO     Training average negative_rule_loss at step 14800: 2.194761
2025-12-07 11:27:44 INFO     Training average L_uncertainty at step 14800: 58.045798
2025-12-07 11:27:44 INFO     Training average L_kl at step 14800: 57449.914688
2025-12-07 11:27:44 INFO     Training average L_sigma at step 14800: 595.880681
2025-12-07 11:27:44 INFO     Training average mu_mean at step 14800: -2.572295
2025-12-07 11:27:44 INFO     Training average sigma_mean at step 14800: 0.142069
2025-12-07 11:27:44 INFO     Training average regularization at step 14800: 0.006174
2025-12-07 11:27:44 INFO     Training average loss at step 14800: 2.320063
2025-12-07 11:28:40 INFO     Training average positive_fact_loss at step 14900: 0.313882
2025-12-07 11:28:40 INFO     Training average negative_fact_loss at step 14900: 0.290892
2025-12-07 11:28:40 INFO     Training average positive_rule_loss at step 14900: 1.709416
2025-12-07 11:28:40 INFO     Training average negative_rule_loss at step 14900: 2.191485
2025-12-07 11:28:40 INFO     Training average L_uncertainty at step 14900: 58.049278
2025-12-07 11:28:40 INFO     Training average L_kl at step 14900: 57462.092930
2025-12-07 11:28:40 INFO     Training average L_sigma at step 14900: 587.182538
2025-12-07 11:28:40 INFO     Training average mu_mean at step 14900: -2.562634
2025-12-07 11:28:40 INFO     Training average sigma_mean at step 14900: 0.142078
2025-12-07 11:28:40 INFO     Training average regularization at step 14900: 0.006179
2025-12-07 11:28:40 INFO     Training average loss at step 14900: 2.317066
2025-12-07 11:29:32 INFO     Training average positive_fact_loss at step 15000: 0.314121
2025-12-07 11:29:32 INFO     Training average negative_fact_loss at step 15000: 0.290909
2025-12-07 11:29:32 INFO     Training average positive_rule_loss at step 15000: 1.709285
2025-12-07 11:29:32 INFO     Training average negative_rule_loss at step 15000: 2.189911
2025-12-07 11:29:32 INFO     Training average L_uncertainty at step 15000: 58.127236
2025-12-07 11:29:32 INFO     Training average L_kl at step 15000: 57534.778828
2025-12-07 11:29:32 INFO     Training average L_sigma at step 15000: 592.455157
2025-12-07 11:29:32 INFO     Training average mu_mean at step 15000: -2.561917
2025-12-07 11:29:32 INFO     Training average sigma_mean at step 15000: 0.142130
2025-12-07 11:29:32 INFO     Training average regularization at step 15000: 0.006176
2025-12-07 11:29:32 INFO     Training average loss at step 15000: 2.316417
2025-12-07 11:29:32 INFO     Evaluating on Valid Dataset...
2025-12-07 11:29:32 INFO     >>>>> RuleE emb: Evaluating on valid
2025-12-07 11:29:42 INFO     Data : 4274
2025-12-07 11:29:42 INFO     Hit1 : 0.534160
2025-12-07 11:29:42 INFO     Hit3 : 0.770473
2025-12-07 11:29:42 INFO     Hit10: 0.943145
2025-12-07 11:29:42 INFO     MR   : 3.408283
2025-12-07 11:29:42 INFO     MRR  : 0.672785
2025-12-07 11:30:38 INFO     Training average positive_fact_loss at step 15100: 0.313521
2025-12-07 11:30:38 INFO     Training average negative_fact_loss at step 15100: 0.290886
2025-12-07 11:30:38 INFO     Training average positive_rule_loss at step 15100: 1.709674
2025-12-07 11:30:38 INFO     Training average negative_rule_loss at step 15100: 2.186527
2025-12-07 11:30:38 INFO     Training average L_uncertainty at step 15100: 58.172294
2025-12-07 11:30:38 INFO     Training average L_kl at step 15100: 57586.310078
2025-12-07 11:30:38 INFO     Training average L_sigma at step 15100: 585.981684
2025-12-07 11:30:38 INFO     Training average mu_mean at step 15100: -2.560438
2025-12-07 11:30:38 INFO     Training average sigma_mean at step 15100: 0.142056
2025-12-07 11:30:38 INFO     Training average regularization at step 15100: 0.006172
2025-12-07 11:30:38 INFO     Training average loss at step 15100: 2.314648
2025-12-07 11:31:39 INFO     Training average positive_fact_loss at step 15200: 0.312666
2025-12-07 11:31:39 INFO     Training average negative_fact_loss at step 15200: 0.291005
2025-12-07 11:31:39 INFO     Training average positive_rule_loss at step 15200: 1.711143
2025-12-07 11:31:39 INFO     Training average negative_rule_loss at step 15200: 2.182234
2025-12-07 11:31:39 INFO     Training average L_uncertainty at step 15200: 58.333696
2025-12-07 11:31:39 INFO     Training average L_kl at step 15200: 57746.269805
2025-12-07 11:31:39 INFO     Training average L_sigma at step 15200: 587.423275
2025-12-07 11:31:39 INFO     Training average mu_mean at step 15200: -2.561052
2025-12-07 11:31:39 INFO     Training average sigma_mean at step 15200: 0.142066
2025-12-07 11:31:39 INFO     Training average regularization at step 15200: 0.006182
2025-12-07 11:31:39 INFO     Training average loss at step 15200: 2.313040
2025-12-07 11:32:34 INFO     Training average positive_fact_loss at step 15300: 0.314173
2025-12-07 11:32:34 INFO     Training average negative_fact_loss at step 15300: 0.291186
2025-12-07 11:32:34 INFO     Training average positive_rule_loss at step 15300: 1.713218
2025-12-07 11:32:34 INFO     Training average negative_rule_loss at step 15300: 2.175722
2025-12-07 11:32:34 INFO     Training average L_uncertainty at step 15300: 58.483275
2025-12-07 11:32:34 INFO     Training average L_kl at step 15300: 57890.541367
2025-12-07 11:32:34 INFO     Training average L_sigma at step 15300: 592.730908
2025-12-07 11:32:34 INFO     Training average mu_mean at step 15300: -2.564635
2025-12-07 11:32:34 INFO     Training average sigma_mean at step 15300: 0.142124
2025-12-07 11:32:34 INFO     Training average regularization at step 15300: 0.006175
2025-12-07 11:32:34 INFO     Training average loss at step 15300: 2.311807
2025-12-07 11:33:35 INFO     Training average positive_fact_loss at step 15400: 0.313319
2025-12-07 11:33:35 INFO     Training average negative_fact_loss at step 15400: 0.291161
2025-12-07 11:33:35 INFO     Training average positive_rule_loss at step 15400: 1.711272
2025-12-07 11:33:35 INFO     Training average negative_rule_loss at step 15400: 2.178732
2025-12-07 11:33:35 INFO     Training average L_uncertainty at step 15400: 58.410079
2025-12-07 11:33:35 INFO     Training average L_kl at step 15400: 57821.643281
2025-12-07 11:33:35 INFO     Training average L_sigma at step 15400: 588.433251
2025-12-07 11:33:35 INFO     Training average mu_mean at step 15400: -2.556699
2025-12-07 11:33:35 INFO     Training average sigma_mean at step 15400: 0.142096
2025-12-07 11:33:35 INFO     Training average regularization at step 15400: 0.006169
2025-12-07 11:33:35 INFO     Training average loss at step 15400: 2.311821
2025-12-07 11:34:31 INFO     Training average positive_fact_loss at step 15500: 0.313950
2025-12-07 11:34:31 INFO     Training average negative_fact_loss at step 15500: 0.291049
2025-12-07 11:34:31 INFO     Training average positive_rule_loss at step 15500: 1.711412
2025-12-07 11:34:31 INFO     Training average negative_rule_loss at step 15500: 2.172823
2025-12-07 11:34:31 INFO     Training average L_uncertainty at step 15500: 58.522036
2025-12-07 11:34:31 INFO     Training average L_kl at step 15500: 57934.362461
2025-12-07 11:34:31 INFO     Training average L_sigma at step 15500: 587.670455
2025-12-07 11:34:31 INFO     Training average mu_mean at step 15500: -2.556810
2025-12-07 11:34:31 INFO     Training average sigma_mean at step 15500: 0.142094
2025-12-07 11:34:31 INFO     Training average regularization at step 15500: 0.006170
2025-12-07 11:34:31 INFO     Training average loss at step 15500: 2.309310
2025-12-07 11:35:27 INFO     Training average positive_fact_loss at step 15600: 0.313819
2025-12-07 11:35:27 INFO     Training average negative_fact_loss at step 15600: 0.291014
2025-12-07 11:35:27 INFO     Training average positive_rule_loss at step 15600: 1.711376
2025-12-07 11:35:27 INFO     Training average negative_rule_loss at step 15600: 2.171754
2025-12-07 11:35:27 INFO     Training average L_uncertainty at step 15600: 58.496164
2025-12-07 11:35:27 INFO     Training average L_kl at step 15600: 57905.155781
2025-12-07 11:35:27 INFO     Training average L_sigma at step 15600: 591.005671
2025-12-07 11:35:27 INFO     Training average mu_mean at step 15600: -2.551590
2025-12-07 11:35:27 INFO     Training average sigma_mean at step 15600: 0.142119
2025-12-07 11:35:27 INFO     Training average regularization at step 15600: 0.006170
2025-12-07 11:35:27 INFO     Training average loss at step 15600: 2.308647
2025-12-07 11:36:19 INFO     Training average positive_fact_loss at step 15700: 0.313655
2025-12-07 11:36:19 INFO     Training average negative_fact_loss at step 15700: 0.290675
2025-12-07 11:36:19 INFO     Training average positive_rule_loss at step 15700: 1.711835
2025-12-07 11:36:19 INFO     Training average negative_rule_loss at step 15700: 2.168364
2025-12-07 11:36:19 INFO     Training average L_uncertainty at step 15700: 58.659071
2025-12-07 11:36:19 INFO     Training average L_kl at step 15700: 58073.901523
2025-12-07 11:36:19 INFO     Training average L_sigma at step 15700: 585.166888
2025-12-07 11:36:19 INFO     Training average mu_mean at step 15700: -2.552631
2025-12-07 11:36:19 INFO     Training average sigma_mean at step 15700: 0.142057
2025-12-07 11:36:19 INFO     Training average regularization at step 15700: 0.006171
2025-12-07 11:36:19 INFO     Training average loss at step 15700: 2.307094
2025-12-07 11:37:20 INFO     Training average positive_fact_loss at step 15800: 0.313450
2025-12-07 11:37:20 INFO     Training average negative_fact_loss at step 15800: 0.290997
2025-12-07 11:37:20 INFO     Training average positive_rule_loss at step 15800: 1.709370
2025-12-07 11:37:20 INFO     Training average negative_rule_loss at step 15800: 2.170684
2025-12-07 11:37:20 INFO     Training average L_uncertainty at step 15800: 58.561098
2025-12-07 11:37:20 INFO     Training average L_kl at step 15800: 57971.172383
2025-12-07 11:37:20 INFO     Training average L_sigma at step 15800: 589.922493
2025-12-07 11:37:20 INFO     Training average mu_mean at step 15800: -2.544406
2025-12-07 11:37:20 INFO     Training average sigma_mean at step 15800: 0.142133
2025-12-07 11:37:20 INFO     Training average regularization at step 15800: 0.006157
2025-12-07 11:37:20 INFO     Training average loss at step 15800: 2.306968
2025-12-07 11:38:16 INFO     Training average positive_fact_loss at step 15900: 0.312779
2025-12-07 11:38:16 INFO     Training average negative_fact_loss at step 15900: 0.290746
2025-12-07 11:38:16 INFO     Training average positive_rule_loss at step 15900: 1.710263
2025-12-07 11:38:16 INFO     Training average negative_rule_loss at step 15900: 2.166407
2025-12-07 11:38:16 INFO     Training average L_uncertainty at step 15900: 58.620832
2025-12-07 11:38:16 INFO     Training average L_kl at step 15900: 58030.912617
2025-12-07 11:38:16 INFO     Training average L_sigma at step 15900: 589.916296
2025-12-07 11:38:16 INFO     Training average mu_mean at step 15900: -2.540384
2025-12-07 11:38:16 INFO     Training average sigma_mean at step 15900: 0.142117
2025-12-07 11:38:16 INFO     Training average regularization at step 15900: 0.006179
2025-12-07 11:38:16 INFO     Training average loss at step 15900: 2.304897
2025-12-07 11:39:17 INFO     Training average positive_fact_loss at step 16000: 0.314073
2025-12-07 11:39:17 INFO     Training average negative_fact_loss at step 16000: 0.291361
2025-12-07 11:39:17 INFO     Training average positive_rule_loss at step 16000: 1.712914
2025-12-07 11:39:17 INFO     Training average negative_rule_loss at step 16000: 2.163638
2025-12-07 11:39:17 INFO     Training average L_uncertainty at step 16000: 58.788305
2025-12-07 11:39:17 INFO     Training average L_kl at step 16000: 58199.694141
2025-12-07 11:39:17 INFO     Training average L_sigma at step 16000: 588.608052
2025-12-07 11:39:17 INFO     Training average mu_mean at step 16000: -2.546390
2025-12-07 11:39:17 INFO     Training average sigma_mean at step 16000: 0.142110
2025-12-07 11:39:17 INFO     Training average regularization at step 16000: 0.006165
2025-12-07 11:39:17 INFO     Training average loss at step 16000: 2.305947
2025-12-07 11:39:17 INFO     Evaluating on Valid Dataset...
2025-12-07 11:39:17 INFO     >>>>> RuleE emb: Evaluating on valid
2025-12-07 11:39:27 INFO     Data : 4274
2025-12-07 11:39:27 INFO     Hit1 : 0.531352
2025-12-07 11:39:27 INFO     Hit3 : 0.762985
2025-12-07 11:39:27 INFO     Hit10: 0.939635
2025-12-07 11:39:27 INFO     MR   : 3.482452
2025-12-07 11:39:27 INFO     MRR  : 0.668317
2025-12-07 11:40:24 INFO     Training average positive_fact_loss at step 16100: 0.313773
2025-12-07 11:40:24 INFO     Training average negative_fact_loss at step 16100: 0.291138
2025-12-07 11:40:24 INFO     Training average positive_rule_loss at step 16100: 1.708454
2025-12-07 11:40:24 INFO     Training average negative_rule_loss at step 16100: 2.164453
2025-12-07 11:40:24 INFO     Training average L_uncertainty at step 16100: 58.634279
2025-12-07 11:40:24 INFO     Training average L_kl at step 16100: 58045.661992
2025-12-07 11:40:24 INFO     Training average L_sigma at step 16100: 588.614263
2025-12-07 11:40:24 INFO     Training average mu_mean at step 16100: -2.533935
2025-12-07 11:40:24 INFO     Training average sigma_mean at step 16100: 0.142108
2025-12-07 11:40:24 INFO     Training average regularization at step 16100: 0.006176
2025-12-07 11:40:24 INFO     Training average loss at step 16100: 2.303719
2025-12-07 11:41:24 INFO     Training average positive_fact_loss at step 16200: 0.313906
2025-12-07 11:41:24 INFO     Training average negative_fact_loss at step 16200: 0.290916
2025-12-07 11:41:24 INFO     Training average positive_rule_loss at step 16200: 1.709127
2025-12-07 11:41:24 INFO     Training average negative_rule_loss at step 16200: 2.165828
2025-12-07 11:41:24 INFO     Training average L_uncertainty at step 16200: 58.662160
2025-12-07 11:41:24 INFO     Training average L_kl at step 16200: 58069.618320
2025-12-07 11:41:24 INFO     Training average L_sigma at step 16200: 592.539273
2025-12-07 11:41:24 INFO     Training average mu_mean at step 16200: -2.528775
2025-12-07 11:41:24 INFO     Training average sigma_mean at step 16200: 0.142142
2025-12-07 11:41:24 INFO     Training average regularization at step 16200: 0.006169
2025-12-07 11:41:24 INFO     Training average loss at step 16200: 2.304720
2025-12-07 11:42:11 INFO     Training average positive_fact_loss at step 16300: 0.313441
2025-12-07 11:42:11 INFO     Training average negative_fact_loss at step 16300: 0.290665
2025-12-07 11:42:11 INFO     Training average positive_rule_loss at step 16300: 1.712011
2025-12-07 11:42:11 INFO     Training average negative_rule_loss at step 16300: 2.155665
2025-12-07 11:42:11 INFO     Training average L_uncertainty at step 16300: 58.812736
2025-12-07 11:42:11 INFO     Training average L_kl at step 16300: 58221.033359
2025-12-07 11:42:11 INFO     Training average L_sigma at step 16300: 591.699903
2025-12-07 11:42:11 INFO     Training average mu_mean at step 16300: -2.534358
2025-12-07 11:42:11 INFO     Training average sigma_mean at step 16300: 0.142132
2025-12-07 11:42:11 INFO     Training average regularization at step 16300: 0.006168
2025-12-07 11:42:11 INFO     Training average loss at step 16300: 2.300872
2025-12-07 11:43:12 INFO     Training average positive_fact_loss at step 16400: 0.313497
2025-12-07 11:43:12 INFO     Training average negative_fact_loss at step 16400: 0.290966
2025-12-07 11:43:12 INFO     Training average positive_rule_loss at step 16400: 1.709652
2025-12-07 11:43:12 INFO     Training average negative_rule_loss at step 16400: 2.159288
2025-12-07 11:43:12 INFO     Training average L_uncertainty at step 16400: 58.770358
2025-12-07 11:43:12 INFO     Training average L_kl at step 16400: 58179.991445
2025-12-07 11:43:12 INFO     Training average L_sigma at step 16400: 590.363384
2025-12-07 11:43:12 INFO     Training average mu_mean at step 16400: -2.528835
2025-12-07 11:43:12 INFO     Training average sigma_mean at step 16400: 0.142102
2025-12-07 11:43:12 INFO     Training average regularization at step 16400: 0.006173
2025-12-07 11:43:12 INFO     Training average loss at step 16400: 2.301645
2025-12-07 11:44:08 INFO     Training average positive_fact_loss at step 16500: 0.313914
2025-12-07 11:44:08 INFO     Training average negative_fact_loss at step 16500: 0.290714
2025-12-07 11:44:08 INFO     Training average positive_rule_loss at step 16500: 1.709237
2025-12-07 11:44:08 INFO     Training average negative_rule_loss at step 16500: 2.159298
2025-12-07 11:44:08 INFO     Training average L_uncertainty at step 16500: 58.736283
2025-12-07 11:44:08 INFO     Training average L_kl at step 16500: 58147.409688
2025-12-07 11:44:08 INFO     Training average L_sigma at step 16500: 588.870636
2025-12-07 11:44:08 INFO     Training average mu_mean at step 16500: -2.522221
2025-12-07 11:44:08 INFO     Training average sigma_mean at step 16500: 0.142110
2025-12-07 11:44:08 INFO     Training average regularization at step 16500: 0.006173
2025-12-07 11:44:08 INFO     Training average loss at step 16500: 2.301491
2025-12-07 11:45:09 INFO     Training average positive_fact_loss at step 16600: 0.313029
2025-12-07 11:45:09 INFO     Training average negative_fact_loss at step 16600: 0.290820
2025-12-07 11:45:09 INFO     Training average positive_rule_loss at step 16600: 1.712454
2025-12-07 11:45:09 INFO     Training average negative_rule_loss at step 16600: 2.152008
2025-12-07 11:45:09 INFO     Training average L_uncertainty at step 16600: 59.054343
2025-12-07 11:45:09 INFO     Training average L_kl at step 16600: 58466.394531
2025-12-07 11:45:09 INFO     Training average L_sigma at step 16600: 587.945432
2025-12-07 11:45:09 INFO     Training average mu_mean at step 16600: -2.530259
2025-12-07 11:45:09 INFO     Training average sigma_mean at step 16600: 0.142070
2025-12-07 11:45:09 INFO     Training average regularization at step 16600: 0.006170
2025-12-07 11:45:09 INFO     Training average loss at step 16600: 2.299379
2025-12-07 11:46:05 INFO     Training average positive_fact_loss at step 16700: 0.313056
2025-12-07 11:46:05 INFO     Training average negative_fact_loss at step 16700: 0.291170
2025-12-07 11:46:05 INFO     Training average positive_rule_loss at step 16700: 1.710629
2025-12-07 11:46:05 INFO     Training average negative_rule_loss at step 16700: 2.149014
2025-12-07 11:46:05 INFO     Training average L_uncertainty at step 16700: 58.903503
2025-12-07 11:46:05 INFO     Training average L_kl at step 16700: 58312.162031
2025-12-07 11:46:05 INFO     Training average L_sigma at step 16700: 591.338541
2025-12-07 11:46:05 INFO     Training average mu_mean at step 16700: -2.519960
2025-12-07 11:46:05 INFO     Training average sigma_mean at step 16700: 0.142120
2025-12-07 11:46:05 INFO     Training average regularization at step 16700: 0.006170
2025-12-07 11:46:05 INFO     Training average loss at step 16700: 2.297008
2025-12-07 11:47:05 INFO     Training average positive_fact_loss at step 16800: 0.313337
2025-12-07 11:47:05 INFO     Training average negative_fact_loss at step 16800: 0.290665
2025-12-07 11:47:05 INFO     Training average positive_rule_loss at step 16800: 1.711332
2025-12-07 11:47:05 INFO     Training average negative_rule_loss at step 16800: 2.151777
2025-12-07 11:47:05 INFO     Training average L_uncertainty at step 16800: 58.870392
2025-12-07 11:47:05 INFO     Training average L_kl at step 16800: 58277.985742
2025-12-07 11:47:05 INFO     Training average L_sigma at step 16800: 592.403672
2025-12-07 11:47:05 INFO     Training average mu_mean at step 16800: -2.520080
2025-12-07 11:47:05 INFO     Training average sigma_mean at step 16800: 0.142137
2025-12-07 11:47:05 INFO     Training average regularization at step 16800: 0.006175
2025-12-07 11:47:05 INFO     Training average loss at step 16800: 2.298601
2025-12-07 11:47:57 INFO     Training average positive_fact_loss at step 16900: 0.313849
2025-12-07 11:47:57 INFO     Training average negative_fact_loss at step 16900: 0.290707
2025-12-07 11:47:57 INFO     Training average positive_rule_loss at step 16900: 1.710558
2025-12-07 11:47:57 INFO     Training average negative_rule_loss at step 16900: 2.148352
2025-12-07 11:47:57 INFO     Training average L_uncertainty at step 16900: 58.995027
2025-12-07 11:47:57 INFO     Training average L_kl at step 16900: 58405.172656
2025-12-07 11:47:57 INFO     Training average L_sigma at step 16900: 589.851128
2025-12-07 11:47:57 INFO     Training average mu_mean at step 16900: -2.516198
2025-12-07 11:47:57 INFO     Training average sigma_mean at step 16900: 0.142125
2025-12-07 11:47:57 INFO     Training average regularization at step 16900: 0.006168
2025-12-07 11:47:57 INFO     Training average loss at step 16900: 2.296896
2025-12-07 11:48:54 INFO     Training average positive_fact_loss at step 17000: 0.313575
2025-12-07 11:48:54 INFO     Training average negative_fact_loss at step 17000: 0.290513
2025-12-07 11:48:54 INFO     Training average positive_rule_loss at step 17000: 1.710329
2025-12-07 11:48:54 INFO     Training average negative_rule_loss at step 17000: 2.143559
2025-12-07 11:48:54 INFO     Training average L_uncertainty at step 17000: 58.968608
2025-12-07 11:48:54 INFO     Training average L_kl at step 17000: 58377.490352
2025-12-07 11:48:54 INFO     Training average L_sigma at step 17000: 591.115090
2025-12-07 11:48:54 INFO     Training average mu_mean at step 17000: -2.510883
2025-12-07 11:48:54 INFO     Training average sigma_mean at step 17000: 0.142114
2025-12-07 11:48:54 INFO     Training average regularization at step 17000: 0.006173
2025-12-07 11:48:54 INFO     Training average loss at step 17000: 2.294130
2025-12-07 11:48:54 INFO     Evaluating on Valid Dataset...
2025-12-07 11:48:54 INFO     >>>>> RuleE emb: Evaluating on valid
2025-12-07 11:49:04 INFO     Data : 4274
2025-12-07 11:49:04 INFO     Hit1 : 0.532522
2025-12-07 11:49:04 INFO     Hit3 : 0.767431
2025-12-07 11:49:04 INFO     Hit10: 0.937997
2025-12-07 11:49:04 INFO     MR   : 3.444782
2025-12-07 11:49:04 INFO     MRR  : 0.670460
2025-12-07 11:50:00 INFO     Training average positive_fact_loss at step 17100: 0.313549
2025-12-07 11:50:00 INFO     Training average negative_fact_loss at step 17100: 0.290951
2025-12-07 11:50:00 INFO     Training average positive_rule_loss at step 17100: 1.712725
2025-12-07 11:50:00 INFO     Training average negative_rule_loss at step 17100: 2.140645
2025-12-07 11:50:00 INFO     Training average L_uncertainty at step 17100: 59.077987
2025-12-07 11:50:00 INFO     Training average L_kl at step 17100: 58484.579375
2025-12-07 11:50:00 INFO     Training average L_sigma at step 17100: 593.404311
2025-12-07 11:50:00 INFO     Training average mu_mean at step 17100: -2.513453
2025-12-07 11:50:00 INFO     Training average sigma_mean at step 17100: 0.142138
2025-12-07 11:50:00 INFO     Training average regularization at step 17100: 0.006177
2025-12-07 11:50:00 INFO     Training average loss at step 17100: 2.294190
2025-12-07 11:51:01 INFO     Training average positive_fact_loss at step 17200: 0.312655
2025-12-07 11:51:01 INFO     Training average negative_fact_loss at step 17200: 0.290674
2025-12-07 11:51:01 INFO     Training average positive_rule_loss at step 17200: 1.710625
2025-12-07 11:51:01 INFO     Training average negative_rule_loss at step 17200: 2.146122
2025-12-07 11:51:01 INFO     Training average L_uncertainty at step 17200: 58.979153
2025-12-07 11:51:01 INFO     Training average L_kl at step 17200: 58387.702227
2025-12-07 11:51:01 INFO     Training average L_sigma at step 17200: 591.447690
2025-12-07 11:51:01 INFO     Training average mu_mean at step 17200: -2.506221
2025-12-07 11:51:01 INFO     Training average sigma_mean at step 17200: 0.142106
2025-12-07 11:51:01 INFO     Training average regularization at step 17200: 0.006178
2025-12-07 11:51:01 INFO     Training average loss at step 17200: 2.295195
2025-12-07 11:51:57 INFO     Training average positive_fact_loss at step 17300: 0.313313
2025-12-07 11:51:57 INFO     Training average negative_fact_loss at step 17300: 0.290905
2025-12-07 11:51:57 INFO     Training average positive_rule_loss at step 17300: 1.710793
2025-12-07 11:51:57 INFO     Training average negative_rule_loss at step 17300: 2.137819
2025-12-07 11:51:57 INFO     Training average L_uncertainty at step 17300: 59.225793
2025-12-07 11:51:57 INFO     Training average L_kl at step 17300: 58635.071719
2025-12-07 11:51:57 INFO     Training average L_sigma at step 17300: 590.718951
2025-12-07 11:51:57 INFO     Training average mu_mean at step 17300: -2.507985
2025-12-07 11:51:57 INFO     Training average sigma_mean at step 17300: 0.142123
2025-12-07 11:51:57 INFO     Training average regularization at step 17300: 0.006180
2025-12-07 11:51:57 INFO     Training average loss at step 17300: 2.291821
2025-12-07 11:52:58 INFO     Training average positive_fact_loss at step 17400: 0.312843
2025-12-07 11:52:58 INFO     Training average negative_fact_loss at step 17400: 0.291232
2025-12-07 11:52:58 INFO     Training average positive_rule_loss at step 17400: 1.709255
2025-12-07 11:52:58 INFO     Training average negative_rule_loss at step 17400: 2.138928
2025-12-07 11:52:58 INFO     Training average L_uncertainty at step 17400: 59.075914
2025-12-07 11:52:58 INFO     Training average L_kl at step 17400: 58483.596328
2025-12-07 11:52:58 INFO     Training average L_sigma at step 17400: 592.315129
2025-12-07 11:52:58 INFO     Training average mu_mean at step 17400: -2.499766
2025-12-07 11:52:58 INFO     Training average sigma_mean at step 17400: 0.142131
2025-12-07 11:52:58 INFO     Training average regularization at step 17400: 0.006165
2025-12-07 11:52:58 INFO     Training average loss at step 17400: 2.291370
2025-12-07 11:53:54 INFO     Change learning_rate to 0.000010 at step 17500
2025-12-07 11:53:54 INFO     Training average positive_fact_loss at step 17500: 0.314381
2025-12-07 11:53:54 INFO     Training average negative_fact_loss at step 17500: 0.290622
2025-12-07 11:53:54 INFO     Training average positive_rule_loss at step 17500: 1.710992
2025-12-07 11:53:54 INFO     Training average negative_rule_loss at step 17500: 2.135329
2025-12-07 11:53:54 INFO     Training average L_uncertainty at step 17500: 59.213034
2025-12-07 11:53:54 INFO     Training average L_kl at step 17500: 58618.671836
2025-12-07 11:53:54 INFO     Training average L_sigma at step 17500: 594.359128
2025-12-07 11:53:54 INFO     Training average mu_mean at step 17500: -2.498957
2025-12-07 11:53:54 INFO     Training average sigma_mean at step 17500: 0.142155
2025-12-07 11:53:54 INFO     Training average regularization at step 17500: 0.006173
2025-12-07 11:53:54 INFO     Training average loss at step 17500: 2.291048
2025-12-07 11:54:45 INFO     Training average positive_fact_loss at step 17600: 0.295936
2025-12-07 11:54:45 INFO     Training average negative_fact_loss at step 17600: 0.288770
2025-12-07 11:54:45 INFO     Training average positive_rule_loss at step 17600: 1.713981
2025-12-07 11:54:45 INFO     Training average negative_rule_loss at step 17600: 2.136769
2025-12-07 11:54:45 INFO     Training average L_uncertainty at step 17600: 58.915230
2025-12-07 11:54:45 INFO     Training average L_kl at step 17600: 58329.316250
2025-12-07 11:54:45 INFO     Training average L_sigma at step 17600: 585.910795
2025-12-07 11:54:45 INFO     Training average mu_mean at step 17600: -2.494397
2025-12-07 11:54:45 INFO     Training average sigma_mean at step 17600: 0.142140
2025-12-07 11:54:45 INFO     Training average regularization at step 17600: 0.006221
2025-12-07 11:54:45 INFO     Training average loss at step 17600: 2.282865
2025-12-07 11:55:41 INFO     Training average positive_fact_loss at step 17700: 0.298677
2025-12-07 11:55:41 INFO     Training average negative_fact_loss at step 17700: 0.281240
2025-12-07 11:55:41 INFO     Training average positive_rule_loss at step 17700: 1.709839
2025-12-07 11:55:41 INFO     Training average negative_rule_loss at step 17700: 2.135418
2025-12-07 11:55:41 INFO     Training average L_uncertainty at step 17700: 58.797516
2025-12-07 11:55:41 INFO     Training average L_kl at step 17700: 58212.344102
2025-12-07 11:55:41 INFO     Training average L_sigma at step 17700: 585.169366
2025-12-07 11:55:41 INFO     Training average mu_mean at step 17700: -2.491962
2025-12-07 11:55:41 INFO     Training average sigma_mean at step 17700: 0.142152
2025-12-07 11:55:41 INFO     Training average regularization at step 17700: 0.006290
2025-12-07 11:55:41 INFO     Training average loss at step 17700: 2.277675
2025-12-07 11:56:42 INFO     Training average positive_fact_loss at step 17800: 0.298336
2025-12-07 11:56:42 INFO     Training average negative_fact_loss at step 17800: 0.279864
2025-12-07 11:56:42 INFO     Training average positive_rule_loss at step 17800: 1.711143
2025-12-07 11:56:42 INFO     Training average negative_rule_loss at step 17800: 2.135678
2025-12-07 11:56:42 INFO     Training average L_uncertainty at step 17800: 58.744595
2025-12-07 11:56:42 INFO     Training average L_kl at step 17800: 58160.330469
2025-12-07 11:56:42 INFO     Training average L_sigma at step 17800: 584.261063
2025-12-07 11:56:42 INFO     Training average mu_mean at step 17800: -2.489048
2025-12-07 11:56:42 INFO     Training average sigma_mean at step 17800: 0.142140
2025-12-07 11:56:42 INFO     Training average regularization at step 17800: 0.006308
2025-12-07 11:56:42 INFO     Training average loss at step 17800: 2.277562
2025-12-07 11:57:38 INFO     Training average positive_fact_loss at step 17900: 0.299444
2025-12-07 11:57:38 INFO     Training average negative_fact_loss at step 17900: 0.279486
2025-12-07 11:57:38 INFO     Training average positive_rule_loss at step 17900: 1.709424
2025-12-07 11:57:38 INFO     Training average negative_rule_loss at step 17900: 2.133912
2025-12-07 11:57:38 INFO     Training average L_uncertainty at step 17900: 58.874423
2025-12-07 11:57:38 INFO     Training average L_kl at step 17900: 58292.282539
2025-12-07 11:57:38 INFO     Training average L_sigma at step 17900: 582.137798
2025-12-07 11:57:38 INFO     Training average mu_mean at step 17900: -2.492966
2025-12-07 11:57:38 INFO     Training average sigma_mean at step 17900: 0.142113
2025-12-07 11:57:38 INFO     Training average regularization at step 17900: 0.006314
2025-12-07 11:57:38 INFO     Training average loss at step 17900: 2.276321
2025-12-07 11:58:38 INFO     Training average positive_fact_loss at step 18000: 0.300064
2025-12-07 11:58:38 INFO     Training average negative_fact_loss at step 18000: 0.279122
2025-12-07 11:58:38 INFO     Training average positive_rule_loss at step 18000: 1.708181
2025-12-07 11:58:38 INFO     Training average negative_rule_loss at step 18000: 2.139980
2025-12-07 11:58:38 INFO     Training average L_uncertainty at step 18000: 58.840819
2025-12-07 11:58:38 INFO     Training average L_kl at step 18000: 58262.152617
2025-12-07 11:58:38 INFO     Training average L_sigma at step 18000: 578.662954
2025-12-07 11:58:38 INFO     Training average mu_mean at step 18000: -2.490334
2025-12-07 11:58:38 INFO     Training average sigma_mean at step 18000: 0.142063
2025-12-07 11:58:38 INFO     Training average regularization at step 18000: 0.006315
2025-12-07 11:58:38 INFO     Training average loss at step 18000: 2.278830
2025-12-07 11:58:38 INFO     Evaluating on Valid Dataset...
2025-12-07 11:58:38 INFO     >>>>> RuleE emb: Evaluating on valid
2025-12-07 11:58:49 INFO     Data : 4274
2025-12-07 11:58:49 INFO     Hit1 : 0.551240
2025-12-07 11:58:49 INFO     Hit3 : 0.781937
2025-12-07 11:58:49 INFO     Hit10: 0.942443
2025-12-07 11:58:49 INFO     MR   : 3.350257
2025-12-07 11:58:49 INFO     MRR  : 0.685567
2025-12-07 11:59:47 INFO     Training average positive_fact_loss at step 18100: 0.298897
2025-12-07 11:59:47 INFO     Training average negative_fact_loss at step 18100: 0.278754
2025-12-07 11:59:47 INFO     Training average positive_rule_loss at step 18100: 1.710721
2025-12-07 11:59:47 INFO     Training average negative_rule_loss at step 18100: 2.133319
2025-12-07 11:59:47 INFO     Training average L_uncertainty at step 18100: 58.822826
2025-12-07 11:59:47 INFO     Training average L_kl at step 18100: 58242.685859
2025-12-07 11:59:47 INFO     Training average L_sigma at step 18100: 580.137428
2025-12-07 11:59:47 INFO     Training average mu_mean at step 18100: -2.488227
2025-12-07 11:59:47 INFO     Training average sigma_mean at step 18100: 0.142084
2025-12-07 11:59:47 INFO     Training average regularization at step 18100: 0.006316
2025-12-07 11:59:47 INFO     Training average loss at step 18100: 2.275984
2025-12-07 12:00:43 INFO     Training average positive_fact_loss at step 18200: 0.299881
2025-12-07 12:00:43 INFO     Training average negative_fact_loss at step 18200: 0.278547
2025-12-07 12:00:43 INFO     Training average positive_rule_loss at step 18200: 1.709653
2025-12-07 12:00:43 INFO     Training average negative_rule_loss at step 18200: 2.133602
2025-12-07 12:00:43 INFO     Training average L_uncertainty at step 18200: 58.911019
2025-12-07 12:00:43 INFO     Training average L_kl at step 18200: 58327.835078
2025-12-07 12:00:43 INFO     Training average L_sigma at step 18200: 583.181424
2025-12-07 12:00:43 INFO     Training average mu_mean at step 18200: -2.492379
2025-12-07 12:00:43 INFO     Training average sigma_mean at step 18200: 0.142123
2025-12-07 12:00:43 INFO     Training average regularization at step 18200: 0.006314
2025-12-07 12:00:43 INFO     Training average loss at step 18200: 2.276066
2025-12-07 12:01:36 INFO     Training average positive_fact_loss at step 18300: 0.299470
2025-12-07 12:01:36 INFO     Training average negative_fact_loss at step 18300: 0.278353
2025-12-07 12:01:36 INFO     Training average positive_rule_loss at step 18300: 1.711390
2025-12-07 12:01:36 INFO     Training average negative_rule_loss at step 18300: 2.131381
2025-12-07 12:01:36 INFO     Training average L_uncertainty at step 18300: 58.952689
2025-12-07 12:01:36 INFO     Training average L_kl at step 18300: 58366.160820
2025-12-07 12:01:36 INFO     Training average L_sigma at step 18300: 586.525342
2025-12-07 12:01:36 INFO     Training average mu_mean at step 18300: -2.493570
2025-12-07 12:01:36 INFO     Training average sigma_mean at step 18300: 0.142170
2025-12-07 12:01:36 INFO     Training average regularization at step 18300: 0.006310
2025-12-07 12:01:36 INFO     Training average loss at step 18300: 2.275559
2025-12-07 12:02:36 INFO     Training average positive_fact_loss at step 18400: 0.299369
2025-12-07 12:02:36 INFO     Training average negative_fact_loss at step 18400: 0.278356
2025-12-07 12:02:36 INFO     Training average positive_rule_loss at step 18400: 1.709918
2025-12-07 12:02:36 INFO     Training average negative_rule_loss at step 18400: 2.137514
2025-12-07 12:02:36 INFO     Training average L_uncertainty at step 18400: 58.884825
2025-12-07 12:02:36 INFO     Training average L_kl at step 18400: 58302.967969
2025-12-07 12:02:36 INFO     Training average L_sigma at step 18400: 581.853921
2025-12-07 12:02:36 INFO     Training average mu_mean at step 18400: -2.490770
2025-12-07 12:02:36 INFO     Training average sigma_mean at step 18400: 0.142099
2025-12-07 12:02:36 INFO     Training average regularization at step 18400: 0.006308
2025-12-07 12:02:36 INFO     Training average loss at step 18400: 2.277771
2025-12-07 12:03:33 INFO     Training average positive_fact_loss at step 18500: 0.300173
2025-12-07 12:03:33 INFO     Training average negative_fact_loss at step 18500: 0.278222
2025-12-07 12:03:33 INFO     Training average positive_rule_loss at step 18500: 1.709673
2025-12-07 12:03:33 INFO     Training average negative_rule_loss at step 18500: 2.132380
2025-12-07 12:03:33 INFO     Training average L_uncertainty at step 18500: 58.869464
2025-12-07 12:03:33 INFO     Training average L_kl at step 18500: 58285.958164
2025-12-07 12:03:33 INFO     Training average L_sigma at step 18500: 583.502750
2025-12-07 12:03:33 INFO     Training average mu_mean at step 18500: -2.489508
2025-12-07 12:03:33 INFO     Training average sigma_mean at step 18500: 0.142122
2025-12-07 12:03:33 INFO     Training average regularization at step 18500: 0.006303
2025-12-07 12:03:33 INFO     Training average loss at step 18500: 2.275397
2025-12-07 12:04:33 INFO     Training average positive_fact_loss at step 18600: 0.298762
2025-12-07 12:04:33 INFO     Training average negative_fact_loss at step 18600: 0.278308
2025-12-07 12:04:33 INFO     Training average positive_rule_loss at step 18600: 1.710241
2025-12-07 12:04:33 INFO     Training average negative_rule_loss at step 18600: 2.134133
2025-12-07 12:04:33 INFO     Training average L_uncertainty at step 18600: 58.982389
2025-12-07 12:04:33 INFO     Training average L_kl at step 18600: 58398.752344
2025-12-07 12:04:33 INFO     Training average L_sigma at step 18600: 583.634141
2025-12-07 12:04:33 INFO     Training average mu_mean at step 18600: -2.493591
2025-12-07 12:04:33 INFO     Training average sigma_mean at step 18600: 0.142120
2025-12-07 12:04:33 INFO     Training average regularization at step 18600: 0.006301
2025-12-07 12:04:33 INFO     Training average loss at step 18600: 2.276006
2025-12-07 12:05:29 INFO     Training average positive_fact_loss at step 18700: 0.299957
2025-12-07 12:05:29 INFO     Training average negative_fact_loss at step 18700: 0.277944
2025-12-07 12:05:29 INFO     Training average positive_rule_loss at step 18700: 1.708943
2025-12-07 12:05:29 INFO     Training average negative_rule_loss at step 18700: 2.132032
2025-12-07 12:05:29 INFO     Training average L_uncertainty at step 18700: 58.878472
2025-12-07 12:05:29 INFO     Training average L_kl at step 18700: 58300.207656
2025-12-07 12:05:29 INFO     Training average L_sigma at step 18700: 578.261432
2025-12-07 12:05:29 INFO     Training average mu_mean at step 18700: -2.488297
2025-12-07 12:05:29 INFO     Training average sigma_mean at step 18700: 0.142038
2025-12-07 12:05:29 INFO     Training average regularization at step 18700: 0.006297
2025-12-07 12:05:29 INFO     Training average loss at step 18700: 2.274614
2025-12-07 12:06:30 INFO     Training average positive_fact_loss at step 18800: 0.299392
2025-12-07 12:06:30 INFO     Training average negative_fact_loss at step 18800: 0.277928
2025-12-07 12:06:30 INFO     Training average positive_rule_loss at step 18800: 1.717084
2025-12-07 12:06:30 INFO     Training average negative_rule_loss at step 18800: 2.128282
2025-12-07 12:06:30 INFO     Training average L_uncertainty at step 18800: 58.910120
2025-12-07 12:06:30 INFO     Training average L_kl at step 18800: 58329.826836
2025-12-07 12:06:30 INFO     Training average L_sigma at step 18800: 580.289968
2025-12-07 12:06:30 INFO     Training average mu_mean at step 18800: -2.489802
2025-12-07 12:06:30 INFO     Training average sigma_mean at step 18800: 0.142068
2025-12-07 12:06:30 INFO     Training average regularization at step 18800: 0.006296
2025-12-07 12:06:30 INFO     Training average loss at step 18800: 2.276549
2025-12-07 12:07:17 INFO     Training average positive_fact_loss at step 18900: 0.299238
2025-12-07 12:07:17 INFO     Training average negative_fact_loss at step 18900: 0.278024
2025-12-07 12:07:17 INFO     Training average positive_rule_loss at step 18900: 1.713145
2025-12-07 12:07:17 INFO     Training average negative_rule_loss at step 18900: 2.126517
2025-12-07 12:07:17 INFO     Training average L_uncertainty at step 18900: 59.098144
2025-12-07 12:07:17 INFO     Training average L_kl at step 18900: 58514.841016
2025-12-07 12:07:17 INFO     Training average L_sigma at step 18900: 583.300048
2025-12-07 12:07:17 INFO     Training average mu_mean at step 18900: -2.501860
2025-12-07 12:07:17 INFO     Training average sigma_mean at step 18900: 0.142094
2025-12-07 12:07:17 INFO     Training average regularization at step 18900: 0.006294
2025-12-07 12:07:17 INFO     Training average loss at step 18900: 2.273854
2025-12-07 12:08:18 INFO     Training average positive_fact_loss at step 19000: 0.299424
2025-12-07 12:08:18 INFO     Training average negative_fact_loss at step 19000: 0.277607
2025-12-07 12:08:18 INFO     Training average positive_rule_loss at step 19000: 1.708797
2025-12-07 12:08:18 INFO     Training average negative_rule_loss at step 19000: 2.134391
2025-12-07 12:08:18 INFO     Training average L_uncertainty at step 19000: 58.925159
2025-12-07 12:08:18 INFO     Training average L_kl at step 19000: 58345.215234
2025-12-07 12:08:18 INFO     Training average L_sigma at step 19000: 579.941281
2025-12-07 12:08:18 INFO     Training average mu_mean at step 19000: -2.494499
2025-12-07 12:08:18 INFO     Training average sigma_mean at step 19000: 0.142051
2025-12-07 12:08:18 INFO     Training average regularization at step 19000: 0.006293
2025-12-07 12:08:18 INFO     Training average loss at step 19000: 2.275328
2025-12-07 12:08:18 INFO     Evaluating on Valid Dataset...
2025-12-07 12:08:18 INFO     >>>>> RuleE emb: Evaluating on valid
2025-12-07 12:08:28 INFO     Data : 4274
2025-12-07 12:08:28 INFO     Hit1 : 0.551942
2025-12-07 12:08:28 INFO     Hit3 : 0.781235
2025-12-07 12:08:28 INFO     Hit10: 0.940337
2025-12-07 12:08:28 INFO     MR   : 3.361488
2025-12-07 12:08:28 INFO     MRR  : 0.685739
2025-12-07 12:09:26 INFO     Training average positive_fact_loss at step 19100: 0.299298
2025-12-07 12:09:26 INFO     Training average negative_fact_loss at step 19100: 0.277687
2025-12-07 12:09:26 INFO     Training average positive_rule_loss at step 19100: 1.709473
2025-12-07 12:09:26 INFO     Training average negative_rule_loss at step 19100: 2.131216
2025-12-07 12:09:26 INFO     Training average L_uncertainty at step 19100: 58.941694
2025-12-07 12:09:26 INFO     Training average L_kl at step 19100: 58362.435000
2025-12-07 12:09:26 INFO     Training average L_sigma at step 19100: 579.256492
2025-12-07 12:09:26 INFO     Training average mu_mean at step 19100: -2.492785
2025-12-07 12:09:26 INFO     Training average sigma_mean at step 19100: 0.142045
2025-12-07 12:09:26 INFO     Training average regularization at step 19100: 0.006289
2025-12-07 12:09:26 INFO     Training average loss at step 19100: 2.274068
2025-12-07 12:10:27 INFO     Training average positive_fact_loss at step 19200: 0.298779
2025-12-07 12:10:27 INFO     Training average negative_fact_loss at step 19200: 0.277482
2025-12-07 12:10:27 INFO     Training average positive_rule_loss at step 19200: 1.710494
2025-12-07 12:10:27 INFO     Training average negative_rule_loss at step 19200: 2.132311
2025-12-07 12:10:27 INFO     Training average L_uncertainty at step 19200: 58.927789
2025-12-07 12:10:27 INFO     Training average L_kl at step 19200: 58346.609258
2025-12-07 12:10:27 INFO     Training average L_sigma at step 19200: 581.176831
2025-12-07 12:10:27 INFO     Training average mu_mean at step 19200: -2.490481
2025-12-07 12:10:27 INFO     Training average sigma_mean at step 19200: 0.142074
2025-12-07 12:10:27 INFO     Training average regularization at step 19200: 0.006289
2025-12-07 12:10:27 INFO     Training average loss at step 19200: 2.274750
2025-12-07 12:11:23 INFO     Training average positive_fact_loss at step 19300: 0.299877
2025-12-07 12:11:23 INFO     Training average negative_fact_loss at step 19300: 0.277663
2025-12-07 12:11:23 INFO     Training average positive_rule_loss at step 19300: 1.709606
2025-12-07 12:11:23 INFO     Training average negative_rule_loss at step 19300: 2.132155
2025-12-07 12:11:23 INFO     Training average L_uncertainty at step 19300: 58.975255
2025-12-07 12:11:23 INFO     Training average L_kl at step 19300: 58394.144180
2025-12-07 12:11:23 INFO     Training average L_sigma at step 19300: 581.108463
2025-12-07 12:11:23 INFO     Training average mu_mean at step 19300: -2.492515
2025-12-07 12:11:23 INFO     Training average sigma_mean at step 19300: 0.142070
2025-12-07 12:11:23 INFO     Training average regularization at step 19300: 0.006288
2025-12-07 12:11:23 INFO     Training average loss at step 19300: 2.274914
2025-12-07 12:12:23 INFO     Training average positive_fact_loss at step 19400: 0.299021
2025-12-07 12:12:23 INFO     Training average negative_fact_loss at step 19400: 0.277523
2025-12-07 12:12:23 INFO     Training average positive_rule_loss at step 19400: 1.710384
2025-12-07 12:12:23 INFO     Training average negative_rule_loss at step 19400: 2.132078
2025-12-07 12:12:23 INFO     Training average L_uncertainty at step 19400: 58.875265
2025-12-07 12:12:23 INFO     Training average L_kl at step 19400: 58293.033945
2025-12-07 12:12:23 INFO     Training average L_sigma at step 19400: 582.228419
2025-12-07 12:12:23 INFO     Training average mu_mean at step 19400: -2.487669
2025-12-07 12:12:23 INFO     Training average sigma_mean at step 19400: 0.142089
2025-12-07 12:12:23 INFO     Training average regularization at step 19400: 0.006285
2025-12-07 12:12:23 INFO     Training average loss at step 19400: 2.274664
2025-12-07 12:13:15 INFO     Training average positive_fact_loss at step 19500: 0.299443
2025-12-07 12:13:15 INFO     Training average negative_fact_loss at step 19500: 0.277636
2025-12-07 12:13:15 INFO     Training average positive_rule_loss at step 19500: 1.709224
2025-12-07 12:13:15 INFO     Training average negative_rule_loss at step 19500: 2.129686
2025-12-07 12:13:15 INFO     Training average L_uncertainty at step 19500: 58.994130
2025-12-07 12:13:15 INFO     Training average L_kl at step 19500: 58413.396875
2025-12-07 12:13:15 INFO     Training average L_sigma at step 19500: 580.730244
2025-12-07 12:13:15 INFO     Training average mu_mean at step 19500: -2.491152
2025-12-07 12:13:15 INFO     Training average sigma_mean at step 19500: 0.142065
2025-12-07 12:13:15 INFO     Training average regularization at step 19500: 0.006285
2025-12-07 12:13:15 INFO     Training average loss at step 19500: 2.273273
2025-12-07 12:14:11 INFO     Training average positive_fact_loss at step 19600: 0.299279
2025-12-07 12:14:11 INFO     Training average negative_fact_loss at step 19600: 0.277490
2025-12-07 12:14:11 INFO     Training average positive_rule_loss at step 19600: 1.710996
2025-12-07 12:14:11 INFO     Training average negative_rule_loss at step 19600: 2.130814
2025-12-07 12:14:11 INFO     Training average L_uncertainty at step 19600: 58.979651
2025-12-07 12:14:11 INFO     Training average L_kl at step 19600: 58395.904570
2025-12-07 12:14:11 INFO     Training average L_sigma at step 19600: 583.743572
2025-12-07 12:14:11 INFO     Training average mu_mean at step 19600: -2.490242
2025-12-07 12:14:11 INFO     Training average sigma_mean at step 19600: 0.142109
2025-12-07 12:14:11 INFO     Training average regularization at step 19600: 0.006284
2025-12-07 12:14:11 INFO     Training average loss at step 19600: 2.274553
2025-12-07 12:15:07 INFO     Training average positive_fact_loss at step 19700: 0.299164
2025-12-07 12:15:07 INFO     Training average negative_fact_loss at step 19700: 0.277465
2025-12-07 12:15:07 INFO     Training average positive_rule_loss at step 19700: 1.709739
2025-12-07 12:15:07 INFO     Training average negative_rule_loss at step 19700: 2.133345
2025-12-07 12:15:07 INFO     Training average L_uncertainty at step 19700: 58.907702
2025-12-07 12:15:07 INFO     Training average L_kl at step 19700: 58325.787266
2025-12-07 12:15:07 INFO     Training average L_sigma at step 19700: 581.911687
2025-12-07 12:15:07 INFO     Training average mu_mean at step 19700: -2.487330
2025-12-07 12:15:07 INFO     Training average sigma_mean at step 19700: 0.142078
2025-12-07 12:15:07 INFO     Training average regularization at step 19700: 0.006286
2025-12-07 12:15:07 INFO     Training average loss at step 19700: 2.275050
2025-12-07 12:16:08 INFO     Training average positive_fact_loss at step 19800: 0.299398
2025-12-07 12:16:08 INFO     Training average negative_fact_loss at step 19800: 0.277498
2025-12-07 12:16:08 INFO     Training average positive_rule_loss at step 19800: 1.709550
2025-12-07 12:16:08 INFO     Training average negative_rule_loss at step 19800: 2.134244
2025-12-07 12:16:08 INFO     Training average L_uncertainty at step 19800: 58.844697
2025-12-07 12:16:08 INFO     Training average L_kl at step 19800: 58263.044023
2025-12-07 12:16:08 INFO     Training average L_sigma at step 19800: 581.650482
2025-12-07 12:16:08 INFO     Training average mu_mean at step 19800: -2.485115
2025-12-07 12:16:08 INFO     Training average sigma_mean at step 19800: 0.142075
2025-12-07 12:16:08 INFO     Training average regularization at step 19800: 0.006282
2025-12-07 12:16:08 INFO     Training average loss at step 19800: 2.275472
2025-12-07 12:17:03 INFO     Training average positive_fact_loss at step 19900: 0.299113
2025-12-07 12:17:03 INFO     Training average negative_fact_loss at step 19900: 0.277366
2025-12-07 12:17:03 INFO     Training average positive_rule_loss at step 19900: 1.710480
2025-12-07 12:17:03 INFO     Training average negative_rule_loss at step 19900: 2.130280
2025-12-07 12:17:03 INFO     Training average L_uncertainty at step 19900: 58.959057
2025-12-07 12:17:03 INFO     Training average L_kl at step 19900: 58376.267344
2025-12-07 12:17:03 INFO     Training average L_sigma at step 19900: 582.787050
2025-12-07 12:17:03 INFO     Training average mu_mean at step 19900: -2.488785
2025-12-07 12:17:03 INFO     Training average sigma_mean at step 19900: 0.142092
2025-12-07 12:17:03 INFO     Training average regularization at step 19900: 0.006283
2025-12-07 12:17:03 INFO     Training average loss at step 19900: 2.273861
2025-12-07 12:18:04 INFO     Training average positive_fact_loss at step 20000: 0.299277
2025-12-07 12:18:04 INFO     Training average negative_fact_loss at step 20000: 0.277487
2025-12-07 12:18:04 INFO     Training average positive_rule_loss at step 20000: 1.710863
2025-12-07 12:18:04 INFO     Training average negative_rule_loss at step 20000: 2.128945
2025-12-07 12:18:04 INFO     Training average L_uncertainty at step 20000: 59.003074
2025-12-07 12:18:04 INFO     Training average L_kl at step 20000: 58419.787344
2025-12-07 12:18:04 INFO     Training average L_sigma at step 20000: 583.283578
2025-12-07 12:18:04 INFO     Training average mu_mean at step 20000: -2.490471
2025-12-07 12:18:04 INFO     Training average sigma_mean at step 20000: 0.142098
2025-12-07 12:18:04 INFO     Training average regularization at step 20000: 0.006281
2025-12-07 12:18:04 INFO     Training average loss at step 20000: 2.273570
2025-12-07 12:18:04 INFO     Evaluating on Valid Dataset...
2025-12-07 12:18:04 INFO     >>>>> RuleE emb: Evaluating on valid
2025-12-07 12:18:15 INFO     Data : 4274
2025-12-07 12:18:15 INFO     Hit1 : 0.551708
2025-12-07 12:18:15 INFO     Hit3 : 0.780767
2025-12-07 12:18:15 INFO     Hit10: 0.941507
2025-12-07 12:18:15 INFO     MR   : 3.359616
2025-12-07 12:18:15 INFO     MRR  : 0.685432
2025-12-07 12:19:11 INFO     Training average positive_fact_loss at step 20100: 0.299485
2025-12-07 12:19:11 INFO     Training average negative_fact_loss at step 20100: 0.277344
2025-12-07 12:19:11 INFO     Training average positive_rule_loss at step 20100: 1.707891
2025-12-07 12:19:11 INFO     Training average negative_rule_loss at step 20100: 2.131650
2025-12-07 12:19:11 INFO     Training average L_uncertainty at step 20100: 58.881679
2025-12-07 12:19:11 INFO     Training average L_kl at step 20100: 58300.096680
2025-12-07 12:19:11 INFO     Training average L_sigma at step 20100: 581.579569
2025-12-07 12:19:11 INFO     Training average mu_mean at step 20100: -2.483960
2025-12-07 12:19:11 INFO     Training average sigma_mean at step 20100: 0.142074
2025-12-07 12:19:11 INFO     Training average regularization at step 20100: 0.006280
2025-12-07 12:19:11 INFO     Training average loss at step 20100: 2.273347
2025-12-07 12:20:02 INFO     Training average positive_fact_loss at step 20200: 0.299045
2025-12-07 12:20:02 INFO     Training average negative_fact_loss at step 20200: 0.277191
2025-12-07 12:20:02 INFO     Training average positive_rule_loss at step 20200: 1.710027
2025-12-07 12:20:02 INFO     Training average negative_rule_loss at step 20200: 2.130740
2025-12-07 12:20:02 INFO     Training average L_uncertainty at step 20200: 58.909332
2025-12-07 12:20:02 INFO     Training average L_kl at step 20200: 58327.147148
2025-12-07 12:20:02 INFO     Training average L_sigma at step 20200: 582.181840
2025-12-07 12:20:02 INFO     Training average mu_mean at step 20200: -2.484129
2025-12-07 12:20:02 INFO     Training average sigma_mean at step 20200: 0.142081
2025-12-07 12:20:02 INFO     Training average regularization at step 20200: 0.006281
2025-12-07 12:20:02 INFO     Training average loss at step 20200: 2.273692
2025-12-07 12:20:58 INFO     Training average positive_fact_loss at step 20300: 0.299226
2025-12-07 12:20:58 INFO     Training average negative_fact_loss at step 20300: 0.277256
2025-12-07 12:20:58 INFO     Training average positive_rule_loss at step 20300: 1.710569
2025-12-07 12:20:58 INFO     Training average negative_rule_loss at step 20300: 2.132862
2025-12-07 12:20:58 INFO     Training average L_uncertainty at step 20300: 58.955051
2025-12-07 12:20:58 INFO     Training average L_kl at step 20300: 58370.566445
2025-12-07 12:20:58 INFO     Training average L_sigma at step 20300: 584.481696
2025-12-07 12:20:58 INFO     Training average mu_mean at step 20300: -2.486924
2025-12-07 12:20:58 INFO     Training average sigma_mean at step 20300: 0.142114
2025-12-07 12:20:58 INFO     Training average regularization at step 20300: 0.006281
2025-12-07 12:20:58 INFO     Training average loss at step 20300: 2.275192
2025-12-07 12:21:59 INFO     Training average positive_fact_loss at step 20400: 0.299023
2025-12-07 12:21:59 INFO     Training average negative_fact_loss at step 20400: 0.277402
2025-12-07 12:21:59 INFO     Training average positive_rule_loss at step 20400: 1.712692
2025-12-07 12:21:59 INFO     Training average negative_rule_loss at step 20400: 2.124306
2025-12-07 12:21:59 INFO     Training average L_uncertainty at step 20400: 59.002677
2025-12-07 12:21:59 INFO     Training average L_kl at step 20400: 58426.129531
2025-12-07 12:21:59 INFO     Training average L_sigma at step 20400: 576.545303
2025-12-07 12:21:59 INFO     Training average mu_mean at step 20400: -2.488602
2025-12-07 12:21:59 INFO     Training average sigma_mean at step 20400: 0.141982
2025-12-07 12:21:59 INFO     Training average regularization at step 20400: 0.006281
2025-12-07 12:21:59 INFO     Training average loss at step 20400: 2.271995
2025-12-07 12:22:55 INFO     Training average positive_fact_loss at step 20500: 0.299122
2025-12-07 12:22:55 INFO     Training average negative_fact_loss at step 20500: 0.277395
2025-12-07 12:22:55 INFO     Training average positive_rule_loss at step 20500: 1.709926
2025-12-07 12:22:55 INFO     Training average negative_rule_loss at step 20500: 2.128800
2025-12-07 12:22:55 INFO     Training average L_uncertainty at step 20500: 59.030927
2025-12-07 12:22:55 INFO     Training average L_kl at step 20500: 58447.231367
2025-12-07 12:22:55 INFO     Training average L_sigma at step 20500: 583.692982
2025-12-07 12:22:55 INFO     Training average mu_mean at step 20500: -2.490361
2025-12-07 12:22:55 INFO     Training average sigma_mean at step 20500: 0.142089
2025-12-07 12:22:55 INFO     Training average regularization at step 20500: 0.006280
2025-12-07 12:22:55 INFO     Training average loss at step 20500: 2.272931
2025-12-07 12:23:56 INFO     Training average positive_fact_loss at step 20600: 0.299810
2025-12-07 12:23:56 INFO     Training average negative_fact_loss at step 20600: 0.277185
2025-12-07 12:23:56 INFO     Training average positive_rule_loss at step 20600: 1.708538
2025-12-07 12:23:56 INFO     Training average negative_rule_loss at step 20600: 2.131734
2025-12-07 12:23:56 INFO     Training average L_uncertainty at step 20600: 58.974244
2025-12-07 12:23:56 INFO     Training average L_kl at step 20600: 58389.670039
2025-12-07 12:23:56 INFO     Training average L_sigma at step 20600: 584.571192
2025-12-07 12:23:56 INFO     Training average mu_mean at step 20600: -2.486229
2025-12-07 12:23:56 INFO     Training average sigma_mean at step 20600: 0.142110
2025-12-07 12:23:56 INFO     Training average regularization at step 20600: 0.006278
2025-12-07 12:23:56 INFO     Training average loss at step 20600: 2.273885
2025-12-07 12:24:53 INFO     Training average positive_fact_loss at step 20700: 0.299231
2025-12-07 12:24:53 INFO     Training average negative_fact_loss at step 20700: 0.277255
2025-12-07 12:24:53 INFO     Training average positive_rule_loss at step 20700: 1.709609
2025-12-07 12:24:53 INFO     Training average negative_rule_loss at step 20700: 2.128315
2025-12-07 12:24:53 INFO     Training average L_uncertainty at step 20700: 58.989701
2025-12-07 12:24:53 INFO     Training average L_kl at step 20700: 58404.837852
2025-12-07 12:24:53 INFO     Training average L_sigma at step 20700: 584.860479
2025-12-07 12:24:53 INFO     Training average mu_mean at step 20700: -2.484957
2025-12-07 12:24:53 INFO     Training average sigma_mean at step 20700: 0.142116
2025-12-07 12:24:53 INFO     Training average regularization at step 20700: 0.006277
2025-12-07 12:24:53 INFO     Training average loss at step 20700: 2.272471
2025-12-07 12:25:49 INFO     Training average positive_fact_loss at step 20800: 0.299350
2025-12-07 12:25:49 INFO     Training average negative_fact_loss at step 20800: 0.277354
2025-12-07 12:25:49 INFO     Training average positive_rule_loss at step 20800: 1.710540
2025-12-07 12:25:49 INFO     Training average negative_rule_loss at step 20800: 2.129886
2025-12-07 12:25:49 INFO     Training average L_uncertainty at step 20800: 58.956031
2025-12-07 12:25:49 INFO     Training average L_kl at step 20800: 58375.711484
2025-12-07 12:25:49 INFO     Training average L_sigma at step 20800: 580.316906
2025-12-07 12:25:49 INFO     Training average mu_mean at step 20800: -2.484601
2025-12-07 12:25:49 INFO     Training average sigma_mean at step 20800: 0.142052
2025-12-07 12:25:49 INFO     Training average regularization at step 20800: 0.006275
2025-12-07 12:25:49 INFO     Training average loss at step 20800: 2.273796
2025-12-07 12:26:40 INFO     Training average positive_fact_loss at step 20900: 0.299015
2025-12-07 12:26:40 INFO     Training average negative_fact_loss at step 20900: 0.277153
2025-12-07 12:26:40 INFO     Training average positive_rule_loss at step 20900: 1.710120
2025-12-07 12:26:40 INFO     Training average negative_rule_loss at step 20900: 2.128703
2025-12-07 12:26:40 INFO     Training average L_uncertainty at step 20900: 59.026352
2025-12-07 12:26:40 INFO     Training average L_kl at step 20900: 58444.312969
2025-12-07 12:26:40 INFO     Training average L_sigma at step 20900: 582.036344
2025-12-07 12:26:40 INFO     Training average mu_mean at step 20900: -2.487670
2025-12-07 12:26:40 INFO     Training average sigma_mean at step 20900: 0.142073
2025-12-07 12:26:40 INFO     Training average regularization at step 20900: 0.006276
2025-12-07 12:26:40 INFO     Training average loss at step 20900: 2.272798
2025-12-07 12:27:41 INFO     Training average positive_fact_loss at step 21000: 0.299139
2025-12-07 12:27:41 INFO     Training average negative_fact_loss at step 21000: 0.277244
2025-12-07 12:27:41 INFO     Training average positive_rule_loss at step 21000: 1.708931
2025-12-07 12:27:41 INFO     Training average negative_rule_loss at step 21000: 2.130925
2025-12-07 12:27:41 INFO     Training average L_uncertainty at step 21000: 58.994888
2025-12-07 12:27:41 INFO     Training average L_kl at step 21000: 58410.637109
2025-12-07 12:27:41 INFO     Training average L_sigma at step 21000: 584.247685
2025-12-07 12:27:41 INFO     Training average mu_mean at step 21000: -2.485196
2025-12-07 12:27:41 INFO     Training average sigma_mean at step 21000: 0.142109
2025-12-07 12:27:41 INFO     Training average regularization at step 21000: 0.006275
2025-12-07 12:27:41 INFO     Training average loss at step 21000: 2.273390
2025-12-07 12:27:41 INFO     Evaluating on Valid Dataset...
2025-12-07 12:27:41 INFO     >>>>> RuleE emb: Evaluating on valid
2025-12-07 12:27:51 INFO     Data : 4274
2025-12-07 12:27:51 INFO     Hit1 : 0.548900
2025-12-07 12:27:51 INFO     Hit3 : 0.779130
2025-12-07 12:27:51 INFO     Hit10: 0.940805
2025-12-07 12:27:51 INFO     MR   : 3.379270
2025-12-07 12:27:51 INFO     MRR  : 0.683593
2025-12-07 12:28:47 INFO     Training average positive_fact_loss at step 21100: 0.299311
2025-12-07 12:28:47 INFO     Training average negative_fact_loss at step 21100: 0.277346
2025-12-07 12:28:47 INFO     Training average positive_rule_loss at step 21100: 1.709971
2025-12-07 12:28:47 INFO     Training average negative_rule_loss at step 21100: 2.128586
2025-12-07 12:28:47 INFO     Training average L_uncertainty at step 21100: 58.954947
2025-12-07 12:28:47 INFO     Training average L_kl at step 21100: 58376.156563
2025-12-07 12:28:47 INFO     Training average L_sigma at step 21100: 578.788314
2025-12-07 12:28:47 INFO     Training average mu_mean at step 21100: -2.482164
2025-12-07 12:28:47 INFO     Training average sigma_mean at step 21100: 0.142028
2025-12-07 12:28:47 INFO     Training average regularization at step 21100: 0.006277
2025-12-07 12:28:47 INFO     Training average loss at step 21100: 2.272838
2025-12-07 12:29:48 INFO     Training average positive_fact_loss at step 21200: 0.298419
2025-12-07 12:29:48 INFO     Training average negative_fact_loss at step 21200: 0.277105
2025-12-07 12:29:48 INFO     Training average positive_rule_loss at step 21200: 1.714593
2025-12-07 12:29:48 INFO     Training average negative_rule_loss at step 21200: 2.124060
2025-12-07 12:29:48 INFO     Training average L_uncertainty at step 21200: 59.044979
2025-12-07 12:29:48 INFO     Training average L_kl at step 21200: 58461.334570
2025-12-07 12:29:48 INFO     Training average L_sigma at step 21200: 583.641525
2025-12-07 12:29:48 INFO     Training average mu_mean at step 21200: -2.488272
2025-12-07 12:29:48 INFO     Training average sigma_mean at step 21200: 0.142093
2025-12-07 12:29:48 INFO     Training average regularization at step 21200: 0.006278
2025-12-07 12:29:48 INFO     Training average loss at step 21200: 2.272411
2025-12-07 12:30:45 INFO     Training average positive_fact_loss at step 21300: 0.299425
2025-12-07 12:30:45 INFO     Training average negative_fact_loss at step 21300: 0.276933
2025-12-07 12:30:45 INFO     Training average positive_rule_loss at step 21300: 1.709062
2025-12-07 12:30:45 INFO     Training average negative_rule_loss at step 21300: 2.131648
2025-12-07 12:30:45 INFO     Training average L_uncertainty at step 21300: 58.933264
2025-12-07 12:30:45 INFO     Training average L_kl at step 21300: 58346.745117
2025-12-07 12:30:45 INFO     Training average L_sigma at step 21300: 586.516266
2025-12-07 12:30:45 INFO     Training average mu_mean at step 21300: -2.484384
2025-12-07 12:30:45 INFO     Training average sigma_mean at step 21300: 0.142131
2025-12-07 12:30:45 INFO     Training average regularization at step 21300: 0.006279
2025-12-07 12:30:45 INFO     Training average loss at step 21300: 2.273746
2025-12-07 12:31:45 INFO     Training average positive_fact_loss at step 21400: 0.299536
2025-12-07 12:31:45 INFO     Training average negative_fact_loss at step 21400: 0.277186
2025-12-07 12:31:45 INFO     Training average positive_rule_loss at step 21400: 1.708764
2025-12-07 12:31:45 INFO     Training average negative_rule_loss at step 21400: 2.126785
2025-12-07 12:31:45 INFO     Training average L_uncertainty at step 21400: 58.968580
2025-12-07 12:31:45 INFO     Training average L_kl at step 21400: 58387.073008
2025-12-07 12:31:45 INFO     Training average L_sigma at step 21400: 581.504238
2025-12-07 12:31:45 INFO     Training average mu_mean at step 21400: -2.483698
2025-12-07 12:31:45 INFO     Training average sigma_mean at step 21400: 0.142062
2025-12-07 12:31:45 INFO     Training average regularization at step 21400: 0.006277
2025-12-07 12:31:45 INFO     Training average loss at step 21400: 2.271380
2025-12-07 12:32:32 INFO     Training average positive_fact_loss at step 21500: 0.299104
2025-12-07 12:32:32 INFO     Training average negative_fact_loss at step 21500: 0.277004
2025-12-07 12:32:32 INFO     Training average positive_rule_loss at step 21500: 1.709805
2025-12-07 12:32:32 INFO     Training average negative_rule_loss at step 21500: 2.128399
2025-12-07 12:32:32 INFO     Training average L_uncertainty at step 21500: 59.045036
2025-12-07 12:32:32 INFO     Training average L_kl at step 21500: 58462.188945
2025-12-07 12:32:32 INFO     Training average L_sigma at step 21500: 582.843958
2025-12-07 12:32:32 INFO     Training average mu_mean at step 21500: -2.486039
2025-12-07 12:32:32 INFO     Training average sigma_mean at step 21500: 0.142082
2025-12-07 12:32:32 INFO     Training average regularization at step 21500: 0.006278
2025-12-07 12:32:32 INFO     Training average loss at step 21500: 2.272479
2025-12-07 12:33:33 INFO     Training average positive_fact_loss at step 21600: 0.298899
2025-12-07 12:33:33 INFO     Training average negative_fact_loss at step 21600: 0.277464
2025-12-07 12:33:33 INFO     Training average positive_rule_loss at step 21600: 1.708997
2025-12-07 12:33:33 INFO     Training average negative_rule_loss at step 21600: 2.128675
2025-12-07 12:33:33 INFO     Training average L_uncertainty at step 21600: 59.007039
2025-12-07 12:33:33 INFO     Training average L_kl at step 21600: 58423.808633
2025-12-07 12:33:33 INFO     Training average L_sigma at step 21600: 583.227012
2025-12-07 12:33:33 INFO     Training average mu_mean at step 21600: -2.482641
2025-12-07 12:33:33 INFO     Training average sigma_mean at step 21600: 0.142088
2025-12-07 12:33:33 INFO     Training average regularization at step 21600: 0.006279
2025-12-07 12:33:33 INFO     Training average loss at step 21600: 2.272303
2025-12-07 12:34:28 INFO     Training average positive_fact_loss at step 21700: 0.299390
2025-12-07 12:34:28 INFO     Training average negative_fact_loss at step 21700: 0.277171
2025-12-07 12:34:28 INFO     Training average positive_rule_loss at step 21700: 1.714484
2025-12-07 12:34:28 INFO     Training average negative_rule_loss at step 21700: 2.120266
2025-12-07 12:34:28 INFO     Training average L_uncertainty at step 21700: 59.165827
2025-12-07 12:34:28 INFO     Training average L_kl at step 21700: 58581.993359
2025-12-07 12:34:28 INFO     Training average L_sigma at step 21700: 583.830461
2025-12-07 12:34:28 INFO     Training average mu_mean at step 21700: -2.491334
2025-12-07 12:34:28 INFO     Training average sigma_mean at step 21700: 0.142095
2025-12-07 12:34:28 INFO     Training average regularization at step 21700: 0.006278
2025-12-07 12:34:28 INFO     Training average loss at step 21700: 2.271099
2025-12-07 12:35:29 INFO     Training average positive_fact_loss at step 21800: 0.299120
2025-12-07 12:35:29 INFO     Training average negative_fact_loss at step 21800: 0.277158
2025-12-07 12:35:29 INFO     Training average positive_rule_loss at step 21800: 1.710586
2025-12-07 12:35:29 INFO     Training average negative_rule_loss at step 21800: 2.123395
2025-12-07 12:35:29 INFO     Training average L_uncertainty at step 21800: 59.051895
2025-12-07 12:35:29 INFO     Training average L_kl at step 21800: 58468.334297
2025-12-07 12:35:29 INFO     Training average L_sigma at step 21800: 583.558392
2025-12-07 12:35:29 INFO     Training average mu_mean at step 21800: -2.486981
2025-12-07 12:35:29 INFO     Training average sigma_mean at step 21800: 0.142090
2025-12-07 12:35:29 INFO     Training average regularization at step 21800: 0.006277
2025-12-07 12:35:29 INFO     Training average loss at step 21800: 2.270459
2025-12-07 12:36:25 INFO     Training average positive_fact_loss at step 21900: 0.298691
2025-12-07 12:36:25 INFO     Training average negative_fact_loss at step 21900: 0.277190
2025-12-07 12:36:25 INFO     Training average positive_rule_loss at step 21900: 1.710172
2025-12-07 12:36:25 INFO     Training average negative_rule_loss at step 21900: 2.125119
2025-12-07 12:36:25 INFO     Training average L_uncertainty at step 21900: 59.116697
2025-12-07 12:36:25 INFO     Training average L_kl at step 21900: 58533.697813
2025-12-07 12:36:25 INFO     Training average L_sigma at step 21900: 582.996036
2025-12-07 12:36:25 INFO     Training average mu_mean at step 21900: -2.488875
2025-12-07 12:36:25 INFO     Training average sigma_mean at step 21900: 0.142081
2025-12-07 12:36:25 INFO     Training average regularization at step 21900: 0.006279
2025-12-07 12:36:25 INFO     Training average loss at step 21900: 2.270982
2025-12-07 12:37:26 INFO     Training average positive_fact_loss at step 22000: 0.299573
2025-12-07 12:37:26 INFO     Training average negative_fact_loss at step 22000: 0.277431
2025-12-07 12:37:26 INFO     Training average positive_rule_loss at step 22000: 1.712110
2025-12-07 12:37:26 INFO     Training average negative_rule_loss at step 22000: 2.124482
2025-12-07 12:37:26 INFO     Training average L_uncertainty at step 22000: 59.084678
2025-12-07 12:37:26 INFO     Training average L_kl at step 22000: 58501.522930
2025-12-07 12:37:26 INFO     Training average L_sigma at step 22000: 583.151994
2025-12-07 12:37:26 INFO     Training average mu_mean at step 22000: -2.486700
2025-12-07 12:37:26 INFO     Training average sigma_mean at step 22000: 0.142081
2025-12-07 12:37:26 INFO     Training average regularization at step 22000: 0.006280
2025-12-07 12:37:26 INFO     Training average loss at step 22000: 2.272162
2025-12-07 12:37:26 INFO     Evaluating on Valid Dataset...
2025-12-07 12:37:26 INFO     >>>>> RuleE emb: Evaluating on valid
2025-12-07 12:37:36 INFO     Data : 4274
2025-12-07 12:37:36 INFO     Hit1 : 0.548432
2025-12-07 12:37:36 INFO     Hit3 : 0.781235
2025-12-07 12:37:36 INFO     Hit10: 0.942209
2025-12-07 12:37:36 INFO     MR   : 3.371315
2025-12-07 12:37:36 INFO     MRR  : 0.683724
2025-12-07 12:38:28 INFO     Training average positive_fact_loss at step 22100: 0.299521
2025-12-07 12:38:28 INFO     Training average negative_fact_loss at step 22100: 0.277080
2025-12-07 12:38:28 INFO     Training average positive_rule_loss at step 22100: 1.709603
2025-12-07 12:38:28 INFO     Training average negative_rule_loss at step 22100: 2.125855
2025-12-07 12:38:28 INFO     Training average L_uncertainty at step 22100: 59.013478
2025-12-07 12:38:28 INFO     Training average L_kl at step 22100: 58428.669180
2025-12-07 12:38:28 INFO     Training average L_sigma at step 22100: 584.805587
2025-12-07 12:38:28 INFO     Training average mu_mean at step 22100: -2.484346
2025-12-07 12:38:28 INFO     Training average sigma_mean at step 22100: 0.142108
2025-12-07 12:38:28 INFO     Training average regularization at step 22100: 0.006278
2025-12-07 12:38:28 INFO     Training average loss at step 22100: 2.271321
2025-12-07 12:39:24 INFO     Training average positive_fact_loss at step 22200: 0.299184
2025-12-07 12:39:24 INFO     Training average negative_fact_loss at step 22200: 0.276916
2025-12-07 12:39:24 INFO     Training average positive_rule_loss at step 22200: 1.709891
2025-12-07 12:39:24 INFO     Training average negative_rule_loss at step 22200: 2.127162
2025-12-07 12:39:24 INFO     Training average L_uncertainty at step 22200: 59.034280
2025-12-07 12:39:24 INFO     Training average L_kl at step 22200: 58449.030312
2025-12-07 12:39:24 INFO     Training average L_sigma at step 22200: 585.246555
2025-12-07 12:39:24 INFO     Training average mu_mean at step 22200: -2.483862
2025-12-07 12:39:24 INFO     Training average sigma_mean at step 22200: 0.142115
2025-12-07 12:39:24 INFO     Training average regularization at step 22200: 0.006277
2025-12-07 12:39:24 INFO     Training average loss at step 22200: 2.271889
2025-12-07 12:40:20 INFO     Training average positive_fact_loss at step 22300: 0.298993
2025-12-07 12:40:20 INFO     Training average negative_fact_loss at step 22300: 0.277272
2025-12-07 12:40:20 INFO     Training average positive_rule_loss at step 22300: 1.709426
2025-12-07 12:40:20 INFO     Training average negative_rule_loss at step 22300: 2.126186
2025-12-07 12:40:20 INFO     Training average L_uncertainty at step 22300: 58.957979
2025-12-07 12:40:20 INFO     Training average L_kl at step 22300: 58375.090273
2025-12-07 12:40:20 INFO     Training average L_sigma at step 22300: 582.885553
2025-12-07 12:40:20 INFO     Training average mu_mean at step 22300: -2.479720
2025-12-07 12:40:20 INFO     Training average sigma_mean at step 22300: 0.142079
2025-12-07 12:40:20 INFO     Training average regularization at step 22300: 0.006280
2025-12-07 12:40:20 INFO     Training average loss at step 22300: 2.271176
2025-12-07 12:41:21 INFO     Training average positive_fact_loss at step 22400: 0.299199
2025-12-07 12:41:21 INFO     Training average negative_fact_loss at step 22400: 0.277074
2025-12-07 12:41:21 INFO     Training average positive_rule_loss at step 22400: 1.708783
2025-12-07 12:41:21 INFO     Training average negative_rule_loss at step 22400: 2.131451
2025-12-07 12:41:21 INFO     Training average L_uncertainty at step 22400: 58.858427
2025-12-07 12:41:21 INFO     Training average L_kl at step 22400: 58273.315039
2025-12-07 12:41:21 INFO     Training average L_sigma at step 22400: 585.109620
2025-12-07 12:41:21 INFO     Training average mu_mean at step 22400: -2.475272
2025-12-07 12:41:21 INFO     Training average sigma_mean at step 22400: 0.142112
2025-12-07 12:41:21 INFO     Training average regularization at step 22400: 0.006280
2025-12-07 12:41:21 INFO     Training average loss at step 22400: 2.273392
2025-12-07 12:42:17 INFO     Training average positive_fact_loss at step 22500: 0.299132
2025-12-07 12:42:17 INFO     Training average negative_fact_loss at step 22500: 0.277221
2025-12-07 12:42:17 INFO     Training average positive_rule_loss at step 22500: 1.711167
2025-12-07 12:42:17 INFO     Training average negative_rule_loss at step 22500: 2.125577
2025-12-07 12:42:17 INFO     Training average L_uncertainty at step 22500: 58.992578
2025-12-07 12:42:17 INFO     Training average L_kl at step 22500: 58407.131289
2025-12-07 12:42:17 INFO     Training average L_sigma at step 22500: 585.444441
2025-12-07 12:42:17 INFO     Training average mu_mean at step 22500: -2.480307
2025-12-07 12:42:17 INFO     Training average sigma_mean at step 22500: 0.142116
2025-12-07 12:42:17 INFO     Training average regularization at step 22500: 0.006279
2025-12-07 12:42:17 INFO     Training average loss at step 22500: 2.271820
2025-12-07 12:43:17 INFO     Training average positive_fact_loss at step 22600: 0.299480
2025-12-07 12:43:17 INFO     Training average negative_fact_loss at step 22600: 0.277128
2025-12-07 12:43:17 INFO     Training average positive_rule_loss at step 22600: 1.709454
2025-12-07 12:43:17 INFO     Training average negative_rule_loss at step 22600: 2.124375
2025-12-07 12:43:17 INFO     Training average L_uncertainty at step 22600: 59.056311
2025-12-07 12:43:17 INFO     Training average L_kl at step 22600: 58473.571055
2025-12-07 12:43:17 INFO     Training average L_sigma at step 22600: 582.737216
2025-12-07 12:43:17 INFO     Training average mu_mean at step 22600: -2.482623
2025-12-07 12:43:17 INFO     Training average sigma_mean at step 22600: 0.142077
2025-12-07 12:43:17 INFO     Training average regularization at step 22600: 0.006277
2025-12-07 12:43:17 INFO     Training average loss at step 22600: 2.270552
2025-12-07 12:44:13 INFO     Training average positive_fact_loss at step 22700: 0.299221
2025-12-07 12:44:13 INFO     Training average negative_fact_loss at step 22700: 0.277130
2025-12-07 12:44:13 INFO     Training average positive_rule_loss at step 22700: 1.710310
2025-12-07 12:44:13 INFO     Training average negative_rule_loss at step 22700: 2.121869
2025-12-07 12:44:13 INFO     Training average L_uncertainty at step 22700: 59.109586
2025-12-07 12:44:13 INFO     Training average L_kl at step 22700: 58527.592930
2025-12-07 12:44:13 INFO     Training average L_sigma at step 22700: 581.990111
2025-12-07 12:44:13 INFO     Training average mu_mean at step 22700: -2.484049
2025-12-07 12:44:13 INFO     Training average sigma_mean at step 22700: 0.142067
2025-12-07 12:44:13 INFO     Training average regularization at step 22700: 0.006278
2025-12-07 12:44:13 INFO     Training average loss at step 22700: 2.269652
2025-12-07 12:45:05 INFO     Training average positive_fact_loss at step 22800: 0.299134
2025-12-07 12:45:05 INFO     Training average negative_fact_loss at step 22800: 0.277191
2025-12-07 12:45:05 INFO     Training average positive_rule_loss at step 22800: 1.709702
2025-12-07 12:45:05 INFO     Training average negative_rule_loss at step 22800: 2.126621
2025-12-07 12:45:05 INFO     Training average L_uncertainty at step 22800: 59.030079
2025-12-07 12:45:05 INFO     Training average L_kl at step 22800: 58447.076797
2025-12-07 12:45:05 INFO     Training average L_sigma at step 22800: 582.999418
2025-12-07 12:45:05 INFO     Training average mu_mean at step 22800: -2.480248
2025-12-07 12:45:05 INFO     Training average sigma_mean at step 22800: 0.142082
2025-12-07 12:45:05 INFO     Training average regularization at step 22800: 0.006279
2025-12-07 12:45:05 INFO     Training average loss at step 22800: 2.271633
2025-12-07 12:46:01 INFO     Training average positive_fact_loss at step 22900: 0.298871
2025-12-07 12:46:01 INFO     Training average negative_fact_loss at step 22900: 0.277029
2025-12-07 12:46:01 INFO     Training average positive_rule_loss at step 22900: 1.710346
2025-12-07 12:46:01 INFO     Training average negative_rule_loss at step 22900: 2.123956
2025-12-07 12:46:01 INFO     Training average L_uncertainty at step 22900: 59.032700
2025-12-07 12:46:01 INFO     Training average L_kl at step 22900: 58451.738945
2025-12-07 12:46:01 INFO     Training average L_sigma at step 22900: 580.957713
2025-12-07 12:46:01 INFO     Training average mu_mean at step 22900: -2.480564
2025-12-07 12:46:01 INFO     Training average sigma_mean at step 22900: 0.142051
2025-12-07 12:46:01 INFO     Training average regularization at step 22900: 0.006279
2025-12-07 12:46:01 INFO     Training average loss at step 22900: 2.270413
2025-12-07 12:47:02 INFO     Training average positive_fact_loss at step 23000: 0.299551
2025-12-07 12:47:02 INFO     Training average negative_fact_loss at step 23000: 0.277002
2025-12-07 12:47:02 INFO     Training average positive_rule_loss at step 23000: 1.710124
2025-12-07 12:47:02 INFO     Training average negative_rule_loss at step 23000: 2.129182
2025-12-07 12:47:02 INFO     Training average L_uncertainty at step 23000: 58.864488
2025-12-07 12:47:02 INFO     Training average L_kl at step 23000: 58278.119492
2025-12-07 12:47:02 INFO     Training average L_sigma at step 23000: 586.365675
2025-12-07 12:47:02 INFO     Training average mu_mean at step 23000: -2.473983
2025-12-07 12:47:02 INFO     Training average sigma_mean at step 23000: 0.142128
2025-12-07 12:47:02 INFO     Training average regularization at step 23000: 0.006277
2025-12-07 12:47:02 INFO     Training average loss at step 23000: 2.273071
2025-12-07 12:47:02 INFO     Evaluating on Valid Dataset...
2025-12-07 12:47:02 INFO     >>>>> RuleE emb: Evaluating on valid
2025-12-07 12:47:12 INFO     Data : 4274
2025-12-07 12:47:12 INFO     Hit1 : 0.547964
2025-12-07 12:47:12 INFO     Hit3 : 0.780533
2025-12-07 12:47:12 INFO     Hit10: 0.941273
2025-12-07 12:47:12 INFO     MR   : 3.373889
2025-12-07 12:47:12 INFO     MRR  : 0.683158
2025-12-07 12:48:08 INFO     Training average positive_fact_loss at step 23100: 0.298321
2025-12-07 12:48:08 INFO     Training average negative_fact_loss at step 23100: 0.277172
2025-12-07 12:48:08 INFO     Training average positive_rule_loss at step 23100: 1.710085
2025-12-07 12:48:08 INFO     Training average negative_rule_loss at step 23100: 2.124664
2025-12-07 12:48:08 INFO     Training average L_uncertainty at step 23100: 59.031368
2025-12-07 12:48:08 INFO     Training average L_kl at step 23100: 58447.005078
2025-12-07 12:48:08 INFO     Training average L_sigma at step 23100: 584.359973
2025-12-07 12:48:08 INFO     Training average mu_mean at step 23100: -2.480604
2025-12-07 12:48:08 INFO     Training average sigma_mean at step 23100: 0.142102
2025-12-07 12:48:08 INFO     Training average regularization at step 23100: 0.006277
2025-12-07 12:48:08 INFO     Training average loss at step 23100: 2.270430
2025-12-07 12:49:09 INFO     Training average positive_fact_loss at step 23200: 0.299956
2025-12-07 12:49:09 INFO     Training average negative_fact_loss at step 23200: 0.276861
2025-12-07 12:49:09 INFO     Training average positive_rule_loss at step 23200: 1.709379
2025-12-07 12:49:09 INFO     Training average negative_rule_loss at step 23200: 2.126954
2025-12-07 12:49:09 INFO     Training average L_uncertainty at step 23200: 58.986461
2025-12-07 12:49:09 INFO     Training average L_kl at step 23200: 58402.310547
2025-12-07 12:49:09 INFO     Training average L_sigma at step 23200: 584.148013
2025-12-07 12:49:09 INFO     Training average mu_mean at step 23200: -2.477298
2025-12-07 12:49:09 INFO     Training average sigma_mean at step 23200: 0.142095
2025-12-07 12:49:09 INFO     Training average regularization at step 23200: 0.006281
2025-12-07 12:49:09 INFO     Training average loss at step 23200: 2.271843
2025-12-07 12:50:05 INFO     Training average positive_fact_loss at step 23300: 0.298568
2025-12-07 12:50:05 INFO     Training average negative_fact_loss at step 23300: 0.277108
2025-12-07 12:50:05 INFO     Training average positive_rule_loss at step 23300: 1.712135
2025-12-07 12:50:05 INFO     Training average negative_rule_loss at step 23300: 2.122047
2025-12-07 12:50:05 INFO     Training average L_uncertainty at step 23300: 59.095242
2025-12-07 12:50:05 INFO     Training average L_kl at step 23300: 58513.337813
2025-12-07 12:50:05 INFO     Training average L_sigma at step 23300: 581.901201
2025-12-07 12:50:05 INFO     Training average mu_mean at step 23300: -2.481413
2025-12-07 12:50:05 INFO     Training average sigma_mean at step 23300: 0.142059
2025-12-07 12:50:05 INFO     Training average regularization at step 23300: 0.006280
2025-12-07 12:50:05 INFO     Training average loss at step 23300: 2.270304
2025-12-07 12:51:01 INFO     Training average positive_fact_loss at step 23400: 0.299004
2025-12-07 12:51:01 INFO     Training average negative_fact_loss at step 23400: 0.276760
2025-12-07 12:51:01 INFO     Training average positive_rule_loss at step 23400: 1.711112
2025-12-07 12:51:01 INFO     Training average negative_rule_loss at step 23400: 2.120327
2025-12-07 12:51:01 INFO     Training average L_uncertainty at step 23400: 59.067371
2025-12-07 12:51:01 INFO     Training average L_kl at step 23400: 58479.100234
2025-12-07 12:51:01 INFO     Training average L_sigma at step 23400: 588.268166
2025-12-07 12:51:01 INFO     Training average mu_mean at step 23400: -2.482514
2025-12-07 12:51:01 INFO     Training average sigma_mean at step 23400: 0.142148
2025-12-07 12:51:01 INFO     Training average regularization at step 23400: 0.006280
2025-12-07 12:51:01 INFO     Training average loss at step 23400: 2.268949
2025-12-07 12:51:53 INFO     Training average positive_fact_loss at step 23500: 0.298995
2025-12-07 12:51:53 INFO     Training average negative_fact_loss at step 23500: 0.277095
2025-12-07 12:51:53 INFO     Training average positive_rule_loss at step 23500: 1.710531
2025-12-07 12:51:53 INFO     Training average negative_rule_loss at step 23500: 2.126402
2025-12-07 12:51:53 INFO     Training average L_uncertainty at step 23500: 58.995638
2025-12-07 12:51:53 INFO     Training average L_kl at step 23500: 58409.212813
2025-12-07 12:51:53 INFO     Training average L_sigma at step 23500: 586.422891
2025-12-07 12:51:53 INFO     Training average mu_mean at step 23500: -2.479125
2025-12-07 12:51:53 INFO     Training average sigma_mean at step 23500: 0.142125
2025-12-07 12:51:53 INFO     Training average regularization at step 23500: 0.006283
2025-12-07 12:51:53 INFO     Training average loss at step 23500: 2.271790
2025-12-07 12:52:53 INFO     Training average positive_fact_loss at step 23600: 0.298697
2025-12-07 12:52:53 INFO     Training average negative_fact_loss at step 23600: 0.276808
2025-12-07 12:52:53 INFO     Training average positive_rule_loss at step 23600: 1.709049
2025-12-07 12:52:53 INFO     Training average negative_rule_loss at step 23600: 2.124431
2025-12-07 12:52:53 INFO     Training average L_uncertainty at step 23600: 59.054717
2025-12-07 12:52:53 INFO     Training average L_kl at step 23600: 58471.655312
2025-12-07 12:52:53 INFO     Training average L_sigma at step 23600: 583.058528
2025-12-07 12:52:53 INFO     Training average mu_mean at step 23600: -2.479143
2025-12-07 12:52:53 INFO     Training average sigma_mean at step 23600: 0.142077
2025-12-07 12:52:53 INFO     Training average regularization at step 23600: 0.006284
2025-12-07 12:52:53 INFO     Training average loss at step 23600: 2.269831
2025-12-07 12:53:50 INFO     Training average positive_fact_loss at step 23700: 0.299297
2025-12-07 12:53:50 INFO     Training average negative_fact_loss at step 23700: 0.277507
2025-12-07 12:53:50 INFO     Training average positive_rule_loss at step 23700: 1.707697
2025-12-07 12:53:50 INFO     Training average negative_rule_loss at step 23700: 2.130753
2025-12-07 12:53:50 INFO     Training average L_uncertainty at step 23700: 58.871606
2025-12-07 12:53:50 INFO     Training average L_kl at step 23700: 58285.617656
2025-12-07 12:53:50 INFO     Training average L_sigma at step 23700: 585.985888
2025-12-07 12:53:50 INFO     Training average mu_mean at step 23700: -2.471286
2025-12-07 12:53:50 INFO     Training average sigma_mean at step 23700: 0.142121
2025-12-07 12:53:50 INFO     Training average regularization at step 23700: 0.006283
2025-12-07 12:53:50 INFO     Training average loss at step 23700: 2.272781
2025-12-07 12:54:51 INFO     Training average positive_fact_loss at step 23800: 0.299338
2025-12-07 12:54:51 INFO     Training average negative_fact_loss at step 23800: 0.276949
2025-12-07 12:54:51 INFO     Training average positive_rule_loss at step 23800: 1.712685
2025-12-07 12:54:51 INFO     Training average negative_rule_loss at step 23800: 2.119714
2025-12-07 12:54:51 INFO     Training average L_uncertainty at step 23800: 59.125995
2025-12-07 12:54:51 INFO     Training average L_kl at step 23800: 58543.728008
2025-12-07 12:54:51 INFO     Training average L_sigma at step 23800: 582.264468
2025-12-07 12:54:51 INFO     Training average mu_mean at step 23800: -2.480958
2025-12-07 12:54:51 INFO     Training average sigma_mean at step 23800: 0.142063
2025-12-07 12:54:51 INFO     Training average regularization at step 23800: 0.006284
2025-12-07 12:54:51 INFO     Training average loss at step 23800: 2.269753
2025-12-07 12:55:47 INFO     Training average positive_fact_loss at step 23900: 0.299010
2025-12-07 12:55:47 INFO     Training average negative_fact_loss at step 23900: 0.277048
2025-12-07 12:55:47 INFO     Training average positive_rule_loss at step 23900: 1.709210
2025-12-07 12:55:47 INFO     Training average negative_rule_loss at step 23900: 2.122550
2025-12-07 12:55:47 INFO     Training average L_uncertainty at step 23900: 58.963338
2025-12-07 12:55:47 INFO     Training average L_kl at step 23900: 58380.820469
2025-12-07 12:55:47 INFO     Training average L_sigma at step 23900: 582.515034
2025-12-07 12:55:47 INFO     Training average mu_mean at step 23900: -2.476114
2025-12-07 12:55:47 INFO     Training average sigma_mean at step 23900: 0.142064
2025-12-07 12:55:47 INFO     Training average regularization at step 23900: 0.006283
2025-12-07 12:55:47 INFO     Training average loss at step 23900: 2.269155
2025-12-07 12:56:48 INFO     Training average positive_fact_loss at step 24000: 0.299301
2025-12-07 12:56:48 INFO     Training average negative_fact_loss at step 24000: 0.277033
2025-12-07 12:56:48 INFO     Training average positive_rule_loss at step 24000: 1.709559
2025-12-07 12:56:48 INFO     Training average negative_rule_loss at step 24000: 2.123804
2025-12-07 12:56:48 INFO     Training average L_uncertainty at step 24000: 59.110993
2025-12-07 12:56:48 INFO     Training average L_kl at step 24000: 58527.249531
2025-12-07 12:56:48 INFO     Training average L_sigma at step 24000: 583.740486
2025-12-07 12:56:48 INFO     Training average mu_mean at step 24000: -2.479862
2025-12-07 12:56:48 INFO     Training average sigma_mean at step 24000: 0.142085
2025-12-07 12:56:48 INFO     Training average regularization at step 24000: 0.006285
2025-12-07 12:56:48 INFO     Training average loss at step 24000: 2.270245
2025-12-07 12:56:48 INFO     Evaluating on Valid Dataset...
2025-12-07 12:56:48 INFO     >>>>> RuleE emb: Evaluating on valid
2025-12-07 12:56:58 INFO     Data : 4274
2025-12-07 12:56:58 INFO     Hit1 : 0.549836
2025-12-07 12:56:58 INFO     Hit3 : 0.781235
2025-12-07 12:56:58 INFO     Hit10: 0.941039
2025-12-07 12:56:58 INFO     MR   : 3.366401
2025-12-07 12:56:58 INFO     MRR  : 0.684195
2025-12-07 12:57:44 INFO     Training average positive_fact_loss at step 24100: 0.299257
2025-12-07 12:57:44 INFO     Training average negative_fact_loss at step 24100: 0.277128
2025-12-07 12:57:44 INFO     Training average positive_rule_loss at step 24100: 1.709278
2025-12-07 12:57:44 INFO     Training average negative_rule_loss at step 24100: 2.124011
2025-12-07 12:57:44 INFO     Training average L_uncertainty at step 24100: 59.025859
2025-12-07 12:57:44 INFO     Training average L_kl at step 24100: 58444.309805
2025-12-07 12:57:44 INFO     Training average L_sigma at step 24100: 581.546414
2025-12-07 12:57:44 INFO     Training average mu_mean at step 24100: -2.476594
2025-12-07 12:57:44 INFO     Training average sigma_mean at step 24100: 0.142056
2025-12-07 12:57:44 INFO     Training average regularization at step 24100: 0.006282
2025-12-07 12:57:44 INFO     Training average loss at step 24100: 2.270145
2025-12-07 12:58:45 INFO     Training average positive_fact_loss at step 24200: 0.299281
2025-12-07 12:58:45 INFO     Training average negative_fact_loss at step 24200: 0.277065
2025-12-07 12:58:45 INFO     Training average positive_rule_loss at step 24200: 1.709679
2025-12-07 12:58:45 INFO     Training average negative_rule_loss at step 24200: 2.125621
2025-12-07 12:58:45 INFO     Training average L_uncertainty at step 24200: 59.003446
2025-12-07 12:58:45 INFO     Training average L_kl at step 24200: 58419.924961
2025-12-07 12:58:45 INFO     Training average L_sigma at step 24200: 583.518470
2025-12-07 12:58:45 INFO     Training average mu_mean at step 24200: -2.475080
2025-12-07 12:58:45 INFO     Training average sigma_mean at step 24200: 0.142085
2025-12-07 12:58:45 INFO     Training average regularization at step 24200: 0.006282
2025-12-07 12:58:45 INFO     Training average loss at step 24200: 2.271109
2025-12-07 12:59:41 INFO     Training average positive_fact_loss at step 24300: 0.299100
2025-12-07 12:59:41 INFO     Training average negative_fact_loss at step 24300: 0.277050
2025-12-07 12:59:41 INFO     Training average positive_rule_loss at step 24300: 1.710406
2025-12-07 12:59:41 INFO     Training average negative_rule_loss at step 24300: 2.120829
2025-12-07 12:59:41 INFO     Training average L_uncertainty at step 24300: 59.040795
2025-12-07 12:59:41 INFO     Training average L_kl at step 24300: 58454.543203
2025-12-07 12:59:41 INFO     Training average L_sigma at step 24300: 586.248539
2025-12-07 12:59:41 INFO     Training average mu_mean at step 24300: -2.476324
2025-12-07 12:59:41 INFO     Training average sigma_mean at step 24300: 0.142121
2025-12-07 12:59:41 INFO     Training average regularization at step 24300: 0.006282
2025-12-07 12:59:41 INFO     Training average loss at step 24300: 2.269016
2025-12-07 13:00:42 INFO     Training average positive_fact_loss at step 24400: 0.298840
2025-12-07 13:00:42 INFO     Training average negative_fact_loss at step 24400: 0.276951
2025-12-07 13:00:42 INFO     Training average positive_rule_loss at step 24400: 1.709298
2025-12-07 13:00:42 INFO     Training average negative_rule_loss at step 24400: 2.128093
2025-12-07 13:00:42 INFO     Training average L_uncertainty at step 24400: 58.942423
2025-12-07 13:00:42 INFO     Training average L_kl at step 24400: 58357.427695
2025-12-07 13:00:42 INFO     Training average L_sigma at step 24400: 584.992474
2025-12-07 13:00:42 INFO     Training average mu_mean at step 24400: -2.472477
2025-12-07 13:00:42 INFO     Training average sigma_mean at step 24400: 0.142104
2025-12-07 13:00:42 INFO     Training average regularization at step 24400: 0.006285
2025-12-07 13:00:42 INFO     Training average loss at step 24400: 2.271818
2025-12-07 13:01:38 INFO     Training average positive_fact_loss at step 24500: 0.299292
2025-12-07 13:01:38 INFO     Training average negative_fact_loss at step 24500: 0.277103
2025-12-07 13:01:38 INFO     Training average positive_rule_loss at step 24500: 1.708860
2025-12-07 13:01:38 INFO     Training average negative_rule_loss at step 24500: 2.124929
2025-12-07 13:01:38 INFO     Training average L_uncertainty at step 24500: 59.009984
2025-12-07 13:01:38 INFO     Training average L_kl at step 24500: 58427.072305
2025-12-07 13:01:38 INFO     Training average L_sigma at step 24500: 582.909273
2025-12-07 13:01:38 INFO     Training average mu_mean at step 24500: -2.473816
2025-12-07 13:01:38 INFO     Training average sigma_mean at step 24500: 0.142073
2025-12-07 13:01:38 INFO     Training average regularization at step 24500: 0.006283
2025-12-07 13:01:38 INFO     Training average loss at step 24500: 2.270385
2025-12-07 13:02:39 INFO     Training average positive_fact_loss at step 24600: 0.299546
2025-12-07 13:02:39 INFO     Training average negative_fact_loss at step 24600: 0.277250
2025-12-07 13:02:39 INFO     Training average positive_rule_loss at step 24600: 1.714239
2025-12-07 13:02:39 INFO     Training average negative_rule_loss at step 24600: 2.116009
2025-12-07 13:02:39 INFO     Training average L_uncertainty at step 24600: 59.104112
2025-12-07 13:02:39 INFO     Training average L_kl at step 24600: 58521.477773
2025-12-07 13:02:39 INFO     Training average L_sigma at step 24600: 582.631713
2025-12-07 13:02:39 INFO     Training average mu_mean at step 24600: -2.476352
2025-12-07 13:02:39 INFO     Training average sigma_mean at step 24600: 0.142069
2025-12-07 13:02:39 INFO     Training average regularization at step 24600: 0.006282
2025-12-07 13:02:39 INFO     Training average loss at step 24600: 2.268909
2025-12-07 13:03:30 INFO     Training average positive_fact_loss at step 24700: 0.298928
2025-12-07 13:03:30 INFO     Training average negative_fact_loss at step 24700: 0.277058
2025-12-07 13:03:30 INFO     Training average positive_rule_loss at step 24700: 1.710332
2025-12-07 13:03:30 INFO     Training average negative_rule_loss at step 24700: 2.121458
2025-12-07 13:03:30 INFO     Training average L_uncertainty at step 24700: 59.161111
2025-12-07 13:03:30 INFO     Training average L_kl at step 24700: 58574.973867
2025-12-07 13:03:30 INFO     Training average L_sigma at step 24700: 586.133968
2025-12-07 13:03:30 INFO     Training average mu_mean at step 24700: -2.482852
2025-12-07 13:03:30 INFO     Training average sigma_mean at step 24700: 0.142102
2025-12-07 13:03:30 INFO     Training average regularization at step 24700: 0.006283
2025-12-07 13:03:30 INFO     Training average loss at step 24700: 2.269332
2025-12-07 13:04:26 INFO     Training average positive_fact_loss at step 24800: 0.298845
2025-12-07 13:04:26 INFO     Training average negative_fact_loss at step 24800: 0.276895
2025-12-07 13:04:26 INFO     Training average positive_rule_loss at step 24800: 1.712418
2025-12-07 13:04:26 INFO     Training average negative_rule_loss at step 24800: 2.116906
2025-12-07 13:04:26 INFO     Training average L_uncertainty at step 24800: 59.045723
2025-12-07 13:04:26 INFO     Training average L_kl at step 24800: 58463.569336
2025-12-07 13:04:26 INFO     Training average L_sigma at step 24800: 582.151191
2025-12-07 13:04:26 INFO     Training average mu_mean at step 24800: -2.476942
2025-12-07 13:04:26 INFO     Training average sigma_mean at step 24800: 0.142054
2025-12-07 13:04:26 INFO     Training average regularization at step 24800: 0.006284
2025-12-07 13:04:26 INFO     Training average loss at step 24800: 2.267861
2025-12-07 13:05:22 INFO     Training average positive_fact_loss at step 24900: 0.299328
2025-12-07 13:05:22 INFO     Training average negative_fact_loss at step 24900: 0.277130
2025-12-07 13:05:22 INFO     Training average positive_rule_loss at step 24900: 1.710015
2025-12-07 13:05:22 INFO     Training average negative_rule_loss at step 24900: 2.120806
2025-12-07 13:05:22 INFO     Training average L_uncertainty at step 24900: 59.144160
2025-12-07 13:05:22 INFO     Training average L_kl at step 24900: 58560.964531
2025-12-07 13:05:22 INFO     Training average L_sigma at step 24900: 583.193214
2025-12-07 13:05:22 INFO     Training average mu_mean at step 24900: -2.482584
2025-12-07 13:05:22 INFO     Training average sigma_mean at step 24900: 0.142072
2025-12-07 13:05:22 INFO     Training average regularization at step 24900: 0.006284
2025-12-07 13:05:22 INFO     Training average loss at step 24900: 2.269067
2025-12-07 13:06:23 INFO     Training average positive_fact_loss at step 25000: 0.298756
2025-12-07 13:06:23 INFO     Training average negative_fact_loss at step 25000: 0.276905
2025-12-07 13:06:23 INFO     Training average positive_rule_loss at step 25000: 1.710554
2025-12-07 13:06:23 INFO     Training average negative_rule_loss at step 25000: 2.119849
2025-12-07 13:06:23 INFO     Training average L_uncertainty at step 25000: 59.060726
2025-12-07 13:06:23 INFO     Training average L_kl at step 25000: 58476.257383
2025-12-07 13:06:23 INFO     Training average L_sigma at step 25000: 584.465934
2025-12-07 13:06:23 INFO     Training average mu_mean at step 25000: -2.476126
2025-12-07 13:06:23 INFO     Training average sigma_mean at step 25000: 0.142092
2025-12-07 13:06:23 INFO     Training average regularization at step 25000: 0.006286
2025-12-07 13:06:23 INFO     Training average loss at step 25000: 2.268380
2025-12-07 13:06:23 INFO     Evaluating on Valid Dataset...
2025-12-07 13:06:23 INFO     >>>>> RuleE emb: Evaluating on valid
2025-12-07 13:06:33 INFO     Data : 4274
2025-12-07 13:06:33 INFO     Hit1 : 0.548432
2025-12-07 13:06:33 INFO     Hit3 : 0.779598
2025-12-07 13:06:33 INFO     Hit10: 0.940337
2025-12-07 13:06:33 INFO     MR   : 3.374357
2025-12-07 13:06:33 INFO     MRR  : 0.683467
2025-12-07 13:07:30 INFO     Training average positive_fact_loss at step 25100: 0.299030
2025-12-07 13:07:30 INFO     Training average negative_fact_loss at step 25100: 0.276944
2025-12-07 13:07:30 INFO     Training average positive_rule_loss at step 25100: 1.711705
2025-12-07 13:07:30 INFO     Training average negative_rule_loss at step 25100: 2.118224
2025-12-07 13:07:30 INFO     Training average L_uncertainty at step 25100: 59.098680
2025-12-07 13:07:30 INFO     Training average L_kl at step 25100: 58514.039961
2025-12-07 13:07:30 INFO     Training average L_sigma at step 25100: 584.636516
2025-12-07 13:07:30 INFO     Training average mu_mean at step 25100: -2.478502
2025-12-07 13:07:30 INFO     Training average sigma_mean at step 25100: 0.142093
2025-12-07 13:07:30 INFO     Training average regularization at step 25100: 0.006288
2025-12-07 13:07:30 INFO     Training average loss at step 25100: 2.268338
2025-12-07 13:08:30 INFO     Training average positive_fact_loss at step 25200: 0.299004
2025-12-07 13:08:30 INFO     Training average negative_fact_loss at step 25200: 0.277099
2025-12-07 13:08:30 INFO     Training average positive_rule_loss at step 25200: 1.709528
2025-12-07 13:08:30 INFO     Training average negative_rule_loss at step 25200: 2.122030
2025-12-07 13:08:30 INFO     Training average L_uncertainty at step 25200: 59.011762
2025-12-07 13:08:30 INFO     Training average L_kl at step 25200: 58428.180820
2025-12-07 13:08:30 INFO     Training average L_sigma at step 25200: 583.577968
2025-12-07 13:08:30 INFO     Training average mu_mean at step 25200: -2.474121
2025-12-07 13:08:30 INFO     Training average sigma_mean at step 25200: 0.142077
2025-12-07 13:08:30 INFO     Training average regularization at step 25200: 0.006289
2025-12-07 13:08:30 INFO     Training average loss at step 25200: 2.269131
2025-12-07 13:09:27 INFO     Training average positive_fact_loss at step 25300: 0.299459
2025-12-07 13:09:27 INFO     Training average negative_fact_loss at step 25300: 0.277062
2025-12-07 13:09:27 INFO     Training average positive_rule_loss at step 25300: 1.711293
2025-12-07 13:09:27 INFO     Training average negative_rule_loss at step 25300: 2.117313
2025-12-07 13:09:27 INFO     Training average L_uncertainty at step 25300: 59.110675
2025-12-07 13:09:27 INFO     Training average L_kl at step 25300: 58524.271484
2025-12-07 13:09:27 INFO     Training average L_sigma at step 25300: 586.400658
2025-12-07 13:09:27 INFO     Training average mu_mean at step 25300: -2.477816
2025-12-07 13:09:27 INFO     Training average sigma_mean at step 25300: 0.142120
2025-12-07 13:09:27 INFO     Training average regularization at step 25300: 0.006286
2025-12-07 13:09:27 INFO     Training average loss at step 25300: 2.267960
2025-12-07 13:10:18 INFO     Training average positive_fact_loss at step 25400: 0.299111
2025-12-07 13:10:18 INFO     Training average negative_fact_loss at step 25400: 0.276957
2025-12-07 13:10:19 INFO     Training average positive_rule_loss at step 25400: 1.708015
2025-12-07 13:10:19 INFO     Training average negative_rule_loss at step 25400: 2.124095
2025-12-07 13:10:19 INFO     Training average L_uncertainty at step 25400: 59.040619
2025-12-07 13:10:19 INFO     Training average L_kl at step 25400: 58456.928633
2025-12-07 13:10:19 INFO     Training average L_sigma at step 25400: 583.687786
2025-12-07 13:10:19 INFO     Training average mu_mean at step 25400: -2.473217
2025-12-07 13:10:19 INFO     Training average sigma_mean at step 25400: 0.142079
2025-12-07 13:10:19 INFO     Training average regularization at step 25400: 0.006285
2025-12-07 13:10:19 INFO     Training average loss at step 25400: 2.269414
2025-12-07 13:11:14 INFO     Training average positive_fact_loss at step 25500: 0.299114
2025-12-07 13:11:14 INFO     Training average negative_fact_loss at step 25500: 0.277067
2025-12-07 13:11:14 INFO     Training average positive_rule_loss at step 25500: 1.709689
2025-12-07 13:11:14 INFO     Training average negative_rule_loss at step 25500: 2.117756
2025-12-07 13:11:14 INFO     Training average L_uncertainty at step 25500: 59.099815
2025-12-07 13:11:14 INFO     Training average L_kl at step 25500: 58514.965039
2025-12-07 13:11:14 INFO     Training average L_sigma at step 25500: 584.846813
2025-12-07 13:11:14 INFO     Training average mu_mean at step 25500: -2.474964
2025-12-07 13:11:14 INFO     Training average sigma_mean at step 25500: 0.142095
2025-12-07 13:11:14 INFO     Training average regularization at step 25500: 0.006287
2025-12-07 13:11:14 INFO     Training average loss at step 25500: 2.267199
2025-12-07 13:12:15 INFO     Training average positive_fact_loss at step 25600: 0.298954
2025-12-07 13:12:15 INFO     Training average negative_fact_loss at step 25600: 0.277217
2025-12-07 13:12:15 INFO     Training average positive_rule_loss at step 25600: 1.707530
2025-12-07 13:12:15 INFO     Training average negative_rule_loss at step 25600: 2.125367
2025-12-07 13:12:15 INFO     Training average L_uncertainty at step 25600: 58.970426
2025-12-07 13:12:15 INFO     Training average L_kl at step 25600: 58388.900430
2025-12-07 13:12:15 INFO     Training average L_sigma at step 25600: 581.522892
2025-12-07 13:12:15 INFO     Training average mu_mean at step 25600: -2.468766
2025-12-07 13:12:15 INFO     Training average sigma_mean at step 25600: 0.142046
2025-12-07 13:12:15 INFO     Training average regularization at step 25600: 0.006288
2025-12-07 13:12:15 INFO     Training average loss at step 25600: 2.269792
2025-12-07 13:13:11 INFO     Training average positive_fact_loss at step 25700: 0.299054
2025-12-07 13:13:11 INFO     Training average negative_fact_loss at step 25700: 0.277180
2025-12-07 13:13:11 INFO     Training average positive_rule_loss at step 25700: 1.709737
2025-12-07 13:13:11 INFO     Training average negative_rule_loss at step 25700: 2.120044
2025-12-07 13:13:11 INFO     Training average L_uncertainty at step 25700: 59.100392
2025-12-07 13:13:11 INFO     Training average L_kl at step 25700: 58515.792656
2025-12-07 13:13:11 INFO     Training average L_sigma at step 25700: 584.596354
2025-12-07 13:13:11 INFO     Training average mu_mean at step 25700: -2.472176
2025-12-07 13:13:11 INFO     Training average sigma_mean at step 25700: 0.142090
2025-12-07 13:13:11 INFO     Training average regularization at step 25700: 0.006289
2025-12-07 13:13:11 INFO     Training average loss at step 25700: 2.268397
2025-12-07 13:14:12 INFO     Training average positive_fact_loss at step 25800: 0.299946
2025-12-07 13:14:12 INFO     Training average negative_fact_loss at step 25800: 0.276979
2025-12-07 13:14:12 INFO     Training average positive_rule_loss at step 25800: 1.710149
2025-12-07 13:14:12 INFO     Training average negative_rule_loss at step 25800: 2.117743
2025-12-07 13:14:12 INFO     Training average L_uncertainty at step 25800: 59.113597
2025-12-07 13:14:12 INFO     Training average L_kl at step 25800: 58530.186641
2025-12-07 13:14:12 INFO     Training average L_sigma at step 25800: 583.407416
2025-12-07 13:14:12 INFO     Training average mu_mean at step 25800: -2.473005
2025-12-07 13:14:12 INFO     Training average sigma_mean at step 25800: 0.142073
2025-12-07 13:14:12 INFO     Training average regularization at step 25800: 0.006288
2025-12-07 13:14:12 INFO     Training average loss at step 25800: 2.267809
2025-12-07 13:15:08 INFO     Training average positive_fact_loss at step 25900: 0.298554
2025-12-07 13:15:08 INFO     Training average negative_fact_loss at step 25900: 0.277177
2025-12-07 13:15:08 INFO     Training average positive_rule_loss at step 25900: 1.712503
2025-12-07 13:15:08 INFO     Training average negative_rule_loss at step 25900: 2.114704
2025-12-07 13:15:08 INFO     Training average L_uncertainty at step 25900: 59.236126
2025-12-07 13:15:08 INFO     Training average L_kl at step 25900: 58652.005352
2025-12-07 13:15:08 INFO     Training average L_sigma at step 25900: 584.117431
2025-12-07 13:15:08 INFO     Training average mu_mean at step 25900: -2.478215
2025-12-07 13:15:08 INFO     Training average sigma_mean at step 25900: 0.142081
2025-12-07 13:15:08 INFO     Training average regularization at step 25900: 0.006287
2025-12-07 13:15:08 INFO     Training average loss at step 25900: 2.266992
2025-12-07 13:16:04 INFO     Training average positive_fact_loss at step 26000: 0.299497
2025-12-07 13:16:04 INFO     Training average negative_fact_loss at step 26000: 0.276983
2025-12-07 13:16:04 INFO     Training average positive_rule_loss at step 26000: 1.708985
2025-12-07 13:16:04 INFO     Training average negative_rule_loss at step 26000: 2.118938
2025-12-07 13:16:04 INFO     Training average L_uncertainty at step 26000: 59.085250
2025-12-07 13:16:04 INFO     Training average L_kl at step 26000: 58500.903086
2025-12-07 13:16:04 INFO     Training average L_sigma at step 26000: 584.343486
2025-12-07 13:16:04 INFO     Training average mu_mean at step 26000: -2.472198
2025-12-07 13:16:04 INFO     Training average sigma_mean at step 26000: 0.142083
2025-12-07 13:16:04 INFO     Training average regularization at step 26000: 0.006289
2025-12-07 13:16:04 INFO     Training average loss at step 26000: 2.267575
2025-12-07 13:16:04 INFO     Evaluating on Valid Dataset...
2025-12-07 13:16:04 INFO     >>>>> RuleE emb: Evaluating on valid
2025-12-07 13:16:14 INFO     Data : 4274
2025-12-07 13:16:14 INFO     Hit1 : 0.551006
2025-12-07 13:16:14 INFO     Hit3 : 0.778896
2025-12-07 13:16:14 INFO     Hit10: 0.941507
2025-12-07 13:16:14 INFO     MR   : 3.365466
2025-12-07 13:16:14 INFO     MRR  : 0.684806
2025-12-07 13:17:06 INFO     Training average positive_fact_loss at step 26100: 0.299069
2025-12-07 13:17:06 INFO     Training average negative_fact_loss at step 26100: 0.276953
2025-12-07 13:17:06 INFO     Training average positive_rule_loss at step 26100: 1.710263
2025-12-07 13:17:06 INFO     Training average negative_rule_loss at step 26100: 2.121672
2025-12-07 13:17:06 INFO     Training average L_uncertainty at step 26100: 59.096044
2025-12-07 13:17:06 INFO     Training average L_kl at step 26100: 58511.278906
2025-12-07 13:17:06 INFO     Training average L_sigma at step 26100: 584.761739
2025-12-07 13:17:06 INFO     Training average mu_mean at step 26100: -2.471773
2025-12-07 13:17:06 INFO     Training average sigma_mean at step 26100: 0.142092
2025-12-07 13:17:06 INFO     Training average regularization at step 26100: 0.006288
2025-12-07 13:17:06 INFO     Training average loss at step 26100: 2.269362
2025-12-07 13:18:07 INFO     Training average positive_fact_loss at step 26200: 0.299114
2025-12-07 13:18:07 INFO     Training average negative_fact_loss at step 26200: 0.277022
2025-12-07 13:18:07 INFO     Training average positive_rule_loss at step 26200: 1.713732
2025-12-07 13:18:07 INFO     Training average negative_rule_loss at step 26200: 2.116300
2025-12-07 13:18:07 INFO     Training average L_uncertainty at step 26200: 59.105029
2025-12-07 13:18:07 INFO     Training average L_kl at step 26200: 58521.496367
2025-12-07 13:18:07 INFO     Training average L_sigma at step 26200: 583.529968
2025-12-07 13:18:07 INFO     Training average mu_mean at step 26200: -2.475127
2025-12-07 13:18:07 INFO     Training average sigma_mean at step 26200: 0.142073
2025-12-07 13:18:07 INFO     Training average regularization at step 26200: 0.006288
2025-12-07 13:18:07 INFO     Training average loss at step 26200: 2.268477
2025-12-07 13:19:03 INFO     Training average positive_fact_loss at step 26300: 0.299250
2025-12-07 13:19:03 INFO     Training average negative_fact_loss at step 26300: 0.276916
2025-12-07 13:19:03 INFO     Training average positive_rule_loss at step 26300: 1.709375
2025-12-07 13:19:03 INFO     Training average negative_rule_loss at step 26300: 2.120927
2025-12-07 13:19:03 INFO     Training average L_uncertainty at step 26300: 59.053691
2025-12-07 13:19:03 INFO     Training average L_kl at step 26300: 58470.611523
2025-12-07 13:19:03 INFO     Training average L_sigma at step 26300: 583.076940
2025-12-07 13:19:03 INFO     Training average mu_mean at step 26300: -2.471893
2025-12-07 13:19:03 INFO     Training average sigma_mean at step 26300: 0.142069
2025-12-07 13:19:03 INFO     Training average regularization at step 26300: 0.006286
2025-12-07 13:19:03 INFO     Training average loss at step 26300: 2.268573
2025-12-07 13:20:03 INFO     Training average positive_fact_loss at step 26400: 0.299688
2025-12-07 13:20:03 INFO     Training average negative_fact_loss at step 26400: 0.277012
2025-12-07 13:20:03 INFO     Training average positive_rule_loss at step 26400: 1.709152
2025-12-07 13:20:03 INFO     Training average negative_rule_loss at step 26400: 2.123684
2025-12-07 13:20:03 INFO     Training average L_uncertainty at step 26400: 58.991779
2025-12-07 13:20:03 INFO     Training average L_kl at step 26400: 58405.715586
2025-12-07 13:20:03 INFO     Training average L_sigma at step 26400: 586.060526
2025-12-07 13:20:03 INFO     Training average mu_mean at step 26400: -2.468385
2025-12-07 13:20:03 INFO     Training average sigma_mean at step 26400: 0.142113
2025-12-07 13:20:03 INFO     Training average regularization at step 26400: 0.006286
2025-12-07 13:20:03 INFO     Training average loss at step 26400: 2.270045
2025-12-07 13:20:59 INFO     Training average positive_fact_loss at step 26500: 0.298524
2025-12-07 13:20:59 INFO     Training average negative_fact_loss at step 26500: 0.277058
2025-12-07 13:20:59 INFO     Training average positive_rule_loss at step 26500: 1.712889
2025-12-07 13:20:59 INFO     Training average negative_rule_loss at step 26500: 2.114852
2025-12-07 13:20:59 INFO     Training average L_uncertainty at step 26500: 59.061725
2025-12-07 13:20:59 INFO     Training average L_kl at step 26500: 58476.149844
2025-12-07 13:20:59 INFO     Training average L_sigma at step 26500: 585.572505
2025-12-07 13:20:59 INFO     Training average mu_mean at step 26500: -2.472125
2025-12-07 13:20:59 INFO     Training average sigma_mean at step 26500: 0.142101
2025-12-07 13:20:59 INFO     Training average regularization at step 26500: 0.006287
2025-12-07 13:20:59 INFO     Training average loss at step 26500: 2.267011
2025-12-07 13:22:00 INFO     Training average positive_fact_loss at step 26600: 0.299375
2025-12-07 13:22:00 INFO     Training average negative_fact_loss at step 26600: 0.276917
2025-12-07 13:22:00 INFO     Training average positive_rule_loss at step 26600: 1.709009
2025-12-07 13:22:00 INFO     Training average negative_rule_loss at step 26600: 2.118306
2025-12-07 13:22:00 INFO     Training average L_uncertainty at step 26600: 59.063200
2025-12-07 13:22:00 INFO     Training average L_kl at step 26600: 58479.245820
2025-12-07 13:22:00 INFO     Training average L_sigma at step 26600: 583.950930
2025-12-07 13:22:00 INFO     Training average mu_mean at step 26600: -2.471344
2025-12-07 13:22:00 INFO     Training average sigma_mean at step 26600: 0.142076
2025-12-07 13:22:00 INFO     Training average regularization at step 26600: 0.006289
2025-12-07 13:22:00 INFO     Training average loss at step 26600: 2.267156
2025-12-07 13:22:48 INFO     Training average positive_fact_loss at step 26700: 0.298878
2025-12-07 13:22:48 INFO     Training average negative_fact_loss at step 26700: 0.277081
2025-12-07 13:22:48 INFO     Training average positive_rule_loss at step 26700: 1.712145
2025-12-07 13:22:48 INFO     Training average negative_rule_loss at step 26700: 2.113434
2025-12-07 13:22:48 INFO     Training average L_uncertainty at step 26700: 59.191897
2025-12-07 13:22:48 INFO     Training average L_kl at step 26700: 58610.728047
2025-12-07 13:22:48 INFO     Training average L_sigma at step 26700: 581.165570
2025-12-07 13:22:48 INFO     Training average mu_mean at step 26700: -2.474215
2025-12-07 13:22:48 INFO     Training average sigma_mean at step 26700: 0.142032
2025-12-07 13:22:48 INFO     Training average regularization at step 26700: 0.006287
2025-12-07 13:22:48 INFO     Training average loss at step 26700: 2.266247
2025-12-07 13:23:49 INFO     Training average positive_fact_loss at step 26800: 0.299046
2025-12-07 13:23:49 INFO     Training average negative_fact_loss at step 26800: 0.276904
2025-12-07 13:23:49 INFO     Training average positive_rule_loss at step 26800: 1.710335
2025-12-07 13:23:49 INFO     Training average negative_rule_loss at step 26800: 2.117673
2025-12-07 13:23:49 INFO     Training average L_uncertainty at step 26800: 59.165139
2025-12-07 13:23:49 INFO     Training average L_kl at step 26800: 58577.608437
2025-12-07 13:23:49 INFO     Training average L_sigma at step 26800: 587.527600
2025-12-07 13:23:49 INFO     Training average mu_mean at step 26800: -2.475429
2025-12-07 13:23:49 INFO     Training average sigma_mean at step 26800: 0.142123
2025-12-07 13:23:49 INFO     Training average regularization at step 26800: 0.006288
2025-12-07 13:23:49 INFO     Training average loss at step 26800: 2.267432
2025-12-07 13:24:45 INFO     Training average positive_fact_loss at step 26900: 0.298922
2025-12-07 13:24:45 INFO     Training average negative_fact_loss at step 26900: 0.277220
2025-12-07 13:24:45 INFO     Training average positive_rule_loss at step 26900: 1.709678
2025-12-07 13:24:45 INFO     Training average negative_rule_loss at step 26900: 2.117067
2025-12-07 13:24:45 INFO     Training average L_uncertainty at step 26900: 59.115546
2025-12-07 13:24:45 INFO     Training average L_kl at step 26900: 58531.989219
2025-12-07 13:24:45 INFO     Training average L_sigma at step 26900: 583.554310
2025-12-07 13:24:45 INFO     Training average mu_mean at step 26900: -2.471257
2025-12-07 13:24:45 INFO     Training average sigma_mean at step 26900: 0.142071
2025-12-07 13:24:45 INFO     Training average regularization at step 26900: 0.006289
2025-12-07 13:24:45 INFO     Training average loss at step 26900: 2.266849
2025-12-07 13:25:46 INFO     Training average positive_fact_loss at step 27000: 0.299146
2025-12-07 13:25:46 INFO     Training average negative_fact_loss at step 27000: 0.276851
2025-12-07 13:25:46 INFO     Training average positive_rule_loss at step 27000: 1.709053
2025-12-07 13:25:46 INFO     Training average negative_rule_loss at step 27000: 2.123036
2025-12-07 13:25:46 INFO     Training average L_uncertainty at step 27000: 59.043089
2025-12-07 13:25:46 INFO     Training average L_kl at step 27000: 58458.370742
2025-12-07 13:25:46 INFO     Training average L_sigma at step 27000: 584.715200
2025-12-07 13:25:46 INFO     Training average mu_mean at step 27000: -2.466625
2025-12-07 13:25:46 INFO     Training average sigma_mean at step 27000: 0.142088
2025-12-07 13:25:46 INFO     Training average regularization at step 27000: 0.006289
2025-12-07 13:25:46 INFO     Training average loss at step 27000: 2.269375
2025-12-07 13:25:46 INFO     Evaluating on Valid Dataset...
2025-12-07 13:25:46 INFO     >>>>> RuleE emb: Evaluating on valid
2025-12-07 13:25:57 INFO     Data : 4274
2025-12-07 13:25:57 INFO     Hit1 : 0.550070
2025-12-07 13:25:57 INFO     Hit3 : 0.781469
2025-12-07 13:25:57 INFO     Hit10: 0.940805
2025-12-07 13:25:57 INFO     MR   : 3.372017
2025-12-07 13:25:57 INFO     MRR  : 0.684562
2025-12-07 13:26:52 INFO     Training average positive_fact_loss at step 27100: 0.298963
2025-12-07 13:26:52 INFO     Training average negative_fact_loss at step 27100: 0.276869
2025-12-07 13:26:52 INFO     Training average positive_rule_loss at step 27100: 1.709270
2025-12-07 13:26:52 INFO     Training average negative_rule_loss at step 27100: 2.118420
2025-12-07 13:26:52 INFO     Training average L_uncertainty at step 27100: 58.966172
2025-12-07 13:26:52 INFO     Training average L_kl at step 27100: 58378.133398
2025-12-07 13:26:52 INFO     Training average L_sigma at step 27100: 588.036051
2025-12-07 13:26:52 INFO     Training average mu_mean at step 27100: -2.464067
2025-12-07 13:26:52 INFO     Training average sigma_mean at step 27100: 0.142139
2025-12-07 13:26:52 INFO     Training average regularization at step 27100: 0.006291
2025-12-07 13:26:52 INFO     Training average loss at step 27100: 2.267018
2025-12-07 13:27:53 INFO     Training average positive_fact_loss at step 27200: 0.299216
2025-12-07 13:27:53 INFO     Training average negative_fact_loss at step 27200: 0.277204
2025-12-07 13:27:53 INFO     Training average positive_rule_loss at step 27200: 1.707472
2025-12-07 13:27:53 INFO     Training average negative_rule_loss at step 27200: 2.123013
2025-12-07 13:27:53 INFO     Training average L_uncertainty at step 27200: 58.980901
2025-12-07 13:27:53 INFO     Training average L_kl at step 27200: 58394.998437
2025-12-07 13:27:53 INFO     Training average L_sigma at step 27200: 585.899781
2025-12-07 13:27:53 INFO     Training average mu_mean at step 27200: -2.463645
2025-12-07 13:27:53 INFO     Training average sigma_mean at step 27200: 0.142103
2025-12-07 13:27:53 INFO     Training average regularization at step 27200: 0.006291
2025-12-07 13:27:53 INFO     Training average loss at step 27200: 2.268725
2025-12-07 13:28:44 INFO     Training average positive_fact_loss at step 27300: 0.298901
2025-12-07 13:28:44 INFO     Training average negative_fact_loss at step 27300: 0.276964
2025-12-07 13:28:44 INFO     Training average positive_rule_loss at step 27300: 1.709695
2025-12-07 13:28:44 INFO     Training average negative_rule_loss at step 27300: 2.117664
2025-12-07 13:28:44 INFO     Training average L_uncertainty at step 27300: 59.109161
2025-12-07 13:28:44 INFO     Training average L_kl at step 27300: 58526.684961
2025-12-07 13:28:44 INFO     Training average L_sigma at step 27300: 582.473065
2025-12-07 13:28:44 INFO     Training average mu_mean at step 27300: -2.467270
2025-12-07 13:28:44 INFO     Training average sigma_mean at step 27300: 0.142053
2025-12-07 13:28:44 INFO     Training average regularization at step 27300: 0.006291
2025-12-07 13:28:44 INFO     Training average loss at step 27300: 2.267012
2025-12-07 13:29:41 INFO     Training average positive_fact_loss at step 27400: 0.298882
2025-12-07 13:29:41 INFO     Training average negative_fact_loss at step 27400: 0.277026
2025-12-07 13:29:41 INFO     Training average positive_rule_loss at step 27400: 1.709689
2025-12-07 13:29:41 INFO     Training average negative_rule_loss at step 27400: 2.118121
2025-12-07 13:29:41 INFO     Training average L_uncertainty at step 27400: 59.026769
2025-12-07 13:29:41 INFO     Training average L_kl at step 27400: 58443.577656
2025-12-07 13:29:41 INFO     Training average L_sigma at step 27400: 583.188647
2025-12-07 13:29:41 INFO     Training average mu_mean at step 27400: -2.464484
2025-12-07 13:29:41 INFO     Training average sigma_mean at step 27400: 0.142066
2025-12-07 13:29:41 INFO     Training average regularization at step 27400: 0.006295
2025-12-07 13:29:41 INFO     Training average loss at step 27400: 2.267181
2025-12-07 13:30:37 INFO     Training average positive_fact_loss at step 27500: 0.299521
2025-12-07 13:30:37 INFO     Training average negative_fact_loss at step 27500: 0.276890
2025-12-07 13:30:37 INFO     Training average positive_rule_loss at step 27500: 1.708117
2025-12-07 13:30:37 INFO     Training average negative_rule_loss at step 27500: 2.119836
2025-12-07 13:30:37 INFO     Training average L_uncertainty at step 27500: 59.105808
2025-12-07 13:30:37 INFO     Training average L_kl at step 27500: 58519.382617
2025-12-07 13:30:37 INFO     Training average L_sigma at step 27500: 586.422408
2025-12-07 13:30:37 INFO     Training average mu_mean at step 27500: -2.468067
2025-12-07 13:30:37 INFO     Training average sigma_mean at step 27500: 0.142110
2025-12-07 13:30:37 INFO     Training average regularization at step 27500: 0.006295
2025-12-07 13:30:37 INFO     Training average loss at step 27500: 2.267584
2025-12-07 13:31:38 INFO     Training average positive_fact_loss at step 27600: 0.298506
2025-12-07 13:31:38 INFO     Training average negative_fact_loss at step 27600: 0.277118
2025-12-07 13:31:38 INFO     Training average positive_rule_loss at step 27600: 1.708344
2025-12-07 13:31:38 INFO     Training average negative_rule_loss at step 27600: 2.117645
2025-12-07 13:31:38 INFO     Training average L_uncertainty at step 27600: 59.078317
2025-12-07 13:31:38 INFO     Training average L_kl at step 27600: 58491.734609
2025-12-07 13:31:38 INFO     Training average L_sigma at step 27600: 586.579988
2025-12-07 13:31:38 INFO     Training average mu_mean at step 27600: -2.464028
2025-12-07 13:31:38 INFO     Training average sigma_mean at step 27600: 0.142112
2025-12-07 13:31:38 INFO     Training average regularization at step 27600: 0.006295
2025-12-07 13:31:38 INFO     Training average loss at step 27600: 2.266180
2025-12-07 13:32:34 INFO     Training average positive_fact_loss at step 27700: 0.299085
2025-12-07 13:32:34 INFO     Training average negative_fact_loss at step 27700: 0.276840
2025-12-07 13:32:34 INFO     Training average positive_rule_loss at step 27700: 1.711517
2025-12-07 13:32:34 INFO     Training average negative_rule_loss at step 27700: 2.114413
2025-12-07 13:32:34 INFO     Training average L_uncertainty at step 27700: 59.119524
2025-12-07 13:32:34 INFO     Training average L_kl at step 27700: 58535.519297
2025-12-07 13:32:34 INFO     Training average L_sigma at step 27700: 584.002470
2025-12-07 13:32:34 INFO     Training average mu_mean at step 27700: -2.465932
2025-12-07 13:32:34 INFO     Training average sigma_mean at step 27700: 0.142071
2025-12-07 13:32:34 INFO     Training average regularization at step 27700: 0.006295
2025-12-07 13:32:34 INFO     Training average loss at step 27700: 2.266342
2025-12-07 13:33:34 INFO     Training average positive_fact_loss at step 27800: 0.299711
2025-12-07 13:33:34 INFO     Training average negative_fact_loss at step 27800: 0.276981
2025-12-07 13:33:34 INFO     Training average positive_rule_loss at step 27800: 1.711239
2025-12-07 13:33:34 INFO     Training average negative_rule_loss at step 27800: 2.114688
2025-12-07 13:33:34 INFO     Training average L_uncertainty at step 27800: 59.190093
2025-12-07 13:33:34 INFO     Training average L_kl at step 27800: 58604.937070
2025-12-07 13:33:34 INFO     Training average L_sigma at step 27800: 585.152857
2025-12-07 13:33:34 INFO     Training average mu_mean at step 27800: -2.471375
2025-12-07 13:33:34 INFO     Training average sigma_mean at step 27800: 0.142076
2025-12-07 13:33:34 INFO     Training average regularization at step 27800: 0.006294
2025-12-07 13:33:34 INFO     Training average loss at step 27800: 2.266794
2025-12-07 13:34:31 INFO     Training average positive_fact_loss at step 27900: 0.298327
2025-12-07 13:34:31 INFO     Training average negative_fact_loss at step 27900: 0.277036
2025-12-07 13:34:31 INFO     Training average positive_rule_loss at step 27900: 1.708917
2025-12-07 13:34:31 INFO     Training average negative_rule_loss at step 27900: 2.119005
2025-12-07 13:34:31 INFO     Training average L_uncertainty at step 27900: 59.084042
2025-12-07 13:34:31 INFO     Training average L_kl at step 27900: 58500.499141
2025-12-07 13:34:31 INFO     Training average L_sigma at step 27900: 583.540422
2025-12-07 13:34:31 INFO     Training average mu_mean at step 27900: -2.466103
2025-12-07 13:34:31 INFO     Training average sigma_mean at step 27900: 0.142064
2025-12-07 13:34:31 INFO     Training average regularization at step 27900: 0.006296
2025-12-07 13:34:31 INFO     Training average loss at step 27900: 2.267023
2025-12-07 13:35:23 INFO     Training average positive_fact_loss at step 28000: 0.299142
2025-12-07 13:35:23 INFO     Training average negative_fact_loss at step 28000: 0.276829
2025-12-07 13:35:23 INFO     Training average positive_rule_loss at step 28000: 1.709118
2025-12-07 13:35:23 INFO     Training average negative_rule_loss at step 28000: 2.115467
2025-12-07 13:35:23 INFO     Training average L_uncertainty at step 28000: 59.102239
2025-12-07 13:35:23 INFO     Training average L_kl at step 28000: 58520.715391
2025-12-07 13:35:23 INFO     Training average L_sigma at step 28000: 581.520676
2025-12-07 13:35:23 INFO     Training average mu_mean at step 28000: -2.465864
2025-12-07 13:35:23 INFO     Training average sigma_mean at step 28000: 0.142037
2025-12-07 13:35:23 INFO     Training average regularization at step 28000: 0.006298
2025-12-07 13:35:23 INFO     Training average loss at step 28000: 2.265678
2025-12-07 13:35:23 INFO     Evaluating on Valid Dataset...
2025-12-07 13:35:23 INFO     >>>>> RuleE emb: Evaluating on valid
2025-12-07 13:35:33 INFO     Data : 4274
2025-12-07 13:35:33 INFO     Hit1 : 0.550772
2025-12-07 13:35:33 INFO     Hit3 : 0.780533
2025-12-07 13:35:33 INFO     Hit10: 0.941273
2025-12-07 13:35:33 INFO     MR   : 3.358212
2025-12-07 13:35:33 INFO     MRR  : 0.685225
2025-12-07 13:36:29 INFO     Training average positive_fact_loss at step 28100: 0.299539
2025-12-07 13:36:29 INFO     Training average negative_fact_loss at step 28100: 0.277085
2025-12-07 13:36:29 INFO     Training average positive_rule_loss at step 28100: 1.709497
2025-12-07 13:36:29 INFO     Training average negative_rule_loss at step 28100: 2.117192
2025-12-07 13:36:29 INFO     Training average L_uncertainty at step 28100: 59.120398
2025-12-07 13:36:29 INFO     Training average L_kl at step 28100: 58535.841133
2025-12-07 13:36:29 INFO     Training average L_sigma at step 28100: 584.553829
2025-12-07 13:36:29 INFO     Training average mu_mean at step 28100: -2.465932
2025-12-07 13:36:29 INFO     Training average sigma_mean at step 28100: 0.142077
2025-12-07 13:36:29 INFO     Training average regularization at step 28100: 0.006298
2025-12-07 13:36:29 INFO     Training average loss at step 28100: 2.267075
2025-12-07 13:37:30 INFO     Training average positive_fact_loss at step 28200: 0.298814
2025-12-07 13:37:30 INFO     Training average negative_fact_loss at step 28200: 0.276985
2025-12-07 13:37:30 INFO     Training average positive_rule_loss at step 28200: 1.710083
2025-12-07 13:37:30 INFO     Training average negative_rule_loss at step 28200: 2.115282
2025-12-07 13:37:30 INFO     Training average L_uncertainty at step 28200: 59.126267
2025-12-07 13:37:30 INFO     Training average L_kl at step 28200: 58540.688125
2025-12-07 13:37:30 INFO     Training average L_sigma at step 28200: 585.576631
2025-12-07 13:37:30 INFO     Training average mu_mean at step 28200: -2.465437
2025-12-07 13:37:30 INFO     Training average sigma_mean at step 28200: 0.142092
2025-12-07 13:37:30 INFO     Training average regularization at step 28200: 0.006297
2025-12-07 13:37:30 INFO     Training average loss at step 28200: 2.266006
2025-12-07 13:38:26 INFO     Training average positive_fact_loss at step 28300: 0.299471
2025-12-07 13:38:26 INFO     Training average negative_fact_loss at step 28300: 0.276859
2025-12-07 13:38:26 INFO     Training average positive_rule_loss at step 28300: 1.708397
2025-12-07 13:38:26 INFO     Training average negative_rule_loss at step 28300: 2.116350
2025-12-07 13:38:26 INFO     Training average L_uncertainty at step 28300: 59.111618
2025-12-07 13:38:26 INFO     Training average L_kl at step 28300: 58526.948633
2025-12-07 13:38:26 INFO     Training average L_sigma at step 28300: 584.665958
2025-12-07 13:38:26 INFO     Training average mu_mean at step 28300: -2.466569
2025-12-07 13:38:26 INFO     Training average sigma_mean at step 28300: 0.142083
2025-12-07 13:38:26 INFO     Training average regularization at step 28300: 0.006298
2025-12-07 13:38:26 INFO     Training average loss at step 28300: 2.265948
2025-12-07 13:39:26 INFO     Training average positive_fact_loss at step 28400: 0.298112
2025-12-07 13:39:26 INFO     Training average negative_fact_loss at step 28400: 0.277175
2025-12-07 13:39:26 INFO     Training average positive_rule_loss at step 28400: 1.710140
2025-12-07 13:39:26 INFO     Training average negative_rule_loss at step 28400: 2.118296
2025-12-07 13:39:26 INFO     Training average L_uncertainty at step 28400: 59.096936
2025-12-07 13:39:26 INFO     Training average L_kl at step 28400: 58513.715664
2025-12-07 13:39:26 INFO     Training average L_sigma at step 28400: 583.217318
2025-12-07 13:39:26 INFO     Training average mu_mean at step 28400: -2.464941
2025-12-07 13:39:26 INFO     Training average sigma_mean at step 28400: 0.142064
2025-12-07 13:39:26 INFO     Training average regularization at step 28400: 0.006298
2025-12-07 13:39:26 INFO     Training average loss at step 28400: 2.267256
2025-12-07 13:40:23 INFO     Training average positive_fact_loss at step 28500: 0.300082
2025-12-07 13:40:23 INFO     Training average negative_fact_loss at step 28500: 0.277085
2025-12-07 13:40:23 INFO     Training average positive_rule_loss at step 28500: 1.712377
2025-12-07 13:40:23 INFO     Training average negative_rule_loss at step 28500: 2.112487
2025-12-07 13:40:23 INFO     Training average L_uncertainty at step 28500: 59.116014
2025-12-07 13:40:23 INFO     Training average L_kl at step 28500: 58528.110820
2025-12-07 13:40:23 INFO     Training average L_sigma at step 28500: 587.900690
2025-12-07 13:40:23 INFO     Training average mu_mean at step 28500: -2.467595
2025-12-07 13:40:23 INFO     Training average sigma_mean at step 28500: 0.142123
2025-12-07 13:40:23 INFO     Training average regularization at step 28500: 0.006296
2025-12-07 13:40:23 INFO     Training average loss at step 28500: 2.266428
2025-12-07 13:41:19 INFO     Training average positive_fact_loss at step 28600: 0.298538
2025-12-07 13:41:19 INFO     Training average negative_fact_loss at step 28600: 0.277083
2025-12-07 13:41:19 INFO     Training average positive_rule_loss at step 28600: 1.709999
2025-12-07 13:41:19 INFO     Training average negative_rule_loss at step 28600: 2.111581
2025-12-07 13:41:19 INFO     Training average L_uncertainty at step 28600: 59.147931
2025-12-07 13:41:19 INFO     Training average L_kl at step 28600: 58563.281328
2025-12-07 13:41:19 INFO     Training average L_sigma at step 28600: 584.646951
2025-12-07 13:41:19 INFO     Training average mu_mean at step 28600: -2.467264
2025-12-07 13:41:19 INFO     Training average sigma_mean at step 28600: 0.142075
2025-12-07 13:41:19 INFO     Training average regularization at step 28600: 0.006299
2025-12-07 13:41:19 INFO     Training average loss at step 28600: 2.264048
2025-12-07 13:42:11 INFO     Training average positive_fact_loss at step 28700: 0.299120
2025-12-07 13:42:11 INFO     Training average negative_fact_loss at step 28700: 0.276751
2025-12-07 13:42:11 INFO     Training average positive_rule_loss at step 28700: 1.710978
2025-12-07 13:42:11 INFO     Training average negative_rule_loss at step 28700: 2.111049
2025-12-07 13:42:11 INFO     Training average L_uncertainty at step 28700: 59.216542
2025-12-07 13:42:11 INFO     Training average L_kl at step 28700: 58633.973203
2025-12-07 13:42:11 INFO     Training average L_sigma at step 28700: 582.565854
2025-12-07 13:42:11 INFO     Training average mu_mean at step 28700: -2.469705
2025-12-07 13:42:11 INFO     Training average sigma_mean at step 28700: 0.142047
2025-12-07 13:42:11 INFO     Training average regularization at step 28700: 0.006300
2025-12-07 13:42:11 INFO     Training average loss at step 28700: 2.264465
2025-12-07 13:43:12 INFO     Training average positive_fact_loss at step 28800: 0.299144
2025-12-07 13:43:12 INFO     Training average negative_fact_loss at step 28800: 0.277010
2025-12-07 13:43:12 INFO     Training average positive_rule_loss at step 28800: 1.708631
2025-12-07 13:43:12 INFO     Training average negative_rule_loss at step 28800: 2.115283
2025-12-07 13:43:12 INFO     Training average L_uncertainty at step 28800: 59.152146
2025-12-07 13:43:12 INFO     Training average L_kl at step 28800: 58564.611250
2025-12-07 13:43:12 INFO     Training average L_sigma at step 28800: 587.531507
2025-12-07 13:43:12 INFO     Training average mu_mean at step 28800: -2.466190
2025-12-07 13:43:12 INFO     Training average sigma_mean at step 28800: 0.142123
2025-12-07 13:43:12 INFO     Training average regularization at step 28800: 0.006301
2025-12-07 13:43:12 INFO     Training average loss at step 28800: 2.265487
2025-12-07 13:44:08 INFO     Training average positive_fact_loss at step 28900: 0.299387
2025-12-07 13:44:08 INFO     Training average negative_fact_loss at step 28900: 0.276988
2025-12-07 13:44:08 INFO     Training average positive_rule_loss at step 28900: 1.709950
2025-12-07 13:44:08 INFO     Training average negative_rule_loss at step 28900: 2.112571
2025-12-07 13:44:08 INFO     Training average L_uncertainty at step 28900: 59.239426
2025-12-07 13:44:08 INFO     Training average L_kl at step 28900: 58655.142969
2025-12-07 13:44:08 INFO     Training average L_sigma at step 28900: 584.280574
2025-12-07 13:44:08 INFO     Training average mu_mean at step 28900: -2.467188
2025-12-07 13:44:08 INFO     Training average sigma_mean at step 28900: 0.142074
2025-12-07 13:44:08 INFO     Training average regularization at step 28900: 0.006299
2025-12-07 13:44:08 INFO     Training average loss at step 28900: 2.264987
2025-12-07 13:45:08 INFO     Training average positive_fact_loss at step 29000: 0.298982
2025-12-07 13:45:08 INFO     Training average negative_fact_loss at step 29000: 0.277177
2025-12-07 13:45:08 INFO     Training average positive_rule_loss at step 29000: 1.711852
2025-12-07 13:45:08 INFO     Training average negative_rule_loss at step 29000: 2.112127
2025-12-07 13:45:08 INFO     Training average L_uncertainty at step 29000: 59.137290
2025-12-07 13:45:08 INFO     Training average L_kl at step 29000: 58554.464844
2025-12-07 13:45:08 INFO     Training average L_sigma at step 29000: 582.822701
2025-12-07 13:45:08 INFO     Training average mu_mean at step 29000: -2.465186
2025-12-07 13:45:08 INFO     Training average sigma_mean at step 29000: 0.142049
2025-12-07 13:45:08 INFO     Training average regularization at step 29000: 0.006298
2025-12-07 13:45:08 INFO     Training average loss at step 29000: 2.265505
2025-12-07 13:45:08 INFO     Evaluating on Valid Dataset...
2025-12-07 13:45:08 INFO     >>>>> RuleE emb: Evaluating on valid
2025-12-07 13:45:18 INFO     Data : 4274
2025-12-07 13:45:18 INFO     Hit1 : 0.552176
2025-12-07 13:45:18 INFO     Hit3 : 0.781703
2025-12-07 13:45:18 INFO     Hit10: 0.943145
2025-12-07 13:45:18 INFO     MR   : 3.352597
2025-12-07 13:45:18 INFO     MRR  : 0.686166
2025-12-07 13:46:17 INFO     Training average positive_fact_loss at step 29100: 0.299289
2025-12-07 13:46:17 INFO     Training average negative_fact_loss at step 29100: 0.276982
2025-12-07 13:46:17 INFO     Training average positive_rule_loss at step 29100: 1.709589
2025-12-07 13:46:17 INFO     Training average negative_rule_loss at step 29100: 2.112985
2025-12-07 13:46:17 INFO     Training average L_uncertainty at step 29100: 59.206165
2025-12-07 13:46:17 INFO     Training average L_kl at step 29100: 58618.801680
2025-12-07 13:46:17 INFO     Training average L_sigma at step 29100: 587.360930
2025-12-07 13:46:17 INFO     Training average mu_mean at step 29100: -2.468567
2025-12-07 13:46:17 INFO     Training average sigma_mean at step 29100: 0.142113
2025-12-07 13:46:17 INFO     Training average regularization at step 29100: 0.006298
2025-12-07 13:46:17 INFO     Training average loss at step 29100: 2.264926
2025-12-07 13:47:18 INFO     Training average positive_fact_loss at step 29200: 0.298869
2025-12-07 13:47:18 INFO     Training average negative_fact_loss at step 29200: 0.277061
2025-12-07 13:47:18 INFO     Training average positive_rule_loss at step 29200: 1.708290
2025-12-07 13:47:18 INFO     Training average negative_rule_loss at step 29200: 2.119921
2025-12-07 13:47:18 INFO     Training average L_uncertainty at step 29200: 59.009666
2025-12-07 13:47:18 INFO     Training average L_kl at step 29200: 58422.958320
2025-12-07 13:47:18 INFO     Training average L_sigma at step 29200: 586.704531
2025-12-07 13:47:18 INFO     Training average mu_mean at step 29200: -2.459445
2025-12-07 13:47:18 INFO     Training average sigma_mean at step 29200: 0.142104
2025-12-07 13:47:18 INFO     Training average regularization at step 29200: 0.006302
2025-12-07 13:47:18 INFO     Training average loss at step 29200: 2.267381
2025-12-07 13:48:05 INFO     Training average positive_fact_loss at step 29300: 0.299206
2025-12-07 13:48:05 INFO     Training average negative_fact_loss at step 29300: 0.276808
2025-12-07 13:48:05 INFO     Training average positive_rule_loss at step 29300: 1.707788
2025-12-07 13:48:05 INFO     Training average negative_rule_loss at step 29300: 2.117594
2025-12-07 13:48:05 INFO     Training average L_uncertainty at step 29300: 59.043331
2025-12-07 13:48:05 INFO     Training average L_kl at step 29300: 58458.885508
2025-12-07 13:48:05 INFO     Training average L_sigma at step 29300: 584.443317
2025-12-07 13:48:05 INFO     Training average mu_mean at step 29300: -2.459210
2025-12-07 13:48:05 INFO     Training average sigma_mean at step 29300: 0.142067
2025-12-07 13:48:05 INFO     Training average regularization at step 29300: 0.006300
2025-12-07 13:48:05 INFO     Training average loss at step 29300: 2.266041
2025-12-07 13:49:06 INFO     Training average positive_fact_loss at step 29400: 0.298363
2025-12-07 13:49:06 INFO     Training average negative_fact_loss at step 29400: 0.277003
2025-12-07 13:49:06 INFO     Training average positive_rule_loss at step 29400: 1.708291
2025-12-07 13:49:06 INFO     Training average negative_rule_loss at step 29400: 2.117431
2025-12-07 13:49:06 INFO     Training average L_uncertainty at step 29400: 59.050348
2025-12-07 13:49:06 INFO     Training average L_kl at step 29400: 58463.798594
2025-12-07 13:49:06 INFO     Training average L_sigma at step 29400: 586.546610
2025-12-07 13:49:06 INFO     Training average mu_mean at step 29400: -2.457953
2025-12-07 13:49:06 INFO     Training average sigma_mean at step 29400: 0.142103
2025-12-07 13:49:06 INFO     Training average regularization at step 29400: 0.006302
2025-12-07 13:49:06 INFO     Training average loss at step 29400: 2.265896
2025-12-07 13:50:02 INFO     Training average positive_fact_loss at step 29500: 0.298945
2025-12-07 13:50:02 INFO     Training average negative_fact_loss at step 29500: 0.276717
2025-12-07 13:50:02 INFO     Training average positive_rule_loss at step 29500: 1.707627
2025-12-07 13:50:02 INFO     Training average negative_rule_loss at step 29500: 2.117053
2025-12-07 13:50:02 INFO     Training average L_uncertainty at step 29500: 59.072308
2025-12-07 13:50:02 INFO     Training average L_kl at step 29500: 58487.588516
2025-12-07 13:50:02 INFO     Training average L_sigma at step 29500: 584.716820
2025-12-07 13:50:02 INFO     Training average mu_mean at step 29500: -2.458236
2025-12-07 13:50:02 INFO     Training average sigma_mean at step 29500: 0.142078
2025-12-07 13:50:02 INFO     Training average regularization at step 29500: 0.006303
2025-12-07 13:50:02 INFO     Training average loss at step 29500: 2.265546
2025-12-07 13:51:02 INFO     Training average positive_fact_loss at step 29600: 0.299034
2025-12-07 13:51:02 INFO     Training average negative_fact_loss at step 29600: 0.276890
2025-12-07 13:51:02 INFO     Training average positive_rule_loss at step 29600: 1.710493
2025-12-07 13:51:02 INFO     Training average negative_rule_loss at step 29600: 2.112514
2025-12-07 13:51:02 INFO     Training average L_uncertainty at step 29600: 59.149700
2025-12-07 13:51:02 INFO     Training average L_kl at step 29600: 58567.764883
2025-12-07 13:51:02 INFO     Training average L_sigma at step 29600: 581.932693
2025-12-07 13:51:02 INFO     Training average mu_mean at step 29600: -2.460781
2025-12-07 13:51:02 INFO     Training average sigma_mean at step 29600: 0.142037
2025-12-07 13:51:02 INFO     Training average regularization at step 29600: 0.006303
2025-12-07 13:51:02 INFO     Training average loss at step 29600: 2.264918
2025-12-07 13:51:59 INFO     Training average positive_fact_loss at step 29700: 0.298829
2025-12-07 13:51:59 INFO     Training average negative_fact_loss at step 29700: 0.277004
2025-12-07 13:51:59 INFO     Training average positive_rule_loss at step 29700: 1.709428
2025-12-07 13:51:59 INFO     Training average negative_rule_loss at step 29700: 2.113618
2025-12-07 13:51:59 INFO     Training average L_uncertainty at step 29700: 59.173463
2025-12-07 13:51:59 INFO     Training average L_kl at step 29700: 58588.995547
2025-12-07 13:51:59 INFO     Training average L_sigma at step 29700: 584.464935
2025-12-07 13:51:59 INFO     Training average mu_mean at step 29700: -2.462451
2025-12-07 13:51:59 INFO     Training average sigma_mean at step 29700: 0.142077
2025-12-07 13:51:59 INFO     Training average regularization at step 29700: 0.006303
2025-12-07 13:51:59 INFO     Training average loss at step 29700: 2.264916
2025-12-07 13:52:59 INFO     Training average positive_fact_loss at step 29800: 0.299924
2025-12-07 13:52:59 INFO     Training average negative_fact_loss at step 29800: 0.276972
2025-12-07 13:52:59 INFO     Training average positive_rule_loss at step 29800: 1.708016
2025-12-07 13:52:59 INFO     Training average negative_rule_loss at step 29800: 2.116546
2025-12-07 13:52:59 INFO     Training average L_uncertainty at step 29800: 59.066349
2025-12-07 13:52:59 INFO     Training average L_kl at step 29800: 58480.747070
2025-12-07 13:52:59 INFO     Training average L_sigma at step 29800: 585.599182
2025-12-07 13:52:59 INFO     Training average mu_mean at step 29800: -2.458462
2025-12-07 13:52:59 INFO     Training average sigma_mean at step 29800: 0.142092
2025-12-07 13:52:59 INFO     Training average regularization at step 29800: 0.006305
2025-12-07 13:52:59 INFO     Training average loss at step 29800: 2.266100
2025-12-07 13:53:51 INFO     Training average positive_fact_loss at step 29900: 0.298610
2025-12-07 13:53:51 INFO     Training average negative_fact_loss at step 29900: 0.277219
2025-12-07 13:53:51 INFO     Training average positive_rule_loss at step 29900: 1.709126
2025-12-07 13:53:51 INFO     Training average negative_rule_loss at step 29900: 2.114146
2025-12-07 13:53:51 INFO     Training average L_uncertainty at step 29900: 59.178091
2025-12-07 13:53:51 INFO     Training average L_kl at step 29900: 58594.559414
2025-12-07 13:53:51 INFO     Training average L_sigma at step 29900: 583.528322
2025-12-07 13:53:51 INFO     Training average mu_mean at step 29900: -2.461732
2025-12-07 13:53:51 INFO     Training average sigma_mean at step 29900: 0.142060
2025-12-07 13:53:51 INFO     Training average regularization at step 29900: 0.006305
2025-12-07 13:53:51 INFO     Training average loss at step 29900: 2.265033
2025-12-07 13:54:48 INFO     Training average positive_fact_loss at step 30000: 0.299504
2025-12-07 13:54:48 INFO     Training average negative_fact_loss at step 30000: 0.276932
2025-12-07 13:54:48 INFO     Training average positive_rule_loss at step 30000: 1.710757
2025-12-07 13:54:48 INFO     Training average negative_rule_loss at step 30000: 2.108743
2025-12-07 13:54:48 INFO     Training average L_uncertainty at step 30000: 59.241632
2025-12-07 13:54:48 INFO     Training average L_kl at step 30000: 58657.631602
2025-12-07 13:54:48 INFO     Training average L_sigma at step 30000: 583.997643
2025-12-07 13:54:48 INFO     Training average mu_mean at step 30000: -2.464061
2025-12-07 13:54:48 INFO     Training average sigma_mean at step 30000: 0.142066
2025-12-07 13:54:48 INFO     Training average regularization at step 30000: 0.006305
2025-12-07 13:54:48 INFO     Training average loss at step 30000: 2.263514
2025-12-07 13:54:48 INFO     Evaluating on Valid Dataset...
2025-12-07 13:54:48 INFO     >>>>> RuleE emb: Evaluating on valid
2025-12-07 13:54:58 INFO     Data : 4274
2025-12-07 13:54:58 INFO     Hit1 : 0.550772
2025-12-07 13:54:58 INFO     Hit3 : 0.781937
2025-12-07 13:54:58 INFO     Hit10: 0.941273
2025-12-07 13:54:58 INFO     MR   : 3.361722
2025-12-07 13:54:58 INFO     MRR  : 0.684982
2025-12-07 13:55:54 INFO     Training average positive_fact_loss at step 30100: 0.298836
2025-12-07 13:55:54 INFO     Training average negative_fact_loss at step 30100: 0.277074
2025-12-07 13:55:54 INFO     Training average positive_rule_loss at step 30100: 1.710196
2025-12-07 13:55:54 INFO     Training average negative_rule_loss at step 30100: 2.111720
2025-12-07 13:55:54 INFO     Training average L_uncertainty at step 30100: 59.169845
2025-12-07 13:55:54 INFO     Training average L_kl at step 30100: 58583.290625
2025-12-07 13:55:54 INFO     Training average L_sigma at step 30100: 586.551684
2025-12-07 13:55:54 INFO     Training average mu_mean at step 30100: -2.461279
2025-12-07 13:55:54 INFO     Training average sigma_mean at step 30100: 0.142103
2025-12-07 13:55:54 INFO     Training average regularization at step 30100: 0.006304
2025-12-07 13:55:54 INFO     Training average loss at step 30100: 2.264387
2025-12-07 13:56:54 INFO     Training average positive_fact_loss at step 30200: 0.299501
2025-12-07 13:56:54 INFO     Training average negative_fact_loss at step 30200: 0.276962
2025-12-07 13:56:54 INFO     Training average positive_rule_loss at step 30200: 1.711153
2025-12-07 13:56:54 INFO     Training average negative_rule_loss at step 30200: 2.110279
2025-12-07 13:56:54 INFO     Training average L_uncertainty at step 30200: 59.148451
2025-12-07 13:56:54 INFO     Training average L_kl at step 30200: 58563.884141
2025-12-07 13:56:54 INFO     Training average L_sigma at step 30200: 584.564605
2025-12-07 13:56:54 INFO     Training average mu_mean at step 30200: -2.463007
2025-12-07 13:56:54 INFO     Training average sigma_mean at step 30200: 0.142070
2025-12-07 13:56:54 INFO     Training average regularization at step 30200: 0.006303
2025-12-07 13:56:54 INFO     Training average loss at step 30200: 2.264399
2025-12-07 13:57:50 INFO     Training average positive_fact_loss at step 30300: 0.298791
2025-12-07 13:57:50 INFO     Training average negative_fact_loss at step 30300: 0.277080
2025-12-07 13:57:50 INFO     Training average positive_rule_loss at step 30300: 1.708469
2025-12-07 13:57:50 INFO     Training average negative_rule_loss at step 30300: 2.117655
2025-12-07 13:57:50 INFO     Training average L_uncertainty at step 30300: 59.002507
2025-12-07 13:57:50 INFO     Training average L_kl at step 30300: 58417.196016
2025-12-07 13:57:50 INFO     Training average L_sigma at step 30300: 585.308767
2025-12-07 13:57:50 INFO     Training average mu_mean at step 30300: -2.455370
2025-12-07 13:57:50 INFO     Training average sigma_mean at step 30300: 0.142081
2025-12-07 13:57:50 INFO     Training average regularization at step 30300: 0.006302
2025-12-07 13:57:50 INFO     Training average loss at step 30300: 2.266301
2025-12-07 13:58:51 INFO     Training average positive_fact_loss at step 30400: 0.299739
2025-12-07 13:58:51 INFO     Training average negative_fact_loss at step 30400: 0.276908
2025-12-07 13:58:51 INFO     Training average positive_rule_loss at step 30400: 1.709355
2025-12-07 13:58:51 INFO     Training average negative_rule_loss at step 30400: 2.111150
2025-12-07 13:58:51 INFO     Training average L_uncertainty at step 30400: 59.193498
2025-12-07 13:58:51 INFO     Training average L_kl at step 30400: 58610.022305
2025-12-07 13:58:51 INFO     Training average L_sigma at step 30400: 583.473325
2025-12-07 13:58:51 INFO     Training average mu_mean at step 30400: -2.461966
2025-12-07 13:58:51 INFO     Training average sigma_mean at step 30400: 0.142057
2025-12-07 13:58:51 INFO     Training average regularization at step 30400: 0.006303
2025-12-07 13:58:51 INFO     Training average loss at step 30400: 2.264072
2025-12-07 13:59:48 INFO     Training average positive_fact_loss at step 30500: 0.299028
2025-12-07 13:59:48 INFO     Training average negative_fact_loss at step 30500: 0.276887
2025-12-07 13:59:48 INFO     Training average positive_rule_loss at step 30500: 1.707885
2025-12-07 13:59:48 INFO     Training average negative_rule_loss at step 30500: 2.113918
2025-12-07 13:59:48 INFO     Training average L_uncertainty at step 30500: 59.159693
2025-12-07 13:59:48 INFO     Training average L_kl at step 30500: 58574.115078
2025-12-07 13:59:48 INFO     Training average L_sigma at step 30500: 585.574556
2025-12-07 13:59:48 INFO     Training average mu_mean at step 30500: -2.458747
2025-12-07 13:59:48 INFO     Training average sigma_mean at step 30500: 0.142085
2025-12-07 13:59:48 INFO     Training average regularization at step 30500: 0.006300
2025-12-07 13:59:48 INFO     Training average loss at step 30500: 2.264319
2025-12-07 14:00:40 INFO     Training average positive_fact_loss at step 30600: 0.298881
2025-12-07 14:00:40 INFO     Training average negative_fact_loss at step 30600: 0.277062
2025-12-07 14:00:40 INFO     Training average positive_rule_loss at step 30600: 1.708578
2025-12-07 14:00:40 INFO     Training average negative_rule_loss at step 30600: 2.115168
2025-12-07 14:00:40 INFO     Training average L_uncertainty at step 30600: 59.059916
2025-12-07 14:00:40 INFO     Training average L_kl at step 30600: 58476.252383
2025-12-07 14:00:40 INFO     Training average L_sigma at step 30600: 583.660698
2025-12-07 14:00:40 INFO     Training average mu_mean at step 30600: -2.454481
2025-12-07 14:00:40 INFO     Training average sigma_mean at step 30600: 0.142055
2025-12-07 14:00:40 INFO     Training average regularization at step 30600: 0.006302
2025-12-07 14:00:40 INFO     Training average loss at step 30600: 2.265207
2025-12-07 14:01:35 INFO     Training average positive_fact_loss at step 30700: 0.298857
2025-12-07 14:01:35 INFO     Training average negative_fact_loss at step 30700: 0.277029
2025-12-07 14:01:35 INFO     Training average positive_rule_loss at step 30700: 1.708345
2025-12-07 14:01:35 INFO     Training average negative_rule_loss at step 30700: 2.114062
2025-12-07 14:01:35 INFO     Training average L_uncertainty at step 30700: 59.164395
2025-12-07 14:01:35 INFO     Training average L_kl at step 30700: 58576.925781
2025-12-07 14:01:35 INFO     Training average L_sigma at step 30700: 587.466011
2025-12-07 14:01:35 INFO     Training average mu_mean at step 30700: -2.457939
2025-12-07 14:01:35 INFO     Training average sigma_mean at step 30700: 0.142111
2025-12-07 14:01:35 INFO     Training average regularization at step 30700: 0.006304
2025-12-07 14:01:35 INFO     Training average loss at step 30700: 2.264615
2025-12-07 14:02:36 INFO     Training average positive_fact_loss at step 30800: 0.298781
2025-12-07 14:02:36 INFO     Training average negative_fact_loss at step 30800: 0.276970
2025-12-07 14:02:36 INFO     Training average positive_rule_loss at step 30800: 1.707558
2025-12-07 14:02:36 INFO     Training average negative_rule_loss at step 30800: 2.112621
2025-12-07 14:02:36 INFO     Training average L_uncertainty at step 30800: 59.075641
2025-12-07 14:02:36 INFO     Training average L_kl at step 30800: 58490.613906
2025-12-07 14:02:36 INFO     Training average L_sigma at step 30800: 585.024061
2025-12-07 14:02:36 INFO     Training average mu_mean at step 30800: -2.453386
2025-12-07 14:02:36 INFO     Training average sigma_mean at step 30800: 0.142078
2025-12-07 14:02:36 INFO     Training average regularization at step 30800: 0.006304
2025-12-07 14:02:36 INFO     Training average loss at step 30800: 2.263345
2025-12-07 14:03:32 INFO     Training average positive_fact_loss at step 30900: 0.298917
2025-12-07 14:03:32 INFO     Training average negative_fact_loss at step 30900: 0.276882
2025-12-07 14:03:32 INFO     Training average positive_rule_loss at step 30900: 1.711397
2025-12-07 14:03:32 INFO     Training average negative_rule_loss at step 30900: 2.111419
2025-12-07 14:03:32 INFO     Training average L_uncertainty at step 30900: 59.219468
2025-12-07 14:03:32 INFO     Training average L_kl at step 30900: 58632.312891
2025-12-07 14:03:32 INFO     Training average L_sigma at step 30900: 587.152828
2025-12-07 14:03:32 INFO     Training average mu_mean at step 30900: -2.460159
2025-12-07 14:03:32 INFO     Training average sigma_mean at step 30900: 0.142109
2025-12-07 14:03:32 INFO     Training average regularization at step 30900: 0.006306
2025-12-07 14:03:32 INFO     Training average loss at step 30900: 2.264832
2025-12-07 14:04:33 INFO     Training average positive_fact_loss at step 31000: 0.299482
2025-12-07 14:04:33 INFO     Training average negative_fact_loss at step 31000: 0.276900
2025-12-07 14:04:33 INFO     Training average positive_rule_loss at step 31000: 1.708524
2025-12-07 14:04:33 INFO     Training average negative_rule_loss at step 31000: 2.109712
2025-12-07 14:04:33 INFO     Training average L_uncertainty at step 31000: 59.145741
2025-12-07 14:04:33 INFO     Training average L_kl at step 31000: 58560.518906
2025-12-07 14:04:33 INFO     Training average L_sigma at step 31000: 585.219089
2025-12-07 14:04:33 INFO     Training average mu_mean at step 31000: -2.457800
2025-12-07 14:04:33 INFO     Training average sigma_mean at step 31000: 0.142083
2025-12-07 14:04:33 INFO     Training average regularization at step 31000: 0.006305
2025-12-07 14:04:33 INFO     Training average loss at step 31000: 2.262761
2025-12-07 14:04:33 INFO     Evaluating on Valid Dataset...
2025-12-07 14:04:33 INFO     >>>>> RuleE emb: Evaluating on valid
2025-12-07 14:04:43 INFO     Data : 4274
2025-12-07 14:04:43 INFO     Hit1 : 0.551006
2025-12-07 14:04:43 INFO     Hit3 : 0.779598
2025-12-07 14:04:43 INFO     Hit10: 0.941273
2025-12-07 14:04:43 INFO     MR   : 3.373889
2025-12-07 14:04:43 INFO     MRR  : 0.684917
2025-12-07 14:05:39 INFO     Training average positive_fact_loss at step 31100: 0.299198
2025-12-07 14:05:39 INFO     Training average negative_fact_loss at step 31100: 0.277158
2025-12-07 14:05:39 INFO     Training average positive_rule_loss at step 31100: 1.709305
2025-12-07 14:05:39 INFO     Training average negative_rule_loss at step 31100: 2.112974
2025-12-07 14:05:39 INFO     Training average L_uncertainty at step 31100: 59.140162
2025-12-07 14:05:39 INFO     Training average L_kl at step 31100: 58555.305234
2025-12-07 14:05:39 INFO     Training average L_sigma at step 31100: 584.854388
2025-12-07 14:05:39 INFO     Training average mu_mean at step 31100: -2.457212
2025-12-07 14:05:39 INFO     Training average sigma_mean at step 31100: 0.142076
2025-12-07 14:05:39 INFO     Training average regularization at step 31100: 0.006306
2025-12-07 14:05:39 INFO     Training average loss at step 31100: 2.264764
2025-12-07 14:06:35 INFO     Training average positive_fact_loss at step 31200: 0.298696
2025-12-07 14:06:35 INFO     Training average negative_fact_loss at step 31200: 0.276892
2025-12-07 14:06:35 INFO     Training average positive_rule_loss at step 31200: 1.707403
2025-12-07 14:06:35 INFO     Training average negative_rule_loss at step 31200: 2.114439
2025-12-07 14:06:35 INFO     Training average L_uncertainty at step 31200: 59.058428
2025-12-07 14:06:35 INFO     Training average L_kl at step 31200: 58473.801484
2025-12-07 14:06:35 INFO     Training average L_sigma at step 31200: 584.623492
2025-12-07 14:06:35 INFO     Training average mu_mean at step 31200: -2.452782
2025-12-07 14:06:35 INFO     Training average sigma_mean at step 31200: 0.142073
2025-12-07 14:06:35 INFO     Training average regularization at step 31200: 0.006307
2025-12-07 14:06:35 INFO     Training average loss at step 31200: 2.264080
2025-12-07 14:07:27 INFO     Training average positive_fact_loss at step 31300: 0.299390
2025-12-07 14:07:27 INFO     Training average negative_fact_loss at step 31300: 0.276956
2025-12-07 14:07:27 INFO     Training average positive_rule_loss at step 31300: 1.709863
2025-12-07 14:07:27 INFO     Training average negative_rule_loss at step 31300: 2.107980
2025-12-07 14:07:27 INFO     Training average L_uncertainty at step 31300: 59.240217
2025-12-07 14:07:27 INFO     Training average L_kl at step 31300: 58654.483203
2025-12-07 14:07:27 INFO     Training average L_sigma at step 31300: 585.730838
2025-12-07 14:07:27 INFO     Training average mu_mean at step 31300: -2.458731
2025-12-07 14:07:27 INFO     Training average sigma_mean at step 31300: 0.142085
2025-12-07 14:07:27 INFO     Training average regularization at step 31300: 0.006307
2025-12-07 14:07:27 INFO     Training average loss at step 31300: 2.262642
2025-12-07 14:08:28 INFO     Training average positive_fact_loss at step 31400: 0.298833
2025-12-07 14:08:28 INFO     Training average negative_fact_loss at step 31400: 0.277039
2025-12-07 14:08:28 INFO     Training average positive_rule_loss at step 31400: 1.707942
2025-12-07 14:08:28 INFO     Training average negative_rule_loss at step 31400: 2.114624
2025-12-07 14:08:28 INFO     Training average L_uncertainty at step 31400: 59.119394
2025-12-07 14:08:28 INFO     Training average L_kl at step 31400: 58535.126250
2025-12-07 14:08:28 INFO     Training average L_sigma at step 31400: 584.265087
2025-12-07 14:08:28 INFO     Training average mu_mean at step 31400: -2.454123
2025-12-07 14:08:28 INFO     Training average sigma_mean at step 31400: 0.142067
2025-12-07 14:08:28 INFO     Training average regularization at step 31400: 0.006307
2025-12-07 14:08:28 INFO     Training average loss at step 31400: 2.264645
2025-12-07 14:09:23 INFO     Training average positive_fact_loss at step 31500: 0.299137
2025-12-07 14:09:23 INFO     Training average negative_fact_loss at step 31500: 0.276990
2025-12-07 14:09:23 INFO     Training average positive_rule_loss at step 31500: 1.709436
2025-12-07 14:09:23 INFO     Training average negative_rule_loss at step 31500: 2.110313
2025-12-07 14:09:23 INFO     Training average L_uncertainty at step 31500: 59.165563
2025-12-07 14:09:23 INFO     Training average L_kl at step 31500: 58580.871758
2025-12-07 14:09:23 INFO     Training average L_sigma at step 31500: 584.688531
2025-12-07 14:09:23 INFO     Training average mu_mean at step 31500: -2.454700
2025-12-07 14:09:23 INFO     Training average sigma_mean at step 31500: 0.142074
2025-12-07 14:09:23 INFO     Training average regularization at step 31500: 0.006307
2025-12-07 14:09:23 INFO     Training average loss at step 31500: 2.263411
2025-12-07 14:10:24 INFO     Training average positive_fact_loss at step 31600: 0.299246
2025-12-07 14:10:24 INFO     Training average negative_fact_loss at step 31600: 0.276994
2025-12-07 14:10:24 INFO     Training average positive_rule_loss at step 31600: 1.710638
2025-12-07 14:10:24 INFO     Training average negative_rule_loss at step 31600: 2.112410
2025-12-07 14:10:24 INFO     Training average L_uncertainty at step 31600: 59.226698
2025-12-07 14:10:24 INFO     Training average L_kl at step 31600: 58639.281055
2025-12-07 14:10:24 INFO     Training average L_sigma at step 31600: 587.413702
2025-12-07 14:10:24 INFO     Training average mu_mean at step 31600: -2.459235
2025-12-07 14:10:24 INFO     Training average sigma_mean at step 31600: 0.142113
2025-12-07 14:10:24 INFO     Training average regularization at step 31600: 0.006308
2025-12-07 14:10:24 INFO     Training average loss at step 31600: 2.265178
2025-12-07 14:11:20 INFO     Training average positive_fact_loss at step 31700: 0.298591
2025-12-07 14:11:20 INFO     Training average negative_fact_loss at step 31700: 0.276994
2025-12-07 14:11:20 INFO     Training average positive_rule_loss at step 31700: 1.708349
2025-12-07 14:11:20 INFO     Training average negative_rule_loss at step 31700: 2.112675
2025-12-07 14:11:20 INFO     Training average L_uncertainty at step 31700: 59.056664
2025-12-07 14:11:20 INFO     Training average L_kl at step 31700: 58470.612305
2025-12-07 14:11:20 INFO     Training average L_sigma at step 31700: 586.048940
2025-12-07 14:11:20 INFO     Training average mu_mean at step 31700: -2.452689
2025-12-07 14:11:20 INFO     Training average sigma_mean at step 31700: 0.142091
2025-12-07 14:11:20 INFO     Training average regularization at step 31700: 0.006307
2025-12-07 14:11:20 INFO     Training average loss at step 31700: 2.263668
2025-12-07 14:12:21 INFO     Training average positive_fact_loss at step 31800: 0.298750
2025-12-07 14:12:21 INFO     Training average negative_fact_loss at step 31800: 0.276883
2025-12-07 14:12:21 INFO     Training average positive_rule_loss at step 31800: 1.711593
2025-12-07 14:12:21 INFO     Training average negative_rule_loss at step 31800: 2.106072
2025-12-07 14:12:21 INFO     Training average L_uncertainty at step 31800: 59.174689
2025-12-07 14:12:21 INFO     Training average L_kl at step 31800: 58587.317383
2025-12-07 14:12:21 INFO     Training average L_sigma at step 31800: 587.368835
2025-12-07 14:12:21 INFO     Training average mu_mean at step 31800: -2.457253
2025-12-07 14:12:21 INFO     Training average sigma_mean at step 31800: 0.142112
2025-12-07 14:12:21 INFO     Training average regularization at step 31800: 0.006308
2025-12-07 14:12:21 INFO     Training average loss at step 31800: 2.262131
2025-12-07 14:13:08 INFO     Training average positive_fact_loss at step 31900: 0.299475
2025-12-07 14:13:08 INFO     Training average negative_fact_loss at step 31900: 0.276932
2025-12-07 14:13:08 INFO     Training average positive_rule_loss at step 31900: 1.709312
2025-12-07 14:13:08 INFO     Training average negative_rule_loss at step 31900: 2.110753
2025-12-07 14:13:08 INFO     Training average L_uncertainty at step 31900: 59.258649
2025-12-07 14:13:08 INFO     Training average L_kl at step 31900: 58675.944258
2025-12-07 14:13:08 INFO     Training average L_sigma at step 31900: 582.701788
2025-12-07 14:13:08 INFO     Training average mu_mean at step 31900: -2.460518
2025-12-07 14:13:08 INFO     Training average sigma_mean at step 31900: 0.142041
2025-12-07 14:13:08 INFO     Training average regularization at step 31900: 0.006309
2025-12-07 14:13:08 INFO     Training average loss at step 31900: 2.263804
2025-12-07 14:14:09 INFO     Training average positive_fact_loss at step 32000: 0.298886
2025-12-07 14:14:09 INFO     Training average negative_fact_loss at step 32000: 0.276761
2025-12-07 14:14:09 INFO     Training average positive_rule_loss at step 32000: 1.707596
2025-12-07 14:14:09 INFO     Training average negative_rule_loss at step 32000: 2.115235
2025-12-07 14:14:09 INFO     Training average L_uncertainty at step 32000: 59.070163
2025-12-07 14:14:09 INFO     Training average L_kl at step 32000: 58484.957617
2025-12-07 14:14:09 INFO     Training average L_sigma at step 32000: 585.203083
2025-12-07 14:14:09 INFO     Training average mu_mean at step 32000: -2.452110
2025-12-07 14:14:09 INFO     Training average sigma_mean at step 32000: 0.142081
2025-12-07 14:14:09 INFO     Training average regularization at step 32000: 0.006308
2025-12-07 14:14:09 INFO     Training average loss at step 32000: 2.264617
2025-12-07 14:14:09 INFO     Evaluating on Valid Dataset...
2025-12-07 14:14:09 INFO     >>>>> RuleE emb: Evaluating on valid
2025-12-07 14:14:19 INFO     Data : 4274
2025-12-07 14:14:19 INFO     Hit1 : 0.549602
2025-12-07 14:14:19 INFO     Hit3 : 0.781235
2025-12-07 14:14:19 INFO     Hit10: 0.941741
2025-12-07 14:14:19 INFO     MR   : 3.371783
2025-12-07 14:14:19 INFO     MRR  : 0.684217
2025-12-07 14:15:15 INFO     Training average positive_fact_loss at step 32100: 0.298963
2025-12-07 14:15:15 INFO     Training average negative_fact_loss at step 32100: 0.277166
2025-12-07 14:15:15 INFO     Training average positive_rule_loss at step 32100: 1.707981
2025-12-07 14:15:15 INFO     Training average negative_rule_loss at step 32100: 2.107972
2025-12-07 14:15:15 INFO     Training average L_uncertainty at step 32100: 59.158718
2025-12-07 14:15:15 INFO     Training average L_kl at step 32100: 58572.737656
2025-12-07 14:15:15 INFO     Training average L_sigma at step 32100: 585.977845
2025-12-07 14:15:15 INFO     Training average mu_mean at step 32100: -2.453612
2025-12-07 14:15:15 INFO     Training average sigma_mean at step 32100: 0.142093
2025-12-07 14:15:15 INFO     Training average regularization at step 32100: 0.006310
2025-12-07 14:15:15 INFO     Training average loss at step 32100: 2.261510
2025-12-07 14:16:15 INFO     Training average positive_fact_loss at step 32200: 0.299170
2025-12-07 14:16:15 INFO     Training average negative_fact_loss at step 32200: 0.276791
2025-12-07 14:16:15 INFO     Training average positive_rule_loss at step 32200: 1.708766
2025-12-07 14:16:15 INFO     Training average negative_rule_loss at step 32200: 2.110261
2025-12-07 14:16:15 INFO     Training average L_uncertainty at step 32200: 59.210513
2025-12-07 14:16:15 INFO     Training average L_kl at step 32200: 58626.690352
2025-12-07 14:16:15 INFO     Training average L_sigma at step 32200: 583.820073
2025-12-07 14:16:15 INFO     Training average mu_mean at step 32200: -2.453108
2025-12-07 14:16:15 INFO     Training average sigma_mean at step 32200: 0.142063
2025-12-07 14:16:15 INFO     Training average regularization at step 32200: 0.006308
2025-12-07 14:16:15 INFO     Training average loss at step 32200: 2.263012
2025-12-07 14:17:11 INFO     Training average positive_fact_loss at step 32300: 0.299145
2025-12-07 14:17:11 INFO     Training average negative_fact_loss at step 32300: 0.277120
2025-12-07 14:17:11 INFO     Training average positive_rule_loss at step 32300: 1.708727
2025-12-07 14:17:11 INFO     Training average negative_rule_loss at step 32300: 2.113197
2025-12-07 14:17:11 INFO     Training average L_uncertainty at step 32300: 59.067478
2025-12-07 14:17:11 INFO     Training average L_kl at step 32300: 58481.920273
2025-12-07 14:17:11 INFO     Training average L_sigma at step 32300: 585.555140
2025-12-07 14:17:11 INFO     Training average mu_mean at step 32300: -2.449752
2025-12-07 14:17:11 INFO     Training average sigma_mean at step 32300: 0.142088
2025-12-07 14:17:11 INFO     Training average regularization at step 32300: 0.006308
2025-12-07 14:17:11 INFO     Training average loss at step 32300: 2.264470
2025-12-07 14:18:13 INFO     Training average positive_fact_loss at step 32400: 0.299332
2025-12-07 14:18:13 INFO     Training average negative_fact_loss at step 32400: 0.276664
2025-12-07 14:18:13 INFO     Training average positive_rule_loss at step 32400: 1.708242
2025-12-07 14:18:13 INFO     Training average negative_rule_loss at step 32400: 2.115454
2025-12-07 14:18:13 INFO     Training average L_uncertainty at step 32400: 59.015567
2025-12-07 14:18:13 INFO     Training average L_kl at step 32400: 58430.588594
2025-12-07 14:18:13 INFO     Training average L_sigma at step 32400: 584.975784
2025-12-07 14:18:13 INFO     Training average mu_mean at step 32400: -2.446833
2025-12-07 14:18:13 INFO     Training average sigma_mean at step 32400: 0.142081
2025-12-07 14:18:13 INFO     Training average regularization at step 32400: 0.006309
2025-12-07 14:18:13 INFO     Training average loss at step 32400: 2.265171
2025-12-07 14:19:04 INFO     Training average positive_fact_loss at step 32500: 0.298699
2025-12-07 14:19:04 INFO     Training average negative_fact_loss at step 32500: 0.277084
2025-12-07 14:19:04 INFO     Training average positive_rule_loss at step 32500: 1.710361
2025-12-07 14:19:04 INFO     Training average negative_rule_loss at step 32500: 2.106960
2025-12-07 14:19:04 INFO     Training average L_uncertainty at step 32500: 59.210652
2025-12-07 14:19:04 INFO     Training average L_kl at step 32500: 58624.400273
2025-12-07 14:19:04 INFO     Training average L_sigma at step 32500: 586.248666
2025-12-07 14:19:04 INFO     Training average mu_mean at step 32500: -2.454761
2025-12-07 14:19:04 INFO     Training average sigma_mean at step 32500: 0.142095
2025-12-07 14:19:04 INFO     Training average regularization at step 32500: 0.006310
2025-12-07 14:19:04 INFO     Training average loss at step 32500: 2.262072
2025-12-07 14:20:00 INFO     Training average positive_fact_loss at step 32600: 0.298844
2025-12-07 14:20:00 INFO     Training average negative_fact_loss at step 32600: 0.276946
2025-12-07 14:20:00 INFO     Training average positive_rule_loss at step 32600: 1.709703
2025-12-07 14:20:00 INFO     Training average negative_rule_loss at step 32600: 2.108353
2025-12-07 14:20:00 INFO     Training average L_uncertainty at step 32600: 59.220381
2025-12-07 14:20:00 INFO     Training average L_kl at step 32600: 58633.551875
2025-12-07 14:20:00 INFO     Training average L_sigma at step 32600: 586.825884
2025-12-07 14:20:00 INFO     Training average mu_mean at step 32600: -2.456618
2025-12-07 14:20:00 INFO     Training average sigma_mean at step 32600: 0.142102
2025-12-07 14:20:00 INFO     Training average regularization at step 32600: 0.006311
2025-12-07 14:20:00 INFO     Training average loss at step 32600: 2.262455
2025-12-07 14:20:56 INFO     Training average positive_fact_loss at step 32700: 0.299447
2025-12-07 14:20:56 INFO     Training average negative_fact_loss at step 32700: 0.276858
2025-12-07 14:20:56 INFO     Training average positive_rule_loss at step 32700: 1.707987
2025-12-07 14:20:56 INFO     Training average negative_rule_loss at step 32700: 2.111556
2025-12-07 14:20:56 INFO     Training average L_uncertainty at step 32700: 59.105882
2025-12-07 14:20:56 INFO     Training average L_kl at step 32700: 58521.326719
2025-12-07 14:20:56 INFO     Training average L_sigma at step 32700: 584.552582
2025-12-07 14:20:56 INFO     Training average mu_mean at step 32700: -2.450472
2025-12-07 14:20:56 INFO     Training average sigma_mean at step 32700: 0.142072
2025-12-07 14:20:56 INFO     Training average regularization at step 32700: 0.006312
2025-12-07 14:20:56 INFO     Training average loss at step 32700: 2.263342
2025-12-07 14:21:56 INFO     Training average positive_fact_loss at step 32800: 0.298851
2025-12-07 14:21:56 INFO     Training average negative_fact_loss at step 32800: 0.277022
2025-12-07 14:21:56 INFO     Training average positive_rule_loss at step 32800: 1.712964
2025-12-07 14:21:56 INFO     Training average negative_rule_loss at step 32800: 2.102972
2025-12-07 14:21:56 INFO     Training average L_uncertainty at step 32800: 59.215150
2025-12-07 14:21:56 INFO     Training average L_kl at step 32800: 58627.266641
2025-12-07 14:21:56 INFO     Training average L_sigma at step 32800: 587.880087
2025-12-07 14:21:56 INFO     Training average mu_mean at step 32800: -2.453047
2025-12-07 14:21:56 INFO     Training average sigma_mean at step 32800: 0.142122
2025-12-07 14:21:56 INFO     Training average regularization at step 32800: 0.006308
2025-12-07 14:21:56 INFO     Training average loss at step 32800: 2.261428
2025-12-07 14:22:52 INFO     Training average positive_fact_loss at step 32900: 0.299078
2025-12-07 14:22:52 INFO     Training average negative_fact_loss at step 32900: 0.276733
2025-12-07 14:22:52 INFO     Training average positive_rule_loss at step 32900: 1.708998
2025-12-07 14:22:52 INFO     Training average negative_rule_loss at step 32900: 2.109319
2025-12-07 14:22:52 INFO     Training average L_uncertainty at step 32900: 59.236505
2025-12-07 14:22:52 INFO     Training average L_kl at step 32900: 58653.000273
2025-12-07 14:22:52 INFO     Training average L_sigma at step 32900: 583.502275
2025-12-07 14:22:52 INFO     Training average mu_mean at step 32900: -2.457512
2025-12-07 14:22:52 INFO     Training average sigma_mean at step 32900: 0.142028
2025-12-07 14:22:52 INFO     Training average regularization at step 32900: 0.006307
2025-12-07 14:22:52 INFO     Training average loss at step 32900: 2.262608
2025-12-07 14:23:53 INFO     Training average positive_fact_loss at step 33000: 0.298439
2025-12-07 14:23:53 INFO     Training average negative_fact_loss at step 33000: 0.277218
2025-12-07 14:23:53 INFO     Training average positive_rule_loss at step 33000: 1.707424
2025-12-07 14:23:53 INFO     Training average negative_rule_loss at step 33000: 2.112501
2025-12-07 14:23:53 INFO     Training average L_uncertainty at step 33000: 59.176998
2025-12-07 14:23:53 INFO     Training average L_kl at step 33000: 58589.491602
2025-12-07 14:23:53 INFO     Training average L_sigma at step 33000: 587.504050
2025-12-07 14:23:53 INFO     Training average mu_mean at step 33000: -2.452627
2025-12-07 14:23:53 INFO     Training average sigma_mean at step 33000: 0.142101
2025-12-07 14:23:53 INFO     Training average regularization at step 33000: 0.006309
2025-12-07 14:23:53 INFO     Training average loss at step 33000: 2.263277
2025-12-07 14:23:53 INFO     Evaluating on Valid Dataset...
2025-12-07 14:23:53 INFO     >>>>> RuleE emb: Evaluating on valid
2025-12-07 14:24:04 INFO     Data : 4274
2025-12-07 14:24:04 INFO     Hit1 : 0.548432
2025-12-07 14:24:04 INFO     Hit3 : 0.779130
2025-12-07 14:24:04 INFO     Hit10: 0.940805
2025-12-07 14:24:04 INFO     MR   : 3.373187
2025-12-07 14:24:04 INFO     MRR  : 0.683618
2025-12-07 14:25:00 INFO     Training average positive_fact_loss at step 33100: 0.299495
2025-12-07 14:25:00 INFO     Training average negative_fact_loss at step 33100: 0.276851
2025-12-07 14:25:00 INFO     Training average positive_rule_loss at step 33100: 1.707281
2025-12-07 14:25:00 INFO     Training average negative_rule_loss at step 33100: 2.110822
2025-12-07 14:25:00 INFO     Training average L_uncertainty at step 33100: 59.056935
2025-12-07 14:25:00 INFO     Training average L_kl at step 33100: 58473.937227
2025-12-07 14:25:00 INFO     Training average L_sigma at step 33100: 582.994849
2025-12-07 14:25:00 INFO     Training average mu_mean at step 33100: -2.445917
2025-12-07 14:25:00 INFO     Training average sigma_mean at step 33100: 0.142039
2025-12-07 14:25:00 INFO     Training average regularization at step 33100: 0.006311
2025-12-07 14:25:00 INFO     Training average loss at step 33100: 2.262592
2025-12-07 14:25:52 INFO     Training average positive_fact_loss at step 33200: 0.299075
2025-12-07 14:25:52 INFO     Training average negative_fact_loss at step 33200: 0.276924
2025-12-07 14:25:52 INFO     Training average positive_rule_loss at step 33200: 1.709730
2025-12-07 14:25:52 INFO     Training average negative_rule_loss at step 33200: 2.110588
2025-12-07 14:25:52 INFO     Training average L_uncertainty at step 33200: 59.082591
2025-12-07 14:25:52 INFO     Training average L_kl at step 33200: 58494.686797
2025-12-07 14:25:52 INFO     Training average L_sigma at step 33200: 587.901064
2025-12-07 14:25:52 INFO     Training average mu_mean at step 33200: -2.447495
2025-12-07 14:25:52 INFO     Training average sigma_mean at step 33200: 0.142116
2025-12-07 14:25:52 INFO     Training average regularization at step 33200: 0.006311
2025-12-07 14:25:52 INFO     Training average loss at step 33200: 2.263552
2025-12-07 14:26:47 INFO     Training average positive_fact_loss at step 33300: 0.298890
2025-12-07 14:26:47 INFO     Training average negative_fact_loss at step 33300: 0.277025
2025-12-07 14:26:47 INFO     Training average positive_rule_loss at step 33300: 1.708831
2025-12-07 14:26:47 INFO     Training average negative_rule_loss at step 33300: 2.111131
2025-12-07 14:26:47 INFO     Training average L_uncertainty at step 33300: 59.100502
2025-12-07 14:26:47 INFO     Training average L_kl at step 33300: 58513.110117
2025-12-07 14:26:47 INFO     Training average L_sigma at step 33300: 587.388630
2025-12-07 14:26:47 INFO     Training average mu_mean at step 33300: -2.449385
2025-12-07 14:26:47 INFO     Training average sigma_mean at step 33300: 0.142109
2025-12-07 14:26:47 INFO     Training average regularization at step 33300: 0.006310
2025-12-07 14:26:47 INFO     Training average loss at step 33300: 2.263349
2025-12-07 14:27:48 INFO     Training average positive_fact_loss at step 33400: 0.299166
2025-12-07 14:27:48 INFO     Training average negative_fact_loss at step 33400: 0.276920
2025-12-07 14:27:48 INFO     Training average positive_rule_loss at step 33400: 1.708347
2025-12-07 14:27:48 INFO     Training average negative_rule_loss at step 33400: 2.106913
2025-12-07 14:27:48 INFO     Training average L_uncertainty at step 33400: 59.181708
2025-12-07 14:27:48 INFO     Training average L_kl at step 33400: 58593.895820
2025-12-07 14:27:48 INFO     Training average L_sigma at step 33400: 587.809145
2025-12-07 14:27:48 INFO     Training average mu_mean at step 33400: -2.450633
2025-12-07 14:27:48 INFO     Training average sigma_mean at step 33400: 0.142114
2025-12-07 14:27:48 INFO     Training average regularization at step 33400: 0.006311
2025-12-07 14:27:48 INFO     Training average loss at step 33400: 2.261165
2025-12-07 14:28:44 INFO     Training average positive_fact_loss at step 33500: 0.298607
2025-12-07 14:28:44 INFO     Training average negative_fact_loss at step 33500: 0.276976
2025-12-07 14:28:44 INFO     Training average positive_rule_loss at step 33500: 1.707600
2025-12-07 14:28:44 INFO     Training average negative_rule_loss at step 33500: 2.107843
2025-12-07 14:28:44 INFO     Training average L_uncertainty at step 33500: 59.251224
2025-12-07 14:28:44 INFO     Training average L_kl at step 33500: 58666.281367
2025-12-07 14:28:44 INFO     Training average L_sigma at step 33500: 584.940101
2025-12-07 14:28:44 INFO     Training average mu_mean at step 33500: -2.452456
2025-12-07 14:28:44 INFO     Training average sigma_mean at step 33500: 0.142076
2025-12-07 14:28:44 INFO     Training average regularization at step 33500: 0.006314
2025-12-07 14:28:44 INFO     Training average loss at step 33500: 2.261078
2025-12-07 14:29:45 INFO     Training average positive_fact_loss at step 33600: 0.299368
2025-12-07 14:29:45 INFO     Training average negative_fact_loss at step 33600: 0.276912
2025-12-07 14:29:45 INFO     Training average positive_rule_loss at step 33600: 1.708645
2025-12-07 14:29:45 INFO     Training average negative_rule_loss at step 33600: 2.109530
2025-12-07 14:29:45 INFO     Training average L_uncertainty at step 33600: 59.159774
2025-12-07 14:29:45 INFO     Training average L_kl at step 33600: 58574.586055
2025-12-07 14:29:45 INFO     Training average L_sigma at step 33600: 585.185020
2025-12-07 14:29:45 INFO     Training average mu_mean at step 33600: -2.447532
2025-12-07 14:29:45 INFO     Training average sigma_mean at step 33600: 0.142081
2025-12-07 14:29:45 INFO     Training average regularization at step 33600: 0.006314
2025-12-07 14:29:45 INFO     Training average loss at step 33600: 2.262702
2025-12-07 14:30:42 INFO     Training average positive_fact_loss at step 33700: 0.298674
2025-12-07 14:30:42 INFO     Training average negative_fact_loss at step 33700: 0.276870
2025-12-07 14:30:42 INFO     Training average positive_rule_loss at step 33700: 1.708370
2025-12-07 14:30:42 INFO     Training average negative_rule_loss at step 33700: 2.108850
2025-12-07 14:30:42 INFO     Training average L_uncertainty at step 33700: 59.169250
2025-12-07 14:30:42 INFO     Training average L_kl at step 33700: 58582.461094
2025-12-07 14:30:42 INFO     Training average L_sigma at step 33700: 586.786417
2025-12-07 14:30:42 INFO     Training average mu_mean at step 33700: -2.448233
2025-12-07 14:30:42 INFO     Training average sigma_mean at step 33700: 0.142105
2025-12-07 14:30:42 INFO     Training average regularization at step 33700: 0.006315
2025-12-07 14:30:42 INFO     Training average loss at step 33700: 2.261867
2025-12-07 14:31:38 INFO     Training average positive_fact_loss at step 33800: 0.299302
2025-12-07 14:31:38 INFO     Training average negative_fact_loss at step 33800: 0.276689
2025-12-07 14:31:38 INFO     Training average positive_rule_loss at step 33800: 1.707710
2025-12-07 14:31:38 INFO     Training average negative_rule_loss at step 33800: 2.110853
2025-12-07 14:31:38 INFO     Training average L_uncertainty at step 33800: 59.127997
2025-12-07 14:31:38 INFO     Training average L_kl at step 33800: 58539.870898
2025-12-07 14:31:38 INFO     Training average L_sigma at step 33800: 588.123484
2025-12-07 14:31:38 INFO     Training average mu_mean at step 33800: -2.446190
2025-12-07 14:31:38 INFO     Training average sigma_mean at step 33800: 0.142126
2025-12-07 14:31:38 INFO     Training average regularization at step 33800: 0.006315
2025-12-07 14:31:38 INFO     Training average loss at step 33800: 2.262720
2025-12-07 14:32:29 INFO     Training average positive_fact_loss at step 33900: 0.298782
2025-12-07 14:32:29 INFO     Training average negative_fact_loss at step 33900: 0.277080
2025-12-07 14:32:29 INFO     Training average positive_rule_loss at step 33900: 1.707962
2025-12-07 14:32:29 INFO     Training average negative_rule_loss at step 33900: 2.108385
2025-12-07 14:32:29 INFO     Training average L_uncertainty at step 33900: 59.202380
2025-12-07 14:32:29 INFO     Training average L_kl at step 33900: 58615.228633
2025-12-07 14:32:29 INFO     Training average L_sigma at step 33900: 587.148075
2025-12-07 14:32:29 INFO     Training average mu_mean at step 33900: -2.448387
2025-12-07 14:32:29 INFO     Training average sigma_mean at step 33900: 0.142107
2025-12-07 14:32:29 INFO     Training average regularization at step 33900: 0.006316
2025-12-07 14:32:29 INFO     Training average loss at step 33900: 2.261623
2025-12-07 14:33:30 INFO     Training average positive_fact_loss at step 34000: 0.299036
2025-12-07 14:33:30 INFO     Training average negative_fact_loss at step 34000: 0.276991
2025-12-07 14:33:30 INFO     Training average positive_rule_loss at step 34000: 1.709771
2025-12-07 14:33:30 INFO     Training average negative_rule_loss at step 34000: 2.105551
2025-12-07 14:33:30 INFO     Training average L_uncertainty at step 34000: 59.095375
2025-12-07 14:33:30 INFO     Training average L_kl at step 34000: 58510.942422
2025-12-07 14:33:30 INFO     Training average L_sigma at step 34000: 584.429307
2025-12-07 14:33:30 INFO     Training average mu_mean at step 34000: -2.443382
2025-12-07 14:33:30 INFO     Training average sigma_mean at step 34000: 0.142069
2025-12-07 14:33:30 INFO     Training average regularization at step 34000: 0.006317
2025-12-07 14:33:30 INFO     Training average loss at step 34000: 2.261087
2025-12-07 14:33:30 INFO     Evaluating on Valid Dataset...
2025-12-07 14:33:30 INFO     >>>>> RuleE emb: Evaluating on valid
2025-12-07 14:33:40 INFO     Data : 4274
2025-12-07 14:33:40 INFO     Hit1 : 0.548198
2025-12-07 14:33:40 INFO     Hit3 : 0.780767
2025-12-07 14:33:40 INFO     Hit10: 0.941507
2025-12-07 14:33:40 INFO     MR   : 3.365232
2025-12-07 14:33:40 INFO     MRR  : 0.683839
2025-12-07 14:34:36 INFO     Training average positive_fact_loss at step 34100: 0.299031
2025-12-07 14:34:36 INFO     Training average negative_fact_loss at step 34100: 0.276727
2025-12-07 14:34:36 INFO     Training average positive_rule_loss at step 34100: 1.709025
2025-12-07 14:34:36 INFO     Training average negative_rule_loss at step 34100: 2.106151
2025-12-07 14:34:36 INFO     Training average L_uncertainty at step 34100: 59.286309
2025-12-07 14:34:36 INFO     Training average L_kl at step 34100: 58698.501836
2025-12-07 14:34:36 INFO     Training average L_sigma at step 34100: 587.804782
2025-12-07 14:34:36 INFO     Training average mu_mean at step 34100: -2.452860
2025-12-07 14:34:36 INFO     Training average sigma_mean at step 34100: 0.142117
2025-12-07 14:34:36 INFO     Training average regularization at step 34100: 0.006316
2025-12-07 14:34:36 INFO     Training average loss at step 34100: 2.261070
2025-12-07 14:35:37 INFO     Training average positive_fact_loss at step 34200: 0.298672
2025-12-07 14:35:37 INFO     Training average negative_fact_loss at step 34200: 0.276930
2025-12-07 14:35:37 INFO     Training average positive_rule_loss at step 34200: 1.708345
2025-12-07 14:35:37 INFO     Training average negative_rule_loss at step 34200: 2.106466
2025-12-07 14:35:37 INFO     Training average L_uncertainty at step 34200: 59.193426
2025-12-07 14:35:37 INFO     Training average L_kl at step 34200: 58608.956367
2025-12-07 14:35:37 INFO     Training average L_sigma at step 34200: 584.466674
2025-12-07 14:35:37 INFO     Training average mu_mean at step 34200: -2.448297
2025-12-07 14:35:37 INFO     Training average sigma_mean at step 34200: 0.142071
2025-12-07 14:35:37 INFO     Training average regularization at step 34200: 0.006315
2025-12-07 14:35:37 INFO     Training average loss at step 34200: 2.260716
2025-12-07 14:36:33 INFO     Training average positive_fact_loss at step 34300: 0.299236
2025-12-07 14:36:33 INFO     Training average negative_fact_loss at step 34300: 0.277230
2025-12-07 14:36:33 INFO     Training average positive_rule_loss at step 34300: 1.707976
2025-12-07 14:36:33 INFO     Training average negative_rule_loss at step 34300: 2.109524
2025-12-07 14:36:33 INFO     Training average L_uncertainty at step 34300: 59.218026
2025-12-07 14:36:33 INFO     Training average L_kl at step 34300: 58634.996641
2025-12-07 14:36:33 INFO     Training average L_sigma at step 34300: 583.027064
2025-12-07 14:36:33 INFO     Training average mu_mean at step 34300: -2.448086
2025-12-07 14:36:33 INFO     Training average sigma_mean at step 34300: 0.142050
2025-12-07 14:36:33 INFO     Training average regularization at step 34300: 0.006315
2025-12-07 14:36:33 INFO     Training average loss at step 34300: 2.262516
2025-12-07 14:37:33 INFO     Training average positive_fact_loss at step 34400: 0.299486
2025-12-07 14:37:33 INFO     Training average negative_fact_loss at step 34400: 0.276810
2025-12-07 14:37:33 INFO     Training average positive_rule_loss at step 34400: 1.707485
2025-12-07 14:37:33 INFO     Training average negative_rule_loss at step 34400: 2.114484
2025-12-07 14:37:33 INFO     Training average L_uncertainty at step 34400: 59.008620
2025-12-07 14:37:33 INFO     Training average L_kl at step 34400: 58424.644414
2025-12-07 14:37:33 INFO     Training average L_sigma at step 34400: 583.972641
2025-12-07 14:37:33 INFO     Training average mu_mean at step 34400: -2.439589
2025-12-07 14:37:33 INFO     Training average sigma_mean at step 34400: 0.142066
2025-12-07 14:37:33 INFO     Training average regularization at step 34400: 0.006316
2025-12-07 14:37:33 INFO     Training average loss at step 34400: 2.264457
2025-12-07 14:38:20 INFO     Training average positive_fact_loss at step 34500: 0.299172
2025-12-07 14:38:20 INFO     Training average negative_fact_loss at step 34500: 0.276986
2025-12-07 14:38:20 INFO     Training average positive_rule_loss at step 34500: 1.708059
2025-12-07 14:38:20 INFO     Training average negative_rule_loss at step 34500: 2.105313
2025-12-07 14:38:20 INFO     Training average L_uncertainty at step 34500: 59.216442
2025-12-07 14:38:20 INFO     Training average L_kl at step 34500: 58630.212539
2025-12-07 14:38:20 INFO     Training average L_sigma at step 34500: 586.226130
2025-12-07 14:38:20 INFO     Training average mu_mean at step 34500: -2.446482
2025-12-07 14:38:20 INFO     Training average sigma_mean at step 34500: 0.142101
2025-12-07 14:38:20 INFO     Training average regularization at step 34500: 0.006315
2025-12-07 14:38:20 INFO     Training average loss at step 34500: 2.260296
2025-12-07 14:39:21 INFO     Training average positive_fact_loss at step 34600: 0.298736
2025-12-07 14:39:21 INFO     Training average negative_fact_loss at step 34600: 0.276867
2025-12-07 14:39:21 INFO     Training average positive_rule_loss at step 34600: 1.708636
2025-12-07 14:39:21 INFO     Training average negative_rule_loss at step 34600: 2.107386
2025-12-07 14:39:21 INFO     Training average L_uncertainty at step 34600: 59.177408
2025-12-07 14:39:21 INFO     Training average L_kl at step 34600: 58590.747930
2025-12-07 14:39:21 INFO     Training average L_sigma at step 34600: 586.656819
2025-12-07 14:39:21 INFO     Training average mu_mean at step 34600: -2.444969
2025-12-07 14:39:21 INFO     Training average sigma_mean at step 34600: 0.142107
2025-12-07 14:39:21 INFO     Training average regularization at step 34600: 0.006315
2025-12-07 14:39:21 INFO     Training average loss at step 34600: 2.261305
2025-12-07 14:40:17 INFO     Training average positive_fact_loss at step 34700: 0.298653
2025-12-07 14:40:17 INFO     Training average negative_fact_loss at step 34700: 0.276880
2025-12-07 14:40:17 INFO     Training average positive_rule_loss at step 34700: 1.707722
2025-12-07 14:40:17 INFO     Training average negative_rule_loss at step 34700: 2.105828
2025-12-07 14:40:17 INFO     Training average L_uncertainty at step 34700: 59.214302
2025-12-07 14:40:17 INFO     Training average L_kl at step 34700: 58631.172617
2025-12-07 14:40:17 INFO     Training average L_sigma at step 34700: 583.126750
2025-12-07 14:40:17 INFO     Training average mu_mean at step 34700: -2.446532
2025-12-07 14:40:17 INFO     Training average sigma_mean at step 34700: 0.142050
2025-12-07 14:40:17 INFO     Training average regularization at step 34700: 0.006316
2025-12-07 14:40:17 INFO     Training average loss at step 34700: 2.260072
2025-12-07 14:41:19 INFO     Training average positive_fact_loss at step 34800: 0.298769
2025-12-07 14:41:19 INFO     Training average negative_fact_loss at step 34800: 0.277084
2025-12-07 14:41:19 INFO     Training average positive_rule_loss at step 34800: 1.707999
2025-12-07 14:41:19 INFO     Training average negative_rule_loss at step 34800: 2.105490
2025-12-07 14:41:19 INFO     Training average L_uncertainty at step 34800: 59.230606
2025-12-07 14:41:19 INFO     Training average L_kl at step 34800: 58646.821016
2025-12-07 14:41:19 INFO     Training average L_sigma at step 34800: 583.782017
2025-12-07 14:41:19 INFO     Training average mu_mean at step 34800: -2.445874
2025-12-07 14:41:19 INFO     Training average sigma_mean at step 34800: 0.142061
2025-12-07 14:41:19 INFO     Training average regularization at step 34800: 0.006317
2025-12-07 14:41:19 INFO     Training average loss at step 34800: 2.260218
2025-12-07 14:42:15 INFO     Training average positive_fact_loss at step 34900: 0.300040
2025-12-07 14:42:15 INFO     Training average negative_fact_loss at step 34900: 0.277006
2025-12-07 14:42:15 INFO     Training average positive_rule_loss at step 34900: 1.709445
2025-12-07 14:42:15 INFO     Training average negative_rule_loss at step 34900: 2.104721
2025-12-07 14:42:15 INFO     Training average L_uncertainty at step 34900: 59.229275
2025-12-07 14:42:15 INFO     Training average L_kl at step 34900: 58643.364961
2025-12-07 14:42:15 INFO     Training average L_sigma at step 34900: 585.907759
2025-12-07 14:42:15 INFO     Training average mu_mean at step 34900: -2.446038
2025-12-07 14:42:15 INFO     Training average sigma_mean at step 34900: 0.142087
2025-12-07 14:42:15 INFO     Training average regularization at step 34900: 0.006316
2025-12-07 14:42:15 INFO     Training average loss at step 34900: 2.261152
2025-12-07 14:43:16 INFO     Training average positive_fact_loss at step 35000: 0.298729
2025-12-07 14:43:16 INFO     Training average negative_fact_loss at step 35000: 0.276985
2025-12-07 14:43:16 INFO     Training average positive_rule_loss at step 35000: 1.708347
2025-12-07 14:43:16 INFO     Training average negative_rule_loss at step 35000: 2.111610
2025-12-07 14:43:16 INFO     Training average L_uncertainty at step 35000: 59.124765
2025-12-07 14:43:16 INFO     Training average L_kl at step 35000: 58539.620156
2025-12-07 14:43:16 INFO     Training average L_sigma at step 35000: 585.141553
2025-12-07 14:43:16 INFO     Training average mu_mean at step 35000: -2.443133
2025-12-07 14:43:16 INFO     Training average sigma_mean at step 35000: 0.142080
2025-12-07 14:43:16 INFO     Training average regularization at step 35000: 0.006315
2025-12-07 14:43:16 INFO     Training average loss at step 35000: 2.263275
2025-12-07 14:43:16 INFO     Evaluating on Valid Dataset...
2025-12-07 14:43:16 INFO     >>>>> RuleE emb: Evaluating on valid
2025-12-07 14:43:27 INFO     Data : 4274
2025-12-07 14:43:27 INFO     Hit1 : 0.549368
2025-12-07 14:43:27 INFO     Hit3 : 0.779832
2025-12-07 14:43:27 INFO     Hit10: 0.941273
2025-12-07 14:43:27 INFO     MR   : 3.371081
2025-12-07 14:43:27 INFO     MRR  : 0.683784
2025-12-07 14:43:27 INFO     Finishing pre-training!
2025-12-07 14:43:27 INFO     Test the results of pre-training
2025-12-07 14:43:27 INFO     >>>>> RuleE emb: Evaluating on valid
2025-12-07 14:43:37 INFO     Data : 4274
2025-12-07 14:43:37 INFO     Hit1 : 0.552176
2025-12-07 14:43:37 INFO     Hit3 : 0.781703
2025-12-07 14:43:37 INFO     Hit10: 0.943145
2025-12-07 14:43:37 INFO     MR   : 3.352597
2025-12-07 14:43:37 INFO     MRR  : 0.686166
2025-12-07 14:43:37 INFO     >>>>> RuleE emb: Evaluating on test
2025-12-07 14:43:49 INFO     Data : 10686
2025-12-07 14:43:49 INFO     Hit1 : 0.542298
2025-12-07 14:43:49 INFO     Hit3 : 0.774471
2025-12-07 14:43:49 INFO     Hit10: 0.936552
2025-12-07 14:43:49 INFO     MR   : 3.469493
2025-12-07 14:43:49 INFO     MRR  : 0.678459
2025-12-07 14:43:49 INFO     Pre-computed rule_mu for grounding: mean=-2.464119, std=1.643956
2025-12-07 14:43:49 INFO     >>>>> RulE: Grounding-Training
2025-12-07 14:43:49 INFO     -------------------------
2025-12-07 14:43:49 INFO     | Iteration: 1/10
2025-12-07 14:43:49 INFO     -------------------------
2025-12-07 14:44:05 INFO     loss:    10 224 4.460926 3026.4
2025-12-07 14:44:25 INFO     loss:    20 224 4.024551 3213.6
2025-12-07 14:44:29 INFO     loss:    30 224 4.186534 2849.6
2025-12-07 14:44:53 INFO     loss:    40 224 4.542623 3307.2
2025-12-07 14:45:20 INFO     loss:    50 224 3.832981 2943.2
2025-12-07 14:45:39 INFO     loss:    60 224 3.571599 2776.8
2025-12-07 14:45:47 INFO     loss:    70 224 4.265320 2412.8
2025-12-07 14:46:07 INFO     loss:    80 224 3.669268 2943.2
2025-12-07 14:46:21 INFO     loss:    90 224 3.432288 3036.8
2025-12-07 14:46:41 INFO     loss:    100 224 4.538785 2683.2
2025-12-07 14:46:55 INFO     loss:    110 224 4.126393 2964.0
2025-12-07 14:47:23 INFO     loss:    120 224 3.335213 3328.0
2025-12-07 14:47:46 INFO     loss:    130 224 4.387867 2870.4
2025-12-07 14:48:00 INFO     loss:    140 224 3.140769 3244.8
2025-12-07 14:48:14 INFO     loss:    150 224 3.142144 3203.2
2025-12-07 14:48:20 INFO     loss:    160 224 2.799623 3244.8
2025-12-07 14:48:28 INFO     loss:    170 224 3.197910 2329.6
2025-12-07 14:48:42 INFO     loss:    180 224 3.015534 2995.2
2025-12-07 14:48:56 INFO     loss:    190 224 2.995798 3068.0
2025-12-07 14:49:14 INFO     loss:    200 224 2.810611 2922.4
2025-12-07 14:49:30 INFO     loss:    210 224 2.750937 2984.8
2025-12-07 14:49:49 INFO     loss:    220 224 2.532999 3328.0
2025-12-07 14:49:56 INFO     >>>>> Predictor: Evaluating on valid
2025-12-07 14:52:48 INFO     Data : 4274
2025-12-07 14:52:48 INFO     Hit1 : 0.511231
2025-12-07 14:52:48 INFO     Hit3 : 0.760412
2025-12-07 14:52:48 INFO     Hit10: 0.943847
2025-12-07 14:52:48 INFO     MR   : 3.407347
2025-12-07 14:52:48 INFO     MRR  : 0.659337
2025-12-07 14:52:48 INFO     Save checkpoint to kinship\grounding.pt
2025-12-07 14:52:49 INFO     -------------------------
2025-12-07 14:52:49 INFO     | Iteration: 2/10
2025-12-07 14:52:49 INFO     -------------------------
2025-12-07 14:53:10 INFO     loss:    10 224 3.154667 3026.4
2025-12-07 14:53:29 INFO     loss:    20 224 2.813472 3213.6
2025-12-07 14:53:33 INFO     loss:    30 224 2.740343 2849.6
2025-12-07 14:53:56 INFO     loss:    40 224 2.721086 3307.2
2025-12-07 14:54:21 INFO     loss:    50 224 3.066674 2943.2
2025-12-07 14:54:41 INFO     loss:    60 224 2.681985 2776.8
2025-12-07 14:54:49 INFO     loss:    70 224 2.676755 2412.8
2025-12-07 14:55:08 INFO     loss:    80 224 2.946533 2943.2
2025-12-07 14:55:22 INFO     loss:    90 224 2.789984 3036.8
2025-12-07 14:55:42 INFO     loss:    100 224 2.250764 2683.2
2025-12-07 14:55:56 INFO     loss:    110 224 2.813348 2964.0
2025-12-07 14:56:25 INFO     loss:    120 224 2.826690 3328.0
2025-12-07 14:56:48 INFO     loss:    130 224 2.059151 2870.4
2025-12-07 14:57:02 INFO     loss:    140 224 2.833920 3244.8
2025-12-07 14:57:16 INFO     loss:    150 224 2.663492 3203.2
2025-12-07 14:57:22 INFO     loss:    160 224 2.142739 3244.8
2025-12-07 14:57:30 INFO     loss:    170 224 2.950867 2329.6
2025-12-07 14:57:44 INFO     loss:    180 224 2.271316 2995.2
2025-12-07 14:57:58 INFO     loss:    190 224 2.817393 3068.0
2025-12-07 14:58:16 INFO     loss:    200 224 2.473497 2922.4
2025-12-07 14:58:32 INFO     loss:    210 224 2.284626 2984.8
2025-12-07 14:58:51 INFO     loss:    220 224 2.251892 3328.0
2025-12-07 14:58:58 INFO     >>>>> Predictor: Evaluating on valid
2025-12-07 15:01:52 INFO     Data : 4274
2025-12-07 15:01:52 INFO     Hit1 : 0.546093
2025-12-07 15:01:52 INFO     Hit3 : 0.798783
2025-12-07 15:01:52 INFO     Hit10: 0.955311
2025-12-07 15:01:52 INFO     MR   : 3.127983
2025-12-07 15:01:52 INFO     MRR  : 0.689563
2025-12-07 15:01:52 INFO     Save checkpoint to kinship\grounding.pt
2025-12-07 15:01:53 INFO     -------------------------
2025-12-07 15:01:53 INFO     | Iteration: 3/10
2025-12-07 15:01:53 INFO     -------------------------
2025-12-07 15:02:14 INFO     loss:    10 224 2.984921 3026.4
2025-12-07 15:02:32 INFO     loss:    20 224 2.642745 3213.6
2025-12-07 15:02:37 INFO     loss:    30 224 2.322495 2849.6
2025-12-07 15:03:00 INFO     loss:    40 224 2.416259 3307.2
2025-12-07 15:03:25 INFO     loss:    50 224 2.942934 2943.2
2025-12-07 15:03:45 INFO     loss:    60 224 2.457300 2776.8
2025-12-07 15:03:53 INFO     loss:    70 224 2.383726 2412.8
2025-12-07 15:04:13 INFO     loss:    80 224 2.778091 2943.2
2025-12-07 15:04:27 INFO     loss:    90 224 2.555332 3036.8
2025-12-07 15:04:47 INFO     loss:    100 224 0.272414 2683.2
2025-12-07 15:05:00 INFO     loss:    110 224 2.177254 2964.0
2025-12-07 15:05:29 INFO     loss:    120 224 2.600599 3328.0
2025-12-07 15:05:51 INFO     loss:    130 224 0.295760 2870.4
2025-12-07 15:06:06 INFO     loss:    140 224 2.600190 3244.8
2025-12-07 15:06:20 INFO     loss:    150 224 2.457560 3203.2
2025-12-07 15:06:25 INFO     loss:    160 224 1.818698 3244.8
2025-12-07 15:06:34 INFO     loss:    170 224 2.843735 2329.6
2025-12-07 15:06:47 INFO     loss:    180 224 1.886197 2995.2
2025-12-07 15:07:02 INFO     loss:    190 224 2.697904 3068.0
2025-12-07 15:07:20 INFO     loss:    200 224 2.278730 2922.4
2025-12-07 15:07:36 INFO     loss:    210 224 2.020577 2984.8
2025-12-07 15:07:55 INFO     loss:    220 224 2.035372 3328.0
2025-12-07 15:08:02 INFO     >>>>> Predictor: Evaluating on valid
2025-12-07 15:10:55 INFO     Data : 4274
2025-12-07 15:10:55 INFO     Hit1 : 0.536968
2025-12-07 15:10:55 INFO     Hit3 : 0.782873
2025-12-07 15:10:55 INFO     Hit10: 0.951568
2025-12-07 15:10:55 INFO     MR   : 3.228124
2025-12-07 15:10:55 INFO     MRR  : 0.679965
2025-12-07 15:10:55 INFO     -------------------------
2025-12-07 15:10:55 INFO     | Iteration: 4/10
2025-12-07 15:10:55 INFO     -------------------------
2025-12-07 15:11:16 INFO     loss:    10 224 2.870413 3026.4
2025-12-07 15:11:35 INFO     loss:    20 224 2.460231 3213.6
2025-12-07 15:11:39 INFO     loss:    30 224 1.942045 2849.6
2025-12-07 15:12:02 INFO     loss:    40 224 2.077819 3307.2
2025-12-07 15:12:27 INFO     loss:    50 224 2.827942 2943.2
2025-12-07 15:12:47 INFO     loss:    60 224 2.240289 2776.8
2025-12-07 15:12:55 INFO     loss:    70 224 2.093768 2412.8
2025-12-07 15:13:14 INFO     loss:    80 224 2.606199 2943.2
2025-12-07 15:13:28 INFO     loss:    90 224 2.345335 3036.8
2025-12-07 15:13:48 INFO     loss:    100 224 0.026028 2683.2
2025-12-07 15:14:02 INFO     loss:    110 224 1.711212 2964.0
2025-12-07 15:14:30 INFO     loss:    120 224 2.376074 3328.0
2025-12-07 15:14:53 INFO     loss:    130 224 0.033889 2870.4
2025-12-07 15:15:07 INFO     loss:    140 224 2.306808 3244.8
2025-12-07 15:15:21 INFO     loss:    150 224 2.229827 3203.2
2025-12-07 15:15:27 INFO     loss:    160 224 1.494291 3244.8
2025-12-07 15:15:35 INFO     loss:    170 224 2.816555 2329.6
2025-12-07 15:15:49 INFO     loss:    180 224 1.504768 2995.2
2025-12-07 15:16:03 INFO     loss:    190 224 2.558737 3068.0
2025-12-07 15:16:21 INFO     loss:    200 224 2.074848 2922.4
2025-12-07 15:16:37 INFO     loss:    210 224 1.725671 2984.8
2025-12-07 15:16:56 INFO     loss:    220 224 1.796196 3328.0
2025-12-07 15:17:03 INFO     >>>>> Predictor: Evaluating on valid
2025-12-07 15:19:58 INFO     Data : 4274
2025-12-07 15:19:58 INFO     Hit1 : 0.495555
2025-12-07 15:19:58 INFO     Hit3 : 0.761114
2025-12-07 15:19:58 INFO     Hit10: 0.944080
2025-12-07 15:19:58 INFO     MR   : 3.484558
2025-12-07 15:19:58 INFO     MRR  : 0.650404
2025-12-07 15:19:58 INFO     -------------------------
2025-12-07 15:19:58 INFO     | Iteration: 5/10
2025-12-07 15:19:58 INFO     -------------------------
2025-12-07 15:20:19 INFO     loss:    10 224 2.739023 3026.4
2025-12-07 15:20:38 INFO     loss:    20 224 2.247745 3213.6
2025-12-07 15:20:42 INFO     loss:    30 224 1.544563 2849.6
2025-12-07 15:21:06 INFO     loss:    40 224 1.725228 3307.2
2025-12-07 15:21:31 INFO     loss:    50 224 2.697486 2943.2
2025-12-07 15:21:51 INFO     loss:    60 224 2.002076 2776.8
2025-12-07 15:21:59 INFO     loss:    70 224 1.816424 2412.8
2025-12-07 15:22:19 INFO     loss:    80 224 2.423632 2943.2
2025-12-07 15:22:33 INFO     loss:    90 224 2.126500 3036.8
2025-12-07 15:22:53 INFO     loss:    100 224 0.004355 2683.2
2025-12-07 15:23:07 INFO     loss:    110 224 1.307709 2964.0
2025-12-07 15:23:35 INFO     loss:    120 224 2.177260 3328.0
2025-12-07 15:23:58 INFO     loss:    130 224 0.006343 2870.4
2025-12-07 15:24:13 INFO     loss:    140 224 1.983621 3244.8
2025-12-07 15:24:27 INFO     loss:    150 224 1.994645 3203.2
2025-12-07 15:24:32 INFO     loss:    160 224 1.188020 3244.8
2025-12-07 15:24:41 INFO     loss:    170 224 2.721228 2329.6
2025-12-07 15:24:54 INFO     loss:    180 224 1.155312 2995.2
2025-12-07 15:25:08 INFO     loss:    190 224 2.320831 3068.0
2025-12-07 15:25:27 INFO     loss:    200 224 1.853525 2922.4
2025-12-07 15:25:43 INFO     loss:    210 224 1.377185 2984.8
2025-12-07 15:26:02 INFO     loss:    220 224 1.549775 3328.0
2025-12-07 15:26:09 INFO     >>>>> Predictor: Evaluating on valid
2025-12-07 15:29:02 INFO     Data : 4274
2025-12-07 15:29:02 INFO     Hit1 : 0.459991
2025-12-07 15:29:02 INFO     Hit3 : 0.730229
2025-12-07 15:29:02 INFO     Hit10: 0.935891
2025-12-07 15:29:02 INFO     MR   : 3.807206
2025-12-07 15:29:02 INFO     MRR  : 0.620772
2025-12-07 15:29:02 INFO     -------------------------
2025-12-07 15:29:02 INFO     | Iteration: 6/10
2025-12-07 15:29:02 INFO     -------------------------
2025-12-07 15:29:23 INFO     loss:    10 224 2.672384 3026.4
2025-12-07 15:29:41 INFO     loss:    20 224 2.013120 3213.6
2025-12-07 15:29:46 INFO     loss:    30 224 1.226573 2849.6
2025-12-07 15:30:09 INFO     loss:    40 224 1.355570 3307.2
2025-12-07 15:30:35 INFO     loss:    50 224 2.592771 2943.2
2025-12-07 15:30:54 INFO     loss:    60 224 1.797664 2776.8
2025-12-07 15:31:02 INFO     loss:    70 224 1.478875 2412.8
2025-12-07 15:31:22 INFO     loss:    80 224 2.160966 2943.2
2025-12-07 15:31:36 INFO     loss:    90 224 1.896913 3036.8
2025-12-07 15:31:56 INFO     loss:    100 224 0.000963 2683.2
2025-12-07 15:32:10 INFO     loss:    110 224 1.110306 2964.0
2025-12-07 15:32:38 INFO     loss:    120 224 1.905107 3328.0
2025-12-07 15:33:00 INFO     loss:    130 224 0.001579 2870.4
2025-12-07 15:33:15 INFO     loss:    140 224 1.707039 3244.8
2025-12-07 15:33:30 INFO     loss:    150 224 1.814523 3203.2
2025-12-07 15:33:35 INFO     loss:    160 224 1.054675 3244.8
2025-12-07 15:33:43 INFO     loss:    170 224 2.451539 2329.6
2025-12-07 15:33:57 INFO     loss:    180 224 0.958524 2995.2
2025-12-07 15:34:11 INFO     loss:    190 224 2.138063 3068.0
2025-12-07 15:34:29 INFO     loss:    200 224 1.679364 2922.4
2025-12-07 15:34:45 INFO     loss:    210 224 1.106880 2984.8
2025-12-07 15:35:04 INFO     loss:    220 224 1.360782 3328.0
2025-12-07 15:35:11 INFO     >>>>> Predictor: Evaluating on valid
2025-12-07 15:38:05 INFO     Data : 4274
2025-12-07 15:38:05 INFO     Hit1 : 0.441741
2025-12-07 15:38:05 INFO     Hit3 : 0.708704
2025-12-07 15:38:05 INFO     Hit10: 0.927936
2025-12-07 15:38:05 INFO     MR   : 4.108797
2025-12-07 15:38:05 INFO     MRR  : 0.604195
2025-12-07 15:38:05 INFO     -------------------------
2025-12-07 15:38:05 INFO     | Iteration: 7/10
2025-12-07 15:38:05 INFO     -------------------------
2025-12-07 15:38:26 INFO     loss:    10 224 2.445545 3026.4
2025-12-07 15:38:44 INFO     loss:    20 224 1.880591 3213.6
2025-12-07 15:38:49 INFO     loss:    30 224 1.030910 2849.6
2025-12-07 15:39:12 INFO     loss:    40 224 1.270075 3307.2
2025-12-07 15:39:37 INFO     loss:    50 224 2.433043 2943.2
2025-12-07 15:39:57 INFO     loss:    60 224 1.634997 2776.8
2025-12-07 15:40:05 INFO     loss:    70 224 1.431190 2412.8
2025-12-07 15:40:25 INFO     loss:    80 224 1.900664 2943.2
2025-12-07 15:40:39 INFO     loss:    90 224 1.617625 3036.8
2025-12-07 15:40:59 INFO     loss:    100 224 0.000276 2683.2
2025-12-07 15:41:13 INFO     loss:    110 224 0.932845 2964.0
2025-12-07 15:41:41 INFO     loss:    120 224 1.959477 3328.0
2025-12-07 15:42:04 INFO     loss:    130 224 0.000450 2870.4
2025-12-07 15:42:19 INFO     loss:    140 224 1.492659 3244.8
2025-12-07 15:42:33 INFO     loss:    150 224 1.706878 3203.2
2025-12-07 15:42:38 INFO     loss:    160 224 1.155843 3244.8
2025-12-07 15:42:46 INFO     loss:    170 224 2.328276 2329.6
2025-12-07 15:43:00 INFO     loss:    180 224 0.885640 2995.2
2025-12-07 15:43:14 INFO     loss:    190 224 2.267536 3068.0
2025-12-07 15:43:33 INFO     loss:    200 224 1.613754 2922.4
2025-12-07 15:43:48 INFO     loss:    210 224 1.198622 2984.8
2025-12-07 15:44:08 INFO     loss:    220 224 1.265185 3328.0
2025-12-07 15:44:14 INFO     >>>>> Predictor: Evaluating on valid
2025-12-07 15:47:07 INFO     Data : 4274
2025-12-07 15:47:07 INFO     Hit1 : 0.424427
2025-12-07 15:47:07 INFO     Hit3 : 0.691858
2025-12-07 15:47:07 INFO     Hit10: 0.921853
2025-12-07 15:47:07 INFO     MR   : 4.319139
2025-12-07 15:47:07 INFO     MRR  : 0.588606
2025-12-07 15:47:07 INFO     -------------------------
2025-12-07 15:47:07 INFO     | Iteration: 8/10
2025-12-07 15:47:07 INFO     -------------------------
2025-12-07 15:47:28 INFO     loss:    10 224 2.286716 3026.4
2025-12-07 15:47:46 INFO     loss:    20 224 1.628991 3213.6
2025-12-07 15:47:51 INFO     loss:    30 224 0.879216 2849.6
2025-12-07 15:48:15 INFO     loss:    40 224 1.788042 3307.2
2025-12-07 15:48:40 INFO     loss:    50 224 2.336006 2943.2
2025-12-07 15:48:59 INFO     loss:    60 224 1.423362 2776.8
2025-12-07 15:49:07 INFO     loss:    70 224 1.525045 2412.8
2025-12-07 15:49:27 INFO     loss:    80 224 1.714360 2943.2
2025-12-07 15:49:41 INFO     loss:    90 224 1.351377 3036.8
2025-12-07 15:50:01 INFO     loss:    100 224 0.000105 2683.2
2025-12-07 15:50:15 INFO     loss:    110 224 0.846524 2964.0
2025-12-07 15:50:43 INFO     loss:    120 224 1.545256 3328.0
2025-12-07 15:51:06 INFO     loss:    130 224 0.000175 2870.4
2025-12-07 15:51:20 INFO     loss:    140 224 1.338067 3244.8
2025-12-07 15:51:34 INFO     loss:    150 224 1.658957 3203.2
2025-12-07 15:51:39 INFO     loss:    160 224 0.891574 3244.8
2025-12-07 15:51:48 INFO     loss:    170 224 2.056775 2329.6
2025-12-07 15:52:02 INFO     loss:    180 224 0.780120 2995.2
2025-12-07 15:52:16 INFO     loss:    190 224 1.888267 3068.0
2025-12-07 15:52:34 INFO     loss:    200 224 1.479737 2922.4
2025-12-07 15:52:50 INFO     loss:    210 224 0.981617 2984.8
2025-12-07 15:53:09 INFO     loss:    220 224 1.152622 3328.0
2025-12-07 15:53:16 INFO     >>>>> Predictor: Evaluating on valid
2025-12-07 15:56:09 INFO     Data : 4274
2025-12-07 15:56:09 INFO     Hit1 : 0.423023
2025-12-07 15:56:09 INFO     Hit3 : 0.693964
2025-12-07 15:56:09 INFO     Hit10: 0.921853
2025-12-07 15:56:09 INFO     MR   : 4.477071
2025-12-07 15:56:09 INFO     MRR  : 0.589263
2025-12-07 15:56:09 INFO     -------------------------
2025-12-07 15:56:09 INFO     | Iteration: 9/10
2025-12-07 15:56:09 INFO     -------------------------
2025-12-07 15:56:29 INFO     loss:    10 224 2.522707 3026.4
2025-12-07 15:56:48 INFO     loss:    20 224 1.555736 3213.6
2025-12-07 15:56:52 INFO     loss:    30 224 0.908215 2849.6
2025-12-07 15:57:16 INFO     loss:    40 224 0.992233 3307.2
2025-12-07 15:57:40 INFO     loss:    50 224 2.464376 2943.2
2025-12-07 15:58:00 INFO     loss:    60 224 1.380037 2776.8
2025-12-07 15:58:08 INFO     loss:    70 224 1.113592 2412.8
2025-12-07 15:58:28 INFO     loss:    80 224 1.815912 2943.2
2025-12-07 15:58:41 INFO     loss:    90 224 1.651399 3036.8
2025-12-07 15:59:01 INFO     loss:    100 224 0.000053 2683.2
2025-12-07 15:59:15 INFO     loss:    110 224 0.886206 2964.0
2025-12-07 15:59:43 INFO     loss:    120 224 1.430581 3328.0
2025-12-07 16:00:06 INFO     loss:    130 224 0.000077 2870.4
2025-12-07 16:00:21 INFO     loss:    140 224 1.240412 3244.8
2025-12-07 16:00:35 INFO     loss:    150 224 1.396817 3203.2
2025-12-07 16:00:40 INFO     loss:    160 224 0.845573 3244.8
2025-12-07 16:00:49 INFO     loss:    170 224 2.409992 2329.6
2025-12-07 16:01:02 INFO     loss:    180 224 0.823015 2995.2
2025-12-07 16:01:17 INFO     loss:    190 224 1.795480 3068.0
2025-12-07 16:01:35 INFO     loss:    200 224 1.360729 2922.4
2025-12-07 16:01:51 INFO     loss:    210 224 0.805505 2984.8
2025-12-07 16:02:10 INFO     loss:    220 224 1.185181 3328.0
2025-12-07 16:02:17 INFO     >>>>> Predictor: Evaluating on valid
2025-12-07 16:05:09 INFO     Data : 4274
2025-12-07 16:05:09 INFO     Hit1 : 0.397052
2025-12-07 16:05:09 INFO     Hit3 : 0.672672
2025-12-07 16:05:09 INFO     Hit10: 0.912494
2025-12-07 16:05:09 INFO     MR   : 4.869677
2025-12-07 16:05:09 INFO     MRR  : 0.568171
2025-12-07 16:05:09 INFO     -------------------------
2025-12-07 16:05:09 INFO     | Iteration: 10/10
2025-12-07 16:05:09 INFO     -------------------------
2025-12-07 16:05:30 INFO     loss:    10 224 2.226256 3026.4
2025-12-07 16:05:49 INFO     loss:    20 224 1.429073 3213.6
2025-12-07 16:05:53 INFO     loss:    30 224 0.761375 2849.6
2025-12-07 16:06:17 INFO     loss:    40 224 0.820111 3307.2
2025-12-07 16:06:41 INFO     loss:    50 224 2.442494 2943.2
2025-12-07 16:07:01 INFO     loss:    60 224 1.232164 2776.8
2025-12-07 16:07:09 INFO     loss:    70 224 1.196668 2412.8
2025-12-07 16:07:29 INFO     loss:    80 224 1.412773 2943.2
2025-12-07 16:07:43 INFO     loss:    90 224 1.181811 3036.8
2025-12-07 16:08:02 INFO     loss:    100 224 0.000033 2683.2
2025-12-07 16:08:16 INFO     loss:    110 224 1.162233 2964.0
2025-12-07 16:08:44 INFO     loss:    120 224 1.673302 3328.0
2025-12-07 16:09:07 INFO     loss:    130 224 0.000046 2870.4
2025-12-07 16:09:22 INFO     loss:    140 224 1.169112 3244.8
2025-12-07 16:09:36 INFO     loss:    150 224 1.341702 3203.2
2025-12-07 16:09:41 INFO     loss:    160 224 0.833063 3244.8
2025-12-07 16:09:50 INFO     loss:    170 224 1.946599 2329.6
2025-12-07 16:10:03 INFO     loss:    180 224 0.769218 2995.2
2025-12-07 16:10:18 INFO     loss:    190 224 2.032329 3068.0
2025-12-07 16:10:36 INFO     loss:    200 224 1.431059 2922.4
2025-12-07 16:10:52 INFO     loss:    210 224 0.833431 2984.8
2025-12-07 16:11:11 INFO     loss:    220 224 1.033459 3328.0
2025-12-07 16:11:18 INFO     >>>>> Predictor: Evaluating on valid
2025-12-07 16:14:11 INFO     Data : 4274
2025-12-07 16:14:11 INFO     Hit1 : 0.427468
2025-12-07 16:14:11 INFO     Hit3 : 0.701451
2025-12-07 16:14:11 INFO     Hit10: 0.918577
2025-12-07 16:14:11 INFO     MR   : 4.662845
2025-12-07 16:14:11 INFO     MRR  : 0.592330
2025-12-07 16:14:11 INFO     -------------------------
2025-12-07 16:14:11 INFO     | Final Test MRR: 0.000000
2025-12-07 16:14:11 INFO     -------------------------
2025-12-07 16:14:11 INFO     >>>>> Predictor: Evaluating on valid
2025-12-07 16:17:03 INFO     Data : 4274
2025-12-07 16:17:03 INFO     Hit1 : 0.546093
2025-12-07 16:17:03 INFO     Hit3 : 0.798783
2025-12-07 16:17:03 INFO     Hit10: 0.955311
2025-12-07 16:17:03 INFO     MR   : 3.127983
2025-12-07 16:17:03 INFO     MRR  : 0.689563
2025-12-07 16:17:03 INFO     >>>>> Predictor: Evaluating on test
2025-12-07 16:24:31 INFO     Data : 10686
2025-12-07 16:24:31 INFO     Hit1 : 0.519745
2025-12-07 16:24:31 INFO     Hit3 : 0.768389
2025-12-07 16:24:31 INFO     Hit10: 0.947501
2025-12-07 16:24:31 INFO     MR   : 3.361782
2025-12-07 16:24:31 INFO     MRR  : 0.665771
2025-12-07 16:24:31 INFO     >>>>> Predictor: Evaluating on test_kge
2025-12-07 16:27:03 INFO     Data : 10686
2025-12-07 16:27:03 INFO     Hit1 : 0.619596
2025-12-07 16:27:03 INFO     Hit3 : 0.828467
2025-12-07 16:27:03 INFO     Hit10: 0.955643
2025-12-07 16:27:03 INFO     MR   : 2.899401
2025-12-07 16:27:03 INFO     MRR  : 0.739414
