2025-12-05 12:43:58 INFO     read 10000 rules from list.
2025-12-05 12:43:58 INFO     Loaded support_counts from ../data/kinship\support_counts.pt
2025-12-05 12:43:58 INFO     Uncertainty modeling initialized: num_rules=10000, num_samples=5, lambda_0=1.0
2025-12-05 12:44:00 INFO     >>>>> ruleE: Pre-training
2025-12-05 12:44:11 INFO     Training average positive_fact_loss at step 0: 2.435418
2025-12-05 12:44:11 INFO     Training average negative_fact_loss at step 0: 0.093185
2025-12-05 12:44:11 INFO     Training average positive_rule_loss at step 0: 0.310430
2025-12-05 12:44:11 INFO     Training average negative_rule_loss at step 0: 7.247868
2025-12-05 12:44:11 INFO     Training average L_uncertainty at step 0: 889.859619
2025-12-05 12:44:11 INFO     Training average L_kl at step 0: 49.220695
2025-12-05 12:44:11 INFO     Training average L_sigma at step 0: 177962.093750
2025-12-05 12:44:11 INFO     Training average mu_mean at step 0: 0.087321
2025-12-05 12:44:11 INFO     Training average sigma_mean at step 0: 1.033485
2025-12-05 12:44:11 INFO     Training average regularization at step 0: 0.004260
2025-12-05 12:44:11 INFO     Training average loss at step 0: 9.497008
2025-12-05 12:44:11 INFO     Evaluating on Valid Dataset...
2025-12-05 12:44:11 INFO     >>>>> RuleE emb: Evaluating on valid
2025-12-05 12:44:21 INFO     Data : 4274
2025-12-05 12:44:21 INFO     Hit1 : 0.000000
2025-12-05 12:44:21 INFO     Hit3 : 0.020590
2025-12-05 12:44:21 INFO     Hit10: 0.098503
2025-12-05 12:44:21 INFO     MR   : 47.671619
2025-12-05 12:44:21 INFO     MRR  : 0.044823
2025-12-05 12:45:15 INFO     Training average positive_fact_loss at step 100: 0.668071
2025-12-05 12:45:15 INFO     Training average negative_fact_loss at step 100: 0.562280
2025-12-05 12:45:15 INFO     Training average positive_rule_loss at step 100: 0.415071
2025-12-05 12:45:15 INFO     Training average negative_rule_loss at step 100: 6.464414
2025-12-05 12:45:15 INFO     Training average L_uncertainty at step 100: 748.207424
2025-12-05 12:45:15 INFO     Training average L_kl at step 100: 1076.647845
2025-12-05 12:45:15 INFO     Training average L_sigma at step 100: 149426.157969
2025-12-05 12:45:15 INFO     Training average mu_mean at step 100: -0.155236
2025-12-05 12:45:15 INFO     Training average sigma_mean at step 100: 0.874529
2025-12-05 12:45:15 INFO     Training average regularization at step 100: 0.002471
2025-12-05 12:45:15 INFO     Training average loss at step 100: 7.798427
2025-12-05 12:46:15 INFO     Training average positive_fact_loss at step 200: 0.391927
2025-12-05 12:46:15 INFO     Training average negative_fact_loss at step 200: 0.362600
2025-12-05 12:46:15 INFO     Training average positive_rule_loss at step 200: 1.455079
2025-12-05 12:46:15 INFO     Training average negative_rule_loss at step 200: 2.903831
2025-12-05 12:46:15 INFO     Training average L_uncertainty at step 200: 76.765054
2025-12-05 12:46:15 INFO     Training average L_kl at step 200: 37312.572393
2025-12-05 12:46:15 INFO     Training average L_sigma at step 200: 7890.496021
2025-12-05 12:46:15 INFO     Training average mu_mean at step 200: -2.129457
2025-12-05 12:46:15 INFO     Training average sigma_mean at step 200: 0.169411
2025-12-05 12:46:15 INFO     Training average regularization at step 200: 0.003740
2025-12-05 12:46:15 INFO     Training average loss at step 200: 2.944284
2025-12-05 12:47:11 INFO     Training average positive_fact_loss at step 300: 0.336858
2025-12-05 12:47:11 INFO     Training average negative_fact_loss at step 300: 0.327212
2025-12-05 12:47:11 INFO     Training average positive_rule_loss at step 300: 1.521367
2025-12-05 12:47:11 INFO     Training average negative_rule_loss at step 300: 2.764248
2025-12-05 12:47:11 INFO     Training average L_uncertainty at step 300: 41.344148
2025-12-05 12:47:11 INFO     Training average L_kl at step 300: 40992.323086
2025-12-05 12:47:11 INFO     Training average L_sigma at step 300: 70.364533
2025-12-05 12:47:11 INFO     Training average mu_mean at step 300: -2.252090
2025-12-05 12:47:11 INFO     Training average sigma_mean at step 300: 0.129097
2025-12-05 12:47:11 INFO     Training average regularization at step 300: 0.005075
2025-12-05 12:47:11 INFO     Training average loss at step 300: 2.686639
2025-12-05 12:48:11 INFO     Training average positive_fact_loss at step 400: 0.329263
2025-12-05 12:48:11 INFO     Training average negative_fact_loss at step 400: 0.317860
2025-12-05 12:48:11 INFO     Training average positive_rule_loss at step 400: 1.518622
2025-12-05 12:48:11 INFO     Training average negative_rule_loss at step 400: 2.767962
2025-12-05 12:48:11 INFO     Training average L_uncertainty at step 400: 41.308097
2025-12-05 12:48:11 INFO     Training average L_kl at step 400: 40982.882461
2025-12-05 12:48:11 INFO     Training average L_sigma at step 400: 65.042473
2025-12-05 12:48:11 INFO     Training average mu_mean at step 400: -2.251788
2025-12-05 12:48:11 INFO     Training average sigma_mean at step 400: 0.129111
2025-12-05 12:48:11 INFO     Training average regularization at step 400: 0.005515
2025-12-05 12:48:11 INFO     Training average loss at step 400: 2.678909
2025-12-05 12:49:07 INFO     Training average positive_fact_loss at step 500: 0.325475
2025-12-05 12:49:07 INFO     Training average negative_fact_loss at step 500: 0.312432
2025-12-05 12:49:07 INFO     Training average positive_rule_loss at step 500: 1.521090
2025-12-05 12:49:07 INFO     Training average negative_rule_loss at step 500: 2.763756
2025-12-05 12:49:07 INFO     Training average L_uncertainty at step 500: 41.304765
2025-12-05 12:49:07 INFO     Training average L_kl at step 500: 40974.204570
2025-12-05 12:49:07 INFO     Training average L_sigma at step 500: 66.111586
2025-12-05 12:49:07 INFO     Training average mu_mean at step 500: -2.251439
2025-12-05 12:49:07 INFO     Training average sigma_mean at step 500: 0.129124
2025-12-05 12:49:07 INFO     Training average regularization at step 500: 0.005727
2025-12-05 12:49:07 INFO     Training average loss at step 500: 2.673627
2025-12-05 12:50:07 INFO     Training average positive_fact_loss at step 600: 0.323034
2025-12-05 12:50:07 INFO     Training average negative_fact_loss at step 600: 0.308962
2025-12-05 12:50:07 INFO     Training average positive_rule_loss at step 600: 1.517618
2025-12-05 12:50:07 INFO     Training average negative_rule_loss at step 600: 2.768493
2025-12-05 12:50:07 INFO     Training average L_uncertainty at step 600: 41.243328
2025-12-05 12:50:07 INFO     Training average L_kl at step 600: 40902.635781
2025-12-05 12:50:07 INFO     Training average L_sigma at step 600: 68.138139
2025-12-05 12:50:07 INFO     Training average mu_mean at step 600: -2.248241
2025-12-05 12:50:07 INFO     Training average sigma_mean at step 600: 0.129127
2025-12-05 12:50:07 INFO     Training average regularization at step 600: 0.005843
2025-12-05 12:50:07 INFO     Training average loss at step 600: 2.671113
2025-12-05 12:50:54 INFO     Training average positive_fact_loss at step 700: 0.322699
2025-12-05 12:50:54 INFO     Training average negative_fact_loss at step 700: 0.306232
2025-12-05 12:50:54 INFO     Training average positive_rule_loss at step 700: 1.519949
2025-12-05 12:50:54 INFO     Training average negative_rule_loss at step 700: 2.764282
2025-12-05 12:50:54 INFO     Training average L_uncertainty at step 700: 41.237119
2025-12-05 12:50:54 INFO     Training average L_kl at step 700: 40884.649414
2025-12-05 12:50:54 INFO     Training average L_sigma at step 700: 70.493603
2025-12-05 12:50:54 INFO     Training average mu_mean at step 700: -2.247527
2025-12-05 12:50:54 INFO     Training average sigma_mean at step 700: 0.129149
2025-12-05 12:50:54 INFO     Training average regularization at step 700: 0.005939
2025-12-05 12:50:54 INFO     Training average loss at step 700: 2.668706
2025-12-05 12:51:53 INFO     Training average positive_fact_loss at step 800: 0.320525
2025-12-05 12:51:53 INFO     Training average negative_fact_loss at step 800: 0.304096
2025-12-05 12:51:53 INFO     Training average positive_rule_loss at step 800: 1.516561
2025-12-05 12:51:53 INFO     Training average negative_rule_loss at step 800: 2.768470
2025-12-05 12:51:53 INFO     Training average L_uncertainty at step 800: 41.146894
2025-12-05 12:51:53 INFO     Training average L_kl at step 800: 40787.007656
2025-12-05 12:51:53 INFO     Training average L_sigma at step 800: 71.976863
2025-12-05 12:51:53 INFO     Training average mu_mean at step 800: -2.243139
2025-12-05 12:51:53 INFO     Training average sigma_mean at step 800: 0.129137
2025-12-05 12:51:53 INFO     Training average regularization at step 800: 0.005984
2025-12-05 12:51:53 INFO     Training average loss at step 800: 2.666545
2025-12-05 12:52:49 INFO     Training average positive_fact_loss at step 900: 0.319714
2025-12-05 12:52:49 INFO     Training average negative_fact_loss at step 900: 0.302941
2025-12-05 12:52:49 INFO     Training average positive_rule_loss at step 900: 1.518342
2025-12-05 12:52:49 INFO     Training average negative_rule_loss at step 900: 2.764776
2025-12-05 12:52:49 INFO     Training average L_uncertainty at step 900: 41.077219
2025-12-05 12:52:49 INFO     Training average L_kl at step 900: 40717.140508
2025-12-05 12:52:49 INFO     Training average L_sigma at step 900: 72.015245
2025-12-05 12:52:49 INFO     Training average mu_mean at step 900: -2.240099
2025-12-05 12:52:49 INFO     Training average sigma_mean at step 900: 0.129164
2025-12-05 12:52:49 INFO     Training average regularization at step 900: 0.006023
2025-12-05 12:52:49 INFO     Training average loss at step 900: 2.664296
2025-12-05 12:53:49 INFO     Training average positive_fact_loss at step 1000: 0.319239
2025-12-05 12:53:49 INFO     Training average negative_fact_loss at step 1000: 0.301848
2025-12-05 12:53:49 INFO     Training average positive_rule_loss at step 1000: 1.514539
2025-12-05 12:53:49 INFO     Training average negative_rule_loss at step 1000: 2.769368
2025-12-05 12:53:49 INFO     Training average L_uncertainty at step 1000: 40.959616
2025-12-05 12:53:49 INFO     Training average L_kl at step 1000: 40596.112422
2025-12-05 12:53:49 INFO     Training average L_sigma at step 1000: 72.700436
2025-12-05 12:53:49 INFO     Training average mu_mean at step 1000: -2.234725
2025-12-05 12:53:49 INFO     Training average sigma_mean at step 1000: 0.129173
2025-12-05 12:53:49 INFO     Training average regularization at step 1000: 0.006045
2025-12-05 12:53:49 INFO     Training average loss at step 1000: 2.663340
2025-12-05 12:53:49 INFO     Evaluating on Valid Dataset...
2025-12-05 12:53:49 INFO     >>>>> RuleE emb: Evaluating on valid
2025-12-05 12:53:59 INFO     Data : 4274
2025-12-05 12:53:59 INFO     Hit1 : 0.522695
2025-12-05 12:53:59 INFO     Hit3 : 0.760178
2025-12-05 12:53:59 INFO     Hit10: 0.937997
2025-12-05 12:53:59 INFO     MR   : 3.524333
2025-12-05 12:53:59 INFO     MRR  : 0.663271
2025-12-05 12:54:57 INFO     Training average positive_fact_loss at step 1100: 0.318500
2025-12-05 12:54:57 INFO     Training average negative_fact_loss at step 1100: 0.300380
2025-12-05 12:54:57 INFO     Training average positive_rule_loss at step 1100: 1.517080
2025-12-05 12:54:57 INFO     Training average negative_rule_loss at step 1100: 2.764273
2025-12-05 12:54:57 INFO     Training average L_uncertainty at step 1100: 40.878599
2025-12-05 12:54:57 INFO     Training average L_kl at step 1100: 40508.510000
2025-12-05 12:54:57 INFO     Training average L_sigma at step 1100: 74.017377
2025-12-05 12:54:57 INFO     Training average mu_mean at step 1100: -2.230879
2025-12-05 12:54:57 INFO     Training average sigma_mean at step 1100: 0.129195
2025-12-05 12:54:57 INFO     Training average regularization at step 1100: 0.006074
2025-12-05 12:54:57 INFO     Training average loss at step 1100: 2.660583
2025-12-05 12:55:58 INFO     Training average positive_fact_loss at step 1200: 0.318427
2025-12-05 12:55:58 INFO     Training average negative_fact_loss at step 1200: 0.300250
2025-12-05 12:55:58 INFO     Training average positive_rule_loss at step 1200: 1.513124
2025-12-05 12:55:58 INFO     Training average negative_rule_loss at step 1200: 2.768790
2025-12-05 12:55:58 INFO     Training average L_uncertainty at step 1200: 40.710181
2025-12-05 12:55:58 INFO     Training average L_kl at step 1200: 40342.377617
2025-12-05 12:55:58 INFO     Training average L_sigma at step 1200: 73.560323
2025-12-05 12:55:58 INFO     Training average mu_mean at step 1200: -2.223511
2025-12-05 12:55:58 INFO     Training average sigma_mean at step 1200: 0.129210
2025-12-05 12:55:58 INFO     Training average regularization at step 1200: 0.006081
2025-12-05 12:55:58 INFO     Training average loss at step 1200: 2.659927
2025-12-05 12:56:51 INFO     Training average positive_fact_loss at step 1300: 0.318549
2025-12-05 12:56:51 INFO     Training average negative_fact_loss at step 1300: 0.299083
2025-12-05 12:56:51 INFO     Training average positive_rule_loss at step 1300: 1.514931
2025-12-05 12:56:51 INFO     Training average negative_rule_loss at step 1300: 2.764501
2025-12-05 12:56:51 INFO     Training average L_uncertainty at step 1300: 40.600236
2025-12-05 12:56:51 INFO     Training average L_kl at step 1300: 40234.766523
2025-12-05 12:56:51 INFO     Training average L_sigma at step 1300: 73.093470
2025-12-05 12:56:51 INFO     Training average mu_mean at step 1300: -2.218736
2025-12-05 12:56:51 INFO     Training average sigma_mean at step 1300: 0.129227
2025-12-05 12:56:51 INFO     Training average regularization at step 1300: 0.006089
2025-12-05 12:56:51 INFO     Training average loss at step 1300: 2.657623
2025-12-05 12:57:47 INFO     Training average positive_fact_loss at step 1400: 0.317758
2025-12-05 12:57:47 INFO     Training average negative_fact_loss at step 1400: 0.298217
2025-12-05 12:57:47 INFO     Training average positive_rule_loss at step 1400: 1.510999
2025-12-05 12:57:47 INFO     Training average negative_rule_loss at step 1400: 2.768735
2025-12-05 12:57:47 INFO     Training average L_uncertainty at step 1400: 40.462014
2025-12-05 12:57:47 INFO     Training average L_kl at step 1400: 40097.866484
2025-12-05 12:57:47 INFO     Training average L_sigma at step 1400: 72.829101
2025-12-05 12:57:47 INFO     Training average mu_mean at step 1400: -2.212579
2025-12-05 12:57:47 INFO     Training average sigma_mean at step 1400: 0.129229
2025-12-05 12:57:47 INFO     Training average regularization at step 1400: 0.006099
2025-12-05 12:57:47 INFO     Training average loss at step 1400: 2.656263
2025-12-05 12:58:44 INFO     Training average positive_fact_loss at step 1500: 0.317408
2025-12-05 12:58:44 INFO     Training average negative_fact_loss at step 1500: 0.298259
2025-12-05 12:58:44 INFO     Training average positive_rule_loss at step 1500: 1.512604
2025-12-05 12:58:44 INFO     Training average negative_rule_loss at step 1500: 2.764457
2025-12-05 12:58:44 INFO     Training average L_uncertainty at step 1500: 40.288470
2025-12-05 12:58:44 INFO     Training average L_kl at step 1500: 39929.560547
2025-12-05 12:58:44 INFO     Training average L_sigma at step 1500: 71.781582
2025-12-05 12:58:44 INFO     Training average mu_mean at step 1500: -2.205082
2025-12-05 12:58:44 INFO     Training average sigma_mean at step 1500: 0.129269
2025-12-05 12:58:44 INFO     Training average regularization at step 1500: 0.006103
2025-12-05 12:58:44 INFO     Training average loss at step 1500: 2.653910
2025-12-05 12:59:45 INFO     Training average positive_fact_loss at step 1600: 0.316539
2025-12-05 12:59:45 INFO     Training average negative_fact_loss at step 1600: 0.297598
2025-12-05 12:59:45 INFO     Training average positive_rule_loss at step 1600: 1.509163
2025-12-05 12:59:45 INFO     Training average negative_rule_loss at step 1600: 2.767713
2025-12-05 12:59:45 INFO     Training average L_uncertainty at step 1600: 40.149489
2025-12-05 12:59:45 INFO     Training average L_kl at step 1600: 39797.954102
2025-12-05 12:59:45 INFO     Training average L_sigma at step 1600: 70.306588
2025-12-05 12:59:45 INFO     Training average mu_mean at step 1600: -2.199051
2025-12-05 12:59:45 INFO     Training average sigma_mean at step 1600: 0.129281
2025-12-05 12:59:45 INFO     Training average regularization at step 1600: 0.006123
2025-12-05 12:59:45 INFO     Training average loss at step 1600: 2.652377
2025-12-05 13:00:42 INFO     Training average positive_fact_loss at step 1700: 0.316824
2025-12-05 13:00:42 INFO     Training average negative_fact_loss at step 1700: 0.297242
2025-12-05 13:00:42 INFO     Training average positive_rule_loss at step 1700: 1.510262
2025-12-05 13:00:42 INFO     Training average negative_rule_loss at step 1700: 2.763777
2025-12-05 13:00:42 INFO     Training average L_uncertainty at step 1700: 39.942463
2025-12-05 13:00:42 INFO     Training average L_kl at step 1700: 39601.194023
2025-12-05 13:00:42 INFO     Training average L_sigma at step 1700: 68.253428
2025-12-05 13:00:42 INFO     Training average mu_mean at step 1700: -2.189948
2025-12-05 13:00:42 INFO     Training average sigma_mean at step 1700: 0.129313
2025-12-05 13:00:42 INFO     Training average regularization at step 1700: 0.006121
2025-12-05 13:00:42 INFO     Training average loss at step 1700: 2.649885
2025-12-05 13:01:44 INFO     Training average positive_fact_loss at step 1800: 0.316725
2025-12-05 13:01:44 INFO     Training average negative_fact_loss at step 1800: 0.297072
2025-12-05 13:01:44 INFO     Training average positive_rule_loss at step 1800: 1.506472
2025-12-05 13:01:44 INFO     Training average negative_rule_loss at step 1800: 2.766749
2025-12-05 13:01:44 INFO     Training average L_uncertainty at step 1800: 39.797034
2025-12-05 13:01:44 INFO     Training average L_kl at step 1800: 39470.119023
2025-12-05 13:01:44 INFO     Training average L_sigma at step 1800: 65.382541
2025-12-05 13:01:44 INFO     Training average mu_mean at step 1800: -2.183458
2025-12-05 13:01:44 INFO     Training average sigma_mean at step 1800: 0.129318
2025-12-05 13:01:44 INFO     Training average regularization at step 1800: 0.006125
2025-12-05 13:01:44 INFO     Training average loss at step 1800: 2.648619
2025-12-05 13:02:40 INFO     Training average positive_fact_loss at step 1900: 0.317102
2025-12-05 13:02:40 INFO     Training average negative_fact_loss at step 1900: 0.296245
2025-12-05 13:02:40 INFO     Training average positive_rule_loss at step 1900: 1.507200
2025-12-05 13:02:40 INFO     Training average negative_rule_loss at step 1900: 2.762779
2025-12-05 13:02:40 INFO     Training average L_uncertainty at step 1900: 39.594904
2025-12-05 13:02:40 INFO     Training average L_kl at step 1900: 39276.525195
2025-12-05 13:02:40 INFO     Training average L_sigma at step 1900: 63.675466
2025-12-05 13:02:40 INFO     Training average mu_mean at step 1900: -2.173822
2025-12-05 13:02:40 INFO     Training average sigma_mean at step 1900: 0.129338
2025-12-05 13:02:40 INFO     Training average regularization at step 1900: 0.006133
2025-12-05 13:02:40 INFO     Training average loss at step 1900: 2.645770
2025-12-05 13:03:32 INFO     Training average positive_fact_loss at step 2000: 0.316872
2025-12-05 13:03:32 INFO     Training average negative_fact_loss at step 2000: 0.296276
2025-12-05 13:03:32 INFO     Training average positive_rule_loss at step 2000: 1.503008
2025-12-05 13:03:32 INFO     Training average negative_rule_loss at step 2000: 2.765405
2025-12-05 13:03:32 INFO     Training average L_uncertainty at step 2000: 39.455106
2025-12-05 13:03:32 INFO     Training average L_kl at step 2000: 39150.634922
2025-12-05 13:03:32 INFO     Training average L_sigma at step 2000: 60.893817
2025-12-05 13:03:32 INFO     Training average mu_mean at step 2000: -2.166790
2025-12-05 13:03:32 INFO     Training average sigma_mean at step 2000: 0.129340
2025-12-05 13:03:32 INFO     Training average regularization at step 2000: 0.006130
2025-12-05 13:03:32 INFO     Training average loss at step 2000: 2.644186
2025-12-05 13:03:32 INFO     Evaluating on Valid Dataset...
2025-12-05 13:03:32 INFO     >>>>> RuleE emb: Evaluating on valid
2025-12-05 13:03:43 INFO     Data : 4274
2025-12-05 13:03:43 INFO     Hit1 : 0.534862
2025-12-05 13:03:43 INFO     Hit3 : 0.767197
2025-12-05 13:03:43 INFO     Hit10: 0.937997
2025-12-05 13:03:43 INFO     MR   : 3.447824
2025-12-05 13:03:43 INFO     MRR  : 0.671771
2025-12-05 13:04:41 INFO     Training average positive_fact_loss at step 2100: 0.316343
2025-12-05 13:04:41 INFO     Training average negative_fact_loss at step 2100: 0.295671
2025-12-05 13:04:41 INFO     Training average positive_rule_loss at step 2100: 1.503108
2025-12-05 13:04:41 INFO     Training average negative_rule_loss at step 2100: 2.761690
2025-12-05 13:04:41 INFO     Training average L_uncertainty at step 2100: 39.252033
2025-12-05 13:04:41 INFO     Training average L_kl at step 2100: 38953.872969
2025-12-05 13:04:41 INFO     Training average L_sigma at step 2100: 59.631551
2025-12-05 13:04:41 INFO     Training average mu_mean at step 2100: -2.156125
2025-12-05 13:04:41 INFO     Training average sigma_mean at step 2100: 0.129353
2025-12-05 13:04:41 INFO     Training average regularization at step 2100: 0.006126
2025-12-05 13:04:41 INFO     Training average loss at step 2100: 2.640793
2025-12-05 13:05:42 INFO     Training average positive_fact_loss at step 2200: 0.316121
2025-12-05 13:05:42 INFO     Training average negative_fact_loss at step 2200: 0.295594
2025-12-05 13:05:42 INFO     Training average positive_rule_loss at step 2200: 1.499196
2025-12-05 13:05:42 INFO     Training average negative_rule_loss at step 2200: 2.763158
2025-12-05 13:05:42 INFO     Training average L_uncertainty at step 2200: 39.121901
2025-12-05 13:05:42 INFO     Training average L_kl at step 2200: 38835.192734
2025-12-05 13:05:42 INFO     Training average L_sigma at step 2200: 57.341250
2025-12-05 13:05:42 INFO     Training average mu_mean at step 2200: -2.148581
2025-12-05 13:05:42 INFO     Training average sigma_mean at step 2200: 0.129337
2025-12-05 13:05:42 INFO     Training average regularization at step 2200: 0.006127
2025-12-05 13:05:42 INFO     Training average loss at step 2200: 2.638770
2025-12-05 13:06:39 INFO     Training average positive_fact_loss at step 2300: 0.315947
2025-12-05 13:06:39 INFO     Training average negative_fact_loss at step 2300: 0.295494
2025-12-05 13:06:39 INFO     Training average positive_rule_loss at step 2300: 1.498911
2025-12-05 13:06:39 INFO     Training average negative_rule_loss at step 2300: 2.759114
2025-12-05 13:06:39 INFO     Training average L_uncertainty at step 2300: 38.890592
2025-12-05 13:06:39 INFO     Training average L_kl at step 2300: 38608.326055
2025-12-05 13:06:39 INFO     Training average L_sigma at step 2300: 56.452816
2025-12-05 13:06:39 INFO     Training average mu_mean at step 2300: -2.135610
2025-12-05 13:06:39 INFO     Training average sigma_mean at step 2300: 0.129346
2025-12-05 13:06:39 INFO     Training average regularization at step 2300: 0.006137
2025-12-05 13:06:39 INFO     Training average loss at step 2300: 2.635323
2025-12-05 13:07:42 INFO     Training average positive_fact_loss at step 2400: 0.315492
2025-12-05 13:07:42 INFO     Training average negative_fact_loss at step 2400: 0.295637
2025-12-05 13:07:42 INFO     Training average positive_rule_loss at step 2400: 1.496121
2025-12-05 13:07:42 INFO     Training average negative_rule_loss at step 2400: 2.758963
2025-12-05 13:07:42 INFO     Training average L_uncertainty at step 2400: 38.824176
2025-12-05 13:07:42 INFO     Training average L_kl at step 2400: 38553.478516
2025-12-05 13:07:42 INFO     Training average L_sigma at step 2400: 54.139227
2025-12-05 13:07:42 INFO     Training average mu_mean at step 2400: -2.130297
2025-12-05 13:07:42 INFO     Training average sigma_mean at step 2400: 0.129334
2025-12-05 13:07:42 INFO     Training average regularization at step 2400: 0.006129
2025-12-05 13:07:42 INFO     Training average loss at step 2400: 2.633357
2025-12-05 13:08:40 INFO     Training average positive_fact_loss at step 2500: 0.316132
2025-12-05 13:08:40 INFO     Training average negative_fact_loss at step 2500: 0.295159
2025-12-05 13:08:40 INFO     Training average positive_rule_loss at step 2500: 1.495418
2025-12-05 13:08:40 INFO     Training average negative_rule_loss at step 2500: 2.754890
2025-12-05 13:08:40 INFO     Training average L_uncertainty at step 2500: 38.583578
2025-12-05 13:08:40 INFO     Training average L_kl at step 2500: 38312.787422
2025-12-05 13:08:40 INFO     Training average L_sigma at step 2500: 54.157881
2025-12-05 13:08:40 INFO     Training average mu_mean at step 2500: -2.115830
2025-12-05 13:08:40 INFO     Training average sigma_mean at step 2500: 0.129334
2025-12-05 13:08:40 INFO     Training average regularization at step 2500: 0.006140
2025-12-05 13:08:40 INFO     Training average loss at step 2500: 2.629857
2025-12-05 13:09:36 INFO     Training average positive_fact_loss at step 2600: 0.316038
2025-12-05 13:09:36 INFO     Training average negative_fact_loss at step 2600: 0.294845
2025-12-05 13:09:36 INFO     Training average positive_rule_loss at step 2600: 1.493776
2025-12-05 13:09:36 INFO     Training average negative_rule_loss at step 2600: 2.753211
2025-12-05 13:09:36 INFO     Training average L_uncertainty at step 2600: 38.554417
2025-12-05 13:09:36 INFO     Training average L_kl at step 2600: 38294.796484
2025-12-05 13:09:36 INFO     Training average L_sigma at step 2600: 51.923802
2025-12-05 13:09:36 INFO     Training average mu_mean at step 2600: -2.111566
2025-12-05 13:09:36 INFO     Training average sigma_mean at step 2600: 0.129325
2025-12-05 13:09:36 INFO     Training average regularization at step 2600: 0.006153
2025-12-05 13:09:36 INFO     Training average loss at step 2600: 2.627860
2025-12-05 13:10:28 INFO     Training average positive_fact_loss at step 2700: 0.315894
2025-12-05 13:10:28 INFO     Training average negative_fact_loss at step 2700: 0.294350
2025-12-05 13:10:28 INFO     Training average positive_rule_loss at step 2700: 1.494131
2025-12-05 13:10:28 INFO     Training average negative_rule_loss at step 2700: 2.747873
2025-12-05 13:10:28 INFO     Training average L_uncertainty at step 2700: 38.339167
2025-12-05 13:10:28 INFO     Training average L_kl at step 2700: 38079.583906
2025-12-05 13:10:28 INFO     Training average L_sigma at step 2700: 51.916262
2025-12-05 13:10:28 INFO     Training average mu_mean at step 2700: -2.097980
2025-12-05 13:10:28 INFO     Training average sigma_mean at step 2700: 0.129327
2025-12-05 13:10:28 INFO     Training average regularization at step 2700: 0.006154
2025-12-05 13:10:28 INFO     Training average loss at step 2700: 2.623974
2025-12-05 13:11:30 INFO     Training average positive_fact_loss at step 2800: 0.315040
2025-12-05 13:11:30 INFO     Training average negative_fact_loss at step 2800: 0.294596
2025-12-05 13:11:30 INFO     Training average positive_rule_loss at step 2800: 1.493621
2025-12-05 13:11:30 INFO     Training average negative_rule_loss at step 2800: 2.744351
2025-12-05 13:11:30 INFO     Training average L_uncertainty at step 2800: 38.389635
2025-12-05 13:11:30 INFO     Training average L_kl at step 2800: 38136.824727
2025-12-05 13:11:30 INFO     Training average L_sigma at step 2800: 50.561759
2025-12-05 13:11:30 INFO     Training average mu_mean at step 2800: -2.096960
2025-12-05 13:11:30 INFO     Training average sigma_mean at step 2800: 0.129319
2025-12-05 13:11:30 INFO     Training average regularization at step 2800: 0.006143
2025-12-05 13:11:30 INFO     Training average loss at step 2800: 2.621895
2025-12-05 13:12:27 INFO     Training average positive_fact_loss at step 2900: 0.315525
2025-12-05 13:12:27 INFO     Training average negative_fact_loss at step 2900: 0.294455
2025-12-05 13:12:27 INFO     Training average positive_rule_loss at step 2900: 1.494616
2025-12-05 13:12:27 INFO     Training average negative_rule_loss at step 2900: 2.738683
2025-12-05 13:12:27 INFO     Training average L_uncertainty at step 2900: 38.179206
2025-12-05 13:12:27 INFO     Training average L_kl at step 2900: 37925.965742
2025-12-05 13:12:27 INFO     Training average L_sigma at step 2900: 50.647526
2025-12-05 13:12:27 INFO     Training average mu_mean at step 2900: -2.083397
2025-12-05 13:12:27 INFO     Training average sigma_mean at step 2900: 0.129327
2025-12-05 13:12:27 INFO     Training average regularization at step 2900: 0.006155
2025-12-05 13:12:27 INFO     Training average loss at step 2900: 2.618690
2025-12-05 13:13:28 INFO     Training average positive_fact_loss at step 3000: 0.315512
2025-12-05 13:13:28 INFO     Training average negative_fact_loss at step 3000: 0.294289
2025-12-05 13:13:28 INFO     Training average positive_rule_loss at step 3000: 1.494417
2025-12-05 13:13:28 INFO     Training average negative_rule_loss at step 3000: 2.735619
2025-12-05 13:13:28 INFO     Training average L_uncertainty at step 3000: 38.235445
2025-12-05 13:13:28 INFO     Training average L_kl at step 3000: 37987.217656
2025-12-05 13:13:28 INFO     Training average L_sigma at step 3000: 49.645127
2025-12-05 13:13:28 INFO     Training average mu_mean at step 3000: -2.082871
2025-12-05 13:13:28 INFO     Training average sigma_mean at step 3000: 0.129309
2025-12-05 13:13:28 INFO     Training average regularization at step 3000: 0.006152
2025-12-05 13:13:28 INFO     Training average loss at step 3000: 2.617247
2025-12-05 13:13:28 INFO     Evaluating on Valid Dataset...
2025-12-05 13:13:28 INFO     >>>>> RuleE emb: Evaluating on valid
2025-12-05 13:13:38 INFO     Data : 4274
2025-12-05 13:13:38 INFO     Hit1 : 0.522695
2025-12-05 13:13:38 INFO     Hit3 : 0.766963
2025-12-05 13:13:38 INFO     Hit10: 0.938933
2025-12-05 13:13:38 INFO     MR   : 3.480346
2025-12-05 13:13:38 INFO     MRR  : 0.664187
2025-12-05 13:14:36 INFO     Training average positive_fact_loss at step 3100: 0.315314
2025-12-05 13:14:36 INFO     Training average negative_fact_loss at step 3100: 0.294180
2025-12-05 13:14:36 INFO     Training average positive_rule_loss at step 3100: 1.498927
2025-12-05 13:14:36 INFO     Training average negative_rule_loss at step 3100: 2.726526
2025-12-05 13:14:36 INFO     Training average L_uncertainty at step 3100: 38.136997
2025-12-05 13:14:36 INFO     Training average L_kl at step 3100: 37884.972773
2025-12-05 13:14:36 INFO     Training average L_sigma at step 3100: 50.404457
2025-12-05 13:14:36 INFO     Training average mu_mean at step 3100: -2.075510
2025-12-05 13:14:36 INFO     Training average sigma_mean at step 3100: 0.129317
2025-12-05 13:14:36 INFO     Training average regularization at step 3100: 0.006151
2025-12-05 13:14:36 INFO     Training average loss at step 3100: 2.614310
2025-12-05 13:15:37 INFO     Training average positive_fact_loss at step 3200: 0.315615
2025-12-05 13:15:37 INFO     Training average negative_fact_loss at step 3200: 0.294060
2025-12-05 13:15:37 INFO     Training average positive_rule_loss at step 3200: 1.499329
2025-12-05 13:15:37 INFO     Training average negative_rule_loss at step 3200: 2.723853
2025-12-05 13:15:37 INFO     Training average L_uncertainty at step 3200: 38.171538
2025-12-05 13:15:37 INFO     Training average L_kl at step 3200: 37922.138242
2025-12-05 13:15:37 INFO     Training average L_sigma at step 3200: 49.879678
2025-12-05 13:15:37 INFO     Training average mu_mean at step 3200: -2.075028
2025-12-05 13:15:37 INFO     Training average sigma_mean at step 3200: 0.129313
2025-12-05 13:15:37 INFO     Training average regularization at step 3200: 0.006154
2025-12-05 13:15:37 INFO     Training average loss at step 3200: 2.613440
2025-12-05 13:16:24 INFO     Training average positive_fact_loss at step 3300: 0.315234
2025-12-05 13:16:24 INFO     Training average negative_fact_loss at step 3300: 0.293909
2025-12-05 13:16:24 INFO     Training average positive_rule_loss at step 3300: 1.501851
2025-12-05 13:16:24 INFO     Training average negative_rule_loss at step 3300: 2.718336
2025-12-05 13:16:24 INFO     Training average L_uncertainty at step 3300: 37.990410
2025-12-05 13:16:24 INFO     Training average L_kl at step 3300: 37740.537812
2025-12-05 13:16:24 INFO     Training average L_sigma at step 3300: 49.974194
2025-12-05 13:16:24 INFO     Training average mu_mean at step 3300: -2.064428
2025-12-05 13:16:24 INFO     Training average sigma_mean at step 3300: 0.129315
2025-12-05 13:16:24 INFO     Training average regularization at step 3300: 0.006159
2025-12-05 13:16:24 INFO     Training average loss at step 3300: 2.610776
2025-12-05 13:17:25 INFO     Training average positive_fact_loss at step 3400: 0.315222
2025-12-05 13:17:25 INFO     Training average negative_fact_loss at step 3400: 0.293335
2025-12-05 13:17:25 INFO     Training average positive_rule_loss at step 3400: 1.504454
2025-12-05 13:17:25 INFO     Training average negative_rule_loss at step 3400: 2.712407
2025-12-05 13:17:25 INFO     Training average L_uncertainty at step 3400: 38.123726
2025-12-05 13:17:25 INFO     Training average L_kl at step 3400: 37880.455820
2025-12-05 13:17:25 INFO     Training average L_sigma at step 3400: 48.653750
2025-12-05 13:17:25 INFO     Training average mu_mean at step 3400: -2.068839
2025-12-05 13:17:25 INFO     Training average sigma_mean at step 3400: 0.129307
2025-12-05 13:17:25 INFO     Training average regularization at step 3400: 0.006174
2025-12-05 13:17:25 INFO     Training average loss at step 3400: 2.609502
2025-12-05 13:18:22 INFO     Training average positive_fact_loss at step 3500: 0.315353
2025-12-05 13:18:22 INFO     Training average negative_fact_loss at step 3500: 0.293850
2025-12-05 13:18:22 INFO     Training average positive_rule_loss at step 3500: 1.507973
2025-12-05 13:18:22 INFO     Training average negative_rule_loss at step 3500: 2.706149
2025-12-05 13:18:22 INFO     Training average L_uncertainty at step 3500: 37.981504
2025-12-05 13:18:22 INFO     Training average L_kl at step 3500: 37736.239883
2025-12-05 13:18:22 INFO     Training average L_sigma at step 3500: 49.052632
2025-12-05 13:18:22 INFO     Training average mu_mean at step 3500: -2.060549
2025-12-05 13:18:22 INFO     Training average sigma_mean at step 3500: 0.129311
2025-12-05 13:18:22 INFO     Training average regularization at step 3500: 0.006156
2025-12-05 13:18:22 INFO     Training average loss at step 3500: 2.607726
2025-12-05 13:19:23 INFO     Training average positive_fact_loss at step 3600: 0.315388
2025-12-05 13:19:23 INFO     Training average negative_fact_loss at step 3600: 0.293750
2025-12-05 13:19:23 INFO     Training average positive_rule_loss at step 3600: 1.511590
2025-12-05 13:19:23 INFO     Training average negative_rule_loss at step 3600: 2.699915
2025-12-05 13:19:23 INFO     Training average L_uncertainty at step 3600: 38.109449
2025-12-05 13:19:23 INFO     Training average L_kl at step 3600: 37863.737305
2025-12-05 13:19:23 INFO     Training average L_sigma at step 3600: 49.141970
2025-12-05 13:19:23 INFO     Training average mu_mean at step 3600: -2.065387
2025-12-05 13:19:23 INFO     Training average sigma_mean at step 3600: 0.129306
2025-12-05 13:19:23 INFO     Training average regularization at step 3600: 0.006147
2025-12-05 13:19:23 INFO     Training average loss at step 3600: 2.607015
2025-12-05 13:20:20 INFO     Training average positive_fact_loss at step 3700: 0.314761
2025-12-05 13:20:20 INFO     Training average negative_fact_loss at step 3700: 0.293604
2025-12-05 13:20:20 INFO     Training average positive_rule_loss at step 3700: 1.514042
2025-12-05 13:20:20 INFO     Training average negative_rule_loss at step 3700: 2.694852
2025-12-05 13:20:20 INFO     Training average L_uncertainty at step 3700: 37.998415
2025-12-05 13:20:20 INFO     Training average L_kl at step 3700: 37751.497266
2025-12-05 13:20:20 INFO     Training average L_sigma at step 3700: 49.383132
2025-12-05 13:20:20 INFO     Training average mu_mean at step 3700: -2.058996
2025-12-05 13:20:20 INFO     Training average sigma_mean at step 3700: 0.129307
2025-12-05 13:20:20 INFO     Training average regularization at step 3700: 0.006160
2025-12-05 13:20:20 INFO     Training average loss at step 3700: 2.604782
2025-12-05 13:21:21 INFO     Training average positive_fact_loss at step 3800: 0.314733
2025-12-05 13:21:21 INFO     Training average negative_fact_loss at step 3800: 0.293234
2025-12-05 13:21:21 INFO     Training average positive_rule_loss at step 3800: 1.516166
2025-12-05 13:21:21 INFO     Training average negative_rule_loss at step 3800: 2.691446
2025-12-05 13:21:21 INFO     Training average L_uncertainty at step 3800: 38.073560
2025-12-05 13:21:21 INFO     Training average L_kl at step 3800: 37835.710000
2025-12-05 13:21:21 INFO     Training average L_sigma at step 3800: 47.569689
2025-12-05 13:21:21 INFO     Training average mu_mean at step 3800: -2.061708
2025-12-05 13:21:21 INFO     Training average sigma_mean at step 3800: 0.129298
2025-12-05 13:21:21 INFO     Training average regularization at step 3800: 0.006173
2025-12-05 13:21:21 INFO     Training average loss at step 3800: 2.604330
2025-12-05 13:22:13 INFO     Training average positive_fact_loss at step 3900: 0.314957
2025-12-05 13:22:13 INFO     Training average negative_fact_loss at step 3900: 0.293645
2025-12-05 13:22:13 INFO     Training average positive_rule_loss at step 3900: 1.518575
2025-12-05 13:22:13 INFO     Training average negative_rule_loss at step 3900: 2.687177
2025-12-05 13:22:13 INFO     Training average L_uncertainty at step 3900: 37.935377
2025-12-05 13:22:13 INFO     Training average L_kl at step 3900: 37700.283281
2025-12-05 13:22:13 INFO     Training average L_sigma at step 3900: 47.018429
2025-12-05 13:22:13 INFO     Training average mu_mean at step 3900: -2.054772
2025-12-05 13:22:13 INFO     Training average sigma_mean at step 3900: 0.129297
2025-12-05 13:22:13 INFO     Training average regularization at step 3900: 0.006170
2025-12-05 13:22:13 INFO     Training average loss at step 3900: 2.603023
2025-12-05 13:23:10 INFO     Training average positive_fact_loss at step 4000: 0.314978
2025-12-05 13:23:10 INFO     Training average negative_fact_loss at step 4000: 0.293060
2025-12-05 13:23:10 INFO     Training average positive_rule_loss at step 4000: 1.521690
2025-12-05 13:23:10 INFO     Training average negative_rule_loss at step 4000: 2.681700
2025-12-05 13:23:10 INFO     Training average L_uncertainty at step 4000: 38.044747
2025-12-05 13:23:10 INFO     Training average L_kl at step 4000: 37813.409883
2025-12-05 13:23:10 INFO     Training average L_sigma at step 4000: 46.267178
2025-12-05 13:23:10 INFO     Training average mu_mean at step 4000: -2.059048
2025-12-05 13:23:10 INFO     Training average sigma_mean at step 4000: 0.129302
2025-12-05 13:23:10 INFO     Training average regularization at step 4000: 0.006175
2025-12-05 13:23:10 INFO     Training average loss at step 4000: 2.602113
2025-12-05 13:23:10 INFO     Evaluating on Valid Dataset...
2025-12-05 13:23:10 INFO     >>>>> RuleE emb: Evaluating on valid
2025-12-05 13:23:20 INFO     Data : 4274
2025-12-05 13:23:20 INFO     Hit1 : 0.523865
2025-12-05 13:23:20 INFO     Hit3 : 0.765559
2025-12-05 13:23:20 INFO     Hit10: 0.943145
2025-12-05 13:23:20 INFO     MR   : 3.426299
2025-12-05 13:23:20 INFO     MRR  : 0.666801
2025-12-05 13:24:17 INFO     Training average positive_fact_loss at step 4100: 0.315675
2025-12-05 13:24:17 INFO     Training average negative_fact_loss at step 4100: 0.292902
2025-12-05 13:24:17 INFO     Training average positive_rule_loss at step 4100: 1.523500
2025-12-05 13:24:17 INFO     Training average negative_rule_loss at step 4100: 2.679173
2025-12-05 13:24:17 INFO     Training average L_uncertainty at step 4100: 37.893619
2025-12-05 13:24:17 INFO     Training average L_kl at step 4100: 37663.809766
2025-12-05 13:24:17 INFO     Training average L_sigma at step 4100: 45.961526
2025-12-05 13:24:17 INFO     Training average mu_mean at step 4100: -2.051483
2025-12-05 13:24:17 INFO     Training average sigma_mean at step 4100: 0.129297
2025-12-05 13:24:17 INFO     Training average regularization at step 4100: 0.006165
2025-12-05 13:24:17 INFO     Training average loss at step 4100: 2.601258
2025-12-05 13:25:18 INFO     Training average positive_fact_loss at step 4200: 0.313936
2025-12-05 13:25:18 INFO     Training average negative_fact_loss at step 4200: 0.293192
2025-12-05 13:25:18 INFO     Training average positive_rule_loss at step 4200: 1.527224
2025-12-05 13:25:18 INFO     Training average negative_rule_loss at step 4200: 2.672829
2025-12-05 13:25:18 INFO     Training average L_uncertainty at step 4200: 38.055395
2025-12-05 13:25:18 INFO     Training average L_kl at step 4200: 37829.532383
2025-12-05 13:25:18 INFO     Training average L_sigma at step 4200: 45.172273
2025-12-05 13:25:18 INFO     Training average mu_mean at step 4200: -2.058331
2025-12-05 13:25:18 INFO     Training average sigma_mean at step 4200: 0.129289
2025-12-05 13:25:18 INFO     Training average regularization at step 4200: 0.006162
2025-12-05 13:25:18 INFO     Training average loss at step 4200: 2.600030
2025-12-05 13:26:14 INFO     Training average positive_fact_loss at step 4300: 0.314557
2025-12-05 13:26:14 INFO     Training average negative_fact_loss at step 4300: 0.293135
2025-12-05 13:26:14 INFO     Training average positive_rule_loss at step 4300: 1.528867
2025-12-05 13:26:14 INFO     Training average negative_rule_loss at step 4300: 2.668834
2025-12-05 13:26:14 INFO     Training average L_uncertainty at step 4300: 37.919060
2025-12-05 13:26:14 INFO     Training average L_kl at step 4300: 37693.435820
2025-12-05 13:26:14 INFO     Training average L_sigma at step 4300: 45.124370
2025-12-05 13:26:14 INFO     Training average mu_mean at step 4300: -2.050770
2025-12-05 13:26:14 INFO     Training average sigma_mean at step 4300: 0.129291
2025-12-05 13:26:14 INFO     Training average regularization at step 4300: 0.006172
2025-12-05 13:26:14 INFO     Training average loss at step 4300: 2.598464
2025-12-05 13:27:15 INFO     Training average positive_fact_loss at step 4400: 0.314251
2025-12-05 13:27:15 INFO     Training average negative_fact_loss at step 4400: 0.292747
2025-12-05 13:27:15 INFO     Training average positive_rule_loss at step 4400: 1.531701
2025-12-05 13:27:15 INFO     Training average negative_rule_loss at step 4400: 2.665035
2025-12-05 13:27:15 INFO     Training average L_uncertainty at step 4400: 38.013754
2025-12-05 13:27:15 INFO     Training average L_kl at step 4400: 37792.333437
2025-12-05 13:27:15 INFO     Training average L_sigma at step 4400: 44.283820
2025-12-05 13:27:15 INFO     Training average mu_mean at step 4400: -2.055554
2025-12-05 13:27:15 INFO     Training average sigma_mean at step 4400: 0.129292
2025-12-05 13:27:15 INFO     Training average regularization at step 4400: 0.006173
2025-12-05 13:27:15 INFO     Training average loss at step 4400: 2.598109
2025-12-05 13:28:12 INFO     Training average positive_fact_loss at step 4500: 0.315091
2025-12-05 13:28:12 INFO     Training average negative_fact_loss at step 4500: 0.293126
2025-12-05 13:28:12 INFO     Training average positive_rule_loss at step 4500: 1.534069
2025-12-05 13:28:12 INFO     Training average negative_rule_loss at step 4500: 2.661466
2025-12-05 13:28:12 INFO     Training average L_uncertainty at step 4500: 37.868175
2025-12-05 13:28:12 INFO     Training average L_kl at step 4500: 37652.933242
2025-12-05 13:28:12 INFO     Training average L_sigma at step 4500: 43.048015
2025-12-05 13:28:12 INFO     Training average mu_mean at step 4500: -2.048621
2025-12-05 13:28:12 INFO     Training average sigma_mean at step 4500: 0.129292
2025-12-05 13:28:12 INFO     Training average regularization at step 4500: 0.006172
2025-12-05 13:28:12 INFO     Training average loss at step 4500: 2.597389
2025-12-05 13:29:04 INFO     Training average positive_fact_loss at step 4600: 0.314844
2025-12-05 13:29:04 INFO     Training average negative_fact_loss at step 4600: 0.292529
2025-12-05 13:29:04 INFO     Training average positive_rule_loss at step 4600: 1.535471
2025-12-05 13:29:04 INFO     Training average negative_rule_loss at step 4600: 2.658175
2025-12-05 13:29:04 INFO     Training average L_uncertainty at step 4600: 37.984028
2025-12-05 13:29:04 INFO     Training average L_kl at step 4600: 37772.985234
2025-12-05 13:29:04 INFO     Training average L_sigma at step 4600: 42.208114
2025-12-05 13:29:04 INFO     Training average mu_mean at step 4600: -2.052899
2025-12-05 13:29:04 INFO     Training average sigma_mean at step 4600: 0.129283
2025-12-05 13:29:04 INFO     Training average regularization at step 4600: 0.006172
2025-12-05 13:29:04 INFO     Training average loss at step 4600: 2.596601
2025-12-05 13:30:00 INFO     Training average positive_fact_loss at step 4700: 0.314129
2025-12-05 13:30:00 INFO     Training average negative_fact_loss at step 4700: 0.292659
2025-12-05 13:30:00 INFO     Training average positive_rule_loss at step 4700: 1.538609
2025-12-05 13:30:00 INFO     Training average negative_rule_loss at step 4700: 2.653784
2025-12-05 13:30:00 INFO     Training average L_uncertainty at step 4700: 37.876093
2025-12-05 13:30:00 INFO     Training average L_kl at step 4700: 37670.025742
2025-12-05 13:30:00 INFO     Training average L_sigma at step 4700: 41.213145
2025-12-05 13:30:00 INFO     Training average mu_mean at step 4700: -2.047419
2025-12-05 13:30:00 INFO     Training average sigma_mean at step 4700: 0.129281
2025-12-05 13:30:00 INFO     Training average regularization at step 4700: 0.006181
2025-12-05 13:30:00 INFO     Training average loss at step 4700: 2.595152
2025-12-05 13:31:01 INFO     Training average positive_fact_loss at step 4800: 0.314363
2025-12-05 13:31:01 INFO     Training average negative_fact_loss at step 4800: 0.292619
2025-12-05 13:31:01 INFO     Training average positive_rule_loss at step 4800: 1.540132
2025-12-05 13:31:01 INFO     Training average negative_rule_loss at step 4800: 2.650979
2025-12-05 13:31:01 INFO     Training average L_uncertainty at step 4800: 37.988844
2025-12-05 13:31:01 INFO     Training average L_kl at step 4800: 37780.099180
2025-12-05 13:31:01 INFO     Training average L_sigma at step 4800: 41.748506
2025-12-05 13:31:01 INFO     Training average mu_mean at step 4800: -2.051805
2025-12-05 13:31:01 INFO     Training average sigma_mean at step 4800: 0.129281
2025-12-05 13:31:01 INFO     Training average regularization at step 4800: 0.006178
2025-12-05 13:31:01 INFO     Training average loss at step 4800: 2.595169
2025-12-05 13:31:57 INFO     Training average positive_fact_loss at step 4900: 0.314634
2025-12-05 13:31:57 INFO     Training average negative_fact_loss at step 4900: 0.292647
2025-12-05 13:31:57 INFO     Training average positive_rule_loss at step 4900: 1.540000
2025-12-05 13:31:57 INFO     Training average negative_rule_loss at step 4900: 2.649087
2025-12-05 13:31:57 INFO     Training average L_uncertainty at step 4900: 37.811520
2025-12-05 13:31:57 INFO     Training average L_kl at step 4900: 37612.365703
2025-12-05 13:31:57 INFO     Training average L_sigma at step 4900: 39.830548
2025-12-05 13:31:57 INFO     Training average mu_mean at step 4900: -2.042811
2025-12-05 13:31:57 INFO     Training average sigma_mean at step 4900: 0.129273
2025-12-05 13:31:57 INFO     Training average regularization at step 4900: 0.006173
2025-12-05 13:31:57 INFO     Training average loss at step 4900: 2.593415
2025-12-05 13:32:59 INFO     Training average positive_fact_loss at step 5000: 0.314287
2025-12-05 13:32:59 INFO     Training average negative_fact_loss at step 5000: 0.292894
2025-12-05 13:32:59 INFO     Training average positive_rule_loss at step 5000: 1.542708
2025-12-05 13:32:59 INFO     Training average negative_rule_loss at step 5000: 2.645092
2025-12-05 13:32:59 INFO     Training average L_uncertainty at step 5000: 37.931985
2025-12-05 13:32:59 INFO     Training average L_kl at step 5000: 37737.399063
2025-12-05 13:32:59 INFO     Training average L_sigma at step 5000: 38.916728
2025-12-05 13:32:59 INFO     Training average mu_mean at step 5000: -2.047661
2025-12-05 13:32:59 INFO     Training average sigma_mean at step 5000: 0.129277
2025-12-05 13:32:59 INFO     Training average regularization at step 5000: 0.006167
2025-12-05 13:32:59 INFO     Training average loss at step 5000: 2.593317
2025-12-05 13:32:59 INFO     Evaluating on Valid Dataset...
2025-12-05 13:32:59 INFO     >>>>> RuleE emb: Evaluating on valid
2025-12-05 13:33:09 INFO     Data : 4274
2025-12-05 13:33:09 INFO     Hit1 : 0.533224
2025-12-05 13:33:09 INFO     Hit3 : 0.769069
2025-12-05 13:33:09 INFO     Hit10: 0.943379
2025-12-05 13:33:09 INFO     MR   : 3.421151
2025-12-05 13:33:09 INFO     MRR  : 0.671687
2025-12-05 13:34:05 INFO     Training average positive_fact_loss at step 5100: 0.314943
2025-12-05 13:34:05 INFO     Training average negative_fact_loss at step 5100: 0.292900
2025-12-05 13:34:05 INFO     Training average positive_rule_loss at step 5100: 1.545064
2025-12-05 13:34:05 INFO     Training average negative_rule_loss at step 5100: 2.641524
2025-12-05 13:34:05 INFO     Training average L_uncertainty at step 5100: 37.808806
2025-12-05 13:34:05 INFO     Training average L_kl at step 5100: 37616.468008
2025-12-05 13:34:05 INFO     Training average L_sigma at step 5100: 38.467190
2025-12-05 13:34:05 INFO     Training average mu_mean at step 5100: -2.041799
2025-12-05 13:34:05 INFO     Training average sigma_mean at step 5100: 0.129267
2025-12-05 13:34:05 INFO     Training average regularization at step 5100: 0.006170
2025-12-05 13:34:05 INFO     Training average loss at step 5100: 2.592430
2025-12-05 13:35:01 INFO     Training average positive_fact_loss at step 5200: 0.314268
2025-12-05 13:35:01 INFO     Training average negative_fact_loss at step 5200: 0.291772
2025-12-05 13:35:01 INFO     Training average positive_rule_loss at step 5200: 1.547805
2025-12-05 13:35:01 INFO     Training average negative_rule_loss at step 5200: 2.637118
2025-12-05 13:35:01 INFO     Training average L_uncertainty at step 5200: 37.947835
2025-12-05 13:35:01 INFO     Training average L_kl at step 5200: 37758.013750
2025-12-05 13:35:01 INFO     Training average L_sigma at step 5200: 37.963955
2025-12-05 13:35:01 INFO     Training average mu_mean at step 5200: -2.047257
2025-12-05 13:35:01 INFO     Training average sigma_mean at step 5200: 0.129280
2025-12-05 13:35:01 INFO     Training average regularization at step 5200: 0.006180
2025-12-05 13:35:01 INFO     Training average loss at step 5200: 2.591401
2025-12-05 13:35:53 INFO     Training average positive_fact_loss at step 5300: 0.314515
2025-12-05 13:35:53 INFO     Training average negative_fact_loss at step 5300: 0.292250
2025-12-05 13:35:53 INFO     Training average positive_rule_loss at step 5300: 1.548423
2025-12-05 13:35:53 INFO     Training average negative_rule_loss at step 5300: 2.635405
2025-12-05 13:35:53 INFO     Training average L_uncertainty at step 5300: 37.796668
2025-12-05 13:35:53 INFO     Training average L_kl at step 5300: 37611.498750
2025-12-05 13:35:53 INFO     Training average L_sigma at step 5300: 37.033496
2025-12-05 13:35:53 INFO     Training average mu_mean at step 5300: -2.039666
2025-12-05 13:35:53 INFO     Training average sigma_mean at step 5300: 0.129274
2025-12-05 13:35:53 INFO     Training average regularization at step 5300: 0.006175
2025-12-05 13:35:53 INFO     Training average loss at step 5300: 2.590455
2025-12-05 13:36:54 INFO     Training average positive_fact_loss at step 5400: 0.313966
2025-12-05 13:36:54 INFO     Training average negative_fact_loss at step 5400: 0.292307
2025-12-05 13:36:54 INFO     Training average positive_rule_loss at step 5400: 1.545136
2025-12-05 13:36:54 INFO     Training average negative_rule_loss at step 5400: 2.637884
2025-12-05 13:36:54 INFO     Training average L_uncertainty at step 5400: 37.781555
2025-12-05 13:36:54 INFO     Training average L_kl at step 5400: 37601.175117
2025-12-05 13:36:54 INFO     Training average L_sigma at step 5400: 36.075546
2025-12-05 13:36:54 INFO     Training average mu_mean at step 5400: -2.037811
2025-12-05 13:36:54 INFO     Training average sigma_mean at step 5400: 0.129272
2025-12-05 13:36:54 INFO     Training average regularization at step 5400: 0.006174
2025-12-05 13:36:54 INFO     Training average loss at step 5400: 2.589728
2025-12-05 13:37:50 INFO     Training average positive_fact_loss at step 5500: 0.314502
2025-12-05 13:37:50 INFO     Training average negative_fact_loss at step 5500: 0.292483
2025-12-05 13:37:50 INFO     Training average positive_rule_loss at step 5500: 1.549344
2025-12-05 13:37:50 INFO     Training average negative_rule_loss at step 5500: 2.630992
2025-12-05 13:37:50 INFO     Training average L_uncertainty at step 5500: 37.749432
2025-12-05 13:37:50 INFO     Training average L_kl at step 5500: 37575.426641
2025-12-05 13:37:50 INFO     Training average L_sigma at step 5500: 34.800623
2025-12-05 13:37:50 INFO     Training average mu_mean at step 5500: -2.035271
2025-12-05 13:37:50 INFO     Training average sigma_mean at step 5500: 0.129263
2025-12-05 13:37:50 INFO     Training average regularization at step 5500: 0.006165
2025-12-05 13:37:50 INFO     Training average loss at step 5500: 2.588573
2025-12-05 13:38:51 INFO     Training average positive_fact_loss at step 5600: 0.313742
2025-12-05 13:38:51 INFO     Training average negative_fact_loss at step 5600: 0.292363
2025-12-05 13:38:51 INFO     Training average positive_rule_loss at step 5600: 1.547889
2025-12-05 13:38:51 INFO     Training average negative_rule_loss at step 5600: 2.631266
2025-12-05 13:38:51 INFO     Training average L_uncertainty at step 5600: 37.776528
2025-12-05 13:38:51 INFO     Training average L_kl at step 5600: 37604.084609
2025-12-05 13:38:51 INFO     Training average L_sigma at step 5600: 34.488418
2025-12-05 13:38:51 INFO     Training average mu_mean at step 5600: -2.035695
2025-12-05 13:38:51 INFO     Training average sigma_mean at step 5600: 0.129260
2025-12-05 13:38:51 INFO     Training average regularization at step 5600: 0.006162
2025-12-05 13:38:51 INFO     Training average loss at step 5600: 2.587674
2025-12-05 13:39:47 INFO     Training average positive_fact_loss at step 5700: 0.314860
2025-12-05 13:39:47 INFO     Training average negative_fact_loss at step 5700: 0.292520
2025-12-05 13:39:47 INFO     Training average positive_rule_loss at step 5700: 1.550321
2025-12-05 13:39:47 INFO     Training average negative_rule_loss at step 5700: 2.626928
2025-12-05 13:39:47 INFO     Training average L_uncertainty at step 5700: 37.625127
2025-12-05 13:39:47 INFO     Training average L_kl at step 5700: 37456.702305
2025-12-05 13:39:47 INFO     Training average L_sigma at step 5700: 33.684488
2025-12-05 13:39:47 INFO     Training average mu_mean at step 5700: -2.027422
2025-12-05 13:39:47 INFO     Training average sigma_mean at step 5700: 0.129274
2025-12-05 13:39:47 INFO     Training average regularization at step 5700: 0.006173
2025-12-05 13:39:47 INFO     Training average loss at step 5700: 2.586612
2025-12-05 13:40:48 INFO     Training average positive_fact_loss at step 5800: 0.313982
2025-12-05 13:40:48 INFO     Training average negative_fact_loss at step 5800: 0.292270
2025-12-05 13:40:48 INFO     Training average positive_rule_loss at step 5800: 1.551170
2025-12-05 13:40:48 INFO     Training average negative_rule_loss at step 5800: 2.625260
2025-12-05 13:40:48 INFO     Training average L_uncertainty at step 5800: 37.753217
2025-12-05 13:40:48 INFO     Training average L_kl at step 5800: 37584.848516
2025-12-05 13:40:48 INFO     Training average L_sigma at step 5800: 33.673409
2025-12-05 13:40:48 INFO     Training average mu_mean at step 5800: -2.032729
2025-12-05 13:40:48 INFO     Training average sigma_mean at step 5800: 0.129269
2025-12-05 13:40:48 INFO     Training average regularization at step 5800: 0.006166
2025-12-05 13:40:48 INFO     Training average loss at step 5800: 2.586272
2025-12-05 13:41:35 INFO     Training average positive_fact_loss at step 5900: 0.314917
2025-12-05 13:41:35 INFO     Training average negative_fact_loss at step 5900: 0.291927
2025-12-05 13:41:35 INFO     Training average positive_rule_loss at step 5900: 1.551690
2025-12-05 13:41:35 INFO     Training average negative_rule_loss at step 5900: 2.623033
2025-12-05 13:41:35 INFO     Training average L_uncertainty at step 5900: 37.625033
2025-12-05 13:41:35 INFO     Training average L_kl at step 5900: 37465.598828
2025-12-05 13:41:35 INFO     Training average L_sigma at step 5900: 31.886571
2025-12-05 13:41:35 INFO     Training average mu_mean at step 5900: -2.025787
2025-12-05 13:41:35 INFO     Training average sigma_mean at step 5900: 0.129258
2025-12-05 13:41:35 INFO     Training average regularization at step 5900: 0.006174
2025-12-05 13:41:35 INFO     Training average loss at step 5900: 2.585083
2025-12-05 13:42:37 INFO     Training average positive_fact_loss at step 6000: 0.314324
2025-12-05 13:42:37 INFO     Training average negative_fact_loss at step 6000: 0.291986
2025-12-05 13:42:37 INFO     Training average positive_rule_loss at step 6000: 1.551253
2025-12-05 13:42:37 INFO     Training average negative_rule_loss at step 6000: 2.621398
2025-12-05 13:42:37 INFO     Training average L_uncertainty at step 6000: 37.665000
2025-12-05 13:42:37 INFO     Training average L_kl at step 6000: 37505.027695
2025-12-05 13:42:37 INFO     Training average L_sigma at step 6000: 31.994171
2025-12-05 13:42:37 INFO     Training average mu_mean at step 6000: -2.026331
2025-12-05 13:42:37 INFO     Training average sigma_mean at step 6000: 0.129254
2025-12-05 13:42:37 INFO     Training average regularization at step 6000: 0.006168
2025-12-05 13:42:37 INFO     Training average loss at step 6000: 2.583973
2025-12-05 13:42:37 INFO     Evaluating on Valid Dataset...
2025-12-05 13:42:37 INFO     >>>>> RuleE emb: Evaluating on valid
2025-12-05 13:42:47 INFO     Data : 4274
2025-12-05 13:42:47 INFO     Hit1 : 0.534628
2025-12-05 13:42:47 INFO     Hit3 : 0.771876
2025-12-05 13:42:47 INFO     Hit10: 0.941273
2025-12-05 13:42:47 INFO     MR   : 3.419045
2025-12-05 13:42:47 INFO     MRR  : 0.673192
2025-12-05 13:43:45 INFO     Training average positive_fact_loss at step 6100: 0.313638
2025-12-05 13:43:45 INFO     Training average negative_fact_loss at step 6100: 0.291992
2025-12-05 13:43:45 INFO     Training average positive_rule_loss at step 6100: 1.553618
2025-12-05 13:43:45 INFO     Training average negative_rule_loss at step 6100: 2.616734
2025-12-05 13:43:45 INFO     Training average L_uncertainty at step 6100: 37.580453
2025-12-05 13:43:45 INFO     Training average L_kl at step 6100: 37424.118672
2025-12-05 13:43:45 INFO     Training average L_sigma at step 6100: 31.266638
2025-12-05 13:43:45 INFO     Training average mu_mean at step 6100: -2.021029
2025-12-05 13:43:45 INFO     Training average sigma_mean at step 6100: 0.129267
2025-12-05 13:43:45 INFO     Training average regularization at step 6100: 0.006169
2025-12-05 13:43:45 INFO     Training average loss at step 6100: 2.582062
2025-12-05 13:44:46 INFO     Training average positive_fact_loss at step 6200: 0.314352
2025-12-05 13:44:46 INFO     Training average negative_fact_loss at step 6200: 0.291748
2025-12-05 13:44:46 INFO     Training average positive_rule_loss at step 6200: 1.553530
2025-12-05 13:44:46 INFO     Training average negative_rule_loss at step 6200: 2.616279
2025-12-05 13:44:46 INFO     Training average L_uncertainty at step 6200: 37.625482
2025-12-05 13:44:46 INFO     Training average L_kl at step 6200: 37470.235469
2025-12-05 13:44:46 INFO     Training average L_sigma at step 6200: 31.048982
2025-12-05 13:44:46 INFO     Training average mu_mean at step 6200: -2.022221
2025-12-05 13:44:46 INFO     Training average sigma_mean at step 6200: 0.129257
2025-12-05 13:44:46 INFO     Training average regularization at step 6200: 0.006174
2025-12-05 13:44:46 INFO     Training average loss at step 6200: 2.582256
2025-12-05 13:45:42 INFO     Training average positive_fact_loss at step 6300: 0.313646
2025-12-05 13:45:42 INFO     Training average negative_fact_loss at step 6300: 0.292245
2025-12-05 13:45:42 INFO     Training average positive_rule_loss at step 6300: 1.554885
2025-12-05 13:45:42 INFO     Training average negative_rule_loss at step 6300: 2.612969
2025-12-05 13:45:42 INFO     Training average L_uncertainty at step 6300: 37.551587
2025-12-05 13:45:42 INFO     Training average L_kl at step 6300: 37399.822109
2025-12-05 13:45:42 INFO     Training average L_sigma at step 6300: 30.352636
2025-12-05 13:45:42 INFO     Training average mu_mean at step 6300: -2.017729
2025-12-05 13:45:42 INFO     Training average sigma_mean at step 6300: 0.129256
2025-12-05 13:45:42 INFO     Training average regularization at step 6300: 0.006167
2025-12-05 13:45:42 INFO     Training average loss at step 6300: 2.580798
2025-12-05 13:46:43 INFO     Training average positive_fact_loss at step 6400: 0.313747
2025-12-05 13:46:43 INFO     Training average negative_fact_loss at step 6400: 0.291824
2025-12-05 13:46:43 INFO     Training average positive_rule_loss at step 6400: 1.553902
2025-12-05 13:46:43 INFO     Training average negative_rule_loss at step 6400: 2.612124
2025-12-05 13:46:43 INFO     Training average L_uncertainty at step 6400: 37.598301
2025-12-05 13:46:43 INFO     Training average L_kl at step 6400: 37446.643984
2025-12-05 13:46:43 INFO     Training average L_sigma at step 6400: 30.330986
2025-12-05 13:46:43 INFO     Training average mu_mean at step 6400: -2.018386
2025-12-05 13:46:43 INFO     Training average sigma_mean at step 6400: 0.129266
2025-12-05 13:46:43 INFO     Training average regularization at step 6400: 0.006175
2025-12-05 13:46:43 INFO     Training average loss at step 6400: 2.579965
2025-12-05 13:47:35 INFO     Training average positive_fact_loss at step 6500: 0.314486
2025-12-05 13:47:35 INFO     Training average negative_fact_loss at step 6500: 0.292012
2025-12-05 13:47:35 INFO     Training average positive_rule_loss at step 6500: 1.554270
2025-12-05 13:47:35 INFO     Training average negative_rule_loss at step 6500: 2.610476
2025-12-05 13:47:35 INFO     Training average L_uncertainty at step 6500: 37.428967
2025-12-05 13:47:35 INFO     Training average L_kl at step 6500: 37283.165703
2025-12-05 13:47:35 INFO     Training average L_sigma at step 6500: 29.159959
2025-12-05 13:47:35 INFO     Training average mu_mean at step 6500: -2.009028
2025-12-05 13:47:35 INFO     Training average sigma_mean at step 6500: 0.129251
2025-12-05 13:47:35 INFO     Training average regularization at step 6500: 0.006171
2025-12-05 13:47:35 INFO     Training average loss at step 6500: 2.578938
2025-12-05 13:48:31 INFO     Training average positive_fact_loss at step 6600: 0.314179
2025-12-05 13:48:31 INFO     Training average negative_fact_loss at step 6600: 0.291497
2025-12-05 13:48:31 INFO     Training average positive_rule_loss at step 6600: 1.560164
2025-12-05 13:48:31 INFO     Training average negative_rule_loss at step 6600: 2.603849
2025-12-05 13:48:31 INFO     Training average L_uncertainty at step 6600: 37.613800
2025-12-05 13:48:31 INFO     Training average L_kl at step 6600: 37467.877031
2025-12-05 13:48:31 INFO     Training average L_sigma at step 6600: 29.184154
2025-12-05 13:48:31 INFO     Training average mu_mean at step 6600: -2.017697
2025-12-05 13:48:31 INFO     Training average sigma_mean at step 6600: 0.129256
2025-12-05 13:48:31 INFO     Training average regularization at step 6600: 0.006177
2025-12-05 13:48:31 INFO     Training average loss at step 6600: 2.579090
2025-12-05 13:49:28 INFO     Training average positive_fact_loss at step 6700: 0.314056
2025-12-05 13:49:28 INFO     Training average negative_fact_loss at step 6700: 0.291324
2025-12-05 13:49:28 INFO     Training average positive_rule_loss at step 6700: 1.557526
2025-12-05 13:49:28 INFO     Training average negative_rule_loss at step 6700: 2.602970
2025-12-05 13:49:28 INFO     Training average L_uncertainty at step 6700: 37.518582
2025-12-05 13:49:28 INFO     Training average L_kl at step 6700: 37372.259258
2025-12-05 13:49:28 INFO     Training average L_sigma at step 6700: 29.264165
2025-12-05 13:49:28 INFO     Training average mu_mean at step 6700: -2.011727
2025-12-05 13:49:28 INFO     Training average sigma_mean at step 6700: 0.129254
2025-12-05 13:49:28 INFO     Training average regularization at step 6700: 0.006182
2025-12-05 13:49:28 INFO     Training average loss at step 6700: 2.576713
2025-12-05 13:50:28 INFO     Training average positive_fact_loss at step 6800: 0.313896
2025-12-05 13:50:28 INFO     Training average negative_fact_loss at step 6800: 0.291964
2025-12-05 13:50:28 INFO     Training average positive_rule_loss at step 6800: 1.559636
2025-12-05 13:50:28 INFO     Training average negative_rule_loss at step 6800: 2.600528
2025-12-05 13:50:28 INFO     Training average L_uncertainty at step 6800: 37.554199
2025-12-05 13:50:28 INFO     Training average L_kl at step 6800: 37409.418477
2025-12-05 13:50:28 INFO     Training average L_sigma at step 6800: 28.955707
2025-12-05 13:50:28 INFO     Training average mu_mean at step 6800: -2.012396
2025-12-05 13:50:28 INFO     Training average sigma_mean at step 6800: 0.129252
2025-12-05 13:50:28 INFO     Training average regularization at step 6800: 0.006164
2025-12-05 13:50:28 INFO     Training average loss at step 6800: 2.576947
2025-12-05 13:51:25 INFO     Training average positive_fact_loss at step 6900: 0.313276
2025-12-05 13:51:25 INFO     Training average negative_fact_loss at step 6900: 0.291815
2025-12-05 13:51:25 INFO     Training average positive_rule_loss at step 6900: 1.557783
2025-12-05 13:51:25 INFO     Training average negative_rule_loss at step 6900: 2.601427
2025-12-05 13:51:25 INFO     Training average L_uncertainty at step 6900: 37.390702
2025-12-05 13:51:25 INFO     Training average L_kl at step 6900: 37250.247773
2025-12-05 13:51:25 INFO     Training average L_sigma at step 6900: 28.090606
2025-12-05 13:51:25 INFO     Training average mu_mean at step 6900: -2.003426
2025-12-05 13:51:25 INFO     Training average sigma_mean at step 6900: 0.129247
2025-12-05 13:51:25 INFO     Training average regularization at step 6900: 0.006172
2025-12-05 13:51:25 INFO     Training average loss at step 6900: 2.575276
2025-12-05 13:52:25 INFO     Training average positive_fact_loss at step 7000: 0.314168
2025-12-05 13:52:25 INFO     Training average negative_fact_loss at step 7000: 0.291955
2025-12-05 13:52:25 INFO     Training average positive_rule_loss at step 7000: 1.559358
2025-12-05 13:52:25 INFO     Training average negative_rule_loss at step 7000: 2.597388
2025-12-05 13:52:25 INFO     Training average L_uncertainty at step 7000: 37.512127
2025-12-05 13:52:25 INFO     Training average L_kl at step 7000: 37372.869102
2025-12-05 13:52:25 INFO     Training average L_sigma at step 7000: 27.851141
2025-12-05 13:52:25 INFO     Training average mu_mean at step 7000: -2.007667
2025-12-05 13:52:25 INFO     Training average sigma_mean at step 7000: 0.129251
2025-12-05 13:52:25 INFO     Training average regularization at step 7000: 0.006173
2025-12-05 13:52:25 INFO     Training average loss at step 7000: 2.575169
2025-12-05 13:52:25 INFO     Evaluating on Valid Dataset...
2025-12-05 13:52:25 INFO     >>>>> RuleE emb: Evaluating on valid
2025-12-05 13:52:35 INFO     Data : 4274
2025-12-05 13:52:35 INFO     Hit1 : 0.527375
2025-12-05 13:52:35 INFO     Hit3 : 0.771642
2025-12-05 13:52:35 INFO     Hit10: 0.938231
2025-12-05 13:52:35 INFO     MR   : 3.466308
2025-12-05 13:52:35 INFO     MRR  : 0.669452
2025-12-05 13:53:32 INFO     Training average positive_fact_loss at step 7100: 0.314465
2025-12-05 13:53:32 INFO     Training average negative_fact_loss at step 7100: 0.291532
2025-12-05 13:53:32 INFO     Training average positive_rule_loss at step 7100: 1.560582
2025-12-05 13:53:32 INFO     Training average negative_rule_loss at step 7100: 2.593249
2025-12-05 13:53:32 INFO     Training average L_uncertainty at step 7100: 37.401749
2025-12-05 13:53:32 INFO     Training average L_kl at step 7100: 37262.987305
2025-12-05 13:53:32 INFO     Training average L_sigma at step 7100: 27.751995
2025-12-05 13:53:32 INFO     Training average mu_mean at step 7100: -2.001501
2025-12-05 13:53:32 INFO     Training average sigma_mean at step 7100: 0.129251
2025-12-05 13:53:32 INFO     Training average regularization at step 7100: 0.006174
2025-12-05 13:53:32 INFO     Training average loss at step 7100: 2.573097
2025-12-05 13:54:24 INFO     Training average positive_fact_loss at step 7200: 0.314166
2025-12-05 13:54:24 INFO     Training average negative_fact_loss at step 7200: 0.291802
2025-12-05 13:54:24 INFO     Training average positive_rule_loss at step 7200: 1.559337
2025-12-05 13:54:24 INFO     Training average negative_rule_loss at step 7200: 2.595886
2025-12-05 13:54:24 INFO     Training average L_uncertainty at step 7200: 37.372742
2025-12-05 13:54:24 INFO     Training average L_kl at step 7200: 37236.085977
2025-12-05 13:54:24 INFO     Training average L_sigma at step 7200: 27.330838
2025-12-05 13:54:24 INFO     Training average mu_mean at step 7200: -1.998265
2025-12-05 13:54:24 INFO     Training average sigma_mean at step 7200: 0.129249
2025-12-05 13:54:24 INFO     Training average regularization at step 7200: 0.006174
2025-12-05 13:54:24 INFO     Training average loss at step 7200: 2.573633
2025-12-05 13:55:20 INFO     Training average positive_fact_loss at step 7300: 0.314219
2025-12-05 13:55:20 INFO     Training average negative_fact_loss at step 7300: 0.291461
2025-12-05 13:55:20 INFO     Training average positive_rule_loss at step 7300: 1.562194
2025-12-05 13:55:20 INFO     Training average negative_rule_loss at step 7300: 2.587430
2025-12-05 13:55:20 INFO     Training average L_uncertainty at step 7300: 37.393346
2025-12-05 13:55:20 INFO     Training average L_kl at step 7300: 37257.421875
2025-12-05 13:55:20 INFO     Training average L_sigma at step 7300: 27.184359
2025-12-05 13:55:20 INFO     Training average mu_mean at step 7300: -1.998871
2025-12-05 13:55:20 INFO     Training average sigma_mean at step 7300: 0.129244
2025-12-05 13:55:20 INFO     Training average regularization at step 7300: 0.006177
2025-12-05 13:55:20 INFO     Training average loss at step 7300: 2.570796
2025-12-05 13:56:20 INFO     Training average positive_fact_loss at step 7400: 0.313199
2025-12-05 13:56:20 INFO     Training average negative_fact_loss at step 7400: 0.291338
2025-12-05 13:56:20 INFO     Training average positive_rule_loss at step 7400: 1.562020
2025-12-05 13:56:20 INFO     Training average negative_rule_loss at step 7400: 2.588184
2025-12-05 13:56:20 INFO     Training average L_uncertainty at step 7400: 37.381408
2025-12-05 13:56:20 INFO     Training average L_kl at step 7400: 37245.637539
2025-12-05 13:56:20 INFO     Training average L_sigma at step 7400: 27.153620
2025-12-05 13:56:20 INFO     Training average mu_mean at step 7400: -1.997300
2025-12-05 13:56:20 INFO     Training average sigma_mean at step 7400: 0.129255
2025-12-05 13:56:20 INFO     Training average regularization at step 7400: 0.006176
2025-12-05 13:56:20 INFO     Training average loss at step 7400: 2.570454
2025-12-05 13:57:17 INFO     Training average positive_fact_loss at step 7500: 0.313903
2025-12-05 13:57:17 INFO     Training average negative_fact_loss at step 7500: 0.291766
2025-12-05 13:57:17 INFO     Training average positive_rule_loss at step 7500: 1.561513
2025-12-05 13:57:17 INFO     Training average negative_rule_loss at step 7500: 2.585855
2025-12-05 13:57:17 INFO     Training average L_uncertainty at step 7500: 37.303708
2025-12-05 13:57:17 INFO     Training average L_kl at step 7500: 37171.400898
2025-12-05 13:57:17 INFO     Training average L_sigma at step 7500: 26.461049
2025-12-05 13:57:17 INFO     Training average mu_mean at step 7500: -1.991010
2025-12-05 13:57:17 INFO     Training average sigma_mean at step 7500: 0.129242
2025-12-05 13:57:17 INFO     Training average regularization at step 7500: 0.006180
2025-12-05 13:57:17 INFO     Training average loss at step 7500: 2.569216
2025-12-05 13:58:17 INFO     Training average positive_fact_loss at step 7600: 0.313649
2025-12-05 13:58:17 INFO     Training average negative_fact_loss at step 7600: 0.291977
2025-12-05 13:58:17 INFO     Training average positive_rule_loss at step 7600: 1.562639
2025-12-05 13:58:17 INFO     Training average negative_rule_loss at step 7600: 2.584141
2025-12-05 13:58:17 INFO     Training average L_uncertainty at step 7600: 37.371243
2025-12-05 13:58:17 INFO     Training average L_kl at step 7600: 37238.789375
2025-12-05 13:58:17 INFO     Training average L_sigma at step 7600: 26.490302
2025-12-05 13:58:17 INFO     Training average mu_mean at step 7600: -1.993504
2025-12-05 13:58:17 INFO     Training average sigma_mean at step 7600: 0.129247
2025-12-05 13:58:17 INFO     Training average regularization at step 7600: 0.006173
2025-12-05 13:58:17 INFO     Training average loss at step 7600: 2.569232
2025-12-05 13:59:13 INFO     Training average positive_fact_loss at step 7700: 0.314338
2025-12-05 13:59:13 INFO     Training average negative_fact_loss at step 7700: 0.291532
2025-12-05 13:59:13 INFO     Training average positive_rule_loss at step 7700: 1.563245
2025-12-05 13:59:13 INFO     Training average negative_rule_loss at step 7700: 2.580613
2025-12-05 13:59:13 INFO     Training average L_uncertainty at step 7700: 37.269481
2025-12-05 13:59:13 INFO     Training average L_kl at step 7700: 37137.858008
2025-12-05 13:59:13 INFO     Training average L_sigma at step 7700: 26.324075
2025-12-05 13:59:13 INFO     Training average mu_mean at step 7700: -1.987895
2025-12-05 13:59:13 INFO     Training average sigma_mean at step 7700: 0.129243
2025-12-05 13:59:13 INFO     Training average regularization at step 7700: 0.006177
2025-12-05 13:59:13 INFO     Training average loss at step 7700: 2.567389
2025-12-05 14:00:08 INFO     Training average positive_fact_loss at step 7800: 0.314058
2025-12-05 14:00:08 INFO     Training average negative_fact_loss at step 7800: 0.291602
2025-12-05 14:00:08 INFO     Training average positive_rule_loss at step 7800: 1.563516
2025-12-05 14:00:08 INFO     Training average negative_rule_loss at step 7800: 2.578852
2025-12-05 14:00:08 INFO     Training average L_uncertainty at step 7800: 37.321903
2025-12-05 14:00:08 INFO     Training average L_kl at step 7800: 37191.165313
2025-12-05 14:00:08 INFO     Training average L_sigma at step 7800: 26.147237
2025-12-05 14:00:08 INFO     Training average mu_mean at step 7800: -1.988818
2025-12-05 14:00:08 INFO     Training average sigma_mean at step 7800: 0.129246
2025-12-05 14:00:08 INFO     Training average regularization at step 7800: 0.006181
2025-12-05 14:00:08 INFO     Training average loss at step 7800: 2.566804
2025-12-05 14:01:00 INFO     Training average positive_fact_loss at step 7900: 0.314261
2025-12-05 14:01:00 INFO     Training average negative_fact_loss at step 7900: 0.290768
2025-12-05 14:01:00 INFO     Training average positive_rule_loss at step 7900: 1.565529
2025-12-05 14:01:00 INFO     Training average negative_rule_loss at step 7900: 2.575575
2025-12-05 14:01:00 INFO     Training average L_uncertainty at step 7900: 37.245775
2025-12-05 14:01:00 INFO     Training average L_kl at step 7900: 37116.042773
2025-12-05 14:01:00 INFO     Training average L_sigma at step 7900: 25.946059
2025-12-05 14:01:00 INFO     Training average mu_mean at step 7900: -1.984082
2025-12-05 14:01:00 INFO     Training average sigma_mean at step 7900: 0.129248
2025-12-05 14:01:00 INFO     Training average regularization at step 7900: 0.006183
2025-12-05 14:01:00 INFO     Training average loss at step 7900: 2.565478
2025-12-05 14:02:01 INFO     Training average positive_fact_loss at step 8000: 0.313355
2025-12-05 14:02:01 INFO     Training average negative_fact_loss at step 8000: 0.291449
2025-12-05 14:02:01 INFO     Training average positive_rule_loss at step 8000: 1.563247
2025-12-05 14:02:01 INFO     Training average negative_rule_loss at step 8000: 2.576075
2025-12-05 14:02:01 INFO     Training average L_uncertainty at step 8000: 37.246392
2025-12-05 14:02:01 INFO     Training average L_kl at step 8000: 37117.579219
2025-12-05 14:02:01 INFO     Training average L_sigma at step 8000: 25.762084
2025-12-05 14:02:01 INFO     Training average mu_mean at step 8000: -1.982350
2025-12-05 14:02:01 INFO     Training average sigma_mean at step 8000: 0.129242
2025-12-05 14:02:01 INFO     Training average regularization at step 8000: 0.006170
2025-12-05 14:02:01 INFO     Training average loss at step 8000: 2.564465
2025-12-05 14:02:01 INFO     Evaluating on Valid Dataset...
2025-12-05 14:02:01 INFO     >>>>> RuleE emb: Evaluating on valid
2025-12-05 14:02:11 INFO     Data : 4274
2025-12-05 14:02:11 INFO     Hit1 : 0.535564
2025-12-05 14:02:11 INFO     Hit3 : 0.771409
2025-12-05 14:02:11 INFO     Hit10: 0.941039
2025-12-05 14:02:11 INFO     MR   : 3.414834
2025-12-05 14:02:11 INFO     MRR  : 0.673892
2025-12-05 14:03:10 INFO     Training average positive_fact_loss at step 8100: 0.314206
2025-12-05 14:03:10 INFO     Training average negative_fact_loss at step 8100: 0.291587
2025-12-05 14:03:10 INFO     Training average positive_rule_loss at step 8100: 1.564277
2025-12-05 14:03:10 INFO     Training average negative_rule_loss at step 8100: 2.572962
2025-12-05 14:03:10 INFO     Training average L_uncertainty at step 8100: 37.157538
2025-12-05 14:03:10 INFO     Training average L_kl at step 8100: 37029.464727
2025-12-05 14:03:10 INFO     Training average L_sigma at step 8100: 25.614219
2025-12-05 14:03:10 INFO     Training average mu_mean at step 8100: -1.976527
2025-12-05 14:03:10 INFO     Training average sigma_mean at step 8100: 0.129244
2025-12-05 14:03:10 INFO     Training average regularization at step 8100: 0.006170
2025-12-05 14:03:10 INFO     Training average loss at step 8100: 2.563473
2025-12-05 14:04:11 INFO     Training average positive_fact_loss at step 8200: 0.313309
2025-12-05 14:04:11 INFO     Training average negative_fact_loss at step 8200: 0.291639
2025-12-05 14:04:11 INFO     Training average positive_rule_loss at step 8200: 1.564714
2025-12-05 14:04:11 INFO     Training average negative_rule_loss at step 8200: 2.571386
2025-12-05 14:04:11 INFO     Training average L_uncertainty at step 8200: 37.200834
2025-12-05 14:04:11 INFO     Training average L_kl at step 8200: 37073.316367
2025-12-05 14:04:11 INFO     Training average L_sigma at step 8200: 25.503124
2025-12-05 14:04:11 INFO     Training average mu_mean at step 8200: -1.977169
2025-12-05 14:04:11 INFO     Training average sigma_mean at step 8200: 0.129242
2025-12-05 14:04:11 INFO     Training average regularization at step 8200: 0.006176
2025-12-05 14:04:11 INFO     Training average loss at step 8200: 2.562704
2025-12-05 14:05:07 INFO     Training average positive_fact_loss at step 8300: 0.313562
2025-12-05 14:05:07 INFO     Training average negative_fact_loss at step 8300: 0.291454
2025-12-05 14:05:07 INFO     Training average positive_rule_loss at step 8300: 1.565362
2025-12-05 14:05:07 INFO     Training average negative_rule_loss at step 8300: 2.567895
2025-12-05 14:05:07 INFO     Training average L_uncertainty at step 8300: 37.125309
2025-12-05 14:05:07 INFO     Training average L_kl at step 8300: 36997.597695
2025-12-05 14:05:07 INFO     Training average L_sigma at step 8300: 25.541831
2025-12-05 14:05:07 INFO     Training average mu_mean at step 8300: -1.972364
2025-12-05 14:05:07 INFO     Training average sigma_mean at step 8300: 0.129244
2025-12-05 14:05:07 INFO     Training average regularization at step 8300: 0.006178
2025-12-05 14:05:07 INFO     Training average loss at step 8300: 2.560941
2025-12-05 14:06:07 INFO     Training average positive_fact_loss at step 8400: 0.313725
2025-12-05 14:06:07 INFO     Training average negative_fact_loss at step 8400: 0.291404
2025-12-05 14:06:07 INFO     Training average positive_rule_loss at step 8400: 1.569373
2025-12-05 14:06:07 INFO     Training average negative_rule_loss at step 8400: 2.562523
2025-12-05 14:06:07 INFO     Training average L_uncertainty at step 8400: 37.203831
2025-12-05 14:06:07 INFO     Training average L_kl at step 8400: 37076.329688
2025-12-05 14:06:07 INFO     Training average L_sigma at step 8400: 25.499796
2025-12-05 14:06:07 INFO     Training average mu_mean at step 8400: -1.974689
2025-12-05 14:06:07 INFO     Training average sigma_mean at step 8400: 0.129247
2025-12-05 14:06:07 INFO     Training average regularization at step 8400: 0.006174
2025-12-05 14:06:07 INFO     Training average loss at step 8400: 2.560706
2025-12-05 14:06:54 INFO     Training average positive_fact_loss at step 8500: 0.314262
2025-12-05 14:06:54 INFO     Training average negative_fact_loss at step 8500: 0.290866
2025-12-05 14:06:54 INFO     Training average positive_rule_loss at step 8500: 1.567602
2025-12-05 14:06:54 INFO     Training average negative_rule_loss at step 8500: 2.561490
2025-12-05 14:06:54 INFO     Training average L_uncertainty at step 8500: 37.114246
2025-12-05 14:06:54 INFO     Training average L_kl at step 8500: 36987.688477
2025-12-05 14:06:54 INFO     Training average L_sigma at step 8500: 25.311183
2025-12-05 14:06:54 INFO     Training average mu_mean at step 8500: -1.968892
2025-12-05 14:06:54 INFO     Training average sigma_mean at step 8500: 0.129244
2025-12-05 14:06:54 INFO     Training average regularization at step 8500: 0.006173
2025-12-05 14:06:54 INFO     Training average loss at step 8500: 2.558854
2025-12-05 14:07:54 INFO     Training average positive_fact_loss at step 8600: 0.313627
2025-12-05 14:07:54 INFO     Training average negative_fact_loss at step 8600: 0.291300
2025-12-05 14:07:54 INFO     Training average positive_rule_loss at step 8600: 1.566287
2025-12-05 14:07:54 INFO     Training average negative_rule_loss at step 8600: 2.562532
2025-12-05 14:07:54 INFO     Training average L_uncertainty at step 8600: 37.087937
2025-12-05 14:07:54 INFO     Training average L_kl at step 8600: 36962.459258
2025-12-05 14:07:54 INFO     Training average L_sigma at step 8600: 25.095211
2025-12-05 14:07:54 INFO     Training average mu_mean at step 8600: -1.965870
2025-12-05 14:07:54 INFO     Training average sigma_mean at step 8600: 0.129239
2025-12-05 14:07:54 INFO     Training average regularization at step 8600: 0.006174
2025-12-05 14:07:54 INFO     Training average loss at step 8600: 2.558486
2025-12-05 14:08:50 INFO     Training average positive_fact_loss at step 8700: 0.313183
2025-12-05 14:08:50 INFO     Training average negative_fact_loss at step 8700: 0.290918
2025-12-05 14:08:50 INFO     Training average positive_rule_loss at step 8700: 1.567762
2025-12-05 14:08:50 INFO     Training average negative_rule_loss at step 8700: 2.556310
2025-12-05 14:08:50 INFO     Training average L_uncertainty at step 8700: 37.070490
2025-12-05 14:08:50 INFO     Training average L_kl at step 8700: 36944.818398
2025-12-05 14:08:50 INFO     Training average L_sigma at step 8700: 25.134018
2025-12-05 14:08:50 INFO     Training average mu_mean at step 8700: -1.962993
2025-12-05 14:08:50 INFO     Training average sigma_mean at step 8700: 0.129245
2025-12-05 14:08:50 INFO     Training average regularization at step 8700: 0.006168
2025-12-05 14:08:50 INFO     Training average loss at step 8700: 2.555607
2025-12-05 14:09:50 INFO     Training average positive_fact_loss at step 8800: 0.313775
2025-12-05 14:09:50 INFO     Training average negative_fact_loss at step 8800: 0.291297
2025-12-05 14:09:50 INFO     Training average positive_rule_loss at step 8800: 1.564684
2025-12-05 14:09:50 INFO     Training average negative_rule_loss at step 8800: 2.561520
2025-12-05 14:09:50 INFO     Training average L_uncertainty at step 8800: 36.987895
2025-12-05 14:09:50 INFO     Training average L_kl at step 8800: 36862.931406
2025-12-05 14:09:50 INFO     Training average L_sigma at step 8800: 24.992353
2025-12-05 14:09:50 INFO     Training average mu_mean at step 8800: -1.957564
2025-12-05 14:09:50 INFO     Training average sigma_mean at step 8800: 0.129239
2025-12-05 14:09:50 INFO     Training average regularization at step 8800: 0.006170
2025-12-05 14:09:50 INFO     Training average loss at step 8800: 2.556748
2025-12-05 14:10:46 INFO     Training average positive_fact_loss at step 8900: 0.313475
2025-12-05 14:10:46 INFO     Training average negative_fact_loss at step 8900: 0.291969
2025-12-05 14:10:46 INFO     Training average positive_rule_loss at step 8900: 1.568845
2025-12-05 14:10:46 INFO     Training average negative_rule_loss at step 8900: 2.553015
2025-12-05 14:10:46 INFO     Training average L_uncertainty at step 8900: 36.996141
2025-12-05 14:10:46 INFO     Training average L_kl at step 8900: 36871.606016
2025-12-05 14:10:46 INFO     Training average L_sigma at step 8900: 24.906524
2025-12-05 14:10:46 INFO     Training average mu_mean at step 8900: -1.955595
2025-12-05 14:10:46 INFO     Training average sigma_mean at step 8900: 0.129246
2025-12-05 14:10:46 INFO     Training average regularization at step 8900: 0.006168
2025-12-05 14:10:46 INFO     Training average loss at step 8900: 2.554801
2025-12-05 14:11:46 INFO     Training average positive_fact_loss at step 9000: 0.313556
2025-12-05 14:11:46 INFO     Training average negative_fact_loss at step 9000: 0.291220
2025-12-05 14:11:46 INFO     Training average positive_rule_loss at step 9000: 1.566670
2025-12-05 14:11:46 INFO     Training average negative_rule_loss at step 9000: 2.553936
2025-12-05 14:11:46 INFO     Training average L_uncertainty at step 9000: 36.982173
2025-12-05 14:11:46 INFO     Training average L_kl at step 9000: 36857.977109
2025-12-05 14:11:46 INFO     Training average L_sigma at step 9000: 24.838734
2025-12-05 14:11:46 INFO     Training average mu_mean at step 9000: -1.953272
2025-12-05 14:11:46 INFO     Training average sigma_mean at step 9000: 0.129241
2025-12-05 14:11:46 INFO     Training average regularization at step 9000: 0.006176
2025-12-05 14:11:46 INFO     Training average loss at step 9000: 2.553778
2025-12-05 14:11:46 INFO     Evaluating on Valid Dataset...
2025-12-05 14:11:46 INFO     >>>>> RuleE emb: Evaluating on valid
2025-12-05 14:11:57 INFO     Data : 4274
2025-12-05 14:11:57 INFO     Hit1 : 0.531118
2025-12-05 14:11:57 INFO     Hit3 : 0.765091
2025-12-05 14:11:57 INFO     Hit10: 0.941741
2025-12-05 14:11:57 INFO     MR   : 3.476837
2025-12-05 14:11:57 INFO     MRR  : 0.668442
2025-12-05 14:12:48 INFO     Training average positive_fact_loss at step 9100: 0.314464
2025-12-05 14:12:48 INFO     Training average negative_fact_loss at step 9100: 0.291173
2025-12-05 14:12:48 INFO     Training average positive_rule_loss at step 9100: 1.567802
2025-12-05 14:12:48 INFO     Training average negative_rule_loss at step 9100: 2.549120
2025-12-05 14:12:48 INFO     Training average L_uncertainty at step 9100: 36.927600
2025-12-05 14:12:48 INFO     Training average L_kl at step 9100: 36803.358203
2025-12-05 14:12:48 INFO     Training average L_sigma at step 9100: 24.848025
2025-12-05 14:12:48 INFO     Training average mu_mean at step 9100: -1.948467
2025-12-05 14:12:48 INFO     Training average sigma_mean at step 9100: 0.129241
2025-12-05 14:12:48 INFO     Training average regularization at step 9100: 0.006177
2025-12-05 14:12:48 INFO     Training average loss at step 9100: 2.552095
2025-12-05 14:13:44 INFO     Training average positive_fact_loss at step 9200: 0.313838
2025-12-05 14:13:44 INFO     Training average negative_fact_loss at step 9200: 0.291040
2025-12-05 14:13:44 INFO     Training average positive_rule_loss at step 9200: 1.567756
2025-12-05 14:13:44 INFO     Training average negative_rule_loss at step 9200: 2.549646
2025-12-05 14:13:44 INFO     Training average L_uncertainty at step 9200: 36.936433
2025-12-05 14:13:44 INFO     Training average L_kl at step 9200: 36811.969883
2025-12-05 14:13:44 INFO     Training average L_sigma at step 9200: 24.892192
2025-12-05 14:13:44 INFO     Training average mu_mean at step 9200: -1.947515
2025-12-05 14:13:44 INFO     Training average sigma_mean at step 9200: 0.129238
2025-12-05 14:13:44 INFO     Training average regularization at step 9200: 0.006179
2025-12-05 14:13:44 INFO     Training average loss at step 9200: 2.552000
2025-12-05 14:14:39 INFO     Training average positive_fact_loss at step 9300: 0.313976
2025-12-05 14:14:39 INFO     Training average negative_fact_loss at step 9300: 0.291263
2025-12-05 14:14:39 INFO     Training average positive_rule_loss at step 9300: 1.566925
2025-12-05 14:14:39 INFO     Training average negative_rule_loss at step 9300: 2.547085
2025-12-05 14:14:39 INFO     Training average L_uncertainty at step 9300: 36.791447
2025-12-05 14:14:39 INFO     Training average L_kl at step 9300: 36667.667383
2025-12-05 14:14:39 INFO     Training average L_sigma at step 9300: 24.755471
2025-12-05 14:14:39 INFO     Training average mu_mean at step 9300: -1.938335
2025-12-05 14:14:39 INFO     Training average sigma_mean at step 9300: 0.129247
2025-12-05 14:14:39 INFO     Training average regularization at step 9300: 0.006168
2025-12-05 14:14:39 INFO     Training average loss at step 9300: 2.549750
2025-12-05 14:15:39 INFO     Training average positive_fact_loss at step 9400: 0.313669
2025-12-05 14:15:39 INFO     Training average negative_fact_loss at step 9400: 0.291204
2025-12-05 14:15:39 INFO     Training average positive_rule_loss at step 9400: 1.566995
2025-12-05 14:15:39 INFO     Training average negative_rule_loss at step 9400: 2.543766
2025-12-05 14:15:39 INFO     Training average L_uncertainty at step 9400: 36.866495
2025-12-05 14:15:39 INFO     Training average L_kl at step 9400: 36742.368594
2025-12-05 14:15:39 INFO     Training average L_sigma at step 9400: 24.824880
2025-12-05 14:15:39 INFO     Training average mu_mean at step 9400: -1.938998
2025-12-05 14:15:39 INFO     Training average sigma_mean at step 9400: 0.129249
2025-12-05 14:15:39 INFO     Training average regularization at step 9400: 0.006165
2025-12-05 14:15:39 INFO     Training average loss at step 9400: 2.548314
2025-12-05 14:16:34 INFO     Training average positive_fact_loss at step 9500: 0.313087
2025-12-05 14:16:34 INFO     Training average negative_fact_loss at step 9500: 0.291339
2025-12-05 14:16:34 INFO     Training average positive_rule_loss at step 9500: 1.571511
2025-12-05 14:16:34 INFO     Training average negative_rule_loss at step 9500: 2.539435
2025-12-05 14:16:34 INFO     Training average L_uncertainty at step 9500: 36.800875
2025-12-05 14:16:34 INFO     Training average L_kl at step 9500: 36676.341836
2025-12-05 14:16:34 INFO     Training average L_sigma at step 9500: 24.906286
2025-12-05 14:16:34 INFO     Training average mu_mean at step 9500: -1.935117
2025-12-05 14:16:34 INFO     Training average sigma_mean at step 9500: 0.129241
2025-12-05 14:16:34 INFO     Training average regularization at step 9500: 0.006175
2025-12-05 14:16:34 INFO     Training average loss at step 9500: 2.547865
2025-12-05 14:17:34 INFO     Training average positive_fact_loss at step 9600: 0.313627
2025-12-05 14:17:34 INFO     Training average negative_fact_loss at step 9600: 0.291508
2025-12-05 14:17:34 INFO     Training average positive_rule_loss at step 9600: 1.566907
2025-12-05 14:17:34 INFO     Training average negative_rule_loss at step 9600: 2.539217
2025-12-05 14:17:34 INFO     Training average L_uncertainty at step 9600: 36.829848
2025-12-05 14:17:34 INFO     Training average L_kl at step 9600: 36707.076367
2025-12-05 14:17:34 INFO     Training average L_sigma at step 9600: 24.553994
2025-12-05 14:17:34 INFO     Training average mu_mean at step 9600: -1.932838
2025-12-05 14:17:34 INFO     Training average sigma_mean at step 9600: 0.129237
2025-12-05 14:17:34 INFO     Training average regularization at step 9600: 0.006173
2025-12-05 14:17:34 INFO     Training average loss at step 9600: 2.545951
2025-12-05 14:18:30 INFO     Training average positive_fact_loss at step 9700: 0.313973
2025-12-05 14:18:30 INFO     Training average negative_fact_loss at step 9700: 0.291049
2025-12-05 14:18:30 INFO     Training average positive_rule_loss at step 9700: 1.565379
2025-12-05 14:18:30 INFO     Training average negative_rule_loss at step 9700: 2.539374
2025-12-05 14:18:30 INFO     Training average L_uncertainty at step 9700: 36.679815
2025-12-05 14:18:30 INFO     Training average L_kl at step 9700: 36556.918789
2025-12-05 14:18:30 INFO     Training average L_sigma at step 9700: 24.578896
2025-12-05 14:18:30 INFO     Training average mu_mean at step 9700: -1.923053
2025-12-05 14:18:30 INFO     Training average sigma_mean at step 9700: 0.129243
2025-12-05 14:18:30 INFO     Training average regularization at step 9700: 0.006166
2025-12-05 14:18:30 INFO     Training average loss at step 9700: 2.544453
2025-12-05 14:19:21 INFO     Training average positive_fact_loss at step 9800: 0.313700
2025-12-05 14:19:21 INFO     Training average negative_fact_loss at step 9800: 0.290586
2025-12-05 14:19:21 INFO     Training average positive_rule_loss at step 9800: 1.567898
2025-12-05 14:19:21 INFO     Training average negative_rule_loss at step 9800: 2.533428
2025-12-05 14:19:21 INFO     Training average L_uncertainty at step 9800: 36.717679
2025-12-05 14:19:21 INFO     Training average L_kl at step 9800: 36594.327891
2025-12-05 14:19:21 INFO     Training average L_sigma at step 9800: 24.669875
2025-12-05 14:19:21 INFO     Training average mu_mean at step 9800: -1.921914
2025-12-05 14:19:21 INFO     Training average sigma_mean at step 9800: 0.129243
2025-12-05 14:19:21 INFO     Training average regularization at step 9800: 0.006164
2025-12-05 14:19:21 INFO     Training average loss at step 9800: 2.542559
2025-12-05 14:20:17 INFO     Training average positive_fact_loss at step 9900: 0.313976
2025-12-05 14:20:17 INFO     Training average negative_fact_loss at step 9900: 0.291055
2025-12-05 14:20:17 INFO     Training average positive_rule_loss at step 9900: 1.566124
2025-12-05 14:20:17 INFO     Training average negative_rule_loss at step 9900: 2.533666
2025-12-05 14:20:17 INFO     Training average L_uncertainty at step 9900: 36.673243
2025-12-05 14:20:17 INFO     Training average L_kl at step 9900: 36551.072930
2025-12-05 14:20:17 INFO     Training average L_sigma at step 9900: 24.433656
2025-12-05 14:20:17 INFO     Training average mu_mean at step 9900: -1.917368
2025-12-05 14:20:17 INFO     Training average sigma_mean at step 9900: 0.129241
2025-12-05 14:20:17 INFO     Training average regularization at step 9900: 0.006180
2025-12-05 14:20:17 INFO     Training average loss at step 9900: 2.541956
2025-12-05 14:21:17 INFO     Training average positive_fact_loss at step 10000: 0.313186
2025-12-05 14:21:17 INFO     Training average negative_fact_loss at step 10000: 0.290843
2025-12-05 14:21:17 INFO     Training average positive_rule_loss at step 10000: 1.563972
2025-12-05 14:21:17 INFO     Training average negative_rule_loss at step 10000: 2.534465
2025-12-05 14:21:17 INFO     Training average L_uncertainty at step 10000: 36.585195
2025-12-05 14:21:17 INFO     Training average L_kl at step 10000: 36462.967969
2025-12-05 14:21:17 INFO     Training average L_sigma at step 10000: 24.445016
2025-12-05 14:21:17 INFO     Training average mu_mean at step 10000: -1.909296
2025-12-05 14:21:17 INFO     Training average sigma_mean at step 10000: 0.129243
2025-12-05 14:21:17 INFO     Training average regularization at step 10000: 0.006168
2025-12-05 14:21:17 INFO     Training average loss at step 10000: 2.540326
2025-12-05 14:21:17 INFO     Evaluating on Valid Dataset...
2025-12-05 14:21:17 INFO     >>>>> RuleE emb: Evaluating on valid
2025-12-05 14:21:27 INFO     Data : 4274
2025-12-05 14:21:27 INFO     Hit1 : 0.533926
2025-12-05 14:21:27 INFO     Hit3 : 0.769771
2025-12-05 14:21:27 INFO     Hit10: 0.940337
2025-12-05 14:21:27 INFO     MR   : 3.426065
2025-12-05 14:21:27 INFO     MRR  : 0.672883
2025-12-05 14:22:23 INFO     Training average positive_fact_loss at step 10100: 0.313647
2025-12-05 14:22:23 INFO     Training average negative_fact_loss at step 10100: 0.291295
2025-12-05 14:22:23 INFO     Training average positive_rule_loss at step 10100: 1.564441
2025-12-05 14:22:23 INFO     Training average negative_rule_loss at step 10100: 2.531039
2025-12-05 14:22:23 INFO     Training average L_uncertainty at step 10100: 36.533132
2025-12-05 14:22:23 INFO     Training average L_kl at step 10100: 36410.602773
2025-12-05 14:22:23 INFO     Training average L_sigma at step 10100: 24.505538
2025-12-05 14:22:23 INFO     Training average mu_mean at step 10100: -1.905095
2025-12-05 14:22:23 INFO     Training average sigma_mean at step 10100: 0.129245
2025-12-05 14:22:23 INFO     Training average regularization at step 10100: 0.006170
2025-12-05 14:22:23 INFO     Training average loss at step 10100: 2.539047
2025-12-05 14:23:23 INFO     Training average positive_fact_loss at step 10200: 0.313251
2025-12-05 14:23:23 INFO     Training average negative_fact_loss at step 10200: 0.291257
2025-12-05 14:23:23 INFO     Training average positive_rule_loss at step 10200: 1.563922
2025-12-05 14:23:23 INFO     Training average negative_rule_loss at step 10200: 2.528385
2025-12-05 14:23:23 INFO     Training average L_uncertainty at step 10200: 36.512197
2025-12-05 14:23:23 INFO     Training average L_kl at step 10200: 36390.231367
2025-12-05 14:23:23 INFO     Training average L_sigma at step 10200: 24.392764
2025-12-05 14:23:23 INFO     Training average mu_mean at step 10200: -1.899845
2025-12-05 14:23:23 INFO     Training average sigma_mean at step 10200: 0.129242
2025-12-05 14:23:23 INFO     Training average regularization at step 10200: 0.006169
2025-12-05 14:23:23 INFO     Training average loss at step 10200: 2.537138
2025-12-05 14:24:18 INFO     Training average positive_fact_loss at step 10300: 0.313834
2025-12-05 14:24:18 INFO     Training average negative_fact_loss at step 10300: 0.291209
2025-12-05 14:24:18 INFO     Training average positive_rule_loss at step 10300: 1.564211
2025-12-05 14:24:18 INFO     Training average negative_rule_loss at step 10300: 2.526679
2025-12-05 14:24:18 INFO     Training average L_uncertainty at step 10300: 36.461024
2025-12-05 14:24:18 INFO     Training average L_kl at step 10300: 36338.071758
2025-12-05 14:24:18 INFO     Training average L_sigma at step 10300: 24.590137
2025-12-05 14:24:18 INFO     Training average mu_mean at step 10300: -1.894324
2025-12-05 14:24:18 INFO     Training average sigma_mean at step 10300: 0.129247
2025-12-05 14:24:18 INFO     Training average regularization at step 10300: 0.006173
2025-12-05 14:24:18 INFO     Training average loss at step 10300: 2.536444
2025-12-05 14:25:14 INFO     Training average positive_fact_loss at step 10400: 0.314566
2025-12-05 14:25:14 INFO     Training average negative_fact_loss at step 10400: 0.291281
2025-12-05 14:25:14 INFO     Training average positive_rule_loss at step 10400: 1.563475
2025-12-05 14:25:14 INFO     Training average negative_rule_loss at step 10400: 2.524681
2025-12-05 14:25:14 INFO     Training average L_uncertainty at step 10400: 36.442628
2025-12-05 14:25:14 INFO     Training average L_kl at step 10400: 36320.631328
2025-12-05 14:25:14 INFO     Training average L_sigma at step 10400: 24.398961
2025-12-05 14:25:14 INFO     Training average mu_mean at step 10400: -1.889823
2025-12-05 14:25:14 INFO     Training average sigma_mean at step 10400: 0.129242
2025-12-05 14:25:14 INFO     Training average regularization at step 10400: 0.006179
2025-12-05 14:25:14 INFO     Training average loss at step 10400: 2.535394
2025-12-05 14:26:05 INFO     Training average positive_fact_loss at step 10500: 0.313250
2025-12-05 14:26:05 INFO     Training average negative_fact_loss at step 10500: 0.290585
2025-12-05 14:26:05 INFO     Training average positive_rule_loss at step 10500: 1.564234
2025-12-05 14:26:05 INFO     Training average negative_rule_loss at step 10500: 2.519074
2025-12-05 14:26:05 INFO     Training average L_uncertainty at step 10500: 36.428410
2025-12-05 14:26:05 INFO     Training average L_kl at step 10500: 36306.594336
2025-12-05 14:26:05 INFO     Training average L_sigma at step 10500: 24.362871
2025-12-05 14:26:05 INFO     Training average mu_mean at step 10500: -1.886014
2025-12-05 14:26:05 INFO     Training average sigma_mean at step 10500: 0.129243
2025-12-05 14:26:05 INFO     Training average regularization at step 10500: 0.006172
2025-12-05 14:26:05 INFO     Training average loss at step 10500: 2.531885
2025-12-05 14:27:05 INFO     Training average positive_fact_loss at step 10600: 0.313750
2025-12-05 14:27:05 INFO     Training average negative_fact_loss at step 10600: 0.291135
2025-12-05 14:27:05 INFO     Training average positive_rule_loss at step 10600: 1.563380
2025-12-05 14:27:05 INFO     Training average negative_rule_loss at step 10600: 2.517365
2025-12-05 14:27:05 INFO     Training average L_uncertainty at step 10600: 36.400912
2025-12-05 14:27:05 INFO     Training average L_kl at step 10600: 36278.941523
2025-12-05 14:27:05 INFO     Training average L_sigma at step 10600: 24.393891
2025-12-05 14:27:05 INFO     Training average mu_mean at step 10600: -1.879727
2025-12-05 14:27:05 INFO     Training average sigma_mean at step 10600: 0.129243
2025-12-05 14:27:05 INFO     Training average regularization at step 10600: 0.006175
2025-12-05 14:27:05 INFO     Training average loss at step 10600: 2.530994
2025-12-05 14:28:01 INFO     Training average positive_fact_loss at step 10700: 0.313058
2025-12-05 14:28:01 INFO     Training average negative_fact_loss at step 10700: 0.291074
2025-12-05 14:28:01 INFO     Training average positive_rule_loss at step 10700: 1.563916
2025-12-05 14:28:01 INFO     Training average negative_rule_loss at step 10700: 2.514203
2025-12-05 14:28:01 INFO     Training average L_uncertainty at step 10700: 36.343342
2025-12-05 14:28:01 INFO     Training average L_kl at step 10700: 36220.744219
2025-12-05 14:28:01 INFO     Training average L_sigma at step 10700: 24.519100
2025-12-05 14:28:01 INFO     Training average mu_mean at step 10700: -1.874540
2025-12-05 14:28:01 INFO     Training average sigma_mean at step 10700: 0.129248
2025-12-05 14:28:01 INFO     Training average regularization at step 10700: 0.006169
2025-12-05 14:28:01 INFO     Training average loss at step 10700: 2.529011
2025-12-05 14:29:00 INFO     Training average positive_fact_loss at step 10800: 0.314025
2025-12-05 14:29:00 INFO     Training average negative_fact_loss at step 10800: 0.291026
2025-12-05 14:29:00 INFO     Training average positive_rule_loss at step 10800: 1.564250
2025-12-05 14:29:00 INFO     Training average negative_rule_loss at step 10800: 2.511562
2025-12-05 14:29:00 INFO     Training average L_uncertainty at step 10800: 36.315932
2025-12-05 14:29:00 INFO     Training average L_kl at step 10800: 36194.307305
2025-12-05 14:29:00 INFO     Training average L_sigma at step 10800: 24.324601
2025-12-05 14:29:00 INFO     Training average mu_mean at step 10800: -1.869256
2025-12-05 14:29:00 INFO     Training average sigma_mean at step 10800: 0.129240
2025-12-05 14:29:00 INFO     Training average regularization at step 10800: 0.006180
2025-12-05 14:29:00 INFO     Training average loss at step 10800: 2.528191
2025-12-05 14:29:56 INFO     Training average positive_fact_loss at step 10900: 0.313633
2025-12-05 14:29:56 INFO     Training average negative_fact_loss at step 10900: 0.291097
2025-12-05 14:29:56 INFO     Training average positive_rule_loss at step 10900: 1.563474
2025-12-05 14:29:56 INFO     Training average negative_rule_loss at step 10900: 2.508123
2025-12-05 14:29:56 INFO     Training average L_uncertainty at step 10900: 36.313555
2025-12-05 14:29:56 INFO     Training average L_kl at step 10900: 36190.505352
2025-12-05 14:29:56 INFO     Training average L_sigma at step 10900: 24.609627
2025-12-05 14:29:56 INFO     Training average mu_mean at step 10900: -1.864591
2025-12-05 14:29:56 INFO     Training average sigma_mean at step 10900: 0.129252
2025-12-05 14:29:56 INFO     Training average regularization at step 10900: 0.006181
2025-12-05 14:29:56 INFO     Training average loss at step 10900: 2.525912
2025-12-05 14:30:56 INFO     Training average positive_fact_loss at step 11000: 0.313777
2025-12-05 14:30:56 INFO     Training average negative_fact_loss at step 11000: 0.291399
2025-12-05 14:30:56 INFO     Training average positive_rule_loss at step 11000: 1.563812
2025-12-05 14:30:56 INFO     Training average negative_rule_loss at step 11000: 2.505298
2025-12-05 14:30:56 INFO     Training average L_uncertainty at step 11000: 36.273533
2025-12-05 14:30:56 INFO     Training average L_kl at step 11000: 36151.742617
2025-12-05 14:30:56 INFO     Training average L_sigma at step 11000: 24.357743
2025-12-05 14:30:56 INFO     Training average mu_mean at step 11000: -1.860124
2025-12-05 14:30:56 INFO     Training average sigma_mean at step 11000: 0.129239
2025-12-05 14:30:56 INFO     Training average regularization at step 11000: 0.006169
2025-12-05 14:30:56 INFO     Training average loss at step 11000: 2.524680
2025-12-05 14:30:56 INFO     Evaluating on Valid Dataset...
2025-12-05 14:30:56 INFO     >>>>> RuleE emb: Evaluating on valid
2025-12-05 14:31:06 INFO     Data : 4274
2025-12-05 14:31:06 INFO     Hit1 : 0.529247
2025-12-05 14:31:06 INFO     Hit3 : 0.770239
2025-12-05 14:31:06 INFO     Hit10: 0.941975
2025-12-05 14:31:06 INFO     MR   : 3.414834
2025-12-05 14:31:06 INFO     MRR  : 0.670919
2025-12-05 14:31:52 INFO     Training average positive_fact_loss at step 11100: 0.314084
2025-12-05 14:31:52 INFO     Training average negative_fact_loss at step 11100: 0.290644
2025-12-05 14:31:52 INFO     Training average positive_rule_loss at step 11100: 1.566654
2025-12-05 14:31:52 INFO     Training average negative_rule_loss at step 11100: 2.500019
2025-12-05 14:31:52 INFO     Training average L_uncertainty at step 11100: 36.254032
2025-12-05 14:31:52 INFO     Training average L_kl at step 11100: 36130.975117
2025-12-05 14:31:52 INFO     Training average L_sigma at step 11100: 24.610961
2025-12-05 14:31:52 INFO     Training average mu_mean at step 11100: -1.856446
2025-12-05 14:31:52 INFO     Training average sigma_mean at step 11100: 0.129247
2025-12-05 14:31:52 INFO     Training average regularization at step 11100: 0.006184
2025-12-05 14:31:52 INFO     Training average loss at step 11100: 2.523154
2025-12-05 14:32:52 INFO     Training average positive_fact_loss at step 11200: 0.313340
2025-12-05 14:32:52 INFO     Training average negative_fact_loss at step 11200: 0.291183
2025-12-05 14:32:52 INFO     Training average positive_rule_loss at step 11200: 1.565123
2025-12-05 14:32:52 INFO     Training average negative_rule_loss at step 11200: 2.497673
2025-12-05 14:32:52 INFO     Training average L_uncertainty at step 11200: 36.241332
2025-12-05 14:32:52 INFO     Training average L_kl at step 11200: 36119.187734
2025-12-05 14:32:52 INFO     Training average L_sigma at step 11200: 24.428611
2025-12-05 14:32:52 INFO     Training average mu_mean at step 11200: -1.850814
2025-12-05 14:32:52 INFO     Training average sigma_mean at step 11200: 0.129245
2025-12-05 14:32:52 INFO     Training average regularization at step 11200: 0.006164
2025-12-05 14:32:52 INFO     Training average loss at step 11200: 2.521030
2025-12-05 14:33:48 INFO     Training average positive_fact_loss at step 11300: 0.313502
2025-12-05 14:33:48 INFO     Training average negative_fact_loss at step 11300: 0.290626
2025-12-05 14:33:48 INFO     Training average positive_rule_loss at step 11300: 1.562461
2025-12-05 14:33:48 INFO     Training average negative_rule_loss at step 11300: 2.498309
2025-12-05 14:33:48 INFO     Training average L_uncertainty at step 11300: 36.136387
2025-12-05 14:33:48 INFO     Training average L_kl at step 11300: 36014.085859
2025-12-05 14:33:48 INFO     Training average L_sigma at step 11300: 24.459872
2025-12-05 14:33:48 INFO     Training average mu_mean at step 11300: -1.840891
2025-12-05 14:33:48 INFO     Training average sigma_mean at step 11300: 0.129248
2025-12-05 14:33:48 INFO     Training average regularization at step 11300: 0.006177
2025-12-05 14:33:48 INFO     Training average loss at step 11300: 2.519308
2025-12-05 14:34:48 INFO     Training average positive_fact_loss at step 11400: 0.313251
2025-12-05 14:34:48 INFO     Training average negative_fact_loss at step 11400: 0.291159
2025-12-05 14:34:48 INFO     Training average positive_rule_loss at step 11400: 1.561661
2025-12-05 14:34:48 INFO     Training average negative_rule_loss at step 11400: 2.496554
2025-12-05 14:34:48 INFO     Training average L_uncertainty at step 11400: 36.115802
2025-12-05 14:34:48 INFO     Training average L_kl at step 11400: 35994.204297
2025-12-05 14:34:48 INFO     Training average L_sigma at step 11400: 24.319330
2025-12-05 14:34:48 INFO     Training average mu_mean at step 11400: -1.834658
2025-12-05 14:34:48 INFO     Training average sigma_mean at step 11400: 0.129242
2025-12-05 14:34:48 INFO     Training average regularization at step 11400: 0.006173
2025-12-05 14:34:48 INFO     Training average loss at step 11400: 2.518064
2025-12-05 14:35:44 INFO     Training average positive_fact_loss at step 11500: 0.313449
2025-12-05 14:35:44 INFO     Training average negative_fact_loss at step 11500: 0.291255
2025-12-05 14:35:44 INFO     Training average positive_rule_loss at step 11500: 1.563051
2025-12-05 14:35:44 INFO     Training average negative_rule_loss at step 11500: 2.492351
2025-12-05 14:35:44 INFO     Training average L_uncertainty at step 11500: 36.075070
2025-12-05 14:35:44 INFO     Training average L_kl at step 11500: 35952.920352
2025-12-05 14:35:44 INFO     Training average L_sigma at step 11500: 24.429522
2025-12-05 14:35:44 INFO     Training average mu_mean at step 11500: -1.829733
2025-12-05 14:35:44 INFO     Training average sigma_mean at step 11500: 0.129245
2025-12-05 14:35:44 INFO     Training average regularization at step 11500: 0.006166
2025-12-05 14:35:44 INFO     Training average loss at step 11500: 2.516595
2025-12-05 14:36:44 INFO     Training average positive_fact_loss at step 11600: 0.314508
2025-12-05 14:36:44 INFO     Training average negative_fact_loss at step 11600: 0.291004
2025-12-05 14:36:44 INFO     Training average positive_rule_loss at step 11600: 1.561117
2025-12-05 14:36:44 INFO     Training average negative_rule_loss at step 11600: 2.491802
2025-12-05 14:36:44 INFO     Training average L_uncertainty at step 11600: 36.007497
2025-12-05 14:36:44 INFO     Training average L_kl at step 11600: 35885.733398
2025-12-05 14:36:44 INFO     Training average L_sigma at step 11600: 24.352446
2025-12-05 14:36:44 INFO     Training average mu_mean at step 11600: -1.821286
2025-12-05 14:36:44 INFO     Training average sigma_mean at step 11600: 0.129246
2025-12-05 14:36:44 INFO     Training average regularization at step 11600: 0.006172
2025-12-05 14:36:44 INFO     Training average loss at step 11600: 2.515425
2025-12-05 14:37:35 INFO     Training average positive_fact_loss at step 11700: 0.313384
2025-12-05 14:37:35 INFO     Training average negative_fact_loss at step 11700: 0.290913
2025-12-05 14:37:35 INFO     Training average positive_rule_loss at step 11700: 1.564956
2025-12-05 14:37:35 INFO     Training average negative_rule_loss at step 11700: 2.481794
2025-12-05 14:37:35 INFO     Training average L_uncertainty at step 11700: 36.063340
2025-12-05 14:37:35 INFO     Training average L_kl at step 11700: 35940.624766
2025-12-05 14:37:35 INFO     Training average L_sigma at step 11700: 24.542801
2025-12-05 14:37:35 INFO     Training average mu_mean at step 11700: -1.819995
2025-12-05 14:37:35 INFO     Training average sigma_mean at step 11700: 0.129249
2025-12-05 14:37:35 INFO     Training average regularization at step 11700: 0.006169
2025-12-05 14:37:35 INFO     Training average loss at step 11700: 2.512009
2025-12-05 14:38:31 INFO     Training average positive_fact_loss at step 11800: 0.313672
2025-12-05 14:38:31 INFO     Training average negative_fact_loss at step 11800: 0.290587
2025-12-05 14:38:31 INFO     Training average positive_rule_loss at step 11800: 1.562951
2025-12-05 14:38:31 INFO     Training average negative_rule_loss at step 11800: 2.485045
2025-12-05 14:38:31 INFO     Training average L_uncertainty at step 11800: 35.955748
2025-12-05 14:38:31 INFO     Training average L_kl at step 11800: 35833.529883
2025-12-05 14:38:31 INFO     Training average L_sigma at step 11800: 24.443292
2025-12-05 14:38:31 INFO     Training average mu_mean at step 11800: -1.811692
2025-12-05 14:38:31 INFO     Training average sigma_mean at step 11800: 0.129249
2025-12-05 14:38:31 INFO     Training average regularization at step 11800: 0.006176
2025-12-05 14:38:31 INFO     Training average loss at step 11800: 2.512082
2025-12-05 14:39:26 INFO     Training average positive_fact_loss at step 11900: 0.313455
2025-12-05 14:39:26 INFO     Training average negative_fact_loss at step 11900: 0.290523
2025-12-05 14:39:26 INFO     Training average positive_rule_loss at step 11900: 1.560852
2025-12-05 14:39:26 INFO     Training average negative_rule_loss at step 11900: 2.483424
2025-12-05 14:39:26 INFO     Training average L_uncertainty at step 11900: 35.876983
2025-12-05 14:39:26 INFO     Training average L_kl at step 11900: 35754.556602
2025-12-05 14:39:26 INFO     Training average L_sigma at step 11900: 24.485050
2025-12-05 14:39:26 INFO     Training average mu_mean at step 11900: -1.801433
2025-12-05 14:39:26 INFO     Training average sigma_mean at step 11900: 0.129253
2025-12-05 14:39:26 INFO     Training average regularization at step 11900: 0.006172
2025-12-05 14:39:26 INFO     Training average loss at step 11900: 2.509684
2025-12-05 14:40:26 INFO     Training average positive_fact_loss at step 12000: 0.313266
2025-12-05 14:40:26 INFO     Training average negative_fact_loss at step 12000: 0.291056
2025-12-05 14:40:26 INFO     Training average positive_rule_loss at step 12000: 1.564553
2025-12-05 14:40:26 INFO     Training average negative_rule_loss at step 12000: 2.475465
2025-12-05 14:40:26 INFO     Training average L_uncertainty at step 12000: 35.923718
2025-12-05 14:40:26 INFO     Training average L_kl at step 12000: 35802.306211
2025-12-05 14:40:26 INFO     Training average L_sigma at step 12000: 24.282132
2025-12-05 14:40:26 INFO     Training average mu_mean at step 12000: -1.799434
2025-12-05 14:40:26 INFO     Training average sigma_mean at step 12000: 0.129242
2025-12-05 14:40:26 INFO     Training average regularization at step 12000: 0.006175
2025-12-05 14:40:26 INFO     Training average loss at step 12000: 2.507963
2025-12-05 14:40:26 INFO     Evaluating on Valid Dataset...
2025-12-05 14:40:26 INFO     >>>>> RuleE emb: Evaluating on valid
2025-12-05 14:40:36 INFO     Data : 4274
2025-12-05 14:40:36 INFO     Hit1 : 0.530182
2025-12-05 14:40:36 INFO     Hit3 : 0.770941
2025-12-05 14:40:36 INFO     Hit10: 0.940805
2025-12-05 14:40:36 INFO     MR   : 3.434488
2025-12-05 14:40:36 INFO     MRR  : 0.671685
2025-12-05 14:41:33 INFO     Training average positive_fact_loss at step 12100: 0.313453
2025-12-05 14:41:33 INFO     Training average negative_fact_loss at step 12100: 0.291109
2025-12-05 14:41:33 INFO     Training average positive_rule_loss at step 12100: 1.564281
2025-12-05 14:41:33 INFO     Training average negative_rule_loss at step 12100: 2.471936
2025-12-05 14:41:33 INFO     Training average L_uncertainty at step 12100: 35.878960
2025-12-05 14:41:33 INFO     Training average L_kl at step 12100: 35756.606172
2025-12-05 14:41:33 INFO     Training average L_sigma at step 12100: 24.470427
2025-12-05 14:41:33 INFO     Training average mu_mean at step 12100: -1.795618
2025-12-05 14:41:33 INFO     Training average sigma_mean at step 12100: 0.129247
2025-12-05 14:41:33 INFO     Training average regularization at step 12100: 0.006168
2025-12-05 14:41:33 INFO     Training average loss at step 12100: 2.505953
2025-12-05 14:42:34 INFO     Training average positive_fact_loss at step 12200: 0.313031
2025-12-05 14:42:34 INFO     Training average negative_fact_loss at step 12200: 0.291095
2025-12-05 14:42:34 INFO     Training average positive_rule_loss at step 12200: 1.563268
2025-12-05 14:42:34 INFO     Training average negative_rule_loss at step 12200: 2.470610
2025-12-05 14:42:34 INFO     Training average L_uncertainty at step 12200: 35.862351
2025-12-05 14:42:34 INFO     Training average L_kl at step 12200: 35740.382383
2025-12-05 14:42:34 INFO     Training average L_sigma at step 12200: 24.393492
2025-12-05 14:42:34 INFO     Training average mu_mean at step 12200: -1.788039
2025-12-05 14:42:34 INFO     Training average sigma_mean at step 12200: 0.129247
2025-12-05 14:42:34 INFO     Training average regularization at step 12200: 0.006177
2025-12-05 14:42:34 INFO     Training average loss at step 12200: 2.504491
2025-12-05 14:43:30 INFO     Training average positive_fact_loss at step 12300: 0.313992
2025-12-05 14:43:30 INFO     Training average negative_fact_loss at step 12300: 0.291020
2025-12-05 14:43:30 INFO     Training average positive_rule_loss at step 12300: 1.561988
2025-12-05 14:43:30 INFO     Training average negative_rule_loss at step 12300: 2.468225
2025-12-05 14:43:30 INFO     Training average L_uncertainty at step 12300: 35.793401
2025-12-05 14:43:30 INFO     Training average L_kl at step 12300: 35671.686094
2025-12-05 14:43:30 INFO     Training average L_sigma at step 12300: 24.342692
2025-12-05 14:43:30 INFO     Training average mu_mean at step 12300: -1.778657
2025-12-05 14:43:30 INFO     Training average sigma_mean at step 12300: 0.129246
2025-12-05 14:43:30 INFO     Training average regularization at step 12300: 0.006170
2025-12-05 14:43:30 INFO     Training average loss at step 12300: 2.502750
2025-12-05 14:44:22 INFO     Training average positive_fact_loss at step 12400: 0.314104
2025-12-05 14:44:22 INFO     Training average negative_fact_loss at step 12400: 0.290450
2025-12-05 14:44:22 INFO     Training average positive_rule_loss at step 12400: 1.568071
2025-12-05 14:44:22 INFO     Training average negative_rule_loss at step 12400: 2.460385
2025-12-05 14:44:22 INFO     Training average L_uncertainty at step 12400: 35.801227
2025-12-05 14:44:22 INFO     Training average L_kl at step 12400: 35677.603477
2025-12-05 14:44:22 INFO     Training average L_sigma at step 12400: 24.724399
2025-12-05 14:44:22 INFO     Training average mu_mean at step 12400: -1.779125
2025-12-05 14:44:22 INFO     Training average sigma_mean at step 12400: 0.129250
2025-12-05 14:44:22 INFO     Training average regularization at step 12400: 0.006169
2025-12-05 14:44:22 INFO     Training average loss at step 12400: 2.501680
2025-12-05 14:45:18 INFO     Training average positive_fact_loss at step 12500: 0.313621
2025-12-05 14:45:18 INFO     Training average negative_fact_loss at step 12500: 0.290911
2025-12-05 14:45:18 INFO     Training average positive_rule_loss at step 12500: 1.562451
2025-12-05 14:45:18 INFO     Training average negative_rule_loss at step 12500: 2.461862
2025-12-05 14:45:18 INFO     Training average L_uncertainty at step 12500: 35.698747
2025-12-05 14:45:18 INFO     Training average L_kl at step 12500: 35576.793047
2025-12-05 14:45:18 INFO     Training average L_sigma at step 12500: 24.390349
2025-12-05 14:45:18 INFO     Training average mu_mean at step 12500: -1.765349
2025-12-05 14:45:18 INFO     Training average sigma_mean at step 12500: 0.129248
2025-12-05 14:45:18 INFO     Training average regularization at step 12500: 0.006172
2025-12-05 14:45:18 INFO     Training average loss at step 12500: 2.499088
2025-12-05 14:46:19 INFO     Training average positive_fact_loss at step 12600: 0.313669
2025-12-05 14:46:19 INFO     Training average negative_fact_loss at step 12600: 0.290885
2025-12-05 14:46:19 INFO     Training average positive_rule_loss at step 12600: 1.567146
2025-12-05 14:46:19 INFO     Training average negative_rule_loss at step 12600: 2.457349
2025-12-05 14:46:19 INFO     Training average L_uncertainty at step 12600: 35.695738
2025-12-05 14:46:19 INFO     Training average L_kl at step 12600: 35573.750078
2025-12-05 14:46:19 INFO     Training average L_sigma at step 12600: 24.397150
2025-12-05 14:46:19 INFO     Training average mu_mean at step 12600: -1.765260
2025-12-05 14:46:19 INFO     Training average sigma_mean at step 12600: 0.129247
2025-12-05 14:46:19 INFO     Training average regularization at step 12600: 0.006166
2025-12-05 14:46:19 INFO     Training average loss at step 12600: 2.499170
2025-12-05 14:47:15 INFO     Training average positive_fact_loss at step 12700: 0.313362
2025-12-05 14:47:15 INFO     Training average negative_fact_loss at step 12700: 0.291188
2025-12-05 14:47:15 INFO     Training average positive_rule_loss at step 12700: 1.561778
2025-12-05 14:47:15 INFO     Training average negative_rule_loss at step 12700: 2.456610
2025-12-05 14:47:15 INFO     Training average L_uncertainty at step 12700: 35.611093
2025-12-05 14:47:15 INFO     Training average L_kl at step 12700: 35488.619102
2025-12-05 14:47:15 INFO     Training average L_sigma at step 12700: 24.494417
2025-12-05 14:47:15 INFO     Training average mu_mean at step 12700: -1.751237
2025-12-05 14:47:15 INFO     Training average sigma_mean at step 12700: 0.129246
2025-12-05 14:47:15 INFO     Training average regularization at step 12700: 0.006162
2025-12-05 14:47:15 INFO     Training average loss at step 12700: 2.495687
2025-12-05 14:48:16 INFO     Training average positive_fact_loss at step 12800: 0.313935
2025-12-05 14:48:16 INFO     Training average negative_fact_loss at step 12800: 0.291372
2025-12-05 14:48:16 INFO     Training average positive_rule_loss at step 12800: 1.563625
2025-12-05 14:48:16 INFO     Training average negative_rule_loss at step 12800: 2.455697
2025-12-05 14:48:16 INFO     Training average L_uncertainty at step 12800: 35.601735
2025-12-05 14:48:16 INFO     Training average L_kl at step 12800: 35479.813789
2025-12-05 14:48:16 INFO     Training average L_sigma at step 12800: 24.383970
2025-12-05 14:48:16 INFO     Training average mu_mean at step 12800: -1.749554
2025-12-05 14:48:16 INFO     Training average sigma_mean at step 12800: 0.129244
2025-12-05 14:48:16 INFO     Training average regularization at step 12800: 0.006158
2025-12-05 14:48:16 INFO     Training average loss at step 12800: 2.496481
2025-12-05 14:49:11 INFO     Training average positive_fact_loss at step 12900: 0.313558
2025-12-05 14:49:11 INFO     Training average negative_fact_loss at step 12900: 0.291140
2025-12-05 14:49:11 INFO     Training average positive_rule_loss at step 12900: 1.562526
2025-12-05 14:49:11 INFO     Training average negative_rule_loss at step 12900: 2.452328
2025-12-05 14:49:11 INFO     Training average L_uncertainty at step 12900: 35.504609
2025-12-05 14:49:11 INFO     Training average L_kl at step 12900: 35382.469023
2025-12-05 14:49:11 INFO     Training average L_sigma at step 12900: 24.427581
2025-12-05 14:49:11 INFO     Training average mu_mean at step 12900: -1.739538
2025-12-05 14:49:11 INFO     Training average sigma_mean at step 12900: 0.129248
2025-12-05 14:49:11 INFO     Training average regularization at step 12900: 0.006166
2025-12-05 14:49:11 INFO     Training average loss at step 12900: 2.493464
2025-12-05 14:50:07 INFO     Training average positive_fact_loss at step 13000: 0.313876
2025-12-05 14:50:07 INFO     Training average negative_fact_loss at step 13000: 0.290426
2025-12-05 14:50:07 INFO     Training average positive_rule_loss at step 13000: 1.569782
2025-12-05 14:50:07 INFO     Training average negative_rule_loss at step 13000: 2.439893
2025-12-05 14:50:07 INFO     Training average L_uncertainty at step 13000: 35.519227
2025-12-05 14:50:07 INFO     Training average L_kl at step 13000: 35397.390977
2025-12-05 14:50:07 INFO     Training average L_sigma at step 13000: 24.366993
2025-12-05 14:50:07 INFO     Training average mu_mean at step 13000: -1.736836
2025-12-05 14:50:07 INFO     Training average sigma_mean at step 13000: 0.129232
2025-12-05 14:50:07 INFO     Training average regularization at step 13000: 0.006164
2025-12-05 14:50:07 INFO     Training average loss at step 13000: 2.490749
2025-12-05 14:50:07 INFO     Evaluating on Valid Dataset...
2025-12-05 14:50:07 INFO     >>>>> RuleE emb: Evaluating on valid
2025-12-05 14:50:17 INFO     Data : 4274
2025-12-05 14:50:17 INFO     Hit1 : 0.542115
2025-12-05 14:50:17 INFO     Hit3 : 0.768835
2025-12-05 14:50:17 INFO     Hit10: 0.941273
2025-12-05 14:50:17 INFO     MR   : 3.399626
2025-12-05 14:50:17 INFO     MRR  : 0.677576
2025-12-05 14:51:10 INFO     Training average positive_fact_loss at step 13100: 0.313871
2025-12-05 14:51:10 INFO     Training average negative_fact_loss at step 13100: 0.290849
2025-12-05 14:51:10 INFO     Training average positive_rule_loss at step 13100: 1.563081
2025-12-05 14:51:10 INFO     Training average negative_rule_loss at step 13100: 2.446573
2025-12-05 14:51:10 INFO     Training average L_uncertainty at step 13100: 35.411429
2025-12-05 14:51:10 INFO     Training average L_kl at step 13100: 35285.825586
2025-12-05 14:51:10 INFO     Training average L_sigma at step 13100: 25.120339
2025-12-05 14:51:10 INFO     Training average mu_mean at step 13100: -1.728939
2025-12-05 14:51:10 INFO     Training average sigma_mean at step 13100: 0.129264
2025-12-05 14:51:10 INFO     Training average regularization at step 13100: 0.006166
2025-12-05 14:51:10 INFO     Training average loss at step 13100: 2.490410
2025-12-05 14:52:10 INFO     Training average positive_fact_loss at step 13200: 0.313053
2025-12-05 14:52:10 INFO     Training average negative_fact_loss at step 13200: 0.290666
2025-12-05 14:52:10 INFO     Training average positive_rule_loss at step 13200: 1.565294
2025-12-05 14:52:10 INFO     Training average negative_rule_loss at step 13200: 2.440499
2025-12-05 14:52:10 INFO     Training average L_uncertainty at step 13200: 35.397227
2025-12-05 14:52:10 INFO     Training average L_kl at step 13200: 35275.331211
2025-12-05 14:52:10 INFO     Training average L_sigma at step 13200: 24.378835
2025-12-05 14:52:10 INFO     Training average mu_mean at step 13200: -1.721878
2025-12-05 14:52:10 INFO     Training average sigma_mean at step 13200: 0.129249
2025-12-05 14:52:10 INFO     Training average regularization at step 13200: 0.006172
2025-12-05 14:52:10 INFO     Training average loss at step 13200: 2.487915
2025-12-05 14:53:05 INFO     Training average positive_fact_loss at step 13300: 0.313349
2025-12-05 14:53:05 INFO     Training average negative_fact_loss at step 13300: 0.290978
2025-12-05 14:53:05 INFO     Training average positive_rule_loss at step 13300: 1.566314
2025-12-05 14:53:05 INFO     Training average negative_rule_loss at step 13300: 2.435830
2025-12-05 14:53:05 INFO     Training average L_uncertainty at step 13300: 35.357715
2025-12-05 14:53:05 INFO     Training average L_kl at step 13300: 35235.703906
2025-12-05 14:53:05 INFO     Training average L_sigma at step 13300: 24.401843
2025-12-05 14:53:05 INFO     Training average mu_mean at step 13300: -1.714772
2025-12-05 14:53:05 INFO     Training average sigma_mean at step 13300: 0.129244
2025-12-05 14:53:05 INFO     Training average regularization at step 13300: 0.006167
2025-12-05 14:53:05 INFO     Training average loss at step 13300: 2.486192
2025-12-05 14:54:06 INFO     Training average positive_fact_loss at step 13400: 0.313046
2025-12-05 14:54:06 INFO     Training average negative_fact_loss at step 13400: 0.290969
2025-12-05 14:54:06 INFO     Training average positive_rule_loss at step 13400: 1.563786
2025-12-05 14:54:06 INFO     Training average negative_rule_loss at step 13400: 2.440545
2025-12-05 14:54:06 INFO     Training average L_uncertainty at step 13400: 35.184992
2025-12-05 14:54:06 INFO     Training average L_kl at step 13400: 35063.363633
2025-12-05 14:54:06 INFO     Training average L_sigma at step 13400: 24.325379
2025-12-05 14:54:06 INFO     Training average mu_mean at step 13400: -1.704634
2025-12-05 14:54:06 INFO     Training average sigma_mean at step 13400: 0.129246
2025-12-05 14:54:06 INFO     Training average regularization at step 13400: 0.006164
2025-12-05 14:54:06 INFO     Training average loss at step 13400: 2.486262
2025-12-05 14:55:01 INFO     Training average positive_fact_loss at step 13500: 0.313675
2025-12-05 14:55:01 INFO     Training average negative_fact_loss at step 13500: 0.290904
2025-12-05 14:55:01 INFO     Training average positive_rule_loss at step 13500: 1.565558
2025-12-05 14:55:01 INFO     Training average negative_rule_loss at step 13500: 2.434085
2025-12-05 14:55:01 INFO     Training average L_uncertainty at step 13500: 35.167966
2025-12-05 14:55:01 INFO     Training average L_kl at step 13500: 35045.164844
2025-12-05 14:55:01 INFO     Training average L_sigma at step 13500: 24.559991
2025-12-05 14:55:01 INFO     Training average mu_mean at step 13500: -1.698932
2025-12-05 14:55:01 INFO     Training average sigma_mean at step 13500: 0.129255
2025-12-05 14:55:01 INFO     Training average regularization at step 13500: 0.006163
2025-12-05 14:55:01 INFO     Training average loss at step 13500: 2.484115
2025-12-05 14:56:01 INFO     Training average positive_fact_loss at step 13600: 0.313116
2025-12-05 14:56:01 INFO     Training average negative_fact_loss at step 13600: 0.290745
2025-12-05 14:56:01 INFO     Training average positive_rule_loss at step 13600: 1.571679
2025-12-05 14:56:01 INFO     Training average negative_rule_loss at step 13600: 2.423573
2025-12-05 14:56:01 INFO     Training average L_uncertainty at step 13600: 35.165096
2025-12-05 14:56:01 INFO     Training average L_kl at step 13600: 35042.114219
2025-12-05 14:56:01 INFO     Training average L_sigma at step 13600: 24.596033
2025-12-05 14:56:01 INFO     Training average mu_mean at step 13600: -1.698452
2025-12-05 14:56:01 INFO     Training average sigma_mean at step 13600: 0.129258
2025-12-05 14:56:01 INFO     Training average regularization at step 13600: 0.006182
2025-12-05 14:56:01 INFO     Training average loss at step 13600: 2.481564
2025-12-05 14:56:48 INFO     Training average positive_fact_loss at step 13700: 0.314332
2025-12-05 14:56:48 INFO     Training average negative_fact_loss at step 13700: 0.290430
2025-12-05 14:56:48 INFO     Training average positive_rule_loss at step 13700: 1.568811
2025-12-05 14:56:48 INFO     Training average negative_rule_loss at step 13700: 2.424303
2025-12-05 14:56:48 INFO     Training average L_uncertainty at step 13700: 35.115602
2025-12-05 14:56:48 INFO     Training average L_kl at step 13700: 34993.020781
2025-12-05 14:56:48 INFO     Training average L_sigma at step 13700: 24.515964
2025-12-05 14:56:48 INFO     Training average mu_mean at step 13700: -1.689087
2025-12-05 14:56:48 INFO     Training average sigma_mean at step 13700: 0.129241
2025-12-05 14:56:48 INFO     Training average regularization at step 13700: 0.006176
2025-12-05 14:56:48 INFO     Training average loss at step 13700: 2.480692
2025-12-05 14:57:48 INFO     Training average positive_fact_loss at step 13800: 0.313164
2025-12-05 14:57:48 INFO     Training average negative_fact_loss at step 13800: 0.290594
2025-12-05 14:57:48 INFO     Training average positive_rule_loss at step 13800: 1.566163
2025-12-05 14:57:48 INFO     Training average negative_rule_loss at step 13800: 2.426504
2025-12-05 14:57:48 INFO     Training average L_uncertainty at step 13800: 34.954618
2025-12-05 14:57:48 INFO     Training average L_kl at step 13800: 34832.475703
2025-12-05 14:57:48 INFO     Training average L_sigma at step 13800: 24.428213
2025-12-05 14:57:48 INFO     Training average mu_mean at step 13800: -1.677018
2025-12-05 14:57:48 INFO     Training average sigma_mean at step 13800: 0.129251
2025-12-05 14:57:48 INFO     Training average regularization at step 13800: 0.006174
2025-12-05 14:57:48 INFO     Training average loss at step 13800: 2.479160
2025-12-05 14:58:43 INFO     Training average positive_fact_loss at step 13900: 0.313690
2025-12-05 14:58:43 INFO     Training average negative_fact_loss at step 13900: 0.290866
2025-12-05 14:58:43 INFO     Training average positive_rule_loss at step 13900: 1.568641
2025-12-05 14:58:43 INFO     Training average negative_rule_loss at step 13900: 2.421117
2025-12-05 14:58:43 INFO     Training average L_uncertainty at step 13900: 34.932381
2025-12-05 14:58:43 INFO     Training average L_kl at step 13900: 34810.390000
2025-12-05 14:58:43 INFO     Training average L_sigma at step 13900: 24.397891
2025-12-05 14:58:43 INFO     Training average mu_mean at step 13900: -1.672837
2025-12-05 14:58:43 INFO     Training average sigma_mean at step 13900: 0.129246
2025-12-05 14:58:43 INFO     Training average regularization at step 13900: 0.006171
2025-12-05 14:58:43 INFO     Training average loss at step 13900: 2.477990
2025-12-05 14:59:43 INFO     Training average positive_fact_loss at step 14000: 0.313747
2025-12-05 14:59:43 INFO     Training average negative_fact_loss at step 14000: 0.291032
2025-12-05 14:59:43 INFO     Training average positive_rule_loss at step 14000: 1.572279
2025-12-05 14:59:43 INFO     Training average negative_rule_loss at step 14000: 2.412293
2025-12-05 14:59:43 INFO     Training average L_uncertainty at step 14000: 34.918698
2025-12-05 14:59:43 INFO     Training average L_kl at step 14000: 34796.340625
2025-12-05 14:59:43 INFO     Training average L_sigma at step 14000: 24.471244
2025-12-05 14:59:43 INFO     Training average mu_mean at step 14000: -1.669785
2025-12-05 14:59:43 INFO     Training average sigma_mean at step 14000: 0.129253
2025-12-05 14:59:43 INFO     Training average regularization at step 14000: 0.006175
2025-12-05 14:59:43 INFO     Training average loss at step 14000: 2.475445
2025-12-05 14:59:43 INFO     Evaluating on Valid Dataset...
2025-12-05 14:59:43 INFO     >>>>> RuleE emb: Evaluating on valid
2025-12-05 14:59:54 INFO     Data : 4274
2025-12-05 14:59:54 INFO     Hit1 : 0.531586
2025-12-05 14:59:54 INFO     Hit3 : 0.770473
2025-12-05 14:59:54 INFO     Hit10: 0.940571
2025-12-05 14:59:54 INFO     MR   : 3.457417
2025-12-05 14:59:54 INFO     MRR  : 0.670499
2025-12-05 15:00:49 INFO     Training average positive_fact_loss at step 14100: 0.313046
2025-12-05 15:00:49 INFO     Training average negative_fact_loss at step 14100: 0.291144
2025-12-05 15:00:49 INFO     Training average positive_rule_loss at step 14100: 1.569358
2025-12-05 15:00:49 INFO     Training average negative_rule_loss at step 14100: 2.417472
2025-12-05 15:00:49 INFO     Training average L_uncertainty at step 14100: 34.743399
2025-12-05 15:00:49 INFO     Training average L_kl at step 14100: 34621.207187
2025-12-05 15:00:49 INFO     Training average L_sigma at step 14100: 24.438008
2025-12-05 15:00:49 INFO     Training average mu_mean at step 14100: -1.657026
2025-12-05 15:00:49 INFO     Training average sigma_mean at step 14100: 0.129247
2025-12-05 15:00:49 INFO     Training average regularization at step 14100: 0.006165
2025-12-05 15:00:49 INFO     Training average loss at step 14100: 2.475392
2025-12-05 15:01:50 INFO     Training average positive_fact_loss at step 14200: 0.314002
2025-12-05 15:01:50 INFO     Training average negative_fact_loss at step 14200: 0.291208
2025-12-05 15:01:50 INFO     Training average positive_rule_loss at step 14200: 1.574962
2025-12-05 15:01:50 INFO     Training average negative_rule_loss at step 14200: 2.406709
2025-12-05 15:01:50 INFO     Training average L_uncertainty at step 14200: 34.733164
2025-12-05 15:01:50 INFO     Training average L_kl at step 14200: 34609.798945
2025-12-05 15:01:50 INFO     Training average L_sigma at step 14200: 24.672762
2025-12-05 15:01:50 INFO     Training average mu_mean at step 14200: -1.653872
2025-12-05 15:01:50 INFO     Training average sigma_mean at step 14200: 0.129250
2025-12-05 15:01:50 INFO     Training average regularization at step 14200: 0.006155
2025-12-05 15:01:50 INFO     Training average loss at step 14200: 2.473261
2025-12-05 15:02:40 INFO     Training average positive_fact_loss at step 14300: 0.314151
2025-12-05 15:02:40 INFO     Training average negative_fact_loss at step 14300: 0.290704
2025-12-05 15:02:40 INFO     Training average positive_rule_loss at step 14300: 1.572284
2025-12-05 15:02:40 INFO     Training average negative_rule_loss at step 14300: 2.408386
2025-12-05 15:02:40 INFO     Training average L_uncertainty at step 14300: 34.619298
2025-12-05 15:02:40 INFO     Training average L_kl at step 14300: 34496.974492
2025-12-05 15:02:40 INFO     Training average L_sigma at step 14300: 24.464442
2025-12-05 15:02:40 INFO     Training average mu_mean at step 14300: -1.646739
2025-12-05 15:02:40 INFO     Training average sigma_mean at step 14300: 0.129245
2025-12-05 15:02:40 INFO     Training average regularization at step 14300: 0.006161
2025-12-05 15:02:40 INFO     Training average loss at step 14300: 2.472020
2025-12-05 15:03:36 INFO     Training average positive_fact_loss at step 14400: 0.314035
2025-12-05 15:03:36 INFO     Training average negative_fact_loss at step 14400: 0.290749
2025-12-05 15:03:36 INFO     Training average positive_rule_loss at step 14400: 1.570305
2025-12-05 15:03:36 INFO     Training average negative_rule_loss at step 14400: 2.413729
2025-12-05 15:03:36 INFO     Training average L_uncertainty at step 14400: 34.452702
2025-12-05 15:03:36 INFO     Training average L_kl at step 14400: 34330.489687
2025-12-05 15:03:36 INFO     Training average L_sigma at step 14400: 24.442272
2025-12-05 15:03:36 INFO     Training average mu_mean at step 14400: -1.634017
2025-12-05 15:03:36 INFO     Training average sigma_mean at step 14400: 0.129244
2025-12-05 15:03:36 INFO     Training average regularization at step 14400: 0.006158
2025-12-05 15:03:36 INFO     Training average loss at step 14400: 2.472830
2025-12-05 15:04:32 INFO     Training average positive_fact_loss at step 14500: 0.313046
2025-12-05 15:04:32 INFO     Training average negative_fact_loss at step 14500: 0.290276
2025-12-05 15:04:32 INFO     Training average positive_rule_loss at step 14500: 1.572975
2025-12-05 15:04:32 INFO     Training average negative_rule_loss at step 14500: 2.405485
2025-12-05 15:04:32 INFO     Training average L_uncertainty at step 14500: 34.412473
2025-12-05 15:04:32 INFO     Training average L_kl at step 14500: 34289.906953
2025-12-05 15:04:32 INFO     Training average L_sigma at step 14500: 24.512807
2025-12-05 15:04:32 INFO     Training average mu_mean at step 14500: -1.628702
2025-12-05 15:04:32 INFO     Training average sigma_mean at step 14500: 0.129247
2025-12-05 15:04:32 INFO     Training average regularization at step 14500: 0.006166
2025-12-05 15:04:32 INFO     Training average loss at step 14500: 2.469119
2025-12-05 15:05:32 INFO     Training average positive_fact_loss at step 14600: 0.312706
2025-12-05 15:05:32 INFO     Training average negative_fact_loss at step 14600: 0.290619
2025-12-05 15:05:32 INFO     Training average positive_rule_loss at step 14600: 1.576220
2025-12-05 15:05:32 INFO     Training average negative_rule_loss at step 14600: 2.397300
2025-12-05 15:05:32 INFO     Training average L_uncertainty at step 14600: 34.398920
2025-12-05 15:05:32 INFO     Training average L_kl at step 14600: 34276.406445
2025-12-05 15:05:32 INFO     Training average L_sigma at step 14600: 24.502507
2025-12-05 15:05:32 INFO     Training average mu_mean at step 14600: -1.624197
2025-12-05 15:05:32 INFO     Training average sigma_mean at step 14600: 0.129246
2025-12-05 15:05:32 INFO     Training average regularization at step 14600: 0.006165
2025-12-05 15:05:32 INFO     Training average loss at step 14600: 2.466582
2025-12-05 15:06:27 INFO     Training average positive_fact_loss at step 14700: 0.313568
2025-12-05 15:06:27 INFO     Training average negative_fact_loss at step 14700: 0.291379
2025-12-05 15:06:27 INFO     Training average positive_rule_loss at step 14700: 1.581300
2025-12-05 15:06:27 INFO     Training average negative_rule_loss at step 14700: 2.394221
2025-12-05 15:06:27 INFO     Training average L_uncertainty at step 14700: 34.230361
2025-12-05 15:06:27 INFO     Training average L_kl at step 14700: 34104.675313
2025-12-05 15:06:27 INFO     Training average L_sigma at step 14700: 25.136810
2025-12-05 15:06:27 INFO     Training average mu_mean at step 14700: -1.616881
2025-12-05 15:06:27 INFO     Training average sigma_mean at step 14700: 0.129250
2025-12-05 15:06:27 INFO     Training average regularization at step 14700: 0.006162
2025-12-05 15:06:27 INFO     Training average loss at step 14700: 2.467547
2025-12-05 15:07:27 INFO     Training average positive_fact_loss at step 14800: 0.313872
2025-12-05 15:07:27 INFO     Training average negative_fact_loss at step 14800: 0.291140
2025-12-05 15:07:27 INFO     Training average positive_rule_loss at step 14800: 1.579652
2025-12-05 15:07:27 INFO     Training average negative_rule_loss at step 14800: 2.396739
2025-12-05 15:07:27 INFO     Training average L_uncertainty at step 14800: 34.079303
2025-12-05 15:07:27 INFO     Training average L_kl at step 14800: 33956.623867
2025-12-05 15:07:27 INFO     Training average L_sigma at step 14800: 24.535449
2025-12-05 15:07:27 INFO     Training average mu_mean at step 14800: -1.608946
2025-12-05 15:07:27 INFO     Training average sigma_mean at step 14800: 0.129254
2025-12-05 15:07:27 INFO     Training average regularization at step 14800: 0.006165
2025-12-05 15:07:27 INFO     Training average loss at step 14800: 2.467263
2025-12-05 15:08:23 INFO     Training average positive_fact_loss at step 14900: 0.313838
2025-12-05 15:08:23 INFO     Training average negative_fact_loss at step 14900: 0.290690
2025-12-05 15:08:23 INFO     Training average positive_rule_loss at step 14900: 1.577417
2025-12-05 15:08:23 INFO     Training average negative_rule_loss at step 14900: 2.393992
2025-12-05 15:08:23 INFO     Training average L_uncertainty at step 14900: 33.983976
2025-12-05 15:08:23 INFO     Training average L_kl at step 14900: 33861.971289
2025-12-05 15:08:23 INFO     Training average L_sigma at step 14900: 24.400635
2025-12-05 15:08:23 INFO     Training average mu_mean at step 14900: -1.595867
2025-12-05 15:08:23 INFO     Training average sigma_mean at step 14900: 0.129251
2025-12-05 15:08:23 INFO     Training average regularization at step 14900: 0.006170
2025-12-05 15:08:23 INFO     Training average loss at step 14900: 2.464058
2025-12-05 15:09:15 INFO     Training average positive_fact_loss at step 15000: 0.314085
2025-12-05 15:09:15 INFO     Training average negative_fact_loss at step 15000: 0.290657
2025-12-05 15:09:15 INFO     Training average positive_rule_loss at step 15000: 1.577876
2025-12-05 15:09:15 INFO     Training average negative_rule_loss at step 15000: 2.392752
2025-12-05 15:09:15 INFO     Training average L_uncertainty at step 15000: 33.888661
2025-12-05 15:09:15 INFO     Training average L_kl at step 15000: 33766.418867
2025-12-05 15:09:15 INFO     Training average L_sigma at step 15000: 24.448079
2025-12-05 15:09:15 INFO     Training average mu_mean at step 15000: -1.588216
2025-12-05 15:09:15 INFO     Training average sigma_mean at step 15000: 0.129249
2025-12-05 15:09:15 INFO     Training average regularization at step 15000: 0.006167
2025-12-05 15:09:15 INFO     Training average loss at step 15000: 2.463295
2025-12-05 15:09:15 INFO     Evaluating on Valid Dataset...
2025-12-05 15:09:15 INFO     >>>>> RuleE emb: Evaluating on valid
2025-12-05 15:09:25 INFO     Data : 4274
2025-12-05 15:09:25 INFO     Hit1 : 0.528779
2025-12-05 15:09:25 INFO     Hit3 : 0.772812
2025-12-05 15:09:25 INFO     Hit10: 0.941975
2025-12-05 15:09:25 INFO     MR   : 3.412962
2025-12-05 15:09:25 INFO     MRR  : 0.671105
2025-12-05 15:10:20 INFO     Training average positive_fact_loss at step 15100: 0.313467
2025-12-05 15:10:20 INFO     Training average negative_fact_loss at step 15100: 0.290726
2025-12-05 15:10:20 INFO     Training average positive_rule_loss at step 15100: 1.579232
2025-12-05 15:10:20 INFO     Training average negative_rule_loss at step 15100: 2.390276
2025-12-05 15:10:20 INFO     Training average L_uncertainty at step 15100: 33.740035
2025-12-05 15:10:20 INFO     Training average L_kl at step 15100: 33616.839570
2025-12-05 15:10:20 INFO     Training average L_sigma at step 15100: 24.638789
2025-12-05 15:10:20 INFO     Training average mu_mean at step 15100: -1.578364
2025-12-05 15:10:20 INFO     Training average sigma_mean at step 15100: 0.129256
2025-12-05 15:10:20 INFO     Training average regularization at step 15100: 0.006161
2025-12-05 15:10:20 INFO     Training average loss at step 15100: 2.461712
2025-12-05 15:11:20 INFO     Training average positive_fact_loss at step 15200: 0.312659
2025-12-05 15:11:20 INFO     Training average negative_fact_loss at step 15200: 0.290807
2025-12-05 15:11:20 INFO     Training average positive_rule_loss at step 15200: 1.581963
2025-12-05 15:11:20 INFO     Training average negative_rule_loss at step 15200: 2.384179
2025-12-05 15:11:20 INFO     Training average L_uncertainty at step 15200: 33.719536
2025-12-05 15:11:20 INFO     Training average L_kl at step 15200: 33597.016797
2025-12-05 15:11:20 INFO     Training average L_sigma at step 15200: 24.503519
2025-12-05 15:11:20 INFO     Training average mu_mean at step 15200: -1.574160
2025-12-05 15:11:20 INFO     Training average sigma_mean at step 15200: 0.129246
2025-12-05 15:11:20 INFO     Training average regularization at step 15200: 0.006171
2025-12-05 15:11:20 INFO     Training average loss at step 15200: 2.459573
2025-12-05 15:12:16 INFO     Training average positive_fact_loss at step 15300: 0.314157
2025-12-05 15:12:16 INFO     Training average negative_fact_loss at step 15300: 0.290987
2025-12-05 15:12:16 INFO     Training average positive_rule_loss at step 15300: 1.585705
2025-12-05 15:12:16 INFO     Training average negative_rule_loss at step 15300: 2.377890
2025-12-05 15:12:16 INFO     Training average L_uncertainty at step 15300: 33.562606
2025-12-05 15:12:16 INFO     Training average L_kl at step 15300: 33438.972617
2025-12-05 15:12:16 INFO     Training average L_sigma at step 15300: 24.726363
2025-12-05 15:12:16 INFO     Training average mu_mean at step 15300: -1.564300
2025-12-05 15:12:16 INFO     Training average sigma_mean at step 15300: 0.129255
2025-12-05 15:12:16 INFO     Training average regularization at step 15300: 0.006165
2025-12-05 15:12:16 INFO     Training average loss at step 15300: 2.458347
2025-12-05 15:13:16 INFO     Training average positive_fact_loss at step 15400: 0.313311
2025-12-05 15:13:16 INFO     Training average negative_fact_loss at step 15400: 0.290987
2025-12-05 15:13:16 INFO     Training average positive_rule_loss at step 15400: 1.583587
2025-12-05 15:13:16 INFO     Training average negative_rule_loss at step 15400: 2.381173
2025-12-05 15:13:16 INFO     Training average L_uncertainty at step 15400: 33.457118
2025-12-05 15:13:16 INFO     Training average L_kl at step 15400: 33334.105859
2025-12-05 15:13:16 INFO     Training average L_sigma at step 15400: 24.602087
2025-12-05 15:13:16 INFO     Training average mu_mean at step 15400: -1.556168
2025-12-05 15:13:16 INFO     Training average sigma_mean at step 15400: 0.129252
2025-12-05 15:13:16 INFO     Training average regularization at step 15400: 0.006159
2025-12-05 15:13:16 INFO     Training average loss at step 15400: 2.457973
2025-12-05 15:14:11 INFO     Training average positive_fact_loss at step 15500: 0.313862
2025-12-05 15:14:11 INFO     Training average negative_fact_loss at step 15500: 0.290871
2025-12-05 15:14:11 INFO     Training average positive_rule_loss at step 15500: 1.585117
2025-12-05 15:14:11 INFO     Training average negative_rule_loss at step 15500: 2.374947
2025-12-05 15:14:11 INFO     Training average L_uncertainty at step 15500: 33.344417
2025-12-05 15:14:11 INFO     Training average L_kl at step 15500: 33220.961680
2025-12-05 15:14:11 INFO     Training average L_sigma at step 15500: 24.690719
2025-12-05 15:14:11 INFO     Training average mu_mean at step 15500: -1.545120
2025-12-05 15:14:11 INFO     Training average sigma_mean at step 15500: 0.129249
2025-12-05 15:14:11 INFO     Training average regularization at step 15500: 0.006159
2025-12-05 15:14:11 INFO     Training average loss at step 15500: 2.455280
2025-12-05 15:15:07 INFO     Training average positive_fact_loss at step 15600: 0.313821
2025-12-05 15:15:07 INFO     Training average negative_fact_loss at step 15600: 0.290815
2025-12-05 15:15:07 INFO     Training average positive_rule_loss at step 15600: 1.585908
2025-12-05 15:15:07 INFO     Training average negative_rule_loss at step 15600: 2.373832
2025-12-05 15:15:07 INFO     Training average L_uncertainty at step 15600: 33.215065
2025-12-05 15:15:07 INFO     Training average L_kl at step 15600: 33092.391348
2025-12-05 15:15:07 INFO     Training average L_sigma at step 15600: 24.534434
2025-12-05 15:15:07 INFO     Training average mu_mean at step 15600: -1.535750
2025-12-05 15:15:07 INFO     Training average sigma_mean at step 15600: 0.129246
2025-12-05 15:15:07 INFO     Training average regularization at step 15600: 0.006159
2025-12-05 15:15:07 INFO     Training average loss at step 15600: 2.454423
2025-12-05 15:15:58 INFO     Training average positive_fact_loss at step 15700: 0.313617
2025-12-05 15:15:58 INFO     Training average negative_fact_loss at step 15700: 0.290442
2025-12-05 15:15:58 INFO     Training average positive_rule_loss at step 15700: 1.586893
2025-12-05 15:15:58 INFO     Training average negative_rule_loss at step 15700: 2.370839
2025-12-05 15:15:58 INFO     Training average L_uncertainty at step 15700: 33.081399
2025-12-05 15:15:58 INFO     Training average L_kl at step 15700: 32958.335801
2025-12-05 15:15:58 INFO     Training average L_sigma at step 15700: 24.612356
2025-12-05 15:15:58 INFO     Training average mu_mean at step 15700: -1.525433
2025-12-05 15:15:58 INFO     Training average sigma_mean at step 15700: 0.129250
2025-12-05 15:15:58 INFO     Training average regularization at step 15700: 0.006160
2025-12-05 15:15:58 INFO     Training average loss at step 15700: 2.452463
2025-12-05 15:16:58 INFO     Training average positive_fact_loss at step 15800: 0.313461
2025-12-05 15:16:58 INFO     Training average negative_fact_loss at step 15800: 0.290789
2025-12-05 15:16:58 INFO     Training average positive_rule_loss at step 15800: 1.585134
2025-12-05 15:16:58 INFO     Training average negative_rule_loss at step 15800: 2.373741
2025-12-05 15:16:58 INFO     Training average L_uncertainty at step 15800: 32.907508
2025-12-05 15:16:58 INFO     Training average L_kl at step 15800: 32784.073516
2025-12-05 15:16:58 INFO     Training average L_sigma at step 15800: 24.686502
2025-12-05 15:16:58 INFO     Training average mu_mean at step 15800: -1.513163
2025-12-05 15:16:58 INFO     Training average sigma_mean at step 15800: 0.129256
2025-12-05 15:16:58 INFO     Training average regularization at step 15800: 0.006145
2025-12-05 15:16:58 INFO     Training average loss at step 15800: 2.452245
2025-12-05 15:17:54 INFO     Training average positive_fact_loss at step 15900: 0.312695
2025-12-05 15:17:54 INFO     Training average negative_fact_loss at step 15900: 0.290561
2025-12-05 15:17:54 INFO     Training average positive_rule_loss at step 15900: 1.589243
2025-12-05 15:17:54 INFO     Training average negative_rule_loss at step 15900: 2.365022
2025-12-05 15:17:54 INFO     Training average L_uncertainty at step 15900: 32.821648
2025-12-05 15:17:54 INFO     Training average L_kl at step 15900: 32695.932344
2025-12-05 15:17:54 INFO     Training average L_sigma at step 15900: 25.142830
2025-12-05 15:17:54 INFO     Training average mu_mean at step 15900: -1.505736
2025-12-05 15:17:54 INFO     Training average sigma_mean at step 15900: 0.129256
2025-12-05 15:17:54 INFO     Training average regularization at step 15900: 0.006165
2025-12-05 15:17:54 INFO     Training average loss at step 15900: 2.449034
2025-12-05 15:18:54 INFO     Training average positive_fact_loss at step 16000: 0.314038
2025-12-05 15:18:54 INFO     Training average negative_fact_loss at step 16000: 0.291139
2025-12-05 15:18:54 INFO     Training average positive_rule_loss at step 16000: 1.589407
2025-12-05 15:18:54 INFO     Training average negative_rule_loss at step 16000: 2.366451
2025-12-05 15:18:54 INFO     Training average L_uncertainty at step 16000: 32.627922
2025-12-05 15:18:54 INFO     Training average L_kl at step 16000: 32505.498223
2025-12-05 15:18:54 INFO     Training average L_sigma at step 16000: 24.484477
2025-12-05 15:18:54 INFO     Training average mu_mean at step 16000: -1.492536
2025-12-05 15:18:54 INFO     Training average sigma_mean at step 16000: 0.129246
2025-12-05 15:18:54 INFO     Training average regularization at step 16000: 0.006153
2025-12-05 15:18:54 INFO     Training average loss at step 16000: 2.449810
2025-12-05 15:18:54 INFO     Evaluating on Valid Dataset...
2025-12-05 15:18:54 INFO     >>>>> RuleE emb: Evaluating on valid
2025-12-05 15:19:04 INFO     Data : 4274
2025-12-05 15:19:04 INFO     Hit1 : 0.524099
2025-12-05 15:19:04 INFO     Hit3 : 0.762518
2025-12-05 15:19:04 INFO     Hit10: 0.939869
2025-12-05 15:19:04 INFO     MR   : 3.482920
2025-12-05 15:19:04 INFO     MRR  : 0.665077
2025-12-05 15:20:00 INFO     Training average positive_fact_loss at step 16100: 0.313739
2025-12-05 15:20:00 INFO     Training average negative_fact_loss at step 16100: 0.290888
2025-12-05 15:20:00 INFO     Training average positive_rule_loss at step 16100: 1.589035
2025-12-05 15:20:00 INFO     Training average negative_rule_loss at step 16100: 2.364478
2025-12-05 15:20:00 INFO     Training average L_uncertainty at step 16100: 32.471571
2025-12-05 15:20:00 INFO     Training average L_kl at step 16100: 32348.112480
2025-12-05 15:20:00 INFO     Training average L_sigma at step 16100: 24.691341
2025-12-05 15:20:00 INFO     Training average mu_mean at step 16100: -1.481184
2025-12-05 15:20:00 INFO     Training average sigma_mean at step 16100: 0.129257
2025-12-05 15:20:00 INFO     Training average regularization at step 16100: 0.006164
2025-12-05 15:20:00 INFO     Training average loss at step 16100: 2.447592
2025-12-05 15:21:01 INFO     Training average positive_fact_loss at step 16200: 0.313880
2025-12-05 15:21:01 INFO     Training average negative_fact_loss at step 16200: 0.290725
2025-12-05 15:21:01 INFO     Training average positive_rule_loss at step 16200: 1.588196
2025-12-05 15:21:01 INFO     Training average negative_rule_loss at step 16200: 2.366860
2025-12-05 15:21:01 INFO     Training average L_uncertainty at step 16200: 32.304489
2025-12-05 15:21:01 INFO     Training average L_kl at step 16200: 32181.940859
2025-12-05 15:21:01 INFO     Training average L_sigma at step 16200: 24.509399
2025-12-05 15:21:01 INFO     Training average mu_mean at step 16200: -1.468100
2025-12-05 15:21:01 INFO     Training average sigma_mean at step 16200: 0.129253
2025-12-05 15:21:01 INFO     Training average regularization at step 16200: 0.006156
2025-12-05 15:21:01 INFO     Training average loss at step 16200: 2.447509
2025-12-05 15:21:47 INFO     Training average positive_fact_loss at step 16300: 0.313412
2025-12-05 15:21:47 INFO     Training average negative_fact_loss at step 16300: 0.290507
2025-12-05 15:21:47 INFO     Training average positive_rule_loss at step 16300: 1.592827
2025-12-05 15:21:47 INFO     Training average negative_rule_loss at step 16300: 2.358252
2025-12-05 15:21:47 INFO     Training average L_uncertainty at step 16300: 32.171994
2025-12-05 15:21:47 INFO     Training average L_kl at step 16300: 32049.515527
2025-12-05 15:21:47 INFO     Training average L_sigma at step 16300: 24.495393
2025-12-05 15:21:47 INFO     Training average mu_mean at step 16300: -1.458446
2025-12-05 15:21:47 INFO     Training average sigma_mean at step 16300: 0.129252
2025-12-05 15:21:47 INFO     Training average regularization at step 16300: 0.006155
2025-12-05 15:21:47 INFO     Training average loss at step 16300: 2.444514
2025-12-05 15:22:47 INFO     Training average positive_fact_loss at step 16400: 0.313460
2025-12-05 15:22:47 INFO     Training average negative_fact_loss at step 16400: 0.290748
2025-12-05 15:22:47 INFO     Training average positive_rule_loss at step 16400: 1.594111
2025-12-05 15:22:47 INFO     Training average negative_rule_loss at step 16400: 2.355240
2025-12-05 15:22:47 INFO     Training average L_uncertainty at step 16400: 32.082796
2025-12-05 15:22:47 INFO     Training average L_kl at step 16400: 31959.727988
2025-12-05 15:22:47 INFO     Training average L_sigma at step 16400: 24.613403
2025-12-05 15:22:47 INFO     Training average mu_mean at step 16400: -1.448238
2025-12-05 15:22:47 INFO     Training average sigma_mean at step 16400: 0.129251
2025-12-05 15:22:47 INFO     Training average regularization at step 16400: 0.006160
2025-12-05 15:22:47 INFO     Training average loss at step 16400: 2.443354
2025-12-05 15:23:43 INFO     Training average positive_fact_loss at step 16500: 0.313906
2025-12-05 15:23:43 INFO     Training average negative_fact_loss at step 16500: 0.290562
2025-12-05 15:23:43 INFO     Training average positive_rule_loss at step 16500: 1.591804
2025-12-05 15:23:43 INFO     Training average negative_rule_loss at step 16500: 2.359533
2025-12-05 15:23:43 INFO     Training average L_uncertainty at step 16500: 31.823129
2025-12-05 15:23:43 INFO     Training average L_kl at step 16500: 31699.504063
2025-12-05 15:23:43 INFO     Training average L_sigma at step 16500: 24.724723
2025-12-05 15:23:43 INFO     Training average mu_mean at step 16500: -1.431196
2025-12-05 15:23:43 INFO     Training average sigma_mean at step 16500: 0.129254
2025-12-05 15:23:43 INFO     Training average regularization at step 16500: 0.006161
2025-12-05 15:23:43 INFO     Training average loss at step 16500: 2.443179
2025-12-05 15:24:43 INFO     Training average positive_fact_loss at step 16600: 0.313007
2025-12-05 15:24:43 INFO     Training average negative_fact_loss at step 16600: 0.290625
2025-12-05 15:24:43 INFO     Training average positive_rule_loss at step 16600: 1.595983
2025-12-05 15:24:43 INFO     Training average negative_rule_loss at step 16600: 2.350807
2025-12-05 15:24:43 INFO     Training average L_uncertainty at step 16600: 31.734061
2025-12-05 15:24:43 INFO     Training average L_kl at step 16600: 31611.852070
2025-12-05 15:24:43 INFO     Training average L_sigma at step 16600: 24.441591
2025-12-05 15:24:43 INFO     Training average mu_mean at step 16600: -1.422365
2025-12-05 15:24:43 INFO     Training average sigma_mean at step 16600: 0.129248
2025-12-05 15:24:43 INFO     Training average regularization at step 16600: 0.006159
2025-12-05 15:24:43 INFO     Training average loss at step 16600: 2.440040
2025-12-05 15:25:38 INFO     Training average positive_fact_loss at step 16700: 0.313029
2025-12-05 15:25:38 INFO     Training average negative_fact_loss at step 16700: 0.291024
2025-12-05 15:25:38 INFO     Training average positive_rule_loss at step 16700: 1.597262
2025-12-05 15:25:38 INFO     Training average negative_rule_loss at step 16700: 2.345659
2025-12-05 15:25:38 INFO     Training average L_uncertainty at step 16700: 31.593586
2025-12-05 15:25:38 INFO     Training average L_kl at step 16700: 31469.802676
2025-12-05 15:25:38 INFO     Training average L_sigma at step 16700: 24.756399
2025-12-05 15:25:38 INFO     Training average mu_mean at step 16700: -1.409494
2025-12-05 15:25:38 INFO     Training average sigma_mean at step 16700: 0.129256
2025-12-05 15:25:38 INFO     Training average regularization at step 16700: 0.006158
2025-12-05 15:25:38 INFO     Training average loss at step 16700: 2.437613
2025-12-05 15:26:38 INFO     Training average positive_fact_loss at step 16800: 0.313330
2025-12-05 15:26:38 INFO     Training average negative_fact_loss at step 16800: 0.290453
2025-12-05 15:26:38 INFO     Training average positive_rule_loss at step 16800: 1.597566
2025-12-05 15:26:38 INFO     Training average negative_rule_loss at step 16800: 2.348258
2025-12-05 15:26:38 INFO     Training average L_uncertainty at step 16800: 31.374875
2025-12-05 15:26:38 INFO     Training average L_kl at step 16800: 31249.468262
2025-12-05 15:26:38 INFO     Training average L_sigma at step 16800: 25.081086
2025-12-05 15:26:38 INFO     Training average mu_mean at step 16800: -1.393752
2025-12-05 15:26:38 INFO     Training average sigma_mean at step 16800: 0.129256
2025-12-05 15:26:38 INFO     Training average regularization at step 16800: 0.006164
2025-12-05 15:26:38 INFO     Training average loss at step 16800: 2.437842
2025-12-05 15:27:29 INFO     Training average positive_fact_loss at step 16900: 0.313794
2025-12-05 15:27:29 INFO     Training average negative_fact_loss at step 16900: 0.290523
2025-12-05 15:27:29 INFO     Training average positive_rule_loss at step 16900: 1.598690
2025-12-05 15:27:29 INFO     Training average negative_rule_loss at step 16900: 2.343134
2025-12-05 15:27:29 INFO     Training average L_uncertainty at step 16900: 31.243329
2025-12-05 15:27:29 INFO     Training average L_kl at step 16900: 31120.441387
2025-12-05 15:27:29 INFO     Training average L_sigma at step 16900: 24.577118
2025-12-05 15:27:29 INFO     Training average mu_mean at step 16900: -1.380403
2025-12-05 15:27:29 INFO     Training average sigma_mean at step 16900: 0.129254
2025-12-05 15:27:29 INFO     Training average regularization at step 16900: 0.006157
2025-12-05 15:27:29 INFO     Training average loss at step 16900: 2.435444
2025-12-05 15:28:26 INFO     Training average positive_fact_loss at step 17000: 0.313585
2025-12-05 15:28:26 INFO     Training average negative_fact_loss at step 17000: 0.290317
2025-12-05 15:28:26 INFO     Training average positive_rule_loss at step 17000: 1.600584
2025-12-05 15:28:26 INFO     Training average negative_rule_loss at step 17000: 2.338432
2025-12-05 15:28:26 INFO     Training average L_uncertainty at step 17000: 31.107734
2025-12-05 15:28:26 INFO     Training average L_kl at step 17000: 30985.425137
2025-12-05 15:28:26 INFO     Training average L_sigma at step 17000: 24.461537
2025-12-05 15:28:26 INFO     Training average mu_mean at step 17000: -1.367833
2025-12-05 15:28:26 INFO     Training average sigma_mean at step 17000: 0.129248
2025-12-05 15:28:26 INFO     Training average regularization at step 17000: 0.006163
2025-12-05 15:28:26 INFO     Training average loss at step 17000: 2.433161
2025-12-05 15:28:26 INFO     Evaluating on Valid Dataset...
2025-12-05 15:28:26 INFO     >>>>> RuleE emb: Evaluating on valid
2025-12-05 15:28:36 INFO     Data : 4274
2025-12-05 15:28:36 INFO     Hit1 : 0.533926
2025-12-05 15:28:36 INFO     Hit3 : 0.768835
2025-12-05 15:28:36 INFO     Hit10: 0.939869
2025-12-05 15:28:36 INFO     MR   : 3.445250
2025-12-05 15:28:36 INFO     MRR  : 0.671744
2025-12-05 15:29:32 INFO     Training average positive_fact_loss at step 17100: 0.313515
2025-12-05 15:29:32 INFO     Training average negative_fact_loss at step 17100: 0.290788
2025-12-05 15:29:32 INFO     Training average positive_rule_loss at step 17100: 1.603589
2025-12-05 15:29:32 INFO     Training average negative_rule_loss at step 17100: 2.334151
2025-12-05 15:29:32 INFO     Training average L_uncertainty at step 17100: 30.919387
2025-12-05 15:29:32 INFO     Training average L_kl at step 17100: 30794.826699
2025-12-05 15:29:32 INFO     Training average L_sigma at step 17100: 24.911697
2025-12-05 15:29:32 INFO     Training average mu_mean at step 17100: -1.353090
2025-12-05 15:29:32 INFO     Training average sigma_mean at step 17100: 0.129260
2025-12-05 15:29:32 INFO     Training average regularization at step 17100: 0.006166
2025-12-05 15:29:32 INFO     Training average loss at step 17100: 2.431784
2025-12-05 15:30:34 INFO     Training average positive_fact_loss at step 17200: 0.312666
2025-12-05 15:30:34 INFO     Training average negative_fact_loss at step 17200: 0.290456
2025-12-05 15:30:34 INFO     Training average positive_rule_loss at step 17200: 1.601898
2025-12-05 15:30:34 INFO     Training average negative_rule_loss at step 17200: 2.338494
2025-12-05 15:30:34 INFO     Training average L_uncertainty at step 17200: 30.719631
2025-12-05 15:30:34 INFO     Training average L_kl at step 17200: 30596.378262
2025-12-05 15:30:34 INFO     Training average L_sigma at step 17200: 24.650316
2025-12-05 15:30:34 INFO     Training average mu_mean at step 17200: -1.337316
2025-12-05 15:30:34 INFO     Training average sigma_mean at step 17200: 0.129251
2025-12-05 15:30:34 INFO     Training average regularization at step 17200: 0.006167
2025-12-05 15:30:34 INFO     Training average loss at step 17200: 2.431522
2025-12-05 15:31:29 INFO     Training average positive_fact_loss at step 17300: 0.313340
2025-12-05 15:31:29 INFO     Training average negative_fact_loss at step 17300: 0.290746
2025-12-05 15:31:29 INFO     Training average positive_rule_loss at step 17300: 1.605254
2025-12-05 15:31:30 INFO     Training average negative_rule_loss at step 17300: 2.328903
2025-12-05 15:31:30 INFO     Training average L_uncertainty at step 17300: 30.587068
2025-12-05 15:31:30 INFO     Training average L_kl at step 17300: 30464.681543
2025-12-05 15:31:30 INFO     Training average L_sigma at step 17300: 24.477033
2025-12-05 15:31:30 INFO     Training average mu_mean at step 17300: -1.321627
2025-12-05 15:31:30 INFO     Training average sigma_mean at step 17300: 0.129249
2025-12-05 15:31:30 INFO     Training average regularization at step 17300: 0.006168
2025-12-05 15:31:30 INFO     Training average loss at step 17300: 2.428225
2025-12-05 15:32:30 INFO     Training average positive_fact_loss at step 17400: 0.312781
2025-12-05 15:32:30 INFO     Training average negative_fact_loss at step 17400: 0.291062
2025-12-05 15:32:30 INFO     Training average positive_rule_loss at step 17400: 1.605552
2025-12-05 15:32:30 INFO     Training average negative_rule_loss at step 17400: 2.327145
2025-12-05 15:32:30 INFO     Training average L_uncertainty at step 17400: 30.433169
2025-12-05 15:32:30 INFO     Training average L_kl at step 17400: 30307.384004
2025-12-05 15:32:30 INFO     Training average L_sigma at step 17400: 25.156672
2025-12-05 15:32:30 INFO     Training average mu_mean at step 17400: -1.306320
2025-12-05 15:32:30 INFO     Training average sigma_mean at step 17400: 0.129248
2025-12-05 15:32:30 INFO     Training average regularization at step 17400: 0.006153
2025-12-05 15:32:30 INFO     Training average loss at step 17400: 2.426589
2025-12-05 15:33:25 INFO     Change learning_rate to 0.000010 at step 17500
2025-12-05 15:33:25 INFO     Training average positive_fact_loss at step 17500: 0.314406
2025-12-05 15:33:25 INFO     Training average negative_fact_loss at step 17500: 0.290420
2025-12-05 15:33:25 INFO     Training average positive_rule_loss at step 17500: 1.607173
2025-12-05 15:33:25 INFO     Training average negative_rule_loss at step 17500: 2.323367
2025-12-05 15:33:25 INFO     Training average L_uncertainty at step 17500: 30.255768
2025-12-05 15:33:25 INFO     Training average L_kl at step 17500: 30129.061152
2025-12-05 15:33:25 INFO     Training average L_sigma at step 17500: 25.341034
2025-12-05 15:33:25 INFO     Training average mu_mean at step 17500: -1.289591
2025-12-05 15:33:25 INFO     Training average sigma_mean at step 17500: 0.129263
2025-12-05 15:33:25 INFO     Training average regularization at step 17500: 0.006163
2025-12-05 15:33:25 INFO     Training average loss at step 17500: 2.425124
2025-12-05 15:34:16 INFO     Training average positive_fact_loss at step 17600: 0.295860
2025-12-05 15:34:16 INFO     Training average negative_fact_loss at step 17600: 0.288688
2025-12-05 15:34:16 INFO     Training average positive_rule_loss at step 17600: 1.611291
2025-12-05 15:34:16 INFO     Training average negative_rule_loss at step 17600: 2.320994
2025-12-05 15:34:16 INFO     Training average L_uncertainty at step 17600: 30.083849
2025-12-05 15:34:16 INFO     Training average L_kl at step 17600: 29963.842910
2025-12-05 15:34:16 INFO     Training average L_sigma at step 17600: 24.000846
2025-12-05 15:34:16 INFO     Training average mu_mean at step 17600: -1.279159
2025-12-05 15:34:16 INFO     Training average sigma_mean at step 17600: 0.129251
2025-12-05 15:34:16 INFO     Training average regularization at step 17600: 0.006210
2025-12-05 15:34:16 INFO     Training average loss at step 17600: 2.415046
2025-12-05 15:35:12 INFO     Training average positive_fact_loss at step 17700: 0.298610
2025-12-05 15:35:12 INFO     Training average negative_fact_loss at step 17700: 0.281097
2025-12-05 15:35:12 INFO     Training average positive_rule_loss at step 17700: 1.608410
2025-12-05 15:35:12 INFO     Training average negative_rule_loss at step 17700: 2.320187
2025-12-05 15:35:12 INFO     Training average L_uncertainty at step 17700: 29.991452
2025-12-05 15:35:12 INFO     Training average L_kl at step 17700: 29872.235273
2025-12-05 15:35:12 INFO     Training average L_sigma at step 17700: 23.842980
2025-12-05 15:35:12 INFO     Training average mu_mean at step 17700: -1.273288
2025-12-05 15:35:12 INFO     Training average sigma_mean at step 17700: 0.129254
2025-12-05 15:35:12 INFO     Training average regularization at step 17700: 0.006281
2025-12-05 15:35:12 INFO     Training average loss at step 17700: 2.410389
2025-12-05 15:36:12 INFO     Training average positive_fact_loss at step 17800: 0.298251
2025-12-05 15:36:12 INFO     Training average negative_fact_loss at step 17800: 0.279673
2025-12-05 15:36:12 INFO     Training average positive_rule_loss at step 17800: 1.607868
2025-12-05 15:36:12 INFO     Training average negative_rule_loss at step 17800: 2.321946
2025-12-05 15:36:12 INFO     Training average L_uncertainty at step 17800: 29.972617
2025-12-05 15:36:12 INFO     Training average L_kl at step 17800: 29853.237754
2025-12-05 15:36:12 INFO     Training average L_sigma at step 17800: 23.875641
2025-12-05 15:36:12 INFO     Training average mu_mean at step 17800: -1.269980
2025-12-05 15:36:12 INFO     Training average sigma_mean at step 17800: 0.129257
2025-12-05 15:36:12 INFO     Training average regularization at step 17800: 0.006298
2025-12-05 15:36:12 INFO     Training average loss at step 17800: 2.410031
2025-12-05 15:37:08 INFO     Training average positive_fact_loss at step 17900: 0.299429
2025-12-05 15:37:08 INFO     Training average negative_fact_loss at step 17900: 0.279313
2025-12-05 15:37:08 INFO     Training average positive_rule_loss at step 17900: 1.609413
2025-12-05 15:37:08 INFO     Training average negative_rule_loss at step 17900: 2.318452
2025-12-05 15:37:08 INFO     Training average L_uncertainty at step 17900: 30.008183
2025-12-05 15:37:08 INFO     Training average L_kl at step 17900: 29889.080156
2025-12-05 15:37:08 INFO     Training average L_sigma at step 17900: 23.820331
2025-12-05 15:37:08 INFO     Training average mu_mean at step 17900: -1.271152
2025-12-05 15:37:08 INFO     Training average sigma_mean at step 17900: 0.129253
2025-12-05 15:37:08 INFO     Training average regularization at step 17900: 0.006306
2025-12-05 15:37:08 INFO     Training average loss at step 17900: 2.409650
2025-12-05 15:38:08 INFO     Training average positive_fact_loss at step 18000: 0.299982
2025-12-05 15:38:08 INFO     Training average negative_fact_loss at step 18000: 0.278954
2025-12-05 15:38:08 INFO     Training average positive_rule_loss at step 18000: 1.606344
2025-12-05 15:38:08 INFO     Training average negative_rule_loss at step 18000: 2.325116
2025-12-05 15:38:08 INFO     Training average L_uncertainty at step 18000: 29.941168
2025-12-05 15:38:08 INFO     Training average L_kl at step 18000: 29822.398945
2025-12-05 15:38:08 INFO     Training average L_sigma at step 18000: 23.753519
2025-12-05 15:38:08 INFO     Training average mu_mean at step 18000: -1.266210
2025-12-05 15:38:08 INFO     Training average sigma_mean at step 18000: 0.129247
2025-12-05 15:38:08 INFO     Training average regularization at step 18000: 0.006307
2025-12-05 15:38:08 INFO     Training average loss at step 18000: 2.411211
2025-12-05 15:38:08 INFO     Evaluating on Valid Dataset...
2025-12-05 15:38:08 INFO     >>>>> RuleE emb: Evaluating on valid
2025-12-05 15:38:18 INFO     Data : 4274
2025-12-05 15:38:18 INFO     Hit1 : 0.542817
2025-12-05 15:38:18 INFO     Hit3 : 0.784745
2025-12-05 15:38:18 INFO     Hit10: 0.940805
2025-12-05 15:38:18 INFO     MR   : 3.368273
2025-12-05 15:38:18 INFO     MRR  : 0.681836
2025-12-05 15:39:16 INFO     Training average positive_fact_loss at step 18100: 0.298831
2025-12-05 15:39:16 INFO     Training average negative_fact_loss at step 18100: 0.278548
2025-12-05 15:39:16 INFO     Training average positive_rule_loss at step 18100: 1.610510
2025-12-05 15:39:16 INFO     Training average negative_rule_loss at step 18100: 2.316774
2025-12-05 15:39:16 INFO     Training average L_uncertainty at step 18100: 29.968039
2025-12-05 15:39:16 INFO     Training average L_kl at step 18100: 29848.911777
2025-12-05 15:39:16 INFO     Training average L_sigma at step 18100: 23.825257
2025-12-05 15:39:16 INFO     Training average mu_mean at step 18100: -1.266875
2025-12-05 15:39:16 INFO     Training average sigma_mean at step 18100: 0.129254
2025-12-05 15:39:16 INFO     Training average regularization at step 18100: 0.006308
2025-12-05 15:39:16 INFO     Training average loss at step 18100: 2.408480
2025-12-05 15:40:11 INFO     Training average positive_fact_loss at step 18200: 0.299843
2025-12-05 15:40:11 INFO     Training average negative_fact_loss at step 18200: 0.278351
2025-12-05 15:40:11 INFO     Training average positive_rule_loss at step 18200: 1.609863
2025-12-05 15:40:11 INFO     Training average negative_rule_loss at step 18200: 2.317085
2025-12-05 15:40:11 INFO     Training average L_uncertainty at step 18200: 29.907058
2025-12-05 15:40:11 INFO     Training average L_kl at step 18200: 29787.463418
2025-12-05 15:40:11 INFO     Training average L_sigma at step 18200: 23.918735
2025-12-05 15:40:11 INFO     Training average mu_mean at step 18200: -1.262452
2025-12-05 15:40:11 INFO     Training average sigma_mean at step 18200: 0.129259
2025-12-05 15:40:11 INFO     Training average regularization at step 18200: 0.006306
2025-12-05 15:40:11 INFO     Training average loss at step 18200: 2.408412
2025-12-05 15:41:02 INFO     Training average positive_fact_loss at step 18300: 0.299414
2025-12-05 15:41:02 INFO     Training average negative_fact_loss at step 18300: 0.278151
2025-12-05 15:41:02 INFO     Training average positive_rule_loss at step 18300: 1.612450
2025-12-05 15:41:02 INFO     Training average negative_rule_loss at step 18300: 2.314303
2025-12-05 15:41:02 INFO     Training average L_uncertainty at step 18300: 29.959062
2025-12-05 15:41:02 INFO     Training average L_kl at step 18300: 29839.887813
2025-12-05 15:41:02 INFO     Training average L_sigma at step 18300: 23.834553
2025-12-05 15:41:02 INFO     Training average mu_mean at step 18300: -1.265461
2025-12-05 15:41:02 INFO     Training average sigma_mean at step 18300: 0.129253
2025-12-05 15:41:02 INFO     Training average regularization at step 18300: 0.006302
2025-12-05 15:41:02 INFO     Training average loss at step 18300: 2.408256
2025-12-05 15:42:03 INFO     Training average positive_fact_loss at step 18400: 0.299326
2025-12-05 15:42:03 INFO     Training average negative_fact_loss at step 18400: 0.278145
2025-12-05 15:42:03 INFO     Training average positive_rule_loss at step 18400: 1.607942
2025-12-05 15:42:03 INFO     Training average negative_rule_loss at step 18400: 2.323005
2025-12-05 15:42:03 INFO     Training average L_uncertainty at step 18400: 29.888357
2025-12-05 15:42:03 INFO     Training average L_kl at step 18400: 29769.205254
2025-12-05 15:42:03 INFO     Training average L_sigma at step 18400: 23.830055
2025-12-05 15:42:03 INFO     Training average mu_mean at step 18400: -1.259889
2025-12-05 15:42:03 INFO     Training average sigma_mean at step 18400: 0.129254
2025-12-05 15:42:03 INFO     Training average regularization at step 18400: 0.006300
2025-12-05 15:42:03 INFO     Training average loss at step 18400: 2.409951
2025-12-05 15:42:59 INFO     Training average positive_fact_loss at step 18500: 0.300101
2025-12-05 15:42:59 INFO     Training average negative_fact_loss at step 18500: 0.278003
2025-12-05 15:42:59 INFO     Training average positive_rule_loss at step 18500: 1.608680
2025-12-05 15:42:59 INFO     Training average negative_rule_loss at step 18500: 2.319238
2025-12-05 15:42:59 INFO     Training average L_uncertainty at step 18500: 29.810974
2025-12-05 15:42:59 INFO     Training average L_kl at step 18500: 29691.379492
2025-12-05 15:42:59 INFO     Training average L_sigma at step 18500: 23.918562
2025-12-05 15:42:59 INFO     Training average mu_mean at step 18500: -1.255107
2025-12-05 15:42:59 INFO     Training average sigma_mean at step 18500: 0.129259
2025-12-05 15:42:59 INFO     Training average regularization at step 18500: 0.006296
2025-12-05 15:42:59 INFO     Training average loss at step 18500: 2.408362
2025-12-05 15:43:59 INFO     Training average positive_fact_loss at step 18600: 0.298763
2025-12-05 15:43:59 INFO     Training average negative_fact_loss at step 18600: 0.278103
2025-12-05 15:43:59 INFO     Training average positive_rule_loss at step 18600: 1.610418
2025-12-05 15:43:59 INFO     Training average negative_rule_loss at step 18600: 2.316799
2025-12-05 15:43:59 INFO     Training average L_uncertainty at step 18600: 29.914304
2025-12-05 15:43:59 INFO     Training average L_kl at step 18600: 29794.912676
2025-12-05 15:43:59 INFO     Training average L_sigma at step 18600: 23.878066
2025-12-05 15:43:59 INFO     Training average mu_mean at step 18600: -1.260264
2025-12-05 15:43:59 INFO     Training average sigma_mean at step 18600: 0.129256
2025-12-05 15:43:59 INFO     Training average regularization at step 18600: 0.006294
2025-12-05 15:43:59 INFO     Training average loss at step 18600: 2.407907
2025-12-05 15:44:55 INFO     Training average positive_fact_loss at step 18700: 0.299860
2025-12-05 15:44:55 INFO     Training average negative_fact_loss at step 18700: 0.277745
2025-12-05 15:44:55 INFO     Training average positive_rule_loss at step 18700: 1.609394
2025-12-05 15:44:55 INFO     Training average negative_rule_loss at step 18700: 2.316698
2025-12-05 15:44:55 INFO     Training average L_uncertainty at step 18700: 29.816030
2025-12-05 15:44:55 INFO     Training average L_kl at step 18700: 29697.411445
2025-12-05 15:44:55 INFO     Training average L_sigma at step 18700: 23.723391
2025-12-05 15:44:55 INFO     Training average mu_mean at step 18700: -1.253071
2025-12-05 15:44:55 INFO     Training average sigma_mean at step 18700: 0.129246
2025-12-05 15:44:55 INFO     Training average regularization at step 18700: 0.006290
2025-12-05 15:44:55 INFO     Training average loss at step 18700: 2.407218
2025-12-05 15:45:55 INFO     Training average positive_fact_loss at step 18800: 0.299348
2025-12-05 15:45:55 INFO     Training average negative_fact_loss at step 18800: 0.277691
2025-12-05 15:45:55 INFO     Training average positive_rule_loss at step 18800: 1.616572
2025-12-05 15:45:55 INFO     Training average negative_rule_loss at step 18800: 2.310483
2025-12-05 15:45:55 INFO     Training average L_uncertainty at step 18800: 29.825752
2025-12-05 15:45:55 INFO     Training average L_kl at step 18800: 29706.386621
2025-12-05 15:45:55 INFO     Training average L_sigma at step 18800: 23.872774
2025-12-05 15:45:55 INFO     Training average mu_mean at step 18800: -1.252312
2025-12-05 15:45:55 INFO     Training average sigma_mean at step 18800: 0.129255
2025-12-05 15:45:55 INFO     Training average regularization at step 18800: 0.006289
2025-12-05 15:45:55 INFO     Training average loss at step 18800: 2.407464
2025-12-05 15:46:41 INFO     Training average positive_fact_loss at step 18900: 0.299179
2025-12-05 15:46:41 INFO     Training average negative_fact_loss at step 18900: 0.277836
2025-12-05 15:46:41 INFO     Training average positive_rule_loss at step 18900: 1.614960
2025-12-05 15:46:41 INFO     Training average negative_rule_loss at step 18900: 2.308335
2025-12-05 15:46:41 INFO     Training average L_uncertainty at step 18900: 29.909479
2025-12-05 15:46:41 INFO     Training average L_kl at step 18900: 29790.554395
2025-12-05 15:46:41 INFO     Training average L_sigma at step 18900: 23.784597
2025-12-05 15:46:41 INFO     Training average mu_mean at step 18900: -1.259797
2025-12-05 15:46:41 INFO     Training average sigma_mean at step 18900: 0.129250
2025-12-05 15:46:41 INFO     Training average regularization at step 18900: 0.006287
2025-12-05 15:46:41 INFO     Training average loss at step 18900: 2.405989
2025-12-05 15:47:42 INFO     Training average positive_fact_loss at step 19000: 0.299377
2025-12-05 15:47:42 INFO     Training average negative_fact_loss at step 19000: 0.277395
2025-12-05 15:47:42 INFO     Training average positive_rule_loss at step 19000: 1.609345
2025-12-05 15:47:42 INFO     Training average negative_rule_loss at step 19000: 2.317828
2025-12-05 15:47:42 INFO     Training average L_uncertainty at step 19000: 29.777853
2025-12-05 15:47:42 INFO     Training average L_kl at step 19000: 29659.113066
2025-12-05 15:47:42 INFO     Training average L_sigma at step 19000: 23.747731
2025-12-05 15:47:42 INFO     Training average mu_mean at step 19000: -1.249489
2025-12-05 15:47:42 INFO     Training average sigma_mean at step 19000: 0.129247
2025-12-05 15:47:42 INFO     Training average regularization at step 19000: 0.006287
2025-12-05 15:47:42 INFO     Training average loss at step 19000: 2.407149
2025-12-05 15:47:42 INFO     Evaluating on Valid Dataset...
2025-12-05 15:47:42 INFO     >>>>> RuleE emb: Evaluating on valid
2025-12-05 15:47:52 INFO     Data : 4274
2025-12-05 15:47:52 INFO     Hit1 : 0.540009
2025-12-05 15:47:52 INFO     Hit3 : 0.785447
2025-12-05 15:47:52 INFO     Hit10: 0.939869
2025-12-05 15:47:52 INFO     MR   : 3.377398
2025-12-05 15:47:52 INFO     MRR  : 0.680233
2025-12-05 15:48:47 INFO     Training average positive_fact_loss at step 19100: 0.299212
2025-12-05 15:48:47 INFO     Training average negative_fact_loss at step 19100: 0.277481
2025-12-05 15:48:47 INFO     Training average positive_rule_loss at step 19100: 1.610093
2025-12-05 15:48:47 INFO     Training average negative_rule_loss at step 19100: 2.314722
2025-12-05 15:48:47 INFO     Training average L_uncertainty at step 19100: 29.766625
2025-12-05 15:48:47 INFO     Training average L_kl at step 19100: 29647.590059
2025-12-05 15:48:47 INFO     Training average L_sigma at step 19100: 23.806801
2025-12-05 15:48:47 INFO     Training average mu_mean at step 19100: -1.247084
2025-12-05 15:48:47 INFO     Training average sigma_mean at step 19100: 0.129252
2025-12-05 15:48:47 INFO     Training average regularization at step 19100: 0.006283
2025-12-05 15:48:47 INFO     Training average loss at step 19100: 2.405869
2025-12-05 15:49:48 INFO     Training average positive_fact_loss at step 19200: 0.298756
2025-12-05 15:49:48 INFO     Training average negative_fact_loss at step 19200: 0.277253
2025-12-05 15:49:48 INFO     Training average positive_rule_loss at step 19200: 1.611516
2025-12-05 15:49:48 INFO     Training average negative_rule_loss at step 19200: 2.314540
2025-12-05 15:49:48 INFO     Training average L_uncertainty at step 19200: 29.757404
2025-12-05 15:49:48 INFO     Training average L_kl at step 19200: 29638.159336
2025-12-05 15:49:48 INFO     Training average L_sigma at step 19200: 23.848619
2025-12-05 15:49:48 INFO     Training average mu_mean at step 19200: -1.245614
2025-12-05 15:49:48 INFO     Training average sigma_mean at step 19200: 0.129254
2025-12-05 15:49:48 INFO     Training average regularization at step 19200: 0.006282
2025-12-05 15:49:48 INFO     Training average loss at step 19200: 2.406102
2025-12-05 15:50:44 INFO     Training average positive_fact_loss at step 19300: 0.299797
2025-12-05 15:50:44 INFO     Training average negative_fact_loss at step 19300: 0.277472
2025-12-05 15:50:44 INFO     Training average positive_rule_loss at step 19300: 1.610980
2025-12-05 15:50:44 INFO     Training average negative_rule_loss at step 19300: 2.314381
2025-12-05 15:50:44 INFO     Training average L_uncertainty at step 19300: 29.752903
2025-12-05 15:50:44 INFO     Training average L_kl at step 19300: 29633.744687
2025-12-05 15:50:44 INFO     Training average L_sigma at step 19300: 23.831369
2025-12-05 15:50:44 INFO     Training average mu_mean at step 19300: -1.245010
2025-12-05 15:50:44 INFO     Training average sigma_mean at step 19300: 0.129252
2025-12-05 15:50:44 INFO     Training average regularization at step 19300: 0.006282
2025-12-05 15:50:44 INFO     Training average loss at step 19300: 2.406362
2025-12-05 15:51:44 INFO     Training average positive_fact_loss at step 19400: 0.298973
2025-12-05 15:51:44 INFO     Training average negative_fact_loss at step 19400: 0.277335
2025-12-05 15:51:44 INFO     Training average positive_rule_loss at step 19400: 1.610668
2025-12-05 15:51:44 INFO     Training average negative_rule_loss at step 19400: 2.314995
2025-12-05 15:51:44 INFO     Training average L_uncertainty at step 19400: 29.680013
2025-12-05 15:51:44 INFO     Training average L_kl at step 19400: 29560.518750
2025-12-05 15:51:44 INFO     Training average L_sigma at step 19400: 23.898496
2025-12-05 15:51:44 INFO     Training average mu_mean at step 19400: -1.239702
2025-12-05 15:51:44 INFO     Training average sigma_mean at step 19400: 0.129257
2025-12-05 15:51:44 INFO     Training average regularization at step 19400: 0.006279
2025-12-05 15:51:44 INFO     Training average loss at step 19400: 2.405665
2025-12-05 15:52:36 INFO     Training average positive_fact_loss at step 19500: 0.299374
2025-12-05 15:52:36 INFO     Training average negative_fact_loss at step 19500: 0.277405
2025-12-05 15:52:36 INFO     Training average positive_rule_loss at step 19500: 1.610997
2025-12-05 15:52:36 INFO     Training average negative_rule_loss at step 19500: 2.312201
2025-12-05 15:52:36 INFO     Training average L_uncertainty at step 19500: 29.724772
2025-12-05 15:52:36 INFO     Training average L_kl at step 19500: 29605.901133
2025-12-05 15:52:36 INFO     Training average L_sigma at step 19500: 23.773964
2025-12-05 15:52:36 INFO     Training average mu_mean at step 19500: -1.241832
2025-12-05 15:52:36 INFO     Training average sigma_mean at step 19500: 0.129249
2025-12-05 15:52:36 INFO     Training average regularization at step 19500: 0.006279
2025-12-05 15:52:36 INFO     Training average loss at step 19500: 2.404891
2025-12-05 15:53:31 INFO     Training average positive_fact_loss at step 19600: 0.299198
2025-12-05 15:53:31 INFO     Training average negative_fact_loss at step 19600: 0.277272
2025-12-05 15:53:31 INFO     Training average positive_rule_loss at step 19600: 1.611102
2025-12-05 15:53:31 INFO     Training average negative_rule_loss at step 19600: 2.314333
2025-12-05 15:53:31 INFO     Training average L_uncertainty at step 19600: 29.651434
2025-12-05 15:53:31 INFO     Training average L_kl at step 19600: 29532.028926
2025-12-05 15:53:31 INFO     Training average L_sigma at step 19600: 23.880750
2025-12-05 15:53:31 INFO     Training average mu_mean at step 19600: -1.236519
2025-12-05 15:53:31 INFO     Training average sigma_mean at step 19600: 0.129257
2025-12-05 15:53:31 INFO     Training average regularization at step 19600: 0.006279
2025-12-05 15:53:31 INFO     Training average loss at step 19600: 2.405488
2025-12-05 15:54:27 INFO     Training average positive_fact_loss at step 19700: 0.299096
2025-12-05 15:54:27 INFO     Training average negative_fact_loss at step 19700: 0.277265
2025-12-05 15:54:27 INFO     Training average positive_rule_loss at step 19700: 1.612068
2025-12-05 15:54:27 INFO     Training average negative_rule_loss at step 19700: 2.312907
2025-12-05 15:54:27 INFO     Training average L_uncertainty at step 19700: 29.692163
2025-12-05 15:54:27 INFO     Training average L_kl at step 19700: 29573.064160
2025-12-05 15:54:27 INFO     Training average L_sigma at step 19700: 23.819475
2025-12-05 15:54:27 INFO     Training average mu_mean at step 19700: -1.238247
2025-12-05 15:54:27 INFO     Training average sigma_mean at step 19700: 0.129253
2025-12-05 15:54:27 INFO     Training average regularization at step 19700: 0.006281
2025-12-05 15:54:27 INFO     Training average loss at step 19700: 2.405409
2025-12-05 15:55:28 INFO     Training average positive_fact_loss at step 19800: 0.299354
2025-12-05 15:55:28 INFO     Training average negative_fact_loss at step 19800: 0.277314
2025-12-05 15:55:28 INFO     Training average positive_rule_loss at step 19800: 1.609449
2025-12-05 15:55:28 INFO     Training average negative_rule_loss at step 19800: 2.317567
2025-12-05 15:55:28 INFO     Training average L_uncertainty at step 19800: 29.581988
2025-12-05 15:55:28 INFO     Training average L_kl at step 19800: 29463.008887
2025-12-05 15:55:28 INFO     Training average L_sigma at step 19800: 23.795616
2025-12-05 15:55:28 INFO     Training average mu_mean at step 19800: -1.230993
2025-12-05 15:55:28 INFO     Training average sigma_mean at step 19800: 0.129251
2025-12-05 15:55:28 INFO     Training average regularization at step 19800: 0.006276
2025-12-05 15:55:28 INFO     Training average loss at step 19800: 2.406028
2025-12-05 15:56:23 INFO     Training average positive_fact_loss at step 19900: 0.299065
2025-12-05 15:56:23 INFO     Training average negative_fact_loss at step 19900: 0.277167
2025-12-05 15:56:23 INFO     Training average positive_rule_loss at step 19900: 1.610362
2025-12-05 15:56:23 INFO     Training average negative_rule_loss at step 19900: 2.314235
2025-12-05 15:56:23 INFO     Training average L_uncertainty at step 19900: 29.597837
2025-12-05 15:56:23 INFO     Training average L_kl at step 19900: 29478.560527
2025-12-05 15:56:23 INFO     Training average L_sigma at step 19900: 23.855015
2025-12-05 15:56:23 INFO     Training average mu_mean at step 19900: -1.231233
2025-12-05 15:56:23 INFO     Training average sigma_mean at step 19900: 0.129255
2025-12-05 15:56:23 INFO     Training average regularization at step 19900: 0.006278
2025-12-05 15:56:23 INFO     Training average loss at step 19900: 2.404682
2025-12-05 15:57:24 INFO     Training average positive_fact_loss at step 20000: 0.299248
2025-12-05 15:57:24 INFO     Training average negative_fact_loss at step 20000: 0.277293
2025-12-05 15:57:24 INFO     Training average positive_rule_loss at step 20000: 1.613471
2025-12-05 15:57:24 INFO     Training average negative_rule_loss at step 20000: 2.309928
2025-12-05 15:57:24 INFO     Training average L_uncertainty at step 20000: 29.640372
2025-12-05 15:57:24 INFO     Training average L_kl at step 20000: 29521.258320
2025-12-05 15:57:24 INFO     Training average L_sigma at step 20000: 23.822415
2025-12-05 15:57:24 INFO     Training average mu_mean at step 20000: -1.233125
2025-12-05 15:57:24 INFO     Training average sigma_mean at step 20000: 0.129253
2025-12-05 15:57:24 INFO     Training average regularization at step 20000: 0.006276
2025-12-05 15:57:24 INFO     Training average loss at step 20000: 2.404448
2025-12-05 15:57:24 INFO     Evaluating on Valid Dataset...
2025-12-05 15:57:24 INFO     >>>>> RuleE emb: Evaluating on valid
2025-12-05 15:57:34 INFO     Data : 4274
2025-12-05 15:57:34 INFO     Hit1 : 0.540009
2025-12-05 15:57:34 INFO     Hit3 : 0.784511
2025-12-05 15:57:34 INFO     Hit10: 0.941741
2025-12-05 15:57:34 INFO     MR   : 3.377164
2025-12-05 15:57:34 INFO     MRR  : 0.680055
2025-12-05 15:58:30 INFO     Training average positive_fact_loss at step 20100: 0.299476
2025-12-05 15:58:30 INFO     Training average negative_fact_loss at step 20100: 0.277142
2025-12-05 15:58:30 INFO     Training average positive_rule_loss at step 20100: 1.610314
2025-12-05 15:58:30 INFO     Training average negative_rule_loss at step 20100: 2.313655
2025-12-05 15:58:30 INFO     Training average L_uncertainty at step 20100: 29.555297
2025-12-05 15:58:30 INFO     Training average L_kl at step 20100: 29436.171055
2025-12-05 15:58:30 INFO     Training average L_sigma at step 20100: 23.824995
2025-12-05 15:58:30 INFO     Training average mu_mean at step 20100: -1.226917
2025-12-05 15:58:30 INFO     Training average sigma_mean at step 20100: 0.129252
2025-12-05 15:58:30 INFO     Training average regularization at step 20100: 0.006275
2025-12-05 15:58:30 INFO     Training average loss at step 20100: 2.404345
2025-12-05 15:59:21 INFO     Training average positive_fact_loss at step 20200: 0.298974
2025-12-05 15:59:21 INFO     Training average negative_fact_loss at step 20200: 0.276998
2025-12-05 15:59:21 INFO     Training average positive_rule_loss at step 20200: 1.611650
2025-12-05 15:59:21 INFO     Training average negative_rule_loss at step 20200: 2.312500
2025-12-05 15:59:21 INFO     Training average L_uncertainty at step 20200: 29.546033
2025-12-05 15:59:21 INFO     Training average L_kl at step 20200: 29426.728984
2025-12-05 15:59:21 INFO     Training average L_sigma at step 20200: 23.860487
2025-12-05 15:59:21 INFO     Training average mu_mean at step 20200: -1.225341
2025-12-05 15:59:21 INFO     Training average sigma_mean at step 20200: 0.129255
2025-12-05 15:59:21 INFO     Training average regularization at step 20200: 0.006276
2025-12-05 15:59:21 INFO     Training average loss at step 20200: 2.404067
2025-12-05 16:00:17 INFO     Training average positive_fact_loss at step 20300: 0.299151
2025-12-05 16:00:17 INFO     Training average negative_fact_loss at step 20300: 0.277043
2025-12-05 16:00:17 INFO     Training average positive_rule_loss at step 20300: 1.610186
2025-12-05 16:00:17 INFO     Training average negative_rule_loss at step 20300: 2.315146
2025-12-05 16:00:17 INFO     Training average L_uncertainty at step 20300: 29.521348
2025-12-05 16:00:17 INFO     Training average L_kl at step 20300: 29401.944844
2025-12-05 16:00:17 INFO     Training average L_sigma at step 20300: 23.880325
2025-12-05 16:00:17 INFO     Training average mu_mean at step 20300: -1.223423
2025-12-05 16:00:17 INFO     Training average sigma_mean at step 20300: 0.129256
2025-12-05 16:00:17 INFO     Training average regularization at step 20300: 0.006275
2025-12-05 16:00:17 INFO     Training average loss at step 20300: 2.404645
2025-12-05 16:01:17 INFO     Training average positive_fact_loss at step 20400: 0.298938
2025-12-05 16:01:17 INFO     Training average negative_fact_loss at step 20400: 0.277195
2025-12-05 16:01:17 INFO     Training average positive_rule_loss at step 20400: 1.616537
2025-12-05 16:01:17 INFO     Training average negative_rule_loss at step 20400: 2.305210
2025-12-05 16:01:17 INFO     Training average L_uncertainty at step 20400: 29.579827
2025-12-05 16:01:17 INFO     Training average L_kl at step 20400: 29460.897207
2025-12-05 16:01:17 INFO     Training average L_sigma at step 20400: 23.785604
2025-12-05 16:01:17 INFO     Training average mu_mean at step 20400: -1.227043
2025-12-05 16:01:17 INFO     Training average sigma_mean at step 20400: 0.129250
2025-12-05 16:01:17 INFO     Training average regularization at step 20400: 0.006276
2025-12-05 16:01:17 INFO     Training average loss at step 20400: 2.403115
2025-12-05 16:02:13 INFO     Training average positive_fact_loss at step 20500: 0.299041
2025-12-05 16:02:13 INFO     Training average negative_fact_loss at step 20500: 0.277184
2025-12-05 16:02:13 INFO     Training average positive_rule_loss at step 20500: 1.612079
2025-12-05 16:02:13 INFO     Training average negative_rule_loss at step 20500: 2.310094
2025-12-05 16:02:13 INFO     Training average L_uncertainty at step 20500: 29.537474
2025-12-05 16:02:13 INFO     Training average L_kl at step 20500: 29418.121426
2025-12-05 16:02:13 INFO     Training average L_sigma at step 20500: 23.870131
2025-12-05 16:02:13 INFO     Training average mu_mean at step 20500: -1.223711
2025-12-05 16:02:13 INFO     Training average sigma_mean at step 20500: 0.129256
2025-12-05 16:02:13 INFO     Training average regularization at step 20500: 0.006275
2025-12-05 16:02:13 INFO     Training average loss at step 20500: 2.403161
2025-12-05 16:03:13 INFO     Training average positive_fact_loss at step 20600: 0.299818
2025-12-05 16:03:13 INFO     Training average negative_fact_loss at step 20600: 0.276979
2025-12-05 16:03:13 INFO     Training average positive_rule_loss at step 20600: 1.611129
2025-12-05 16:03:13 INFO     Training average negative_rule_loss at step 20600: 2.313021
2025-12-05 16:03:13 INFO     Training average L_uncertainty at step 20600: 29.461520
2025-12-05 16:03:13 INFO     Training average L_kl at step 20600: 29342.254355
2025-12-05 16:03:13 INFO     Training average L_sigma at step 20600: 23.852925
2025-12-05 16:03:13 INFO     Training average mu_mean at step 20600: -1.217240
2025-12-05 16:03:13 INFO     Training average sigma_mean at step 20600: 0.129254
2025-12-05 16:03:13 INFO     Training average regularization at step 20600: 0.006273
2025-12-05 16:03:13 INFO     Training average loss at step 20600: 2.404054
2025-12-05 16:04:08 INFO     Training average positive_fact_loss at step 20700: 0.299145
2025-12-05 16:04:08 INFO     Training average negative_fact_loss at step 20700: 0.277036
2025-12-05 16:04:08 INFO     Training average positive_rule_loss at step 20700: 1.611838
2025-12-05 16:04:08 INFO     Training average negative_rule_loss at step 20700: 2.311198
2025-12-05 16:04:08 INFO     Training average L_uncertainty at step 20700: 29.469582
2025-12-05 16:04:08 INFO     Training average L_kl at step 20700: 29350.413008
2025-12-05 16:04:08 INFO     Training average L_sigma at step 20700: 23.833619
2025-12-05 16:04:08 INFO     Training average mu_mean at step 20700: -1.216974
2025-12-05 16:04:08 INFO     Training average sigma_mean at step 20700: 0.129252
2025-12-05 16:04:08 INFO     Training average regularization at step 20700: 0.006272
2025-12-05 16:04:08 INFO     Training average loss at step 20700: 2.403229
2025-12-05 16:05:04 INFO     Training average positive_fact_loss at step 20800: 0.299324
2025-12-05 16:05:04 INFO     Training average negative_fact_loss at step 20800: 0.277163
2025-12-05 16:05:04 INFO     Training average positive_rule_loss at step 20800: 1.613301
2025-12-05 16:05:04 INFO     Training average negative_rule_loss at step 20800: 2.309276
2025-12-05 16:05:04 INFO     Training average L_uncertainty at step 20800: 29.473825
2025-12-05 16:05:04 INFO     Training average L_kl at step 20800: 29354.772187
2025-12-05 16:05:04 INFO     Training average L_sigma at step 20800: 23.810191
2025-12-05 16:05:04 INFO     Training average mu_mean at step 20800: -1.216638
2025-12-05 16:05:04 INFO     Training average sigma_mean at step 20800: 0.129253
2025-12-05 16:05:04 INFO     Training average regularization at step 20800: 0.006270
2025-12-05 16:05:04 INFO     Training average loss at step 20800: 2.403171
2025-12-05 16:05:55 INFO     Training average positive_fact_loss at step 20900: 0.298939
2025-12-05 16:05:55 INFO     Training average negative_fact_loss at step 20900: 0.276968
2025-12-05 16:05:55 INFO     Training average positive_rule_loss at step 20900: 1.613345
2025-12-05 16:05:55 INFO     Training average negative_rule_loss at step 20900: 2.308857
2025-12-05 16:05:55 INFO     Training average L_uncertainty at step 20900: 29.480436
2025-12-05 16:05:55 INFO     Training average L_kl at step 20900: 29361.500117
2025-12-05 16:05:55 INFO     Training average L_sigma at step 20900: 23.786944
2025-12-05 16:05:55 INFO     Training average mu_mean at step 20900: -1.216766
2025-12-05 16:05:55 INFO     Training average sigma_mean at step 20900: 0.129250
2025-12-05 16:05:55 INFO     Training average regularization at step 20900: 0.006271
2025-12-05 16:05:55 INFO     Training average loss at step 20900: 2.402727
2025-12-05 16:06:55 INFO     Training average positive_fact_loss at step 21000: 0.299066
2025-12-05 16:06:55 INFO     Training average negative_fact_loss at step 21000: 0.277028
2025-12-05 16:06:55 INFO     Training average positive_rule_loss at step 21000: 1.611363
2025-12-05 16:06:55 INFO     Training average negative_rule_loss at step 21000: 2.311972
2025-12-05 16:06:55 INFO     Training average L_uncertainty at step 21000: 29.414630
2025-12-05 16:06:55 INFO     Training average L_kl at step 21000: 29295.501328
2025-12-05 16:06:55 INFO     Training average L_sigma at step 21000: 23.825417
2025-12-05 16:06:55 INFO     Training average mu_mean at step 21000: -1.211582
2025-12-05 16:06:55 INFO     Training average sigma_mean at step 21000: 0.129253
2025-12-05 16:06:55 INFO     Training average regularization at step 21000: 0.006270
2025-12-05 16:06:55 INFO     Training average loss at step 21000: 2.403058
2025-12-05 16:06:55 INFO     Evaluating on Valid Dataset...
2025-12-05 16:06:55 INFO     >>>>> RuleE emb: Evaluating on valid
2025-12-05 16:07:05 INFO     Data : 4274
2025-12-05 16:07:05 INFO     Hit1 : 0.540477
2025-12-05 16:07:05 INFO     Hit3 : 0.784979
2025-12-05 16:07:05 INFO     Hit10: 0.940337
2025-12-05 16:07:05 INFO     MR   : 3.381844
2025-12-05 16:07:05 INFO     MRR  : 0.680020
2025-12-05 16:08:01 INFO     Training average positive_fact_loss at step 21100: 0.299265
2025-12-05 16:08:01 INFO     Training average negative_fact_loss at step 21100: 0.277172
2025-12-05 16:08:01 INFO     Training average positive_rule_loss at step 21100: 1.613203
2025-12-05 16:08:01 INFO     Training average negative_rule_loss at step 21100: 2.309435
2025-12-05 16:08:01 INFO     Training average L_uncertainty at step 21100: 29.398632
2025-12-05 16:08:01 INFO     Training average L_kl at step 21100: 29279.478730
2025-12-05 16:08:01 INFO     Training average L_sigma at step 21100: 23.830492
2025-12-05 16:08:01 INFO     Training average mu_mean at step 21100: -1.210016
2025-12-05 16:08:01 INFO     Training average sigma_mean at step 21100: 0.129254
2025-12-05 16:08:01 INFO     Training average regularization at step 21100: 0.006272
2025-12-05 16:08:01 INFO     Training average loss at step 21100: 2.402802
2025-12-05 16:09:01 INFO     Training average positive_fact_loss at step 21200: 0.298412
2025-12-05 16:09:01 INFO     Training average negative_fact_loss at step 21200: 0.276918
2025-12-05 16:09:01 INFO     Training average positive_rule_loss at step 21200: 1.620975
2025-12-05 16:09:01 INFO     Training average negative_rule_loss at step 21200: 2.301717
2025-12-05 16:09:01 INFO     Training average L_uncertainty at step 21200: 29.420162
2025-12-05 16:09:01 INFO     Training average L_kl at step 21200: 29300.959687
2025-12-05 16:09:01 INFO     Training average L_sigma at step 21200: 23.840242
2025-12-05 16:09:01 INFO     Training average mu_mean at step 21200: -1.213047
2025-12-05 16:09:01 INFO     Training average sigma_mean at step 21200: 0.129253
2025-12-05 16:09:01 INFO     Training average regularization at step 21200: 0.006273
2025-12-05 16:09:01 INFO     Training average loss at step 21200: 2.402385
2025-12-05 16:09:57 INFO     Training average positive_fact_loss at step 21300: 0.299356
2025-12-05 16:09:57 INFO     Training average negative_fact_loss at step 21300: 0.276725
2025-12-05 16:09:57 INFO     Training average positive_rule_loss at step 21300: 1.610938
2025-12-05 16:09:57 INFO     Training average negative_rule_loss at step 21300: 2.312571
2025-12-05 16:09:57 INFO     Training average L_uncertainty at step 21300: 29.314276
2025-12-05 16:09:57 INFO     Training average L_kl at step 21300: 29194.928809
2025-12-05 16:09:57 INFO     Training average L_sigma at step 21300: 23.869149
2025-12-05 16:09:57 INFO     Training average mu_mean at step 21300: -1.205053
2025-12-05 16:09:57 INFO     Training average sigma_mean at step 21300: 0.129255
2025-12-05 16:09:57 INFO     Training average regularization at step 21300: 0.006274
2025-12-05 16:09:57 INFO     Training average loss at step 21300: 2.402640
2025-12-05 16:10:57 INFO     Training average positive_fact_loss at step 21400: 0.299514
2025-12-05 16:10:57 INFO     Training average negative_fact_loss at step 21400: 0.276984
2025-12-05 16:10:57 INFO     Training average positive_rule_loss at step 21400: 1.613865
2025-12-05 16:10:57 INFO     Training average negative_rule_loss at step 21400: 2.306772
2025-12-05 16:10:57 INFO     Training average L_uncertainty at step 21400: 29.351544
2025-12-05 16:10:57 INFO     Training average L_kl at step 21400: 29232.340371
2025-12-05 16:10:57 INFO     Training average L_sigma at step 21400: 23.840381
2025-12-05 16:10:57 INFO     Training average mu_mean at step 21400: -1.205703
2025-12-05 16:10:57 INFO     Training average sigma_mean at step 21400: 0.129254
2025-12-05 16:10:57 INFO     Training average regularization at step 21400: 0.006272
2025-12-05 16:10:57 INFO     Training average loss at step 21400: 2.401597
2025-12-05 16:11:44 INFO     Training average positive_fact_loss at step 21500: 0.299047
2025-12-05 16:11:44 INFO     Training average negative_fact_loss at step 21500: 0.276792
2025-12-05 16:11:44 INFO     Training average positive_rule_loss at step 21500: 1.613258
2025-12-05 16:11:44 INFO     Training average negative_rule_loss at step 21500: 2.308038
2025-12-05 16:11:44 INFO     Training average L_uncertainty at step 21500: 29.354927
2025-12-05 16:11:44 INFO     Training average L_kl at step 21500: 29235.801113
2025-12-05 16:11:44 INFO     Training average L_sigma at step 21500: 23.824876
2025-12-05 16:11:44 INFO     Training average mu_mean at step 21500: -1.204136
2025-12-05 16:11:44 INFO     Training average sigma_mean at step 21500: 0.129252
2025-12-05 16:11:44 INFO     Training average regularization at step 21500: 0.006273
2025-12-05 16:11:44 INFO     Training average loss at step 21500: 2.401615
2025-12-05 16:12:44 INFO     Training average positive_fact_loss at step 21600: 0.298836
2025-12-05 16:12:44 INFO     Training average negative_fact_loss at step 21600: 0.277248
2025-12-05 16:12:44 INFO     Training average positive_rule_loss at step 21600: 1.614324
2025-12-05 16:12:44 INFO     Training average negative_rule_loss at step 21600: 2.305896
2025-12-05 16:12:44 INFO     Training average L_uncertainty at step 21600: 29.331049
2025-12-05 16:12:44 INFO     Training average L_kl at step 21600: 29211.840957
2025-12-05 16:12:44 INFO     Training average L_sigma at step 21600: 23.841387
2025-12-05 16:12:44 INFO     Training average mu_mean at step 21600: -1.201548
2025-12-05 16:12:44 INFO     Training average sigma_mean at step 21600: 0.129254
2025-12-05 16:12:44 INFO     Training average regularization at step 21600: 0.006274
2025-12-05 16:12:44 INFO     Training average loss at step 21600: 2.401081
2025-12-05 16:13:40 INFO     Training average positive_fact_loss at step 21700: 0.299325
2025-12-05 16:13:40 INFO     Training average negative_fact_loss at step 21700: 0.276973
2025-12-05 16:13:40 INFO     Training average positive_rule_loss at step 21700: 1.618223
2025-12-05 16:13:40 INFO     Training average negative_rule_loss at step 21700: 2.299777
2025-12-05 16:13:40 INFO     Training average L_uncertainty at step 21700: 29.381306
2025-12-05 16:13:40 INFO     Training average L_kl at step 21700: 29262.306855
2025-12-05 16:13:40 INFO     Training average L_sigma at step 21700: 23.799633
2025-12-05 16:13:40 INFO     Training average mu_mean at step 21700: -1.204575
2025-12-05 16:13:40 INFO     Training average sigma_mean at step 21700: 0.129251
2025-12-05 16:13:40 INFO     Training average regularization at step 21700: 0.006273
2025-12-05 16:13:40 INFO     Training average loss at step 21700: 2.400328
2025-12-05 16:14:40 INFO     Training average positive_fact_loss at step 21800: 0.299116
2025-12-05 16:14:40 INFO     Training average negative_fact_loss at step 21800: 0.276970
2025-12-05 16:14:40 INFO     Training average positive_rule_loss at step 21800: 1.614589
2025-12-05 16:14:40 INFO     Training average negative_rule_loss at step 21800: 2.303520
2025-12-05 16:14:40 INFO     Training average L_uncertainty at step 21800: 29.317839
2025-12-05 16:14:40 INFO     Training average L_kl at step 21800: 29198.647578
2025-12-05 16:14:40 INFO     Training average L_sigma at step 21800: 23.838091
2025-12-05 16:14:40 INFO     Training average mu_mean at step 21800: -1.198768
2025-12-05 16:14:40 INFO     Training average sigma_mean at step 21800: 0.129253
2025-12-05 16:14:40 INFO     Training average regularization at step 21800: 0.006272
2025-12-05 16:14:40 INFO     Training average loss at step 21800: 2.399959
2025-12-05 16:15:35 INFO     Training average positive_fact_loss at step 21900: 0.298591
2025-12-05 16:15:35 INFO     Training average negative_fact_loss at step 21900: 0.277005
2025-12-05 16:15:35 INFO     Training average positive_rule_loss at step 21900: 1.614558
2025-12-05 16:15:35 INFO     Training average negative_rule_loss at step 21900: 2.303697
2025-12-05 16:15:35 INFO     Training average L_uncertainty at step 21900: 29.316925
2025-12-05 16:15:35 INFO     Training average L_kl at step 21900: 29197.720215
2025-12-05 16:15:35 INFO     Training average L_sigma at step 21900: 23.840629
2025-12-05 16:15:35 INFO     Training average mu_mean at step 21900: -1.197421
2025-12-05 16:15:35 INFO     Training average sigma_mean at step 21900: 0.129253
2025-12-05 16:15:35 INFO     Training average regularization at step 21900: 0.006274
2025-12-05 16:15:35 INFO     Training average loss at step 21900: 2.399784
2025-12-05 16:16:36 INFO     Training average positive_fact_loss at step 22000: 0.299488
2025-12-05 16:16:36 INFO     Training average negative_fact_loss at step 22000: 0.277250
2025-12-05 16:16:36 INFO     Training average positive_rule_loss at step 22000: 1.615515
2025-12-05 16:16:36 INFO     Training average negative_rule_loss at step 22000: 2.302699
2025-12-05 16:16:36 INFO     Training average L_uncertainty at step 22000: 29.324336
2025-12-05 16:16:36 INFO     Training average L_kl at step 22000: 29205.040996
2025-12-05 16:16:36 INFO     Training average L_sigma at step 22000: 23.858674
2025-12-05 16:16:36 INFO     Training average mu_mean at step 22000: -1.197318
2025-12-05 16:16:36 INFO     Training average sigma_mean at step 22000: 0.129254
2025-12-05 16:16:36 INFO     Training average regularization at step 22000: 0.006275
2025-12-05 16:16:36 INFO     Training average loss at step 22000: 2.400373
2025-12-05 16:16:36 INFO     Evaluating on Valid Dataset...
2025-12-05 16:16:36 INFO     >>>>> RuleE emb: Evaluating on valid
2025-12-05 16:16:46 INFO     Data : 4274
2025-12-05 16:16:46 INFO     Hit1 : 0.539775
2025-12-05 16:16:46 INFO     Hit3 : 0.785915
2025-12-05 16:16:46 INFO     Hit10: 0.941273
2025-12-05 16:16:46 INFO     MR   : 3.378568
2025-12-05 16:16:46 INFO     MRR  : 0.680090
2025-12-05 16:17:37 INFO     Training average positive_fact_loss at step 22100: 0.299502
2025-12-05 16:17:37 INFO     Training average negative_fact_loss at step 22100: 0.276874
2025-12-05 16:17:37 INFO     Training average positive_rule_loss at step 22100: 1.614912
2025-12-05 16:17:37 INFO     Training average negative_rule_loss at step 22100: 2.303221
2025-12-05 16:17:37 INFO     Training average L_uncertainty at step 22100: 29.215724
2025-12-05 16:17:37 INFO     Training average L_kl at step 22100: 29096.297813
2025-12-05 16:17:37 INFO     Training average L_sigma at step 22100: 23.885012
2025-12-05 16:17:37 INFO     Training average mu_mean at step 22100: -1.189967
2025-12-05 16:17:37 INFO     Training average sigma_mean at step 22100: 0.129257
2025-12-05 16:17:37 INFO     Training average regularization at step 22100: 0.006273
2025-12-05 16:17:37 INFO     Training average loss at step 22100: 2.399606
2025-12-05 16:18:33 INFO     Training average positive_fact_loss at step 22200: 0.299118
2025-12-05 16:18:33 INFO     Training average negative_fact_loss at step 22200: 0.276690
2025-12-05 16:18:33 INFO     Training average positive_rule_loss at step 22200: 1.612732
2025-12-05 16:18:33 INFO     Training average negative_rule_loss at step 22200: 2.308069
2025-12-05 16:18:33 INFO     Training average L_uncertainty at step 22200: 29.219160
2025-12-05 16:18:33 INFO     Training average L_kl at step 22200: 29099.730098
2025-12-05 16:18:33 INFO     Training average L_sigma at step 22200: 23.885683
2025-12-05 16:18:33 INFO     Training average mu_mean at step 22200: -1.189942
2025-12-05 16:18:33 INFO     Training average sigma_mean at step 22200: 0.129258
2025-12-05 16:18:33 INFO     Training average regularization at step 22200: 0.006272
2025-12-05 16:18:33 INFO     Training average loss at step 22200: 2.400673
2025-12-05 16:19:28 INFO     Training average positive_fact_loss at step 22300: 0.298949
2025-12-05 16:19:28 INFO     Training average negative_fact_loss at step 22300: 0.277082
2025-12-05 16:19:28 INFO     Training average positive_rule_loss at step 22300: 1.614425
2025-12-05 16:19:28 INFO     Training average negative_rule_loss at step 22300: 2.303606
2025-12-05 16:19:28 INFO     Training average L_uncertainty at step 22300: 29.206975
2025-12-05 16:19:28 INFO     Training average L_kl at step 22300: 29087.868730
2025-12-05 16:19:28 INFO     Training average L_sigma at step 22300: 23.821000
2025-12-05 16:19:28 INFO     Training average mu_mean at step 22300: -1.187899
2025-12-05 16:19:28 INFO     Training average sigma_mean at step 22300: 0.129252
2025-12-05 16:19:28 INFO     Training average regularization at step 22300: 0.006275
2025-12-05 16:19:28 INFO     Training average loss at step 22300: 2.399341
2025-12-05 16:20:28 INFO     Training average positive_fact_loss at step 22400: 0.299142
2025-12-05 16:20:28 INFO     Training average negative_fact_loss at step 22400: 0.276898
2025-12-05 16:20:28 INFO     Training average positive_rule_loss at step 22400: 1.611350
2025-12-05 16:20:28 INFO     Training average negative_rule_loss at step 22400: 2.311513
2025-12-05 16:20:28 INFO     Training average L_uncertainty at step 22400: 29.104501
2025-12-05 16:20:28 INFO     Training average L_kl at step 22400: 28984.891152
2025-12-05 16:20:28 INFO     Training average L_sigma at step 22400: 23.921712
2025-12-05 16:20:28 INFO     Training average mu_mean at step 22400: -1.182103
2025-12-05 16:20:28 INFO     Training average sigma_mean at step 22400: 0.129259
2025-12-05 16:20:28 INFO     Training average regularization at step 22400: 0.006275
2025-12-05 16:20:28 INFO     Training average loss at step 22400: 2.401249
2025-12-05 16:21:24 INFO     Training average positive_fact_loss at step 22500: 0.299112
2025-12-05 16:21:24 INFO     Training average negative_fact_loss at step 22500: 0.277004
2025-12-05 16:21:24 INFO     Training average positive_rule_loss at step 22500: 1.614978
2025-12-05 16:21:24 INFO     Training average negative_rule_loss at step 22500: 2.303939
2025-12-05 16:21:24 INFO     Training average L_uncertainty at step 22500: 29.166143
2025-12-05 16:21:24 INFO     Training average L_kl at step 22500: 29046.888164
2025-12-05 16:21:24 INFO     Training average L_sigma at step 22500: 23.850675
2025-12-05 16:21:24 INFO     Training average mu_mean at step 22500: -1.184720
2025-12-05 16:21:24 INFO     Training average sigma_mean at step 22500: 0.129255
2025-12-05 16:21:24 INFO     Training average regularization at step 22500: 0.006274
2025-12-05 16:21:24 INFO     Training average loss at step 22500: 2.399622
2025-12-05 16:22:24 INFO     Training average positive_fact_loss at step 22600: 0.299434
2025-12-05 16:22:24 INFO     Training average negative_fact_loss at step 22600: 0.276954
2025-12-05 16:22:24 INFO     Training average positive_rule_loss at step 22600: 1.615506
2025-12-05 16:22:24 INFO     Training average negative_rule_loss at step 22600: 2.300492
2025-12-05 16:22:24 INFO     Training average L_uncertainty at step 22600: 29.180018
2025-12-05 16:22:24 INFO     Training average L_kl at step 22600: 29060.950410
2025-12-05 16:22:24 INFO     Training average L_sigma at step 22600: 23.813243
2025-12-05 16:22:24 INFO     Training average mu_mean at step 22600: -1.184511
2025-12-05 16:22:24 INFO     Training average sigma_mean at step 22600: 0.129250
2025-12-05 16:22:24 INFO     Training average regularization at step 22600: 0.006272
2025-12-05 16:22:24 INFO     Training average loss at step 22600: 2.398365
2025-12-05 16:23:20 INFO     Training average positive_fact_loss at step 22700: 0.299156
2025-12-05 16:23:20 INFO     Training average negative_fact_loss at step 22700: 0.276929
2025-12-05 16:23:20 INFO     Training average positive_rule_loss at step 22700: 1.615982
2025-12-05 16:23:20 INFO     Training average negative_rule_loss at step 22700: 2.300034
2025-12-05 16:23:20 INFO     Training average L_uncertainty at step 22700: 29.194089
2025-12-05 16:23:20 INFO     Training average L_kl at step 22700: 29074.799141
2025-12-05 16:23:20 INFO     Training average L_sigma at step 22700: 23.857743
2025-12-05 16:23:20 INFO     Training average mu_mean at step 22700: -1.183411
2025-12-05 16:23:20 INFO     Training average sigma_mean at step 22700: 0.129255
2025-12-05 16:23:20 INFO     Training average regularization at step 22700: 0.006273
2025-12-05 16:23:20 INFO     Training average loss at step 22700: 2.398294
2025-12-05 16:24:11 INFO     Training average positive_fact_loss at step 22800: 0.299064
2025-12-05 16:24:11 INFO     Training average negative_fact_loss at step 22800: 0.276986
2025-12-05 16:24:11 INFO     Training average positive_rule_loss at step 22800: 1.614914
2025-12-05 16:24:11 INFO     Training average negative_rule_loss at step 22800: 2.302363
2025-12-05 16:24:11 INFO     Training average L_uncertainty at step 22800: 29.136125
2025-12-05 16:24:11 INFO     Training average L_kl at step 22800: 29016.924336
2025-12-05 16:24:11 INFO     Training average L_sigma at step 22800: 23.839848
2025-12-05 16:24:11 INFO     Training average mu_mean at step 22800: -1.178790
2025-12-05 16:24:11 INFO     Training average sigma_mean at step 22800: 0.129254
2025-12-05 16:24:11 INFO     Training average regularization at step 22800: 0.006274
2025-12-05 16:24:11 INFO     Training average loss at step 22800: 2.398618
2025-12-05 16:25:06 INFO     Training average positive_fact_loss at step 22900: 0.298805
2025-12-05 16:25:06 INFO     Training average negative_fact_loss at step 22900: 0.276825
2025-12-05 16:25:06 INFO     Training average positive_rule_loss at step 22900: 1.615266
2025-12-05 16:25:06 INFO     Training average negative_rule_loss at step 22900: 2.301038
2025-12-05 16:25:06 INFO     Training average L_uncertainty at step 22900: 29.138648
2025-12-05 16:25:06 INFO     Training average L_kl at step 22900: 29019.673457
2025-12-05 16:25:06 INFO     Training average L_sigma at step 22900: 23.794635
2025-12-05 16:25:06 INFO     Training average mu_mean at step 22900: -1.177933
2025-12-05 16:25:06 INFO     Training average sigma_mean at step 22900: 0.129252
2025-12-05 16:25:06 INFO     Training average regularization at step 22900: 0.006274
2025-12-05 16:25:06 INFO     Training average loss at step 22900: 2.397934
2025-12-05 16:26:07 INFO     Training average positive_fact_loss at step 23000: 0.299542
2025-12-05 16:26:07 INFO     Training average negative_fact_loss at step 23000: 0.276820
2025-12-05 16:26:07 INFO     Training average positive_rule_loss at step 23000: 1.613157
2025-12-05 16:26:07 INFO     Training average negative_rule_loss at step 23000: 2.306713
2025-12-05 16:26:07 INFO     Training average L_uncertainty at step 23000: 29.021297
2025-12-05 16:26:07 INFO     Training average L_kl at step 23000: 28901.888027
2025-12-05 16:26:07 INFO     Training average L_sigma at step 23000: 23.881557
2025-12-05 16:26:07 INFO     Training average mu_mean at step 23000: -1.170645
2025-12-05 16:26:07 INFO     Training average sigma_mean at step 23000: 0.129257
2025-12-05 16:26:07 INFO     Training average regularization at step 23000: 0.006272
2025-12-05 16:26:07 INFO     Training average loss at step 23000: 2.399494
2025-12-05 16:26:07 INFO     Evaluating on Valid Dataset...
2025-12-05 16:26:07 INFO     >>>>> RuleE emb: Evaluating on valid
2025-12-05 16:26:17 INFO     Data : 4274
2025-12-05 16:26:17 INFO     Hit1 : 0.537670
2025-12-05 16:26:17 INFO     Hit3 : 0.784043
2025-12-05 16:26:17 INFO     Hit10: 0.942677
2025-12-05 16:26:17 INFO     MR   : 3.382312
2025-12-05 16:26:17 INFO     MRR  : 0.678572
2025-12-05 16:27:12 INFO     Training average positive_fact_loss at step 23100: 0.298255
2025-12-05 16:27:12 INFO     Training average negative_fact_loss at step 23100: 0.276987
2025-12-05 16:27:12 INFO     Training average positive_rule_loss at step 23100: 1.615219
2025-12-05 16:27:12 INFO     Training average negative_rule_loss at step 23100: 2.299465
2025-12-05 16:27:12 INFO     Training average L_uncertainty at step 23100: 29.090861
2025-12-05 16:27:12 INFO     Training average L_kl at step 23100: 28971.252617
2025-12-05 16:27:12 INFO     Training average L_sigma at step 23100: 23.921398
2025-12-05 16:27:12 INFO     Training average mu_mean at step 23100: -1.174049
2025-12-05 16:27:12 INFO     Training average sigma_mean at step 23100: 0.129259
2025-12-05 16:27:12 INFO     Training average regularization at step 23100: 0.006272
2025-12-05 16:27:12 INFO     Training average loss at step 23100: 2.396690
2025-12-05 16:28:12 INFO     Training average positive_fact_loss at step 23200: 0.299863
2025-12-05 16:28:12 INFO     Training average negative_fact_loss at step 23200: 0.276668
2025-12-05 16:28:12 INFO     Training average positive_rule_loss at step 23200: 1.614213
2025-12-05 16:28:12 INFO     Training average negative_rule_loss at step 23200: 2.302668
2025-12-05 16:28:12 INFO     Training average L_uncertainty at step 23200: 29.041549
2025-12-05 16:28:12 INFO     Training average L_kl at step 23200: 28922.368379
2025-12-05 16:28:12 INFO     Training average L_sigma at step 23200: 23.835772
2025-12-05 16:28:12 INFO     Training average mu_mean at step 23200: -1.169503
2025-12-05 16:28:12 INFO     Training average sigma_mean at step 23200: 0.129254
2025-12-05 16:28:12 INFO     Training average regularization at step 23200: 0.006277
2025-12-05 16:28:12 INFO     Training average loss at step 23200: 2.398190
2025-12-05 16:29:08 INFO     Training average positive_fact_loss at step 23300: 0.298514
2025-12-05 16:29:08 INFO     Training average negative_fact_loss at step 23300: 0.276918
2025-12-05 16:29:08 INFO     Training average positive_rule_loss at step 23300: 1.619376
2025-12-05 16:29:08 INFO     Training average negative_rule_loss at step 23300: 2.296449
2025-12-05 16:29:08 INFO     Training average L_uncertainty at step 23300: 29.096827
2025-12-05 16:29:08 INFO     Training average L_kl at step 23300: 28977.586816
2025-12-05 16:29:08 INFO     Training average L_sigma at step 23300: 23.847737
2025-12-05 16:29:08 INFO     Training average mu_mean at step 23300: -1.173280
2025-12-05 16:29:08 INFO     Training average sigma_mean at step 23300: 0.129254
2025-12-05 16:29:08 INFO     Training average regularization at step 23300: 0.006275
2025-12-05 16:29:08 INFO     Training average loss at step 23300: 2.397388
2025-12-05 16:30:03 INFO     Training average positive_fact_loss at step 23400: 0.298952
2025-12-05 16:30:03 INFO     Training average negative_fact_loss at step 23400: 0.276530
2025-12-05 16:30:03 INFO     Training average positive_rule_loss at step 23400: 1.618269
2025-12-05 16:30:03 INFO     Training average negative_rule_loss at step 23400: 2.296398
2025-12-05 16:30:03 INFO     Training average L_uncertainty at step 23400: 29.020246
2025-12-05 16:30:03 INFO     Training average L_kl at step 23400: 28900.424180
2025-12-05 16:30:03 INFO     Training average L_sigma at step 23400: 23.964106
2025-12-05 16:30:03 INFO     Training average mu_mean at step 23400: -1.168561
2025-12-05 16:30:03 INFO     Training average sigma_mean at step 23400: 0.129260
2025-12-05 16:30:03 INFO     Training average regularization at step 23400: 0.006276
2025-12-05 16:30:03 INFO     Training average loss at step 23400: 2.396452
2025-12-05 16:30:55 INFO     Training average positive_fact_loss at step 23500: 0.298906
2025-12-05 16:30:55 INFO     Training average negative_fact_loss at step 23500: 0.276926
2025-12-05 16:30:55 INFO     Training average positive_rule_loss at step 23500: 1.616406
2025-12-05 16:30:55 INFO     Training average negative_rule_loss at step 23500: 2.300427
2025-12-05 16:30:55 INFO     Training average L_uncertainty at step 23500: 29.042833
2025-12-05 16:30:55 INFO     Training average L_kl at step 23500: 28923.486035
2025-12-05 16:30:55 INFO     Training average L_sigma at step 23500: 23.869152
2025-12-05 16:30:55 INFO     Training average mu_mean at step 23500: -1.168901
2025-12-05 16:30:55 INFO     Training average sigma_mean at step 23500: 0.129253
2025-12-05 16:30:55 INFO     Training average regularization at step 23500: 0.006278
2025-12-05 16:30:55 INFO     Training average loss at step 23500: 2.397825
2025-12-05 16:31:55 INFO     Training average positive_fact_loss at step 23600: 0.298661
2025-12-05 16:31:55 INFO     Training average negative_fact_loss at step 23600: 0.276623
2025-12-05 16:31:55 INFO     Training average positive_rule_loss at step 23600: 1.615091
2025-12-05 16:31:55 INFO     Training average negative_rule_loss at step 23600: 2.301030
2025-12-05 16:31:55 INFO     Training average L_uncertainty at step 23600: 28.996785
2025-12-05 16:31:55 INFO     Training average L_kl at step 23600: 28877.575801
2025-12-05 16:31:55 INFO     Training average L_sigma at step 23600: 23.841593
2025-12-05 16:31:55 INFO     Training average mu_mean at step 23600: -1.164031
2025-12-05 16:31:55 INFO     Training average sigma_mean at step 23600: 0.129254
2025-12-05 16:31:55 INFO     Training average regularization at step 23600: 0.006279
2025-12-05 16:31:55 INFO     Training average loss at step 23600: 2.396966
2025-12-05 16:32:51 INFO     Training average positive_fact_loss at step 23700: 0.299258
2025-12-05 16:32:51 INFO     Training average negative_fact_loss at step 23700: 0.277294
2025-12-05 16:32:51 INFO     Training average positive_rule_loss at step 23700: 1.612624
2025-12-05 16:32:51 INFO     Training average negative_rule_loss at step 23700: 2.304369
2025-12-05 16:32:51 INFO     Training average L_uncertainty at step 23700: 28.911153
2025-12-05 16:32:51 INFO     Training average L_kl at step 23700: 28791.677070
2025-12-05 16:32:51 INFO     Training average L_sigma at step 23700: 23.894889
2025-12-05 16:32:51 INFO     Training average mu_mean at step 23700: -1.157811
2025-12-05 16:32:51 INFO     Training average sigma_mean at step 23700: 0.129258
2025-12-05 16:32:51 INFO     Training average regularization at step 23700: 0.006279
2025-12-05 16:32:51 INFO     Training average loss at step 23700: 2.397607
2025-12-05 16:33:52 INFO     Training average positive_fact_loss at step 23800: 0.299319
2025-12-05 16:33:52 INFO     Training average negative_fact_loss at step 23800: 0.276752
2025-12-05 16:33:52 INFO     Training average positive_rule_loss at step 23800: 1.618962
2025-12-05 16:33:52 INFO     Training average negative_rule_loss at step 23800: 2.295298
2025-12-05 16:33:52 INFO     Training average L_uncertainty at step 23800: 29.008982
2025-12-05 16:33:52 INFO     Training average L_kl at step 23800: 28889.823789
2025-12-05 16:33:52 INFO     Training average L_sigma at step 23800: 23.831305
2025-12-05 16:33:52 INFO     Training average mu_mean at step 23800: -1.163215
2025-12-05 16:33:52 INFO     Training average sigma_mean at step 23800: 0.129254
2025-12-05 16:33:52 INFO     Training average regularization at step 23800: 0.006279
2025-12-05 16:33:52 INFO     Training average loss at step 23800: 2.396490
2025-12-05 16:34:48 INFO     Training average positive_fact_loss at step 23900: 0.298946
2025-12-05 16:34:48 INFO     Training average negative_fact_loss at step 23900: 0.276857
2025-12-05 16:34:48 INFO     Training average positive_rule_loss at step 23900: 1.615136
2025-12-05 16:34:48 INFO     Training average negative_rule_loss at step 23900: 2.298369
2025-12-05 16:34:48 INFO     Training average L_uncertainty at step 23900: 28.901357
2025-12-05 16:34:48 INFO     Training average L_kl at step 23900: 28782.390488
2025-12-05 16:34:48 INFO     Training average L_sigma at step 23900: 23.793035
2025-12-05 16:34:48 INFO     Training average mu_mean at step 23900: -1.155968
2025-12-05 16:34:48 INFO     Training average sigma_mean at step 23900: 0.129251
2025-12-05 16:34:48 INFO     Training average regularization at step 23900: 0.006278
2025-12-05 16:34:48 INFO     Training average loss at step 23900: 2.395439
2025-12-05 16:35:48 INFO     Training average positive_fact_loss at step 24000: 0.299231
2025-12-05 16:35:48 INFO     Training average negative_fact_loss at step 24000: 0.276837
2025-12-05 16:35:48 INFO     Training average positive_rule_loss at step 24000: 1.617656
2025-12-05 16:35:48 INFO     Training average negative_rule_loss at step 24000: 2.296149
2025-12-05 16:35:48 INFO     Training average L_uncertainty at step 24000: 28.966282
2025-12-05 16:35:48 INFO     Training average L_kl at step 24000: 28846.981836
2025-12-05 16:35:48 INFO     Training average L_sigma at step 24000: 23.859787
2025-12-05 16:35:48 INFO     Training average mu_mean at step 24000: -1.158500
2025-12-05 16:35:48 INFO     Training average sigma_mean at step 24000: 0.129254
2025-12-05 16:35:48 INFO     Training average regularization at step 24000: 0.006281
2025-12-05 16:35:48 INFO     Training average loss at step 24000: 2.396049
2025-12-05 16:35:48 INFO     Evaluating on Valid Dataset...
2025-12-05 16:35:48 INFO     >>>>> RuleE emb: Evaluating on valid
2025-12-05 16:35:58 INFO     Data : 4274
2025-12-05 16:35:58 INFO     Hit1 : 0.540477
2025-12-05 16:35:58 INFO     Hit3 : 0.786617
2025-12-05 16:35:58 INFO     Hit10: 0.941039
2025-12-05 16:35:58 INFO     MR   : 3.374942
2025-12-05 16:35:58 INFO     MRR  : 0.680300
2025-12-05 16:36:45 INFO     Training average positive_fact_loss at step 24100: 0.299226
2025-12-05 16:36:45 INFO     Training average negative_fact_loss at step 24100: 0.276918
2025-12-05 16:36:45 INFO     Training average positive_rule_loss at step 24100: 1.614767
2025-12-05 16:36:45 INFO     Training average negative_rule_loss at step 24100: 2.299350
2025-12-05 16:36:45 INFO     Training average L_uncertainty at step 24100: 28.914263
2025-12-05 16:36:45 INFO     Training average L_kl at step 24100: 28795.027285
2025-12-05 16:36:45 INFO     Training average L_sigma at step 24100: 23.846994
2025-12-05 16:36:45 INFO     Training average mu_mean at step 24100: -1.153693
2025-12-05 16:36:45 INFO     Training average sigma_mean at step 24100: 0.129255
2025-12-05 16:36:45 INFO     Training average regularization at step 24100: 0.006278
2025-12-05 16:36:45 INFO     Training average loss at step 24100: 2.395980
2025-12-05 16:37:46 INFO     Training average positive_fact_loss at step 24200: 0.299184
2025-12-05 16:37:46 INFO     Training average negative_fact_loss at step 24200: 0.276878
2025-12-05 16:37:46 INFO     Training average positive_rule_loss at step 24200: 1.616385
2025-12-05 16:37:46 INFO     Training average negative_rule_loss at step 24200: 2.298188
2025-12-05 16:37:46 INFO     Training average L_uncertainty at step 24200: 28.929417
2025-12-05 16:37:46 INFO     Training average L_kl at step 24200: 28810.265918
2025-12-05 16:37:46 INFO     Training average L_sigma at step 24200: 23.829973
2025-12-05 16:37:46 INFO     Training average mu_mean at step 24200: -1.153855
2025-12-05 16:37:46 INFO     Training average sigma_mean at step 24200: 0.129254
2025-12-05 16:37:46 INFO     Training average regularization at step 24200: 0.006278
2025-12-05 16:37:46 INFO     Training average loss at step 24200: 2.396243
2025-12-05 16:38:41 INFO     Training average positive_fact_loss at step 24300: 0.299073
2025-12-05 16:38:41 INFO     Training average negative_fact_loss at step 24300: 0.276865
2025-12-05 16:38:41 INFO     Training average positive_rule_loss at step 24300: 1.616810
2025-12-05 16:38:41 INFO     Training average negative_rule_loss at step 24300: 2.296713
2025-12-05 16:38:41 INFO     Training average L_uncertainty at step 24300: 28.866015
2025-12-05 16:38:41 INFO     Training average L_kl at step 24300: 28746.497500
2025-12-05 16:38:41 INFO     Training average L_sigma at step 24300: 23.903173
2025-12-05 16:38:41 INFO     Training average mu_mean at step 24300: -1.149719
2025-12-05 16:38:41 INFO     Training average sigma_mean at step 24300: 0.129259
2025-12-05 16:38:41 INFO     Training average regularization at step 24300: 0.006278
2025-12-05 16:38:41 INFO     Training average loss at step 24300: 2.395339
2025-12-05 16:39:41 INFO     Training average positive_fact_loss at step 24400: 0.298796
2025-12-05 16:39:41 INFO     Training average negative_fact_loss at step 24400: 0.276778
2025-12-05 16:39:41 INFO     Training average positive_rule_loss at step 24400: 1.615149
2025-12-05 16:39:41 INFO     Training average negative_rule_loss at step 24400: 2.299641
2025-12-05 16:39:41 INFO     Training average L_uncertainty at step 24400: 28.843904
2025-12-05 16:39:41 INFO     Training average L_kl at step 24400: 28724.376875
2025-12-05 16:39:41 INFO     Training average L_sigma at step 24400: 23.905245
2025-12-05 16:39:41 INFO     Training average mu_mean at step 24400: -1.147182
2025-12-05 16:39:41 INFO     Training average sigma_mean at step 24400: 0.129259
2025-12-05 16:39:41 INFO     Training average regularization at step 24400: 0.006281
2025-12-05 16:39:41 INFO     Training average loss at step 24400: 2.395682
2025-12-05 16:40:37 INFO     Training average positive_fact_loss at step 24500: 0.299222
2025-12-05 16:40:37 INFO     Training average negative_fact_loss at step 24500: 0.276915
2025-12-05 16:40:37 INFO     Training average positive_rule_loss at step 24500: 1.616539
2025-12-05 16:40:37 INFO     Training average negative_rule_loss at step 24500: 2.296944
2025-12-05 16:40:37 INFO     Training average L_uncertainty at step 24500: 28.867933
2025-12-05 16:40:37 INFO     Training average L_kl at step 24500: 28748.989551
2025-12-05 16:40:37 INFO     Training average L_sigma at step 24500: 23.788449
2025-12-05 16:40:37 INFO     Training average mu_mean at step 24500: -1.148017
2025-12-05 16:40:37 INFO     Training average sigma_mean at step 24500: 0.129250
2025-12-05 16:40:37 INFO     Training average regularization at step 24500: 0.006279
2025-12-05 16:40:37 INFO     Training average loss at step 24500: 2.395429
2025-12-05 16:41:37 INFO     Training average positive_fact_loss at step 24600: 0.299524
2025-12-05 16:41:37 INFO     Training average negative_fact_loss at step 24600: 0.277054
2025-12-05 16:41:37 INFO     Training average positive_rule_loss at step 24600: 1.620437
2025-12-05 16:41:37 INFO     Training average negative_rule_loss at step 24600: 2.290098
2025-12-05 16:41:37 INFO     Training average L_uncertainty at step 24600: 28.856620
2025-12-05 16:41:37 INFO     Training average L_kl at step 24600: 28737.127852
2025-12-05 16:41:37 INFO     Training average L_sigma at step 24600: 23.898053
2025-12-05 16:41:37 INFO     Training average mu_mean at step 24600: -1.145626
2025-12-05 16:41:37 INFO     Training average sigma_mean at step 24600: 0.129258
2025-12-05 16:41:37 INFO     Training average regularization at step 24600: 0.006279
2025-12-05 16:41:37 INFO     Training average loss at step 24600: 2.394118
2025-12-05 16:42:28 INFO     Training average positive_fact_loss at step 24700: 0.298875
2025-12-05 16:42:28 INFO     Training average negative_fact_loss at step 24700: 0.276854
2025-12-05 16:42:28 INFO     Training average positive_rule_loss at step 24700: 1.616797
2025-12-05 16:42:28 INFO     Training average negative_rule_loss at step 24700: 2.294402
2025-12-05 16:42:28 INFO     Training average L_uncertainty at step 24700: 28.886937
2025-12-05 16:42:28 INFO     Training average L_kl at step 24700: 28767.840996
2025-12-05 16:42:28 INFO     Training average L_sigma at step 24700: 23.818908
2025-12-05 16:42:28 INFO     Training average mu_mean at step 24700: -1.147530
2025-12-05 16:42:28 INFO     Training average sigma_mean at step 24700: 0.129252
2025-12-05 16:42:28 INFO     Training average regularization at step 24700: 0.006279
2025-12-05 16:42:28 INFO     Training average loss at step 24700: 2.394178
2025-12-05 16:43:24 INFO     Training average positive_fact_loss at step 24800: 0.298766
2025-12-05 16:43:24 INFO     Training average negative_fact_loss at step 24800: 0.276710
2025-12-05 16:43:24 INFO     Training average positive_rule_loss at step 24800: 1.620654
2025-12-05 16:43:24 INFO     Training average negative_rule_loss at step 24800: 2.290166
2025-12-05 16:43:24 INFO     Training average L_uncertainty at step 24800: 28.817852
2025-12-05 16:43:24 INFO     Training average L_kl at step 24800: 28698.781113
2025-12-05 16:43:24 INFO     Training average L_sigma at step 24800: 23.814009
2025-12-05 16:43:24 INFO     Training average mu_mean at step 24800: -1.141159
2025-12-05 16:43:24 INFO     Training average sigma_mean at step 24800: 0.129252
2025-12-05 16:43:24 INFO     Training average regularization at step 24800: 0.006280
2025-12-05 16:43:24 INFO     Training average loss at step 24800: 2.393517
2025-12-05 16:44:20 INFO     Training average positive_fact_loss at step 24900: 0.299283
2025-12-05 16:44:20 INFO     Training average negative_fact_loss at step 24900: 0.276932
2025-12-05 16:44:20 INFO     Training average positive_rule_loss at step 24900: 1.615981
2025-12-05 16:44:20 INFO     Training average negative_rule_loss at step 24900: 2.295722
2025-12-05 16:44:20 INFO     Training average L_uncertainty at step 24900: 28.810164
2025-12-05 16:44:20 INFO     Training average L_kl at step 24900: 28690.937109
2025-12-05 16:44:20 INFO     Training average L_sigma at step 24900: 23.845085
2025-12-05 16:44:20 INFO     Training average mu_mean at step 24900: -1.139377
2025-12-05 16:44:20 INFO     Training average sigma_mean at step 24900: 0.129254
2025-12-05 16:44:20 INFO     Training average regularization at step 24900: 0.006280
2025-12-05 16:44:20 INFO     Training average loss at step 24900: 2.394290
2025-12-05 16:45:20 INFO     Training average positive_fact_loss at step 25000: 0.298680
2025-12-05 16:45:20 INFO     Training average negative_fact_loss at step 25000: 0.276718
2025-12-05 16:45:20 INFO     Training average positive_rule_loss at step 25000: 1.619489
2025-12-05 16:45:20 INFO     Training average negative_rule_loss at step 25000: 2.292015
2025-12-05 16:45:20 INFO     Training average L_uncertainty at step 25000: 28.812861
2025-12-05 16:45:20 INFO     Training average L_kl at step 25000: 28693.436465
2025-12-05 16:45:20 INFO     Training average L_sigma at step 25000: 23.884582
2025-12-05 16:45:20 INFO     Training average mu_mean at step 25000: -1.139206
2025-12-05 16:45:20 INFO     Training average sigma_mean at step 25000: 0.129257
2025-12-05 16:45:20 INFO     Training average regularization at step 25000: 0.006283
2025-12-05 16:45:20 INFO     Training average loss at step 25000: 2.393798
2025-12-05 16:45:20 INFO     Evaluating on Valid Dataset...
2025-12-05 16:45:20 INFO     >>>>> RuleE emb: Evaluating on valid
2025-12-05 16:45:30 INFO     Data : 4274
2025-12-05 16:45:30 INFO     Hit1 : 0.542817
2025-12-05 16:45:30 INFO     Hit3 : 0.784745
2025-12-05 16:45:30 INFO     Hit10: 0.941039
2025-12-05 16:45:30 INFO     MR   : 3.370379
2025-12-05 16:45:30 INFO     MRR  : 0.681481
2025-12-05 16:46:25 INFO     Training average positive_fact_loss at step 25100: 0.299002
2025-12-05 16:46:25 INFO     Training average negative_fact_loss at step 25100: 0.276769
2025-12-05 16:46:25 INFO     Training average positive_rule_loss at step 25100: 1.619607
2025-12-05 16:46:25 INFO     Training average negative_rule_loss at step 25100: 2.290368
2025-12-05 16:46:25 INFO     Training average L_uncertainty at step 25100: 28.750646
2025-12-05 16:46:25 INFO     Training average L_kl at step 25100: 28631.215781
2025-12-05 16:46:25 INFO     Training average L_sigma at step 25100: 23.885830
2025-12-05 16:46:25 INFO     Training average mu_mean at step 25100: -1.136485
2025-12-05 16:46:25 INFO     Training average sigma_mean at step 25100: 0.129256
2025-12-05 16:46:25 INFO     Training average regularization at step 25100: 0.006284
2025-12-05 16:46:25 INFO     Training average loss at step 25100: 2.392910
2025-12-05 16:47:26 INFO     Training average positive_fact_loss at step 25200: 0.298952
2025-12-05 16:47:26 INFO     Training average negative_fact_loss at step 25200: 0.276879
2025-12-05 16:47:26 INFO     Training average positive_rule_loss at step 25200: 1.616046
2025-12-05 16:47:26 INFO     Training average negative_rule_loss at step 25200: 2.294161
2025-12-05 16:47:26 INFO     Training average L_uncertainty at step 25200: 28.728394
2025-12-05 16:47:26 INFO     Training average L_kl at step 25200: 28609.104766
2025-12-05 16:47:26 INFO     Training average L_sigma at step 25200: 23.857591
2025-12-05 16:47:26 INFO     Training average mu_mean at step 25200: -1.131712
2025-12-05 16:47:26 INFO     Training average sigma_mean at step 25200: 0.129256
2025-12-05 16:47:26 INFO     Training average regularization at step 25200: 0.006285
2025-12-05 16:47:26 INFO     Training average loss at step 25200: 2.392945
2025-12-05 16:48:21 INFO     Training average positive_fact_loss at step 25300: 0.299362
2025-12-05 16:48:21 INFO     Training average negative_fact_loss at step 25300: 0.276889
2025-12-05 16:48:21 INFO     Training average positive_rule_loss at step 25300: 1.620354
2025-12-05 16:48:21 INFO     Training average negative_rule_loss at step 25300: 2.288507
2025-12-05 16:48:21 INFO     Training average L_uncertainty at step 25300: 28.785442
2025-12-05 16:48:21 INFO     Training average L_kl at step 25300: 28665.932812
2025-12-05 16:48:21 INFO     Training average L_sigma at step 25300: 23.901607
2025-12-05 16:48:21 INFO     Training average mu_mean at step 25300: -1.134001
2025-12-05 16:48:21 INFO     Training average sigma_mean at step 25300: 0.129257
2025-12-05 16:48:21 INFO     Training average regularization at step 25300: 0.006282
2025-12-05 16:48:21 INFO     Training average loss at step 25300: 2.392766
2025-12-05 16:49:12 INFO     Training average positive_fact_loss at step 25400: 0.299062
2025-12-05 16:49:12 INFO     Training average negative_fact_loss at step 25400: 0.276734
2025-12-05 16:49:12 INFO     Training average positive_rule_loss at step 25400: 1.615075
2025-12-05 16:49:12 INFO     Training average negative_rule_loss at step 25400: 2.297644
2025-12-05 16:49:12 INFO     Training average L_uncertainty at step 25400: 28.696442
2025-12-05 16:49:12 INFO     Training average L_kl at step 25400: 28577.077715
2025-12-05 16:49:12 INFO     Training average L_sigma at step 25400: 23.872658
2025-12-05 16:49:12 INFO     Training average mu_mean at step 25400: -1.127905
2025-12-05 16:49:12 INFO     Training average sigma_mean at step 25400: 0.129255
2025-12-05 16:49:12 INFO     Training average regularization at step 25400: 0.006281
2025-12-05 16:49:12 INFO     Training average loss at step 25400: 2.394020
2025-12-05 16:50:08 INFO     Training average positive_fact_loss at step 25500: 0.299070
2025-12-05 16:50:08 INFO     Training average negative_fact_loss at step 25500: 0.276881
2025-12-05 16:50:08 INFO     Training average positive_rule_loss at step 25500: 1.617592
2025-12-05 16:50:08 INFO     Training average negative_rule_loss at step 25500: 2.289751
2025-12-05 16:50:08 INFO     Training average L_uncertainty at step 25500: 28.707394
2025-12-05 16:50:08 INFO     Training average L_kl at step 25500: 28588.143203
2025-12-05 16:50:08 INFO     Training average L_sigma at step 25500: 23.849935
2025-12-05 16:50:08 INFO     Training average mu_mean at step 25500: -1.127190
2025-12-05 16:50:08 INFO     Training average sigma_mean at step 25500: 0.129254
2025-12-05 16:50:08 INFO     Training average regularization at step 25500: 0.006283
2025-12-05 16:50:08 INFO     Training average loss at step 25500: 2.391467
2025-12-05 16:51:08 INFO     Training average positive_fact_loss at step 25600: 0.298911
2025-12-05 16:51:08 INFO     Training average negative_fact_loss at step 25600: 0.277020
2025-12-05 16:51:08 INFO     Training average positive_rule_loss at step 25600: 1.615020
2025-12-05 16:51:08 INFO     Training average negative_rule_loss at step 25600: 2.295923
2025-12-05 16:51:08 INFO     Training average L_uncertainty at step 25600: 28.672829
2025-12-05 16:51:08 INFO     Training average L_kl at step 25600: 28553.787227
2025-12-05 16:51:08 INFO     Training average L_sigma at step 25600: 23.808165
2025-12-05 16:51:08 INFO     Training average mu_mean at step 25600: -1.123578
2025-12-05 16:51:08 INFO     Training average sigma_mean at step 25600: 0.129252
2025-12-05 16:51:08 INFO     Training average regularization at step 25600: 0.006284
2025-12-05 16:51:08 INFO     Training average loss at step 25600: 2.393085
2025-12-05 16:52:03 INFO     Training average positive_fact_loss at step 25700: 0.299028
2025-12-05 16:52:03 INFO     Training average negative_fact_loss at step 25700: 0.276984
2025-12-05 16:52:03 INFO     Training average positive_rule_loss at step 25700: 1.616365
2025-12-05 16:52:03 INFO     Training average negative_rule_loss at step 25700: 2.292240
2025-12-05 16:52:03 INFO     Training average L_uncertainty at step 25700: 28.693293
2025-12-05 16:52:03 INFO     Training average L_kl at step 25700: 28574.062012
2025-12-05 16:52:03 INFO     Training average L_sigma at step 25700: 23.846013
2025-12-05 16:52:03 INFO     Training average mu_mean at step 25700: -1.123729
2025-12-05 16:52:03 INFO     Training average sigma_mean at step 25700: 0.129254
2025-12-05 16:52:03 INFO     Training average regularization at step 25700: 0.006286
2025-12-05 16:52:03 INFO     Training average loss at step 25700: 2.392060
2025-12-05 16:53:03 INFO     Training average positive_fact_loss at step 25800: 0.299847
2025-12-05 16:53:03 INFO     Training average negative_fact_loss at step 25800: 0.276785
2025-12-05 16:53:03 INFO     Training average positive_rule_loss at step 25800: 1.617700
2025-12-05 16:53:03 INFO     Training average negative_rule_loss at step 25800: 2.289757
2025-12-05 16:53:03 INFO     Training average L_uncertainty at step 25800: 28.694793
2025-12-05 16:53:03 INFO     Training average L_kl at step 25800: 28575.452754
2025-12-05 16:53:03 INFO     Training average L_sigma at step 25800: 23.867711
2025-12-05 16:53:03 INFO     Training average mu_mean at step 25800: -1.122023
2025-12-05 16:53:03 INFO     Training average sigma_mean at step 25800: 0.129255
2025-12-05 16:53:03 INFO     Training average regularization at step 25800: 0.006284
2025-12-05 16:53:03 INFO     Training average loss at step 25800: 2.391802
2025-12-05 16:53:59 INFO     Training average positive_fact_loss at step 25900: 0.298534
2025-12-05 16:53:59 INFO     Training average negative_fact_loss at step 25900: 0.276967
2025-12-05 16:53:59 INFO     Training average positive_rule_loss at step 25900: 1.620115
2025-12-05 16:53:59 INFO     Training average negative_rule_loss at step 25900: 2.286990
2025-12-05 16:53:59 INFO     Training average L_uncertainty at step 25900: 28.719340
2025-12-05 16:53:59 INFO     Training average L_kl at step 25900: 28600.271953
2025-12-05 16:53:59 INFO     Training average L_sigma at step 25900: 23.813297
2025-12-05 16:53:59 INFO     Training average mu_mean at step 25900: -1.122922
2025-12-05 16:53:59 INFO     Training average sigma_mean at step 25900: 0.129252
2025-12-05 16:53:59 INFO     Training average regularization at step 25900: 0.006283
2025-12-05 16:53:59 INFO     Training average loss at step 25900: 2.391183
2025-12-05 16:54:54 INFO     Training average positive_fact_loss at step 26000: 0.299447
2025-12-05 16:54:54 INFO     Training average negative_fact_loss at step 26000: 0.276788
2025-12-05 16:54:54 INFO     Training average positive_rule_loss at step 26000: 1.615521
2025-12-05 16:54:54 INFO     Training average negative_rule_loss at step 26000: 2.291784
2025-12-05 16:54:54 INFO     Training average L_uncertainty at step 26000: 28.642623
2025-12-05 16:54:54 INFO     Training average L_kl at step 26000: 28523.371055
2025-12-05 16:54:54 INFO     Training average L_sigma at step 26000: 23.850188
2025-12-05 16:54:54 INFO     Training average mu_mean at step 26000: -1.116839
2025-12-05 16:54:54 INFO     Training average sigma_mean at step 26000: 0.129253
2025-12-05 16:54:54 INFO     Training average regularization at step 26000: 0.006285
2025-12-05 16:54:54 INFO     Training average loss at step 26000: 2.391268
2025-12-05 16:54:54 INFO     Evaluating on Valid Dataset...
2025-12-05 16:54:54 INFO     >>>>> RuleE emb: Evaluating on valid
2025-12-05 16:55:04 INFO     Data : 4274
2025-12-05 16:55:04 INFO     Hit1 : 0.540243
2025-12-05 16:55:04 INFO     Hit3 : 0.784043
2025-12-05 16:55:04 INFO     Hit10: 0.940805
2025-12-05 16:55:04 INFO     MR   : 3.378100
2025-12-05 16:55:04 INFO     MRR  : 0.680200
2025-12-05 16:55:55 INFO     Training average positive_fact_loss at step 26100: 0.299003
2025-12-05 16:55:55 INFO     Training average negative_fact_loss at step 26100: 0.276775
2025-12-05 16:55:55 INFO     Training average positive_rule_loss at step 26100: 1.616689
2025-12-05 16:55:55 INFO     Training average negative_rule_loss at step 26100: 2.292580
2025-12-05 16:55:55 INFO     Training average L_uncertainty at step 26100: 28.596565
2025-12-05 16:55:55 INFO     Training average L_kl at step 26100: 28477.409336
2025-12-05 16:55:55 INFO     Training average L_sigma at step 26100: 23.830807
2025-12-05 16:55:55 INFO     Training average mu_mean at step 26100: -1.113326
2025-12-05 16:55:55 INFO     Training average sigma_mean at step 26100: 0.129253
2025-12-05 16:55:55 INFO     Training average regularization at step 26100: 0.006284
2025-12-05 16:55:55 INFO     Training average loss at step 26100: 2.391790
2025-12-05 16:56:56 INFO     Training average positive_fact_loss at step 26200: 0.299112
2025-12-05 16:56:56 INFO     Training average negative_fact_loss at step 26200: 0.276844
2025-12-05 16:56:56 INFO     Training average positive_rule_loss at step 26200: 1.620728
2025-12-05 16:56:56 INFO     Training average negative_rule_loss at step 26200: 2.286664
2025-12-05 16:56:56 INFO     Training average L_uncertainty at step 26200: 28.661926
2025-12-05 16:56:56 INFO     Training average L_kl at step 26200: 28542.995547
2025-12-05 16:56:56 INFO     Training average L_sigma at step 26200: 23.785816
2025-12-05 16:56:56 INFO     Training average mu_mean at step 26200: -1.117923
2025-12-05 16:56:56 INFO     Training average sigma_mean at step 26200: 0.129250
2025-12-05 16:56:56 INFO     Training average regularization at step 26200: 0.006284
2025-12-05 16:56:56 INFO     Training average loss at step 26200: 2.391268
2025-12-05 16:57:51 INFO     Training average positive_fact_loss at step 26300: 0.299185
2025-12-05 16:57:51 INFO     Training average negative_fact_loss at step 26300: 0.276727
2025-12-05 16:57:51 INFO     Training average positive_rule_loss at step 26300: 1.617293
2025-12-05 16:57:51 INFO     Training average negative_rule_loss at step 26300: 2.290095
2025-12-05 16:57:51 INFO     Training average L_uncertainty at step 26300: 28.631013
2025-12-05 16:57:51 INFO     Training average L_kl at step 26300: 28511.781641
2025-12-05 16:57:51 INFO     Training average L_sigma at step 26300: 23.845933
2025-12-05 16:57:51 INFO     Training average mu_mean at step 26300: -1.113638
2025-12-05 16:57:51 INFO     Training average sigma_mean at step 26300: 0.129254
2025-12-05 16:57:51 INFO     Training average regularization at step 26300: 0.006282
2025-12-05 16:57:51 INFO     Training average loss at step 26300: 2.391087
2025-12-05 16:58:51 INFO     Training average positive_fact_loss at step 26400: 0.299628
2025-12-05 16:58:51 INFO     Training average negative_fact_loss at step 26400: 0.276807
2025-12-05 16:58:51 INFO     Training average positive_rule_loss at step 26400: 1.615270
2025-12-05 16:58:51 INFO     Training average negative_rule_loss at step 26400: 2.292545
2025-12-05 16:58:51 INFO     Training average L_uncertainty at step 26400: 28.570658
2025-12-05 16:58:51 INFO     Training average L_kl at step 26400: 28451.343457
2025-12-05 16:58:51 INFO     Training average L_sigma at step 26400: 23.862640
2025-12-05 16:58:51 INFO     Training average mu_mean at step 26400: -1.108586
2025-12-05 16:58:51 INFO     Training average sigma_mean at step 26400: 0.129256
2025-12-05 16:58:51 INFO     Training average regularization at step 26400: 0.006282
2025-12-05 16:58:51 INFO     Training average loss at step 26400: 2.391261
2025-12-05 16:59:47 INFO     Training average positive_fact_loss at step 26500: 0.298428
2025-12-05 16:59:47 INFO     Training average negative_fact_loss at step 26500: 0.276859
2025-12-05 16:59:47 INFO     Training average positive_rule_loss at step 26500: 1.620399
2025-12-05 16:59:47 INFO     Training average negative_rule_loss at step 26500: 2.284123
2025-12-05 16:59:47 INFO     Training average L_uncertainty at step 26500: 28.600127
2025-12-05 16:59:47 INFO     Training average L_kl at step 26500: 28480.721484
2025-12-05 16:59:47 INFO     Training average L_sigma at step 26500: 23.880762
2025-12-05 16:59:47 INFO     Training average mu_mean at step 26500: -1.109148
2025-12-05 16:59:47 INFO     Training average sigma_mean at step 26500: 0.129257
2025-12-05 16:59:47 INFO     Training average regularization at step 26500: 0.006284
2025-12-05 16:59:47 INFO     Training average loss at step 26500: 2.389189
2025-12-05 17:00:47 INFO     Training average positive_fact_loss at step 26600: 0.299342
2025-12-05 17:00:47 INFO     Training average negative_fact_loss at step 26600: 0.276735
2025-12-05 17:00:47 INFO     Training average positive_rule_loss at step 26600: 1.618582
2025-12-05 17:00:47 INFO     Training average negative_rule_loss at step 26600: 2.286554
2025-12-05 17:00:47 INFO     Training average L_uncertainty at step 26600: 28.580151
2025-12-05 17:00:47 INFO     Training average L_kl at step 26600: 28460.889707
2025-12-05 17:00:47 INFO     Training average L_sigma at step 26600: 23.851908
2025-12-05 17:00:47 INFO     Training average mu_mean at step 26600: -1.106831
2025-12-05 17:00:47 INFO     Training average sigma_mean at step 26600: 0.129255
2025-12-05 17:00:47 INFO     Training average regularization at step 26600: 0.006285
2025-12-05 17:00:47 INFO     Training average loss at step 26600: 2.389792
2025-12-05 17:01:34 INFO     Training average positive_fact_loss at step 26700: 0.298831
2025-12-05 17:01:34 INFO     Training average negative_fact_loss at step 26700: 0.276922
2025-12-05 17:01:34 INFO     Training average positive_rule_loss at step 26700: 1.621678
2025-12-05 17:01:34 INFO     Training average negative_rule_loss at step 26700: 2.281095
2025-12-05 17:01:34 INFO     Training average L_uncertainty at step 26700: 28.625958
2025-12-05 17:01:34 INFO     Training average L_kl at step 26700: 28506.879219
2025-12-05 17:01:34 INFO     Training average L_sigma at step 26700: 23.815396
2025-12-05 17:01:34 INFO     Training average mu_mean at step 26700: -1.108844
2025-12-05 17:01:34 INFO     Training average sigma_mean at step 26700: 0.129252
2025-12-05 17:01:34 INFO     Training average regularization at step 26700: 0.006283
2025-12-05 17:01:34 INFO     Training average loss at step 26700: 2.388676
2025-12-05 17:02:34 INFO     Training average positive_fact_loss at step 26800: 0.298978
2025-12-05 17:02:34 INFO     Training average negative_fact_loss at step 26800: 0.276718
2025-12-05 17:02:34 INFO     Training average positive_rule_loss at step 26800: 1.616609
2025-12-05 17:02:34 INFO     Training average negative_rule_loss at step 26800: 2.289035
2025-12-05 17:02:34 INFO     Training average L_uncertainty at step 26800: 28.536865
2025-12-05 17:02:34 INFO     Training average L_kl at step 26800: 28417.210957
2025-12-05 17:02:34 INFO     Training average L_sigma at step 26800: 23.930561
2025-12-05 17:02:34 INFO     Training average mu_mean at step 26800: -1.102163
2025-12-05 17:02:34 INFO     Training average sigma_mean at step 26800: 0.129260
2025-12-05 17:02:34 INFO     Training average regularization at step 26800: 0.006285
2025-12-05 17:02:34 INFO     Training average loss at step 26800: 2.389640
2025-12-05 17:03:29 INFO     Training average positive_fact_loss at step 26900: 0.298896
2025-12-05 17:03:29 INFO     Training average negative_fact_loss at step 26900: 0.277034
2025-12-05 17:03:29 INFO     Training average positive_rule_loss at step 26900: 1.618746
2025-12-05 17:03:29 INFO     Training average negative_rule_loss at step 26900: 2.285341
2025-12-05 17:03:29 INFO     Training average L_uncertainty at step 26900: 28.554096
2025-12-05 17:03:29 INFO     Training average L_kl at step 26900: 28434.742188
2025-12-05 17:03:29 INFO     Training average L_sigma at step 26900: 23.870400
2025-12-05 17:03:29 INFO     Training average mu_mean at step 26900: -1.101723
2025-12-05 17:03:29 INFO     Training average sigma_mean at step 26900: 0.129255
2025-12-05 17:03:29 INFO     Training average regularization at step 26900: 0.006286
2025-12-05 17:03:29 INFO     Training average loss at step 26900: 2.389065
2025-12-05 17:04:30 INFO     Training average positive_fact_loss at step 27000: 0.299090
2025-12-05 17:04:30 INFO     Training average negative_fact_loss at step 27000: 0.276661
2025-12-05 17:04:30 INFO     Training average positive_rule_loss at step 27000: 1.615619
2025-12-05 17:04:30 INFO     Training average negative_rule_loss at step 27000: 2.290554
2025-12-05 17:04:30 INFO     Training average L_uncertainty at step 27000: 28.494016
2025-12-05 17:04:30 INFO     Training average L_kl at step 27000: 28374.664199
2025-12-05 17:04:30 INFO     Training average L_sigma at step 27000: 23.870087
2025-12-05 17:04:30 INFO     Training average mu_mean at step 27000: -1.096375
2025-12-05 17:04:30 INFO     Training average sigma_mean at step 27000: 0.129256
2025-12-05 17:04:30 INFO     Training average regularization at step 27000: 0.006285
2025-12-05 17:04:30 INFO     Training average loss at step 27000: 2.389718
2025-12-05 17:04:30 INFO     Evaluating on Valid Dataset...
2025-12-05 17:04:30 INFO     >>>>> RuleE emb: Evaluating on valid
2025-12-05 17:04:40 INFO     Data : 4274
2025-12-05 17:04:40 INFO     Hit1 : 0.539307
2025-12-05 17:04:40 INFO     Hit3 : 0.785213
2025-12-05 17:04:40 INFO     Hit10: 0.941507
2025-12-05 17:04:40 INFO     MR   : 3.386757
2025-12-05 17:04:40 INFO     MRR  : 0.679472
2025-12-05 17:05:37 INFO     Training average positive_fact_loss at step 27100: 0.298939
2025-12-05 17:05:37 INFO     Training average negative_fact_loss at step 27100: 0.276713
2025-12-05 17:05:37 INFO     Training average positive_rule_loss at step 27100: 1.617758
2025-12-05 17:05:37 INFO     Training average negative_rule_loss at step 27100: 2.286276
2025-12-05 17:05:37 INFO     Training average L_uncertainty at step 27100: 28.486841
2025-12-05 17:05:37 INFO     Training average L_kl at step 27100: 28367.234004
2025-12-05 17:05:37 INFO     Training average L_sigma at step 27100: 23.921072
2025-12-05 17:05:37 INFO     Training average mu_mean at step 27100: -1.095595
2025-12-05 17:05:37 INFO     Training average sigma_mean at step 27100: 0.129260
2025-12-05 17:05:37 INFO     Training average regularization at step 27100: 0.006287
2025-12-05 17:05:37 INFO     Training average loss at step 27100: 2.388564
2025-12-05 17:06:39 INFO     Training average positive_fact_loss at step 27200: 0.299163
2025-12-05 17:06:39 INFO     Training average negative_fact_loss at step 27200: 0.277033
2025-12-05 17:06:39 INFO     Training average positive_rule_loss at step 27200: 1.615029
2025-12-05 17:06:39 INFO     Training average negative_rule_loss at step 27200: 2.290862
2025-12-05 17:06:39 INFO     Training average L_uncertainty at step 27200: 28.436938
2025-12-05 17:06:39 INFO     Training average L_kl at step 27200: 28317.490254
2025-12-05 17:06:39 INFO     Training average L_sigma at step 27200: 23.889324
2025-12-05 17:06:39 INFO     Training average mu_mean at step 27200: -1.091472
2025-12-05 17:06:39 INFO     Training average sigma_mean at step 27200: 0.129256
2025-12-05 17:06:39 INFO     Training average regularization at step 27200: 0.006288
2025-12-05 17:06:39 INFO     Training average loss at step 27200: 2.389516
2025-12-05 17:07:31 INFO     Training average positive_fact_loss at step 27300: 0.298856
2025-12-05 17:07:31 INFO     Training average negative_fact_loss at step 27300: 0.276770
2025-12-05 17:07:31 INFO     Training average positive_rule_loss at step 27300: 1.618594
2025-12-05 17:07:31 INFO     Training average negative_rule_loss at step 27300: 2.283724
2025-12-05 17:07:31 INFO     Training average L_uncertainty at step 27300: 28.498245
2025-12-05 17:07:31 INFO     Training average L_kl at step 27300: 28379.197637
2025-12-05 17:07:31 INFO     Training average L_sigma at step 27300: 23.809175
2025-12-05 17:07:31 INFO     Training average mu_mean at step 27300: -1.094632
2025-12-05 17:07:31 INFO     Training average sigma_mean at step 27300: 0.129252
2025-12-05 17:07:31 INFO     Training average regularization at step 27300: 0.006287
2025-12-05 17:07:31 INFO     Training average loss at step 27300: 2.387750
2025-12-05 17:08:28 INFO     Training average positive_fact_loss at step 27400: 0.298840
2025-12-05 17:08:28 INFO     Training average negative_fact_loss at step 27400: 0.276848
2025-12-05 17:08:28 INFO     Training average positive_rule_loss at step 27400: 1.618114
2025-12-05 17:08:28 INFO     Training average negative_rule_loss at step 27400: 2.286082
2025-12-05 17:08:28 INFO     Training average L_uncertainty at step 27400: 28.422577
2025-12-05 17:08:28 INFO     Training average L_kl at step 27400: 28302.962383
2025-12-05 17:08:28 INFO     Training average L_sigma at step 27400: 23.922607
2025-12-05 17:08:28 INFO     Training average mu_mean at step 27400: -1.087787
2025-12-05 17:08:28 INFO     Training average sigma_mean at step 27400: 0.129259
2025-12-05 17:08:28 INFO     Training average regularization at step 27400: 0.006291
2025-12-05 17:08:28 INFO     Training average loss at step 27400: 2.388347
2025-12-05 17:09:25 INFO     Training average positive_fact_loss at step 27500: 0.299483
2025-12-05 17:09:25 INFO     Training average negative_fact_loss at step 27500: 0.276716
2025-12-05 17:09:25 INFO     Training average positive_rule_loss at step 27500: 1.615139
2025-12-05 17:09:25 INFO     Training average negative_rule_loss at step 27500: 2.290191
2025-12-05 17:09:25 INFO     Training average L_uncertainty at step 27500: 28.389100
2025-12-05 17:09:25 INFO     Training average L_kl at step 27500: 28270.089746
2025-12-05 17:09:25 INFO     Training average L_sigma at step 27500: 23.801797
2025-12-05 17:09:25 INFO     Training average mu_mean at step 27500: -1.084492
2025-12-05 17:09:25 INFO     Training average sigma_mean at step 27500: 0.129251
2025-12-05 17:09:25 INFO     Training average regularization at step 27500: 0.006292
2025-12-05 17:09:25 INFO     Training average loss at step 27500: 2.389001
2025-12-05 17:10:26 INFO     Training average positive_fact_loss at step 27600: 0.298480
2025-12-05 17:10:26 INFO     Training average negative_fact_loss at step 27600: 0.276961
2025-12-05 17:10:26 INFO     Training average positive_rule_loss at step 27600: 1.618131
2025-12-05 17:10:26 INFO     Training average negative_rule_loss at step 27600: 2.283469
2025-12-05 17:10:26 INFO     Training average L_uncertainty at step 27600: 28.472456
2025-12-05 17:10:26 INFO     Training average L_kl at step 27600: 28353.011816
2025-12-05 17:10:26 INFO     Training average L_sigma at step 27600: 23.888671
2025-12-05 17:10:26 INFO     Training average mu_mean at step 27600: -1.089266
2025-12-05 17:10:26 INFO     Training average sigma_mean at step 27600: 0.129257
2025-12-05 17:10:26 INFO     Training average regularization at step 27600: 0.006292
2025-12-05 17:10:26 INFO     Training average loss at step 27600: 2.387174
2025-12-05 17:11:23 INFO     Training average positive_fact_loss at step 27700: 0.299006
2025-12-05 17:11:23 INFO     Training average negative_fact_loss at step 27700: 0.276663
2025-12-05 17:11:23 INFO     Training average positive_rule_loss at step 27700: 1.621880
2025-12-05 17:11:23 INFO     Training average negative_rule_loss at step 27700: 2.278312
2025-12-05 17:11:23 INFO     Training average L_uncertainty at step 27700: 28.467909
2025-12-05 17:11:23 INFO     Training average L_kl at step 27700: 28348.667539
2025-12-05 17:11:23 INFO     Training average L_sigma at step 27700: 23.847953
2025-12-05 17:11:23 INFO     Training average mu_mean at step 27700: -1.087496
2025-12-05 17:11:23 INFO     Training average sigma_mean at step 27700: 0.129255
2025-12-05 17:11:23 INFO     Training average regularization at step 27700: 0.006291
2025-12-05 17:11:23 INFO     Training average loss at step 27700: 2.386561
2025-12-05 17:12:24 INFO     Training average positive_fact_loss at step 27800: 0.299704
2025-12-05 17:12:24 INFO     Training average negative_fact_loss at step 27800: 0.276801
2025-12-05 17:12:24 INFO     Training average positive_rule_loss at step 27800: 1.619868
2025-12-05 17:12:24 INFO     Training average negative_rule_loss at step 27800: 2.281602
2025-12-05 17:12:24 INFO     Training average L_uncertainty at step 27800: 28.415280
2025-12-05 17:12:24 INFO     Training average L_kl at step 27800: 28295.911426
2025-12-05 17:12:24 INFO     Training average L_sigma at step 27800: 23.873468
2025-12-05 17:12:24 INFO     Training average mu_mean at step 27800: -1.083767
2025-12-05 17:12:24 INFO     Training average sigma_mean at step 27800: 0.129254
2025-12-05 17:12:24 INFO     Training average regularization at step 27800: 0.006290
2025-12-05 17:12:24 INFO     Training average loss at step 27800: 2.387354
2025-12-05 17:13:22 INFO     Training average positive_fact_loss at step 27900: 0.298271
2025-12-05 17:13:22 INFO     Training average negative_fact_loss at step 27900: 0.276848
2025-12-05 17:13:22 INFO     Training average positive_rule_loss at step 27900: 1.616236
2025-12-05 17:13:22 INFO     Training average negative_rule_loss at step 27900: 2.286235
2025-12-05 17:13:22 INFO     Training average L_uncertainty at step 27900: 28.380359
2025-12-05 17:13:22 INFO     Training average L_kl at step 27900: 28261.113730
2025-12-05 17:13:22 INFO     Training average L_sigma at step 27900: 23.848751
2025-12-05 17:13:22 INFO     Training average mu_mean at step 27900: -1.079551
2025-12-05 17:13:22 INFO     Training average sigma_mean at step 27900: 0.129254
2025-12-05 17:13:22 INFO     Training average regularization at step 27900: 0.006293
2025-12-05 17:13:22 INFO     Training average loss at step 27900: 2.386989
2025-12-05 17:14:14 INFO     Training average positive_fact_loss at step 28000: 0.299122
2025-12-05 17:14:14 INFO     Training average negative_fact_loss at step 28000: 0.276627
2025-12-05 17:14:14 INFO     Training average positive_rule_loss at step 28000: 1.619470
2025-12-05 17:14:14 INFO     Training average negative_rule_loss at step 28000: 2.280398
2025-12-05 17:14:14 INFO     Training average L_uncertainty at step 28000: 28.404848
2025-12-05 17:14:14 INFO     Training average L_kl at step 28000: 28285.821973
2025-12-05 17:14:14 INFO     Training average L_sigma at step 28000: 23.804844
2025-12-05 17:14:14 INFO     Training average mu_mean at step 28000: -1.079506
2025-12-05 17:14:14 INFO     Training average sigma_mean at step 28000: 0.129250
2025-12-05 17:14:14 INFO     Training average regularization at step 28000: 0.006295
2025-12-05 17:14:14 INFO     Training average loss at step 28000: 2.386128
2025-12-05 17:14:14 INFO     Evaluating on Valid Dataset...
2025-12-05 17:14:14 INFO     >>>>> RuleE emb: Evaluating on valid
2025-12-05 17:14:24 INFO     Data : 4274
2025-12-05 17:14:24 INFO     Hit1 : 0.539541
2025-12-05 17:14:24 INFO     Hit3 : 0.785915
2025-12-05 17:14:24 INFO     Hit10: 0.941975
2025-12-05 17:14:24 INFO     MR   : 3.375058
2025-12-05 17:14:24 INFO     MRR  : 0.679747
2025-12-05 17:15:21 INFO     Training average positive_fact_loss at step 28100: 0.299462
2025-12-05 17:15:21 INFO     Training average negative_fact_loss at step 28100: 0.276883
2025-12-05 17:15:21 INFO     Training average positive_rule_loss at step 28100: 1.618423
2025-12-05 17:15:21 INFO     Training average negative_rule_loss at step 28100: 2.281784
2025-12-05 17:15:21 INFO     Training average L_uncertainty at step 28100: 28.390227
2025-12-05 17:15:21 INFO     Training average L_kl at step 28100: 28270.678613
2025-12-05 17:15:21 INFO     Training average L_sigma at step 28100: 23.909368
2025-12-05 17:15:21 INFO     Training average mu_mean at step 28100: -1.077456
2025-12-05 17:15:21 INFO     Training average sigma_mean at step 28100: 0.129257
2025-12-05 17:15:21 INFO     Training average regularization at step 28100: 0.006295
2025-12-05 17:15:21 INFO     Training average loss at step 28100: 2.386521
2025-12-05 17:16:22 INFO     Training average positive_fact_loss at step 28200: 0.298755
2025-12-05 17:16:22 INFO     Training average negative_fact_loss at step 28200: 0.276775
2025-12-05 17:16:22 INFO     Training average positive_rule_loss at step 28200: 1.619814
2025-12-05 17:16:22 INFO     Training average negative_rule_loss at step 28200: 2.280149
2025-12-05 17:16:22 INFO     Training average L_uncertainty at step 28200: 28.396208
2025-12-05 17:16:22 INFO     Training average L_kl at step 28200: 28276.907305
2025-12-05 17:16:22 INFO     Training average L_sigma at step 28200: 23.859807
2025-12-05 17:16:22 INFO     Training average mu_mean at step 28200: -1.076413
2025-12-05 17:16:22 INFO     Training average sigma_mean at step 28200: 0.129255
2025-12-05 17:16:22 INFO     Training average regularization at step 28200: 0.006293
2025-12-05 17:16:22 INFO     Training average loss at step 28200: 2.386020
2025-12-05 17:17:19 INFO     Training average positive_fact_loss at step 28300: 0.299448
2025-12-05 17:17:19 INFO     Training average negative_fact_loss at step 28300: 0.276702
2025-12-05 17:17:19 INFO     Training average positive_rule_loss at step 28300: 1.616955
2025-12-05 17:17:19 INFO     Training average negative_rule_loss at step 28300: 2.283708
2025-12-05 17:17:19 INFO     Training average L_uncertainty at step 28300: 28.303703
2025-12-05 17:17:19 INFO     Training average L_kl at step 28300: 28184.279883
2025-12-05 17:17:19 INFO     Training average L_sigma at step 28300: 23.884424
2025-12-05 17:17:19 INFO     Training average mu_mean at step 28300: -1.070000
2025-12-05 17:17:19 INFO     Training average sigma_mean at step 28300: 0.129257
2025-12-05 17:17:19 INFO     Training average regularization at step 28300: 0.006294
2025-12-05 17:17:19 INFO     Training average loss at step 28300: 2.386220
2025-12-05 17:18:20 INFO     Training average positive_fact_loss at step 28400: 0.298064
2025-12-05 17:18:20 INFO     Training average negative_fact_loss at step 28400: 0.276959
2025-12-05 17:18:20 INFO     Training average positive_rule_loss at step 28400: 1.618683
2025-12-05 17:18:20 INFO     Training average negative_rule_loss at step 28400: 2.281673
2025-12-05 17:18:20 INFO     Training average L_uncertainty at step 28400: 28.351333
2025-12-05 17:18:20 INFO     Training average L_kl at step 28400: 28232.214883
2025-12-05 17:18:20 INFO     Training average L_sigma at step 28400: 23.823339
2025-12-05 17:18:20 INFO     Training average mu_mean at step 28400: -1.071984
2025-12-05 17:18:20 INFO     Training average sigma_mean at step 28400: 0.129253
2025-12-05 17:18:20 INFO     Training average regularization at step 28400: 0.006294
2025-12-05 17:18:20 INFO     Training average loss at step 28400: 2.385740
2025-12-05 17:19:17 INFO     Training average positive_fact_loss at step 28500: 0.300001
2025-12-05 17:19:17 INFO     Training average negative_fact_loss at step 28500: 0.276903
2025-12-05 17:19:17 INFO     Training average positive_rule_loss at step 28500: 1.623048
2025-12-05 17:19:17 INFO     Training average negative_rule_loss at step 28500: 2.276166
2025-12-05 17:19:17 INFO     Training average L_uncertainty at step 28500: 28.327027
2025-12-05 17:19:17 INFO     Training average L_kl at step 28500: 28207.352129
2025-12-05 17:19:17 INFO     Training average L_sigma at step 28500: 23.934666
2025-12-05 17:19:17 INFO     Training average mu_mean at step 28500: -1.070278
2025-12-05 17:19:17 INFO     Training average sigma_mean at step 28500: 0.129257
2025-12-05 17:19:17 INFO     Training average regularization at step 28500: 0.006292
2025-12-05 17:19:17 INFO     Training average loss at step 28500: 2.385987
2025-12-05 17:20:14 INFO     Training average positive_fact_loss at step 28600: 0.298531
2025-12-05 17:20:14 INFO     Training average negative_fact_loss at step 28600: 0.276894
2025-12-05 17:20:14 INFO     Training average positive_rule_loss at step 28600: 1.622113
2025-12-05 17:20:14 INFO     Training average negative_rule_loss at step 28600: 2.274261
2025-12-05 17:20:14 INFO     Training average L_uncertainty at step 28600: 28.374069
2025-12-05 17:20:14 INFO     Training average L_kl at step 28600: 28255.013457
2025-12-05 17:20:14 INFO     Training average L_sigma at step 28600: 23.810862
2025-12-05 17:20:14 INFO     Training average mu_mean at step 28600: -1.072510
2025-12-05 17:20:14 INFO     Training average sigma_mean at step 28600: 0.129252
2025-12-05 17:20:14 INFO     Training average regularization at step 28600: 0.006295
2025-12-05 17:20:14 INFO     Training average loss at step 28600: 2.384065
2025-12-05 17:21:06 INFO     Training average positive_fact_loss at step 28700: 0.299050
2025-12-05 17:21:06 INFO     Training average negative_fact_loss at step 28700: 0.276575
2025-12-05 17:21:06 INFO     Training average positive_rule_loss at step 28700: 1.621950
2025-12-05 17:21:06 INFO     Training average negative_rule_loss at step 28700: 2.273562
2025-12-05 17:21:06 INFO     Training average L_uncertainty at step 28700: 28.355719
2025-12-05 17:21:06 INFO     Training average L_kl at step 28700: 28236.715332
2025-12-05 17:21:06 INFO     Training average L_sigma at step 28700: 23.800455
2025-12-05 17:21:06 INFO     Training average mu_mean at step 28700: -1.068188
2025-12-05 17:21:06 INFO     Training average sigma_mean at step 28700: 0.129251
2025-12-05 17:21:06 INFO     Training average regularization at step 28700: 0.006296
2025-12-05 17:21:06 INFO     Training average loss at step 28700: 2.383643
2025-12-05 17:22:08 INFO     Training average positive_fact_loss at step 28800: 0.299070
2025-12-05 17:22:08 INFO     Training average negative_fact_loss at step 28800: 0.276807
2025-12-05 17:22:08 INFO     Training average positive_rule_loss at step 28800: 1.618032
2025-12-05 17:22:08 INFO     Training average negative_rule_loss at step 28800: 2.279740
2025-12-05 17:22:08 INFO     Training average L_uncertainty at step 28800: 28.291623
2025-12-05 17:22:08 INFO     Training average L_kl at step 28800: 28171.951113
2025-12-05 17:22:08 INFO     Training average L_sigma at step 28800: 23.934069
2025-12-05 17:22:08 INFO     Training average mu_mean at step 28800: -1.062305
2025-12-05 17:22:08 INFO     Training average sigma_mean at step 28800: 0.129260
2025-12-05 17:22:08 INFO     Training average regularization at step 28800: 0.006297
2025-12-05 17:22:08 INFO     Training average loss at step 28800: 2.384580
2025-12-05 17:23:05 INFO     Training average positive_fact_loss at step 28900: 0.299422
2025-12-05 17:23:05 INFO     Training average negative_fact_loss at step 28900: 0.276819
2025-12-05 17:23:05 INFO     Training average positive_rule_loss at step 28900: 1.619243
2025-12-05 17:23:05 INFO     Training average negative_rule_loss at step 28900: 2.275407
2025-12-05 17:23:05 INFO     Training average L_uncertainty at step 28900: 28.321895
2025-12-05 17:23:05 INFO     Training average L_kl at step 28900: 28202.802090
2025-12-05 17:23:05 INFO     Training average L_sigma at step 28900: 23.818294
2025-12-05 17:23:05 INFO     Training average mu_mean at step 28900: -1.061913
2025-12-05 17:23:05 INFO     Training average sigma_mean at step 28900: 0.129252
2025-12-05 17:23:05 INFO     Training average regularization at step 28900: 0.006295
2025-12-05 17:23:05 INFO     Training average loss at step 28900: 2.383350
2025-12-05 17:24:06 INFO     Training average positive_fact_loss at step 29000: 0.298858
2025-12-05 17:24:06 INFO     Training average negative_fact_loss at step 29000: 0.276998
2025-12-05 17:24:06 INFO     Training average positive_rule_loss at step 29000: 1.623734
2025-12-05 17:24:06 INFO     Training average negative_rule_loss at step 29000: 2.273283
2025-12-05 17:24:06 INFO     Training average L_uncertainty at step 29000: 28.296849
2025-12-05 17:24:06 INFO     Training average L_kl at step 29000: 28177.606738
2025-12-05 17:24:06 INFO     Training average L_sigma at step 29000: 23.848173
2025-12-05 17:24:06 INFO     Training average mu_mean at step 29000: -1.059688
2025-12-05 17:24:06 INFO     Training average sigma_mean at step 29000: 0.129256
2025-12-05 17:24:06 INFO     Training average regularization at step 29000: 0.006295
2025-12-05 17:24:06 INFO     Training average loss at step 29000: 2.384215
2025-12-05 17:24:06 INFO     Evaluating on Valid Dataset...
2025-12-05 17:24:06 INFO     >>>>> RuleE emb: Evaluating on valid
2025-12-05 17:24:17 INFO     Data : 4274
2025-12-05 17:24:17 INFO     Hit1 : 0.540945
2025-12-05 17:24:17 INFO     Hit3 : 0.786383
2025-12-05 17:24:17 INFO     Hit10: 0.942443
2025-12-05 17:24:17 INFO     MR   : 3.373187
2025-12-05 17:24:17 INFO     MRR  : 0.680779
2025-12-05 17:25:14 INFO     Training average positive_fact_loss at step 29100: 0.299196
2025-12-05 17:25:14 INFO     Training average negative_fact_loss at step 29100: 0.276805
2025-12-05 17:25:14 INFO     Training average positive_rule_loss at step 29100: 1.619579
2025-12-05 17:25:14 INFO     Training average negative_rule_loss at step 29100: 2.276175
2025-12-05 17:25:14 INFO     Training average L_uncertainty at step 29100: 28.289410
2025-12-05 17:25:14 INFO     Training average L_kl at step 29100: 28169.791152
2025-12-05 17:25:14 INFO     Training average L_sigma at step 29100: 23.923533
2025-12-05 17:25:14 INFO     Training average mu_mean at step 29100: -1.060291
2025-12-05 17:25:14 INFO     Training average sigma_mean at step 29100: 0.129259
2025-12-05 17:25:14 INFO     Training average regularization at step 29100: 0.006294
2025-12-05 17:25:14 INFO     Training average loss at step 29100: 2.383619
2025-12-05 17:26:15 INFO     Training average positive_fact_loss at step 29200: 0.298869
2025-12-05 17:26:15 INFO     Training average negative_fact_loss at step 29200: 0.276883
2025-12-05 17:26:15 INFO     Training average positive_rule_loss at step 29200: 1.615970
2025-12-05 17:26:15 INFO     Training average negative_rule_loss at step 29200: 2.282591
2025-12-05 17:26:15 INFO     Training average L_uncertainty at step 29200: 28.207478
2025-12-05 17:26:15 INFO     Training average L_kl at step 29200: 28088.148359
2025-12-05 17:26:15 INFO     Training average L_sigma at step 29200: 23.865719
2025-12-05 17:26:15 INFO     Training average mu_mean at step 29200: -1.052528
2025-12-05 17:26:15 INFO     Training average sigma_mean at step 29200: 0.129256
2025-12-05 17:26:15 INFO     Training average regularization at step 29200: 0.006298
2025-12-05 17:26:15 INFO     Training average loss at step 29200: 2.384492
2025-12-05 17:27:03 INFO     Training average positive_fact_loss at step 29300: 0.299159
2025-12-05 17:27:03 INFO     Training average negative_fact_loss at step 29300: 0.276616
2025-12-05 17:27:03 INFO     Training average positive_rule_loss at step 29300: 1.616790
2025-12-05 17:27:03 INFO     Training average negative_rule_loss at step 29300: 2.279754
2025-12-05 17:27:03 INFO     Training average L_uncertainty at step 29300: 28.235502
2025-12-05 17:27:03 INFO     Training average L_kl at step 29300: 28116.436680
2025-12-05 17:27:03 INFO     Training average L_sigma at step 29300: 23.812856
2025-12-05 17:27:03 INFO     Training average mu_mean at step 29300: -1.052288
2025-12-05 17:27:03 INFO     Training average sigma_mean at step 29300: 0.129252
2025-12-05 17:27:03 INFO     Training average regularization at step 29300: 0.006297
2025-12-05 17:27:03 INFO     Training average loss at step 29300: 2.383634
2025-12-05 17:28:03 INFO     Training average positive_fact_loss at step 29400: 0.298338
2025-12-05 17:28:03 INFO     Training average negative_fact_loss at step 29400: 0.276829
2025-12-05 17:28:03 INFO     Training average positive_rule_loss at step 29400: 1.618751
2025-12-05 17:28:03 INFO     Training average negative_rule_loss at step 29400: 2.277508
2025-12-05 17:28:03 INFO     Training average L_uncertainty at step 29400: 28.247356
2025-12-05 17:28:03 INFO     Training average L_kl at step 29400: 28127.877988
2025-12-05 17:28:03 INFO     Training average L_sigma at step 29400: 23.895277
2025-12-05 17:28:03 INFO     Training average mu_mean at step 29400: -1.051315
2025-12-05 17:28:03 INFO     Training average sigma_mean at step 29400: 0.129258
2025-12-05 17:28:03 INFO     Training average regularization at step 29400: 0.006299
2025-12-05 17:28:03 INFO     Training average loss at step 29400: 2.383249
2025-12-05 17:28:59 INFO     Training average positive_fact_loss at step 29500: 0.298914
2025-12-05 17:28:59 INFO     Training average negative_fact_loss at step 29500: 0.276533
2025-12-05 17:28:59 INFO     Training average positive_rule_loss at step 29500: 1.616185
2025-12-05 17:28:59 INFO     Training average negative_rule_loss at step 29500: 2.280226
2025-12-05 17:28:59 INFO     Training average L_uncertainty at step 29500: 28.174113
2025-12-05 17:28:59 INFO     Training average L_kl at step 29500: 28054.727832
2025-12-05 17:28:59 INFO     Training average L_sigma at step 29500: 23.876819
2025-12-05 17:28:59 INFO     Training average mu_mean at step 29500: -1.045444
2025-12-05 17:28:59 INFO     Training average sigma_mean at step 29500: 0.129257
2025-12-05 17:28:59 INFO     Training average regularization at step 29500: 0.006299
2025-12-05 17:28:59 INFO     Training average loss at step 29500: 2.383099
2025-12-05 17:29:59 INFO     Training average positive_fact_loss at step 29600: 0.298946
2025-12-05 17:29:59 INFO     Training average negative_fact_loss at step 29600: 0.276688
2025-12-05 17:29:59 INFO     Training average positive_rule_loss at step 29600: 1.621240
2025-12-05 17:29:59 INFO     Training average negative_rule_loss at step 29600: 2.273814
2025-12-05 17:29:59 INFO     Training average L_uncertainty at step 29600: 28.258809
2025-12-05 17:29:59 INFO     Training average L_kl at step 29600: 28139.718164
2025-12-05 17:29:59 INFO     Training average L_sigma at step 29600: 23.817938
2025-12-05 17:29:59 INFO     Training average mu_mean at step 29600: -1.050954
2025-12-05 17:29:59 INFO     Training average sigma_mean at step 29600: 0.129252
2025-12-05 17:29:59 INFO     Training average regularization at step 29600: 0.006299
2025-12-05 17:29:59 INFO     Training average loss at step 29600: 2.382938
2025-12-05 17:30:55 INFO     Training average positive_fact_loss at step 29700: 0.298783
2025-12-05 17:30:55 INFO     Training average negative_fact_loss at step 29700: 0.276832
2025-12-05 17:30:55 INFO     Training average positive_rule_loss at step 29700: 1.619637
2025-12-05 17:30:55 INFO     Training average negative_rule_loss at step 29700: 2.273621
2025-12-05 17:30:55 INFO     Training average L_uncertainty at step 29700: 28.187798
2025-12-05 17:30:55 INFO     Training average L_kl at step 29700: 28068.477949
2025-12-05 17:30:55 INFO     Training average L_sigma at step 29700: 23.863706
2025-12-05 17:30:55 INFO     Training average mu_mean at step 29700: -1.044953
2025-12-05 17:30:55 INFO     Training average sigma_mean at step 29700: 0.129256
2025-12-05 17:30:55 INFO     Training average regularization at step 29700: 0.006299
2025-12-05 17:30:55 INFO     Training average loss at step 29700: 2.381674
2025-12-05 17:31:55 INFO     Training average positive_fact_loss at step 29800: 0.299852
2025-12-05 17:31:55 INFO     Training average negative_fact_loss at step 29800: 0.276816
2025-12-05 17:31:55 INFO     Training average positive_rule_loss at step 29800: 1.618311
2025-12-05 17:31:55 INFO     Training average negative_rule_loss at step 29800: 2.276576
2025-12-05 17:31:55 INFO     Training average L_uncertainty at step 29800: 28.182784
2025-12-05 17:31:55 INFO     Training average L_kl at step 29800: 28063.402187
2025-12-05 17:31:55 INFO     Training average L_sigma at step 29800: 23.876108
2025-12-05 17:31:55 INFO     Training average mu_mean at step 29800: -1.042435
2025-12-05 17:31:55 INFO     Training average sigma_mean at step 29800: 0.129256
2025-12-05 17:31:55 INFO     Training average regularization at step 29800: 0.006301
2025-12-05 17:31:55 INFO     Training average loss at step 29800: 2.382992
2025-12-05 17:32:46 INFO     Training average positive_fact_loss at step 29900: 0.298552
2025-12-05 17:32:46 INFO     Training average negative_fact_loss at step 29900: 0.277055
2025-12-05 17:32:46 INFO     Training average positive_rule_loss at step 29900: 1.620537
2025-12-05 17:32:46 INFO     Training average negative_rule_loss at step 29900: 2.271816
2025-12-05 17:32:46 INFO     Training average L_uncertainty at step 29900: 28.224971
2025-12-05 17:32:46 INFO     Training average L_kl at step 29900: 28105.644785
2025-12-05 17:32:46 INFO     Training average L_sigma at step 29900: 23.864929
2025-12-05 17:32:46 INFO     Training average mu_mean at step 29900: -1.044672
2025-12-05 17:32:46 INFO     Training average sigma_mean at step 29900: 0.129256
2025-12-05 17:32:46 INFO     Training average regularization at step 29900: 0.006301
2025-12-05 17:32:46 INFO     Training average loss at step 29900: 2.381406
2025-12-05 17:33:42 INFO     Training average positive_fact_loss at step 30000: 0.299448
2025-12-05 17:33:42 INFO     Training average negative_fact_loss at step 30000: 0.276762
2025-12-05 17:33:42 INFO     Training average positive_rule_loss at step 30000: 1.619995
2025-12-05 17:33:42 INFO     Training average negative_rule_loss at step 30000: 2.270359
2025-12-05 17:33:42 INFO     Training average L_uncertainty at step 30000: 28.221029
2025-12-05 17:33:42 INFO     Training average L_kl at step 30000: 28101.866855
2025-12-05 17:33:42 INFO     Training average L_sigma at step 30000: 23.832161
2025-12-05 17:33:42 INFO     Training average mu_mean at step 30000: -1.042227
2025-12-05 17:33:42 INFO     Training average sigma_mean at step 30000: 0.129254
2025-12-05 17:33:42 INFO     Training average regularization at step 30000: 0.006301
2025-12-05 17:33:42 INFO     Training average loss at step 30000: 2.380688
2025-12-05 17:33:42 INFO     Evaluating on Valid Dataset...
2025-12-05 17:33:42 INFO     >>>>> RuleE emb: Evaluating on valid
2025-12-05 17:33:52 INFO     Data : 4274
2025-12-05 17:33:52 INFO     Hit1 : 0.539307
2025-12-05 17:33:52 INFO     Hit3 : 0.786149
2025-12-05 17:33:52 INFO     Hit10: 0.941507
2025-12-05 17:33:52 INFO     MR   : 3.374123
2025-12-05 17:33:52 INFO     MRR  : 0.679920
2025-12-05 17:34:48 INFO     Training average positive_fact_loss at step 30100: 0.298805
2025-12-05 17:34:48 INFO     Training average negative_fact_loss at step 30100: 0.276863
2025-12-05 17:34:48 INFO     Training average positive_rule_loss at step 30100: 1.618864
2025-12-05 17:34:48 INFO     Training average negative_rule_loss at step 30100: 2.273822
2025-12-05 17:34:48 INFO     Training average L_uncertainty at step 30100: 28.175130
2025-12-05 17:34:48 INFO     Training average L_kl at step 30100: 28055.512344
2025-12-05 17:34:48 INFO     Training average L_sigma at step 30100: 23.923187
2025-12-05 17:34:48 INFO     Training average mu_mean at step 30100: -1.037119
2025-12-05 17:34:48 INFO     Training average sigma_mean at step 30100: 0.129259
2025-12-05 17:34:48 INFO     Training average regularization at step 30100: 0.006301
2025-12-05 17:34:48 INFO     Training average loss at step 30100: 2.381354
2025-12-05 17:35:48 INFO     Training average positive_fact_loss at step 30200: 0.299462
2025-12-05 17:35:48 INFO     Training average negative_fact_loss at step 30200: 0.276746
2025-12-05 17:35:48 INFO     Training average positive_rule_loss at step 30200: 1.620298
2025-12-05 17:35:48 INFO     Training average negative_rule_loss at step 30200: 2.270166
2025-12-05 17:35:48 INFO     Training average L_uncertainty at step 30200: 28.151848
2025-12-05 17:35:48 INFO     Training average L_kl at step 30200: 28032.585488
2025-12-05 17:35:48 INFO     Training average L_sigma at step 30200: 23.852179
2025-12-05 17:35:48 INFO     Training average mu_mean at step 30200: -1.035446
2025-12-05 17:35:48 INFO     Training average sigma_mean at step 30200: 0.129255
2025-12-05 17:35:48 INFO     Training average regularization at step 30200: 0.006299
2025-12-05 17:35:48 INFO     Training average loss at step 30200: 2.380395
2025-12-05 17:36:44 INFO     Training average positive_fact_loss at step 30300: 0.298772
2025-12-05 17:36:44 INFO     Training average negative_fact_loss at step 30300: 0.276921
2025-12-05 17:36:44 INFO     Training average positive_rule_loss at step 30300: 1.617198
2025-12-05 17:36:44 INFO     Training average negative_rule_loss at step 30300: 2.275391
2025-12-05 17:36:44 INFO     Training average L_uncertainty at step 30300: 28.109755
2025-12-05 17:36:44 INFO     Training average L_kl at step 30300: 27990.225625
2025-12-05 17:36:44 INFO     Training average L_sigma at step 30300: 23.905631
2025-12-05 17:36:44 INFO     Training average mu_mean at step 30300: -1.029413
2025-12-05 17:36:44 INFO     Training average sigma_mean at step 30300: 0.129259
2025-12-05 17:36:44 INFO     Training average regularization at step 30300: 0.006298
2025-12-05 17:36:44 INFO     Training average loss at step 30300: 2.380987
2025-12-05 17:37:44 INFO     Training average positive_fact_loss at step 30400: 0.299699
2025-12-05 17:37:44 INFO     Training average negative_fact_loss at step 30400: 0.276765
2025-12-05 17:37:44 INFO     Training average positive_rule_loss at step 30400: 1.621732
2025-12-05 17:37:44 INFO     Training average negative_rule_loss at step 30400: 2.267329
2025-12-05 17:37:44 INFO     Training average L_uncertainty at step 30400: 28.211113
2025-12-05 17:37:44 INFO     Training average L_kl at step 30400: 28091.823828
2025-12-05 17:37:44 INFO     Training average L_sigma at step 30400: 23.857581
2025-12-05 17:37:44 INFO     Training average mu_mean at step 30400: -1.036253
2025-12-05 17:37:44 INFO     Training average sigma_mean at step 30400: 0.129255
2025-12-05 17:37:44 INFO     Training average regularization at step 30400: 0.006299
2025-12-05 17:37:44 INFO     Training average loss at step 30400: 2.380117
2025-12-05 17:38:40 INFO     Training average positive_fact_loss at step 30500: 0.298969
2025-12-05 17:38:40 INFO     Training average negative_fact_loss at step 30500: 0.276704
2025-12-05 17:38:40 INFO     Training average positive_rule_loss at step 30500: 1.616708
2025-12-05 17:38:40 INFO     Training average negative_rule_loss at step 30500: 2.275829
2025-12-05 17:38:40 INFO     Training average L_uncertainty at step 30500: 28.104156
2025-12-05 17:38:40 INFO     Training average L_kl at step 30500: 27984.654023
2025-12-05 17:38:40 INFO     Training average L_sigma at step 30500: 23.900055
2025-12-05 17:38:40 INFO     Training average mu_mean at step 30500: -1.026955
2025-12-05 17:38:40 INFO     Training average sigma_mean at step 30500: 0.129257
2025-12-05 17:38:40 INFO     Training average regularization at step 30500: 0.006297
2025-12-05 17:38:40 INFO     Training average loss at step 30500: 2.380923
2025-12-05 17:39:32 INFO     Training average positive_fact_loss at step 30600: 0.298801
2025-12-05 17:39:32 INFO     Training average negative_fact_loss at step 30600: 0.276872
2025-12-05 17:39:32 INFO     Training average positive_rule_loss at step 30600: 1.619520
2025-12-05 17:39:32 INFO     Training average negative_rule_loss at step 30600: 2.273308
2025-12-05 17:39:32 INFO     Training average L_uncertainty at step 30600: 28.079384
2025-12-05 17:39:32 INFO     Training average L_kl at step 30600: 27960.324824
2025-12-05 17:39:32 INFO     Training average L_sigma at step 30600: 23.811652
2025-12-05 17:39:32 INFO     Training average mu_mean at step 30600: -1.025774
2025-12-05 17:39:32 INFO     Training average sigma_mean at step 30600: 0.129252
2025-12-05 17:39:32 INFO     Training average regularization at step 30600: 0.006299
2025-12-05 17:39:32 INFO     Training average loss at step 30600: 2.380946
2025-12-05 17:40:27 INFO     Training average positive_fact_loss at step 30700: 0.298843
2025-12-05 17:40:27 INFO     Training average negative_fact_loss at step 30700: 0.276831
2025-12-05 17:40:27 INFO     Training average positive_rule_loss at step 30700: 1.621005
2025-12-05 17:40:27 INFO     Training average negative_rule_loss at step 30700: 2.268575
2025-12-05 17:40:27 INFO     Training average L_uncertainty at step 30700: 28.143727
2025-12-05 17:40:27 INFO     Training average L_kl at step 30700: 28024.269043
2025-12-05 17:40:27 INFO     Training average L_sigma at step 30700: 23.891319
2025-12-05 17:40:27 INFO     Training average mu_mean at step 30700: -1.029130
2025-12-05 17:40:27 INFO     Training average sigma_mean at step 30700: 0.129256
2025-12-05 17:40:27 INFO     Training average regularization at step 30700: 0.006300
2025-12-05 17:40:27 INFO     Training average loss at step 30700: 2.379646
2025-12-05 17:41:27 INFO     Training average positive_fact_loss at step 30800: 0.298744
2025-12-05 17:41:27 INFO     Training average negative_fact_loss at step 30800: 0.276776
2025-12-05 17:41:27 INFO     Training average positive_rule_loss at step 30800: 1.618977
2025-12-05 17:41:27 INFO     Training average negative_rule_loss at step 30800: 2.268636
2025-12-05 17:41:27 INFO     Training average L_uncertainty at step 30800: 28.082619
2025-12-05 17:41:27 INFO     Training average L_kl at step 30800: 27963.324746
2025-12-05 17:41:27 INFO     Training average L_sigma at step 30800: 23.858571
2025-12-05 17:41:27 INFO     Training average mu_mean at step 30800: -1.020900
2025-12-05 17:41:27 INFO     Training average sigma_mean at step 30800: 0.129255
2025-12-05 17:41:27 INFO     Training average regularization at step 30800: 0.006300
2025-12-05 17:41:27 INFO     Training average loss at step 30800: 2.378280
2025-12-05 17:42:24 INFO     Training average positive_fact_loss at step 30900: 0.298807
2025-12-05 17:42:24 INFO     Training average negative_fact_loss at step 30900: 0.276696
2025-12-05 17:42:24 INFO     Training average positive_rule_loss at step 30900: 1.622652
2025-12-05 17:42:24 INFO     Training average negative_rule_loss at step 30900: 2.266449
2025-12-05 17:42:24 INFO     Training average L_uncertainty at step 30900: 28.117861
2025-12-05 17:42:24 INFO     Training average L_kl at step 30900: 27997.889727
2025-12-05 17:42:24 INFO     Training average L_sigma at step 30900: 23.994110
2025-12-05 17:42:24 INFO     Training average mu_mean at step 30900: -1.023657
2025-12-05 17:42:24 INFO     Training average sigma_mean at step 30900: 0.129261
2025-12-05 17:42:24 INFO     Training average regularization at step 30900: 0.006302
2025-12-05 17:42:24 INFO     Training average loss at step 30900: 2.379193
2025-12-05 17:43:25 INFO     Training average positive_fact_loss at step 31000: 0.299446
2025-12-05 17:43:25 INFO     Training average negative_fact_loss at step 31000: 0.276709
2025-12-05 17:43:25 INFO     Training average positive_rule_loss at step 31000: 1.620033
2025-12-05 17:43:25 INFO     Training average negative_rule_loss at step 31000: 2.267539
2025-12-05 17:43:25 INFO     Training average L_uncertainty at step 31000: 28.080762
2025-12-05 17:43:25 INFO     Training average L_kl at step 31000: 27961.399941
2025-12-05 17:43:25 INFO     Training average L_sigma at step 31000: 23.872203
2025-12-05 17:43:25 INFO     Training average mu_mean at step 31000: -1.019298
2025-12-05 17:43:25 INFO     Training average sigma_mean at step 31000: 0.129257
2025-12-05 17:43:25 INFO     Training average regularization at step 31000: 0.006302
2025-12-05 17:43:25 INFO     Training average loss at step 31000: 2.378569
2025-12-05 17:43:25 INFO     Evaluating on Valid Dataset...
2025-12-05 17:43:25 INFO     >>>>> RuleE emb: Evaluating on valid
2025-12-05 17:43:35 INFO     Data : 4274
2025-12-05 17:43:35 INFO     Hit1 : 0.541881
2025-12-05 17:43:35 INFO     Hit3 : 0.783341
2025-12-05 17:43:35 INFO     Hit10: 0.941741
2025-12-05 17:43:35 INFO     MR   : 3.375760
2025-12-05 17:43:35 INFO     MRR  : 0.681179
2025-12-05 17:44:31 INFO     Training average positive_fact_loss at step 31100: 0.299168
2025-12-05 17:44:31 INFO     Training average negative_fact_loss at step 31100: 0.276998
2025-12-05 17:44:31 INFO     Training average positive_rule_loss at step 31100: 1.619798
2025-12-05 17:44:31 INFO     Training average negative_rule_loss at step 31100: 2.267452
2025-12-05 17:44:31 INFO     Training average L_uncertainty at step 31100: 28.084225
2025-12-05 17:44:31 INFO     Training average L_kl at step 31100: 27965.020176
2025-12-05 17:44:31 INFO     Training average L_sigma at step 31100: 23.840722
2025-12-05 17:44:31 INFO     Training average mu_mean at step 31100: -1.018078
2025-12-05 17:44:31 INFO     Training average sigma_mean at step 31100: 0.129255
2025-12-05 17:44:31 INFO     Training average regularization at step 31100: 0.006302
2025-12-05 17:44:31 INFO     Training average loss at step 31100: 2.378432
2025-12-05 17:45:26 INFO     Training average positive_fact_loss at step 31200: 0.298653
2025-12-05 17:45:26 INFO     Training average negative_fact_loss at step 31200: 0.276677
2025-12-05 17:45:26 INFO     Training average positive_rule_loss at step 31200: 1.616755
2025-12-05 17:45:26 INFO     Training average negative_rule_loss at step 31200: 2.271608
2025-12-05 17:45:26 INFO     Training average L_uncertainty at step 31200: 28.037269
2025-12-05 17:45:26 INFO     Training average L_kl at step 31200: 27917.867344
2025-12-05 17:45:26 INFO     Training average L_sigma at step 31200: 23.880033
2025-12-05 17:45:26 INFO     Training average mu_mean at step 31200: -1.012940
2025-12-05 17:45:26 INFO     Training average sigma_mean at step 31200: 0.129257
2025-12-05 17:45:26 INFO     Training average regularization at step 31200: 0.006303
2025-12-05 17:45:26 INFO     Training average loss at step 31200: 2.378336
2025-12-05 17:46:17 INFO     Training average positive_fact_loss at step 31300: 0.299348
2025-12-05 17:46:17 INFO     Training average negative_fact_loss at step 31300: 0.276772
2025-12-05 17:46:17 INFO     Training average positive_rule_loss at step 31300: 1.623999
2025-12-05 17:46:17 INFO     Training average negative_rule_loss at step 31300: 2.261422
2025-12-05 17:46:17 INFO     Training average L_uncertainty at step 31300: 28.133814
2025-12-05 17:46:17 INFO     Training average L_kl at step 31300: 28014.306133
2025-12-05 17:46:17 INFO     Training average L_sigma at step 31300: 23.901354
2025-12-05 17:46:17 INFO     Training average mu_mean at step 31300: -1.017667
2025-12-05 17:46:17 INFO     Training average sigma_mean at step 31300: 0.129257
2025-12-05 17:46:17 INFO     Training average regularization at step 31300: 0.006303
2025-12-05 17:46:17 INFO     Training average loss at step 31300: 2.377743
2025-12-05 17:47:18 INFO     Training average positive_fact_loss at step 31400: 0.298782
2025-12-05 17:47:18 INFO     Training average negative_fact_loss at step 31400: 0.276865
2025-12-05 17:47:18 INFO     Training average positive_rule_loss at step 31400: 1.616833
2025-12-05 17:47:18 INFO     Training average negative_rule_loss at step 31400: 2.270806
2025-12-05 17:47:18 INFO     Training average L_uncertainty at step 31400: 28.019407
2025-12-05 17:47:18 INFO     Training average L_kl at step 31400: 27900.105762
2025-12-05 17:47:18 INFO     Training average L_sigma at step 31400: 23.859871
2025-12-05 17:47:18 INFO     Training average mu_mean at step 31400: -1.009008
2025-12-05 17:47:18 INFO     Training average sigma_mean at step 31400: 0.129256
2025-12-05 17:47:18 INFO     Training average regularization at step 31400: 0.006303
2025-12-05 17:47:18 INFO     Training average loss at step 31400: 2.378043
2025-12-05 17:48:14 INFO     Training average positive_fact_loss at step 31500: 0.299130
2025-12-05 17:48:14 INFO     Training average negative_fact_loss at step 31500: 0.276830
2025-12-05 17:48:14 INFO     Training average positive_rule_loss at step 31500: 1.622301
2025-12-05 17:48:14 INFO     Training average negative_rule_loss at step 31500: 2.263673
2025-12-05 17:48:14 INFO     Training average L_uncertainty at step 31500: 28.076003
2025-12-05 17:48:14 INFO     Training average L_kl at step 31500: 27956.809082
2025-12-05 17:48:14 INFO     Training average L_sigma at step 31500: 23.838529
2025-12-05 17:48:14 INFO     Training average mu_mean at step 31500: -1.011915
2025-12-05 17:48:14 INFO     Training average sigma_mean at step 31500: 0.129254
2025-12-05 17:48:14 INFO     Training average regularization at step 31500: 0.006303
2025-12-05 17:48:14 INFO     Training average loss at step 31500: 2.377650
2025-12-05 17:49:15 INFO     Training average positive_fact_loss at step 31600: 0.299198
2025-12-05 17:49:15 INFO     Training average negative_fact_loss at step 31600: 0.276826
2025-12-05 17:49:15 INFO     Training average positive_rule_loss at step 31600: 1.621075
2025-12-05 17:49:15 INFO     Training average negative_rule_loss at step 31600: 2.264626
2025-12-05 17:49:15 INFO     Training average L_uncertainty at step 31600: 28.071997
2025-12-05 17:49:15 INFO     Training average L_kl at step 31600: 27952.267832
2025-12-05 17:49:15 INFO     Training average L_sigma at step 31600: 23.945618
2025-12-05 17:49:15 INFO     Training average mu_mean at step 31600: -1.009898
2025-12-05 17:49:15 INFO     Training average sigma_mean at step 31600: 0.129261
2025-12-05 17:49:15 INFO     Training average regularization at step 31600: 0.006304
2025-12-05 17:49:15 INFO     Training average loss at step 31600: 2.377526
2025-12-05 17:50:10 INFO     Training average positive_fact_loss at step 31700: 0.298483
2025-12-05 17:50:10 INFO     Training average negative_fact_loss at step 31700: 0.276825
2025-12-05 17:50:10 INFO     Training average positive_rule_loss at step 31700: 1.618468
2025-12-05 17:50:10 INFO     Training average negative_rule_loss at step 31700: 2.266622
2025-12-05 17:50:10 INFO     Training average L_uncertainty at step 31700: 27.999398
2025-12-05 17:50:10 INFO     Training average L_kl at step 31700: 27880.045410
2025-12-05 17:50:10 INFO     Training average L_sigma at step 31700: 23.870219
2025-12-05 17:50:10 INFO     Training average mu_mean at step 31700: -1.003602
2025-12-05 17:50:10 INFO     Training average sigma_mean at step 31700: 0.129256
2025-12-05 17:50:10 INFO     Training average regularization at step 31700: 0.006303
2025-12-05 17:50:10 INFO     Training average loss at step 31700: 2.376499
2025-12-05 17:51:10 INFO     Training average positive_fact_loss at step 31800: 0.298728
2025-12-05 17:51:10 INFO     Training average negative_fact_loss at step 31800: 0.276679
2025-12-05 17:51:10 INFO     Training average positive_rule_loss at step 31800: 1.624531
2025-12-05 17:51:10 INFO     Training average negative_rule_loss at step 31800: 2.258559
2025-12-05 17:51:10 INFO     Training average L_uncertainty at step 31800: 28.045175
2025-12-05 17:51:10 INFO     Training average L_kl at step 31800: 27925.613965
2025-12-05 17:51:10 INFO     Training average L_sigma at step 31800: 23.911994
2025-12-05 17:51:10 INFO     Training average mu_mean at step 31800: -1.005081
2025-12-05 17:51:10 INFO     Training average sigma_mean at step 31800: 0.129258
2025-12-05 17:51:10 INFO     Training average regularization at step 31800: 0.006305
2025-12-05 17:51:10 INFO     Training average loss at step 31800: 2.375779
2025-12-05 17:51:57 INFO     Training average positive_fact_loss at step 31900: 0.299433
2025-12-05 17:51:57 INFO     Training average negative_fact_loss at step 31900: 0.276741
2025-12-05 17:51:57 INFO     Training average positive_rule_loss at step 31900: 1.620874
2025-12-05 17:51:57 INFO     Training average negative_rule_loss at step 31900: 2.263205
2025-12-05 17:51:57 INFO     Training average L_uncertainty at step 31900: 28.046289
2025-12-05 17:51:57 INFO     Training average L_kl at step 31900: 27927.290332
2025-12-05 17:51:57 INFO     Training average L_sigma at step 31900: 23.799466
2025-12-05 17:51:57 INFO     Training average mu_mean at step 31900: -1.004184
2025-12-05 17:51:57 INFO     Training average sigma_mean at step 31900: 0.129251
2025-12-05 17:51:57 INFO     Training average regularization at step 31900: 0.006305
2025-12-05 17:51:57 INFO     Training average loss at step 31900: 2.376664
2025-12-05 17:52:57 INFO     Training average positive_fact_loss at step 32000: 0.298833
2025-12-05 17:52:57 INFO     Training average negative_fact_loss at step 32000: 0.276573
2025-12-05 17:52:57 INFO     Training average positive_rule_loss at step 32000: 1.621390
2025-12-05 17:52:57 INFO     Training average negative_rule_loss at step 32000: 2.262691
2025-12-05 17:52:57 INFO     Training average L_uncertainty at step 32000: 28.036036
2025-12-05 17:52:57 INFO     Training average L_kl at step 32000: 27916.637715
2025-12-05 17:52:57 INFO     Training average L_sigma at step 32000: 23.879342
2025-12-05 17:52:57 INFO     Training average mu_mean at step 32000: -1.001864
2025-12-05 17:52:57 INFO     Training average sigma_mean at step 32000: 0.129256
2025-12-05 17:52:57 INFO     Training average regularization at step 32000: 0.006304
2025-12-05 17:52:57 INFO     Training average loss at step 32000: 2.376228
2025-12-05 17:52:57 INFO     Evaluating on Valid Dataset...
2025-12-05 17:52:57 INFO     >>>>> RuleE emb: Evaluating on valid
2025-12-05 17:53:07 INFO     Data : 4274
2025-12-05 17:53:07 INFO     Hit1 : 0.541647
2025-12-05 17:53:07 INFO     Hit3 : 0.786149
2025-12-05 17:53:07 INFO     Hit10: 0.941039
2025-12-05 17:53:07 INFO     MR   : 3.373889
2025-12-05 17:53:07 INFO     MRR  : 0.681334
2025-12-05 17:54:03 INFO     Training average positive_fact_loss at step 32100: 0.298914
2025-12-05 17:54:03 INFO     Training average negative_fact_loss at step 32100: 0.277007
2025-12-05 17:54:03 INFO     Training average positive_rule_loss at step 32100: 1.621737
2025-12-05 17:54:03 INFO     Training average negative_rule_loss at step 32100: 2.259164
2025-12-05 17:54:03 INFO     Training average L_uncertainty at step 32100: 28.039112
2025-12-05 17:54:03 INFO     Training average L_kl at step 32100: 27919.787812
2025-12-05 17:54:03 INFO     Training average L_sigma at step 32100: 23.864524
2025-12-05 17:54:03 INFO     Training average mu_mean at step 32100: -0.999389
2025-12-05 17:54:03 INFO     Training average sigma_mean at step 32100: 0.129256
2025-12-05 17:54:03 INFO     Training average regularization at step 32100: 0.006306
2025-12-05 17:54:03 INFO     Training average loss at step 32100: 2.374912
2025-12-05 17:55:04 INFO     Training average positive_fact_loss at step 32200: 0.299144
2025-12-05 17:55:04 INFO     Training average negative_fact_loss at step 32200: 0.276567
2025-12-05 17:55:04 INFO     Training average positive_rule_loss at step 32200: 1.617818
2025-12-05 17:55:04 INFO     Training average negative_rule_loss at step 32200: 2.266859
2025-12-05 17:55:04 INFO     Training average L_uncertainty at step 32200: 27.963822
2025-12-05 17:55:04 INFO     Training average L_kl at step 32200: 27844.703379
2025-12-05 17:55:04 INFO     Training average L_sigma at step 32200: 23.823424
2025-12-05 17:55:04 INFO     Training average mu_mean at step 32200: -0.993016
2025-12-05 17:55:04 INFO     Training average sigma_mean at step 32200: 0.129253
2025-12-05 17:55:04 INFO     Training average regularization at step 32200: 0.006304
2025-12-05 17:55:04 INFO     Training average loss at step 32200: 2.376317
2025-12-05 17:55:59 INFO     Training average positive_fact_loss at step 32300: 0.299063
2025-12-05 17:55:59 INFO     Training average negative_fact_loss at step 32300: 0.276957
2025-12-05 17:55:59 INFO     Training average positive_rule_loss at step 32300: 1.620662
2025-12-05 17:55:59 INFO     Training average negative_rule_loss at step 32300: 2.262233
2025-12-05 17:55:59 INFO     Training average L_uncertainty at step 32300: 27.986616
2025-12-05 17:55:59 INFO     Training average L_kl at step 32300: 27867.229727
2025-12-05 17:55:59 INFO     Training average L_sigma at step 32300: 23.876882
2025-12-05 17:55:59 INFO     Training average mu_mean at step 32300: -0.993363
2025-12-05 17:55:59 INFO     Training average sigma_mean at step 32300: 0.129256
2025-12-05 17:55:59 INFO     Training average regularization at step 32300: 0.006304
2025-12-05 17:55:59 INFO     Training average loss at step 32300: 2.375695
2025-12-05 17:56:59 INFO     Training average positive_fact_loss at step 32400: 0.299334
2025-12-05 17:56:59 INFO     Training average negative_fact_loss at step 32400: 0.276480
2025-12-05 17:56:59 INFO     Training average positive_rule_loss at step 32400: 1.617394
2025-12-05 17:56:59 INFO     Training average negative_rule_loss at step 32400: 2.265647
2025-12-05 17:56:59 INFO     Training average L_uncertainty at step 32400: 27.931927
2025-12-05 17:56:59 INFO     Training average L_kl at step 32400: 27812.431758
2025-12-05 17:56:59 INFO     Training average L_sigma at step 32400: 23.898749
2025-12-05 17:56:59 INFO     Training average mu_mean at step 32400: -0.988311
2025-12-05 17:56:59 INFO     Training average sigma_mean at step 32400: 0.129258
2025-12-05 17:56:59 INFO     Training average regularization at step 32400: 0.006305
2025-12-05 17:56:59 INFO     Training average loss at step 32400: 2.375392
2025-12-05 17:57:50 INFO     Training average positive_fact_loss at step 32500: 0.298664
2025-12-05 17:57:50 INFO     Training average negative_fact_loss at step 32500: 0.276911
2025-12-05 17:57:50 INFO     Training average positive_rule_loss at step 32500: 1.621229
2025-12-05 17:57:50 INFO     Training average negative_rule_loss at step 32500: 2.258567
2025-12-05 17:57:50 INFO     Training average L_uncertainty at step 32500: 27.996616
2025-12-05 17:57:50 INFO     Training average L_kl at step 32500: 27877.238574
2025-12-05 17:57:50 INFO     Training average L_sigma at step 32500: 23.875238
2025-12-05 17:57:50 INFO     Training average mu_mean at step 32500: -0.990763
2025-12-05 17:57:50 INFO     Training average sigma_mean at step 32500: 0.129256
2025-12-05 17:57:50 INFO     Training average regularization at step 32500: 0.006306
2025-12-05 17:57:50 INFO     Training average loss at step 32500: 2.373974
2025-12-05 17:58:46 INFO     Training average positive_fact_loss at step 32600: 0.298842
2025-12-05 17:58:46 INFO     Training average negative_fact_loss at step 32600: 0.276776
2025-12-05 17:58:46 INFO     Training average positive_rule_loss at step 32600: 1.620881
2025-12-05 17:58:46 INFO     Training average negative_rule_loss at step 32600: 2.259718
2025-12-05 17:58:46 INFO     Training average L_uncertainty at step 32600: 27.985088
2025-12-05 17:58:46 INFO     Training average L_kl at step 32600: 27865.446934
2025-12-05 17:58:46 INFO     Training average L_sigma at step 32600: 23.928020
2025-12-05 17:58:46 INFO     Training average mu_mean at step 32600: -0.988480
2025-12-05 17:58:46 INFO     Training average sigma_mean at step 32600: 0.129260
2025-12-05 17:58:46 INFO     Training average regularization at step 32600: 0.006307
2025-12-05 17:58:46 INFO     Training average loss at step 32600: 2.374341
2025-12-05 17:59:42 INFO     Training average positive_fact_loss at step 32700: 0.299351
2025-12-05 17:59:42 INFO     Training average negative_fact_loss at step 32700: 0.276688
2025-12-05 17:59:42 INFO     Training average positive_rule_loss at step 32700: 1.619421
2025-12-05 17:59:42 INFO     Training average negative_rule_loss at step 32700: 2.262359
2025-12-05 17:59:42 INFO     Training average L_uncertainty at step 32700: 27.938858
2025-12-05 17:59:42 INFO     Training average L_kl at step 32700: 27819.521367
2025-12-05 17:59:42 INFO     Training average L_sigma at step 32700: 23.867084
2025-12-05 17:59:42 INFO     Training average mu_mean at step 32700: -0.983585
2025-12-05 17:59:42 INFO     Training average sigma_mean at step 32700: 0.129254
2025-12-05 17:59:42 INFO     Training average regularization at step 32700: 0.006308
2025-12-05 17:59:42 INFO     Training average loss at step 32700: 2.374912
2025-12-05 18:00:42 INFO     Training average positive_fact_loss at step 32800: 0.298799
2025-12-05 18:00:42 INFO     Training average negative_fact_loss at step 32800: 0.276829
2025-12-05 18:00:42 INFO     Training average positive_rule_loss at step 32800: 1.628864
2025-12-05 18:00:42 INFO     Training average negative_rule_loss at step 32800: 2.249151
2025-12-05 18:00:42 INFO     Training average L_uncertainty at step 32800: 27.988529
2025-12-05 18:00:42 INFO     Training average L_kl at step 32800: 27869.112187
2025-12-05 18:00:42 INFO     Training average L_sigma at step 32800: 23.883114
2025-12-05 18:00:42 INFO     Training average mu_mean at step 32800: -0.985712
2025-12-05 18:00:42 INFO     Training average sigma_mean at step 32800: 0.129257
2025-12-05 18:00:42 INFO     Training average regularization at step 32800: 0.006305
2025-12-05 18:00:42 INFO     Training average loss at step 32800: 2.373069
2025-12-05 18:01:37 INFO     Training average positive_fact_loss at step 32900: 0.299039
2025-12-05 18:01:37 INFO     Training average negative_fact_loss at step 32900: 0.276562
2025-12-05 18:01:37 INFO     Training average positive_rule_loss at step 32900: 1.622789
2025-12-05 18:01:37 INFO     Training average negative_rule_loss at step 32900: 2.255361
2025-12-05 18:01:37 INFO     Training average L_uncertainty at step 32900: 27.980940
2025-12-05 18:01:37 INFO     Training average L_kl at step 32900: 27861.751660
2025-12-05 18:01:37 INFO     Training average L_sigma at step 32900: 23.837421
2025-12-05 18:01:37 INFO     Training average mu_mean at step 32900: -0.986453
2025-12-05 18:01:37 INFO     Training average sigma_mean at step 32900: 0.129254
2025-12-05 18:01:37 INFO     Training average regularization at step 32900: 0.006303
2025-12-05 18:01:37 INFO     Training average loss at step 32900: 2.373083
2025-12-05 18:02:37 INFO     Training average positive_fact_loss at step 33000: 0.298400
2025-12-05 18:02:37 INFO     Training average negative_fact_loss at step 33000: 0.277012
2025-12-05 18:02:37 INFO     Training average positive_rule_loss at step 33000: 1.617466
2025-12-05 18:02:37 INFO     Training average negative_rule_loss at step 33000: 2.263582
2025-12-05 18:02:37 INFO     Training average L_uncertainty at step 33000: 27.909617
2025-12-05 18:02:37 INFO     Training average L_kl at step 33000: 27790.163730
2025-12-05 18:02:37 INFO     Training average L_sigma at step 33000: 23.890456
2025-12-05 18:02:37 INFO     Training average mu_mean at step 33000: -0.978185
2025-12-05 18:02:37 INFO     Training average sigma_mean at step 33000: 0.129257
2025-12-05 18:02:37 INFO     Training average regularization at step 33000: 0.006305
2025-12-05 18:02:37 INFO     Training average loss at step 33000: 2.374084
2025-12-05 18:02:37 INFO     Evaluating on Valid Dataset...
2025-12-05 18:02:37 INFO     >>>>> RuleE emb: Evaluating on valid
2025-12-05 18:02:47 INFO     Data : 4274
2025-12-05 18:02:47 INFO     Hit1 : 0.537670
2025-12-05 18:02:47 INFO     Hit3 : 0.785681
2025-12-05 18:02:47 INFO     Hit10: 0.940103
2025-12-05 18:02:47 INFO     MR   : 3.382078
2025-12-05 18:02:47 INFO     MRR  : 0.678886
2025-12-05 18:03:43 INFO     Training average positive_fact_loss at step 33100: 0.299493
2025-12-05 18:03:43 INFO     Training average negative_fact_loss at step 33100: 0.276676
2025-12-05 18:03:43 INFO     Training average positive_rule_loss at step 33100: 1.618657
2025-12-05 18:03:43 INFO     Training average negative_rule_loss at step 33100: 2.260339
2025-12-05 18:03:43 INFO     Training average L_uncertainty at step 33100: 27.894248
2025-12-05 18:03:43 INFO     Training average L_kl at step 33100: 27775.141602
2025-12-05 18:03:43 INFO     Training average L_sigma at step 33100: 23.821058
2025-12-05 18:03:43 INFO     Training average mu_mean at step 33100: -0.974314
2025-12-05 18:03:43 INFO     Training average sigma_mean at step 33100: 0.129253
2025-12-05 18:03:43 INFO     Training average regularization at step 33100: 0.006307
2025-12-05 18:03:43 INFO     Training average loss at step 33100: 2.373360
2025-12-05 18:04:34 INFO     Training average positive_fact_loss at step 33200: 0.299026
2025-12-05 18:04:34 INFO     Training average negative_fact_loss at step 33200: 0.276751
2025-12-05 18:04:34 INFO     Training average positive_rule_loss at step 33200: 1.623518
2025-12-05 18:04:34 INFO     Training average negative_rule_loss at step 33200: 2.254295
2025-12-05 18:04:34 INFO     Training average L_uncertainty at step 33200: 27.920142
2025-12-05 18:04:34 INFO     Training average L_kl at step 33200: 27800.639941
2025-12-05 18:04:34 INFO     Training average L_sigma at step 33200: 23.900152
2025-12-05 18:04:34 INFO     Training average mu_mean at step 33200: -0.974834
2025-12-05 18:04:34 INFO     Training average sigma_mean at step 33200: 0.129259
2025-12-05 18:04:34 INFO     Training average regularization at step 33200: 0.006306
2025-12-05 18:04:34 INFO     Training average loss at step 33200: 2.372703
2025-12-05 18:05:29 INFO     Training average positive_fact_loss at step 33300: 0.298790
2025-12-05 18:05:29 INFO     Training average negative_fact_loss at step 33300: 0.276837
2025-12-05 18:05:29 INFO     Training average positive_rule_loss at step 33300: 1.620475
2025-12-05 18:05:29 INFO     Training average negative_rule_loss at step 33300: 2.256421
2025-12-05 18:05:29 INFO     Training average L_uncertainty at step 33300: 27.930669
2025-12-05 18:05:29 INFO     Training average L_kl at step 33300: 27811.269766
2025-12-05 18:05:29 INFO     Training average L_sigma at step 33300: 23.879511
2025-12-05 18:05:29 INFO     Training average mu_mean at step 33300: -0.974442
2025-12-05 18:05:29 INFO     Training average sigma_mean at step 33300: 0.129257
2025-12-05 18:05:29 INFO     Training average regularization at step 33300: 0.006306
2025-12-05 18:05:29 INFO     Training average loss at step 33300: 2.372221
2025-12-05 18:06:30 INFO     Training average positive_fact_loss at step 33400: 0.299191
2025-12-05 18:06:30 INFO     Training average negative_fact_loss at step 33400: 0.276728
2025-12-05 18:06:30 INFO     Training average positive_rule_loss at step 33400: 1.624145
2025-12-05 18:06:30 INFO     Training average negative_rule_loss at step 33400: 2.251836
2025-12-05 18:06:30 INFO     Training average L_uncertainty at step 33400: 27.923895
2025-12-05 18:06:30 INFO     Training average L_kl at step 33400: 27803.837871
2025-12-05 18:06:30 INFO     Training average L_sigma at step 33400: 24.011208
2025-12-05 18:06:30 INFO     Training average mu_mean at step 33400: -0.971697
2025-12-05 18:06:30 INFO     Training average sigma_mean at step 33400: 0.129263
2025-12-05 18:06:30 INFO     Training average regularization at step 33400: 0.006307
2025-12-05 18:06:30 INFO     Training average loss at step 33400: 2.371876
2025-12-05 18:07:25 INFO     Training average positive_fact_loss at step 33500: 0.298543
2025-12-05 18:07:25 INFO     Training average negative_fact_loss at step 33500: 0.276789
2025-12-05 18:07:25 INFO     Training average positive_rule_loss at step 33500: 1.621152
2025-12-05 18:07:25 INFO     Training average negative_rule_loss at step 33500: 2.253815
2025-12-05 18:07:25 INFO     Training average L_uncertainty at step 33500: 27.953163
2025-12-05 18:07:25 INFO     Training average L_kl at step 33500: 27834.011855
2025-12-05 18:07:25 INFO     Training average L_sigma at step 33500: 23.829917
2025-12-05 18:07:25 INFO     Training average mu_mean at step 33500: -0.972127
2025-12-05 18:07:25 INFO     Training average sigma_mean at step 33500: 0.129254
2025-12-05 18:07:25 INFO     Training average regularization at step 33500: 0.006309
2025-12-05 18:07:25 INFO     Training average loss at step 33500: 2.371224
2025-12-05 18:08:26 INFO     Training average positive_fact_loss at step 33600: 0.299283
2025-12-05 18:08:26 INFO     Training average negative_fact_loss at step 33600: 0.276755
2025-12-05 18:08:26 INFO     Training average positive_rule_loss at step 33600: 1.619444
2025-12-05 18:08:26 INFO     Training average negative_rule_loss at step 33600: 2.255805
2025-12-05 18:08:26 INFO     Training average L_uncertainty at step 33600: 27.887126
2025-12-05 18:08:26 INFO     Training average L_kl at step 33600: 27767.712617
2025-12-05 18:08:26 INFO     Training average L_sigma at step 33600: 23.882378
2025-12-05 18:08:26 INFO     Training average mu_mean at step 33600: -0.964779
2025-12-05 18:08:26 INFO     Training average sigma_mean at step 33600: 0.129257
2025-12-05 18:08:26 INFO     Training average regularization at step 33600: 0.006310
2025-12-05 18:08:26 INFO     Training average loss at step 33600: 2.371390
2025-12-05 18:09:21 INFO     Training average positive_fact_loss at step 33700: 0.298685
2025-12-05 18:09:21 INFO     Training average negative_fact_loss at step 33700: 0.276645
2025-12-05 18:09:21 INFO     Training average positive_rule_loss at step 33700: 1.620716
2025-12-05 18:09:21 INFO     Training average negative_rule_loss at step 33700: 2.253396
2025-12-05 18:09:21 INFO     Training average L_uncertainty at step 33700: 27.881883
2025-12-05 18:09:21 INFO     Training average L_kl at step 33700: 27762.346367
2025-12-05 18:09:21 INFO     Training average L_sigma at step 33700: 23.907156
2025-12-05 18:09:21 INFO     Training average mu_mean at step 33700: -0.963000
2025-12-05 18:09:21 INFO     Training average sigma_mean at step 33700: 0.129259
2025-12-05 18:09:21 INFO     Training average regularization at step 33700: 0.006311
2025-12-05 18:09:21 INFO     Training average loss at step 33700: 2.370442
2025-12-05 18:10:17 INFO     Training average positive_fact_loss at step 33800: 0.299190
2025-12-05 18:10:17 INFO     Training average negative_fact_loss at step 33800: 0.276543
2025-12-05 18:10:17 INFO     Training average positive_rule_loss at step 33800: 1.619094
2025-12-05 18:10:17 INFO     Training average negative_rule_loss at step 33800: 2.257096
2025-12-05 18:10:17 INFO     Training average L_uncertainty at step 33800: 27.887678
2025-12-05 18:10:17 INFO     Training average L_kl at step 33800: 27768.162383
2025-12-05 18:10:17 INFO     Training average L_sigma at step 33800: 23.902884
2025-12-05 18:10:17 INFO     Training average mu_mean at step 33800: -0.961462
2025-12-05 18:10:17 INFO     Training average sigma_mean at step 33800: 0.129259
2025-12-05 18:10:17 INFO     Training average regularization at step 33800: 0.006311
2025-12-05 18:10:17 INFO     Training average loss at step 33800: 2.371711
2025-12-05 18:11:08 INFO     Training average positive_fact_loss at step 33900: 0.298786
2025-12-05 18:11:08 INFO     Training average negative_fact_loss at step 33900: 0.276882
2025-12-05 18:11:08 INFO     Training average positive_rule_loss at step 33900: 1.621753
2025-12-05 18:11:08 INFO     Training average negative_rule_loss at step 33900: 2.251118
2025-12-05 18:11:08 INFO     Training average L_uncertainty at step 33900: 27.918905
2025-12-05 18:11:08 INFO     Training average L_kl at step 33900: 27799.220801
2025-12-05 18:11:08 INFO     Training average L_sigma at step 33900: 23.936633
2025-12-05 18:11:08 INFO     Training average mu_mean at step 33900: -0.962051
2025-12-05 18:11:08 INFO     Training average sigma_mean at step 33900: 0.129260
2025-12-05 18:11:08 INFO     Training average regularization at step 33900: 0.006312
2025-12-05 18:11:08 INFO     Training average loss at step 33900: 2.370176
2025-12-05 18:12:10 INFO     Training average positive_fact_loss at step 34000: 0.299008
2025-12-05 18:12:10 INFO     Training average negative_fact_loss at step 34000: 0.276789
2025-12-05 18:12:10 INFO     Training average positive_rule_loss at step 34000: 1.621970
2025-12-05 18:12:10 INFO     Training average negative_rule_loss at step 34000: 2.251734
2025-12-05 18:12:10 INFO     Training average L_uncertainty at step 34000: 27.873028
2025-12-05 18:12:10 INFO     Training average L_kl at step 34000: 27753.820508
2025-12-05 18:12:10 INFO     Training average L_sigma at step 34000: 23.841341
2025-12-05 18:12:10 INFO     Training average mu_mean at step 34000: -0.956199
2025-12-05 18:12:10 INFO     Training average sigma_mean at step 34000: 0.129254
2025-12-05 18:12:10 INFO     Training average regularization at step 34000: 0.006312
2025-12-05 18:12:10 INFO     Training average loss at step 34000: 2.370428
2025-12-05 18:12:10 INFO     Evaluating on Valid Dataset...
2025-12-05 18:12:10 INFO     >>>>> RuleE emb: Evaluating on valid
2025-12-05 18:12:20 INFO     Data : 4274
2025-12-05 18:12:20 INFO     Hit1 : 0.542817
2025-12-05 18:12:20 INFO     Hit3 : 0.784277
2025-12-05 18:12:20 INFO     Hit10: 0.941273
2025-12-05 18:12:20 INFO     MR   : 3.370847
2025-12-05 18:12:20 INFO     MRR  : 0.681232
2025-12-05 18:13:16 INFO     Training average positive_fact_loss at step 34100: 0.299001
2025-12-05 18:13:16 INFO     Training average negative_fact_loss at step 34100: 0.276564
2025-12-05 18:13:16 INFO     Training average positive_rule_loss at step 34100: 1.622045
2025-12-05 18:13:16 INFO     Training average negative_rule_loss at step 34100: 2.250112
2025-12-05 18:13:16 INFO     Training average L_uncertainty at step 34100: 27.887670
2025-12-05 18:13:16 INFO     Training average L_kl at step 34100: 27768.228105
2025-12-05 18:13:16 INFO     Training average L_sigma at step 34100: 23.888122
2025-12-05 18:13:16 INFO     Training average mu_mean at step 34100: -0.958481
2025-12-05 18:13:16 INFO     Training average sigma_mean at step 34100: 0.129257
2025-12-05 18:13:16 INFO     Training average regularization at step 34100: 0.006312
2025-12-05 18:13:16 INFO     Training average loss at step 34100: 2.369611
2025-12-05 18:14:16 INFO     Training average positive_fact_loss at step 34200: 0.298682
2025-12-05 18:14:16 INFO     Training average negative_fact_loss at step 34200: 0.276746
2025-12-05 18:14:16 INFO     Training average positive_rule_loss at step 34200: 1.622781
2025-12-05 18:14:16 INFO     Training average negative_rule_loss at step 34200: 2.249317
2025-12-05 18:14:16 INFO     Training average L_uncertainty at step 34200: 27.881934
2025-12-05 18:14:16 INFO     Training average L_kl at step 34200: 27762.434551
2025-12-05 18:14:16 INFO     Training average L_sigma at step 34200: 23.899685
2025-12-05 18:14:16 INFO     Training average mu_mean at step 34200: -0.955496
2025-12-05 18:14:16 INFO     Training average sigma_mean at step 34200: 0.129258
2025-12-05 18:14:16 INFO     Training average regularization at step 34200: 0.006311
2025-12-05 18:14:16 INFO     Training average loss at step 34200: 2.369483
2025-12-05 18:15:12 INFO     Training average positive_fact_loss at step 34300: 0.299137
2025-12-05 18:15:12 INFO     Training average negative_fact_loss at step 34300: 0.277039
2025-12-05 18:15:12 INFO     Training average positive_rule_loss at step 34300: 1.618236
2025-12-05 18:15:12 INFO     Training average negative_rule_loss at step 34300: 2.254416
2025-12-05 18:15:12 INFO     Training average L_uncertainty at step 34300: 27.839275
2025-12-05 18:15:12 INFO     Training average L_kl at step 34300: 27720.234512
2025-12-05 18:15:12 INFO     Training average L_sigma at step 34300: 23.807869
2025-12-05 18:15:12 INFO     Training average mu_mean at step 34300: -0.949887
2025-12-05 18:15:12 INFO     Training average sigma_mean at step 34300: 0.129251
2025-12-05 18:15:12 INFO     Training average regularization at step 34300: 0.006311
2025-12-05 18:15:12 INFO     Training average loss at step 34300: 2.369921
2025-12-05 18:16:12 INFO     Training average positive_fact_loss at step 34400: 0.299414
2025-12-05 18:16:12 INFO     Training average negative_fact_loss at step 34400: 0.276646
2025-12-05 18:16:12 INFO     Training average positive_rule_loss at step 34400: 1.619019
2025-12-05 18:16:12 INFO     Training average negative_rule_loss at step 34400: 2.255439
2025-12-05 18:16:12 INFO     Training average L_uncertainty at step 34400: 27.827458
2025-12-05 18:16:12 INFO     Training average L_kl at step 34400: 27708.181973
2025-12-05 18:16:12 INFO     Training average L_sigma at step 34400: 23.854932
2025-12-05 18:16:12 INFO     Training average mu_mean at step 34400: -0.947468
2025-12-05 18:16:12 INFO     Training average sigma_mean at step 34400: 0.129256
2025-12-05 18:16:12 INFO     Training average regularization at step 34400: 0.006312
2025-12-05 18:16:12 INFO     Training average loss at step 34400: 2.370709
2025-12-05 18:16:58 INFO     Training average positive_fact_loss at step 34500: 0.299196
2025-12-05 18:16:58 INFO     Training average negative_fact_loss at step 34500: 0.276808
2025-12-05 18:16:58 INFO     Training average positive_rule_loss at step 34500: 1.619154
2025-12-05 18:16:58 INFO     Training average negative_rule_loss at step 34500: 2.251284
2025-12-05 18:16:58 INFO     Training average L_uncertainty at step 34500: 27.842722
2025-12-05 18:16:58 INFO     Training average L_kl at step 34500: 27723.203867
2025-12-05 18:16:58 INFO     Training average L_sigma at step 34500: 23.903350
2025-12-05 18:16:58 INFO     Training average mu_mean at step 34500: -0.947509
2025-12-05 18:16:58 INFO     Training average sigma_mean at step 34500: 0.129259
2025-12-05 18:16:58 INFO     Training average regularization at step 34500: 0.006310
2025-12-05 18:16:58 INFO     Training average loss at step 34500: 2.368745
2025-12-05 18:17:59 INFO     Training average positive_fact_loss at step 34600: 0.298643
2025-12-05 18:17:59 INFO     Training average negative_fact_loss at step 34600: 0.276698
2025-12-05 18:17:59 INFO     Training average positive_rule_loss at step 34600: 1.624696
2025-12-05 18:17:59 INFO     Training average negative_rule_loss at step 34600: 2.245190
2025-12-05 18:17:59 INFO     Training average L_uncertainty at step 34600: 27.889922
2025-12-05 18:17:59 INFO     Training average L_kl at step 34600: 27770.563496
2025-12-05 18:17:59 INFO     Training average L_sigma at step 34600: 23.871456
2025-12-05 18:17:59 INFO     Training average mu_mean at step 34600: -0.948650
2025-12-05 18:17:59 INFO     Training average sigma_mean at step 34600: 0.129257
2025-12-05 18:17:59 INFO     Training average regularization at step 34600: 0.006311
2025-12-05 18:17:59 INFO     Training average loss at step 34600: 2.368373
2025-12-05 18:18:54 INFO     Training average positive_fact_loss at step 34700: 0.298665
2025-12-05 18:18:54 INFO     Training average negative_fact_loss at step 34700: 0.276709
2025-12-05 18:18:54 INFO     Training average positive_rule_loss at step 34700: 1.621668
2025-12-05 18:18:54 INFO     Training average negative_rule_loss at step 34700: 2.246477
2025-12-05 18:18:54 INFO     Training average L_uncertainty at step 34700: 27.883551
2025-12-05 18:18:54 INFO     Training average L_kl at step 34700: 27764.127305
2025-12-05 18:18:54 INFO     Training average L_sigma at step 34700: 23.884532
2025-12-05 18:18:54 INFO     Training average mu_mean at step 34700: -0.945396
2025-12-05 18:18:54 INFO     Training average sigma_mean at step 34700: 0.129255
2025-12-05 18:18:54 INFO     Training average regularization at step 34700: 0.006312
2025-12-05 18:18:54 INFO     Training average loss at step 34700: 2.367489
2025-12-05 18:19:55 INFO     Training average positive_fact_loss at step 34800: 0.298721
2025-12-05 18:19:55 INFO     Training average negative_fact_loss at step 34800: 0.276928
2025-12-05 18:19:55 INFO     Training average positive_rule_loss at step 34800: 1.622058
2025-12-05 18:19:55 INFO     Training average negative_rule_loss at step 34800: 2.245718
2025-12-05 18:19:55 INFO     Training average L_uncertainty at step 34800: 27.865690
2025-12-05 18:19:55 INFO     Training average L_kl at step 34800: 27746.465645
2025-12-05 18:19:55 INFO     Training average L_sigma at step 34800: 23.844525
2025-12-05 18:19:55 INFO     Training average mu_mean at step 34800: -0.942244
2025-12-05 18:19:55 INFO     Training average sigma_mean at step 34800: 0.129255
2025-12-05 18:19:55 INFO     Training average regularization at step 34800: 0.006312
2025-12-05 18:19:55 INFO     Training average loss at step 34800: 2.367352
2025-12-05 18:20:50 INFO     Training average positive_fact_loss at step 34900: 0.300031
2025-12-05 18:20:50 INFO     Training average negative_fact_loss at step 34900: 0.276849
2025-12-05 18:20:50 INFO     Training average positive_rule_loss at step 34900: 1.623954
2025-12-05 18:20:50 INFO     Training average negative_rule_loss at step 34900: 2.243207
2025-12-05 18:20:50 INFO     Training average L_uncertainty at step 34900: 27.880903
2025-12-05 18:20:50 INFO     Training average L_kl at step 34900: 27761.429277
2025-12-05 18:20:50 INFO     Training average L_sigma at step 34900: 23.894415
2025-12-05 18:20:50 INFO     Training average mu_mean at step 34900: -0.942337
2025-12-05 18:20:50 INFO     Training average sigma_mean at step 34900: 0.129256
2025-12-05 18:20:50 INFO     Training average regularization at step 34900: 0.006312
2025-12-05 18:20:50 INFO     Training average loss at step 34900: 2.367737
2025-12-05 18:21:50 INFO     Training average positive_fact_loss at step 35000: 0.298648
2025-12-05 18:21:50 INFO     Training average negative_fact_loss at step 35000: 0.276810
2025-12-05 18:21:50 INFO     Training average positive_rule_loss at step 35000: 1.618095
2025-12-05 18:21:50 INFO     Training average negative_rule_loss at step 35000: 2.251993
2025-12-05 18:21:50 INFO     Training average L_uncertainty at step 35000: 27.802460
2025-12-05 18:21:50 INFO     Training average L_kl at step 35000: 27683.243457
2025-12-05 18:21:50 INFO     Training average L_sigma at step 35000: 23.843101
2025-12-05 18:21:50 INFO     Training average mu_mean at step 35000: -0.933875
2025-12-05 18:21:50 INFO     Training average sigma_mean at step 35000: 0.129255
2025-12-05 18:21:50 INFO     Training average regularization at step 35000: 0.006311
2025-12-05 18:21:50 INFO     Training average loss at step 35000: 2.368096
2025-12-05 18:21:50 INFO     Evaluating on Valid Dataset...
2025-12-05 18:21:50 INFO     >>>>> RuleE emb: Evaluating on valid
2025-12-05 18:22:00 INFO     Data : 4274
2025-12-05 18:22:00 INFO     Hit1 : 0.539541
2025-12-05 18:22:00 INFO     Hit3 : 0.783341
2025-12-05 18:22:00 INFO     Hit10: 0.941039
2025-12-05 18:22:00 INFO     MR   : 3.382312
2025-12-05 18:22:00 INFO     MRR  : 0.679724
2025-12-05 18:22:00 INFO     Finishing pre-training!
2025-12-05 18:22:00 INFO     Test the results of pre-training
2025-12-05 18:22:00 INFO     >>>>> RuleE emb: Evaluating on valid
2025-12-05 18:22:10 INFO     Data : 4274
2025-12-05 18:22:10 INFO     Hit1 : 0.542817
2025-12-05 18:22:10 INFO     Hit3 : 0.784745
2025-12-05 18:22:10 INFO     Hit10: 0.940805
2025-12-05 18:22:10 INFO     MR   : 3.368273
2025-12-05 18:22:10 INFO     MRR  : 0.681836
2025-12-05 18:22:10 INFO     >>>>> RuleE emb: Evaluating on test
2025-12-05 18:22:22 INFO     Data : 10686
2025-12-05 18:22:22 INFO     Hit1 : 0.538555
2025-12-05 18:22:22 INFO     Hit3 : 0.773535
2025-12-05 18:22:22 INFO     Hit10: 0.936459
2025-12-05 18:22:22 INFO     MR   : 3.494385
2025-12-05 18:22:22 INFO     MRR  : 0.675416
2025-12-05 18:22:22 INFO     Pre-computed rule_mu for grounding: mean=-1.258211, std=1.113900
2025-12-05 18:22:22 INFO     >>>>> RulE: Grounding-Training
2025-12-05 18:22:22 INFO     -------------------------
2025-12-05 18:22:22 INFO     | Iteration: 1/10
2025-12-05 18:22:22 INFO     -------------------------
2025-12-05 18:22:39 INFO     loss:    10 224 4.555265 3026.4
2025-12-05 18:22:59 INFO     loss:    20 224 4.263242 3213.6
2025-12-05 18:23:04 INFO     loss:    30 224 4.260457 2849.6
2025-12-05 18:23:28 INFO     loss:    40 224 4.206131 3307.2
2025-12-05 18:23:55 INFO     loss:    50 224 3.922883 2943.2
2025-12-05 18:24:15 INFO     loss:    60 224 3.863194 2776.8
2025-12-05 18:24:24 INFO     loss:    70 224 3.948702 2412.8
2025-12-05 18:24:44 INFO     loss:    80 224 3.828832 2943.2
2025-12-05 18:24:58 INFO     loss:    90 224 3.643146 3036.8
2025-12-05 18:25:18 INFO     loss:    100 224 4.375330 2683.2
2025-12-05 18:25:32 INFO     loss:    110 224 3.805717 2964.0
2025-12-05 18:26:01 INFO     loss:    120 224 3.519881 3328.0
2025-12-05 18:26:24 INFO     loss:    130 224 4.229005 2870.4
2025-12-05 18:26:39 INFO     loss:    140 224 3.413623 3244.8
2025-12-05 18:26:53 INFO     loss:    150 224 3.375674 3203.2
2025-12-05 18:26:58 INFO     loss:    160 224 3.110351 3244.8
2025-12-05 18:27:07 INFO     loss:    170 224 3.380758 2329.6
2025-12-05 18:27:21 INFO     loss:    180 224 3.276529 2995.2
2025-12-05 18:27:36 INFO     loss:    190 224 3.194728 3068.0
2025-12-05 18:27:54 INFO     loss:    200 224 2.959571 2922.4
2025-12-05 18:28:10 INFO     loss:    210 224 2.943424 2984.8
2025-12-05 18:28:30 INFO     loss:    220 224 2.723792 3328.0
2025-12-05 18:28:37 INFO     >>>>> Predictor: Evaluating on valid
2025-12-05 18:31:34 INFO     Data : 4274
2025-12-05 18:31:34 INFO     Hit1 : 0.515910
2025-12-05 18:31:34 INFO     Hit3 : 0.744736
2025-12-05 18:31:34 INFO     Hit10: 0.932148
2025-12-05 18:31:34 INFO     MR   : 3.605990
2025-12-05 18:31:34 INFO     MRR  : 0.655843
2025-12-05 18:31:34 INFO     Save checkpoint to kinship\grounding.pt
2025-12-05 18:31:35 INFO     -------------------------
2025-12-05 18:31:35 INFO     | Iteration: 2/10
2025-12-05 18:31:35 INFO     -------------------------
2025-12-05 18:31:56 INFO     loss:    10 224 3.317595 3026.4
2025-12-05 18:32:15 INFO     loss:    20 224 2.913497 3213.6
2025-12-05 18:32:19 INFO     loss:    30 224 2.891815 2849.6
2025-12-05 18:32:43 INFO     loss:    40 224 2.765508 3307.2
2025-12-05 18:33:09 INFO     loss:    50 224 3.112627 2943.2
2025-12-05 18:33:29 INFO     loss:    60 224 2.822982 2776.8
2025-12-05 18:33:37 INFO     loss:    70 224 2.784654 2412.8
2025-12-05 18:33:57 INFO     loss:    80 224 2.990294 2943.2
2025-12-05 18:34:11 INFO     loss:    90 224 2.888786 3036.8
2025-12-05 18:34:31 INFO     loss:    100 224 2.131845 2683.2
2025-12-05 18:34:45 INFO     loss:    110 224 3.024740 2964.0
2025-12-05 18:35:14 INFO     loss:    120 224 2.911178 3328.0
2025-12-05 18:35:38 INFO     loss:    130 224 2.030016 2870.4
2025-12-05 18:35:53 INFO     loss:    140 224 2.996665 3244.8
2025-12-05 18:36:07 INFO     loss:    150 224 2.817538 3203.2
2025-12-05 18:36:12 INFO     loss:    160 224 2.466858 3244.8
2025-12-05 18:36:21 INFO     loss:    170 224 3.010889 2329.6
2025-12-05 18:36:35 INFO     loss:    180 224 2.642675 2995.2
2025-12-05 18:36:49 INFO     loss:    190 224 2.935686 3068.0
2025-12-05 18:37:08 INFO     loss:    200 224 2.559601 2922.4
2025-12-05 18:37:24 INFO     loss:    210 224 2.499033 2984.8
2025-12-05 18:37:44 INFO     loss:    220 224 2.386560 3328.0
2025-12-05 18:37:51 INFO     >>>>> Predictor: Evaluating on valid
2025-12-05 18:40:47 INFO     Data : 4274
2025-12-05 18:40:47 INFO     Hit1 : 0.546093
2025-12-05 18:40:47 INFO     Hit3 : 0.784745
2025-12-05 18:40:47 INFO     Hit10: 0.946888
2025-12-05 18:40:47 INFO     MR   : 3.255030
2025-12-05 18:40:47 INFO     MRR  : 0.685128
2025-12-05 18:40:47 INFO     Save checkpoint to kinship\grounding.pt
2025-12-05 18:40:48 INFO     -------------------------
2025-12-05 18:40:48 INFO     | Iteration: 3/10
2025-12-05 18:40:48 INFO     -------------------------
2025-12-05 18:41:09 INFO     loss:    10 224 3.109874 3026.4
2025-12-05 18:41:28 INFO     loss:    20 224 2.755123 3213.6
2025-12-05 18:41:33 INFO     loss:    30 224 2.539836 2849.6
2025-12-05 18:41:56 INFO     loss:    40 224 2.511882 3307.2
2025-12-05 18:42:22 INFO     loss:    50 224 3.025109 2943.2
2025-12-05 18:42:42 INFO     loss:    60 224 2.572303 2776.8
2025-12-05 18:42:50 INFO     loss:    70 224 2.518592 2412.8
2025-12-05 18:43:10 INFO     loss:    80 224 2.845196 2943.2
2025-12-05 18:43:25 INFO     loss:    90 224 2.694395 3036.8
2025-12-05 18:43:45 INFO     loss:    100 224 0.220568 2683.2
2025-12-05 18:43:59 INFO     loss:    110 224 2.506058 2964.0
2025-12-05 18:44:27 INFO     loss:    120 224 2.755613 3328.0
2025-12-05 18:44:51 INFO     loss:    130 224 0.309319 2870.4
2025-12-05 18:45:06 INFO     loss:    140 224 2.898597 3244.8
2025-12-05 18:45:21 INFO     loss:    150 224 2.674685 3203.2
2025-12-05 18:45:26 INFO     loss:    160 224 2.245425 3244.8
2025-12-05 18:45:35 INFO     loss:    170 224 2.926204 2329.6
2025-12-05 18:45:49 INFO     loss:    180 224 2.387435 2995.2
2025-12-05 18:46:03 INFO     loss:    190 224 2.864814 3068.0
2025-12-05 18:46:22 INFO     loss:    200 224 2.414270 2922.4
2025-12-05 18:46:38 INFO     loss:    210 224 2.387964 2984.8
2025-12-05 18:46:58 INFO     loss:    220 224 2.262666 3328.0
2025-12-05 18:47:05 INFO     >>>>> Predictor: Evaluating on valid
2025-12-05 18:50:02 INFO     Data : 4274
2025-12-05 18:50:02 INFO     Hit1 : 0.558727
2025-12-05 18:50:02 INFO     Hit3 : 0.791998
2025-12-05 18:50:02 INFO     Hit10: 0.952504
2025-12-05 18:50:02 INFO     MR   : 3.145999
2025-12-05 18:50:02 INFO     MRR  : 0.695366
2025-12-05 18:50:02 INFO     Save checkpoint to kinship\grounding.pt
2025-12-05 18:50:03 INFO     -------------------------
2025-12-05 18:50:03 INFO     | Iteration: 4/10
2025-12-05 18:50:03 INFO     -------------------------
2025-12-05 18:50:24 INFO     loss:    10 224 3.037278 3026.4
2025-12-05 18:50:43 INFO     loss:    20 224 2.705985 3213.6
2025-12-05 18:50:47 INFO     loss:    30 224 2.381571 2849.6
2025-12-05 18:51:11 INFO     loss:    40 224 2.366156 3307.2
2025-12-05 18:51:37 INFO     loss:    50 224 2.977712 2943.2
2025-12-05 18:51:57 INFO     loss:    60 224 2.459081 2776.8
2025-12-05 18:52:05 INFO     loss:    70 224 2.411146 2412.8
2025-12-05 18:52:25 INFO     loss:    80 224 2.762789 2943.2
2025-12-05 18:52:39 INFO     loss:    90 224 2.569798 3036.8
2025-12-05 18:52:59 INFO     loss:    100 224 0.027523 2683.2
2025-12-05 18:53:14 INFO     loss:    110 224 2.190238 2964.0
2025-12-05 18:53:43 INFO     loss:    120 224 2.653562 3328.0
2025-12-05 18:54:06 INFO     loss:    130 224 0.050502 2870.4
2025-12-05 18:54:21 INFO     loss:    140 224 2.804495 3244.8
2025-12-05 18:54:35 INFO     loss:    150 224 2.594408 3203.2
2025-12-05 18:54:41 INFO     loss:    160 224 2.086422 3244.8
2025-12-05 18:54:49 INFO     loss:    170 224 2.879267 2329.6
2025-12-05 18:55:03 INFO     loss:    180 224 2.225144 2995.2
2025-12-05 18:55:18 INFO     loss:    190 224 2.801160 3068.0
2025-12-05 18:55:37 INFO     loss:    200 224 2.309177 2922.4
2025-12-05 18:55:53 INFO     loss:    210 224 2.295711 2984.8
2025-12-05 18:56:12 INFO     loss:    220 224 2.155375 3328.0
2025-12-05 18:56:19 INFO     >>>>> Predictor: Evaluating on valid
2025-12-05 18:59:16 INFO     Data : 4274
2025-12-05 18:59:16 INFO     Hit1 : 0.556621
2025-12-05 18:59:16 INFO     Hit3 : 0.788255
2025-12-05 18:59:16 INFO     Hit10: 0.952737
2025-12-05 18:59:16 INFO     MR   : 3.129387
2025-12-05 18:59:16 INFO     MRR  : 0.693530
2025-12-05 18:59:16 INFO     -------------------------
2025-12-05 18:59:16 INFO     | Iteration: 5/10
2025-12-05 18:59:16 INFO     -------------------------
2025-12-05 18:59:37 INFO     loss:    10 224 2.973651 3026.4
2025-12-05 18:59:56 INFO     loss:    20 224 2.652688 3213.6
2025-12-05 19:00:01 INFO     loss:    30 224 2.238763 2849.6
2025-12-05 19:00:25 INFO     loss:    40 224 2.215450 3307.2
2025-12-05 19:00:51 INFO     loss:    50 224 2.926146 2943.2
2025-12-05 19:01:11 INFO     loss:    60 224 2.350047 2776.8
2025-12-05 19:01:19 INFO     loss:    70 224 2.305846 2412.8
2025-12-05 19:01:39 INFO     loss:    80 224 2.674501 2943.2
2025-12-05 19:01:53 INFO     loss:    90 224 2.447048 3036.8
2025-12-05 19:02:13 INFO     loss:    100 224 0.006221 2683.2
2025-12-05 19:02:27 INFO     loss:    110 224 1.955549 2964.0
2025-12-05 19:02:56 INFO     loss:    120 224 2.547868 3328.0
2025-12-05 19:03:20 INFO     loss:    130 224 0.012975 2870.4
2025-12-05 19:03:35 INFO     loss:    140 224 2.697680 3244.8
2025-12-05 19:03:49 INFO     loss:    150 224 2.513122 3203.2
2025-12-05 19:03:54 INFO     loss:    160 224 1.922669 3244.8
2025-12-05 19:04:02 INFO     loss:    170 224 2.828298 2329.6
2025-12-05 19:04:16 INFO     loss:    180 224 2.058169 2995.2
2025-12-05 19:04:31 INFO     loss:    190 224 2.737308 3068.0
2025-12-05 19:04:50 INFO     loss:    200 224 2.212024 2922.4
2025-12-05 19:05:06 INFO     loss:    210 224 2.190890 2984.8
2025-12-05 19:05:25 INFO     loss:    220 224 2.043571 3328.0
2025-12-05 19:05:32 INFO     >>>>> Predictor: Evaluating on valid
2025-12-05 19:08:29 INFO     Data : 4274
2025-12-05 19:08:29 INFO     Hit1 : 0.551474
2025-12-05 19:08:29 INFO     Hit3 : 0.786617
2025-12-05 19:08:29 INFO     Hit10: 0.952737
2025-12-05 19:08:29 INFO     MR   : 3.144127
2025-12-05 19:08:29 INFO     MRR  : 0.689082
2025-12-05 19:08:29 INFO     -------------------------
2025-12-05 19:08:29 INFO     | Iteration: 6/10
2025-12-05 19:08:29 INFO     -------------------------
2025-12-05 19:08:50 INFO     loss:    10 224 2.904179 3026.4
2025-12-05 19:09:09 INFO     loss:    20 224 2.588095 3213.6
2025-12-05 19:09:13 INFO     loss:    30 224 2.090307 2849.6
2025-12-05 19:09:37 INFO     loss:    40 224 2.057497 3307.2
2025-12-05 19:10:03 INFO     loss:    50 224 2.871478 2943.2
2025-12-05 19:10:23 INFO     loss:    60 224 2.224017 2776.8
2025-12-05 19:10:32 INFO     loss:    70 224 2.183295 2412.8
2025-12-05 19:10:52 INFO     loss:    80 224 2.587371 2943.2
2025-12-05 19:11:06 INFO     loss:    90 224 2.317699 3036.8
2025-12-05 19:11:26 INFO     loss:    100 224 0.001241 2683.2
2025-12-05 19:11:40 INFO     loss:    110 224 1.714927 2964.0
2025-12-05 19:12:09 INFO     loss:    120 224 2.441369 3328.0
2025-12-05 19:12:32 INFO     loss:    130 224 0.002970 2870.4
2025-12-05 19:12:46 INFO     loss:    140 224 2.575529 3244.8
2025-12-05 19:13:00 INFO     loss:    150 224 2.424568 3203.2
2025-12-05 19:13:05 INFO     loss:    160 224 1.753160 3244.8
2025-12-05 19:13:14 INFO     loss:    170 224 2.769284 2329.6
2025-12-05 19:13:28 INFO     loss:    180 224 1.873412 2995.2
2025-12-05 19:13:42 INFO     loss:    190 224 2.671531 3068.0
2025-12-05 19:14:00 INFO     loss:    200 224 2.115940 2922.4
2025-12-05 19:14:16 INFO     loss:    210 224 2.071708 2984.8
2025-12-05 19:14:35 INFO     loss:    220 224 1.926153 3328.0
2025-12-05 19:14:42 INFO     >>>>> Predictor: Evaluating on valid
2025-12-05 19:17:34 INFO     Data : 4274
2025-12-05 19:17:34 INFO     Hit1 : 0.529013
2025-12-05 19:17:34 INFO     Hit3 : 0.778194
2025-12-05 19:17:34 INFO     Hit10: 0.951568
2025-12-05 19:17:34 INFO     MR   : 3.219233
2025-12-05 19:17:34 INFO     MRR  : 0.674667
2025-12-05 19:17:34 INFO     -------------------------
2025-12-05 19:17:34 INFO     | Iteration: 7/10
2025-12-05 19:17:34 INFO     -------------------------
2025-12-05 19:17:54 INFO     loss:    10 224 2.824533 3026.4
2025-12-05 19:18:13 INFO     loss:    20 224 2.496430 3213.6
2025-12-05 19:18:18 INFO     loss:    30 224 1.935879 2849.6
2025-12-05 19:18:41 INFO     loss:    40 224 1.897289 3307.2
2025-12-05 19:19:06 INFO     loss:    50 224 2.813242 2943.2
2025-12-05 19:19:25 INFO     loss:    60 224 2.088649 2776.8
2025-12-05 19:19:33 INFO     loss:    70 224 2.046303 2412.8
2025-12-05 19:19:54 INFO     loss:    80 224 2.504016 2943.2
2025-12-05 19:20:08 INFO     loss:    90 224 2.176000 3036.8
2025-12-05 19:20:28 INFO     loss:    100 224 0.000202 2683.2
2025-12-05 19:20:41 INFO     loss:    110 224 1.471122 2964.0
2025-12-05 19:21:10 INFO     loss:    120 224 2.332103 3328.0
2025-12-05 19:21:33 INFO     loss:    130 224 0.000578 2870.4
2025-12-05 19:21:47 INFO     loss:    140 224 2.440757 3244.8
2025-12-05 19:22:01 INFO     loss:    150 224 2.323180 3203.2
2025-12-05 19:22:06 INFO     loss:    160 224 1.584091 3244.8
2025-12-05 19:22:15 INFO     loss:    170 224 2.701546 2329.6
2025-12-05 19:22:28 INFO     loss:    180 224 1.677926 2995.2
2025-12-05 19:22:42 INFO     loss:    190 224 2.602590 3068.0
2025-12-05 19:23:01 INFO     loss:    200 224 2.016693 2922.4
2025-12-05 19:23:17 INFO     loss:    210 224 1.934794 2984.8
2025-12-05 19:23:36 INFO     loss:    220 224 1.803620 3328.0
2025-12-05 19:23:43 INFO     >>>>> Predictor: Evaluating on valid
2025-12-05 19:26:37 INFO     Data : 4274
2025-12-05 19:26:37 INFO     Hit1 : 0.509125
2025-12-05 19:26:37 INFO     Hit3 : 0.766261
2025-12-05 19:26:37 INFO     Hit10: 0.951334
2025-12-05 19:26:37 INFO     MR   : 3.315161
2025-12-05 19:26:37 INFO     MRR  : 0.659568
2025-12-05 19:26:37 INFO     -------------------------
2025-12-05 19:26:37 INFO     | Iteration: 8/10
2025-12-05 19:26:37 INFO     -------------------------
2025-12-05 19:26:58 INFO     loss:    10 224 2.734794 3026.4
2025-12-05 19:27:17 INFO     loss:    20 224 2.382265 3213.6
2025-12-05 19:27:22 INFO     loss:    30 224 1.772054 2849.6
2025-12-05 19:27:45 INFO     loss:    40 224 1.735685 3307.2
2025-12-05 19:28:11 INFO     loss:    50 224 2.747872 2943.2
2025-12-05 19:28:31 INFO     loss:    60 224 1.950801 2776.8
2025-12-05 19:28:39 INFO     loss:    70 224 1.896471 2412.8
2025-12-05 19:28:59 INFO     loss:    80 224 2.423298 2943.2
2025-12-05 19:29:14 INFO     loss:    90 224 2.017779 3036.8
2025-12-05 19:29:34 INFO     loss:    100 224 0.000025 2683.2
2025-12-05 19:29:48 INFO     loss:    110 224 1.270286 2964.0
2025-12-05 19:30:17 INFO     loss:    120 224 2.220623 3328.0
2025-12-05 19:30:41 INFO     loss:    130 224 0.000089 2870.4
2025-12-05 19:30:56 INFO     loss:    140 224 2.296764 3244.8
2025-12-05 19:31:10 INFO     loss:    150 224 2.207089 3203.2
2025-12-05 19:31:16 INFO     loss:    160 224 1.423270 3244.8
2025-12-05 19:31:24 INFO     loss:    170 224 2.627703 2329.6
2025-12-05 19:31:38 INFO     loss:    180 224 1.486143 2995.2
2025-12-05 19:31:53 INFO     loss:    190 224 2.521777 3068.0
2025-12-05 19:32:12 INFO     loss:    200 224 1.913911 2922.4
2025-12-05 19:32:28 INFO     loss:    210 224 1.777943 2984.8
2025-12-05 19:32:47 INFO     loss:    220 224 1.678332 3328.0
2025-12-05 19:32:54 INFO     >>>>> Predictor: Evaluating on valid
2025-12-05 19:35:51 INFO     Data : 4274
2025-12-05 19:35:51 INFO     Hit1 : 0.486898
2025-12-05 19:35:51 INFO     Hit3 : 0.752223
2025-12-05 19:35:51 INFO     Hit10: 0.945016
2025-12-05 19:35:51 INFO     MR   : 3.431914
2025-12-05 19:35:51 INFO     MRR  : 0.642404
2025-12-05 19:35:51 INFO     -------------------------
2025-12-05 19:35:51 INFO     | Iteration: 9/10
2025-12-05 19:35:51 INFO     -------------------------
2025-12-05 19:36:13 INFO     loss:    10 224 2.637959 3026.4
2025-12-05 19:36:32 INFO     loss:    20 224 2.255871 3213.6
2025-12-05 19:36:36 INFO     loss:    30 224 1.599148 2849.6
2025-12-05 19:37:00 INFO     loss:    40 224 1.574434 3307.2
2025-12-05 19:37:26 INFO     loss:    50 224 2.672407 2943.2
2025-12-05 19:37:46 INFO     loss:    60 224 1.821982 2776.8
2025-12-05 19:37:54 INFO     loss:    70 224 1.736665 2412.8
2025-12-05 19:38:14 INFO     loss:    80 224 2.340056 2943.2
2025-12-05 19:38:28 INFO     loss:    90 224 1.846927 3036.8
2025-12-05 19:38:48 INFO     loss:    100 224 0.000003 2683.2
2025-12-05 19:39:02 INFO     loss:    110 224 1.101119 2964.0
2025-12-05 19:39:31 INFO     loss:    120 224 2.105569 3328.0
2025-12-05 19:39:54 INFO     loss:    130 224 0.000012 2870.4
2025-12-05 19:40:09 INFO     loss:    140 224 2.149951 3244.8
2025-12-05 19:40:24 INFO     loss:    150 224 2.079848 3203.2
2025-12-05 19:40:29 INFO     loss:    160 224 1.279157 3244.8
2025-12-05 19:40:38 INFO     loss:    170 224 2.541772 2329.6
2025-12-05 19:40:51 INFO     loss:    180 224 1.315762 2995.2
2025-12-05 19:41:06 INFO     loss:    190 224 2.424167 3068.0
2025-12-05 19:41:25 INFO     loss:    200 224 1.808921 2922.4
2025-12-05 19:41:41 INFO     loss:    210 224 1.603014 2984.8
2025-12-05 19:42:00 INFO     loss:    220 224 1.557809 3328.0
2025-12-05 19:42:07 INFO     >>>>> Predictor: Evaluating on valid
2025-12-05 19:45:04 INFO     Data : 4274
2025-12-05 19:45:04 INFO     Hit1 : 0.472859
2025-12-05 19:45:04 INFO     Hit3 : 0.734441
2025-12-05 19:45:04 INFO     Hit10: 0.940337
2025-12-05 19:45:04 INFO     MR   : 3.617454
2025-12-05 19:45:04 INFO     MRR  : 0.629404
2025-12-05 19:45:04 INFO     -------------------------
2025-12-05 19:45:04 INFO     | Iteration: 10/10
2025-12-05 19:45:04 INFO     -------------------------
2025-12-05 19:45:25 INFO     loss:    10 224 2.539550 3026.4
2025-12-05 19:45:44 INFO     loss:    20 224 2.116785 3213.6
2025-12-05 19:45:48 INFO     loss:    30 224 1.425081 2849.6
2025-12-05 19:46:12 INFO     loss:    40 224 1.408987 3307.2
2025-12-05 19:46:38 INFO     loss:    50 224 2.590288 2943.2
2025-12-05 19:46:58 INFO     loss:    60 224 1.708873 2776.8
2025-12-05 19:47:06 INFO     loss:    70 224 1.578255 2412.8
2025-12-05 19:47:27 INFO     loss:    80 224 2.247194 2943.2
2025-12-05 19:47:41 INFO     loss:    90 224 1.670796 3036.8
2025-12-05 19:48:01 INFO     loss:    100 224 0.000000 2683.2
2025-12-05 19:48:16 INFO     loss:    110 224 0.954290 2964.0
2025-12-05 19:48:44 INFO     loss:    120 224 2.098884 3328.0
2025-12-05 19:49:08 INFO     loss:    130 224 0.000001 2870.4
2025-12-05 19:49:22 INFO     loss:    140 224 2.007810 3244.8
2025-12-05 19:49:37 INFO     loss:    150 224 1.953054 3203.2
2025-12-05 19:49:42 INFO     loss:    160 224 1.156011 3244.8
2025-12-05 19:49:50 INFO     loss:    170 224 2.437071 2329.6
2025-12-05 19:50:04 INFO     loss:    180 224 1.175598 2995.2
2025-12-05 19:50:18 INFO     loss:    190 224 2.312948 3068.0
2025-12-05 19:50:37 INFO     loss:    200 224 1.705339 2922.4
2025-12-05 19:50:53 INFO     loss:    210 224 1.426312 2984.8
2025-12-05 19:51:13 INFO     loss:    220 224 1.450439 3328.0
2025-12-05 19:51:20 INFO     >>>>> Predictor: Evaluating on valid
2025-12-05 19:54:16 INFO     Data : 4274
2025-12-05 19:54:16 INFO     Hit1 : 0.446420
2025-12-05 19:54:16 INFO     Hit3 : 0.720870
2025-12-05 19:54:16 INFO     Hit10: 0.934254
2025-12-05 19:54:16 INFO     MR   : 3.848854
2025-12-05 19:54:16 INFO     MRR  : 0.609302
2025-12-05 19:54:16 INFO     -------------------------
2025-12-05 19:54:16 INFO     | Final Test MRR: 0.000000
2025-12-05 19:54:16 INFO     -------------------------
2025-12-05 19:54:16 INFO     >>>>> Predictor: Evaluating on valid
2025-12-05 19:57:09 INFO     Data : 4274
2025-12-05 19:57:09 INFO     Hit1 : 0.558727
2025-12-05 19:57:09 INFO     Hit3 : 0.791998
2025-12-05 19:57:09 INFO     Hit10: 0.952504
2025-12-05 19:57:09 INFO     MR   : 3.145999
2025-12-05 19:57:09 INFO     MRR  : 0.695366
2025-12-05 19:57:09 INFO     >>>>> Predictor: Evaluating on test
2025-12-05 20:04:40 INFO     Data : 10686
2025-12-05 20:04:40 INFO     Hit1 : 0.529384
2025-12-05 20:04:40 INFO     Hit3 : 0.769886
2025-12-05 20:04:40 INFO     Hit10: 0.944413
2025-12-05 20:04:40 INFO     MR   : 3.361314
2025-12-05 20:04:40 INFO     MRR  : 0.671394
2025-12-05 20:04:40 INFO     >>>>> Predictor: Evaluating on test_kge
2025-12-05 20:07:21 INFO     Data : 10686
2025-12-05 20:07:21 INFO     Hit1 : 0.613700
2025-12-05 20:07:21 INFO     Hit3 : 0.826315
2025-12-05 20:07:21 INFO     Hit10: 0.954520
2025-12-05 20:07:21 INFO     MR   : 2.946753
2025-12-05 20:07:21 INFO     MRR  : 0.735143
