2025-12-08 22:05:03 INFO     read 10000 rules from list.
2025-12-08 22:05:03 INFO     Loaded support_counts from ../data/kinship\support_counts.pt
2025-12-08 22:05:03 INFO     Uncertainty modeling initialized: num_rules=10000, num_samples=5, lambda_0=2
2025-12-08 22:05:06 INFO     >>>>> ruleE: Pre-training
2025-12-08 22:05:16 INFO     Training average positive_fact_loss at step 0: 2.435418
2025-12-08 22:05:16 INFO     Training average negative_fact_loss at step 0: 0.093185
2025-12-08 22:05:16 INFO     Training average positive_rule_loss at step 0: 0.310430
2025-12-08 22:05:16 INFO     Training average negative_rule_loss at step 0: 7.247868
2025-12-08 22:05:16 INFO     Training average L_uncertainty at step 0: 80.371208
2025-12-08 22:05:16 INFO     Training average L_kl at step 0: 49.220695
2025-12-08 22:05:16 INFO     Training average L_sigma at step 0: 80321.984375
2025-12-08 22:05:16 INFO     Training average mu_mean at step 0: 0.087321
2025-12-08 22:05:16 INFO     Training average sigma_mean at step 0: 1.033485
2025-12-08 22:05:16 INFO     Training average regularization at step 0: 0.004260
2025-12-08 22:05:16 INFO     Training average loss at step 0: 5.128082
2025-12-08 22:05:16 INFO     Evaluating on Valid Dataset...
2025-12-08 22:05:16 INFO     >>>>> RuleE emb: Evaluating on valid
2025-12-08 22:05:26 INFO     Data : 4274
2025-12-08 22:05:26 INFO     Hit1 : 0.000000
2025-12-08 22:05:26 INFO     Hit3 : 0.020590
2025-12-08 22:05:26 INFO     Hit10: 0.099204
2025-12-08 22:05:26 INFO     MR   : 47.679223
2025-12-08 22:05:26 INFO     MRR  : 0.044752
2025-12-08 22:06:19 INFO     Training average positive_fact_loss at step 100: 0.667815
2025-12-08 22:06:19 INFO     Training average negative_fact_loss at step 100: 0.561595
2025-12-08 22:06:19 INFO     Training average positive_rule_loss at step 100: 0.352533
2025-12-08 22:06:19 INFO     Training average negative_rule_loss at step 100: 6.877868
2025-12-08 22:06:19 INFO     Training average L_uncertainty at step 100: 75.060863
2025-12-08 22:06:19 INFO     Training average L_kl at step 100: 51.409435
2025-12-08 22:06:19 INFO     Training average L_sigma at step 100: 75009.449219
2025-12-08 22:06:19 INFO     Training average mu_mean at step 100: -0.009676
2025-12-08 22:06:19 INFO     Training average sigma_mean at step 100: 0.985512
2025-12-08 22:06:19 INFO     Training average regularization at step 100: 0.002473
2025-12-08 22:06:19 INFO     Training average loss at step 100: 4.307439
2025-12-08 22:07:19 INFO     Training average positive_fact_loss at step 200: 0.401202
2025-12-08 22:07:19 INFO     Training average negative_fact_loss at step 200: 0.374324
2025-12-08 22:07:19 INFO     Training average positive_rule_loss at step 200: 1.038684
2025-12-08 22:07:19 INFO     Training average negative_rule_loss at step 200: 4.110076
2025-12-08 22:07:19 INFO     Training average L_uncertainty at step 200: 50.992106
2025-12-08 22:07:19 INFO     Training average L_kl at step 200: 18714.884070
2025-12-08 22:07:19 INFO     Training average L_sigma at step 200: 32277.219226
2025-12-08 22:07:19 INFO     Training average mu_mean at step 200: -1.472026
2025-12-08 22:07:19 INFO     Training average sigma_mean at step 200: 0.602483
2025-12-08 22:07:19 INFO     Training average regularization at step 200: 0.003725
2025-12-08 22:07:19 INFO     Training average loss at step 200: 3.016861
2025-12-08 22:08:13 INFO     Training average positive_fact_loss at step 300: 0.337932
2025-12-08 22:08:13 INFO     Training average negative_fact_loss at step 300: 0.329710
2025-12-08 22:08:13 INFO     Training average positive_rule_loss at step 300: 1.770249
2025-12-08 22:08:13 INFO     Training average negative_rule_loss at step 300: 2.429274
2025-12-08 22:08:13 INFO     Training average L_uncertainty at step 300: 56.173814
2025-12-08 22:08:13 INFO     Training average L_kl at step 300: 54608.096445
2025-12-08 22:08:13 INFO     Training average L_sigma at step 300: 1565.714679
2025-12-08 22:08:13 INFO     Training average mu_mean at step 300: -3.022403
2025-12-08 22:08:13 INFO     Training average sigma_mean at step 300: 0.287262
2025-12-08 22:08:13 INFO     Training average regularization at step 300: 0.005172
2025-12-08 22:08:13 INFO     Training average loss at step 300: 2.494929
2025-12-08 22:09:13 INFO     Training average positive_fact_loss at step 400: 0.329251
2025-12-08 22:09:13 INFO     Training average negative_fact_loss at step 400: 0.318413
2025-12-08 22:09:13 INFO     Training average positive_rule_loss at step 400: 1.781401
2025-12-08 22:09:13 INFO     Training average negative_rule_loss at step 400: 2.410940
2025-12-08 22:09:13 INFO     Training average L_uncertainty at step 400: 54.884446
2025-12-08 22:09:13 INFO     Training average L_kl at step 400: 54053.291055
2025-12-08 22:09:13 INFO     Training average L_sigma at step 400: 831.152163
2025-12-08 22:09:13 INFO     Training average mu_mean at step 400: -3.022390
2025-12-08 22:09:13 INFO     Training average sigma_mean at step 400: 0.279844
2025-12-08 22:09:13 INFO     Training average regularization at step 400: 0.005632
2025-12-08 22:09:13 INFO     Training average loss at step 400: 2.480519
2025-12-08 22:10:09 INFO     Training average positive_fact_loss at step 500: 0.325269
2025-12-08 22:10:09 INFO     Training average negative_fact_loss at step 500: 0.312498
2025-12-08 22:10:09 INFO     Training average positive_rule_loss at step 500: 1.784540
2025-12-08 22:10:09 INFO     Training average negative_rule_loss at step 500: 2.406122
2025-12-08 22:10:09 INFO     Training average L_uncertainty at step 500: 54.549591
2025-12-08 22:10:09 INFO     Training average L_kl at step 500: 53828.579180
2025-12-08 22:10:09 INFO     Training average L_sigma at step 500: 721.009211
2025-12-08 22:10:09 INFO     Training average mu_mean at step 500: -3.019120
2025-12-08 22:10:09 INFO     Training average sigma_mean at step 500: 0.279221
2025-12-08 22:10:09 INFO     Training average regularization at step 500: 0.005846
2025-12-08 22:10:09 INFO     Training average loss at step 500: 2.474611
2025-12-08 22:11:09 INFO     Training average positive_fact_loss at step 600: 0.322850
2025-12-08 22:11:09 INFO     Training average negative_fact_loss at step 600: 0.308931
2025-12-08 22:11:09 INFO     Training average positive_rule_loss at step 600: 1.781183
2025-12-08 22:11:09 INFO     Training average negative_rule_loss at step 600: 2.409970
2025-12-08 22:11:09 INFO     Training average L_uncertainty at step 600: 54.422388
2025-12-08 22:11:09 INFO     Training average L_kl at step 600: 53718.853984
2025-12-08 22:11:09 INFO     Training average L_sigma at step 600: 703.531622
2025-12-08 22:11:09 INFO     Training average mu_mean at step 600: -3.016538
2025-12-08 22:11:09 INFO     Training average sigma_mean at step 600: 0.279369
2025-12-08 22:11:09 INFO     Training average regularization at step 600: 0.005958
2025-12-08 22:11:09 INFO     Training average loss at step 600: 2.471848
2025-12-08 22:11:56 INFO     Training average positive_fact_loss at step 700: 0.322513
2025-12-08 22:11:56 INFO     Training average negative_fact_loss at step 700: 0.306095
2025-12-08 22:11:56 INFO     Training average positive_rule_loss at step 700: 1.783960
2025-12-08 22:11:56 INFO     Training average negative_rule_loss at step 700: 2.406423
2025-12-08 22:11:56 INFO     Training average L_uncertainty at step 700: 54.541464
2025-12-08 22:11:56 INFO     Training average L_kl at step 700: 53849.520508
2025-12-08 22:11:56 INFO     Training average L_sigma at step 700: 691.940826
2025-12-08 22:11:56 INFO     Training average mu_mean at step 700: -3.020747
2025-12-08 22:11:56 INFO     Training average sigma_mean at step 700: 0.279235
2025-12-08 22:11:56 INFO     Training average regularization at step 700: 0.006050
2025-12-08 22:11:56 INFO     Training average loss at step 700: 2.470087
2025-12-08 22:12:56 INFO     Training average positive_fact_loss at step 800: 0.320398
2025-12-08 22:12:56 INFO     Training average negative_fact_loss at step 800: 0.304061
2025-12-08 22:12:56 INFO     Training average positive_rule_loss at step 800: 1.780437
2025-12-08 22:12:56 INFO     Training average negative_rule_loss at step 800: 2.410684
2025-12-08 22:12:56 INFO     Training average L_uncertainty at step 800: 54.542678
2025-12-08 22:12:56 INFO     Training average L_kl at step 800: 53853.625547
2025-12-08 22:12:56 INFO     Training average L_sigma at step 800: 689.049543
2025-12-08 22:12:56 INFO     Training average mu_mean at step 800: -3.020586
2025-12-08 22:12:56 INFO     Training average sigma_mean at step 800: 0.279176
2025-12-08 22:12:56 INFO     Training average regularization at step 800: 0.006089
2025-12-08 22:12:56 INFO     Training average loss at step 800: 2.468422
2025-12-08 22:13:52 INFO     Training average positive_fact_loss at step 900: 0.319569
2025-12-08 22:13:52 INFO     Training average negative_fact_loss at step 900: 0.302878
2025-12-08 22:13:52 INFO     Training average positive_rule_loss at step 900: 1.783374
2025-12-08 22:13:52 INFO     Training average negative_rule_loss at step 900: 2.406978
2025-12-08 22:13:52 INFO     Training average L_uncertainty at step 900: 54.619222
2025-12-08 22:13:52 INFO     Training average L_kl at step 900: 53935.412812
2025-12-08 22:13:52 INFO     Training average L_sigma at step 900: 683.806996
2025-12-08 22:13:52 INFO     Training average mu_mean at step 900: -3.023271
2025-12-08 22:13:52 INFO     Training average sigma_mean at step 900: 0.279319
2025-12-08 22:13:52 INFO     Training average regularization at step 900: 0.006125
2025-12-08 22:13:52 INFO     Training average loss at step 900: 2.467144
2025-12-08 22:14:53 INFO     Training average positive_fact_loss at step 1000: 0.319121
2025-12-08 22:14:53 INFO     Training average negative_fact_loss at step 1000: 0.301746
2025-12-08 22:14:53 INFO     Training average positive_rule_loss at step 1000: 1.779135
2025-12-08 22:14:53 INFO     Training average negative_rule_loss at step 1000: 2.412154
2025-12-08 22:14:53 INFO     Training average L_uncertainty at step 1000: 54.553556
2025-12-08 22:14:53 INFO     Training average L_kl at step 1000: 53885.223281
2025-12-08 22:14:53 INFO     Training average L_sigma at step 1000: 668.330529
2025-12-08 22:14:53 INFO     Training average mu_mean at step 1000: -3.021254
2025-12-08 22:14:53 INFO     Training average sigma_mean at step 1000: 0.279140
2025-12-08 22:14:53 INFO     Training average regularization at step 1000: 0.006143
2025-12-08 22:14:53 INFO     Training average loss at step 1000: 2.466774
2025-12-08 22:14:53 INFO     Evaluating on Valid Dataset...
2025-12-08 22:14:53 INFO     >>>>> RuleE emb: Evaluating on valid
2025-12-08 22:15:03 INFO     Data : 4274
2025-12-08 22:15:03 INFO     Hit1 : 0.523631
2025-12-08 22:15:03 INFO     Hit3 : 0.755030
2025-12-08 22:15:03 INFO     Hit10: 0.936359
2025-12-08 22:15:03 INFO     MR   : 3.527141
2025-12-08 22:15:03 INFO     MRR  : 0.662562
2025-12-08 22:16:00 INFO     Training average positive_fact_loss at step 1100: 0.318379
2025-12-08 22:16:00 INFO     Training average negative_fact_loss at step 1100: 0.300243
2025-12-08 22:16:00 INFO     Training average positive_rule_loss at step 1100: 1.783077
2025-12-08 22:16:00 INFO     Training average negative_rule_loss at step 1100: 2.407196
2025-12-08 22:16:00 INFO     Training average L_uncertainty at step 1100: 54.629346
2025-12-08 22:16:00 INFO     Training average L_kl at step 1100: 53971.145664
2025-12-08 22:16:00 INFO     Training average L_sigma at step 1100: 658.197401
2025-12-08 22:16:00 INFO     Training average mu_mean at step 1100: -3.024046
2025-12-08 22:16:00 INFO     Training average sigma_mean at step 1100: 0.279325
2025-12-08 22:16:00 INFO     Training average regularization at step 1100: 0.006167
2025-12-08 22:16:00 INFO     Training average loss at step 1100: 2.465244
2025-12-08 22:17:00 INFO     Training average positive_fact_loss at step 1200: 0.318329
2025-12-08 22:17:00 INFO     Training average negative_fact_loss at step 1200: 0.300143
2025-12-08 22:17:00 INFO     Training average positive_rule_loss at step 1200: 1.778573
2025-12-08 22:17:00 INFO     Training average negative_rule_loss at step 1200: 2.412613
2025-12-08 22:17:00 INFO     Training average L_uncertainty at step 1200: 54.448213
2025-12-08 22:17:00 INFO     Training average L_kl at step 1200: 53799.750195
2025-12-08 22:17:00 INFO     Training average L_sigma at step 1200: 648.459695
2025-12-08 22:17:00 INFO     Training average mu_mean at step 1200: -3.018517
2025-12-08 22:17:00 INFO     Training average sigma_mean at step 1200: 0.279539
2025-12-08 22:17:00 INFO     Training average regularization at step 1200: 0.006171
2025-12-08 22:17:00 INFO     Training average loss at step 1200: 2.465448
2025-12-08 22:17:52 INFO     Training average positive_fact_loss at step 1300: 0.318457
2025-12-08 22:17:52 INFO     Training average negative_fact_loss at step 1300: 0.298998
2025-12-08 22:17:52 INFO     Training average positive_rule_loss at step 1300: 1.782662
2025-12-08 22:17:52 INFO     Training average negative_rule_loss at step 1300: 2.407448
2025-12-08 22:17:52 INFO     Training average L_uncertainty at step 1300: 54.557868
2025-12-08 22:17:52 INFO     Training average L_kl at step 1300: 53935.311523
2025-12-08 22:17:52 INFO     Training average L_sigma at step 1300: 622.553427
2025-12-08 22:17:52 INFO     Training average mu_mean at step 1300: -3.022832
2025-12-08 22:17:52 INFO     Training average sigma_mean at step 1300: 0.279512
2025-12-08 22:17:52 INFO     Training average regularization at step 1300: 0.006175
2025-12-08 22:17:52 INFO     Training average loss at step 1300: 2.464515
2025-12-08 22:18:48 INFO     Training average positive_fact_loss at step 1400: 0.317645
2025-12-08 22:18:48 INFO     Training average negative_fact_loss at step 1400: 0.298093
2025-12-08 22:18:48 INFO     Training average positive_rule_loss at step 1400: 1.777881
2025-12-08 22:18:48 INFO     Training average negative_rule_loss at step 1400: 2.413144
2025-12-08 22:18:48 INFO     Training average L_uncertainty at step 1400: 54.439091
2025-12-08 22:18:48 INFO     Training average L_kl at step 1400: 53845.951914
2025-12-08 22:18:48 INFO     Training average L_sigma at step 1400: 593.136174
2025-12-08 22:18:48 INFO     Training average mu_mean at step 1400: -3.019389
2025-12-08 22:18:48 INFO     Training average sigma_mean at step 1400: 0.279302
2025-12-08 22:18:48 INFO     Training average regularization at step 1400: 0.006182
2025-12-08 22:18:48 INFO     Training average loss at step 1400: 2.464003
2025-12-08 22:19:44 INFO     Training average positive_fact_loss at step 1500: 0.317268
2025-12-08 22:19:44 INFO     Training average negative_fact_loss at step 1500: 0.298051
2025-12-08 22:19:44 INFO     Training average positive_rule_loss at step 1500: 1.781692
2025-12-08 22:19:44 INFO     Training average negative_rule_loss at step 1500: 2.408190
2025-12-08 22:19:44 INFO     Training average L_uncertainty at step 1500: 54.370751
2025-12-08 22:19:44 INFO     Training average L_kl at step 1500: 53789.404297
2025-12-08 22:19:44 INFO     Training average L_sigma at step 1500: 581.343718
2025-12-08 22:19:44 INFO     Training average mu_mean at step 1500: -3.018031
2025-12-08 22:19:44 INFO     Training average sigma_mean at step 1500: 0.279976
2025-12-08 22:19:44 INFO     Training average regularization at step 1500: 0.006185
2025-12-08 22:19:44 INFO     Training average loss at step 1500: 2.463156
2025-12-08 22:20:44 INFO     Training average positive_fact_loss at step 1600: 0.316346
2025-12-08 22:20:44 INFO     Training average negative_fact_loss at step 1600: 0.297327
2025-12-08 22:20:44 INFO     Training average positive_rule_loss at step 1600: 1.777089
2025-12-08 22:20:44 INFO     Training average negative_rule_loss at step 1600: 2.413613
2025-12-08 22:20:44 INFO     Training average L_uncertainty at step 1600: 54.265805
2025-12-08 22:20:44 INFO     Training average L_kl at step 1600: 53716.093008
2025-12-08 22:20:44 INFO     Training average L_sigma at step 1600: 549.709584
2025-12-08 22:20:44 INFO     Training average mu_mean at step 1600: -3.014936
2025-12-08 22:20:44 INFO     Training average sigma_mean at step 1600: 0.279786
2025-12-08 22:20:44 INFO     Training average regularization at step 1600: 0.006202
2025-12-08 22:20:44 INFO     Training average loss at step 1600: 2.462655
2025-12-08 22:21:40 INFO     Training average positive_fact_loss at step 1700: 0.316679
2025-12-08 22:21:40 INFO     Training average negative_fact_loss at step 1700: 0.296997
2025-12-08 22:21:40 INFO     Training average positive_rule_loss at step 1700: 1.780576
2025-12-08 22:21:40 INFO     Training average negative_rule_loss at step 1700: 2.408997
2025-12-08 22:21:40 INFO     Training average L_uncertainty at step 1700: 54.164415
2025-12-08 22:21:40 INFO     Training average L_kl at step 1700: 53628.192891
2025-12-08 22:21:40 INFO     Training average L_sigma at step 1700: 536.219789
2025-12-08 22:21:40 INFO     Training average mu_mean at step 1700: -3.012317
2025-12-08 22:21:40 INFO     Training average sigma_mean at step 1700: 0.280192
2025-12-08 22:21:40 INFO     Training average regularization at step 1700: 0.006198
2025-12-08 22:21:40 INFO     Training average loss at step 1700: 2.461986
2025-12-08 22:22:40 INFO     Training average positive_fact_loss at step 1800: 0.316523
2025-12-08 22:22:40 INFO     Training average negative_fact_loss at step 1800: 0.296839
2025-12-08 22:22:40 INFO     Training average positive_rule_loss at step 1800: 1.775494
2025-12-08 22:22:40 INFO     Training average negative_rule_loss at step 1800: 2.414814
2025-12-08 22:22:40 INFO     Training average L_uncertainty at step 1800: 53.959683
2025-12-08 22:22:40 INFO     Training average L_kl at step 1800: 53445.731328
2025-12-08 22:22:40 INFO     Training average L_sigma at step 1800: 513.949657
2025-12-08 22:22:40 INFO     Training average mu_mean at step 1800: -3.005807
2025-12-08 22:22:40 INFO     Training average sigma_mean at step 1800: 0.280070
2025-12-08 22:22:40 INFO     Training average regularization at step 1800: 0.006202
2025-12-08 22:22:40 INFO     Training average loss at step 1800: 2.461996
2025-12-08 22:23:36 INFO     Training average positive_fact_loss at step 1900: 0.316933
2025-12-08 22:23:36 INFO     Training average negative_fact_loss at step 1900: 0.295954
2025-12-08 22:23:36 INFO     Training average positive_rule_loss at step 1900: 1.779367
2025-12-08 22:23:36 INFO     Training average negative_rule_loss at step 1900: 2.409597
2025-12-08 22:23:36 INFO     Training average L_uncertainty at step 1900: 53.959704
2025-12-08 22:23:36 INFO     Training average L_kl at step 1900: 53452.720977
2025-12-08 22:23:36 INFO     Training average L_sigma at step 1900: 506.980740
2025-12-08 22:23:36 INFO     Training average mu_mean at step 1900: -3.006018
2025-12-08 22:23:36 INFO     Training average sigma_mean at step 1900: 0.280230
2025-12-08 22:23:36 INFO     Training average regularization at step 1900: 0.006208
2025-12-08 22:23:36 INFO     Training average loss at step 1900: 2.461093
2025-12-08 22:24:28 INFO     Training average positive_fact_loss at step 2000: 0.316713
2025-12-08 22:24:28 INFO     Training average negative_fact_loss at step 2000: 0.296069
2025-12-08 22:24:28 INFO     Training average positive_rule_loss at step 2000: 1.773445
2025-12-08 22:24:28 INFO     Training average negative_rule_loss at step 2000: 2.416251
2025-12-08 22:24:28 INFO     Training average L_uncertainty at step 2000: 53.641583
2025-12-08 22:24:28 INFO     Training average L_kl at step 2000: 53144.790664
2025-12-08 22:24:28 INFO     Training average L_sigma at step 2000: 496.790045
2025-12-08 22:24:28 INFO     Training average mu_mean at step 2000: -2.995349
2025-12-08 22:24:28 INFO     Training average sigma_mean at step 2000: 0.280143
2025-12-08 22:24:28 INFO     Training average regularization at step 2000: 0.006203
2025-12-08 22:24:28 INFO     Training average loss at step 2000: 2.461083
2025-12-08 22:24:28 INFO     Evaluating on Valid Dataset...
2025-12-08 22:24:28 INFO     >>>>> RuleE emb: Evaluating on valid
2025-12-08 22:24:38 INFO     Data : 4274
2025-12-08 22:24:38 INFO     Hit1 : 0.532990
2025-12-08 22:24:38 INFO     Hit3 : 0.767431
2025-12-08 22:24:38 INFO     Hit10: 0.938699
2025-12-08 22:24:38 INFO     MR   : 3.434488
2025-12-08 22:24:38 INFO     MRR  : 0.670074
2025-12-08 22:25:36 INFO     Training average positive_fact_loss at step 2100: 0.316157
2025-12-08 22:25:36 INFO     Training average negative_fact_loss at step 2100: 0.295455
2025-12-08 22:25:36 INFO     Training average positive_rule_loss at step 2100: 1.777300
2025-12-08 22:25:36 INFO     Training average negative_rule_loss at step 2100: 2.410855
2025-12-08 22:25:36 INFO     Training average L_uncertainty at step 2100: 53.671520
2025-12-08 22:25:36 INFO     Training average L_kl at step 2100: 53182.498437
2025-12-08 22:25:36 INFO     Training average L_sigma at step 2100: 489.018932
2025-12-08 22:25:36 INFO     Training average mu_mean at step 2100: -2.996216
2025-12-08 22:25:36 INFO     Training average sigma_mean at step 2100: 0.280096
2025-12-08 22:25:36 INFO     Training average regularization at step 2100: 0.006197
2025-12-08 22:25:36 INFO     Training average loss at step 2100: 2.459752
2025-12-08 22:26:36 INFO     Training average positive_fact_loss at step 2200: 0.315982
2025-12-08 22:26:36 INFO     Training average negative_fact_loss at step 2200: 0.295314
2025-12-08 22:26:36 INFO     Training average positive_rule_loss at step 2200: 1.770877
2025-12-08 22:26:36 INFO     Training average negative_rule_loss at step 2200: 2.417872
2025-12-08 22:26:36 INFO     Training average L_uncertainty at step 2200: 53.303865
2025-12-08 22:26:36 INFO     Training average L_kl at step 2200: 52815.477070
2025-12-08 22:26:36 INFO     Training average L_sigma at step 2200: 488.385314
2025-12-08 22:26:36 INFO     Training average mu_mean at step 2200: -2.983507
2025-12-08 22:26:36 INFO     Training average sigma_mean at step 2200: 0.280183
2025-12-08 22:26:36 INFO     Training average regularization at step 2200: 0.006196
2025-12-08 22:26:36 INFO     Training average loss at step 2200: 2.459523
2025-12-08 22:27:32 INFO     Training average positive_fact_loss at step 2300: 0.315839
2025-12-08 22:27:32 INFO     Training average negative_fact_loss at step 2300: 0.295224
2025-12-08 22:27:32 INFO     Training average positive_rule_loss at step 2300: 1.774161
2025-12-08 22:27:32 INFO     Training average negative_rule_loss at step 2300: 2.412817
2025-12-08 22:27:32 INFO     Training average L_uncertainty at step 2300: 53.185338
2025-12-08 22:27:32 INFO     Training average L_kl at step 2300: 52694.865312
2025-12-08 22:27:32 INFO     Training average L_sigma at step 2300: 490.469936
2025-12-08 22:27:32 INFO     Training average mu_mean at step 2300: -2.978968
2025-12-08 22:27:32 INFO     Training average sigma_mean at step 2300: 0.280391
2025-12-08 22:27:32 INFO     Training average regularization at step 2300: 0.006203
2025-12-08 22:27:32 INFO     Training average loss at step 2300: 2.458409
2025-12-08 22:28:32 INFO     Training average positive_fact_loss at step 2400: 0.315361
2025-12-08 22:28:32 INFO     Training average negative_fact_loss at step 2400: 0.295358
2025-12-08 22:28:32 INFO     Training average positive_rule_loss at step 2400: 1.767941
2025-12-08 22:28:32 INFO     Training average negative_rule_loss at step 2400: 2.419321
2025-12-08 22:28:32 INFO     Training average L_uncertainty at step 2400: 52.889597
2025-12-08 22:28:32 INFO     Training average L_kl at step 2400: 52408.296445
2025-12-08 22:28:32 INFO     Training average L_sigma at step 2400: 481.297580
2025-12-08 22:28:32 INFO     Training average mu_mean at step 2400: -2.968324
2025-12-08 22:28:32 INFO     Training average sigma_mean at step 2400: 0.280182
2025-12-08 22:28:32 INFO     Training average regularization at step 2400: 0.006193
2025-12-08 22:28:32 INFO     Training average loss at step 2400: 2.458072
2025-12-08 22:29:28 INFO     Training average positive_fact_loss at step 2500: 0.315940
2025-12-08 22:29:28 INFO     Training average negative_fact_loss at step 2500: 0.294852
2025-12-08 22:29:28 INFO     Training average positive_rule_loss at step 2500: 1.769857
2025-12-08 22:29:28 INFO     Training average negative_rule_loss at step 2500: 2.415477
2025-12-08 22:29:28 INFO     Training average L_uncertainty at step 2500: 52.687851
2025-12-08 22:29:28 INFO     Training average L_kl at step 2500: 52206.673320
2025-12-08 22:29:28 INFO     Training average L_sigma at step 2500: 481.175178
2025-12-08 22:29:28 INFO     Training average mu_mean at step 2500: -2.960447
2025-12-08 22:29:28 INFO     Training average sigma_mean at step 2500: 0.280258
2025-12-08 22:29:28 INFO     Training average regularization at step 2500: 0.006201
2025-12-08 22:29:28 INFO     Training average loss at step 2500: 2.456952
2025-12-08 22:30:24 INFO     Training average positive_fact_loss at step 2600: 0.315853
2025-12-08 22:30:24 INFO     Training average negative_fact_loss at step 2600: 0.294524
2025-12-08 22:30:24 INFO     Training average positive_rule_loss at step 2600: 1.763100
2025-12-08 22:30:24 INFO     Training average negative_rule_loss at step 2600: 2.422123
2025-12-08 22:30:24 INFO     Training average L_uncertainty at step 2600: 52.324213
2025-12-08 22:30:24 INFO     Training average L_kl at step 2600: 51848.452227
2025-12-08 22:30:24 INFO     Training average L_sigma at step 2600: 475.757919
2025-12-08 22:30:24 INFO     Training average mu_mean at step 2600: -2.946657
2025-12-08 22:30:24 INFO     Training average sigma_mean at step 2600: 0.280211
2025-12-08 22:30:24 INFO     Training average regularization at step 2600: 0.006213
2025-12-08 22:30:24 INFO     Training average loss at step 2600: 2.456337
2025-12-08 22:31:16 INFO     Training average positive_fact_loss at step 2700: 0.315744
2025-12-08 22:31:16 INFO     Training average negative_fact_loss at step 2700: 0.294033
2025-12-08 22:31:16 INFO     Training average positive_rule_loss at step 2700: 1.764738
2025-12-08 22:31:16 INFO     Training average negative_rule_loss at step 2700: 2.418021
2025-12-08 22:31:16 INFO     Training average L_uncertainty at step 2700: 52.120395
2025-12-08 22:31:16 INFO     Training average L_kl at step 2700: 51644.748477
2025-12-08 22:31:16 INFO     Training average L_sigma at step 2700: 475.643989
2025-12-08 22:31:16 INFO     Training average mu_mean at step 2700: -2.938145
2025-12-08 22:31:16 INFO     Training average sigma_mean at step 2700: 0.280293
2025-12-08 22:31:16 INFO     Training average regularization at step 2700: 0.006213
2025-12-08 22:31:16 INFO     Training average loss at step 2700: 2.454602
2025-12-08 22:32:16 INFO     Training average positive_fact_loss at step 2800: 0.314921
2025-12-08 22:32:16 INFO     Training average negative_fact_loss at step 2800: 0.294343
2025-12-08 22:32:16 INFO     Training average positive_rule_loss at step 2800: 1.757563
2025-12-08 22:32:16 INFO     Training average negative_rule_loss at step 2800: 2.424249
2025-12-08 22:32:16 INFO     Training average L_uncertainty at step 2800: 51.853822
2025-12-08 22:32:16 INFO     Training average L_kl at step 2800: 51386.490391
2025-12-08 22:32:16 INFO     Training average L_sigma at step 2800: 467.329394
2025-12-08 22:32:16 INFO     Training average mu_mean at step 2800: -2.926539
2025-12-08 22:32:16 INFO     Training average sigma_mean at step 2800: 0.280079
2025-12-08 22:32:16 INFO     Training average regularization at step 2800: 0.006200
2025-12-08 22:32:16 INFO     Training average loss at step 2800: 2.453592
2025-12-08 22:33:12 INFO     Training average positive_fact_loss at step 2900: 0.315385
2025-12-08 22:33:12 INFO     Training average negative_fact_loss at step 2900: 0.294142
2025-12-08 22:33:12 INFO     Training average positive_rule_loss at step 2900: 1.757126
2025-12-08 22:33:12 INFO     Training average negative_rule_loss at step 2900: 2.421632
2025-12-08 22:33:12 INFO     Training average L_uncertainty at step 2900: 51.528335
2025-12-08 22:33:12 INFO     Training average L_kl at step 2900: 51059.923008
2025-12-08 22:33:12 INFO     Training average L_sigma at step 2900: 468.409331
2025-12-08 22:33:12 INFO     Training average mu_mean at step 2900: -2.912371
2025-12-08 22:33:12 INFO     Training average sigma_mean at step 2900: 0.280192
2025-12-08 22:33:12 INFO     Training average regularization at step 2900: 0.006211
2025-12-08 22:33:12 INFO     Training average loss at step 2900: 2.451882
2025-12-08 22:34:12 INFO     Training average positive_fact_loss at step 3000: 0.315340
2025-12-08 22:34:12 INFO     Training average negative_fact_loss at step 3000: 0.294003
2025-12-08 22:34:12 INFO     Training average positive_rule_loss at step 3000: 1.748657
2025-12-08 22:34:12 INFO     Training average negative_rule_loss at step 3000: 2.428230
2025-12-08 22:34:12 INFO     Training average L_uncertainty at step 3000: 51.304548
2025-12-08 22:34:12 INFO     Training average L_kl at step 3000: 50844.870195
2025-12-08 22:34:12 INFO     Training average L_sigma at step 3000: 459.675844
2025-12-08 22:34:12 INFO     Training average mu_mean at step 3000: -2.900896
2025-12-08 22:34:12 INFO     Training average sigma_mean at step 3000: 0.279935
2025-12-08 22:34:12 INFO     Training average regularization at step 3000: 0.006208
2025-12-08 22:34:12 INFO     Training average loss at step 3000: 2.450628
2025-12-08 22:34:12 INFO     Evaluating on Valid Dataset...
2025-12-08 22:34:12 INFO     >>>>> RuleE emb: Evaluating on valid
2025-12-08 22:34:23 INFO     Data : 4274
2025-12-08 22:34:23 INFO     Hit1 : 0.529247
2025-12-08 22:34:23 INFO     Hit3 : 0.765793
2025-12-08 22:34:23 INFO     Hit10: 0.938933
2025-12-08 22:34:23 INFO     MR   : 3.456949
2025-12-08 22:34:23 INFO     MRR  : 0.668427
2025-12-08 22:35:19 INFO     Training average positive_fact_loss at step 3100: 0.315224
2025-12-08 22:35:19 INFO     Training average negative_fact_loss at step 3100: 0.293931
2025-12-08 22:35:19 INFO     Training average positive_rule_loss at step 3100: 1.748850
2025-12-08 22:35:19 INFO     Training average negative_rule_loss at step 3100: 2.423813
2025-12-08 22:35:19 INFO     Training average L_uncertainty at step 3100: 51.089902
2025-12-08 22:35:19 INFO     Training average L_kl at step 3100: 50630.231211
2025-12-08 22:35:19 INFO     Training average L_sigma at step 3100: 459.667743
2025-12-08 22:35:19 INFO     Training average mu_mean at step 3100: -2.889232
2025-12-08 22:35:19 INFO     Training average sigma_mean at step 3100: 0.279906
2025-12-08 22:35:19 INFO     Training average regularization at step 3100: 0.006206
2025-12-08 22:35:19 INFO     Training average loss at step 3100: 2.448205
2025-12-08 22:36:19 INFO     Training average positive_fact_loss at step 3200: 0.315461
2025-12-08 22:36:19 INFO     Training average negative_fact_loss at step 3200: 0.293764
2025-12-08 22:36:19 INFO     Training average positive_rule_loss at step 3200: 1.741780
2025-12-08 22:36:19 INFO     Training average negative_rule_loss at step 3200: 2.428098
2025-12-08 22:36:19 INFO     Training average L_uncertainty at step 3200: 50.850354
2025-12-08 22:36:19 INFO     Training average L_kl at step 3200: 50396.363437
2025-12-08 22:36:19 INFO     Training average L_sigma at step 3200: 453.988329
2025-12-08 22:36:19 INFO     Training average mu_mean at step 3200: -2.876364
2025-12-08 22:36:19 INFO     Training average sigma_mean at step 3200: 0.279708
2025-12-08 22:36:19 INFO     Training average regularization at step 3200: 0.006209
2025-12-08 22:36:19 INFO     Training average loss at step 3200: 2.446611
2025-12-08 22:37:06 INFO     Training average positive_fact_loss at step 3300: 0.315075
2025-12-08 22:37:06 INFO     Training average negative_fact_loss at step 3300: 0.293629
2025-12-08 22:37:06 INFO     Training average positive_rule_loss at step 3300: 1.739823
2025-12-08 22:37:06 INFO     Training average negative_rule_loss at step 3300: 2.425567
2025-12-08 22:37:06 INFO     Training average L_uncertainty at step 3300: 50.474135
2025-12-08 22:37:06 INFO     Training average L_kl at step 3300: 50018.411875
2025-12-08 22:37:06 INFO     Training average L_sigma at step 3300: 455.720829
2025-12-08 22:37:06 INFO     Training average mu_mean at step 3300: -2.858225
2025-12-08 22:37:06 INFO     Training average sigma_mean at step 3300: 0.279749
2025-12-08 22:37:06 INFO     Training average regularization at step 3300: 0.006214
2025-12-08 22:37:06 INFO     Training average loss at step 3300: 2.443735
2025-12-08 22:38:06 INFO     Training average positive_fact_loss at step 3400: 0.315077
2025-12-08 22:38:06 INFO     Training average negative_fact_loss at step 3400: 0.292971
2025-12-08 22:38:06 INFO     Training average positive_rule_loss at step 3400: 1.733669
2025-12-08 22:38:06 INFO     Training average negative_rule_loss at step 3400: 2.427261
2025-12-08 22:38:06 INFO     Training average L_uncertainty at step 3400: 50.468103
2025-12-08 22:38:06 INFO     Training average L_kl at step 3400: 50015.582148
2025-12-08 22:38:06 INFO     Training average L_sigma at step 3400: 452.518399
2025-12-08 22:38:06 INFO     Training average mu_mean at step 3400: -2.851922
2025-12-08 22:38:06 INFO     Training average sigma_mean at step 3400: 0.279513
2025-12-08 22:38:06 INFO     Training average regularization at step 3400: 0.006229
2025-12-08 22:38:06 INFO     Training average loss at step 3400: 2.441186
2025-12-08 22:39:02 INFO     Training average positive_fact_loss at step 3500: 0.315138
2025-12-08 22:39:02 INFO     Training average negative_fact_loss at step 3500: 0.293530
2025-12-08 22:39:02 INFO     Training average positive_rule_loss at step 3500: 1.732694
2025-12-08 22:39:02 INFO     Training average negative_rule_loss at step 3500: 2.422822
2025-12-08 22:39:02 INFO     Training average L_uncertainty at step 3500: 50.210990
2025-12-08 22:39:02 INFO     Training average L_kl at step 3500: 49754.192930
2025-12-08 22:39:02 INFO     Training average L_sigma at step 3500: 456.794808
2025-12-08 22:39:02 INFO     Training average mu_mean at step 3500: -2.837417
2025-12-08 22:39:02 INFO     Training average sigma_mean at step 3500: 0.279612
2025-12-08 22:39:02 INFO     Training average regularization at step 3500: 0.006211
2025-12-08 22:39:02 INFO     Training average loss at step 3500: 2.438514
2025-12-08 22:40:02 INFO     Training average positive_fact_loss at step 3600: 0.315204
2025-12-08 22:40:02 INFO     Training average negative_fact_loss at step 3600: 0.293536
2025-12-08 22:40:02 INFO     Training average positive_rule_loss at step 3600: 1.728841
2025-12-08 22:40:02 INFO     Training average negative_rule_loss at step 3600: 2.421558
2025-12-08 22:40:02 INFO     Training average L_uncertainty at step 3600: 50.294741
2025-12-08 22:40:02 INFO     Training average L_kl at step 3600: 49843.278828
2025-12-08 22:40:02 INFO     Training average L_sigma at step 3600: 451.460038
2025-12-08 22:40:02 INFO     Training average mu_mean at step 3600: -2.834407
2025-12-08 22:40:02 INFO     Training average sigma_mean at step 3600: 0.279416
2025-12-08 22:40:02 INFO     Training average regularization at step 3600: 0.006199
2025-12-08 22:40:02 INFO     Training average loss at step 3600: 2.436064
2025-12-08 22:40:58 INFO     Training average positive_fact_loss at step 3700: 0.314655
2025-12-08 22:40:58 INFO     Training average negative_fact_loss at step 3700: 0.293321
2025-12-08 22:40:58 INFO     Training average positive_rule_loss at step 3700: 1.728376
2025-12-08 22:40:58 INFO     Training average negative_rule_loss at step 3700: 2.417288
2025-12-08 22:40:58 INFO     Training average L_uncertainty at step 3700: 50.040865
2025-12-08 22:40:58 INFO     Training average L_kl at step 3700: 49591.653086
2025-12-08 22:40:58 INFO     Training average L_sigma at step 3700: 449.209025
2025-12-08 22:40:58 INFO     Training average mu_mean at step 3700: -2.820456
2025-12-08 22:40:58 INFO     Training average sigma_mean at step 3700: 0.279310
2025-12-08 22:40:58 INFO     Training average regularization at step 3700: 0.006213
2025-12-08 22:40:58 INFO     Training average loss at step 3700: 2.433074
2025-12-08 22:41:58 INFO     Training average positive_fact_loss at step 3800: 0.314576
2025-12-08 22:41:58 INFO     Training average negative_fact_loss at step 3800: 0.292963
2025-12-08 22:41:58 INFO     Training average positive_rule_loss at step 3800: 1.727057
2025-12-08 22:41:58 INFO     Training average negative_rule_loss at step 3800: 2.414360
2025-12-08 22:41:58 INFO     Training average L_uncertainty at step 3800: 50.153676
2025-12-08 22:41:58 INFO     Training average L_kl at step 3800: 49709.332148
2025-12-08 22:41:58 INFO     Training average L_sigma at step 3800: 444.340976
2025-12-08 22:41:58 INFO     Training average mu_mean at step 3800: -2.819205
2025-12-08 22:41:58 INFO     Training average sigma_mean at step 3800: 0.279145
2025-12-08 22:41:58 INFO     Training average regularization at step 3800: 0.006225
2025-12-08 22:41:58 INFO     Training average loss at step 3800: 2.430857
2025-12-08 22:42:50 INFO     Training average positive_fact_loss at step 3900: 0.314813
2025-12-08 22:42:50 INFO     Training average negative_fact_loss at step 3900: 0.293358
2025-12-08 22:42:50 INFO     Training average positive_rule_loss at step 3900: 1.728332
2025-12-08 22:42:50 INFO     Training average negative_rule_loss at step 3900: 2.409071
2025-12-08 22:42:50 INFO     Training average L_uncertainty at step 3900: 49.907948
2025-12-08 22:42:50 INFO     Training average L_kl at step 3900: 49467.309805
2025-12-08 22:42:50 INFO     Training average L_sigma at step 3900: 440.635821
2025-12-08 22:42:50 INFO     Training average mu_mean at step 3900: -2.807692
2025-12-08 22:42:50 INFO     Training average sigma_mean at step 3900: 0.278961
2025-12-08 22:42:50 INFO     Training average regularization at step 3900: 0.006223
2025-12-08 22:42:50 INFO     Training average loss at step 3900: 2.428918
2025-12-08 22:43:45 INFO     Training average positive_fact_loss at step 4000: 0.314835
2025-12-08 22:43:45 INFO     Training average negative_fact_loss at step 4000: 0.292736
2025-12-08 22:43:45 INFO     Training average positive_rule_loss at step 4000: 1.727646
2025-12-08 22:43:45 INFO     Training average negative_rule_loss at step 4000: 2.405458
2025-12-08 22:43:45 INFO     Training average L_uncertainty at step 4000: 50.077884
2025-12-08 22:43:45 INFO     Training average L_kl at step 4000: 49631.207461
2025-12-08 22:43:45 INFO     Training average L_sigma at step 4000: 446.673737
2025-12-08 22:43:45 INFO     Training average mu_mean at step 4000: -2.809741
2025-12-08 22:43:45 INFO     Training average sigma_mean at step 4000: 0.279051
2025-12-08 22:43:45 INFO     Training average regularization at step 4000: 0.006229
2025-12-08 22:43:45 INFO     Training average loss at step 4000: 2.426644
2025-12-08 22:43:45 INFO     Evaluating on Valid Dataset...
2025-12-08 22:43:45 INFO     >>>>> RuleE emb: Evaluating on valid
2025-12-08 22:43:56 INFO     Data : 4274
2025-12-08 22:43:56 INFO     Hit1 : 0.528077
2025-12-08 22:43:56 INFO     Hit3 : 0.768601
2025-12-08 22:43:56 INFO     Hit10: 0.942677
2025-12-08 22:43:56 INFO     MR   : 3.426766
2025-12-08 22:43:56 INFO     MRR  : 0.668874
2025-12-08 22:44:51 INFO     Training average positive_fact_loss at step 4100: 0.315543
2025-12-08 22:44:51 INFO     Training average negative_fact_loss at step 4100: 0.292602
2025-12-08 22:44:51 INFO     Training average positive_rule_loss at step 4100: 1.729842
2025-12-08 22:44:51 INFO     Training average negative_rule_loss at step 4100: 2.400917
2025-12-08 22:44:51 INFO     Training average L_uncertainty at step 4100: 49.836651
2025-12-08 22:44:51 INFO     Training average L_kl at step 4100: 49398.972383
2025-12-08 22:44:51 INFO     Training average L_sigma at step 4100: 437.676877
2025-12-08 22:44:51 INFO     Training average mu_mean at step 4100: -2.799414
2025-12-08 22:44:51 INFO     Training average sigma_mean at step 4100: 0.278711
2025-12-08 22:44:51 INFO     Training average regularization at step 4100: 0.006218
2025-12-08 22:44:51 INFO     Training average loss at step 4100: 2.425507
2025-12-08 22:45:52 INFO     Training average positive_fact_loss at step 4200: 0.313829
2025-12-08 22:45:52 INFO     Training average negative_fact_loss at step 4200: 0.292988
2025-12-08 22:45:52 INFO     Training average positive_rule_loss at step 4200: 1.731027
2025-12-08 22:45:52 INFO     Training average negative_rule_loss at step 4200: 2.394758
2025-12-08 22:45:52 INFO     Training average L_uncertainty at step 4200: 50.219427
2025-12-08 22:45:52 INFO     Training average L_kl at step 4200: 49787.284609
2025-12-08 22:45:52 INFO     Training average L_sigma at step 4200: 432.140425
2025-12-08 22:45:52 INFO     Training average mu_mean at step 4200: -2.810289
2025-12-08 22:45:52 INFO     Training average sigma_mean at step 4200: 0.278556
2025-12-08 22:45:52 INFO     Training average regularization at step 4200: 0.006214
2025-12-08 22:45:52 INFO     Training average loss at step 4200: 2.422735
2025-12-08 22:46:48 INFO     Training average positive_fact_loss at step 4300: 0.314424
2025-12-08 22:46:48 INFO     Training average negative_fact_loss at step 4300: 0.292884
2025-12-08 22:46:48 INFO     Training average positive_rule_loss at step 4300: 1.733224
2025-12-08 22:46:48 INFO     Training average negative_rule_loss at step 4300: 2.390444
2025-12-08 22:46:48 INFO     Training average L_uncertainty at step 4300: 49.956301
2025-12-08 22:46:48 INFO     Training average L_kl at step 4300: 49523.046250
2025-12-08 22:46:48 INFO     Training average L_sigma at step 4300: 433.252332
2025-12-08 22:46:48 INFO     Training average mu_mean at step 4300: -2.799406
2025-12-08 22:46:48 INFO     Training average sigma_mean at step 4300: 0.278559
2025-12-08 22:46:48 INFO     Training average regularization at step 4300: 0.006224
2025-12-08 22:46:48 INFO     Training average loss at step 4300: 2.421668
2025-12-08 22:47:48 INFO     Training average positive_fact_loss at step 4400: 0.314151
2025-12-08 22:47:48 INFO     Training average negative_fact_loss at step 4400: 0.292481
2025-12-08 22:47:48 INFO     Training average positive_rule_loss at step 4400: 1.734282
2025-12-08 22:47:48 INFO     Training average negative_rule_loss at step 4400: 2.386504
2025-12-08 22:47:48 INFO     Training average L_uncertainty at step 4400: 50.157249
2025-12-08 22:47:48 INFO     Training average L_kl at step 4400: 49718.073438
2025-12-08 22:47:48 INFO     Training average L_sigma at step 4400: 439.172787
2025-12-08 22:47:48 INFO     Training average mu_mean at step 4400: -2.806236
2025-12-08 22:47:48 INFO     Training average sigma_mean at step 4400: 0.278739
2025-12-08 22:47:48 INFO     Training average regularization at step 4400: 0.006225
2025-12-08 22:47:48 INFO     Training average loss at step 4400: 2.420091
2025-12-08 22:48:44 INFO     Training average positive_fact_loss at step 4500: 0.314994
2025-12-08 22:48:44 INFO     Training average negative_fact_loss at step 4500: 0.292904
2025-12-08 22:48:44 INFO     Training average positive_rule_loss at step 4500: 1.737699
2025-12-08 22:48:44 INFO     Training average negative_rule_loss at step 4500: 2.381038
2025-12-08 22:48:44 INFO     Training average L_uncertainty at step 4500: 49.947765
2025-12-08 22:48:44 INFO     Training average L_kl at step 4500: 49508.022148
2025-12-08 22:48:44 INFO     Training average L_sigma at step 4500: 439.739937
2025-12-08 22:48:44 INFO     Training average mu_mean at step 4500: -2.799106
2025-12-08 22:48:44 INFO     Training average sigma_mean at step 4500: 0.278700
2025-12-08 22:48:44 INFO     Training average regularization at step 4500: 0.006224
2025-12-08 22:48:44 INFO     Training average loss at step 4500: 2.419490
2025-12-08 22:49:35 INFO     Training average positive_fact_loss at step 4600: 0.314777
2025-12-08 22:49:35 INFO     Training average negative_fact_loss at step 4600: 0.292340
2025-12-08 22:49:35 INFO     Training average positive_rule_loss at step 4600: 1.739263
2025-12-08 22:49:35 INFO     Training average negative_rule_loss at step 4600: 2.377764
2025-12-08 22:49:35 INFO     Training average L_uncertainty at step 4600: 50.119039
2025-12-08 22:49:35 INFO     Training average L_kl at step 4600: 49688.199883
2025-12-08 22:49:35 INFO     Training average L_sigma at step 4600: 430.836367
2025-12-08 22:49:35 INFO     Training average mu_mean at step 4600: -2.803484
2025-12-08 22:49:35 INFO     Training average sigma_mean at step 4600: 0.278380
2025-12-08 22:49:35 INFO     Training average regularization at step 4600: 0.006226
2025-12-08 22:49:35 INFO     Training average loss at step 4600: 2.418417
2025-12-08 22:50:31 INFO     Training average positive_fact_loss at step 4700: 0.314077
2025-12-08 22:50:31 INFO     Training average negative_fact_loss at step 4700: 0.292430
2025-12-08 22:50:31 INFO     Training average positive_rule_loss at step 4700: 1.741960
2025-12-08 22:50:31 INFO     Training average negative_rule_loss at step 4700: 2.372486
2025-12-08 22:50:31 INFO     Training average L_uncertainty at step 4700: 50.121721
2025-12-08 22:50:31 INFO     Training average L_kl at step 4700: 49688.891406
2025-12-08 22:50:31 INFO     Training average L_sigma at step 4700: 432.827274
2025-12-08 22:50:31 INFO     Training average mu_mean at step 4700: -2.803383
2025-12-08 22:50:31 INFO     Training average sigma_mean at step 4700: 0.278395
2025-12-08 22:50:31 INFO     Training average regularization at step 4700: 0.006233
2025-12-08 22:50:31 INFO     Training average loss at step 4700: 2.416832
2025-12-08 22:51:31 INFO     Training average positive_fact_loss at step 4800: 0.314257
2025-12-08 22:51:31 INFO     Training average negative_fact_loss at step 4800: 0.292432
2025-12-08 22:51:31 INFO     Training average positive_rule_loss at step 4800: 1.743716
2025-12-08 22:51:31 INFO     Training average negative_rule_loss at step 4800: 2.369243
2025-12-08 22:51:31 INFO     Training average L_uncertainty at step 4800: 50.312476
2025-12-08 22:51:31 INFO     Training average L_kl at step 4800: 49877.485000
2025-12-08 22:51:31 INFO     Training average L_sigma at step 4800: 434.988788
2025-12-08 22:51:31 INFO     Training average mu_mean at step 4800: -2.809240
2025-12-08 22:51:31 INFO     Training average sigma_mean at step 4800: 0.278284
2025-12-08 22:51:31 INFO     Training average regularization at step 4800: 0.006231
2025-12-08 22:51:31 INFO     Training average loss at step 4800: 2.416367
2025-12-08 22:52:27 INFO     Training average positive_fact_loss at step 4900: 0.314547
2025-12-08 22:52:27 INFO     Training average negative_fact_loss at step 4900: 0.292451
2025-12-08 22:52:27 INFO     Training average positive_rule_loss at step 4900: 1.744743
2025-12-08 22:52:27 INFO     Training average negative_rule_loss at step 4900: 2.367078
2025-12-08 22:52:27 INFO     Training average L_uncertainty at step 4900: 49.997234
2025-12-08 22:52:27 INFO     Training average L_kl at step 4900: 49568.309375
2025-12-08 22:52:27 INFO     Training average L_sigma at step 4900: 428.921895
2025-12-08 22:52:27 INFO     Training average mu_mean at step 4900: -2.798813
2025-12-08 22:52:27 INFO     Training average sigma_mean at step 4900: 0.278262
2025-12-08 22:52:27 INFO     Training average regularization at step 4900: 0.006227
2025-12-08 22:52:27 INFO     Training average loss at step 4900: 2.415634
2025-12-08 22:53:28 INFO     Training average positive_fact_loss at step 5000: 0.314238
2025-12-08 22:53:28 INFO     Training average negative_fact_loss at step 5000: 0.292708
2025-12-08 22:53:28 INFO     Training average positive_rule_loss at step 5000: 1.747375
2025-12-08 22:53:28 INFO     Training average negative_rule_loss at step 5000: 2.362205
2025-12-08 22:53:28 INFO     Training average L_uncertainty at step 5000: 50.250434
2025-12-08 22:53:28 INFO     Training average L_kl at step 5000: 49816.896172
2025-12-08 22:53:28 INFO     Training average L_sigma at step 5000: 433.535518
2025-12-08 22:53:28 INFO     Training average mu_mean at step 5000: -2.807022
2025-12-08 22:53:28 INFO     Training average sigma_mean at step 5000: 0.278480
2025-12-08 22:53:28 INFO     Training average regularization at step 5000: 0.006219
2025-12-08 22:53:28 INFO     Training average loss at step 5000: 2.414733
2025-12-08 22:53:28 INFO     Evaluating on Valid Dataset...
2025-12-08 22:53:28 INFO     >>>>> RuleE emb: Evaluating on valid
2025-12-08 22:53:38 INFO     Data : 4274
2025-12-08 22:53:38 INFO     Hit1 : 0.530416
2025-12-08 22:53:38 INFO     Hit3 : 0.765793
2025-12-08 22:53:38 INFO     Hit10: 0.940571
2025-12-08 22:53:38 INFO     MR   : 3.438465
2025-12-08 22:53:38 INFO     MRR  : 0.669063
2025-12-08 22:54:34 INFO     Training average positive_fact_loss at step 5100: 0.314907
2025-12-08 22:54:34 INFO     Training average negative_fact_loss at step 5100: 0.292732
2025-12-08 22:54:34 INFO     Training average positive_rule_loss at step 5100: 1.749273
2025-12-08 22:54:34 INFO     Training average negative_rule_loss at step 5100: 2.359959
2025-12-08 22:54:34 INFO     Training average L_uncertainty at step 5100: 50.080298
2025-12-08 22:54:34 INFO     Training average L_kl at step 5100: 49648.712734
2025-12-08 22:54:34 INFO     Training average L_sigma at step 5100: 431.583308
2025-12-08 22:54:34 INFO     Training average mu_mean at step 5100: -2.801582
2025-12-08 22:54:34 INFO     Training average sigma_mean at step 5100: 0.278166
2025-12-08 22:54:34 INFO     Training average regularization at step 5100: 0.006224
2025-12-08 22:54:34 INFO     Training average loss at step 5100: 2.414739
2025-12-08 22:55:30 INFO     Training average positive_fact_loss at step 5200: 0.314205
2025-12-08 22:55:30 INFO     Training average negative_fact_loss at step 5200: 0.291671
2025-12-08 22:55:30 INFO     Training average positive_rule_loss at step 5200: 1.752388
2025-12-08 22:55:30 INFO     Training average negative_rule_loss at step 5200: 2.354090
2025-12-08 22:55:30 INFO     Training average L_uncertainty at step 5200: 50.463847
2025-12-08 22:55:30 INFO     Training average L_kl at step 5200: 50027.295547
2025-12-08 22:55:30 INFO     Training average L_sigma at step 5200: 436.549243
2025-12-08 22:55:30 INFO     Training average mu_mean at step 5200: -2.813879
2025-12-08 22:55:30 INFO     Training average sigma_mean at step 5200: 0.278232
2025-12-08 22:55:30 INFO     Training average regularization at step 5200: 0.006233
2025-12-08 22:55:30 INFO     Training average loss at step 5200: 2.412874
2025-12-08 22:56:22 INFO     Training average positive_fact_loss at step 5300: 0.314468
2025-12-08 22:56:22 INFO     Training average negative_fact_loss at step 5300: 0.292061
2025-12-08 22:56:22 INFO     Training average positive_rule_loss at step 5300: 1.753955
2025-12-08 22:56:22 INFO     Training average negative_rule_loss at step 5300: 2.352008
2025-12-08 22:56:22 INFO     Training average L_uncertainty at step 5300: 50.350783
2025-12-08 22:56:22 INFO     Training average L_kl at step 5300: 49909.214766
2025-12-08 22:56:22 INFO     Training average L_sigma at step 5300: 441.565618
2025-12-08 22:56:22 INFO     Training average mu_mean at step 5300: -2.810366
2025-12-08 22:56:22 INFO     Training average sigma_mean at step 5300: 0.278143
2025-12-08 22:56:22 INFO     Training average regularization at step 5300: 0.006229
2025-12-08 22:56:22 INFO     Training average loss at step 5300: 2.412825
2025-12-08 22:57:22 INFO     Training average positive_fact_loss at step 5400: 0.313881
2025-12-08 22:57:22 INFO     Training average negative_fact_loss at step 5400: 0.292163
2025-12-08 22:57:22 INFO     Training average positive_rule_loss at step 5400: 1.752759
2025-12-08 22:57:22 INFO     Training average negative_rule_loss at step 5400: 2.353762
2025-12-08 22:57:22 INFO     Training average L_uncertainty at step 5400: 50.003988
2025-12-08 22:57:22 INFO     Training average L_kl at step 5400: 49568.285430
2025-12-08 22:57:22 INFO     Training average L_sigma at step 5400: 435.700373
2025-12-08 22:57:22 INFO     Training average mu_mean at step 5400: -2.798774
2025-12-08 22:57:22 INFO     Training average sigma_mean at step 5400: 0.278383
2025-12-08 22:57:22 INFO     Training average regularization at step 5400: 0.006229
2025-12-08 22:57:22 INFO     Training average loss at step 5400: 2.412515
2025-12-08 22:58:18 INFO     Training average positive_fact_loss at step 5500: 0.314513
2025-12-08 22:58:18 INFO     Training average negative_fact_loss at step 5500: 0.292337
2025-12-08 22:58:18 INFO     Training average positive_rule_loss at step 5500: 1.755526
2025-12-08 22:58:18 INFO     Training average negative_rule_loss at step 5500: 2.348045
2025-12-08 22:58:18 INFO     Training average L_uncertainty at step 5500: 50.230166
2025-12-08 22:58:18 INFO     Training average L_kl at step 5500: 49804.947500
2025-12-08 22:58:18 INFO     Training average L_sigma at step 5500: 425.215938
2025-12-08 22:58:18 INFO     Training average mu_mean at step 5500: -2.806056
2025-12-08 22:58:18 INFO     Training average sigma_mean at step 5500: 0.277951
2025-12-08 22:58:18 INFO     Training average regularization at step 5500: 0.006219
2025-12-08 22:58:18 INFO     Training average loss at step 5500: 2.411660
2025-12-08 22:59:18 INFO     Training average positive_fact_loss at step 5600: 0.313672
2025-12-08 22:59:18 INFO     Training average negative_fact_loss at step 5600: 0.292284
2025-12-08 22:59:18 INFO     Training average positive_rule_loss at step 5600: 1.756405
2025-12-08 22:59:18 INFO     Training average negative_rule_loss at step 5600: 2.346613
2025-12-08 22:59:18 INFO     Training average L_uncertainty at step 5600: 50.292131
2025-12-08 22:59:18 INFO     Training average L_kl at step 5600: 49861.852656
2025-12-08 22:59:18 INFO     Training average L_sigma at step 5600: 430.275636
2025-12-08 22:59:18 INFO     Training average mu_mean at step 5600: -2.808172
2025-12-08 22:59:18 INFO     Training average sigma_mean at step 5600: 0.278216
2025-12-08 22:59:18 INFO     Training average regularization at step 5600: 0.006217
2025-12-08 22:59:18 INFO     Training average loss at step 5600: 2.410995
2025-12-08 23:00:14 INFO     Training average positive_fact_loss at step 5700: 0.314824
2025-12-08 23:00:14 INFO     Training average negative_fact_loss at step 5700: 0.292409
2025-12-08 23:00:14 INFO     Training average positive_rule_loss at step 5700: 1.757399
2025-12-08 23:00:14 INFO     Training average negative_rule_loss at step 5700: 2.343683
2025-12-08 23:00:14 INFO     Training average L_uncertainty at step 5700: 50.057220
2025-12-08 23:00:14 INFO     Training average L_kl at step 5700: 49624.249961
2025-12-08 23:00:14 INFO     Training average L_sigma at step 5700: 432.967365
2025-12-08 23:00:14 INFO     Training average mu_mean at step 5700: -2.799900
2025-12-08 23:00:14 INFO     Training average sigma_mean at step 5700: 0.278213
2025-12-08 23:00:14 INFO     Training average regularization at step 5700: 0.006226
2025-12-08 23:00:14 INFO     Training average loss at step 5700: 2.410441
2025-12-08 23:01:15 INFO     Training average positive_fact_loss at step 5800: 0.313939
2025-12-08 23:01:15 INFO     Training average negative_fact_loss at step 5800: 0.292162
2025-12-08 23:01:15 INFO     Training average positive_rule_loss at step 5800: 1.760060
2025-12-08 23:01:15 INFO     Training average negative_rule_loss at step 5800: 2.342160
2025-12-08 23:01:15 INFO     Training average L_uncertainty at step 5800: 50.273756
2025-12-08 23:01:15 INFO     Training average L_kl at step 5800: 49838.264727
2025-12-08 23:01:15 INFO     Training average L_sigma at step 5800: 435.488841
2025-12-08 23:01:15 INFO     Training average mu_mean at step 5800: -2.807202
2025-12-08 23:01:15 INFO     Training average sigma_mean at step 5800: 0.278121
2025-12-08 23:01:15 INFO     Training average regularization at step 5800: 0.006219
2025-12-08 23:01:15 INFO     Training average loss at step 5800: 2.410653
2025-12-08 23:02:01 INFO     Training average positive_fact_loss at step 5900: 0.314894
2025-12-08 23:02:01 INFO     Training average negative_fact_loss at step 5900: 0.291880
2025-12-08 23:02:01 INFO     Training average positive_rule_loss at step 5900: 1.759718
2025-12-08 23:02:01 INFO     Training average negative_rule_loss at step 5900: 2.340405
2025-12-08 23:02:01 INFO     Training average L_uncertainty at step 5900: 50.142467
2025-12-08 23:02:01 INFO     Training average L_kl at step 5900: 49709.337773
2025-12-08 23:02:01 INFO     Training average L_sigma at step 5900: 433.126855
2025-12-08 23:02:01 INFO     Training average mu_mean at step 5900: -2.803022
2025-12-08 23:02:01 INFO     Training average sigma_mean at step 5900: 0.278300
2025-12-08 23:02:01 INFO     Training average regularization at step 5900: 0.006228
2025-12-08 23:02:01 INFO     Training average loss at step 5900: 2.409819
2025-12-08 23:03:02 INFO     Training average positive_fact_loss at step 6000: 0.314267
2025-12-08 23:03:02 INFO     Training average negative_fact_loss at step 6000: 0.291913
2025-12-08 23:03:02 INFO     Training average positive_rule_loss at step 6000: 1.760162
2025-12-08 23:03:02 INFO     Training average negative_rule_loss at step 6000: 2.338600
2025-12-08 23:03:02 INFO     Training average L_uncertainty at step 6000: 50.190435
2025-12-08 23:03:02 INFO     Training average L_kl at step 6000: 49761.460234
2025-12-08 23:03:02 INFO     Training average L_sigma at step 6000: 428.972177
2025-12-08 23:03:02 INFO     Training average mu_mean at step 6000: -2.804062
2025-12-08 23:03:02 INFO     Training average sigma_mean at step 6000: 0.278019
2025-12-08 23:03:02 INFO     Training average regularization at step 6000: 0.006222
2025-12-08 23:03:02 INFO     Training average loss at step 6000: 2.408883
2025-12-08 23:03:02 INFO     Evaluating on Valid Dataset...
2025-12-08 23:03:02 INFO     >>>>> RuleE emb: Evaluating on valid
2025-12-08 23:03:12 INFO     Data : 4274
2025-12-08 23:03:12 INFO     Hit1 : 0.534394
2025-12-08 23:03:12 INFO     Hit3 : 0.770941
2025-12-08 23:03:12 INFO     Hit10: 0.938465
2025-12-08 23:03:12 INFO     MR   : 3.439635
2025-12-08 23:03:12 INFO     MRR  : 0.672185
2025-12-08 23:04:10 INFO     Training average positive_fact_loss at step 6100: 0.313641
2025-12-08 23:04:10 INFO     Training average negative_fact_loss at step 6100: 0.291951
2025-12-08 23:04:10 INFO     Training average positive_rule_loss at step 6100: 1.762076
2025-12-08 23:04:10 INFO     Training average negative_rule_loss at step 6100: 2.335135
2025-12-08 23:04:10 INFO     Training average L_uncertainty at step 6100: 50.208189
2025-12-08 23:04:10 INFO     Training average L_kl at step 6100: 49772.879570
2025-12-08 23:04:10 INFO     Training average L_sigma at step 6100: 435.307375
2025-12-08 23:04:10 INFO     Training average mu_mean at step 6100: -2.804193
2025-12-08 23:04:10 INFO     Training average sigma_mean at step 6100: 0.278345
2025-12-08 23:04:10 INFO     Training average regularization at step 6100: 0.006223
2025-12-08 23:04:10 INFO     Training average loss at step 6100: 2.407833
2025-12-08 23:05:10 INFO     Training average positive_fact_loss at step 6200: 0.314391
2025-12-08 23:05:10 INFO     Training average negative_fact_loss at step 6200: 0.291754
2025-12-08 23:05:10 INFO     Training average positive_rule_loss at step 6200: 1.762151
2025-12-08 23:05:10 INFO     Training average negative_rule_loss at step 6200: 2.334591
2025-12-08 23:05:10 INFO     Training average L_uncertainty at step 6200: 50.227942
2025-12-08 23:05:10 INFO     Training average L_kl at step 6200: 49800.091875
2025-12-08 23:05:10 INFO     Training average L_sigma at step 6200: 427.847424
2025-12-08 23:05:10 INFO     Training average mu_mean at step 6200: -2.804834
2025-12-08 23:05:10 INFO     Training average sigma_mean at step 6200: 0.278040
2025-12-08 23:05:10 INFO     Training average regularization at step 6200: 0.006229
2025-12-08 23:05:10 INFO     Training average loss at step 6200: 2.407900
2025-12-08 23:06:06 INFO     Training average positive_fact_loss at step 6300: 0.313643
2025-12-08 23:06:06 INFO     Training average negative_fact_loss at step 6300: 0.292215
2025-12-08 23:06:06 INFO     Training average positive_rule_loss at step 6300: 1.763524
2025-12-08 23:06:06 INFO     Training average negative_rule_loss at step 6300: 2.332477
2025-12-08 23:06:06 INFO     Training average L_uncertainty at step 6300: 50.192612
2025-12-08 23:06:06 INFO     Training average L_kl at step 6300: 49768.389258
2025-12-08 23:06:06 INFO     Training average L_sigma at step 6300: 424.220413
2025-12-08 23:06:06 INFO     Training average mu_mean at step 6300: -2.803836
2025-12-08 23:06:06 INFO     Training average sigma_mean at step 6300: 0.278096
2025-12-08 23:06:06 INFO     Training average regularization at step 6300: 0.006222
2025-12-08 23:06:06 INFO     Training average loss at step 6300: 2.407344
2025-12-08 23:07:06 INFO     Training average positive_fact_loss at step 6400: 0.313717
2025-12-08 23:07:06 INFO     Training average negative_fact_loss at step 6400: 0.291765
2025-12-08 23:07:06 INFO     Training average positive_rule_loss at step 6400: 1.764469
2025-12-08 23:07:06 INFO     Training average negative_rule_loss at step 6400: 2.329716
2025-12-08 23:07:06 INFO     Training average L_uncertainty at step 6400: 50.336348
2025-12-08 23:07:06 INFO     Training average L_kl at step 6400: 49909.187227
2025-12-08 23:07:06 INFO     Training average L_sigma at step 6400: 427.158380
2025-12-08 23:07:06 INFO     Training average mu_mean at step 6400: -2.807787
2025-12-08 23:07:06 INFO     Training average sigma_mean at step 6400: 0.278188
2025-12-08 23:07:06 INFO     Training average regularization at step 6400: 0.006230
2025-12-08 23:07:06 INFO     Training average loss at step 6400: 2.406399
2025-12-08 23:07:58 INFO     Training average positive_fact_loss at step 6500: 0.314539
2025-12-08 23:07:58 INFO     Training average negative_fact_loss at step 6500: 0.291997
2025-12-08 23:07:58 INFO     Training average positive_rule_loss at step 6500: 1.763189
2025-12-08 23:07:58 INFO     Training average negative_rule_loss at step 6500: 2.331541
2025-12-08 23:07:58 INFO     Training average L_uncertainty at step 6500: 49.993270
2025-12-08 23:07:58 INFO     Training average L_kl at step 6500: 49565.995547
2025-12-08 23:07:58 INFO     Training average L_sigma at step 6500: 427.272270
2025-12-08 23:07:58 INFO     Training average mu_mean at step 6500: -2.795560
2025-12-08 23:07:58 INFO     Training average sigma_mean at step 6500: 0.278149
2025-12-08 23:07:58 INFO     Training average regularization at step 6500: 0.006223
2025-12-08 23:07:58 INFO     Training average loss at step 6500: 2.406849
2025-12-08 23:08:54 INFO     Training average positive_fact_loss at step 6600: 0.314177
2025-12-08 23:08:54 INFO     Training average negative_fact_loss at step 6600: 0.291506
2025-12-08 23:08:54 INFO     Training average positive_rule_loss at step 6600: 1.768791
2025-12-08 23:08:54 INFO     Training average negative_rule_loss at step 6600: 2.324498
2025-12-08 23:08:54 INFO     Training average L_uncertainty at step 6600: 50.565537
2025-12-08 23:08:54 INFO     Training average L_kl at step 6600: 50133.909688
2025-12-08 23:08:54 INFO     Training average L_sigma at step 6600: 431.624747
2025-12-08 23:08:54 INFO     Training average mu_mean at step 6600: -2.814878
2025-12-08 23:08:54 INFO     Training average sigma_mean at step 6600: 0.278323
2025-12-08 23:08:54 INFO     Training average regularization at step 6600: 0.006229
2025-12-08 23:08:54 INFO     Training average loss at step 6600: 2.406280
2025-12-08 23:09:49 INFO     Training average positive_fact_loss at step 6700: 0.314048
2025-12-08 23:09:49 INFO     Training average negative_fact_loss at step 6700: 0.291286
2025-12-08 23:09:49 INFO     Training average positive_rule_loss at step 6700: 1.766577
2025-12-08 23:09:49 INFO     Training average negative_rule_loss at step 6700: 2.325068
2025-12-08 23:09:49 INFO     Training average L_uncertainty at step 6700: 50.456034
2025-12-08 23:09:49 INFO     Training average L_kl at step 6700: 50012.969492
2025-12-08 23:09:49 INFO     Training average L_sigma at step 6700: 443.062520
2025-12-08 23:09:49 INFO     Training average mu_mean at step 6700: -2.809888
2025-12-08 23:09:49 INFO     Training average sigma_mean at step 6700: 0.277615
2025-12-08 23:09:49 INFO     Training average regularization at step 6700: 0.006235
2025-12-08 23:09:49 INFO     Training average loss at step 6700: 2.405180
2025-12-08 23:10:50 INFO     Training average positive_fact_loss at step 6800: 0.313874
2025-12-08 23:10:50 INFO     Training average negative_fact_loss at step 6800: 0.291924
2025-12-08 23:10:50 INFO     Training average positive_rule_loss at step 6800: 1.767460
2025-12-08 23:10:50 INFO     Training average negative_rule_loss at step 6800: 2.322600
2025-12-08 23:10:50 INFO     Training average L_uncertainty at step 6800: 50.456431
2025-12-08 23:10:50 INFO     Training average L_kl at step 6800: 50020.301289
2025-12-08 23:10:50 INFO     Training average L_sigma at step 6800: 436.127534
2025-12-08 23:10:50 INFO     Training average mu_mean at step 6800: -2.809606
2025-12-08 23:10:50 INFO     Training average sigma_mean at step 6800: 0.277880
2025-12-08 23:10:50 INFO     Training average regularization at step 6800: 0.006218
2025-12-08 23:10:50 INFO     Training average loss at step 6800: 2.404604
2025-12-08 23:11:46 INFO     Training average positive_fact_loss at step 6900: 0.313320
2025-12-08 23:11:46 INFO     Training average negative_fact_loss at step 6900: 0.291869
2025-12-08 23:11:46 INFO     Training average positive_rule_loss at step 6900: 1.766615
2025-12-08 23:11:46 INFO     Training average negative_rule_loss at step 6900: 2.324277
2025-12-08 23:11:46 INFO     Training average L_uncertainty at step 6900: 50.279811
2025-12-08 23:11:46 INFO     Training average L_kl at step 6900: 49848.075937
2025-12-08 23:11:46 INFO     Training average L_sigma at step 6900: 431.732396
2025-12-08 23:11:46 INFO     Training average mu_mean at step 6900: -2.803434
2025-12-08 23:11:46 INFO     Training average sigma_mean at step 6900: 0.277961
2025-12-08 23:11:46 INFO     Training average regularization at step 6900: 0.006227
2025-12-08 23:11:46 INFO     Training average loss at step 6900: 2.404547
2025-12-08 23:12:46 INFO     Training average positive_fact_loss at step 7000: 0.314170
2025-12-08 23:12:46 INFO     Training average negative_fact_loss at step 7000: 0.291941
2025-12-08 23:12:46 INFO     Training average positive_rule_loss at step 7000: 1.766818
2025-12-08 23:12:46 INFO     Training average negative_rule_loss at step 7000: 2.322009
2025-12-08 23:12:46 INFO     Training average L_uncertainty at step 7000: 50.390126
2025-12-08 23:12:46 INFO     Training average L_kl at step 7000: 49953.542578
2025-12-08 23:12:46 INFO     Training average L_sigma at step 7000: 436.580905
2025-12-08 23:12:46 INFO     Training average mu_mean at step 7000: -2.805814
2025-12-08 23:12:46 INFO     Training average sigma_mean at step 7000: 0.278253
2025-12-08 23:12:46 INFO     Training average regularization at step 7000: 0.006227
2025-12-08 23:12:46 INFO     Training average loss at step 7000: 2.404086
2025-12-08 23:12:46 INFO     Evaluating on Valid Dataset...
2025-12-08 23:12:46 INFO     >>>>> RuleE emb: Evaluating on valid
2025-12-08 23:12:56 INFO     Data : 4274
2025-12-08 23:12:56 INFO     Hit1 : 0.531118
2025-12-08 23:12:56 INFO     Hit3 : 0.766261
2025-12-08 23:12:56 INFO     Hit10: 0.939869
2025-12-08 23:12:56 INFO     MR   : 3.471221
2025-12-08 23:12:56 INFO     MRR  : 0.669829
2025-12-08 23:13:52 INFO     Training average positive_fact_loss at step 7100: 0.314455
2025-12-08 23:13:52 INFO     Training average negative_fact_loss at step 7100: 0.291492
2025-12-08 23:13:52 INFO     Training average positive_rule_loss at step 7100: 1.767005
2025-12-08 23:13:52 INFO     Training average negative_rule_loss at step 7100: 2.319812
2025-12-08 23:13:52 INFO     Training average L_uncertainty at step 7100: 50.345514
2025-12-08 23:13:52 INFO     Training average L_kl at step 7100: 49917.285898
2025-12-08 23:13:52 INFO     Training average L_sigma at step 7100: 428.224951
2025-12-08 23:13:52 INFO     Training average mu_mean at step 7100: -2.803755
2025-12-08 23:13:52 INFO     Training average sigma_mean at step 7100: 0.278057
2025-12-08 23:13:52 INFO     Training average regularization at step 7100: 0.006228
2025-12-08 23:13:52 INFO     Training average loss at step 7100: 2.402955
2025-12-08 23:14:43 INFO     Training average positive_fact_loss at step 7200: 0.314215
2025-12-08 23:14:43 INFO     Training average negative_fact_loss at step 7200: 0.291800
2025-12-08 23:14:43 INFO     Training average positive_rule_loss at step 7200: 1.766274
2025-12-08 23:14:43 INFO     Training average negative_rule_loss at step 7200: 2.323065
2025-12-08 23:14:43 INFO     Training average L_uncertainty at step 7200: 50.089104
2025-12-08 23:14:43 INFO     Training average L_kl at step 7200: 49664.238867
2025-12-08 23:14:43 INFO     Training average L_sigma at step 7200: 424.862838
2025-12-08 23:14:43 INFO     Training average mu_mean at step 7200: -2.794083
2025-12-08 23:14:43 INFO     Training average sigma_mean at step 7200: 0.278080
2025-12-08 23:14:43 INFO     Training average regularization at step 7200: 0.006226
2025-12-08 23:14:43 INFO     Training average loss at step 7200: 2.403992
2025-12-08 23:15:39 INFO     Training average positive_fact_loss at step 7300: 0.314179
2025-12-08 23:15:39 INFO     Training average negative_fact_loss at step 7300: 0.291456
2025-12-08 23:15:39 INFO     Training average positive_rule_loss at step 7300: 1.767791
2025-12-08 23:15:39 INFO     Training average negative_rule_loss at step 7300: 2.316327
2025-12-08 23:15:39 INFO     Training average L_uncertainty at step 7300: 50.489525
2025-12-08 23:15:39 INFO     Training average L_kl at step 7300: 50054.555781
2025-12-08 23:15:39 INFO     Training average L_sigma at step 7300: 434.967463
2025-12-08 23:15:39 INFO     Training average mu_mean at step 7300: -2.807397
2025-12-08 23:15:39 INFO     Training average sigma_mean at step 7300: 0.277865
2025-12-08 23:15:39 INFO     Training average regularization at step 7300: 0.006230
2025-12-08 23:15:39 INFO     Training average loss at step 7300: 2.401596
2025-12-08 23:16:39 INFO     Training average positive_fact_loss at step 7400: 0.313152
2025-12-08 23:16:39 INFO     Training average negative_fact_loss at step 7400: 0.291316
2025-12-08 23:16:39 INFO     Training average positive_rule_loss at step 7400: 1.767171
2025-12-08 23:16:39 INFO     Training average negative_rule_loss at step 7400: 2.317738
2025-12-08 23:16:39 INFO     Training average L_uncertainty at step 7400: 50.221455
2025-12-08 23:16:39 INFO     Training average L_kl at step 7400: 49789.333867
2025-12-08 23:16:39 INFO     Training average L_sigma at step 7400: 432.118217
2025-12-08 23:16:39 INFO     Training average mu_mean at step 7400: -2.797865
2025-12-08 23:16:39 INFO     Training average sigma_mean at step 7400: 0.278102
2025-12-08 23:16:39 INFO     Training average regularization at step 7400: 0.006228
2025-12-08 23:16:39 INFO     Training average loss at step 7400: 2.401138
2025-12-08 23:17:35 INFO     Training average positive_fact_loss at step 7500: 0.313889
2025-12-08 23:17:35 INFO     Training average negative_fact_loss at step 7500: 0.291776
2025-12-08 23:17:35 INFO     Training average positive_rule_loss at step 7500: 1.766475
2025-12-08 23:17:35 INFO     Training average negative_rule_loss at step 7500: 2.315928
2025-12-08 23:17:35 INFO     Training average L_uncertainty at step 7500: 50.325447
2025-12-08 23:17:35 INFO     Training average L_kl at step 7500: 49901.442930
2025-12-08 23:17:35 INFO     Training average L_sigma at step 7500: 424.002003
2025-12-08 23:17:35 INFO     Training average mu_mean at step 7500: -2.798749
2025-12-08 23:17:35 INFO     Training average sigma_mean at step 7500: 0.277927
2025-12-08 23:17:35 INFO     Training average regularization at step 7500: 0.006233
2025-12-08 23:17:35 INFO     Training average loss at step 7500: 2.400592
2025-12-08 23:18:35 INFO     Training average positive_fact_loss at step 7600: 0.313656
2025-12-08 23:18:35 INFO     Training average negative_fact_loss at step 7600: 0.291916
2025-12-08 23:18:35 INFO     Training average positive_rule_loss at step 7600: 1.764862
2025-12-08 23:18:35 INFO     Training average negative_rule_loss at step 7600: 2.318052
2025-12-08 23:18:35 INFO     Training average L_uncertainty at step 7600: 50.202812
2025-12-08 23:18:35 INFO     Training average L_kl at step 7600: 49776.514102
2025-12-08 23:18:35 INFO     Training average L_sigma at step 7600: 426.296017
2025-12-08 23:18:35 INFO     Training average mu_mean at step 7600: -2.794039
2025-12-08 23:18:35 INFO     Training average sigma_mean at step 7600: 0.278081
2025-12-08 23:18:35 INFO     Training average regularization at step 7600: 0.006226
2025-12-08 23:18:35 INFO     Training average loss at step 7600: 2.400672
2025-12-08 23:19:31 INFO     Training average positive_fact_loss at step 7700: 0.314327
2025-12-08 23:19:31 INFO     Training average negative_fact_loss at step 7700: 0.291528
2025-12-08 23:19:31 INFO     Training average positive_rule_loss at step 7700: 1.765131
2025-12-08 23:19:31 INFO     Training average negative_rule_loss at step 7700: 2.315368
2025-12-08 23:19:31 INFO     Training average L_uncertainty at step 7700: 50.189575
2025-12-08 23:19:31 INFO     Training average L_kl at step 7700: 49764.508633
2025-12-08 23:19:31 INFO     Training average L_sigma at step 7700: 425.064361
2025-12-08 23:19:31 INFO     Training average mu_mean at step 7700: -2.792998
2025-12-08 23:19:31 INFO     Training average sigma_mean at step 7700: 0.278057
2025-12-08 23:19:31 INFO     Training average regularization at step 7700: 0.006228
2025-12-08 23:19:31 INFO     Training average loss at step 7700: 2.399595
2025-12-08 23:20:27 INFO     Training average positive_fact_loss at step 7800: 0.314003
2025-12-08 23:20:27 INFO     Training average negative_fact_loss at step 7800: 0.291563
2025-12-08 23:20:27 INFO     Training average positive_rule_loss at step 7800: 1.764224
2025-12-08 23:20:27 INFO     Training average negative_rule_loss at step 7800: 2.315177
2025-12-08 23:20:27 INFO     Training average L_uncertainty at step 7800: 50.203124
2025-12-08 23:20:27 INFO     Training average L_kl at step 7800: 49778.390078
2025-12-08 23:20:27 INFO     Training average L_sigma at step 7800: 424.732053
2025-12-08 23:20:27 INFO     Training average mu_mean at step 7800: -2.791780
2025-12-08 23:20:27 INFO     Training average sigma_mean at step 7800: 0.278071
2025-12-08 23:20:27 INFO     Training average regularization at step 7800: 0.006233
2025-12-08 23:20:27 INFO     Training average loss at step 7800: 2.398920
2025-12-08 23:21:19 INFO     Training average positive_fact_loss at step 7900: 0.314271
2025-12-08 23:21:19 INFO     Training average negative_fact_loss at step 7900: 0.290772
2025-12-08 23:21:19 INFO     Training average positive_rule_loss at step 7900: 1.765516
2025-12-08 23:21:19 INFO     Training average negative_rule_loss at step 7900: 2.313171
2025-12-08 23:21:19 INFO     Training average L_uncertainty at step 7900: 50.258321
2025-12-08 23:21:19 INFO     Training average L_kl at step 7900: 49834.771094
2025-12-08 23:21:19 INFO     Training average L_sigma at step 7900: 423.547661
2025-12-08 23:21:19 INFO     Training average mu_mean at step 7900: -2.792478
2025-12-08 23:21:19 INFO     Training average sigma_mean at step 7900: 0.278051
2025-12-08 23:21:19 INFO     Training average regularization at step 7900: 0.006234
2025-12-08 23:21:19 INFO     Training average loss at step 7900: 2.398358
2025-12-08 23:22:19 INFO     Training average positive_fact_loss at step 8000: 0.313374
2025-12-08 23:22:19 INFO     Training average negative_fact_loss at step 8000: 0.291457
2025-12-08 23:22:19 INFO     Training average positive_rule_loss at step 8000: 1.761764
2025-12-08 23:22:19 INFO     Training average negative_rule_loss at step 8000: 2.315220
2025-12-08 23:22:19 INFO     Training average L_uncertainty at step 8000: 50.115204
2025-12-08 23:22:19 INFO     Training average L_kl at step 8000: 49694.580391
2025-12-08 23:22:19 INFO     Training average L_sigma at step 8000: 420.621682
2025-12-08 23:22:19 INFO     Training average mu_mean at step 8000: -2.785803
2025-12-08 23:22:19 INFO     Training average sigma_mean at step 8000: 0.278061
2025-12-08 23:22:19 INFO     Training average regularization at step 8000: 0.006223
2025-12-08 23:22:19 INFO     Training average loss at step 8000: 2.397246
2025-12-08 23:22:19 INFO     Evaluating on Valid Dataset...
2025-12-08 23:22:19 INFO     >>>>> RuleE emb: Evaluating on valid
2025-12-08 23:22:29 INFO     Data : 4274
2025-12-08 23:22:29 INFO     Hit1 : 0.535564
2025-12-08 23:22:29 INFO     Hit3 : 0.765091
2025-12-08 23:22:29 INFO     Hit10: 0.943145
2025-12-08 23:22:29 INFO     MR   : 3.416238
2025-12-08 23:22:29 INFO     MRR  : 0.671987
2025-12-08 23:23:25 INFO     Training average positive_fact_loss at step 8100: 0.314137
2025-12-08 23:23:25 INFO     Training average negative_fact_loss at step 8100: 0.291632
2025-12-08 23:23:25 INFO     Training average positive_rule_loss at step 8100: 1.761905
2025-12-08 23:23:25 INFO     Training average negative_rule_loss at step 8100: 2.314388
2025-12-08 23:23:25 INFO     Training average L_uncertainty at step 8100: 50.014475
2025-12-08 23:23:25 INFO     Training average L_kl at step 8100: 49593.470195
2025-12-08 23:23:25 INFO     Training average L_sigma at step 8100: 421.002884
2025-12-08 23:23:25 INFO     Training average mu_mean at step 8100: -2.781383
2025-12-08 23:23:25 INFO     Training average sigma_mean at step 8100: 0.278114
2025-12-08 23:23:25 INFO     Training average regularization at step 8100: 0.006221
2025-12-08 23:23:25 INFO     Training average loss at step 8100: 2.397267
2025-12-08 23:24:26 INFO     Training average positive_fact_loss at step 8200: 0.313308
2025-12-08 23:24:26 INFO     Training average negative_fact_loss at step 8200: 0.291576
2025-12-08 23:24:26 INFO     Training average positive_rule_loss at step 8200: 1.760517
2025-12-08 23:24:26 INFO     Training average negative_rule_loss at step 8200: 2.315089
2025-12-08 23:24:26 INFO     Training average L_uncertainty at step 8200: 50.035565
2025-12-08 23:24:26 INFO     Training average L_kl at step 8200: 49615.107070
2025-12-08 23:24:26 INFO     Training average L_sigma at step 8200: 420.455690
2025-12-08 23:24:26 INFO     Training average mu_mean at step 8200: -2.780147
2025-12-08 23:24:26 INFO     Training average sigma_mean at step 8200: 0.277979
2025-12-08 23:24:26 INFO     Training average regularization at step 8200: 0.006227
2025-12-08 23:24:26 INFO     Training average loss at step 8200: 2.396507
2025-12-08 23:25:22 INFO     Training average positive_fact_loss at step 8300: 0.313543
2025-12-08 23:25:22 INFO     Training average negative_fact_loss at step 8300: 0.291418
2025-12-08 23:25:22 INFO     Training average positive_rule_loss at step 8300: 1.760516
2025-12-08 23:25:22 INFO     Training average negative_rule_loss at step 8300: 2.312635
2025-12-08 23:25:22 INFO     Training average L_uncertainty at step 8300: 50.027843
2025-12-08 23:25:22 INFO     Training average L_kl at step 8300: 49606.905508
2025-12-08 23:25:22 INFO     Training average L_sigma at step 8300: 420.934919
2025-12-08 23:25:22 INFO     Training average mu_mean at step 8300: -2.778506
2025-12-08 23:25:22 INFO     Training average sigma_mean at step 8300: 0.278049
2025-12-08 23:25:22 INFO     Training average regularization at step 8300: 0.006229
2025-12-08 23:25:22 INFO     Training average loss at step 8300: 2.395312
2025-12-08 23:26:22 INFO     Training average positive_fact_loss at step 8400: 0.313731
2025-12-08 23:26:22 INFO     Training average negative_fact_loss at step 8400: 0.291417
2025-12-08 23:26:22 INFO     Training average positive_rule_loss at step 8400: 1.761764
2025-12-08 23:26:22 INFO     Training average negative_rule_loss at step 8400: 2.308846
2025-12-08 23:26:22 INFO     Training average L_uncertainty at step 8400: 50.207506
2025-12-08 23:26:22 INFO     Training average L_kl at step 8400: 49780.319180
2025-12-08 23:26:22 INFO     Training average L_sigma at step 8400: 427.184472
2025-12-08 23:26:22 INFO     Training average mu_mean at step 8400: -2.783257
2025-12-08 23:26:22 INFO     Training average sigma_mean at step 8400: 0.278002
2025-12-08 23:26:22 INFO     Training average regularization at step 8400: 0.006224
2025-12-08 23:26:22 INFO     Training average loss at step 8400: 2.394310
2025-12-08 23:27:09 INFO     Training average positive_fact_loss at step 8500: 0.314269
2025-12-08 23:27:09 INFO     Training average negative_fact_loss at step 8500: 0.290888
2025-12-08 23:27:09 INFO     Training average positive_rule_loss at step 8500: 1.760919
2025-12-08 23:27:09 INFO     Training average negative_rule_loss at step 8500: 2.308521
2025-12-08 23:27:09 INFO     Training average L_uncertainty at step 8500: 50.165693
2025-12-08 23:27:09 INFO     Training average L_kl at step 8500: 49738.278320
2025-12-08 23:27:09 INFO     Training average L_sigma at step 8500: 427.412657
2025-12-08 23:27:09 INFO     Training average mu_mean at step 8500: -2.780287
2025-12-08 23:27:09 INFO     Training average sigma_mean at step 8500: 0.278169
2025-12-08 23:27:09 INFO     Training average regularization at step 8500: 0.006224
2025-12-08 23:27:09 INFO     Training average loss at step 8500: 2.393688
2025-12-08 23:28:10 INFO     Training average positive_fact_loss at step 8600: 0.313639
2025-12-08 23:28:10 INFO     Training average negative_fact_loss at step 8600: 0.291340
2025-12-08 23:28:10 INFO     Training average positive_rule_loss at step 8600: 1.759119
2025-12-08 23:28:10 INFO     Training average negative_rule_loss at step 8600: 2.309270
2025-12-08 23:28:10 INFO     Training average L_uncertainty at step 8600: 50.121681
2025-12-08 23:28:10 INFO     Training average L_kl at step 8600: 49700.804609
2025-12-08 23:28:10 INFO     Training average L_sigma at step 8600: 420.874000
2025-12-08 23:28:10 INFO     Training average mu_mean at step 8600: -2.776259
2025-12-08 23:28:10 INFO     Training average sigma_mean at step 8600: 0.277945
2025-12-08 23:28:10 INFO     Training average regularization at step 8600: 0.006222
2025-12-08 23:28:10 INFO     Training average loss at step 8600: 2.393028
2025-12-08 23:29:05 INFO     Training average positive_fact_loss at step 8700: 0.313114
2025-12-08 23:29:05 INFO     Training average negative_fact_loss at step 8700: 0.290944
2025-12-08 23:29:05 INFO     Training average positive_rule_loss at step 8700: 1.759313
2025-12-08 23:29:05 INFO     Training average negative_rule_loss at step 8700: 2.305071
2025-12-08 23:29:05 INFO     Training average L_uncertainty at step 8700: 50.304094
2025-12-08 23:29:05 INFO     Training average L_kl at step 8700: 49881.978086
2025-12-08 23:29:05 INFO     Training average L_sigma at step 8700: 422.113282
2025-12-08 23:29:05 INFO     Training average mu_mean at step 8700: -2.780661
2025-12-08 23:29:05 INFO     Training average sigma_mean at step 8700: 0.277995
2025-12-08 23:29:05 INFO     Training average regularization at step 8700: 0.006218
2025-12-08 23:29:05 INFO     Training average loss at step 8700: 2.390744
2025-12-08 23:30:06 INFO     Training average positive_fact_loss at step 8800: 0.313823
2025-12-08 23:30:06 INFO     Training average negative_fact_loss at step 8800: 0.291348
2025-12-08 23:30:06 INFO     Training average positive_rule_loss at step 8800: 1.756899
2025-12-08 23:30:06 INFO     Training average negative_rule_loss at step 8800: 2.309337
2025-12-08 23:30:06 INFO     Training average L_uncertainty at step 8800: 49.956610
2025-12-08 23:30:06 INFO     Training average L_kl at step 8800: 49539.408125
2025-12-08 23:30:06 INFO     Training average L_sigma at step 8800: 417.199099
2025-12-08 23:30:06 INFO     Training average mu_mean at step 8800: -2.767379
2025-12-08 23:30:06 INFO     Training average sigma_mean at step 8800: 0.277980
2025-12-08 23:30:06 INFO     Training average regularization at step 8800: 0.006220
2025-12-08 23:30:06 INFO     Training average loss at step 8800: 2.391880
2025-12-08 23:31:02 INFO     Training average positive_fact_loss at step 8900: 0.313441
2025-12-08 23:31:02 INFO     Training average negative_fact_loss at step 8900: 0.291966
2025-12-08 23:31:02 INFO     Training average positive_rule_loss at step 8900: 1.759164
2025-12-08 23:31:02 INFO     Training average negative_rule_loss at step 8900: 2.303258
2025-12-08 23:31:02 INFO     Training average L_uncertainty at step 8900: 50.193928
2025-12-08 23:31:02 INFO     Training average L_kl at step 8900: 49768.770117
2025-12-08 23:31:02 INFO     Training average L_sigma at step 8900: 425.156012
2025-12-08 23:31:02 INFO     Training average mu_mean at step 8900: -2.773543
2025-12-08 23:31:02 INFO     Training average sigma_mean at step 8900: 0.278130
2025-12-08 23:31:02 INFO     Training average regularization at step 8900: 0.006217
2025-12-08 23:31:02 INFO     Training average loss at step 8900: 2.390326
2025-12-08 23:32:02 INFO     Training average positive_fact_loss at step 9000: 0.313551
2025-12-08 23:32:02 INFO     Training average negative_fact_loss at step 9000: 0.291224
2025-12-08 23:32:02 INFO     Training average positive_rule_loss at step 9000: 1.756029
2025-12-08 23:32:02 INFO     Training average negative_rule_loss at step 9000: 2.305747
2025-12-08 23:32:02 INFO     Training average L_uncertainty at step 9000: 50.108523
2025-12-08 23:32:02 INFO     Training average L_kl at step 9000: 49686.287305
2025-12-08 23:32:02 INFO     Training average L_sigma at step 9000: 422.233206
2025-12-08 23:32:02 INFO     Training average mu_mean at step 9000: -2.768436
2025-12-08 23:32:02 INFO     Training average sigma_mean at step 9000: 0.277977
2025-12-08 23:32:02 INFO     Training average regularization at step 9000: 0.006226
2025-12-08 23:32:02 INFO     Training average loss at step 9000: 2.389610
2025-12-08 23:32:02 INFO     Evaluating on Valid Dataset...
2025-12-08 23:32:02 INFO     >>>>> RuleE emb: Evaluating on valid
2025-12-08 23:32:13 INFO     Data : 4274
2025-12-08 23:32:13 INFO     Hit1 : 0.526439
2025-12-08 23:32:13 INFO     Hit3 : 0.760880
2025-12-08 23:32:13 INFO     Hit10: 0.941039
2025-12-08 23:32:13 INFO     MR   : 3.486196
2025-12-08 23:32:13 INFO     MRR  : 0.664801
2025-12-08 23:33:04 INFO     Training average positive_fact_loss at step 9100: 0.314458
2025-12-08 23:33:04 INFO     Training average negative_fact_loss at step 9100: 0.291131
2025-12-08 23:33:04 INFO     Training average positive_rule_loss at step 9100: 1.757267
2025-12-08 23:33:04 INFO     Training average negative_rule_loss at step 9100: 2.300041
2025-12-08 23:33:04 INFO     Training average L_uncertainty at step 9100: 50.276326
2025-12-08 23:33:04 INFO     Training average L_kl at step 9100: 49856.255977
2025-12-08 23:33:04 INFO     Training average L_sigma at step 9100: 420.067820
2025-12-08 23:33:04 INFO     Training average mu_mean at step 9100: -2.772056
2025-12-08 23:33:04 INFO     Training average sigma_mean at step 9100: 0.277902
2025-12-08 23:33:04 INFO     Training average regularization at step 9100: 0.006227
2025-12-08 23:33:04 INFO     Training average loss at step 9100: 2.387952
2025-12-08 23:33:59 INFO     Training average positive_fact_loss at step 9200: 0.313837
2025-12-08 23:33:59 INFO     Training average negative_fact_loss at step 9200: 0.291095
2025-12-08 23:33:59 INFO     Training average positive_rule_loss at step 9200: 1.753498
2025-12-08 23:33:59 INFO     Training average negative_rule_loss at step 9200: 2.306389
2025-12-08 23:33:59 INFO     Training average L_uncertainty at step 9200: 50.066328
2025-12-08 23:33:59 INFO     Training average L_kl at step 9200: 49646.194766
2025-12-08 23:33:59 INFO     Training average L_sigma at step 9200: 420.130674
2025-12-08 23:33:59 INFO     Training average mu_mean at step 9200: -2.762823
2025-12-08 23:33:59 INFO     Training average sigma_mean at step 9200: 0.277782
2025-12-08 23:33:59 INFO     Training average regularization at step 9200: 0.006228
2025-12-08 23:33:59 INFO     Training average loss at step 9200: 2.388705
2025-12-08 23:34:55 INFO     Training average positive_fact_loss at step 9300: 0.313940
2025-12-08 23:34:55 INFO     Training average negative_fact_loss at step 9300: 0.291284
2025-12-08 23:34:55 INFO     Training average positive_rule_loss at step 9300: 1.753551
2025-12-08 23:34:55 INFO     Training average negative_rule_loss at step 9300: 2.302386
2025-12-08 23:34:55 INFO     Training average L_uncertainty at step 9300: 49.933685
2025-12-08 23:34:55 INFO     Training average L_kl at step 9300: 49502.320859
2025-12-08 23:34:55 INFO     Training average L_sigma at step 9300: 431.361349
2025-12-08 23:34:55 INFO     Training average mu_mean at step 9300: -2.757036
2025-12-08 23:34:55 INFO     Training average sigma_mean at step 9300: 0.278155
2025-12-08 23:34:55 INFO     Training average regularization at step 9300: 0.006218
2025-12-08 23:34:55 INFO     Training average loss at step 9300: 2.386732
2025-12-08 23:35:56 INFO     Training average positive_fact_loss at step 9400: 0.313674
2025-12-08 23:35:56 INFO     Training average negative_fact_loss at step 9400: 0.291223
2025-12-08 23:35:56 INFO     Training average positive_rule_loss at step 9400: 1.752400
2025-12-08 23:35:56 INFO     Training average negative_rule_loss at step 9400: 2.300914
2025-12-08 23:35:56 INFO     Training average L_uncertainty at step 9400: 50.245813
2025-12-08 23:35:56 INFO     Training average L_kl at step 9400: 49825.337227
2025-12-08 23:35:56 INFO     Training average L_sigma at step 9400: 420.473448
2025-12-08 23:35:56 INFO     Training average mu_mean at step 9400: -2.764052
2025-12-08 23:35:56 INFO     Training average sigma_mean at step 9400: 0.277993
2025-12-08 23:35:56 INFO     Training average regularization at step 9400: 0.006213
2025-12-08 23:35:56 INFO     Training average loss at step 9400: 2.385564
2025-12-08 23:36:52 INFO     Training average positive_fact_loss at step 9500: 0.313030
2025-12-08 23:36:52 INFO     Training average negative_fact_loss at step 9500: 0.291403
2025-12-08 23:36:52 INFO     Training average positive_rule_loss at step 9500: 1.754528
2025-12-08 23:36:52 INFO     Training average negative_rule_loss at step 9500: 2.297651
2025-12-08 23:36:52 INFO     Training average L_uncertainty at step 9500: 50.298388
2025-12-08 23:36:52 INFO     Training average L_kl at step 9500: 49868.997461
2025-12-08 23:36:52 INFO     Training average L_sigma at step 9500: 429.387713
2025-12-08 23:36:52 INFO     Training average mu_mean at step 9500: -2.765185
2025-12-08 23:36:52 INFO     Training average sigma_mean at step 9500: 0.278170
2025-12-08 23:36:52 INFO     Training average regularization at step 9500: 0.006225
2025-12-08 23:36:52 INFO     Training average loss at step 9500: 2.384829
2025-12-08 23:37:52 INFO     Training average positive_fact_loss at step 9600: 0.313640
2025-12-08 23:37:52 INFO     Training average negative_fact_loss at step 9600: 0.291544
2025-12-08 23:37:52 INFO     Training average positive_rule_loss at step 9600: 1.750765
2025-12-08 23:37:52 INFO     Training average negative_rule_loss at step 9600: 2.297230
2025-12-08 23:37:52 INFO     Training average L_uncertainty at step 9600: 50.304727
2025-12-08 23:37:52 INFO     Training average L_kl at step 9600: 49883.620430
2025-12-08 23:37:52 INFO     Training average L_sigma at step 9600: 421.104878
2025-12-08 23:37:52 INFO     Training average mu_mean at step 9600: -2.761453
2025-12-08 23:37:52 INFO     Training average sigma_mean at step 9600: 0.278076
2025-12-08 23:37:52 INFO     Training average regularization at step 9600: 0.006222
2025-12-08 23:37:52 INFO     Training average loss at step 9600: 2.383116
2025-12-08 23:38:48 INFO     Training average positive_fact_loss at step 9700: 0.314029
2025-12-08 23:38:48 INFO     Training average negative_fact_loss at step 9700: 0.291101
2025-12-08 23:38:48 INFO     Training average positive_rule_loss at step 9700: 1.747431
2025-12-08 23:38:48 INFO     Training average negative_rule_loss at step 9700: 2.300961
2025-12-08 23:38:48 INFO     Training average L_uncertainty at step 9700: 49.933975
2025-12-08 23:38:48 INFO     Training average L_kl at step 9700: 49513.380273
2025-12-08 23:38:48 INFO     Training average L_sigma at step 9700: 420.592111
2025-12-08 23:38:48 INFO     Training average mu_mean at step 9700: -2.746291
2025-12-08 23:38:48 INFO     Training average sigma_mean at step 9700: 0.278032
2025-12-08 23:38:48 INFO     Training average regularization at step 9700: 0.006216
2025-12-08 23:38:48 INFO     Training average loss at step 9700: 2.382911
2025-12-08 23:39:39 INFO     Training average positive_fact_loss at step 9800: 0.313700
2025-12-08 23:39:39 INFO     Training average negative_fact_loss at step 9800: 0.290618
2025-12-08 23:39:39 INFO     Training average positive_rule_loss at step 9800: 1.748161
2025-12-08 23:39:39 INFO     Training average negative_rule_loss at step 9800: 2.294781
2025-12-08 23:39:39 INFO     Training average L_uncertainty at step 9800: 50.261442
2025-12-08 23:39:39 INFO     Training average L_kl at step 9800: 49839.596406
2025-12-08 23:39:39 INFO     Training average L_sigma at step 9800: 421.842787
2025-12-08 23:39:39 INFO     Training average mu_mean at step 9800: -2.753842
2025-12-08 23:39:39 INFO     Training average sigma_mean at step 9800: 0.278095
2025-12-08 23:39:39 INFO     Training average regularization at step 9800: 0.006214
2025-12-08 23:39:39 INFO     Training average loss at step 9800: 2.380105
2025-12-08 23:40:35 INFO     Training average positive_fact_loss at step 9900: 0.313960
2025-12-08 23:40:35 INFO     Training average negative_fact_loss at step 9900: 0.291141
2025-12-08 23:40:35 INFO     Training average positive_rule_loss at step 9900: 1.747476
2025-12-08 23:40:35 INFO     Training average negative_rule_loss at step 9900: 2.295084
2025-12-08 23:40:35 INFO     Training average L_uncertainty at step 9900: 50.167818
2025-12-08 23:40:35 INFO     Training average L_kl at step 9900: 49748.599687
2025-12-08 23:40:35 INFO     Training average L_sigma at step 9900: 419.215894
2025-12-08 23:40:35 INFO     Training average mu_mean at step 9900: -2.748903
2025-12-08 23:40:35 INFO     Training average sigma_mean at step 9900: 0.278045
2025-12-08 23:40:35 INFO     Training average regularization at step 9900: 0.006228
2025-12-08 23:40:35 INFO     Training average loss at step 9900: 2.380227
2025-12-08 23:41:35 INFO     Training average positive_fact_loss at step 10000: 0.313153
2025-12-08 23:41:35 INFO     Training average negative_fact_loss at step 10000: 0.290916
2025-12-08 23:41:35 INFO     Training average positive_rule_loss at step 10000: 1.743347
2025-12-08 23:41:35 INFO     Training average negative_rule_loss at step 10000: 2.297770
2025-12-08 23:41:35 INFO     Training average L_uncertainty at step 10000: 49.899498
2025-12-08 23:41:35 INFO     Training average L_kl at step 10000: 49481.711211
2025-12-08 23:41:35 INFO     Training average L_sigma at step 10000: 417.784518
2025-12-08 23:41:35 INFO     Training average mu_mean at step 10000: -2.736352
2025-12-08 23:41:35 INFO     Training average sigma_mean at step 10000: 0.278096
2025-12-08 23:41:35 INFO     Training average regularization at step 10000: 0.006217
2025-12-08 23:41:35 INFO     Training average loss at step 10000: 2.378709
2025-12-08 23:41:35 INFO     Evaluating on Valid Dataset...
2025-12-08 23:41:35 INFO     >>>>> RuleE emb: Evaluating on valid
2025-12-08 23:41:46 INFO     Data : 4274
2025-12-08 23:41:46 INFO     Hit1 : 0.533692
2025-12-08 23:41:46 INFO     Hit3 : 0.770005
2025-12-08 23:41:46 INFO     Hit10: 0.941507
2025-12-08 23:41:46 INFO     MR   : 3.425597
2025-12-08 23:41:46 INFO     MRR  : 0.671617
2025-12-08 23:42:42 INFO     Training average positive_fact_loss at step 10100: 0.313598
2025-12-08 23:42:42 INFO     Training average negative_fact_loss at step 10100: 0.291335
2025-12-08 23:42:42 INFO     Training average positive_rule_loss at step 10100: 1.743681
2025-12-08 23:42:42 INFO     Training average negative_rule_loss at step 10100: 2.295274
2025-12-08 23:42:42 INFO     Training average L_uncertainty at step 10100: 49.960725
2025-12-08 23:42:42 INFO     Training average L_kl at step 10100: 49536.583906
2025-12-08 23:42:42 INFO     Training average L_sigma at step 10100: 424.138920
2025-12-08 23:42:42 INFO     Training average mu_mean at step 10100: -2.736101
2025-12-08 23:42:42 INFO     Training average sigma_mean at step 10100: 0.278293
2025-12-08 23:42:42 INFO     Training average regularization at step 10100: 0.006220
2025-12-08 23:42:42 INFO     Training average loss at step 10100: 2.378125
2025-12-08 23:43:42 INFO     Training average positive_fact_loss at step 10200: 0.313242
2025-12-08 23:43:42 INFO     Training average negative_fact_loss at step 10200: 0.291261
2025-12-08 23:43:42 INFO     Training average positive_rule_loss at step 10200: 1.743207
2025-12-08 23:43:42 INFO     Training average negative_rule_loss at step 10200: 2.290856
2025-12-08 23:43:42 INFO     Training average L_uncertainty at step 10200: 50.173129
2025-12-08 23:43:42 INFO     Training average L_kl at step 10200: 49754.145703
2025-12-08 23:43:42 INFO     Training average L_sigma at step 10200: 418.980548
2025-12-08 23:43:42 INFO     Training average mu_mean at step 10200: -2.739700
2025-12-08 23:43:42 INFO     Training average sigma_mean at step 10200: 0.278114
2025-12-08 23:43:42 INFO     Training average regularization at step 10200: 0.006219
2025-12-08 23:43:42 INFO     Training average loss at step 10200: 2.375676
2025-12-08 23:44:38 INFO     Training average positive_fact_loss at step 10300: 0.313827
2025-12-08 23:44:38 INFO     Training average negative_fact_loss at step 10300: 0.291231
2025-12-08 23:44:38 INFO     Training average positive_rule_loss at step 10300: 1.743372
2025-12-08 23:44:38 INFO     Training average negative_rule_loss at step 10300: 2.290122
2025-12-08 23:44:38 INFO     Training average L_uncertainty at step 10300: 50.065128
2025-12-08 23:44:38 INFO     Training average L_kl at step 10300: 49646.621172
2025-12-08 23:44:38 INFO     Training average L_sigma at step 10300: 418.504604
2025-12-08 23:44:38 INFO     Training average mu_mean at step 10300: -2.733102
2025-12-08 23:44:38 INFO     Training average sigma_mean at step 10300: 0.278097
2025-12-08 23:44:38 INFO     Training average regularization at step 10300: 0.006223
2025-12-08 23:44:38 INFO     Training average loss at step 10300: 2.375564
2025-12-08 23:45:33 INFO     Training average positive_fact_loss at step 10400: 0.314496
2025-12-08 23:45:33 INFO     Training average negative_fact_loss at step 10400: 0.291347
2025-12-08 23:45:33 INFO     Training average positive_rule_loss at step 10400: 1.737433
2025-12-08 23:45:33 INFO     Training average negative_rule_loss at step 10400: 2.294445
2025-12-08 23:45:33 INFO     Training average L_uncertainty at step 10400: 49.884173
2025-12-08 23:45:33 INFO     Training average L_kl at step 10400: 49462.788242
2025-12-08 23:45:33 INFO     Training average L_sigma at step 10400: 421.382275
2025-12-08 23:45:33 INFO     Training average mu_mean at step 10400: -2.722581
2025-12-08 23:45:33 INFO     Training average sigma_mean at step 10400: 0.278224
2025-12-08 23:45:33 INFO     Training average regularization at step 10400: 0.006228
2025-12-08 23:45:33 INFO     Training average loss at step 10400: 2.374973
2025-12-08 23:46:24 INFO     Training average positive_fact_loss at step 10500: 0.313207
2025-12-08 23:46:24 INFO     Training average negative_fact_loss at step 10500: 0.290577
2025-12-08 23:46:24 INFO     Training average positive_rule_loss at step 10500: 1.739514
2025-12-08 23:46:24 INFO     Training average negative_rule_loss at step 10500: 2.287167
2025-12-08 23:46:24 INFO     Training average L_uncertainty at step 10500: 50.147104
2025-12-08 23:46:24 INFO     Training average L_kl at step 10500: 49729.152695
2025-12-08 23:46:24 INFO     Training average L_sigma at step 10500: 417.948949
2025-12-08 23:46:24 INFO     Training average mu_mean at step 10500: -2.729363
2025-12-08 23:46:24 INFO     Training average sigma_mean at step 10500: 0.278202
2025-12-08 23:46:24 INFO     Training average regularization at step 10500: 0.006223
2025-12-08 23:46:24 INFO     Training average loss at step 10500: 2.371603
2025-12-08 23:47:25 INFO     Training average positive_fact_loss at step 10600: 0.313642
2025-12-08 23:47:25 INFO     Training average negative_fact_loss at step 10600: 0.291139
2025-12-08 23:47:25 INFO     Training average positive_rule_loss at step 10600: 1.736168
2025-12-08 23:47:25 INFO     Training average negative_rule_loss at step 10600: 2.287398
2025-12-08 23:47:25 INFO     Training average L_uncertainty at step 10600: 50.020896
2025-12-08 23:47:25 INFO     Training average L_kl at step 10600: 49597.780625
2025-12-08 23:47:25 INFO     Training average L_sigma at step 10600: 423.113065
2025-12-08 23:47:25 INFO     Training average mu_mean at step 10600: -2.720079
2025-12-08 23:47:25 INFO     Training average sigma_mean at step 10600: 0.278292
2025-12-08 23:47:25 INFO     Training average regularization at step 10600: 0.006227
2025-12-08 23:47:25 INFO     Training average loss at step 10600: 2.370421
2025-12-08 23:48:21 INFO     Training average positive_fact_loss at step 10700: 0.313034
2025-12-08 23:48:21 INFO     Training average negative_fact_loss at step 10700: 0.291149
2025-12-08 23:48:21 INFO     Training average positive_rule_loss at step 10700: 1.736901
2025-12-08 23:48:21 INFO     Training average negative_rule_loss at step 10700: 2.283815
2025-12-08 23:48:21 INFO     Training average L_uncertainty at step 10700: 50.177494
2025-12-08 23:48:21 INFO     Training average L_kl at step 10700: 49753.570391
2025-12-08 23:48:21 INFO     Training average L_sigma at step 10700: 423.921453
2025-12-08 23:48:21 INFO     Training average mu_mean at step 10700: -2.722584
2025-12-08 23:48:21 INFO     Training average sigma_mean at step 10700: 0.278401
2025-12-08 23:48:21 INFO     Training average regularization at step 10700: 0.006220
2025-12-08 23:48:21 INFO     Training average loss at step 10700: 2.368846
2025-12-08 23:49:22 INFO     Training average positive_fact_loss at step 10800: 0.313972
2025-12-08 23:49:22 INFO     Training average negative_fact_loss at step 10800: 0.291043
2025-12-08 23:49:22 INFO     Training average positive_rule_loss at step 10800: 1.733363
2025-12-08 23:49:22 INFO     Training average negative_rule_loss at step 10800: 2.283872
2025-12-08 23:49:22 INFO     Training average L_uncertainty at step 10800: 50.135719
2025-12-08 23:49:22 INFO     Training average L_kl at step 10800: 49715.721914
2025-12-08 23:49:22 INFO     Training average L_sigma at step 10800: 419.995045
2025-12-08 23:49:22 INFO     Training average mu_mean at step 10800: -2.717176
2025-12-08 23:49:22 INFO     Training average sigma_mean at step 10800: 0.278248
2025-12-08 23:49:22 INFO     Training average regularization at step 10800: 0.006232
2025-12-08 23:49:22 INFO     Training average loss at step 10800: 2.367492
2025-12-08 23:50:18 INFO     Training average positive_fact_loss at step 10900: 0.313639
2025-12-08 23:50:18 INFO     Training average negative_fact_loss at step 10900: 0.291130
2025-12-08 23:50:18 INFO     Training average positive_rule_loss at step 10900: 1.730940
2025-12-08 23:50:18 INFO     Training average negative_rule_loss at step 10900: 2.284609
2025-12-08 23:50:18 INFO     Training average L_uncertainty at step 10900: 50.002877
2025-12-08 23:50:18 INFO     Training average L_kl at step 10900: 49575.447930
2025-12-08 23:50:18 INFO     Training average L_sigma at step 10900: 427.427050
2025-12-08 23:50:18 INFO     Training average mu_mean at step 10900: -2.706555
2025-12-08 23:50:18 INFO     Training average sigma_mean at step 10900: 0.278454
2025-12-08 23:50:18 INFO     Training average regularization at step 10900: 0.006234
2025-12-08 23:50:18 INFO     Training average loss at step 10900: 2.366396
2025-12-08 23:51:18 INFO     Training average positive_fact_loss at step 11000: 0.313679
2025-12-08 23:51:18 INFO     Training average negative_fact_loss at step 11000: 0.291423
2025-12-08 23:51:18 INFO     Training average positive_rule_loss at step 11000: 1.732729
2025-12-08 23:51:18 INFO     Training average negative_rule_loss at step 11000: 2.278028
2025-12-08 23:51:18 INFO     Training average L_uncertainty at step 11000: 50.373246
2025-12-08 23:51:18 INFO     Training average L_kl at step 11000: 49953.170273
2025-12-08 23:51:18 INFO     Training average L_sigma at step 11000: 420.072990
2025-12-08 23:51:18 INFO     Training average mu_mean at step 11000: -2.716819
2025-12-08 23:51:18 INFO     Training average sigma_mean at step 11000: 0.278252
2025-12-08 23:51:18 INFO     Training average regularization at step 11000: 0.006223
2025-12-08 23:51:18 INFO     Training average loss at step 11000: 2.364526
2025-12-08 23:51:18 INFO     Evaluating on Valid Dataset...
2025-12-08 23:51:18 INFO     >>>>> RuleE emb: Evaluating on valid
2025-12-08 23:51:28 INFO     Data : 4274
2025-12-08 23:51:28 INFO     Hit1 : 0.527375
2025-12-08 23:51:28 INFO     Hit3 : 0.766729
2025-12-08 23:51:28 INFO     Hit10: 0.943145
2025-12-08 23:51:28 INFO     MR   : 3.419513
2025-12-08 23:51:28 INFO     MRR  : 0.667574
2025-12-08 23:52:15 INFO     Training average positive_fact_loss at step 11100: 0.314033
2025-12-08 23:52:15 INFO     Training average negative_fact_loss at step 11100: 0.290702
2025-12-08 23:52:15 INFO     Training average positive_rule_loss at step 11100: 1.731716
2025-12-08 23:52:15 INFO     Training average negative_rule_loss at step 11100: 2.277593
2025-12-08 23:52:15 INFO     Training average L_uncertainty at step 11100: 50.348857
2025-12-08 23:52:15 INFO     Training average L_kl at step 11100: 49926.328477
2025-12-08 23:52:15 INFO     Training average L_sigma at step 11100: 422.526638
2025-12-08 23:52:15 INFO     Training average mu_mean at step 11100: -2.713022
2025-12-08 23:52:15 INFO     Training average sigma_mean at step 11100: 0.278107
2025-12-08 23:52:15 INFO     Training average regularization at step 11100: 0.006238
2025-12-08 23:52:15 INFO     Training average loss at step 11100: 2.363609
2025-12-08 23:53:15 INFO     Training average positive_fact_loss at step 11200: 0.313305
2025-12-08 23:53:15 INFO     Training average negative_fact_loss at step 11200: 0.291197
2025-12-08 23:53:15 INFO     Training average positive_rule_loss at step 11200: 1.729816
2025-12-08 23:53:15 INFO     Training average negative_rule_loss at step 11200: 2.276059
2025-12-08 23:53:15 INFO     Training average L_uncertainty at step 11200: 50.574329
2025-12-08 23:53:15 INFO     Training average L_kl at step 11200: 50142.388789
2025-12-08 23:53:15 INFO     Training average L_sigma at step 11200: 431.937688
2025-12-08 23:53:15 INFO     Training average mu_mean at step 11200: -2.715191
2025-12-08 23:53:15 INFO     Training average sigma_mean at step 11200: 0.278275
2025-12-08 23:53:15 INFO     Training average regularization at step 11200: 0.006218
2025-12-08 23:53:15 INFO     Training average loss at step 11200: 2.361980
2025-12-08 23:54:11 INFO     Training average positive_fact_loss at step 11300: 0.313410
2025-12-08 23:54:11 INFO     Training average negative_fact_loss at step 11300: 0.290662
2025-12-08 23:54:11 INFO     Training average positive_rule_loss at step 11300: 1.725347
2025-12-08 23:54:11 INFO     Training average negative_rule_loss at step 11300: 2.279045
2025-12-08 23:54:11 INFO     Training average L_uncertainty at step 11300: 50.206998
2025-12-08 23:54:11 INFO     Training average L_kl at step 11300: 49782.789258
2025-12-08 23:54:11 INFO     Training average L_sigma at step 11300: 424.205779
2025-12-08 23:54:11 INFO     Training average mu_mean at step 11300: -2.697031
2025-12-08 23:54:11 INFO     Training average sigma_mean at step 11300: 0.278352
2025-12-08 23:54:11 INFO     Training average regularization at step 11300: 0.006231
2025-12-08 23:54:11 INFO     Training average loss at step 11300: 2.360670
2025-12-08 23:55:11 INFO     Training average positive_fact_loss at step 11400: 0.313181
2025-12-08 23:55:11 INFO     Training average negative_fact_loss at step 11400: 0.291269
2025-12-08 23:55:11 INFO     Training average positive_rule_loss at step 11400: 1.725069
2025-12-08 23:55:11 INFO     Training average negative_rule_loss at step 11400: 2.276583
2025-12-08 23:55:11 INFO     Training average L_uncertainty at step 11400: 50.331191
2025-12-08 23:55:11 INFO     Training average L_kl at step 11400: 49905.487930
2025-12-08 23:55:11 INFO     Training average L_sigma at step 11400: 425.700367
2025-12-08 23:55:11 INFO     Training average mu_mean at step 11400: -2.695972
2025-12-08 23:55:11 INFO     Training average sigma_mean at step 11400: 0.278434
2025-12-08 23:55:11 INFO     Training average regularization at step 11400: 0.006228
2025-12-08 23:55:11 INFO     Training average loss at step 11400: 2.359610
2025-12-08 23:56:07 INFO     Training average positive_fact_loss at step 11500: 0.313439
2025-12-08 23:56:07 INFO     Training average negative_fact_loss at step 11500: 0.291290
2025-12-08 23:56:07 INFO     Training average positive_rule_loss at step 11500: 1.724241
2025-12-08 23:56:07 INFO     Training average negative_rule_loss at step 11500: 2.274260
2025-12-08 23:56:07 INFO     Training average L_uncertainty at step 11500: 50.315678
2025-12-08 23:56:07 INFO     Training average L_kl at step 11500: 49891.815977
2025-12-08 23:56:07 INFO     Training average L_sigma at step 11500: 423.859104
2025-12-08 23:56:07 INFO     Training average mu_mean at step 11500: -2.692449
2025-12-08 23:56:07 INFO     Training average sigma_mean at step 11500: 0.278401
2025-12-08 23:56:07 INFO     Training average regularization at step 11500: 0.006221
2025-12-08 23:56:07 INFO     Training average loss at step 11500: 2.358152
2025-12-08 23:57:07 INFO     Training average positive_fact_loss at step 11600: 0.314445
2025-12-08 23:57:07 INFO     Training average negative_fact_loss at step 11600: 0.290998
2025-12-08 23:57:07 INFO     Training average positive_rule_loss at step 11600: 1.721989
2025-12-08 23:57:07 INFO     Training average negative_rule_loss at step 11600: 2.273404
2025-12-08 23:57:07 INFO     Training average L_uncertainty at step 11600: 50.162532
2025-12-08 23:57:07 INFO     Training average L_kl at step 11600: 49736.110273
2025-12-08 23:57:07 INFO     Training average L_sigma at step 11600: 426.419642
2025-12-08 23:57:07 INFO     Training average mu_mean at step 11600: -2.681938
2025-12-08 23:57:07 INFO     Training average sigma_mean at step 11600: 0.278527
2025-12-08 23:57:07 INFO     Training average regularization at step 11600: 0.006228
2025-12-08 23:57:07 INFO     Training average loss at step 11600: 2.356808
2025-12-08 23:57:58 INFO     Training average positive_fact_loss at step 11700: 0.313324
2025-12-08 23:57:58 INFO     Training average negative_fact_loss at step 11700: 0.290958
2025-12-08 23:57:58 INFO     Training average positive_rule_loss at step 11700: 1.725481
2025-12-08 23:57:58 INFO     Training average negative_rule_loss at step 11700: 2.262700
2025-12-08 23:57:58 INFO     Training average L_uncertainty at step 11700: 50.676435
2025-12-08 23:57:58 INFO     Training average L_kl at step 11700: 50252.314414
2025-12-08 23:57:58 INFO     Training average L_sigma at step 11700: 424.118294
2025-12-08 23:57:58 INFO     Training average mu_mean at step 11700: -2.695688
2025-12-08 23:57:58 INFO     Training average sigma_mean at step 11700: 0.278238
2025-12-08 23:57:58 INFO     Training average regularization at step 11700: 0.006225
2025-12-08 23:57:58 INFO     Training average loss at step 11700: 2.353132
2025-12-08 23:58:54 INFO     Training average positive_fact_loss at step 11800: 0.313592
2025-12-08 23:58:54 INFO     Training average negative_fact_loss at step 11800: 0.290590
2025-12-08 23:58:54 INFO     Training average positive_rule_loss at step 11800: 1.719274
2025-12-08 23:58:54 INFO     Training average negative_rule_loss at step 11800: 2.271275
2025-12-08 23:58:54 INFO     Training average L_uncertainty at step 11800: 50.151026
2025-12-08 23:58:54 INFO     Training average L_kl at step 11800: 49718.862813
2025-12-08 23:58:54 INFO     Training average L_sigma at step 11800: 432.160841
2025-12-08 23:58:54 INFO     Training average mu_mean at step 11800: -2.671005
2025-12-08 23:58:54 INFO     Training average sigma_mean at step 11800: 0.278620
2025-12-08 23:58:54 INFO     Training average regularization at step 11800: 0.006232
2025-12-08 23:58:54 INFO     Training average loss at step 11800: 2.353748
2025-12-08 23:59:50 INFO     Training average positive_fact_loss at step 11900: 0.313406
2025-12-08 23:59:50 INFO     Training average negative_fact_loss at step 11900: 0.290625
2025-12-08 23:59:50 INFO     Training average positive_rule_loss at step 11900: 1.719197
2025-12-08 23:59:50 INFO     Training average negative_rule_loss at step 11900: 2.265467
2025-12-08 23:59:50 INFO     Training average L_uncertainty at step 11900: 50.156537
2025-12-08 23:59:50 INFO     Training average L_kl at step 11900: 49722.306953
2025-12-08 23:59:50 INFO     Training average L_sigma at step 11900: 434.227832
2025-12-08 23:59:50 INFO     Training average mu_mean at step 11900: -2.666777
2025-12-08 23:59:50 INFO     Training average sigma_mean at step 11900: 0.278801
2025-12-08 23:59:50 INFO     Training average regularization at step 11900: 0.006229
2025-12-08 23:59:50 INFO     Training average loss at step 11900: 2.350733
2025-12-09 00:00:50 INFO     Training average positive_fact_loss at step 12000: 0.313204
2025-12-09 00:00:50 INFO     Training average negative_fact_loss at step 12000: 0.291101
2025-12-09 00:00:50 INFO     Training average positive_rule_loss at step 12000: 1.719952
2025-12-09 00:00:50 INFO     Training average negative_rule_loss at step 12000: 2.261752
2025-12-09 00:00:50 INFO     Training average L_uncertainty at step 12000: 50.360241
2025-12-09 00:00:50 INFO     Training average L_kl at step 12000: 49934.456094
2025-12-09 00:00:50 INFO     Training average L_sigma at step 12000: 425.781726
2025-12-09 00:00:50 INFO     Training average mu_mean at step 12000: -2.669593
2025-12-09 00:00:50 INFO     Training average sigma_mean at step 12000: 0.278543
2025-12-09 00:00:50 INFO     Training average regularization at step 12000: 0.006232
2025-12-09 00:00:50 INFO     Training average loss at step 12000: 2.349596
2025-12-09 00:00:50 INFO     Evaluating on Valid Dataset...
2025-12-09 00:00:50 INFO     >>>>> RuleE emb: Evaluating on valid
2025-12-09 00:01:00 INFO     Data : 4274
2025-12-09 00:01:00 INFO     Hit1 : 0.527843
2025-12-09 00:01:00 INFO     Hit3 : 0.766027
2025-12-09 00:01:00 INFO     Hit10: 0.941741
2025-12-09 00:01:00 INFO     MR   : 3.425831
2025-12-09 00:01:00 INFO     MRR  : 0.669741
2025-12-09 00:01:56 INFO     Training average positive_fact_loss at step 12100: 0.313379
2025-12-09 00:01:56 INFO     Training average negative_fact_loss at step 12100: 0.291131
2025-12-09 00:01:56 INFO     Training average positive_rule_loss at step 12100: 1.719548
2025-12-09 00:01:56 INFO     Training average negative_rule_loss at step 12100: 2.258440
2025-12-09 00:01:56 INFO     Training average L_uncertainty at step 12100: 50.421164
2025-12-09 00:01:56 INFO     Training average L_kl at step 12100: 49990.774922
2025-12-09 00:01:56 INFO     Training average L_sigma at step 12100: 430.386928
2025-12-09 00:01:56 INFO     Training average mu_mean at step 12100: -2.669207
2025-12-09 00:01:56 INFO     Training average sigma_mean at step 12100: 0.278492
2025-12-09 00:01:56 INFO     Training average regularization at step 12100: 0.006225
2025-12-09 00:01:56 INFO     Training average loss at step 12100: 2.347894
2025-12-09 00:02:56 INFO     Training average positive_fact_loss at step 12200: 0.312947
2025-12-09 00:02:56 INFO     Training average negative_fact_loss at step 12200: 0.291153
2025-12-09 00:02:56 INFO     Training average positive_rule_loss at step 12200: 1.718418
2025-12-09 00:02:56 INFO     Training average negative_rule_loss at step 12200: 2.255470
2025-12-09 00:02:56 INFO     Training average L_uncertainty at step 12200: 50.620388
2025-12-09 00:02:56 INFO     Training average L_kl at step 12200: 50185.557070
2025-12-09 00:02:56 INFO     Training average L_sigma at step 12200: 434.829057
2025-12-09 00:02:56 INFO     Training average mu_mean at step 12200: -2.669406
2025-12-09 00:02:56 INFO     Training average sigma_mean at step 12200: 0.278717
2025-12-09 00:02:56 INFO     Training average regularization at step 12200: 0.006234
2025-12-09 00:02:56 INFO     Training average loss at step 12200: 2.345849
2025-12-09 00:03:52 INFO     Training average positive_fact_loss at step 12300: 0.313992
2025-12-09 00:03:52 INFO     Training average negative_fact_loss at step 12300: 0.291050
2025-12-09 00:03:52 INFO     Training average positive_rule_loss at step 12300: 1.716275
2025-12-09 00:03:52 INFO     Training average negative_rule_loss at step 12300: 2.253895
2025-12-09 00:03:52 INFO     Training average L_uncertainty at step 12300: 50.391141
2025-12-09 00:03:52 INFO     Training average L_kl at step 12300: 49956.874492
2025-12-09 00:03:52 INFO     Training average L_sigma at step 12300: 434.264178
2025-12-09 00:03:52 INFO     Training average mu_mean at step 12300: -2.654270
2025-12-09 00:03:52 INFO     Training average sigma_mean at step 12300: 0.278660
2025-12-09 00:03:52 INFO     Training average regularization at step 12300: 0.006229
2025-12-09 00:03:52 INFO     Training average loss at step 12300: 2.344225
2025-12-09 00:04:44 INFO     Training average positive_fact_loss at step 12400: 0.313974
2025-12-09 00:04:44 INFO     Training average negative_fact_loss at step 12400: 0.290500
2025-12-09 00:04:44 INFO     Training average positive_rule_loss at step 12400: 1.720554
2025-12-09 00:04:44 INFO     Training average negative_rule_loss at step 12400: 2.249212
2025-12-09 00:04:44 INFO     Training average L_uncertainty at step 12400: 50.762250
2025-12-09 00:04:44 INFO     Training average L_kl at step 12400: 50319.863320
2025-12-09 00:04:44 INFO     Training average L_sigma at step 12400: 442.384309
2025-12-09 00:04:44 INFO     Training average mu_mean at step 12400: -2.666296
2025-12-09 00:04:44 INFO     Training average sigma_mean at step 12400: 0.278675
2025-12-09 00:04:44 INFO     Training average regularization at step 12400: 0.006227
2025-12-09 00:04:44 INFO     Training average loss at step 12400: 2.344110
2025-12-09 00:05:40 INFO     Training average positive_fact_loss at step 12500: 0.313547
2025-12-09 00:05:40 INFO     Training average negative_fact_loss at step 12500: 0.290959
2025-12-09 00:05:40 INFO     Training average positive_rule_loss at step 12500: 1.712646
2025-12-09 00:05:40 INFO     Training average negative_rule_loss at step 12500: 2.252873
2025-12-09 00:05:40 INFO     Training average L_uncertainty at step 12500: 50.466668
2025-12-09 00:05:40 INFO     Training average L_kl at step 12500: 50028.362266
2025-12-09 00:05:40 INFO     Training average L_sigma at step 12500: 438.303322
2025-12-09 00:05:40 INFO     Training average mu_mean at step 12500: -2.648048
2025-12-09 00:05:40 INFO     Training average sigma_mean at step 12500: 0.278838
2025-12-09 00:05:40 INFO     Training average regularization at step 12500: 0.006228
2025-12-09 00:05:40 INFO     Training average loss at step 12500: 2.341708
2025-12-09 00:06:41 INFO     Training average positive_fact_loss at step 12600: 0.313587
2025-12-09 00:06:41 INFO     Training average negative_fact_loss at step 12600: 0.290951
2025-12-09 00:06:41 INFO     Training average positive_rule_loss at step 12600: 1.714952
2025-12-09 00:06:41 INFO     Training average negative_rule_loss at step 12600: 2.248655
2025-12-09 00:06:41 INFO     Training average L_uncertainty at step 12600: 50.599299
2025-12-09 00:06:41 INFO     Training average L_kl at step 12600: 50159.247773
2025-12-09 00:06:41 INFO     Training average L_sigma at step 12600: 440.049075
2025-12-09 00:06:41 INFO     Training average mu_mean at step 12600: -2.648124
2025-12-09 00:06:41 INFO     Training average sigma_mean at step 12600: 0.278979
2025-12-09 00:06:41 INFO     Training average regularization at step 12600: 0.006224
2025-12-09 00:06:41 INFO     Training average loss at step 12600: 2.340896
2025-12-09 00:07:37 INFO     Training average positive_fact_loss at step 12700: 0.313295
2025-12-09 00:07:37 INFO     Training average negative_fact_loss at step 12700: 0.291169
2025-12-09 00:07:37 INFO     Training average positive_rule_loss at step 12700: 1.711810
2025-12-09 00:07:37 INFO     Training average negative_rule_loss at step 12700: 2.247267
2025-12-09 00:07:37 INFO     Training average L_uncertainty at step 12700: 50.390130
2025-12-09 00:07:37 INFO     Training average L_kl at step 12700: 49958.720313
2025-12-09 00:07:37 INFO     Training average L_sigma at step 12700: 431.407536
2025-12-09 00:07:37 INFO     Training average mu_mean at step 12700: -2.633131
2025-12-09 00:07:37 INFO     Training average sigma_mean at step 12700: 0.278699
2025-12-09 00:07:37 INFO     Training average regularization at step 12700: 0.006221
2025-12-09 00:07:37 INFO     Training average loss at step 12700: 2.338381
2025-12-09 00:08:38 INFO     Training average positive_fact_loss at step 12800: 0.313883
2025-12-09 00:08:38 INFO     Training average negative_fact_loss at step 12800: 0.291416
2025-12-09 00:08:38 INFO     Training average positive_rule_loss at step 12800: 1.712489
2025-12-09 00:08:38 INFO     Training average negative_rule_loss at step 12800: 2.246021
2025-12-09 00:08:38 INFO     Training average L_uncertainty at step 12800: 50.651095
2025-12-09 00:08:38 INFO     Training average L_kl at step 12800: 50220.617383
2025-12-09 00:08:38 INFO     Training average L_sigma at step 12800: 430.475179
2025-12-09 00:08:38 INFO     Training average mu_mean at step 12800: -2.640349
2025-12-09 00:08:38 INFO     Training average sigma_mean at step 12800: 0.278604
2025-12-09 00:08:38 INFO     Training average regularization at step 12800: 0.006217
2025-12-09 00:08:38 INFO     Training average loss at step 12800: 2.338773
2025-12-09 00:09:33 INFO     Training average positive_fact_loss at step 12900: 0.313448
2025-12-09 00:09:33 INFO     Training average negative_fact_loss at step 12900: 0.291106
2025-12-09 00:09:33 INFO     Training average positive_rule_loss at step 12900: 1.710337
2025-12-09 00:09:33 INFO     Training average negative_rule_loss at step 12900: 2.244131
2025-12-09 00:09:33 INFO     Training average L_uncertainty at step 12900: 50.532220
2025-12-09 00:09:33 INFO     Training average L_kl at step 12900: 50092.265273
2025-12-09 00:09:33 INFO     Training average L_sigma at step 12900: 439.952492
2025-12-09 00:09:33 INFO     Training average mu_mean at step 12900: -2.629183
2025-12-09 00:09:33 INFO     Training average sigma_mean at step 12900: 0.278919
2025-12-09 00:09:33 INFO     Training average regularization at step 12900: 0.006225
2025-12-09 00:09:33 INFO     Training average loss at step 12900: 2.336269
2025-12-09 00:10:29 INFO     Training average positive_fact_loss at step 13000: 0.313795
2025-12-09 00:10:29 INFO     Training average negative_fact_loss at step 13000: 0.290448
2025-12-09 00:10:29 INFO     Training average positive_rule_loss at step 13000: 1.715659
2025-12-09 00:10:29 INFO     Training average negative_rule_loss at step 13000: 2.233281
2025-12-09 00:10:29 INFO     Training average L_uncertainty at step 13000: 50.912188
2025-12-09 00:10:29 INFO     Training average L_kl at step 13000: 50472.932383
2025-12-09 00:10:29 INFO     Training average L_sigma at step 13000: 439.253902
2025-12-09 00:10:29 INFO     Training average mu_mean at step 13000: -2.639490
2025-12-09 00:10:29 INFO     Training average sigma_mean at step 13000: 0.278954
2025-12-09 00:10:29 INFO     Training average regularization at step 13000: 0.006224
2025-12-09 00:10:29 INFO     Training average loss at step 13000: 2.333727
2025-12-09 00:10:29 INFO     Evaluating on Valid Dataset...
2025-12-09 00:10:29 INFO     >>>>> RuleE emb: Evaluating on valid
2025-12-09 00:10:39 INFO     Data : 4274
2025-12-09 00:10:39 INFO     Hit1 : 0.543051
2025-12-09 00:10:39 INFO     Hit3 : 0.771876
2025-12-09 00:10:39 INFO     Hit10: 0.941039
2025-12-09 00:10:39 INFO     MR   : 3.389331
2025-12-09 00:10:39 INFO     MRR  : 0.677474
2025-12-09 00:11:32 INFO     Training average positive_fact_loss at step 13100: 0.313783
2025-12-09 00:11:32 INFO     Training average negative_fact_loss at step 13100: 0.290849
2025-12-09 00:11:32 INFO     Training average positive_rule_loss at step 13100: 1.709948
2025-12-09 00:11:32 INFO     Training average negative_rule_loss at step 13100: 2.239556
2025-12-09 00:11:32 INFO     Training average L_uncertainty at step 13100: 50.669271
2025-12-09 00:11:32 INFO     Training average L_kl at step 13100: 50230.172695
2025-12-09 00:11:32 INFO     Training average L_sigma at step 13100: 439.096346
2025-12-09 00:11:32 INFO     Training average mu_mean at step 13100: -2.627174
2025-12-09 00:11:32 INFO     Training average sigma_mean at step 13100: 0.278559
2025-12-09 00:11:32 INFO     Training average regularization at step 13100: 0.006226
2025-12-09 00:11:32 INFO     Training average loss at step 13100: 2.333963
2025-12-09 00:12:32 INFO     Training average positive_fact_loss at step 13200: 0.312952
2025-12-09 00:12:32 INFO     Training average negative_fact_loss at step 13200: 0.290651
2025-12-09 00:12:32 INFO     Training average positive_rule_loss at step 13200: 1.709333
2025-12-09 00:12:32 INFO     Training average negative_rule_loss at step 13200: 2.236226
2025-12-09 00:12:32 INFO     Training average L_uncertainty at step 13200: 50.915057
2025-12-09 00:12:32 INFO     Training average L_kl at step 13200: 50474.369258
2025-12-09 00:12:32 INFO     Training average L_sigma at step 13200: 440.685143
2025-12-09 00:12:32 INFO     Training average mu_mean at step 13200: -2.625995
2025-12-09 00:12:32 INFO     Training average sigma_mean at step 13200: 0.278896
2025-12-09 00:12:32 INFO     Training average regularization at step 13200: 0.006232
2025-12-09 00:12:32 INFO     Training average loss at step 13200: 2.331728
2025-12-09 00:13:28 INFO     Training average positive_fact_loss at step 13300: 0.313285
2025-12-09 00:13:28 INFO     Training average negative_fact_loss at step 13300: 0.291062
2025-12-09 00:13:28 INFO     Training average positive_rule_loss at step 13300: 1.708812
2025-12-09 00:13:28 INFO     Training average negative_rule_loss at step 13300: 2.232659
2025-12-09 00:13:28 INFO     Training average L_uncertainty at step 13300: 50.755118
2025-12-09 00:13:28 INFO     Training average L_kl at step 13300: 50315.938047
2025-12-09 00:13:28 INFO     Training average L_sigma at step 13300: 439.177189
2025-12-09 00:13:28 INFO     Training average mu_mean at step 13300: -2.614595
2025-12-09 00:13:28 INFO     Training average sigma_mean at step 13300: 0.278879
2025-12-09 00:13:28 INFO     Training average regularization at step 13300: 0.006228
2025-12-09 00:13:28 INFO     Training average loss at step 13300: 2.329892
2025-12-09 00:14:29 INFO     Training average positive_fact_loss at step 13400: 0.312987
2025-12-09 00:14:29 INFO     Training average negative_fact_loss at step 13400: 0.290995
2025-12-09 00:14:29 INFO     Training average positive_rule_loss at step 13400: 1.707962
2025-12-09 00:14:29 INFO     Training average negative_rule_loss at step 13400: 2.235409
2025-12-09 00:14:29 INFO     Training average L_uncertainty at step 13400: 50.762804
2025-12-09 00:14:29 INFO     Training average L_kl at step 13400: 50323.211016
2025-12-09 00:14:29 INFO     Training average L_sigma at step 13400: 439.590619
2025-12-09 00:14:29 INFO     Training average mu_mean at step 13400: -2.611909
2025-12-09 00:14:29 INFO     Training average sigma_mean at step 13400: 0.278924
2025-12-09 00:14:29 INFO     Training average regularization at step 13400: 0.006225
2025-12-09 00:14:29 INFO     Training average loss at step 13400: 2.330664
2025-12-09 00:15:24 INFO     Training average positive_fact_loss at step 13500: 0.313598
2025-12-09 00:15:24 INFO     Training average negative_fact_loss at step 13500: 0.290893
2025-12-09 00:15:24 INFO     Training average positive_rule_loss at step 13500: 1.708626
2025-12-09 00:15:24 INFO     Training average negative_rule_loss at step 13500: 2.228232
2025-12-09 00:15:24 INFO     Training average L_uncertainty at step 13500: 50.851239
2025-12-09 00:15:24 INFO     Training average L_kl at step 13500: 50401.219805
2025-12-09 00:15:24 INFO     Training average L_sigma at step 13500: 450.016524
2025-12-09 00:15:24 INFO     Training average mu_mean at step 13500: -2.610618
2025-12-09 00:15:24 INFO     Training average sigma_mean at step 13500: 0.279259
2025-12-09 00:15:24 INFO     Training average regularization at step 13500: 0.006225
2025-12-09 00:15:24 INFO     Training average loss at step 13500: 2.327750
2025-12-09 00:16:24 INFO     Training average positive_fact_loss at step 13600: 0.313013
2025-12-09 00:16:24 INFO     Training average negative_fact_loss at step 13600: 0.290768
2025-12-09 00:16:24 INFO     Training average positive_rule_loss at step 13600: 1.710732
2025-12-09 00:16:24 INFO     Training average negative_rule_loss at step 13600: 2.223412
2025-12-09 00:16:24 INFO     Training average L_uncertainty at step 13600: 51.038140
2025-12-09 00:16:24 INFO     Training average L_kl at step 13600: 50590.294492
2025-12-09 00:16:24 INFO     Training average L_sigma at step 13600: 447.843313
2025-12-09 00:16:24 INFO     Training average mu_mean at step 13600: -2.617135
2025-12-09 00:16:24 INFO     Training average sigma_mean at step 13600: 0.279062
2025-12-09 00:16:24 INFO     Training average regularization at step 13600: 0.006244
2025-12-09 00:16:24 INFO     Training average loss at step 13600: 2.326245
2025-12-09 00:17:11 INFO     Training average positive_fact_loss at step 13700: 0.314245
2025-12-09 00:17:11 INFO     Training average negative_fact_loss at step 13700: 0.290465
2025-12-09 00:17:11 INFO     Training average positive_rule_loss at step 13700: 1.709022
2025-12-09 00:17:11 INFO     Training average negative_rule_loss at step 13700: 2.220758
2025-12-09 00:17:11 INFO     Training average L_uncertainty at step 13700: 51.083626
2025-12-09 00:17:11 INFO     Training average L_kl at step 13700: 50634.047695
2025-12-09 00:17:11 INFO     Training average L_sigma at step 13700: 449.575708
2025-12-09 00:17:11 INFO     Training average mu_mean at step 13700: -2.611441
2025-12-09 00:17:11 INFO     Training average sigma_mean at step 13700: 0.279118
2025-12-09 00:17:11 INFO     Training average regularization at step 13700: 0.006237
2025-12-09 00:17:11 INFO     Training average loss at step 13700: 2.324566
2025-12-09 00:18:11 INFO     Training average positive_fact_loss at step 13800: 0.313052
2025-12-09 00:18:11 INFO     Training average negative_fact_loss at step 13800: 0.290611
2025-12-09 00:18:11 INFO     Training average positive_rule_loss at step 13800: 1.706093
2025-12-09 00:18:11 INFO     Training average negative_rule_loss at step 13800: 2.223765
2025-12-09 00:18:11 INFO     Training average L_uncertainty at step 13800: 50.902242
2025-12-09 00:18:11 INFO     Training average L_kl at step 13800: 50454.339492
2025-12-09 00:18:11 INFO     Training average L_sigma at step 13800: 447.900383
2025-12-09 00:18:11 INFO     Training average mu_mean at step 13800: -2.595658
2025-12-09 00:18:11 INFO     Training average sigma_mean at step 13800: 0.279048
2025-12-09 00:18:11 INFO     Training average regularization at step 13800: 0.006236
2025-12-09 00:18:11 INFO     Training average loss at step 13800: 2.323899
2025-12-09 00:19:08 INFO     Training average positive_fact_loss at step 13900: 0.313593
2025-12-09 00:19:08 INFO     Training average negative_fact_loss at step 13900: 0.290827
2025-12-09 00:19:08 INFO     Training average positive_rule_loss at step 13900: 1.707575
2025-12-09 00:19:08 INFO     Training average negative_rule_loss at step 13900: 2.217384
2025-12-09 00:19:08 INFO     Training average L_uncertainty at step 13900: 51.149503
2025-12-09 00:19:08 INFO     Training average L_kl at step 13900: 50708.572969
2025-12-09 00:19:08 INFO     Training average L_sigma at step 13900: 440.927433
2025-12-09 00:19:08 INFO     Training average mu_mean at step 13900: -2.600038
2025-12-09 00:19:08 INFO     Training average sigma_mean at step 13900: 0.278842
2025-12-09 00:19:08 INFO     Training average regularization at step 13900: 0.006233
2025-12-09 00:19:08 INFO     Training average loss at step 13900: 2.322073
2025-12-09 00:20:08 INFO     Training average positive_fact_loss at step 14000: 0.313669
2025-12-09 00:20:08 INFO     Training average negative_fact_loss at step 14000: 0.291025
2025-12-09 00:20:08 INFO     Training average positive_rule_loss at step 14000: 1.708080
2025-12-09 00:20:08 INFO     Training average negative_rule_loss at step 14000: 2.212669
2025-12-09 00:20:08 INFO     Training average L_uncertainty at step 14000: 51.227098
2025-12-09 00:20:08 INFO     Training average L_kl at step 14000: 50778.395352
2025-12-09 00:20:08 INFO     Training average L_sigma at step 14000: 448.700425
2025-12-09 00:20:08 INFO     Training average mu_mean at step 14000: -2.598452
2025-12-09 00:20:08 INFO     Training average sigma_mean at step 14000: 0.279127
2025-12-09 00:20:08 INFO     Training average regularization at step 14000: 0.006238
2025-12-09 00:20:08 INFO     Training average loss at step 14000: 2.320186
2025-12-09 00:20:08 INFO     Evaluating on Valid Dataset...
2025-12-09 00:20:08 INFO     >>>>> RuleE emb: Evaluating on valid
2025-12-09 00:20:18 INFO     Data : 4274
2025-12-09 00:20:18 INFO     Hit1 : 0.536500
2025-12-09 00:20:18 INFO     Hit3 : 0.762752
2025-12-09 00:20:18 INFO     Hit10: 0.940337
2025-12-09 00:20:18 INFO     MR   : 3.447590
2025-12-09 00:20:18 INFO     MRR  : 0.671166
2025-12-09 00:21:14 INFO     Training average positive_fact_loss at step 14100: 0.312906
2025-12-09 00:21:14 INFO     Training average negative_fact_loss at step 14100: 0.291141
2025-12-09 00:21:14 INFO     Training average positive_rule_loss at step 14100: 1.707432
2025-12-09 00:21:14 INFO     Training average negative_rule_loss at step 14100: 2.214420
2025-12-09 00:21:14 INFO     Training average L_uncertainty at step 14100: 51.079631
2025-12-09 00:21:14 INFO     Training average L_kl at step 14100: 50634.725586
2025-12-09 00:21:14 INFO     Training average L_sigma at step 14100: 444.902451
2025-12-09 00:21:14 INFO     Training average mu_mean at step 14100: -2.589820
2025-12-09 00:21:14 INFO     Training average sigma_mean at step 14100: 0.279078
2025-12-09 00:21:14 INFO     Training average regularization at step 14100: 0.006228
2025-12-09 00:21:14 INFO     Training average loss at step 14100: 2.320256
2025-12-09 00:22:14 INFO     Training average positive_fact_loss at step 14200: 0.313893
2025-12-09 00:22:14 INFO     Training average negative_fact_loss at step 14200: 0.291216
2025-12-09 00:22:14 INFO     Training average positive_rule_loss at step 14200: 1.710136
2025-12-09 00:22:14 INFO     Training average negative_rule_loss at step 14200: 2.205520
2025-12-09 00:22:14 INFO     Training average L_uncertainty at step 14200: 51.229491
2025-12-09 00:22:14 INFO     Training average L_kl at step 14200: 50781.248008
2025-12-09 00:22:14 INFO     Training average L_sigma at step 14200: 448.240746
2025-12-09 00:22:14 INFO     Training average mu_mean at step 14200: -2.592419
2025-12-09 00:22:14 INFO     Training average sigma_mean at step 14200: 0.279145
2025-12-09 00:22:14 INFO     Training average regularization at step 14200: 0.006219
2025-12-09 00:22:14 INFO     Training average loss at step 14200: 2.317831
2025-12-09 00:23:05 INFO     Training average positive_fact_loss at step 14300: 0.314125
2025-12-09 00:23:05 INFO     Training average negative_fact_loss at step 14300: 0.290643
2025-12-09 00:23:05 INFO     Training average positive_rule_loss at step 14300: 1.707168
2025-12-09 00:23:05 INFO     Training average negative_rule_loss at step 14300: 2.206982
2025-12-09 00:23:05 INFO     Training average L_uncertainty at step 14300: 51.296046
2025-12-09 00:23:05 INFO     Training average L_kl at step 14300: 50841.256836
2025-12-09 00:23:05 INFO     Training average L_sigma at step 14300: 454.786688
2025-12-09 00:23:05 INFO     Training average mu_mean at step 14300: -2.591156
2025-12-09 00:23:05 INFO     Training average sigma_mean at step 14300: 0.279122
2025-12-09 00:23:05 INFO     Training average regularization at step 14300: 0.006225
2025-12-09 00:23:05 INFO     Training average loss at step 14300: 2.316981
2025-12-09 00:24:01 INFO     Training average positive_fact_loss at step 14400: 0.313889
2025-12-09 00:24:01 INFO     Training average negative_fact_loss at step 14400: 0.290754
2025-12-09 00:24:01 INFO     Training average positive_rule_loss at step 14400: 1.705928
2025-12-09 00:24:01 INFO     Training average negative_rule_loss at step 14400: 2.211091
2025-12-09 00:24:01 INFO     Training average L_uncertainty at step 14400: 51.084922
2025-12-09 00:24:01 INFO     Training average L_kl at step 14400: 50630.571875
2025-12-09 00:24:01 INFO     Training average L_sigma at step 14400: 454.347606
2025-12-09 00:24:01 INFO     Training average mu_mean at step 14400: -2.572934
2025-12-09 00:24:01 INFO     Training average sigma_mean at step 14400: 0.279203
2025-12-09 00:24:01 INFO     Training average regularization at step 14400: 0.006220
2025-12-09 00:24:01 INFO     Training average loss at step 14400: 2.318137
2025-12-09 00:24:57 INFO     Training average positive_fact_loss at step 14500: 0.312917
2025-12-09 00:24:57 INFO     Training average negative_fact_loss at step 14500: 0.290277
2025-12-09 00:24:57 INFO     Training average positive_rule_loss at step 14500: 1.705531
2025-12-09 00:24:57 INFO     Training average negative_rule_loss at step 14500: 2.203793
2025-12-09 00:24:57 INFO     Training average L_uncertainty at step 14500: 51.210832
2025-12-09 00:24:57 INFO     Training average L_kl at step 14500: 50764.043945
2025-12-09 00:24:57 INFO     Training average L_sigma at step 14500: 446.785457
2025-12-09 00:24:57 INFO     Training average mu_mean at step 14500: -2.573729
2025-12-09 00:24:57 INFO     Training average sigma_mean at step 14500: 0.279012
2025-12-09 00:24:57 INFO     Training average regularization at step 14500: 0.006228
2025-12-09 00:24:57 INFO     Training average loss at step 14500: 2.313697
2025-12-09 00:25:57 INFO     Training average positive_fact_loss at step 14600: 0.312566
2025-12-09 00:25:57 INFO     Training average negative_fact_loss at step 14600: 0.290521
2025-12-09 00:25:57 INFO     Training average positive_rule_loss at step 14600: 1.707112
2025-12-09 00:25:57 INFO     Training average negative_rule_loss at step 14600: 2.199048
2025-12-09 00:25:57 INFO     Training average L_uncertainty at step 14600: 51.407065
2025-12-09 00:25:57 INFO     Training average L_kl at step 14600: 50955.420859
2025-12-09 00:25:57 INFO     Training average L_sigma at step 14600: 451.642248
2025-12-09 00:25:57 INFO     Training average mu_mean at step 14600: -2.574851
2025-12-09 00:25:57 INFO     Training average sigma_mean at step 14600: 0.279206
2025-12-09 00:25:57 INFO     Training average regularization at step 14600: 0.006228
2025-12-09 00:25:57 INFO     Training average loss at step 14600: 2.312259
2025-12-09 00:26:53 INFO     Training average positive_fact_loss at step 14700: 0.313450
2025-12-09 00:26:53 INFO     Training average negative_fact_loss at step 14700: 0.291415
2025-12-09 00:26:53 INFO     Training average positive_rule_loss at step 14700: 1.711633
2025-12-09 00:26:53 INFO     Training average negative_rule_loss at step 14700: 2.194852
2025-12-09 00:26:53 INFO     Training average L_uncertainty at step 14700: 51.464372
2025-12-09 00:26:53 INFO     Training average L_kl at step 14700: 51014.258008
2025-12-09 00:26:53 INFO     Training average L_sigma at step 14700: 450.111822
2025-12-09 00:26:53 INFO     Training average mu_mean at step 14700: -2.576406
2025-12-09 00:26:53 INFO     Training average sigma_mean at step 14700: 0.279051
2025-12-09 00:26:53 INFO     Training average regularization at step 14700: 0.006223
2025-12-09 00:26:53 INFO     Training average loss at step 14700: 2.313362
2025-12-09 00:27:53 INFO     Training average positive_fact_loss at step 14800: 0.313747
2025-12-09 00:27:53 INFO     Training average negative_fact_loss at step 14800: 0.291109
2025-12-09 00:27:53 INFO     Training average positive_rule_loss at step 14800: 1.707780
2025-12-09 00:27:53 INFO     Training average negative_rule_loss at step 14800: 2.198406
2025-12-09 00:27:53 INFO     Training average L_uncertainty at step 14800: 51.264183
2025-12-09 00:27:53 INFO     Training average L_kl at step 14800: 50800.621953
2025-12-09 00:27:53 INFO     Training average L_sigma at step 14800: 463.558484
2025-12-09 00:27:53 INFO     Training average mu_mean at step 14800: -2.567929
2025-12-09 00:27:53 INFO     Training average sigma_mean at step 14800: 0.279314
2025-12-09 00:27:53 INFO     Training average regularization at step 14800: 0.006227
2025-12-09 00:27:53 INFO     Training average loss at step 14800: 2.313012
2025-12-09 00:28:49 INFO     Training average positive_fact_loss at step 14900: 0.313749
2025-12-09 00:28:49 INFO     Training average negative_fact_loss at step 14900: 0.290654
2025-12-09 00:28:49 INFO     Training average positive_rule_loss at step 14900: 1.705019
2025-12-09 00:28:49 INFO     Training average negative_rule_loss at step 14900: 2.195962
2025-12-09 00:28:49 INFO     Training average L_uncertainty at step 14900: 51.347442
2025-12-09 00:28:49 INFO     Training average L_kl at step 14900: 50892.575820
2025-12-09 00:28:49 INFO     Training average L_sigma at step 14900: 454.863656
2025-12-09 00:28:49 INFO     Training average mu_mean at step 14900: -2.558362
2025-12-09 00:28:49 INFO     Training average sigma_mean at step 14900: 0.279227
2025-12-09 00:28:49 INFO     Training average regularization at step 14900: 0.006233
2025-12-09 00:28:49 INFO     Training average loss at step 14900: 2.310272
2025-12-09 00:29:40 INFO     Training average positive_fact_loss at step 15000: 0.313907
2025-12-09 00:29:40 INFO     Training average negative_fact_loss at step 15000: 0.290694
2025-12-09 00:29:40 INFO     Training average positive_rule_loss at step 15000: 1.705152
2025-12-09 00:29:40 INFO     Training average negative_rule_loss at step 15000: 2.194007
2025-12-09 00:29:40 INFO     Training average L_uncertainty at step 15000: 51.343820
2025-12-09 00:29:40 INFO     Training average L_kl at step 15000: 50884.813398
2025-12-09 00:29:40 INFO     Training average L_sigma at step 15000: 459.004255
2025-12-09 00:29:40 INFO     Training average mu_mean at step 15000: -2.554682
2025-12-09 00:29:40 INFO     Training average sigma_mean at step 15000: 0.279440
2025-12-09 00:29:40 INFO     Training average regularization at step 15000: 0.006229
2025-12-09 00:29:40 INFO     Training average loss at step 15000: 2.309453
2025-12-09 00:29:40 INFO     Evaluating on Valid Dataset...
2025-12-09 00:29:40 INFO     >>>>> RuleE emb: Evaluating on valid
2025-12-09 00:29:50 INFO     Data : 4274
2025-12-09 00:29:50 INFO     Hit1 : 0.533692
2025-12-09 00:29:50 INFO     Hit3 : 0.769537
2025-12-09 00:29:50 INFO     Hit10: 0.944080
2025-12-09 00:29:50 INFO     MR   : 3.391671
2025-12-09 00:29:50 INFO     MRR  : 0.672656
2025-12-09 00:30:46 INFO     Training average positive_fact_loss at step 15100: 0.313356
2025-12-09 00:30:46 INFO     Training average negative_fact_loss at step 15100: 0.290678
2025-12-09 00:30:46 INFO     Training average positive_rule_loss at step 15100: 1.705738
2025-12-09 00:30:46 INFO     Training average negative_rule_loss at step 15100: 2.190132
2025-12-09 00:30:46 INFO     Training average L_uncertainty at step 15100: 51.397810
2025-12-09 00:30:46 INFO     Training average L_kl at step 15100: 50941.123164
2025-12-09 00:30:46 INFO     Training average L_sigma at step 15100: 456.684141
2025-12-09 00:30:46 INFO     Training average mu_mean at step 15100: -2.552775
2025-12-09 00:30:46 INFO     Training average sigma_mean at step 15100: 0.279330
2025-12-09 00:30:46 INFO     Training average regularization at step 15100: 0.006224
2025-12-09 00:30:46 INFO     Training average loss at step 15100: 2.307573
2025-12-09 00:31:46 INFO     Training average positive_fact_loss at step 15200: 0.312485
2025-12-09 00:31:46 INFO     Training average negative_fact_loss at step 15200: 0.290737
2025-12-09 00:31:46 INFO     Training average positive_rule_loss at step 15200: 1.706637
2025-12-09 00:31:46 INFO     Training average negative_rule_loss at step 15200: 2.186999
2025-12-09 00:31:46 INFO     Training average L_uncertainty at step 15200: 51.529136
2025-12-09 00:31:46 INFO     Training average L_kl at step 15200: 51072.961719
2025-12-09 00:31:46 INFO     Training average L_sigma at step 15200: 456.172088
2025-12-09 00:31:46 INFO     Training average mu_mean at step 15200: -2.551345
2025-12-09 00:31:46 INFO     Training average sigma_mean at step 15200: 0.279309
2025-12-09 00:31:46 INFO     Training average regularization at step 15200: 0.006234
2025-12-09 00:31:46 INFO     Training average loss at step 15200: 2.306192
2025-12-09 00:32:42 INFO     Training average positive_fact_loss at step 15300: 0.314084
2025-12-09 00:32:42 INFO     Training average negative_fact_loss at step 15300: 0.290972
2025-12-09 00:32:42 INFO     Training average positive_rule_loss at step 15300: 1.708742
2025-12-09 00:32:42 INFO     Training average negative_rule_loss at step 15300: 2.179628
2025-12-09 00:32:42 INFO     Training average L_uncertainty at step 15300: 51.674218
2025-12-09 00:32:42 INFO     Training average L_kl at step 15300: 51210.072734
2025-12-09 00:32:42 INFO     Training average L_sigma at step 15300: 464.142771
2025-12-09 00:32:42 INFO     Training average mu_mean at step 15300: -2.554921
2025-12-09 00:32:42 INFO     Training average sigma_mean at step 15300: 0.279535
2025-12-09 00:32:42 INFO     Training average regularization at step 15300: 0.006227
2025-12-09 00:32:42 INFO     Training average loss at step 15300: 2.304614
2025-12-09 00:33:42 INFO     Training average positive_fact_loss at step 15400: 0.313187
2025-12-09 00:33:42 INFO     Training average negative_fact_loss at step 15400: 0.290955
2025-12-09 00:33:42 INFO     Training average positive_rule_loss at step 15400: 1.706659
2025-12-09 00:33:42 INFO     Training average negative_rule_loss at step 15400: 2.182039
2025-12-09 00:33:42 INFO     Training average L_uncertainty at step 15400: 51.665355
2025-12-09 00:33:42 INFO     Training average L_kl at step 15400: 51207.529922
2025-12-09 00:33:42 INFO     Training average L_sigma at step 15400: 457.822782
2025-12-09 00:33:42 INFO     Training average mu_mean at step 15400: -2.546337
2025-12-09 00:33:42 INFO     Training average sigma_mean at step 15400: 0.279358
2025-12-09 00:33:42 INFO     Training average regularization at step 15400: 0.006221
2025-12-09 00:33:42 INFO     Training average loss at step 15400: 2.304306
2025-12-09 00:34:38 INFO     Training average positive_fact_loss at step 15500: 0.313747
2025-12-09 00:34:38 INFO     Training average negative_fact_loss at step 15500: 0.290809
2025-12-09 00:34:38 INFO     Training average positive_rule_loss at step 15500: 1.706678
2025-12-09 00:34:38 INFO     Training average negative_rule_loss at step 15500: 2.176268
2025-12-09 00:34:38 INFO     Training average L_uncertainty at step 15500: 51.765402
2025-12-09 00:34:38 INFO     Training average L_kl at step 15500: 51307.597500
2025-12-09 00:34:38 INFO     Training average L_sigma at step 15500: 457.802437
2025-12-09 00:34:38 INFO     Training average mu_mean at step 15500: -2.545058
2025-12-09 00:34:38 INFO     Training average sigma_mean at step 15500: 0.279403
2025-12-09 00:34:38 INFO     Training average regularization at step 15500: 0.006223
2025-12-09 00:34:38 INFO     Training average loss at step 15500: 2.301739
2025-12-09 00:35:34 INFO     Training average positive_fact_loss at step 15600: 0.313647
2025-12-09 00:35:34 INFO     Training average negative_fact_loss at step 15600: 0.290761
2025-12-09 00:35:34 INFO     Training average positive_rule_loss at step 15600: 1.707459
2025-12-09 00:35:34 INFO     Training average negative_rule_loss at step 15600: 2.174609
2025-12-09 00:35:34 INFO     Training average L_uncertainty at step 15600: 51.715933
2025-12-09 00:35:34 INFO     Training average L_kl at step 15600: 51251.574141
2025-12-09 00:35:34 INFO     Training average L_sigma at step 15600: 464.356502
2025-12-09 00:35:34 INFO     Training average mu_mean at step 15600: -2.538752
2025-12-09 00:35:34 INFO     Training average sigma_mean at step 15600: 0.279513
2025-12-09 00:35:34 INFO     Training average regularization at step 15600: 0.006222
2025-12-09 00:35:34 INFO     Training average loss at step 15600: 2.301176
2025-12-09 00:36:25 INFO     Training average positive_fact_loss at step 15700: 0.313458
2025-12-09 00:36:25 INFO     Training average negative_fact_loss at step 15700: 0.290424
2025-12-09 00:36:25 INFO     Training average positive_rule_loss at step 15700: 1.707422
2025-12-09 00:36:25 INFO     Training average negative_rule_loss at step 15700: 2.171155
2025-12-09 00:36:25 INFO     Training average L_uncertainty at step 15700: 51.931570
2025-12-09 00:36:25 INFO     Training average L_kl at step 15700: 51473.504922
2025-12-09 00:36:25 INFO     Training average L_sigma at step 15700: 458.062071
2025-12-09 00:36:25 INFO     Training average mu_mean at step 15700: -2.541123
2025-12-09 00:36:25 INFO     Training average sigma_mean at step 15700: 0.279308
2025-12-09 00:36:25 INFO     Training average regularization at step 15700: 0.006223
2025-12-09 00:36:25 INFO     Training average loss at step 15700: 2.299385
2025-12-09 00:37:26 INFO     Training average positive_fact_loss at step 15800: 0.313336
2025-12-09 00:37:26 INFO     Training average negative_fact_loss at step 15800: 0.290779
2025-12-09 00:37:26 INFO     Training average positive_rule_loss at step 15800: 1.704331
2025-12-09 00:37:26 INFO     Training average negative_rule_loss at step 15800: 2.173283
2025-12-09 00:37:26 INFO     Training average L_uncertainty at step 15800: 51.789849
2025-12-09 00:37:26 INFO     Training average L_kl at step 15800: 51324.827812
2025-12-09 00:37:26 INFO     Training average L_sigma at step 15800: 465.018263
2025-12-09 00:37:26 INFO     Training average mu_mean at step 15800: -2.528301
2025-12-09 00:37:26 INFO     Training average sigma_mean at step 15800: 0.279602
2025-12-09 00:37:26 INFO     Training average regularization at step 15800: 0.006209
2025-12-09 00:37:26 INFO     Training average loss at step 15800: 2.298864
2025-12-09 00:38:22 INFO     Training average positive_fact_loss at step 15900: 0.312582
2025-12-09 00:38:22 INFO     Training average negative_fact_loss at step 15900: 0.290497
2025-12-09 00:38:22 INFO     Training average positive_rule_loss at step 15900: 1.705438
2025-12-09 00:38:22 INFO     Training average negative_rule_loss at step 15900: 2.168847
2025-12-09 00:38:22 INFO     Training average L_uncertainty at step 15900: 51.905310
2025-12-09 00:38:22 INFO     Training average L_kl at step 15900: 51445.779766
2025-12-09 00:38:22 INFO     Training average L_sigma at step 15900: 459.527865
2025-12-09 00:38:22 INFO     Training average mu_mean at step 15900: -2.525770
2025-12-09 00:38:22 INFO     Training average sigma_mean at step 15900: 0.279376
2025-12-09 00:38:22 INFO     Training average regularization at step 15900: 0.006230
2025-12-09 00:38:22 INFO     Training average loss at step 15900: 2.296817
2025-12-09 00:39:22 INFO     Training average positive_fact_loss at step 16000: 0.313906
2025-12-09 00:39:22 INFO     Training average negative_fact_loss at step 16000: 0.291159
2025-12-09 00:39:22 INFO     Training average positive_rule_loss at step 16000: 1.707826
2025-12-09 00:39:22 INFO     Training average negative_rule_loss at step 16000: 2.166092
2025-12-09 00:39:22 INFO     Training average L_uncertainty at step 16000: 52.020096
2025-12-09 00:39:22 INFO     Training average L_kl at step 16000: 51556.127148
2025-12-09 00:39:22 INFO     Training average L_sigma at step 16000: 463.966061
2025-12-09 00:39:22 INFO     Training average mu_mean at step 16000: -2.529562
2025-12-09 00:39:22 INFO     Training average sigma_mean at step 16000: 0.279522
2025-12-09 00:39:22 INFO     Training average regularization at step 16000: 0.006216
2025-12-09 00:39:22 INFO     Training average loss at step 16000: 2.297728
2025-12-09 00:39:22 INFO     Evaluating on Valid Dataset...
2025-12-09 00:39:22 INFO     >>>>> RuleE emb: Evaluating on valid
2025-12-09 00:39:33 INFO     Data : 4274
2025-12-09 00:39:33 INFO     Hit1 : 0.527609
2025-12-09 00:39:33 INFO     Hit3 : 0.759008
2025-12-09 00:39:33 INFO     Hit10: 0.940103
2025-12-09 00:39:33 INFO     MR   : 3.472391
2025-12-09 00:39:33 INFO     MRR  : 0.666657
2025-12-09 00:40:28 INFO     Training average positive_fact_loss at step 16100: 0.313647
2025-12-09 00:40:28 INFO     Training average negative_fact_loss at step 16100: 0.290875
2025-12-09 00:40:28 INFO     Training average positive_rule_loss at step 16100: 1.704144
2025-12-09 00:40:28 INFO     Training average negative_rule_loss at step 16100: 2.165166
2025-12-09 00:40:28 INFO     Training average L_uncertainty at step 16100: 52.057679
2025-12-09 00:40:28 INFO     Training average L_kl at step 16100: 51591.020703
2025-12-09 00:40:28 INFO     Training average L_sigma at step 16100: 466.655523
2025-12-09 00:40:28 INFO     Training average mu_mean at step 16100: -2.520345
2025-12-09 00:40:28 INFO     Training average sigma_mean at step 16100: 0.279554
2025-12-09 00:40:28 INFO     Training average regularization at step 16100: 0.006228
2025-12-09 00:40:28 INFO     Training average loss at step 16100: 2.295201
2025-12-09 00:41:28 INFO     Training average positive_fact_loss at step 16200: 0.313767
2025-12-09 00:41:28 INFO     Training average negative_fact_loss at step 16200: 0.290710
2025-12-09 00:41:28 INFO     Training average positive_rule_loss at step 16200: 1.702784
2025-12-09 00:41:28 INFO     Training average negative_rule_loss at step 16200: 2.169061
2025-12-09 00:41:28 INFO     Training average L_uncertainty at step 16200: 51.946692
2025-12-09 00:41:28 INFO     Training average L_kl at step 16200: 51479.258438
2025-12-09 00:41:28 INFO     Training average L_sigma at step 16200: 467.431310
2025-12-09 00:41:28 INFO     Training average mu_mean at step 16200: -2.510578
2025-12-09 00:41:28 INFO     Training average sigma_mean at step 16200: 0.279521
2025-12-09 00:41:28 INFO     Training average regularization at step 16200: 0.006220
2025-12-09 00:41:28 INFO     Training average loss at step 16200: 2.296328
2025-12-09 00:42:15 INFO     Training average positive_fact_loss at step 16300: 0.313258
2025-12-09 00:42:15 INFO     Training average negative_fact_loss at step 16300: 0.290422
2025-12-09 00:42:15 INFO     Training average positive_rule_loss at step 16300: 1.706734
2025-12-09 00:42:15 INFO     Training average negative_rule_loss at step 16300: 2.157046
2025-12-09 00:42:15 INFO     Training average L_uncertainty at step 16300: 52.060357
2025-12-09 00:42:15 INFO     Training average L_kl at step 16300: 51594.065938
2025-12-09 00:42:15 INFO     Training average L_sigma at step 16300: 466.288381
2025-12-09 00:42:15 INFO     Training average mu_mean at step 16300: -2.515605
2025-12-09 00:42:15 INFO     Training average sigma_mean at step 16300: 0.279582
2025-12-09 00:42:15 INFO     Training average regularization at step 16300: 0.006219
2025-12-09 00:42:15 INFO     Training average loss at step 16300: 2.292010
2025-12-09 00:43:16 INFO     Training average positive_fact_loss at step 16400: 0.313416
2025-12-09 00:43:16 INFO     Training average negative_fact_loss at step 16400: 0.290699
2025-12-09 00:43:16 INFO     Training average positive_rule_loss at step 16400: 1.703781
2025-12-09 00:43:16 INFO     Training average negative_rule_loss at step 16400: 2.161637
2025-12-09 00:43:16 INFO     Training average L_uncertainty at step 16400: 51.980239
2025-12-09 00:43:16 INFO     Training average L_kl at step 16400: 51516.399141
2025-12-09 00:43:16 INFO     Training average L_sigma at step 16400: 463.837137
2025-12-09 00:43:16 INFO     Training average mu_mean at step 16400: -2.507865
2025-12-09 00:43:16 INFO     Training average sigma_mean at step 16400: 0.279437
2025-12-09 00:43:16 INFO     Training average regularization at step 16400: 0.006223
2025-12-09 00:43:16 INFO     Training average loss at step 16400: 2.292970
2025-12-09 00:44:12 INFO     Training average positive_fact_loss at step 16500: 0.313714
2025-12-09 00:44:12 INFO     Training average negative_fact_loss at step 16500: 0.290548
2025-12-09 00:44:12 INFO     Training average positive_rule_loss at step 16500: 1.703737
2025-12-09 00:44:12 INFO     Training average negative_rule_loss at step 16500: 2.160840
2025-12-09 00:44:12 INFO     Training average L_uncertainty at step 16500: 52.001382
2025-12-09 00:44:12 INFO     Training average L_kl at step 16500: 51532.487422
2025-12-09 00:44:12 INFO     Training average L_sigma at step 16500: 468.892339
2025-12-09 00:44:12 INFO     Training average mu_mean at step 16500: -2.499608
2025-12-09 00:44:12 INFO     Training average sigma_mean at step 16500: 0.279563
2025-12-09 00:44:12 INFO     Training average regularization at step 16500: 0.006223
2025-12-09 00:44:12 INFO     Training average loss at step 16500: 2.292644
2025-12-09 00:45:12 INFO     Training average positive_fact_loss at step 16600: 0.312893
2025-12-09 00:45:12 INFO     Training average negative_fact_loss at step 16600: 0.290601
2025-12-09 00:45:12 INFO     Training average positive_rule_loss at step 16600: 1.706232
2025-12-09 00:45:12 INFO     Training average negative_rule_loss at step 16600: 2.153766
2025-12-09 00:45:12 INFO     Training average L_uncertainty at step 16600: 52.280612
2025-12-09 00:45:12 INFO     Training average L_kl at step 16600: 51819.248203
2025-12-09 00:45:12 INFO     Training average L_sigma at step 16600: 461.361109
2025-12-09 00:45:12 INFO     Training average mu_mean at step 16600: -2.506219
2025-12-09 00:45:12 INFO     Training average sigma_mean at step 16600: 0.279335
2025-12-09 00:45:12 INFO     Training average regularization at step 16600: 0.006219
2025-12-09 00:45:12 INFO     Training average loss at step 16600: 2.290246
2025-12-09 00:46:08 INFO     Training average positive_fact_loss at step 16700: 0.312898
2025-12-09 00:46:08 INFO     Training average negative_fact_loss at step 16700: 0.290978
2025-12-09 00:46:08 INFO     Training average positive_rule_loss at step 16700: 1.704013
2025-12-09 00:46:08 INFO     Training average negative_rule_loss at step 16700: 2.151185
2025-12-09 00:46:08 INFO     Training average L_uncertainty at step 16700: 52.160684
2025-12-09 00:46:08 INFO     Training average L_kl at step 16700: 51691.846211
2025-12-09 00:46:08 INFO     Training average L_sigma at step 16700: 468.835577
2025-12-09 00:46:08 INFO     Training average mu_mean at step 16700: -2.495942
2025-12-09 00:46:08 INFO     Training average sigma_mean at step 16700: 0.279521
2025-12-09 00:46:08 INFO     Training average regularization at step 16700: 0.006220
2025-12-09 00:46:08 INFO     Training average loss at step 16700: 2.287917
2025-12-09 00:47:08 INFO     Training average positive_fact_loss at step 16800: 0.313167
2025-12-09 00:47:08 INFO     Training average negative_fact_loss at step 16800: 0.290425
2025-12-09 00:47:08 INFO     Training average positive_rule_loss at step 16800: 1.704552
2025-12-09 00:47:08 INFO     Training average negative_rule_loss at step 16800: 2.153864
2025-12-09 00:47:08 INFO     Training average L_uncertainty at step 16800: 52.119785
2025-12-09 00:47:08 INFO     Training average L_kl at step 16800: 51651.096680
2025-12-09 00:47:08 INFO     Training average L_sigma at step 16800: 468.685902
2025-12-09 00:47:08 INFO     Training average mu_mean at step 16800: -2.495812
2025-12-09 00:47:08 INFO     Training average sigma_mean at step 16800: 0.279553
2025-12-09 00:47:08 INFO     Training average regularization at step 16800: 0.006225
2025-12-09 00:47:08 INFO     Training average loss at step 16800: 2.289348
2025-12-09 00:47:59 INFO     Training average positive_fact_loss at step 16900: 0.313712
2025-12-09 00:47:59 INFO     Training average negative_fact_loss at step 16900: 0.290498
2025-12-09 00:47:59 INFO     Training average positive_rule_loss at step 16900: 1.703370
2025-12-09 00:47:59 INFO     Training average negative_rule_loss at step 16900: 2.150638
2025-12-09 00:47:59 INFO     Training average L_uncertainty at step 16900: 52.278492
2025-12-09 00:47:59 INFO     Training average L_kl at step 16900: 51811.459414
2025-12-09 00:47:59 INFO     Training average L_sigma at step 16900: 467.030383
2025-12-09 00:47:59 INFO     Training average mu_mean at step 16900: -2.491050
2025-12-09 00:47:59 INFO     Training average sigma_mean at step 16900: 0.279502
2025-12-09 00:47:59 INFO     Training average regularization at step 16900: 0.006218
2025-12-09 00:47:59 INFO     Training average loss at step 16900: 2.287605
2025-12-09 00:48:55 INFO     Training average positive_fact_loss at step 17000: 0.313436
2025-12-09 00:48:55 INFO     Training average negative_fact_loss at step 17000: 0.290272
2025-12-09 00:48:55 INFO     Training average positive_rule_loss at step 17000: 1.702678
2025-12-09 00:48:55 INFO     Training average negative_rule_loss at step 17000: 2.145777
2025-12-09 00:48:55 INFO     Training average L_uncertainty at step 17000: 52.277776
2025-12-09 00:48:55 INFO     Training average L_kl at step 17000: 51809.636484
2025-12-09 00:48:55 INFO     Training average L_sigma at step 17000: 468.137080
2025-12-09 00:48:55 INFO     Training average mu_mean at step 17000: -2.485240
2025-12-09 00:48:55 INFO     Training average sigma_mean at step 17000: 0.279514
2025-12-09 00:48:55 INFO     Training average regularization at step 17000: 0.006222
2025-12-09 00:48:55 INFO     Training average loss at step 17000: 2.284582
2025-12-09 00:48:55 INFO     Evaluating on Valid Dataset...
2025-12-09 00:48:55 INFO     >>>>> RuleE emb: Evaluating on valid
2025-12-09 00:49:05 INFO     Data : 4274
2025-12-09 00:49:05 INFO     Hit1 : 0.532756
2025-12-09 00:49:05 INFO     Hit3 : 0.765325
2025-12-09 00:49:05 INFO     Hit10: 0.938699
2025-12-09 00:49:05 INFO     MR   : 3.449462
2025-12-09 00:49:05 INFO     MRR  : 0.669706
2025-12-09 00:50:01 INFO     Training average positive_fact_loss at step 17100: 0.313334
2025-12-09 00:50:01 INFO     Training average negative_fact_loss at step 17100: 0.290708
2025-12-09 00:50:01 INFO     Training average positive_rule_loss at step 17100: 1.705468
2025-12-09 00:50:01 INFO     Training average negative_rule_loss at step 17100: 2.142234
2025-12-09 00:50:01 INFO     Training average L_uncertainty at step 17100: 52.355871
2025-12-09 00:50:01 INFO     Training average L_kl at step 17100: 51882.851797
2025-12-09 00:50:01 INFO     Training average L_sigma at step 17100: 473.016441
2025-12-09 00:50:01 INFO     Training average mu_mean at step 17100: -2.486764
2025-12-09 00:50:01 INFO     Training average sigma_mean at step 17100: 0.279559
2025-12-09 00:50:01 INFO     Training average regularization at step 17100: 0.006226
2025-12-09 00:50:01 INFO     Training average loss at step 17100: 2.284453
2025-12-09 00:51:01 INFO     Training average positive_fact_loss at step 17200: 0.312497
2025-12-09 00:51:01 INFO     Training average negative_fact_loss at step 17200: 0.290399
2025-12-09 00:51:01 INFO     Training average positive_rule_loss at step 17200: 1.702516
2025-12-09 00:51:01 INFO     Training average negative_rule_loss at step 17200: 2.148158
2025-12-09 00:51:01 INFO     Training average L_uncertainty at step 17200: 52.268205
2025-12-09 00:51:01 INFO     Training average L_kl at step 17200: 51800.641328
2025-12-09 00:51:01 INFO     Training average L_sigma at step 17200: 467.561013
2025-12-09 00:51:01 INFO     Training average mu_mean at step 17200: -2.478631
2025-12-09 00:51:01 INFO     Training average sigma_mean at step 17200: 0.279420
2025-12-09 00:51:01 INFO     Training average regularization at step 17200: 0.006226
2025-12-09 00:51:01 INFO     Training average loss at step 17200: 2.285279
2025-12-09 00:51:56 INFO     Training average positive_fact_loss at step 17300: 0.313198
2025-12-09 00:51:56 INFO     Training average negative_fact_loss at step 17300: 0.290654
2025-12-09 00:51:56 INFO     Training average positive_rule_loss at step 17300: 1.702929
2025-12-09 00:51:56 INFO     Training average negative_rule_loss at step 17300: 2.139282
2025-12-09 00:51:56 INFO     Training average L_uncertainty at step 17300: 52.466833
2025-12-09 00:51:56 INFO     Training average L_kl at step 17300: 51998.569414
2025-12-09 00:51:56 INFO     Training average L_sigma at step 17300: 468.261098
2025-12-09 00:51:56 INFO     Training average mu_mean at step 17300: -2.478774
2025-12-09 00:51:56 INFO     Training average sigma_mean at step 17300: 0.279524
2025-12-09 00:51:56 INFO     Training average regularization at step 17300: 0.006228
2025-12-09 00:51:56 INFO     Training average loss at step 17300: 2.281727
2025-12-09 00:52:57 INFO     Training average positive_fact_loss at step 17400: 0.312639
2025-12-09 00:52:57 INFO     Training average negative_fact_loss at step 17400: 0.290993
2025-12-09 00:52:57 INFO     Training average positive_rule_loss at step 17400: 1.701494
2025-12-09 00:52:57 INFO     Training average negative_rule_loss at step 17400: 2.139621
2025-12-09 00:52:57 INFO     Training average L_uncertainty at step 17400: 52.400903
2025-12-09 00:52:57 INFO     Training average L_kl at step 17400: 51928.844688
2025-12-09 00:52:57 INFO     Training average L_sigma at step 17400: 472.054973
2025-12-09 00:52:57 INFO     Training average mu_mean at step 17400: -2.472378
2025-12-09 00:52:57 INFO     Training average sigma_mean at step 17400: 0.279582
2025-12-09 00:52:57 INFO     Training average regularization at step 17400: 0.006214
2025-12-09 00:52:57 INFO     Training average loss at step 17400: 2.280988
2025-12-09 00:53:53 INFO     Change learning_rate to 0.000010 at step 17500
2025-12-09 00:53:53 INFO     Training average positive_fact_loss at step 17500: 0.314199
2025-12-09 00:53:53 INFO     Training average negative_fact_loss at step 17500: 0.290312
2025-12-09 00:53:53 INFO     Training average positive_rule_loss at step 17500: 1.702601
2025-12-09 00:53:53 INFO     Training average negative_rule_loss at step 17500: 2.136799
2025-12-09 00:53:53 INFO     Training average L_uncertainty at step 17500: 52.474624
2025-12-09 00:53:53 INFO     Training average L_kl at step 17500: 52001.914570
2025-12-09 00:53:53 INFO     Training average L_sigma at step 17500: 472.706483
2025-12-09 00:53:53 INFO     Training average mu_mean at step 17500: -2.468105
2025-12-09 00:53:53 INFO     Training average sigma_mean at step 17500: 0.279576
2025-12-09 00:53:53 INFO     Training average regularization at step 17500: 0.006223
2025-12-09 00:53:53 INFO     Training average loss at step 17500: 2.280654
2025-12-09 00:54:44 INFO     Training average positive_fact_loss at step 17600: 0.295794
2025-12-09 00:54:44 INFO     Training average negative_fact_loss at step 17600: 0.288492
2025-12-09 00:54:44 INFO     Training average positive_rule_loss at step 17600: 1.704543
2025-12-09 00:54:44 INFO     Training average negative_rule_loss at step 17600: 2.139745
2025-12-09 00:54:44 INFO     Training average L_uncertainty at step 17600: 52.168559
2025-12-09 00:54:44 INFO     Training average L_kl at step 17600: 51712.344180
2025-12-09 00:54:44 INFO     Training average L_sigma at step 17600: 456.211786
2025-12-09 00:54:44 INFO     Training average mu_mean at step 17600: -2.464181
2025-12-09 00:54:44 INFO     Training average sigma_mean at step 17600: 0.279520
2025-12-09 00:54:44 INFO     Training average regularization at step 17600: 0.006270
2025-12-09 00:54:44 INFO     Training average loss at step 17600: 2.272725
2025-12-09 00:55:40 INFO     Training average positive_fact_loss at step 17700: 0.298571
2025-12-09 00:55:40 INFO     Training average negative_fact_loss at step 17700: 0.280996
2025-12-09 00:55:40 INFO     Training average positive_rule_loss at step 17700: 1.701622
2025-12-09 00:55:40 INFO     Training average negative_rule_loss at step 17700: 2.136971
2025-12-09 00:55:40 INFO     Training average L_uncertainty at step 17700: 52.151311
2025-12-09 00:55:40 INFO     Training average L_kl at step 17700: 51699.884141
2025-12-09 00:55:40 INFO     Training average L_sigma at step 17700: 451.424458
2025-12-09 00:55:40 INFO     Training average mu_mean at step 17700: -2.464787
2025-12-09 00:55:40 INFO     Training average sigma_mean at step 17700: 0.279540
2025-12-09 00:55:40 INFO     Training average regularization at step 17700: 0.006338
2025-12-09 00:55:40 INFO     Training average loss at step 17700: 2.267570
2025-12-09 00:56:40 INFO     Training average positive_fact_loss at step 17800: 0.298158
2025-12-09 00:56:40 INFO     Training average negative_fact_loss at step 17800: 0.279608
2025-12-09 00:56:40 INFO     Training average positive_rule_loss at step 17800: 1.702615
2025-12-09 00:56:40 INFO     Training average negative_rule_loss at step 17800: 2.135591
2025-12-09 00:56:40 INFO     Training average L_uncertainty at step 17800: 52.103425
2025-12-09 00:56:40 INFO     Training average L_kl at step 17800: 51650.113711
2025-12-09 00:56:40 INFO     Training average L_sigma at step 17800: 453.308435
2025-12-09 00:56:40 INFO     Training average mu_mean at step 17800: -2.461415
2025-12-09 00:56:40 INFO     Training average sigma_mean at step 17800: 0.279598
2025-12-09 00:56:40 INFO     Training average regularization at step 17800: 0.006355
2025-12-09 00:56:40 INFO     Training average loss at step 17800: 2.266444
2025-12-09 00:57:36 INFO     Training average positive_fact_loss at step 17900: 0.299315
2025-12-09 00:57:36 INFO     Training average negative_fact_loss at step 17900: 0.279275
2025-12-09 00:57:36 INFO     Training average positive_rule_loss at step 17900: 1.701472
2025-12-09 00:57:36 INFO     Training average negative_rule_loss at step 17900: 2.134726
2025-12-09 00:57:36 INFO     Training average L_uncertainty at step 17900: 52.250593
2025-12-09 00:57:36 INFO     Training average L_kl at step 17900: 51798.412773
2025-12-09 00:57:36 INFO     Training average L_sigma at step 17900: 452.177544
2025-12-09 00:57:36 INFO     Training average mu_mean at step 17900: -2.465710
2025-12-09 00:57:36 INFO     Training average sigma_mean at step 17900: 0.279530
2025-12-09 00:57:36 INFO     Training average regularization at step 17900: 0.006361
2025-12-09 00:57:36 INFO     Training average loss at step 17900: 2.266006
2025-12-09 00:58:36 INFO     Training average positive_fact_loss at step 18000: 0.299913
2025-12-09 00:58:36 INFO     Training average negative_fact_loss at step 18000: 0.278905
2025-12-09 00:58:36 INFO     Training average positive_rule_loss at step 18000: 1.699857
2025-12-09 00:58:36 INFO     Training average negative_rule_loss at step 18000: 2.141024
2025-12-09 00:58:36 INFO     Training average L_uncertainty at step 18000: 52.212395
2025-12-09 00:58:36 INFO     Training average L_kl at step 18000: 51766.222422
2025-12-09 00:58:36 INFO     Training average L_sigma at step 18000: 446.169542
2025-12-09 00:58:36 INFO     Training average mu_mean at step 18000: -2.462117
2025-12-09 00:58:36 INFO     Training average sigma_mean at step 18000: 0.279289
2025-12-09 00:58:36 INFO     Training average regularization at step 18000: 0.006362
2025-12-09 00:58:36 INFO     Training average loss at step 18000: 2.268424
2025-12-09 00:58:36 INFO     Evaluating on Valid Dataset...
2025-12-09 00:58:36 INFO     >>>>> RuleE emb: Evaluating on valid
2025-12-09 00:58:46 INFO     Data : 4274
2025-12-09 00:58:46 INFO     Hit1 : 0.545157
2025-12-09 00:58:46 INFO     Hit3 : 0.776322
2025-12-09 00:58:46 INFO     Hit10: 0.943145
2025-12-09 00:58:46 INFO     MR   : 3.366401
2025-12-09 00:58:46 INFO     MRR  : 0.680453
2025-12-09 00:59:44 INFO     Training average positive_fact_loss at step 18100: 0.298747
2025-12-09 00:59:44 INFO     Training average negative_fact_loss at step 18100: 0.278565
2025-12-09 00:59:44 INFO     Training average positive_rule_loss at step 18100: 1.702619
2025-12-09 00:59:44 INFO     Training average negative_rule_loss at step 18100: 2.134446
2025-12-09 00:59:44 INFO     Training average L_uncertainty at step 18100: 52.168054
2025-12-09 00:59:44 INFO     Training average L_kl at step 18100: 51717.811680
2025-12-09 00:59:44 INFO     Training average L_sigma at step 18100: 450.239687
2025-12-09 00:59:44 INFO     Training average mu_mean at step 18100: -2.459426
2025-12-09 00:59:44 INFO     Training average sigma_mean at step 18100: 0.279379
2025-12-09 00:59:44 INFO     Training average regularization at step 18100: 0.006363
2025-12-09 00:59:44 INFO     Training average loss at step 18100: 2.265719
2025-12-09 01:00:40 INFO     Training average positive_fact_loss at step 18200: 0.299726
2025-12-09 01:00:40 INFO     Training average negative_fact_loss at step 18200: 0.278331
2025-12-09 01:00:40 INFO     Training average positive_rule_loss at step 18200: 1.700874
2025-12-09 01:00:40 INFO     Training average negative_rule_loss at step 18200: 2.134295
2025-12-09 01:00:40 INFO     Training average L_uncertainty at step 18200: 52.239538
2025-12-09 01:00:40 INFO     Training average L_kl at step 18200: 51783.703203
2025-12-09 01:00:40 INFO     Training average L_sigma at step 18200: 455.831971
2025-12-09 01:00:40 INFO     Training average mu_mean at step 18200: -2.462775
2025-12-09 01:00:40 INFO     Training average sigma_mean at step 18200: 0.279526
2025-12-09 01:00:40 INFO     Training average regularization at step 18200: 0.006360
2025-12-09 01:00:40 INFO     Training average loss at step 18200: 2.265213
2025-12-09 01:01:31 INFO     Training average positive_fact_loss at step 18300: 0.299323
2025-12-09 01:01:31 INFO     Training average negative_fact_loss at step 18300: 0.278147
2025-12-09 01:01:31 INFO     Training average positive_rule_loss at step 18300: 1.702734
2025-12-09 01:01:31 INFO     Training average negative_rule_loss at step 18300: 2.132704
2025-12-09 01:01:31 INFO     Training average L_uncertainty at step 18300: 52.319176
2025-12-09 01:01:31 INFO     Training average L_kl at step 18300: 51855.277070
2025-12-09 01:01:31 INFO     Training average L_sigma at step 18300: 463.896083
2025-12-09 01:01:31 INFO     Training average mu_mean at step 18300: -2.465287
2025-12-09 01:01:31 INFO     Training average sigma_mean at step 18300: 0.279750
2025-12-09 01:01:31 INFO     Training average regularization at step 18300: 0.006356
2025-12-09 01:01:31 INFO     Training average loss at step 18300: 2.265130
2025-12-09 01:02:32 INFO     Training average positive_fact_loss at step 18400: 0.299230
2025-12-09 01:02:32 INFO     Training average negative_fact_loss at step 18400: 0.278156
2025-12-09 01:02:32 INFO     Training average positive_rule_loss at step 18400: 1.701284
2025-12-09 01:02:32 INFO     Training average negative_rule_loss at step 18400: 2.138616
2025-12-09 01:02:32 INFO     Training average L_uncertainty at step 18400: 52.202647
2025-12-09 01:02:32 INFO     Training average L_kl at step 18400: 51747.071602
2025-12-09 01:02:32 INFO     Training average L_sigma at step 18400: 455.572561
2025-12-09 01:02:32 INFO     Training average mu_mean at step 18400: -2.460995
2025-12-09 01:02:32 INFO     Training average sigma_mean at step 18400: 0.279436
2025-12-09 01:02:32 INFO     Training average regularization at step 18400: 0.006354
2025-12-09 01:02:32 INFO     Training average loss at step 18400: 2.267200
2025-12-09 01:03:28 INFO     Training average positive_fact_loss at step 18500: 0.299984
2025-12-09 01:03:28 INFO     Training average negative_fact_loss at step 18500: 0.278010
2025-12-09 01:03:28 INFO     Training average positive_rule_loss at step 18500: 1.700672
2025-12-09 01:03:28 INFO     Training average negative_rule_loss at step 18500: 2.133911
2025-12-09 01:03:28 INFO     Training average L_uncertainty at step 18500: 52.200290
2025-12-09 01:03:28 INFO     Training average L_kl at step 18500: 51740.077148
2025-12-09 01:03:28 INFO     Training average L_sigma at step 18500: 460.210186
2025-12-09 01:03:28 INFO     Training average mu_mean at step 18500: -2.460649
2025-12-09 01:03:28 INFO     Training average sigma_mean at step 18500: 0.279558
2025-12-09 01:03:28 INFO     Training average regularization at step 18500: 0.006350
2025-12-09 01:03:28 INFO     Training average loss at step 18500: 2.264839
2025-12-09 01:04:28 INFO     Training average positive_fact_loss at step 18600: 0.298639
2025-12-09 01:04:28 INFO     Training average negative_fact_loss at step 18600: 0.278074
2025-12-09 01:04:28 INFO     Training average positive_rule_loss at step 18600: 1.701880
2025-12-09 01:04:28 INFO     Training average negative_rule_loss at step 18600: 2.134762
2025-12-09 01:04:28 INFO     Training average L_uncertainty at step 18600: 52.255193
2025-12-09 01:04:28 INFO     Training average L_kl at step 18600: 51795.547617
2025-12-09 01:04:28 INFO     Training average L_sigma at step 18600: 459.643335
2025-12-09 01:04:28 INFO     Training average mu_mean at step 18600: -2.462706
2025-12-09 01:04:28 INFO     Training average sigma_mean at step 18600: 0.279509
2025-12-09 01:04:28 INFO     Training average regularization at step 18600: 0.006348
2025-12-09 01:04:28 INFO     Training average loss at step 18600: 2.265280
2025-12-09 01:05:24 INFO     Training average positive_fact_loss at step 18700: 0.299787
2025-12-09 01:05:24 INFO     Training average negative_fact_loss at step 18700: 0.277728
2025-12-09 01:05:24 INFO     Training average positive_rule_loss at step 18700: 1.700294
2025-12-09 01:05:24 INFO     Training average negative_rule_loss at step 18700: 2.133273
2025-12-09 01:05:24 INFO     Training average L_uncertainty at step 18700: 52.266647
2025-12-09 01:05:24 INFO     Training average L_kl at step 18700: 51814.945312
2025-12-09 01:05:24 INFO     Training average L_sigma at step 18700: 451.699307
2025-12-09 01:05:24 INFO     Training average mu_mean at step 18700: -2.461040
2025-12-09 01:05:24 INFO     Training average sigma_mean at step 18700: 0.279203
2025-12-09 01:05:24 INFO     Training average regularization at step 18700: 0.006343
2025-12-09 01:05:24 INFO     Training average loss at step 18700: 2.264151
2025-12-09 01:06:25 INFO     Training average positive_fact_loss at step 18800: 0.299239
2025-12-09 01:06:25 INFO     Training average negative_fact_loss at step 18800: 0.277725
2025-12-09 01:06:25 INFO     Training average positive_rule_loss at step 18800: 1.708714
2025-12-09 01:06:25 INFO     Training average negative_rule_loss at step 18800: 2.129633
2025-12-09 01:06:25 INFO     Training average L_uncertainty at step 18800: 52.232459
2025-12-09 01:06:25 INFO     Training average L_kl at step 18800: 51774.979766
2025-12-09 01:06:25 INFO     Training average L_sigma at step 18800: 457.476749
2025-12-09 01:06:25 INFO     Training average mu_mean at step 18800: -2.460095
2025-12-09 01:06:25 INFO     Training average sigma_mean at step 18800: 0.279387
2025-12-09 01:06:25 INFO     Training average regularization at step 18800: 0.006342
2025-12-09 01:06:25 INFO     Training average loss at step 18800: 2.266230
2025-12-09 01:07:12 INFO     Training average positive_fact_loss at step 18900: 0.299108
2025-12-09 01:07:12 INFO     Training average negative_fact_loss at step 18900: 0.277815
2025-12-09 01:07:12 INFO     Training average positive_rule_loss at step 18900: 1.704908
2025-12-09 01:07:12 INFO     Training average negative_rule_loss at step 18900: 2.127724
2025-12-09 01:07:12 INFO     Training average L_uncertainty at step 18900: 52.483192
2025-12-09 01:07:12 INFO     Training average L_kl at step 18900: 52022.617148
2025-12-09 01:07:12 INFO     Training average L_sigma at step 18900: 460.572169
2025-12-09 01:07:12 INFO     Training average mu_mean at step 18900: -2.474286
2025-12-09 01:07:12 INFO     Training average sigma_mean at step 18900: 0.279448
2025-12-09 01:07:12 INFO     Training average regularization at step 18900: 0.006341
2025-12-09 01:07:12 INFO     Training average loss at step 18900: 2.263601
2025-12-09 01:08:12 INFO     Training average positive_fact_loss at step 19000: 0.299246
2025-12-09 01:08:12 INFO     Training average negative_fact_loss at step 19000: 0.277414
2025-12-09 01:08:12 INFO     Training average positive_rule_loss at step 19000: 1.700035
2025-12-09 01:08:12 INFO     Training average negative_rule_loss at step 19000: 2.135326
2025-12-09 01:08:12 INFO     Training average L_uncertainty at step 19000: 52.289501
2025-12-09 01:08:12 INFO     Training average L_kl at step 19000: 51831.992500
2025-12-09 01:08:12 INFO     Training average L_sigma at step 19000: 457.505399
2025-12-09 01:08:12 INFO     Training average mu_mean at step 19000: -2.465691
2025-12-09 01:08:12 INFO     Training average sigma_mean at step 19000: 0.279327
2025-12-09 01:08:12 INFO     Training average regularization at step 19000: 0.006340
2025-12-09 01:08:12 INFO     Training average loss at step 19000: 2.264640
2025-12-09 01:08:12 INFO     Evaluating on Valid Dataset...
2025-12-09 01:08:12 INFO     >>>>> RuleE emb: Evaluating on valid
2025-12-09 01:08:22 INFO     Data : 4274
2025-12-09 01:08:22 INFO     Hit1 : 0.547496
2025-12-09 01:08:22 INFO     Hit3 : 0.778428
2025-12-09 01:08:22 INFO     Hit10: 0.941975
2025-12-09 01:08:22 INFO     MR   : 3.366635
2025-12-09 01:08:22 INFO     MRR  : 0.682355
2025-12-09 01:09:20 INFO     Training average positive_fact_loss at step 19100: 0.299139
2025-12-09 01:09:20 INFO     Training average negative_fact_loss at step 19100: 0.277500
2025-12-09 01:09:20 INFO     Training average positive_rule_loss at step 19100: 1.700783
2025-12-09 01:09:20 INFO     Training average negative_rule_loss at step 19100: 2.132728
2025-12-09 01:09:20 INFO     Training average L_uncertainty at step 19100: 52.271169
2025-12-09 01:09:20 INFO     Training average L_kl at step 19100: 51815.835469
2025-12-09 01:09:20 INFO     Training average L_sigma at step 19100: 455.331014
2025-12-09 01:09:20 INFO     Training average mu_mean at step 19100: -2.462840
2025-12-09 01:09:20 INFO     Training average sigma_mean at step 19100: 0.279238
2025-12-09 01:09:20 INFO     Training average regularization at step 19100: 0.006336
2025-12-09 01:09:20 INFO     Training average loss at step 19100: 2.263682
2025-12-09 01:10:20 INFO     Training average positive_fact_loss at step 19200: 0.298615
2025-12-09 01:10:20 INFO     Training average negative_fact_loss at step 19200: 0.277251
2025-12-09 01:10:20 INFO     Training average positive_rule_loss at step 19200: 1.701268
2025-12-09 01:10:20 INFO     Training average negative_rule_loss at step 19200: 2.133645
2025-12-09 01:10:20 INFO     Training average L_uncertainty at step 19200: 52.258517
2025-12-09 01:10:20 INFO     Training average L_kl at step 19200: 51798.781602
2025-12-09 01:10:20 INFO     Training average L_sigma at step 19200: 459.733165
2025-12-09 01:10:20 INFO     Training average mu_mean at step 19200: -2.460270
2025-12-09 01:10:20 INFO     Training average sigma_mean at step 19200: 0.279375
2025-12-09 01:10:20 INFO     Training average regularization at step 19200: 0.006335
2025-12-09 01:10:20 INFO     Training average loss at step 19200: 2.263983
2025-12-09 01:11:16 INFO     Training average positive_fact_loss at step 19300: 0.299710
2025-12-09 01:11:16 INFO     Training average negative_fact_loss at step 19300: 0.277461
2025-12-09 01:11:16 INFO     Training average positive_rule_loss at step 19300: 1.701148
2025-12-09 01:11:16 INFO     Training average negative_rule_loss at step 19300: 2.133450
2025-12-09 01:11:16 INFO     Training average L_uncertainty at step 19300: 52.361336
2025-12-09 01:11:16 INFO     Training average L_kl at step 19300: 51901.294570
2025-12-09 01:11:16 INFO     Training average L_sigma at step 19300: 460.038765
2025-12-09 01:11:16 INFO     Training average mu_mean at step 19300: -2.464304
2025-12-09 01:11:16 INFO     Training average sigma_mean at step 19300: 0.279360
2025-12-09 01:11:16 INFO     Training average regularization at step 19300: 0.006335
2025-12-09 01:11:16 INFO     Training average loss at step 19300: 2.264580
2025-12-09 01:12:17 INFO     Training average positive_fact_loss at step 19400: 0.298892
2025-12-09 01:12:17 INFO     Training average negative_fact_loss at step 19400: 0.277329
2025-12-09 01:12:17 INFO     Training average positive_rule_loss at step 19400: 1.701661
2025-12-09 01:12:17 INFO     Training average negative_rule_loss at step 19400: 2.133372
2025-12-09 01:12:17 INFO     Training average L_uncertainty at step 19400: 52.187377
2025-12-09 01:12:17 INFO     Training average L_kl at step 19400: 51723.253203
2025-12-09 01:12:17 INFO     Training average L_sigma at step 19400: 464.121313
2025-12-09 01:12:17 INFO     Training average mu_mean at step 19400: -2.457657
2025-12-09 01:12:17 INFO     Training average sigma_mean at step 19400: 0.279495
2025-12-09 01:12:17 INFO     Training average regularization at step 19400: 0.006332
2025-12-09 01:12:17 INFO     Training average loss at step 19400: 2.264147
2025-12-09 01:13:08 INFO     Training average positive_fact_loss at step 19500: 0.299257
2025-12-09 01:13:08 INFO     Training average negative_fact_loss at step 19500: 0.277412
2025-12-09 01:13:08 INFO     Training average positive_rule_loss at step 19500: 1.700244
2025-12-09 01:13:08 INFO     Training average negative_rule_loss at step 19500: 2.131603
2025-12-09 01:13:08 INFO     Training average L_uncertainty at step 19500: 52.283068
2025-12-09 01:13:08 INFO     Training average L_kl at step 19500: 51823.342969
2025-12-09 01:13:08 INFO     Training average L_sigma at step 19500: 459.722148
2025-12-09 01:13:08 INFO     Training average mu_mean at step 19500: -2.460201
2025-12-09 01:13:08 INFO     Training average sigma_mean at step 19500: 0.279332
2025-12-09 01:13:08 INFO     Training average regularization at step 19500: 0.006331
2025-12-09 01:13:08 INFO     Training average loss at step 19500: 2.262872
2025-12-09 01:14:04 INFO     Training average positive_fact_loss at step 19600: 0.299137
2025-12-09 01:14:04 INFO     Training average negative_fact_loss at step 19600: 0.277290
2025-12-09 01:14:04 INFO     Training average positive_rule_loss at step 19600: 1.702036
2025-12-09 01:14:04 INFO     Training average negative_rule_loss at step 19600: 2.132254
2025-12-09 01:14:04 INFO     Training average L_uncertainty at step 19600: 52.327324
2025-12-09 01:14:04 INFO     Training average L_kl at step 19600: 51860.358164
2025-12-09 01:14:04 INFO     Training average L_sigma at step 19600: 466.963338
2025-12-09 01:14:04 INFO     Training average mu_mean at step 19600: -2.461350
2025-12-09 01:14:04 INFO     Training average sigma_mean at step 19600: 0.279554
2025-12-09 01:14:04 INFO     Training average regularization at step 19600: 0.006331
2025-12-09 01:14:04 INFO     Training average loss at step 19600: 2.264017
2025-12-09 01:15:00 INFO     Training average positive_fact_loss at step 19700: 0.299007
2025-12-09 01:15:00 INFO     Training average negative_fact_loss at step 19700: 0.277275
2025-12-09 01:15:00 INFO     Training average positive_rule_loss at step 19700: 1.700299
2025-12-09 01:15:00 INFO     Training average negative_rule_loss at step 19700: 2.134954
2025-12-09 01:15:00 INFO     Training average L_uncertainty at step 19700: 52.239435
2025-12-09 01:15:00 INFO     Training average L_kl at step 19700: 51778.203164
2025-12-09 01:15:00 INFO     Training average L_sigma at step 19700: 461.229425
2025-12-09 01:15:00 INFO     Training average mu_mean at step 19700: -2.457222
2025-12-09 01:15:00 INFO     Training average sigma_mean at step 19700: 0.279343
2025-12-09 01:15:00 INFO     Training average regularization at step 19700: 0.006332
2025-12-09 01:15:00 INFO     Training average loss at step 19700: 2.264339
2025-12-09 01:16:00 INFO     Training average positive_fact_loss at step 19800: 0.299249
2025-12-09 01:16:00 INFO     Training average negative_fact_loss at step 19800: 0.277304
2025-12-09 01:16:00 INFO     Training average positive_rule_loss at step 19800: 1.701092
2025-12-09 01:16:00 INFO     Training average negative_rule_loss at step 19800: 2.135753
2025-12-09 01:16:00 INFO     Training average L_uncertainty at step 19800: 52.205991
2025-12-09 01:16:00 INFO     Training average L_kl at step 19800: 51744.653359
2025-12-09 01:16:00 INFO     Training average L_sigma at step 19800: 461.335130
2025-12-09 01:16:00 INFO     Training average mu_mean at step 19800: -2.456554
2025-12-09 01:16:00 INFO     Training average sigma_mean at step 19800: 0.279345
2025-12-09 01:16:00 INFO     Training average regularization at step 19800: 0.006328
2025-12-09 01:16:00 INFO     Training average loss at step 19800: 2.265233
2025-12-09 01:16:56 INFO     Training average positive_fact_loss at step 19900: 0.298966
2025-12-09 01:16:56 INFO     Training average negative_fact_loss at step 19900: 0.277142
2025-12-09 01:16:56 INFO     Training average positive_rule_loss at step 19900: 1.701795
2025-12-09 01:16:56 INFO     Training average negative_rule_loss at step 19900: 2.131131
2025-12-09 01:16:56 INFO     Training average L_uncertainty at step 19900: 52.302030
2025-12-09 01:16:56 INFO     Training average L_kl at step 19900: 51839.233398
2025-12-09 01:16:56 INFO     Training average L_sigma at step 19900: 462.793705
2025-12-09 01:16:56 INFO     Training average mu_mean at step 19900: -2.459946
2025-12-09 01:16:56 INFO     Training average sigma_mean at step 19900: 0.279384
2025-12-09 01:16:56 INFO     Training average regularization at step 19900: 0.006329
2025-12-09 01:16:56 INFO     Training average loss at step 19900: 2.263148
2025-12-09 01:17:56 INFO     Training average positive_fact_loss at step 20000: 0.299151
2025-12-09 01:17:56 INFO     Training average negative_fact_loss at step 20000: 0.277298
2025-12-09 01:17:56 INFO     Training average positive_rule_loss at step 20000: 1.701830
2025-12-09 01:17:56 INFO     Training average negative_rule_loss at step 20000: 2.130071
2025-12-09 01:17:56 INFO     Training average L_uncertainty at step 20000: 52.303375
2025-12-09 01:17:56 INFO     Training average L_kl at step 20000: 51836.836641
2025-12-09 01:17:56 INFO     Training average L_sigma at step 20000: 466.536317
2025-12-09 01:17:56 INFO     Training average mu_mean at step 20000: -2.459760
2025-12-09 01:17:56 INFO     Training average sigma_mean at step 20000: 0.279495
2025-12-09 01:17:56 INFO     Training average regularization at step 20000: 0.006328
2025-12-09 01:17:56 INFO     Training average loss at step 20000: 2.262806
2025-12-09 01:17:56 INFO     Evaluating on Valid Dataset...
2025-12-09 01:17:56 INFO     >>>>> RuleE emb: Evaluating on valid
2025-12-09 01:18:06 INFO     Data : 4274
2025-12-09 01:18:06 INFO     Hit1 : 0.544455
2025-12-09 01:18:06 INFO     Hit3 : 0.777258
2025-12-09 01:18:06 INFO     Hit10: 0.941741
2025-12-09 01:18:06 INFO     MR   : 3.367805
2025-12-09 01:18:06 INFO     MRR  : 0.680442
2025-12-09 01:19:02 INFO     Training average positive_fact_loss at step 20100: 0.299347
2025-12-09 01:19:02 INFO     Training average negative_fact_loss at step 20100: 0.277137
2025-12-09 01:19:02 INFO     Training average positive_rule_loss at step 20100: 1.698811
2025-12-09 01:19:02 INFO     Training average negative_rule_loss at step 20100: 2.132862
2025-12-09 01:19:02 INFO     Training average L_uncertainty at step 20100: 52.228434
2025-12-09 01:19:02 INFO     Training average L_kl at step 20100: 51765.383047
2025-12-09 01:19:02 INFO     Training average L_sigma at step 20100: 463.048958
2025-12-09 01:19:02 INFO     Training average mu_mean at step 20100: -2.454803
2025-12-09 01:19:02 INFO     Training average sigma_mean at step 20100: 0.279361
2025-12-09 01:19:02 INFO     Training average regularization at step 20100: 0.006326
2025-12-09 01:19:02 INFO     Training average loss at step 20100: 2.262633
2025-12-09 01:19:53 INFO     Training average positive_fact_loss at step 20200: 0.298830
2025-12-09 01:19:53 INFO     Training average negative_fact_loss at step 20200: 0.277002
2025-12-09 01:19:53 INFO     Training average positive_rule_loss at step 20200: 1.701031
2025-12-09 01:19:53 INFO     Training average negative_rule_loss at step 20200: 2.131333
2025-12-09 01:19:53 INFO     Training average L_uncertainty at step 20200: 52.271070
2025-12-09 01:19:53 INFO     Training average L_kl at step 20200: 51806.788789
2025-12-09 01:19:53 INFO     Training average L_sigma at step 20200: 464.278908
2025-12-09 01:19:53 INFO     Training average mu_mean at step 20200: -2.454996
2025-12-09 01:19:53 INFO     Training average sigma_mean at step 20200: 0.279401
2025-12-09 01:19:53 INFO     Training average regularization at step 20200: 0.006327
2025-12-09 01:19:53 INFO     Training average loss at step 20200: 2.262696
2025-12-09 01:20:49 INFO     Training average positive_fact_loss at step 20300: 0.299086
2025-12-09 01:20:49 INFO     Training average negative_fact_loss at step 20300: 0.277044
2025-12-09 01:20:49 INFO     Training average positive_rule_loss at step 20300: 1.702327
2025-12-09 01:20:49 INFO     Training average negative_rule_loss at step 20300: 2.133364
2025-12-09 01:20:49 INFO     Training average L_uncertainty at step 20300: 52.302506
2025-12-09 01:20:49 INFO     Training average L_kl at step 20300: 51832.898906
2025-12-09 01:20:49 INFO     Training average L_sigma at step 20300: 469.604220
2025-12-09 01:20:49 INFO     Training average mu_mean at step 20300: -2.457800
2025-12-09 01:20:49 INFO     Training average sigma_mean at step 20300: 0.279576
2025-12-09 01:20:49 INFO     Training average regularization at step 20300: 0.006327
2025-12-09 01:20:49 INFO     Training average loss at step 20300: 2.264539
2025-12-09 01:21:50 INFO     Training average positive_fact_loss at step 20400: 0.298889
2025-12-09 01:21:50 INFO     Training average negative_fact_loss at step 20400: 0.277183
2025-12-09 01:21:50 INFO     Training average positive_rule_loss at step 20400: 1.704580
2025-12-09 01:21:50 INFO     Training average negative_rule_loss at step 20400: 2.124889
2025-12-09 01:21:50 INFO     Training average L_uncertainty at step 20400: 52.435220
2025-12-09 01:21:50 INFO     Training average L_kl at step 20400: 51986.725156
2025-12-09 01:21:50 INFO     Training average L_sigma at step 20400: 448.492213
2025-12-09 01:21:50 INFO     Training average mu_mean at step 20400: -2.461941
2025-12-09 01:21:50 INFO     Training average sigma_mean at step 20400: 0.278792
2025-12-09 01:21:50 INFO     Training average regularization at step 20400: 0.006327
2025-12-09 01:21:50 INFO     Training average loss at step 20400: 2.261532
2025-12-09 01:22:45 INFO     Training average positive_fact_loss at step 20500: 0.298874
2025-12-09 01:22:45 INFO     Training average negative_fact_loss at step 20500: 0.277209
2025-12-09 01:22:45 INFO     Training average positive_rule_loss at step 20500: 1.700690
2025-12-09 01:22:45 INFO     Training average negative_rule_loss at step 20500: 2.129956
2025-12-09 01:22:45 INFO     Training average L_uncertainty at step 20500: 52.390468
2025-12-09 01:22:45 INFO     Training average L_kl at step 20500: 51919.855078
2025-12-09 01:22:45 INFO     Training average L_sigma at step 20500: 470.610618
2025-12-09 01:22:45 INFO     Training average mu_mean at step 20500: -2.461665
2025-12-09 01:22:45 INFO     Training average sigma_mean at step 20500: 0.279562
2025-12-09 01:22:45 INFO     Training average regularization at step 20500: 0.006326
2025-12-09 01:22:45 INFO     Training average loss at step 20500: 2.262081
2025-12-09 01:23:46 INFO     Training average positive_fact_loss at step 20600: 0.299744
2025-12-09 01:23:46 INFO     Training average negative_fact_loss at step 20600: 0.277003
2025-12-09 01:23:46 INFO     Training average positive_rule_loss at step 20600: 1.699772
2025-12-09 01:23:46 INFO     Training average negative_rule_loss at step 20600: 2.132964
2025-12-09 01:23:46 INFO     Training average L_uncertainty at step 20600: 52.270929
2025-12-09 01:23:46 INFO     Training average L_kl at step 20600: 51802.202773
2025-12-09 01:23:46 INFO     Training average L_sigma at step 20600: 468.723219
2025-12-09 01:23:46 INFO     Training average mu_mean at step 20600: -2.455463
2025-12-09 01:23:46 INFO     Training average sigma_mean at step 20600: 0.279519
2025-12-09 01:23:46 INFO     Training average regularization at step 20600: 0.006324
2025-12-09 01:23:46 INFO     Training average loss at step 20600: 2.263336
2025-12-09 01:24:42 INFO     Training average positive_fact_loss at step 20700: 0.299040
2025-12-09 01:24:42 INFO     Training average negative_fact_loss at step 20700: 0.277039
2025-12-09 01:24:42 INFO     Training average positive_rule_loss at step 20700: 1.700785
2025-12-09 01:24:42 INFO     Training average negative_rule_loss at step 20700: 2.128998
2025-12-09 01:24:42 INFO     Training average L_uncertainty at step 20700: 52.331574
2025-12-09 01:24:42 INFO     Training average L_kl at step 20700: 51860.331406
2025-12-09 01:24:42 INFO     Training average L_sigma at step 20700: 471.240240
2025-12-09 01:24:42 INFO     Training average mu_mean at step 20700: -2.455787
2025-12-09 01:24:42 INFO     Training average sigma_mean at step 20700: 0.279596
2025-12-09 01:24:42 INFO     Training average regularization at step 20700: 0.006323
2025-12-09 01:24:42 INFO     Training average loss at step 20700: 2.261586
2025-12-09 01:25:37 INFO     Training average positive_fact_loss at step 20800: 0.299226
2025-12-09 01:25:37 INFO     Training average negative_fact_loss at step 20800: 0.277163
2025-12-09 01:25:37 INFO     Training average positive_rule_loss at step 20800: 1.701405
2025-12-09 01:25:37 INFO     Training average negative_rule_loss at step 20800: 2.131563
2025-12-09 01:25:37 INFO     Training average L_uncertainty at step 20800: 52.299475
2025-12-09 01:25:37 INFO     Training average L_kl at step 20800: 51836.254922
2025-12-09 01:25:37 INFO     Training average L_sigma at step 20800: 463.217440
2025-12-09 01:25:37 INFO     Training average mu_mean at step 20800: -2.455093
2025-12-09 01:25:37 INFO     Training average sigma_mean at step 20800: 0.279326
2025-12-09 01:25:37 INFO     Training average regularization at step 20800: 0.006321
2025-12-09 01:25:37 INFO     Training average loss at step 20800: 2.263299
2025-12-09 01:26:29 INFO     Training average positive_fact_loss at step 20900: 0.298834
2025-12-09 01:26:29 INFO     Training average negative_fact_loss at step 20900: 0.276965
2025-12-09 01:26:29 INFO     Training average positive_rule_loss at step 20900: 1.701380
2025-12-09 01:26:29 INFO     Training average negative_rule_loss at step 20900: 2.129484
2025-12-09 01:26:29 INFO     Training average L_uncertainty at step 20900: 52.391648
2025-12-09 01:26:29 INFO     Training average L_kl at step 20900: 51927.423516
2025-12-09 01:26:29 INFO     Training average L_sigma at step 20900: 464.222023
2025-12-09 01:26:29 INFO     Training average mu_mean at step 20900: -2.458049
2025-12-09 01:26:29 INFO     Training average sigma_mean at step 20900: 0.279350
2025-12-09 01:26:29 INFO     Training average regularization at step 20900: 0.006322
2025-12-09 01:26:29 INFO     Training average loss at step 20900: 2.262045
2025-12-09 01:27:29 INFO     Training average positive_fact_loss at step 21000: 0.298983
2025-12-09 01:27:29 INFO     Training average negative_fact_loss at step 21000: 0.277035
2025-12-09 01:27:29 INFO     Training average positive_rule_loss at step 21000: 1.699392
2025-12-09 01:27:29 INFO     Training average negative_rule_loss at step 21000: 2.131818
2025-12-09 01:27:29 INFO     Training average L_uncertainty at step 21000: 52.359348
2025-12-09 01:27:29 INFO     Training average L_kl at step 21000: 51893.266250
2025-12-09 01:27:29 INFO     Training average L_sigma at step 21000: 466.079887
2025-12-09 01:27:29 INFO     Training average mu_mean at step 21000: -2.455909
2025-12-09 01:27:29 INFO     Training average sigma_mean at step 21000: 0.279399
2025-12-09 01:27:29 INFO     Training average regularization at step 21000: 0.006321
2025-12-09 01:27:29 INFO     Training average loss at step 21000: 2.262295
2025-12-09 01:27:29 INFO     Evaluating on Valid Dataset...
2025-12-09 01:27:29 INFO     >>>>> RuleE emb: Evaluating on valid
2025-12-09 01:27:40 INFO     Data : 4274
2025-12-09 01:27:40 INFO     Hit1 : 0.543051
2025-12-09 01:27:40 INFO     Hit3 : 0.776790
2025-12-09 01:27:40 INFO     Hit10: 0.941273
2025-12-09 01:27:40 INFO     MR   : 3.386523
2025-12-09 01:27:40 INFO     MRR  : 0.678991
2025-12-09 01:28:35 INFO     Training average positive_fact_loss at step 21100: 0.299160
2025-12-09 01:28:35 INFO     Training average negative_fact_loss at step 21100: 0.277154
2025-12-09 01:28:35 INFO     Training average positive_rule_loss at step 21100: 1.700421
2025-12-09 01:28:35 INFO     Training average negative_rule_loss at step 21100: 2.130132
2025-12-09 01:28:35 INFO     Training average L_uncertainty at step 21100: 52.331214
2025-12-09 01:28:35 INFO     Training average L_kl at step 21100: 51868.992109
2025-12-09 01:28:35 INFO     Training average L_sigma at step 21100: 462.219706
2025-12-09 01:28:35 INFO     Training average mu_mean at step 21100: -2.453887
2025-12-09 01:28:35 INFO     Training average sigma_mean at step 21100: 0.279261
2025-12-09 01:28:35 INFO     Training average regularization at step 21100: 0.006323
2025-12-09 01:28:35 INFO     Training average loss at step 21100: 2.262087
2025-12-09 01:29:36 INFO     Training average positive_fact_loss at step 21200: 0.298296
2025-12-09 01:29:36 INFO     Training average negative_fact_loss at step 21200: 0.276940
2025-12-09 01:29:36 INFO     Training average positive_rule_loss at step 21200: 1.706118
2025-12-09 01:29:36 INFO     Training average negative_rule_loss at step 21200: 2.124872
2025-12-09 01:29:36 INFO     Training average L_uncertainty at step 21200: 52.432679
2025-12-09 01:29:36 INFO     Training average L_kl at step 21200: 51963.255000
2025-12-09 01:29:36 INFO     Training average L_sigma at step 21200: 469.421592
2025-12-09 01:29:36 INFO     Training average mu_mean at step 21200: -2.460627
2025-12-09 01:29:36 INFO     Training average sigma_mean at step 21200: 0.279504
2025-12-09 01:29:36 INFO     Training average regularization at step 21200: 0.006324
2025-12-09 01:29:36 INFO     Training average loss at step 21200: 2.261869
2025-12-09 01:30:32 INFO     Training average positive_fact_loss at step 21300: 0.299306
2025-12-09 01:30:32 INFO     Training average negative_fact_loss at step 21300: 0.276733
2025-12-09 01:30:32 INFO     Training average positive_rule_loss at step 21300: 1.699535
2025-12-09 01:30:32 INFO     Training average negative_rule_loss at step 21300: 2.132819
2025-12-09 01:30:32 INFO     Training average L_uncertainty at step 21300: 52.277699
2025-12-09 01:30:32 INFO     Training average L_kl at step 21300: 51804.733984
2025-12-09 01:30:32 INFO     Training average L_sigma at step 21300: 472.963018
2025-12-09 01:30:32 INFO     Training average mu_mean at step 21300: -2.454358
2025-12-09 01:30:32 INFO     Training average sigma_mean at step 21300: 0.279611
2025-12-09 01:30:32 INFO     Training average regularization at step 21300: 0.006324
2025-12-09 01:30:32 INFO     Training average loss at step 21300: 2.262799
2025-12-09 01:31:32 INFO     Training average positive_fact_loss at step 21400: 0.299358
2025-12-09 01:31:32 INFO     Training average negative_fact_loss at step 21400: 0.277007
2025-12-09 01:31:32 INFO     Training average positive_rule_loss at step 21400: 1.700158
2025-12-09 01:31:32 INFO     Training average negative_rule_loss at step 21400: 2.127329
2025-12-09 01:31:32 INFO     Training average L_uncertainty at step 21400: 52.349589
2025-12-09 01:31:32 INFO     Training average L_kl at step 21400: 51886.104375
2025-12-09 01:31:32 INFO     Training average L_sigma at step 21400: 463.482177
2025-12-09 01:31:32 INFO     Training average mu_mean at step 21400: -2.455230
2025-12-09 01:31:32 INFO     Training average sigma_mean at step 21400: 0.279304
2025-12-09 01:31:32 INFO     Training average regularization at step 21400: 0.006322
2025-12-09 01:31:32 INFO     Training average loss at step 21400: 2.260598
2025-12-09 01:32:19 INFO     Training average positive_fact_loss at step 21500: 0.298942
2025-12-09 01:32:19 INFO     Training average negative_fact_loss at step 21500: 0.276789
2025-12-09 01:32:19 INFO     Training average positive_rule_loss at step 21500: 1.700289
2025-12-09 01:32:19 INFO     Training average negative_rule_loss at step 21500: 2.129774
2025-12-09 01:32:19 INFO     Training average L_uncertainty at step 21500: 52.416733
2025-12-09 01:32:19 INFO     Training average L_kl at step 21500: 51949.793281
2025-12-09 01:32:19 INFO     Training average L_sigma at step 21500: 466.937284
2025-12-09 01:32:19 INFO     Training average mu_mean at step 21500: -2.456968
2025-12-09 01:32:19 INFO     Training average sigma_mean at step 21500: 0.279419
2025-12-09 01:32:19 INFO     Training average regularization at step 21500: 0.006324
2025-12-09 01:32:19 INFO     Training average loss at step 21500: 2.261638
2025-12-09 01:33:19 INFO     Training average positive_fact_loss at step 21600: 0.298752
2025-12-09 01:33:19 INFO     Training average negative_fact_loss at step 21600: 0.277255
2025-12-09 01:33:19 INFO     Training average positive_rule_loss at step 21600: 1.700453
2025-12-09 01:33:19 INFO     Training average negative_rule_loss at step 21600: 2.128814
2025-12-09 01:33:19 INFO     Training average L_uncertainty at step 21600: 52.372155
2025-12-09 01:33:19 INFO     Training average L_kl at step 21600: 51904.611758
2025-12-09 01:33:19 INFO     Training average L_sigma at step 21600: 467.540375
2025-12-09 01:33:19 INFO     Training average mu_mean at step 21600: -2.454083
2025-12-09 01:33:19 INFO     Training average sigma_mean at step 21600: 0.279441
2025-12-09 01:33:19 INFO     Training average regularization at step 21600: 0.006325
2025-12-09 01:33:19 INFO     Training average loss at step 21600: 2.261334
2025-12-09 01:34:15 INFO     Training average positive_fact_loss at step 21700: 0.299241
2025-12-09 01:34:15 INFO     Training average negative_fact_loss at step 21700: 0.276950
2025-12-09 01:34:15 INFO     Training average positive_rule_loss at step 21700: 1.706038
2025-12-09 01:34:15 INFO     Training average negative_rule_loss at step 21700: 2.121049
2025-12-09 01:34:15 INFO     Training average L_uncertainty at step 21700: 52.540000
2025-12-09 01:34:15 INFO     Training average L_kl at step 21700: 52068.713242
2025-12-09 01:34:15 INFO     Training average L_sigma at step 21700: 471.284774
2025-12-09 01:34:15 INFO     Training average mu_mean at step 21700: -2.463636
2025-12-09 01:34:15 INFO     Training average sigma_mean at step 21700: 0.279562
2025-12-09 01:34:15 INFO     Training average regularization at step 21700: 0.006323
2025-12-09 01:34:15 INFO     Training average loss at step 21700: 2.260502
2025-12-09 01:35:15 INFO     Training average positive_fact_loss at step 21800: 0.298950
2025-12-09 01:35:15 INFO     Training average negative_fact_loss at step 21800: 0.276959
2025-12-09 01:35:15 INFO     Training average positive_rule_loss at step 21800: 1.701767
2025-12-09 01:35:15 INFO     Training average negative_rule_loss at step 21800: 2.123771
2025-12-09 01:35:15 INFO     Training average L_uncertainty at step 21800: 52.399483
2025-12-09 01:35:15 INFO     Training average L_kl at step 21800: 51932.100508
2025-12-09 01:35:15 INFO     Training average L_sigma at step 21800: 467.380413
2025-12-09 01:35:15 INFO     Training average mu_mean at step 21800: -2.457283
2025-12-09 01:35:15 INFO     Training average sigma_mean at step 21800: 0.279423
2025-12-09 01:35:15 INFO     Training average regularization at step 21800: 0.006323
2025-12-09 01:35:15 INFO     Training average loss at step 21800: 2.259446
2025-12-09 01:36:11 INFO     Training average positive_fact_loss at step 21900: 0.298551
2025-12-09 01:36:11 INFO     Training average negative_fact_loss at step 21900: 0.276998
2025-12-09 01:36:11 INFO     Training average positive_rule_loss at step 21900: 1.701344
2025-12-09 01:36:11 INFO     Training average negative_rule_loss at step 21900: 2.125852
2025-12-09 01:36:11 INFO     Training average L_uncertainty at step 21900: 52.483763
2025-12-09 01:36:11 INFO     Training average L_kl at step 21900: 52017.026563
2025-12-09 01:36:11 INFO     Training average L_sigma at step 21900: 466.733479
2025-12-09 01:36:11 INFO     Training average mu_mean at step 21900: -2.460191
2025-12-09 01:36:11 INFO     Training average sigma_mean at step 21900: 0.279398
2025-12-09 01:36:11 INFO     Training average regularization at step 21900: 0.006324
2025-12-09 01:36:11 INFO     Training average loss at step 21900: 2.260181
2025-12-09 01:37:11 INFO     Training average positive_fact_loss at step 22000: 0.299402
2025-12-09 01:37:11 INFO     Training average negative_fact_loss at step 22000: 0.277211
2025-12-09 01:37:11 INFO     Training average positive_rule_loss at step 22000: 1.703005
2025-12-09 01:37:11 INFO     Training average negative_rule_loss at step 22000: 2.125294
2025-12-09 01:37:11 INFO     Training average L_uncertainty at step 22000: 52.469539
2025-12-09 01:37:11 INFO     Training average L_kl at step 22000: 52001.142148
2025-12-09 01:37:11 INFO     Training average L_sigma at step 22000: 468.394146
2025-12-09 01:37:11 INFO     Training average mu_mean at step 22000: -2.458141
2025-12-09 01:37:11 INFO     Training average sigma_mean at step 22000: 0.279453
2025-12-09 01:37:11 INFO     Training average regularization at step 22000: 0.006326
2025-12-09 01:37:11 INFO     Training average loss at step 22000: 2.261251
2025-12-09 01:37:11 INFO     Evaluating on Valid Dataset...
2025-12-09 01:37:11 INFO     >>>>> RuleE emb: Evaluating on valid
2025-12-09 01:37:22 INFO     Data : 4274
2025-12-09 01:37:22 INFO     Hit1 : 0.544923
2025-12-09 01:37:22 INFO     Hit3 : 0.778662
2025-12-09 01:37:22 INFO     Hit10: 0.941975
2025-12-09 01:37:22 INFO     MR   : 3.370613
2025-12-09 01:37:22 INFO     MRR  : 0.680866
2025-12-09 01:38:13 INFO     Training average positive_fact_loss at step 22100: 0.299344
2025-12-09 01:38:13 INFO     Training average negative_fact_loss at step 22100: 0.276859
2025-12-09 01:38:13 INFO     Training average positive_rule_loss at step 22100: 1.700640
2025-12-09 01:38:13 INFO     Training average negative_rule_loss at step 22100: 2.126363
2025-12-09 01:38:13 INFO     Training average L_uncertainty at step 22100: 52.394173
2025-12-09 01:38:13 INFO     Training average L_kl at step 22100: 51922.571953
2025-12-09 01:38:13 INFO     Training average L_sigma at step 22100: 471.598552
2025-12-09 01:38:13 INFO     Training average mu_mean at step 22100: -2.455406
2025-12-09 01:38:13 INFO     Training average sigma_mean at step 22100: 0.279572
2025-12-09 01:38:13 INFO     Training average regularization at step 22100: 0.006324
2025-12-09 01:38:13 INFO     Training average loss at step 22100: 2.260321
2025-12-09 01:39:09 INFO     Training average positive_fact_loss at step 22200: 0.299038
2025-12-09 01:39:09 INFO     Training average negative_fact_loss at step 22200: 0.276706
2025-12-09 01:39:09 INFO     Training average positive_rule_loss at step 22200: 1.701252
2025-12-09 01:39:09 INFO     Training average negative_rule_loss at step 22200: 2.127354
2025-12-09 01:39:09 INFO     Training average L_uncertainty at step 22200: 52.403414
2025-12-09 01:39:09 INFO     Training average L_kl at step 22200: 51932.418672
2025-12-09 01:39:09 INFO     Training average L_sigma at step 22200: 470.992516
2025-12-09 01:39:09 INFO     Training average mu_mean at step 22200: -2.454695
2025-12-09 01:39:09 INFO     Training average sigma_mean at step 22200: 0.279561
2025-12-09 01:39:09 INFO     Training average regularization at step 22200: 0.006323
2025-12-09 01:39:09 INFO     Training average loss at step 22200: 2.260901
2025-12-09 01:40:05 INFO     Training average positive_fact_loss at step 22300: 0.298824
2025-12-09 01:40:05 INFO     Training average negative_fact_loss at step 22300: 0.277062
2025-12-09 01:40:05 INFO     Training average positive_rule_loss at step 22300: 1.700320
2025-12-09 01:40:05 INFO     Training average negative_rule_loss at step 22300: 2.127106
2025-12-09 01:40:05 INFO     Training average L_uncertainty at step 22300: 52.339637
2025-12-09 01:40:05 INFO     Training average L_kl at step 22300: 51873.024063
2025-12-09 01:40:05 INFO     Training average L_sigma at step 22300: 466.609887
2025-12-09 01:40:05 INFO     Training average mu_mean at step 22300: -2.451322
2025-12-09 01:40:05 INFO     Training average sigma_mean at step 22300: 0.279403
2025-12-09 01:40:05 INFO     Training average regularization at step 22300: 0.006326
2025-12-09 01:40:05 INFO     Training average loss at step 22300: 2.260321
2025-12-09 01:41:05 INFO     Training average positive_fact_loss at step 22400: 0.299052
2025-12-09 01:41:05 INFO     Training average negative_fact_loss at step 22400: 0.276876
2025-12-09 01:41:05 INFO     Training average positive_rule_loss at step 22400: 1.699792
2025-12-09 01:41:05 INFO     Training average negative_rule_loss at step 22400: 2.131396
2025-12-09 01:41:05 INFO     Training average L_uncertainty at step 22400: 52.243780
2025-12-09 01:41:05 INFO     Training average L_kl at step 22400: 51772.172344
2025-12-09 01:41:05 INFO     Training average L_sigma at step 22400: 471.604900
2025-12-09 01:41:05 INFO     Training average mu_mean at step 22400: -2.446649
2025-12-09 01:41:05 INFO     Training average sigma_mean at step 22400: 0.279569
2025-12-09 01:41:05 INFO     Training average regularization at step 22400: 0.006326
2025-12-09 01:41:05 INFO     Training average loss at step 22400: 2.262128
2025-12-09 01:42:01 INFO     Training average positive_fact_loss at step 22500: 0.298975
2025-12-09 01:42:01 INFO     Training average negative_fact_loss at step 22500: 0.277004
2025-12-09 01:42:01 INFO     Training average positive_rule_loss at step 22500: 1.702416
2025-12-09 01:42:01 INFO     Training average negative_rule_loss at step 22500: 2.126278
2025-12-09 01:42:01 INFO     Training average L_uncertainty at step 22500: 52.379245
2025-12-09 01:42:01 INFO     Training average L_kl at step 22500: 51906.598164
2025-12-09 01:42:01 INFO     Training average L_sigma at step 22500: 472.644714
2025-12-09 01:42:01 INFO     Training average mu_mean at step 22500: -2.452542
2025-12-09 01:42:01 INFO     Training average sigma_mean at step 22500: 0.279592
2025-12-09 01:42:01 INFO     Training average regularization at step 22500: 0.006325
2025-12-09 01:42:01 INFO     Training average loss at step 22500: 2.261040
2025-12-09 01:43:02 INFO     Training average positive_fact_loss at step 22600: 0.299331
2025-12-09 01:43:02 INFO     Training average negative_fact_loss at step 22600: 0.276933
2025-12-09 01:43:02 INFO     Training average positive_rule_loss at step 22600: 1.700230
2025-12-09 01:43:02 INFO     Training average negative_rule_loss at step 22600: 2.124851
2025-12-09 01:43:02 INFO     Training average L_uncertainty at step 22600: 52.407111
2025-12-09 01:43:02 INFO     Training average L_kl at step 22600: 51942.562148
2025-12-09 01:43:02 INFO     Training average L_sigma at step 22600: 464.545947
2025-12-09 01:43:02 INFO     Training average mu_mean at step 22600: -2.453166
2025-12-09 01:43:02 INFO     Training average sigma_mean at step 22600: 0.279311
2025-12-09 01:43:02 INFO     Training average regularization at step 22600: 0.006323
2025-12-09 01:43:02 INFO     Training average loss at step 22600: 2.259402
2025-12-09 01:43:58 INFO     Training average positive_fact_loss at step 22700: 0.299062
2025-12-09 01:43:58 INFO     Training average negative_fact_loss at step 22700: 0.276952
2025-12-09 01:43:58 INFO     Training average positive_rule_loss at step 22700: 1.701460
2025-12-09 01:43:58 INFO     Training average negative_rule_loss at step 22700: 2.122595
2025-12-09 01:43:58 INFO     Training average L_uncertainty at step 22700: 52.509771
2025-12-09 01:43:58 INFO     Training average L_kl at step 22700: 52044.180625
2025-12-09 01:43:58 INFO     Training average L_sigma at step 22700: 465.587906
2025-12-09 01:43:58 INFO     Training average mu_mean at step 22700: -2.456217
2025-12-09 01:43:58 INFO     Training average sigma_mean at step 22700: 0.279367
2025-12-09 01:43:58 INFO     Training average regularization at step 22700: 0.006323
2025-12-09 01:43:58 INFO     Training average loss at step 22700: 2.258867
2025-12-09 01:44:49 INFO     Training average positive_fact_loss at step 22800: 0.298983
2025-12-09 01:44:49 INFO     Training average negative_fact_loss at step 22800: 0.276977
2025-12-09 01:44:49 INFO     Training average positive_rule_loss at step 22800: 1.700585
2025-12-09 01:44:49 INFO     Training average negative_rule_loss at step 22800: 2.127035
2025-12-09 01:44:49 INFO     Training average L_uncertainty at step 22800: 52.451645
2025-12-09 01:44:49 INFO     Training average L_kl at step 22800: 51983.655195
2025-12-09 01:44:49 INFO     Training average L_sigma at step 22800: 467.987394
2025-12-09 01:44:49 INFO     Training average mu_mean at step 22800: -2.454268
2025-12-09 01:44:49 INFO     Training average sigma_mean at step 22800: 0.279448
2025-12-09 01:44:49 INFO     Training average regularization at step 22800: 0.006325
2025-12-09 01:44:49 INFO     Training average loss at step 22800: 2.260566
2025-12-09 01:45:44 INFO     Training average positive_fact_loss at step 22900: 0.298718
2025-12-09 01:45:44 INFO     Training average negative_fact_loss at step 22900: 0.276836
2025-12-09 01:45:44 INFO     Training average positive_rule_loss at step 22900: 1.701170
2025-12-09 01:45:44 INFO     Training average negative_rule_loss at step 22900: 2.124783
2025-12-09 01:45:44 INFO     Training average L_uncertainty at step 22900: 52.411394
2025-12-09 01:45:44 INFO     Training average L_kl at step 22900: 51947.586445
2025-12-09 01:45:44 INFO     Training average L_sigma at step 22900: 463.805501
2025-12-09 01:45:44 INFO     Training average mu_mean at step 22900: -2.452497
2025-12-09 01:45:44 INFO     Training average sigma_mean at step 22900: 0.279311
2025-12-09 01:45:44 INFO     Training average regularization at step 22900: 0.006324
2025-12-09 01:45:44 INFO     Training average loss at step 22900: 2.259490
2025-12-09 01:46:44 INFO     Training average positive_fact_loss at step 23000: 0.299425
2025-12-09 01:46:44 INFO     Training average negative_fact_loss at step 23000: 0.276815
2025-12-09 01:46:44 INFO     Training average positive_rule_loss at step 23000: 1.700227
2025-12-09 01:46:44 INFO     Training average negative_rule_loss at step 23000: 2.130326
2025-12-09 01:46:44 INFO     Training average L_uncertainty at step 23000: 52.263231
2025-12-09 01:46:44 INFO     Training average L_kl at step 23000: 51791.559180
2025-12-09 01:46:44 INFO     Training average L_sigma at step 23000: 471.669178
2025-12-09 01:46:44 INFO     Training average mu_mean at step 23000: -2.445759
2025-12-09 01:46:44 INFO     Training average sigma_mean at step 23000: 0.279569
2025-12-09 01:46:44 INFO     Training average regularization at step 23000: 0.006322
2025-12-09 01:46:44 INFO     Training average loss at step 23000: 2.261981
2025-12-09 01:46:44 INFO     Evaluating on Valid Dataset...
2025-12-09 01:46:44 INFO     >>>>> RuleE emb: Evaluating on valid
2025-12-09 01:46:54 INFO     Data : 4274
2025-12-09 01:46:54 INFO     Hit1 : 0.543753
2025-12-09 01:46:54 INFO     Hit3 : 0.776790
2025-12-09 01:46:54 INFO     Hit10: 0.942209
2025-12-09 01:46:54 INFO     MR   : 3.378802
2025-12-09 01:46:54 INFO     MRR  : 0.679495
2025-12-09 01:47:51 INFO     Training average positive_fact_loss at step 23100: 0.298132
2025-12-09 01:47:51 INFO     Training average negative_fact_loss at step 23100: 0.276941
2025-12-09 01:47:51 INFO     Training average positive_rule_loss at step 23100: 1.701938
2025-12-09 01:47:51 INFO     Training average negative_rule_loss at step 23100: 2.124864
2025-12-09 01:47:51 INFO     Training average L_uncertainty at step 23100: 52.389219
2025-12-09 01:47:51 INFO     Training average L_kl at step 23100: 51920.700234
2025-12-09 01:47:51 INFO     Training average L_sigma at step 23100: 468.516056
2025-12-09 01:47:51 INFO     Training average mu_mean at step 23100: -2.451542
2025-12-09 01:47:51 INFO     Training average sigma_mean at step 23100: 0.279469
2025-12-09 01:47:51 INFO     Training average regularization at step 23100: 0.006323
2025-12-09 01:47:51 INFO     Training average loss at step 23100: 2.259650
2025-12-09 01:48:51 INFO     Training average positive_fact_loss at step 23200: 0.299811
2025-12-09 01:48:51 INFO     Training average negative_fact_loss at step 23200: 0.276651
2025-12-09 01:48:51 INFO     Training average positive_rule_loss at step 23200: 1.699978
2025-12-09 01:48:51 INFO     Training average negative_rule_loss at step 23200: 2.127728
2025-12-09 01:48:51 INFO     Training average L_uncertainty at step 23200: 52.358081
2025-12-09 01:48:51 INFO     Training average L_kl at step 23200: 51889.935273
2025-12-09 01:48:51 INFO     Training average L_sigma at step 23200: 468.142725
2025-12-09 01:48:51 INFO     Training average mu_mean at step 23200: -2.448678
2025-12-09 01:48:51 INFO     Training average sigma_mean at step 23200: 0.279456
2025-12-09 01:48:51 INFO     Training average regularization at step 23200: 0.006327
2025-12-09 01:48:51 INFO     Training average loss at step 23200: 2.260769
2025-12-09 01:49:47 INFO     Training average positive_fact_loss at step 23300: 0.298411
2025-12-09 01:49:47 INFO     Training average negative_fact_loss at step 23300: 0.276915
2025-12-09 01:49:47 INFO     Training average positive_rule_loss at step 23300: 1.702675
2025-12-09 01:49:47 INFO     Training average negative_rule_loss at step 23300: 2.123514
2025-12-09 01:49:47 INFO     Training average L_uncertainty at step 23300: 52.487275
2025-12-09 01:49:47 INFO     Training average L_kl at step 23300: 52023.509961
2025-12-09 01:49:47 INFO     Training average L_sigma at step 23300: 463.762318
2025-12-09 01:49:47 INFO     Training average mu_mean at step 23300: -2.453447
2025-12-09 01:49:47 INFO     Training average sigma_mean at step 23300: 0.279301
2025-12-09 01:49:47 INFO     Training average regularization at step 23300: 0.006325
2025-12-09 01:49:47 INFO     Training average loss at step 23300: 2.259570
2025-12-09 01:50:43 INFO     Training average positive_fact_loss at step 23400: 0.298865
2025-12-09 01:50:43 INFO     Training average negative_fact_loss at step 23400: 0.276539
2025-12-09 01:50:43 INFO     Training average positive_rule_loss at step 23400: 1.702384
2025-12-09 01:50:43 INFO     Training average negative_rule_loss at step 23400: 2.120390
2025-12-09 01:50:43 INFO     Training average L_uncertainty at step 23400: 52.464370
2025-12-09 01:50:43 INFO     Training average L_kl at step 23400: 51990.463203
2025-12-09 01:50:43 INFO     Training average L_sigma at step 23400: 473.904051
2025-12-09 01:50:43 INFO     Training average mu_mean at step 23400: -2.454044
2025-12-09 01:50:43 INFO     Training average sigma_mean at step 23400: 0.279639
2025-12-09 01:50:43 INFO     Training average regularization at step 23400: 0.006326
2025-12-09 01:50:43 INFO     Training average loss at step 23400: 2.257879
2025-12-09 01:51:34 INFO     Training average positive_fact_loss at step 23500: 0.298801
2025-12-09 01:51:34 INFO     Training average negative_fact_loss at step 23500: 0.276898
2025-12-09 01:51:34 INFO     Training average positive_rule_loss at step 23500: 1.700903
2025-12-09 01:51:34 INFO     Training average negative_rule_loss at step 23500: 2.127489
2025-12-09 01:51:34 INFO     Training average L_uncertainty at step 23500: 52.428529
2025-12-09 01:51:34 INFO     Training average L_kl at step 23500: 51961.290781
2025-12-09 01:51:34 INFO     Training average L_sigma at step 23500: 467.235532
2025-12-09 01:51:34 INFO     Training average mu_mean at step 23500: -2.452473
2025-12-09 01:51:34 INFO     Training average sigma_mean at step 23500: 0.279410
2025-12-09 01:51:34 INFO     Training average regularization at step 23500: 0.006328
2025-12-09 01:51:34 INFO     Training average loss at step 23500: 2.260803
2025-12-09 01:52:34 INFO     Training average positive_fact_loss at step 23600: 0.298531
2025-12-09 01:52:34 INFO     Training average negative_fact_loss at step 23600: 0.276612
2025-12-09 01:52:34 INFO     Training average positive_rule_loss at step 23600: 1.700862
2025-12-09 01:52:34 INFO     Training average negative_rule_loss at step 23600: 2.123518
2025-12-09 01:52:34 INFO     Training average L_uncertainty at step 23600: 52.477862
2025-12-09 01:52:34 INFO     Training average L_kl at step 23600: 52008.099922
2025-12-09 01:52:34 INFO     Training average L_sigma at step 23600: 469.759877
2025-12-09 01:52:34 INFO     Training average mu_mean at step 23600: -2.452359
2025-12-09 01:52:34 INFO     Training average sigma_mean at step 23600: 0.279506
2025-12-09 01:52:34 INFO     Training average regularization at step 23600: 0.006329
2025-12-09 01:52:34 INFO     Training average loss at step 23600: 2.258569
2025-12-09 01:53:30 INFO     Training average positive_fact_loss at step 23700: 0.299157
2025-12-09 01:53:30 INFO     Training average negative_fact_loss at step 23700: 0.277279
2025-12-09 01:53:30 INFO     Training average positive_rule_loss at step 23700: 1.698488
2025-12-09 01:53:30 INFO     Training average negative_rule_loss at step 23700: 2.132038
2025-12-09 01:53:30 INFO     Training average L_uncertainty at step 23700: 52.252313
2025-12-09 01:53:30 INFO     Training average L_kl at step 23700: 51781.682578
2025-12-09 01:53:30 INFO     Training average L_sigma at step 23700: 470.627620
2025-12-09 01:53:30 INFO     Training average mu_mean at step 23700: -2.442959
2025-12-09 01:53:30 INFO     Training average sigma_mean at step 23700: 0.279543
2025-12-09 01:53:30 INFO     Training average regularization at step 23700: 0.006329
2025-12-09 01:53:30 INFO     Training average loss at step 23700: 2.262062
2025-12-09 01:54:32 INFO     Training average positive_fact_loss at step 23800: 0.299208
2025-12-09 01:54:32 INFO     Training average negative_fact_loss at step 23800: 0.276744
2025-12-09 01:54:32 INFO     Training average positive_rule_loss at step 23800: 1.704176
2025-12-09 01:54:32 INFO     Training average negative_rule_loss at step 23800: 2.119452
2025-12-09 01:54:32 INFO     Training average L_uncertainty at step 23800: 52.500546
2025-12-09 01:54:32 INFO     Training average L_kl at step 23800: 52035.144102
2025-12-09 01:54:32 INFO     Training average L_sigma at step 23800: 465.399248
2025-12-09 01:54:32 INFO     Training average mu_mean at step 23800: -2.452054
2025-12-09 01:54:32 INFO     Training average sigma_mean at step 23800: 0.279364
2025-12-09 01:54:32 INFO     Training average regularization at step 23800: 0.006329
2025-12-09 01:54:32 INFO     Training average loss at step 23800: 2.258620
2025-12-09 01:55:28 INFO     Training average positive_fact_loss at step 23900: 0.298866
2025-12-09 01:55:28 INFO     Training average negative_fact_loss at step 23900: 0.276850
2025-12-09 01:55:28 INFO     Training average positive_rule_loss at step 23900: 1.700189
2025-12-09 01:55:28 INFO     Training average negative_rule_loss at step 23900: 2.122891
2025-12-09 01:55:28 INFO     Training average L_uncertainty at step 23900: 52.373617
2025-12-09 01:55:28 INFO     Training average L_kl at step 23900: 51906.563906
2025-12-09 01:55:28 INFO     Training average L_sigma at step 23900: 467.050490
2025-12-09 01:55:28 INFO     Training average mu_mean at step 23900: -2.447840
2025-12-09 01:55:28 INFO     Training average sigma_mean at step 23900: 0.279436
2025-12-09 01:55:28 INFO     Training average regularization at step 23900: 0.006328
2025-12-09 01:55:28 INFO     Training average loss at step 23900: 2.258100
2025-12-09 01:56:28 INFO     Training average positive_fact_loss at step 24000: 0.299113
2025-12-09 01:56:28 INFO     Training average negative_fact_loss at step 24000: 0.276847
2025-12-09 01:56:28 INFO     Training average positive_rule_loss at step 24000: 1.700559
2025-12-09 01:56:28 INFO     Training average negative_rule_loss at step 24000: 2.124712
2025-12-09 01:56:28 INFO     Training average L_uncertainty at step 24000: 52.483763
2025-12-09 01:56:28 INFO     Training average L_kl at step 24000: 52015.352539
2025-12-09 01:56:28 INFO     Training average L_sigma at step 24000: 468.407403
2025-12-09 01:56:28 INFO     Training average mu_mean at step 24000: -2.451082
2025-12-09 01:56:28 INFO     Training average sigma_mean at step 24000: 0.279477
2025-12-09 01:56:28 INFO     Training average regularization at step 24000: 0.006331
2025-12-09 01:56:28 INFO     Training average loss at step 24000: 2.259430
2025-12-09 01:56:28 INFO     Evaluating on Valid Dataset...
2025-12-09 01:56:28 INFO     >>>>> RuleE emb: Evaluating on valid
2025-12-09 01:56:38 INFO     Data : 4274
2025-12-09 01:56:38 INFO     Hit1 : 0.543987
2025-12-09 01:56:38 INFO     Hit3 : 0.778428
2025-12-09 01:56:38 INFO     Hit10: 0.941507
2025-12-09 01:56:38 INFO     MR   : 3.375058
2025-12-09 01:56:38 INFO     MRR  : 0.680095
2025-12-09 01:57:25 INFO     Training average positive_fact_loss at step 24100: 0.299104
2025-12-09 01:57:25 INFO     Training average negative_fact_loss at step 24100: 0.276890
2025-12-09 01:57:25 INFO     Training average positive_rule_loss at step 24100: 1.700696
2025-12-09 01:57:25 INFO     Training average negative_rule_loss at step 24100: 2.123918
2025-12-09 01:57:25 INFO     Training average L_uncertainty at step 24100: 52.440702
2025-12-09 01:57:25 INFO     Training average L_kl at step 24100: 51976.346992
2025-12-09 01:57:25 INFO     Training average L_sigma at step 24100: 464.352452
2025-12-09 01:57:25 INFO     Training average mu_mean at step 24100: -2.449412
2025-12-09 01:57:25 INFO     Training average sigma_mean at step 24100: 0.279356
2025-12-09 01:57:25 INFO     Training average regularization at step 24100: 0.006328
2025-12-09 01:57:25 INFO     Training average loss at step 24100: 2.259073
2025-12-09 01:58:25 INFO     Training average positive_fact_loss at step 24200: 0.299115
2025-12-09 01:58:25 INFO     Training average negative_fact_loss at step 24200: 0.276870
2025-12-09 01:58:25 INFO     Training average positive_rule_loss at step 24200: 1.700580
2025-12-09 01:58:25 INFO     Training average negative_rule_loss at step 24200: 2.126484
2025-12-09 01:58:25 INFO     Training average L_uncertainty at step 24200: 52.440670
2025-12-09 01:58:25 INFO     Training average L_kl at step 24200: 51975.789648
2025-12-09 01:58:25 INFO     Training average L_sigma at step 24200: 464.877926
2025-12-09 01:58:25 INFO     Training average mu_mean at step 24200: -2.448800
2025-12-09 01:58:25 INFO     Training average sigma_mean at step 24200: 0.279384
2025-12-09 01:58:25 INFO     Training average regularization at step 24200: 0.006328
2025-12-09 01:58:25 INFO     Training average loss at step 24200: 2.260293
2025-12-09 01:59:21 INFO     Training average positive_fact_loss at step 24300: 0.298918
2025-12-09 01:59:21 INFO     Training average negative_fact_loss at step 24300: 0.276844
2025-12-09 01:59:21 INFO     Training average positive_rule_loss at step 24300: 1.701780
2025-12-09 01:59:21 INFO     Training average negative_rule_loss at step 24300: 2.120900
2025-12-09 01:59:21 INFO     Training average L_uncertainty at step 24300: 52.437667
2025-12-09 01:59:21 INFO     Training average L_kl at step 24300: 51962.823828
2025-12-09 01:59:21 INFO     Training average L_sigma at step 24300: 474.840215
2025-12-09 01:59:21 INFO     Training average mu_mean at step 24300: -2.449179
2025-12-09 01:59:21 INFO     Training average sigma_mean at step 24300: 0.279715
2025-12-09 01:59:21 INFO     Training average regularization at step 24300: 0.006328
2025-12-09 01:59:21 INFO     Training average loss at step 24300: 2.257987
2025-12-09 02:00:22 INFO     Training average positive_fact_loss at step 24400: 0.298680
2025-12-09 02:00:22 INFO     Training average negative_fact_loss at step 24400: 0.276749
2025-12-09 02:00:22 INFO     Training average positive_rule_loss at step 24400: 1.699484
2025-12-09 02:00:22 INFO     Training average negative_rule_loss at step 24400: 2.128243
2025-12-09 02:00:22 INFO     Training average L_uncertainty at step 24400: 52.328600
2025-12-09 02:00:22 INFO     Training average L_kl at step 24400: 51860.886250
2025-12-09 02:00:22 INFO     Training average L_sigma at step 24400: 467.711037
2025-12-09 02:00:22 INFO     Training average mu_mean at step 24400: -2.444061
2025-12-09 02:00:22 INFO     Training average sigma_mean at step 24400: 0.279483
2025-12-09 02:00:22 INFO     Training average regularization at step 24400: 0.006331
2025-12-09 02:00:22 INFO     Training average loss at step 24400: 2.260237
2025-12-09 02:01:18 INFO     Training average positive_fact_loss at step 24500: 0.299145
2025-12-09 02:01:18 INFO     Training average negative_fact_loss at step 24500: 0.276882
2025-12-09 02:01:18 INFO     Training average positive_rule_loss at step 24500: 1.698959
2025-12-09 02:01:18 INFO     Training average negative_rule_loss at step 24500: 2.126413
2025-12-09 02:01:18 INFO     Training average L_uncertainty at step 24500: 52.436422
2025-12-09 02:01:18 INFO     Training average L_kl at step 24500: 51972.205117
2025-12-09 02:01:18 INFO     Training average L_sigma at step 24500: 464.213982
2025-12-09 02:01:18 INFO     Training average mu_mean at step 24500: -2.446846
2025-12-09 02:01:18 INFO     Training average sigma_mean at step 24500: 0.279369
2025-12-09 02:01:18 INFO     Training average regularization at step 24500: 0.006329
2025-12-09 02:01:18 INFO     Training average loss at step 24500: 2.259465
2025-12-09 02:02:18 INFO     Training average positive_fact_loss at step 24600: 0.299365
2025-12-09 02:02:18 INFO     Training average negative_fact_loss at step 24600: 0.277038
2025-12-09 02:02:18 INFO     Training average positive_rule_loss at step 24600: 1.705802
2025-12-09 02:02:18 INFO     Training average negative_rule_loss at step 24600: 2.116116
2025-12-09 02:02:18 INFO     Training average L_uncertainty at step 24600: 52.521353
2025-12-09 02:02:18 INFO     Training average L_kl at step 24600: 52053.999375
2025-12-09 02:02:18 INFO     Training average L_sigma at step 24600: 467.351455
2025-12-09 02:02:18 INFO     Training average mu_mean at step 24600: -2.449569
2025-12-09 02:02:18 INFO     Training average sigma_mean at step 24600: 0.279483
2025-12-09 02:02:18 INFO     Training average regularization at step 24600: 0.006329
2025-12-09 02:02:18 INFO     Training average loss at step 24600: 2.258011
2025-12-09 02:03:09 INFO     Training average positive_fact_loss at step 24700: 0.298782
2025-12-09 02:03:09 INFO     Training average negative_fact_loss at step 24700: 0.276832
2025-12-09 02:03:09 INFO     Training average positive_rule_loss at step 24700: 1.701370
2025-12-09 02:03:09 INFO     Training average negative_rule_loss at step 24700: 2.121739
2025-12-09 02:03:09 INFO     Training average L_uncertainty at step 24700: 52.528066
2025-12-09 02:03:09 INFO     Training average L_kl at step 24700: 52061.445977
2025-12-09 02:03:09 INFO     Training average L_sigma at step 24700: 466.618054
2025-12-09 02:03:09 INFO     Training average mu_mean at step 24700: -2.454385
2025-12-09 02:03:09 INFO     Training average sigma_mean at step 24700: 0.279447
2025-12-09 02:03:09 INFO     Training average regularization at step 24700: 0.006329
2025-12-09 02:03:09 INFO     Training average loss at step 24700: 2.258218
2025-12-09 02:04:04 INFO     Training average positive_fact_loss at step 24800: 0.298679
2025-12-09 02:04:04 INFO     Training average negative_fact_loss at step 24800: 0.276687
2025-12-09 02:04:04 INFO     Training average positive_rule_loss at step 24800: 1.703736
2025-12-09 02:04:04 INFO     Training average negative_rule_loss at step 24800: 2.117357
2025-12-09 02:04:04 INFO     Training average L_uncertainty at step 24800: 52.457992
2025-12-09 02:04:04 INFO     Training average L_kl at step 24800: 51993.702227
2025-12-09 02:04:04 INFO     Training average L_sigma at step 24800: 464.286631
2025-12-09 02:04:04 INFO     Training average mu_mean at step 24800: -2.449999
2025-12-09 02:04:04 INFO     Training average sigma_mean at step 24800: 0.279373
2025-12-09 02:04:04 INFO     Training average regularization at step 24800: 0.006330
2025-12-09 02:04:04 INFO     Training average loss at step 24800: 2.257017
2025-12-09 02:05:00 INFO     Training average positive_fact_loss at step 24900: 0.299194
2025-12-09 02:05:00 INFO     Training average negative_fact_loss at step 24900: 0.276933
2025-12-09 02:05:00 INFO     Training average positive_rule_loss at step 24900: 1.702572
2025-12-09 02:05:00 INFO     Training average negative_rule_loss at step 24900: 2.119118
2025-12-09 02:05:00 INFO     Training average L_uncertainty at step 24900: 52.613488
2025-12-09 02:05:00 INFO     Training average L_kl at step 24900: 52149.644453
2025-12-09 02:05:00 INFO     Training average L_sigma at step 24900: 463.840612
2025-12-09 02:05:00 INFO     Training average mu_mean at step 24900: -2.457649
2025-12-09 02:05:00 INFO     Training average sigma_mean at step 24900: 0.279356
2025-12-09 02:05:00 INFO     Training average regularization at step 24900: 0.006330
2025-12-09 02:05:00 INFO     Training average loss at step 24900: 2.257852
2025-12-09 02:06:01 INFO     Training average positive_fact_loss at step 25000: 0.298594
2025-12-09 02:06:01 INFO     Training average negative_fact_loss at step 25000: 0.276685
2025-12-09 02:06:01 INFO     Training average positive_rule_loss at step 25000: 1.701951
2025-12-09 02:06:01 INFO     Training average negative_rule_loss at step 25000: 2.120187
2025-12-09 02:06:01 INFO     Training average L_uncertainty at step 25000: 52.435226
2025-12-09 02:06:01 INFO     Training average L_kl at step 25000: 51967.552461
2025-12-09 02:06:01 INFO     Training average L_sigma at step 25000: 467.670588
2025-12-09 02:06:01 INFO     Training average mu_mean at step 25000: -2.448324
2025-12-09 02:06:01 INFO     Training average sigma_mean at step 25000: 0.279503
2025-12-09 02:06:01 INFO     Training average regularization at step 25000: 0.006333
2025-12-09 02:06:01 INFO     Training average loss at step 25000: 2.257476
2025-12-09 02:06:01 INFO     Evaluating on Valid Dataset...
2025-12-09 02:06:01 INFO     >>>>> RuleE emb: Evaluating on valid
2025-12-09 02:06:11 INFO     Data : 4274
2025-12-09 02:06:11 INFO     Hit1 : 0.540477
2025-12-09 02:06:11 INFO     Hit3 : 0.777492
2025-12-09 02:06:11 INFO     Hit10: 0.941975
2025-12-09 02:06:11 INFO     MR   : 3.381610
2025-12-09 02:06:11 INFO     MRR  : 0.678016
2025-12-09 02:07:07 INFO     Training average positive_fact_loss at step 25100: 0.298857
2025-12-09 02:07:07 INFO     Training average negative_fact_loss at step 25100: 0.276730
2025-12-09 02:07:07 INFO     Training average positive_rule_loss at step 25100: 1.702565
2025-12-09 02:07:07 INFO     Training average negative_rule_loss at step 25100: 2.118254
2025-12-09 02:07:07 INFO     Training average L_uncertainty at step 25100: 52.497501
2025-12-09 02:07:07 INFO     Training average L_kl at step 25100: 52032.158164
2025-12-09 02:07:07 INFO     Training average L_sigma at step 25100: 465.340190
2025-12-09 02:07:07 INFO     Training average mu_mean at step 25100: -2.451312
2025-12-09 02:07:07 INFO     Training average sigma_mean at step 25100: 0.279422
2025-12-09 02:07:07 INFO     Training average regularization at step 25100: 0.006334
2025-12-09 02:07:07 INFO     Training average loss at step 25100: 2.257035
2025-12-09 02:08:07 INFO     Training average positive_fact_loss at step 25200: 0.298855
2025-12-09 02:08:07 INFO     Training average negative_fact_loss at step 25200: 0.276903
2025-12-09 02:08:07 INFO     Training average positive_rule_loss at step 25200: 1.700579
2025-12-09 02:08:07 INFO     Training average negative_rule_loss at step 25200: 2.122063
2025-12-09 02:08:07 INFO     Training average L_uncertainty at step 25200: 52.428836
2025-12-09 02:08:07 INFO     Training average L_kl at step 25200: 51962.798867
2025-12-09 02:08:07 INFO     Training average L_sigma at step 25200: 466.034913
2025-12-09 02:08:07 INFO     Training average mu_mean at step 25200: -2.447518
2025-12-09 02:08:07 INFO     Training average sigma_mean at step 25200: 0.279425
2025-12-09 02:08:07 INFO     Training average regularization at step 25200: 0.006335
2025-12-09 02:08:07 INFO     Training average loss at step 25200: 2.257963
2025-12-09 02:09:03 INFO     Training average positive_fact_loss at step 25300: 0.299284
2025-12-09 02:09:03 INFO     Training average negative_fact_loss at step 25300: 0.276831
2025-12-09 02:09:03 INFO     Training average positive_rule_loss at step 25300: 1.702344
2025-12-09 02:09:03 INFO     Training average negative_rule_loss at step 25300: 2.116971
2025-12-09 02:09:03 INFO     Training average L_uncertainty at step 25300: 52.519437
2025-12-09 02:09:03 INFO     Training average L_kl at step 25300: 52047.984922
2025-12-09 02:09:03 INFO     Training average L_sigma at step 25300: 471.449069
2025-12-09 02:09:03 INFO     Training average mu_mean at step 25300: -2.450263
2025-12-09 02:09:03 INFO     Training average sigma_mean at step 25300: 0.279630
2025-12-09 02:09:03 INFO     Training average regularization at step 25300: 0.006332
2025-12-09 02:09:03 INFO     Training average loss at step 25300: 2.256566
2025-12-09 02:09:54 INFO     Training average positive_fact_loss at step 25400: 0.298947
2025-12-09 02:09:54 INFO     Training average negative_fact_loss at step 25400: 0.276743
2025-12-09 02:09:54 INFO     Training average positive_rule_loss at step 25400: 1.699229
2025-12-09 02:09:54 INFO     Training average negative_rule_loss at step 25400: 2.123937
2025-12-09 02:09:54 INFO     Training average L_uncertainty at step 25400: 52.472518
2025-12-09 02:09:54 INFO     Training average L_kl at step 25400: 52008.010820
2025-12-09 02:09:54 INFO     Training average L_sigma at step 25400: 464.505170
2025-12-09 02:09:54 INFO     Training average mu_mean at step 25400: -2.447151
2025-12-09 02:09:54 INFO     Training average sigma_mean at step 25400: 0.279407
2025-12-09 02:09:54 INFO     Training average regularization at step 25400: 0.006331
2025-12-09 02:09:54 INFO     Training average loss at step 25400: 2.258231
2025-12-09 02:10:49 INFO     Training average positive_fact_loss at step 25500: 0.299027
2025-12-09 02:10:49 INFO     Training average negative_fact_loss at step 25500: 0.276844
2025-12-09 02:10:49 INFO     Training average positive_rule_loss at step 25500: 1.701212
2025-12-09 02:10:49 INFO     Training average negative_rule_loss at step 25500: 2.117470
2025-12-09 02:10:49 INFO     Training average L_uncertainty at step 25500: 52.521475
2025-12-09 02:10:49 INFO     Training average L_kl at step 25500: 52053.189180
2025-12-09 02:10:49 INFO     Training average L_sigma at step 25500: 468.283491
2025-12-09 02:10:49 INFO     Training average mu_mean at step 25500: -2.448336
2025-12-09 02:10:49 INFO     Training average sigma_mean at step 25500: 0.279538
2025-12-09 02:10:49 INFO     Training average regularization at step 25500: 0.006333
2025-12-09 02:10:49 INFO     Training average loss at step 25500: 2.256130
2025-12-09 02:11:50 INFO     Training average positive_fact_loss at step 25600: 0.298731
2025-12-09 02:11:50 INFO     Training average negative_fact_loss at step 25600: 0.277021
2025-12-09 02:11:50 INFO     Training average positive_rule_loss at step 25600: 1.699483
2025-12-09 02:11:50 INFO     Training average negative_rule_loss at step 25600: 2.124410
2025-12-09 02:11:50 INFO     Training average L_uncertainty at step 25600: 52.394163
2025-12-09 02:11:50 INFO     Training average L_kl at step 25600: 51932.604219
2025-12-09 02:11:50 INFO     Training average L_sigma at step 25600: 461.556315
2025-12-09 02:11:50 INFO     Training average mu_mean at step 25600: -2.442182
2025-12-09 02:11:50 INFO     Training average sigma_mean at step 25600: 0.279320
2025-12-09 02:11:50 INFO     Training average regularization at step 25600: 0.006334
2025-12-09 02:11:50 INFO     Training average loss at step 25600: 2.258551
2025-12-09 02:12:46 INFO     Training average positive_fact_loss at step 25700: 0.298904
2025-12-09 02:12:46 INFO     Training average negative_fact_loss at step 25700: 0.276946
2025-12-09 02:12:46 INFO     Training average positive_rule_loss at step 25700: 1.700533
2025-12-09 02:12:46 INFO     Training average negative_rule_loss at step 25700: 2.120549
2025-12-09 02:12:46 INFO     Training average L_uncertainty at step 25700: 52.524469
2025-12-09 02:12:46 INFO     Training average L_kl at step 25700: 52057.967148
2025-12-09 02:12:46 INFO     Training average L_sigma at step 25700: 466.499109
2025-12-09 02:12:46 INFO     Training average mu_mean at step 25700: -2.445772
2025-12-09 02:12:46 INFO     Training average sigma_mean at step 25700: 0.279493
2025-12-09 02:12:46 INFO     Training average regularization at step 25700: 0.006335
2025-12-09 02:12:46 INFO     Training average loss at step 25700: 2.257326
2025-12-09 02:13:47 INFO     Training average positive_fact_loss at step 25800: 0.299781
2025-12-09 02:13:47 INFO     Training average negative_fact_loss at step 25800: 0.276781
2025-12-09 02:13:47 INFO     Training average positive_rule_loss at step 25800: 1.701487
2025-12-09 02:13:47 INFO     Training average negative_rule_loss at step 25800: 2.117291
2025-12-09 02:13:47 INFO     Training average L_uncertainty at step 25800: 52.550290
2025-12-09 02:13:47 INFO     Training average L_kl at step 25800: 52085.336758
2025-12-09 02:13:47 INFO     Training average L_sigma at step 25800: 464.950604
2025-12-09 02:13:47 INFO     Training average mu_mean at step 25800: -2.446627
2025-12-09 02:13:47 INFO     Training average sigma_mean at step 25800: 0.279435
2025-12-09 02:13:47 INFO     Training average regularization at step 25800: 0.006334
2025-12-09 02:13:47 INFO     Training average loss at step 25800: 2.256554
2025-12-09 02:14:42 INFO     Training average positive_fact_loss at step 25900: 0.298371
2025-12-09 02:14:42 INFO     Training average negative_fact_loss at step 25900: 0.276972
2025-12-09 02:14:42 INFO     Training average positive_rule_loss at step 25900: 1.703537
2025-12-09 02:14:42 INFO     Training average negative_rule_loss at step 25900: 2.114830
2025-12-09 02:14:42 INFO     Training average L_uncertainty at step 25900: 52.660063
2025-12-09 02:14:42 INFO     Training average L_kl at step 25900: 52195.562227
2025-12-09 02:14:42 INFO     Training average L_sigma at step 25900: 464.497912
2025-12-09 02:14:42 INFO     Training average mu_mean at step 25900: -2.451857
2025-12-09 02:14:42 INFO     Training average sigma_mean at step 25900: 0.279419
2025-12-09 02:14:42 INFO     Training average regularization at step 25900: 0.006333
2025-12-09 02:14:42 INFO     Training average loss at step 25900: 2.255849
2025-12-09 02:15:38 INFO     Training average positive_fact_loss at step 26000: 0.299357
2025-12-09 02:15:38 INFO     Training average negative_fact_loss at step 26000: 0.276755
2025-12-09 02:15:38 INFO     Training average positive_rule_loss at step 26000: 1.699996
2025-12-09 02:15:38 INFO     Training average negative_rule_loss at step 26000: 2.119171
2025-12-09 02:15:38 INFO     Training average L_uncertainty at step 26000: 52.531816
2025-12-09 02:15:38 INFO     Training average L_kl at step 26000: 52066.914883
2025-12-09 02:15:38 INFO     Training average L_sigma at step 26000: 464.898375
2025-12-09 02:15:38 INFO     Training average mu_mean at step 26000: -2.446084
2025-12-09 02:15:38 INFO     Training average sigma_mean at step 26000: 0.279443
2025-12-09 02:15:38 INFO     Training average regularization at step 26000: 0.006335
2025-12-09 02:15:38 INFO     Training average loss at step 26000: 2.256506
2025-12-09 02:15:38 INFO     Evaluating on Valid Dataset...
2025-12-09 02:15:38 INFO     >>>>> RuleE emb: Evaluating on valid
2025-12-09 02:15:48 INFO     Data : 4274
2025-12-09 02:15:48 INFO     Hit1 : 0.542817
2025-12-09 02:15:48 INFO     Hit3 : 0.776322
2025-12-09 02:15:48 INFO     Hit10: 0.941507
2025-12-09 02:15:48 INFO     MR   : 3.373421
2025-12-09 02:15:48 INFO     MRR  : 0.679133
2025-12-09 02:16:39 INFO     Training average positive_fact_loss at step 26100: 0.298910
2025-12-09 02:16:39 INFO     Training average negative_fact_loss at step 26100: 0.276747
2025-12-09 02:16:39 INFO     Training average positive_rule_loss at step 26100: 1.701436
2025-12-09 02:16:39 INFO     Training average negative_rule_loss at step 26100: 2.121561
2025-12-09 02:16:39 INFO     Training average L_uncertainty at step 26100: 52.554270
2025-12-09 02:16:39 INFO     Training average L_kl at step 26100: 52085.066602
2025-12-09 02:16:39 INFO     Training average L_sigma at step 26100: 469.200937
2025-12-09 02:16:39 INFO     Training average mu_mean at step 26100: -2.446706
2025-12-09 02:16:39 INFO     Training average sigma_mean at step 26100: 0.279586
2025-12-09 02:16:39 INFO     Training average regularization at step 26100: 0.006334
2025-12-09 02:16:39 INFO     Training average loss at step 26100: 2.258215
2025-12-09 02:17:39 INFO     Training average positive_fact_loss at step 26200: 0.298991
2025-12-09 02:17:39 INFO     Training average negative_fact_loss at step 26200: 0.276797
2025-12-09 02:17:39 INFO     Training average positive_rule_loss at step 26200: 1.704902
2025-12-09 02:17:39 INFO     Training average negative_rule_loss at step 26200: 2.116452
2025-12-09 02:17:39 INFO     Training average L_uncertainty at step 26200: 52.544549
2025-12-09 02:17:39 INFO     Training average L_kl at step 26200: 52082.979883
2025-12-09 02:17:39 INFO     Training average L_sigma at step 26200: 461.566744
2025-12-09 02:17:39 INFO     Training average mu_mean at step 26200: -2.448362
2025-12-09 02:17:39 INFO     Training average sigma_mean at step 26200: 0.279345
2025-12-09 02:17:39 INFO     Training average regularization at step 26200: 0.006334
2025-12-09 02:17:39 INFO     Training average loss at step 26200: 2.257450
2025-12-09 02:18:35 INFO     Training average positive_fact_loss at step 26300: 0.299086
2025-12-09 02:18:35 INFO     Training average negative_fact_loss at step 26300: 0.276717
2025-12-09 02:18:35 INFO     Training average positive_rule_loss at step 26300: 1.700875
2025-12-09 02:18:35 INFO     Training average negative_rule_loss at step 26300: 2.120257
2025-12-09 02:18:35 INFO     Training average L_uncertainty at step 26300: 52.522435
2025-12-09 02:18:35 INFO     Training average L_kl at step 26300: 52059.875703
2025-12-09 02:18:35 INFO     Training average L_sigma at step 26300: 462.556703
2025-12-09 02:18:35 INFO     Training average mu_mean at step 26300: -2.446614
2025-12-09 02:18:35 INFO     Training average sigma_mean at step 26300: 0.279388
2025-12-09 02:18:35 INFO     Training average regularization at step 26300: 0.006332
2025-12-09 02:18:35 INFO     Training average loss at step 26300: 2.257322
2025-12-09 02:19:35 INFO     Training average positive_fact_loss at step 26400: 0.299466
2025-12-09 02:19:35 INFO     Training average negative_fact_loss at step 26400: 0.276809
2025-12-09 02:19:35 INFO     Training average positive_rule_loss at step 26400: 1.700496
2025-12-09 02:19:35 INFO     Training average negative_rule_loss at step 26400: 2.123320
2025-12-09 02:19:35 INFO     Training average L_uncertainty at step 26400: 52.425523
2025-12-09 02:19:35 INFO     Training average L_kl at step 26400: 51956.526523
2025-12-09 02:19:35 INFO     Training average L_sigma at step 26400: 468.994280
2025-12-09 02:19:35 INFO     Training average mu_mean at step 26400: -2.442310
2025-12-09 02:19:35 INFO     Training average sigma_mean at step 26400: 0.279613
2025-12-09 02:19:35 INFO     Training average regularization at step 26400: 0.006332
2025-12-09 02:19:35 INFO     Training average loss at step 26400: 2.258803
2025-12-09 02:20:31 INFO     Training average positive_fact_loss at step 26500: 0.298419
2025-12-09 02:20:31 INFO     Training average negative_fact_loss at step 26500: 0.276858
2025-12-09 02:20:31 INFO     Training average positive_rule_loss at step 26500: 1.703745
2025-12-09 02:20:31 INFO     Training average negative_rule_loss at step 26500: 2.115002
2025-12-09 02:20:31 INFO     Training average L_uncertainty at step 26500: 52.468298
2025-12-09 02:20:31 INFO     Training average L_kl at step 26500: 52001.970742
2025-12-09 02:20:31 INFO     Training average L_sigma at step 26500: 466.324794
2025-12-09 02:20:31 INFO     Training average mu_mean at step 26500: -2.444763
2025-12-09 02:20:31 INFO     Training average sigma_mean at step 26500: 0.279527
2025-12-09 02:20:31 INFO     Training average regularization at step 26500: 0.006333
2025-12-09 02:20:31 INFO     Training average loss at step 26500: 2.255814
2025-12-09 02:21:31 INFO     Training average positive_fact_loss at step 26600: 0.299214
2025-12-09 02:21:31 INFO     Training average negative_fact_loss at step 26600: 0.276711
2025-12-09 02:21:31 INFO     Training average positive_rule_loss at step 26600: 1.699427
2025-12-09 02:21:31 INFO     Training average negative_rule_loss at step 26600: 2.118437
2025-12-09 02:21:31 INFO     Training average L_uncertainty at step 26600: 52.482775
2025-12-09 02:21:31 INFO     Training average L_kl at step 26600: 52019.365000
2025-12-09 02:21:31 INFO     Training average L_sigma at step 26600: 463.407490
2025-12-09 02:21:31 INFO     Training average mu_mean at step 26600: -2.444971
2025-12-09 02:21:31 INFO     Training average sigma_mean at step 26600: 0.279415
2025-12-09 02:21:31 INFO     Training average regularization at step 26600: 0.006335
2025-12-09 02:21:31 INFO     Training average loss at step 26600: 2.255712
2025-12-09 02:22:18 INFO     Training average positive_fact_loss at step 26700: 0.298727
2025-12-09 02:22:18 INFO     Training average negative_fact_loss at step 26700: 0.276891
2025-12-09 02:22:18 INFO     Training average positive_rule_loss at step 26700: 1.703999
2025-12-09 02:22:18 INFO     Training average negative_rule_loss at step 26700: 2.113033
2025-12-09 02:22:18 INFO     Training average L_uncertainty at step 26700: 52.639441
2025-12-09 02:22:18 INFO     Training average L_kl at step 26700: 52183.318672
2025-12-09 02:22:18 INFO     Training average L_sigma at step 26700: 456.119582
2025-12-09 02:22:18 INFO     Training average mu_mean at step 26700: -2.448848
2025-12-09 02:22:18 INFO     Training average sigma_mean at step 26700: 0.279168
2025-12-09 02:22:18 INFO     Training average regularization at step 26700: 0.006333
2025-12-09 02:22:18 INFO     Training average loss at step 26700: 2.255298
2025-12-09 02:23:18 INFO     Training average positive_fact_loss at step 26800: 0.298890
2025-12-09 02:23:18 INFO     Training average negative_fact_loss at step 26800: 0.276693
2025-12-09 02:23:18 INFO     Training average positive_rule_loss at step 26800: 1.702385
2025-12-09 02:23:18 INFO     Training average negative_rule_loss at step 26800: 2.116720
2025-12-09 02:23:18 INFO     Training average L_uncertainty at step 26800: 52.611355
2025-12-09 02:23:18 INFO     Training average L_kl at step 26800: 52140.712461
2025-12-09 02:23:18 INFO     Training average L_sigma at step 26800: 470.640400
2025-12-09 02:23:18 INFO     Training average mu_mean at step 26800: -2.448878
2025-12-09 02:23:18 INFO     Training average sigma_mean at step 26800: 0.279659
2025-12-09 02:23:18 INFO     Training average regularization at step 26800: 0.006335
2025-12-09 02:23:18 INFO     Training average loss at step 26800: 2.256290
2025-12-09 02:24:15 INFO     Training average positive_fact_loss at step 26900: 0.298773
2025-12-09 02:24:15 INFO     Training average negative_fact_loss at step 26900: 0.277029
2025-12-09 02:24:15 INFO     Training average positive_rule_loss at step 26900: 1.700803
2025-12-09 02:24:15 INFO     Training average negative_rule_loss at step 26900: 2.116701
2025-12-09 02:24:15 INFO     Training average L_uncertainty at step 26900: 52.523179
2025-12-09 02:24:15 INFO     Training average L_kl at step 26900: 52060.510859
2025-12-09 02:24:15 INFO     Training average L_sigma at step 26900: 462.665706
2025-12-09 02:24:15 INFO     Training average mu_mean at step 26900: -2.444871
2025-12-09 02:24:15 INFO     Training average sigma_mean at step 26900: 0.279415
2025-12-09 02:24:15 INFO     Training average regularization at step 26900: 0.006336
2025-12-09 02:24:15 INFO     Training average loss at step 26900: 2.255512
2025-12-09 02:25:15 INFO     Training average positive_fact_loss at step 27000: 0.298974
2025-12-09 02:25:15 INFO     Training average negative_fact_loss at step 27000: 0.276617
2025-12-09 02:25:15 INFO     Training average positive_rule_loss at step 27000: 1.700418
2025-12-09 02:25:15 INFO     Training average negative_rule_loss at step 27000: 2.123075
2025-12-09 02:25:15 INFO     Training average L_uncertainty at step 27000: 52.472390
2025-12-09 02:25:15 INFO     Training average L_kl at step 27000: 52007.448438
2025-12-09 02:25:15 INFO     Training average L_sigma at step 27000: 464.938773
2025-12-09 02:25:15 INFO     Training average mu_mean at step 27000: -2.440589
2025-12-09 02:25:15 INFO     Training average sigma_mean at step 27000: 0.279490
2025-12-09 02:25:15 INFO     Training average regularization at step 27000: 0.006335
2025-12-09 02:25:15 INFO     Training average loss at step 27000: 2.258350
2025-12-09 02:25:15 INFO     Evaluating on Valid Dataset...
2025-12-09 02:25:15 INFO     >>>>> RuleE emb: Evaluating on valid
2025-12-09 02:25:26 INFO     Data : 4274
2025-12-09 02:25:26 INFO     Hit1 : 0.543051
2025-12-09 02:25:26 INFO     Hit3 : 0.776790
2025-12-09 02:25:26 INFO     Hit10: 0.941507
2025-12-09 02:25:26 INFO     MR   : 3.383248
2025-12-09 02:25:26 INFO     MRR  : 0.679423
2025-12-09 02:26:21 INFO     Training average positive_fact_loss at step 27100: 0.298865
2025-12-09 02:26:21 INFO     Training average negative_fact_loss at step 27100: 0.276665
2025-12-09 02:26:21 INFO     Training average positive_rule_loss at step 27100: 1.700792
2025-12-09 02:26:21 INFO     Training average negative_rule_loss at step 27100: 2.118060
2025-12-09 02:26:21 INFO     Training average L_uncertainty at step 27100: 52.368088
2025-12-09 02:26:21 INFO     Training average L_kl at step 27100: 51898.806953
2025-12-09 02:26:21 INFO     Training average L_sigma at step 27100: 469.278098
2025-12-09 02:26:21 INFO     Training average mu_mean at step 27100: -2.437566
2025-12-09 02:26:21 INFO     Training average sigma_mean at step 27100: 0.279648
2025-12-09 02:26:21 INFO     Training average regularization at step 27100: 0.006337
2025-12-09 02:26:21 INFO     Training average loss at step 27100: 2.255896
2025-12-09 02:27:22 INFO     Training average positive_fact_loss at step 27200: 0.299038
2025-12-09 02:27:22 INFO     Training average negative_fact_loss at step 27200: 0.276997
2025-12-09 02:27:22 INFO     Training average positive_rule_loss at step 27200: 1.698723
2025-12-09 02:27:22 INFO     Training average negative_rule_loss at step 27200: 2.122183
2025-12-09 02:27:22 INFO     Training average L_uncertainty at step 27200: 52.417220
2025-12-09 02:27:22 INFO     Training average L_kl at step 27200: 51952.111133
2025-12-09 02:27:22 INFO     Training average L_sigma at step 27200: 465.106640
2025-12-09 02:27:22 INFO     Training average mu_mean at step 27200: -2.437599
2025-12-09 02:27:22 INFO     Training average sigma_mean at step 27200: 0.279500
2025-12-09 02:27:22 INFO     Training average regularization at step 27200: 0.006338
2025-12-09 02:27:22 INFO     Training average loss at step 27200: 2.257225
2025-12-09 02:28:13 INFO     Training average positive_fact_loss at step 27300: 0.298726
2025-12-09 02:28:13 INFO     Training average negative_fact_loss at step 27300: 0.276745
2025-12-09 02:28:13 INFO     Training average positive_rule_loss at step 27300: 1.700375
2025-12-09 02:28:13 INFO     Training average negative_rule_loss at step 27300: 2.117897
2025-12-09 02:28:13 INFO     Training average L_uncertainty at step 27300: 52.601273
2025-12-09 02:28:13 INFO     Training average L_kl at step 27300: 52140.742969
2025-12-09 02:28:13 INFO     Training average L_sigma at step 27300: 460.527600
2025-12-09 02:28:13 INFO     Training average mu_mean at step 27300: -2.443201
2025-12-09 02:28:13 INFO     Training average sigma_mean at step 27300: 0.279348
2025-12-09 02:28:13 INFO     Training average regularization at step 27300: 0.006337
2025-12-09 02:28:13 INFO     Training average loss at step 27300: 2.255810
2025-12-09 02:29:08 INFO     Training average positive_fact_loss at step 27400: 0.298723
2025-12-09 02:29:08 INFO     Training average negative_fact_loss at step 27400: 0.276824
2025-12-09 02:29:08 INFO     Training average positive_rule_loss at step 27400: 1.701277
2025-12-09 02:29:08 INFO     Training average negative_rule_loss at step 27400: 2.117183
2025-12-09 02:29:08 INFO     Training average L_uncertainty at step 27400: 52.463228
2025-12-09 02:29:08 INFO     Training average L_kl at step 27400: 51999.173984
2025-12-09 02:29:08 INFO     Training average L_sigma at step 27400: 464.051317
2025-12-09 02:29:08 INFO     Training average mu_mean at step 27400: -2.438144
2025-12-09 02:29:08 INFO     Training average sigma_mean at step 27400: 0.279475
2025-12-09 02:29:08 INFO     Training average regularization at step 27400: 0.006341
2025-12-09 02:29:08 INFO     Training average loss at step 27400: 2.255808
2025-12-09 02:30:04 INFO     Training average positive_fact_loss at step 27500: 0.299371
2025-12-09 02:30:04 INFO     Training average negative_fact_loss at step 27500: 0.276669
2025-12-09 02:30:04 INFO     Training average positive_rule_loss at step 27500: 1.699581
2025-12-09 02:30:04 INFO     Training average negative_rule_loss at step 27500: 2.118215
2025-12-09 02:30:04 INFO     Training average L_uncertainty at step 27500: 52.593194
2025-12-09 02:30:04 INFO     Training average L_kl at step 27500: 52127.800039
2025-12-09 02:30:04 INFO     Training average L_sigma at step 27500: 465.391311
2025-12-09 02:30:04 INFO     Training average mu_mean at step 27500: -2.443361
2025-12-09 02:30:04 INFO     Training average sigma_mean at step 27500: 0.279524
2025-12-09 02:30:04 INFO     Training average regularization at step 27500: 0.006341
2025-12-09 02:30:04 INFO     Training average loss at step 27500: 2.255852
2025-12-09 02:31:05 INFO     Training average positive_fact_loss at step 27600: 0.298343
2025-12-09 02:31:05 INFO     Training average negative_fact_loss at step 27600: 0.276901
2025-12-09 02:31:05 INFO     Training average positive_rule_loss at step 27600: 1.700056
2025-12-09 02:31:05 INFO     Training average negative_rule_loss at step 27600: 2.115504
2025-12-09 02:31:05 INFO     Training average L_uncertainty at step 27600: 52.570898
2025-12-09 02:31:05 INFO     Training average L_kl at step 27600: 52103.631562
2025-12-09 02:31:05 INFO     Training average L_sigma at step 27600: 467.264154
2025-12-09 02:31:05 INFO     Training average mu_mean at step 27600: -2.440729
2025-12-09 02:31:05 INFO     Training average sigma_mean at step 27600: 0.279597
2025-12-09 02:31:05 INFO     Training average regularization at step 27600: 0.006342
2025-12-09 02:31:05 INFO     Training average loss at step 27600: 2.254315
2025-12-09 02:32:01 INFO     Training average positive_fact_loss at step 27700: 0.298930
2025-12-09 02:32:01 INFO     Training average negative_fact_loss at step 27700: 0.276659
2025-12-09 02:32:01 INFO     Training average positive_rule_loss at step 27700: 1.702685
2025-12-09 02:32:01 INFO     Training average negative_rule_loss at step 27700: 2.114102
2025-12-09 02:32:01 INFO     Training average L_uncertainty at step 27700: 52.582093
2025-12-09 02:32:01 INFO     Training average L_kl at step 27700: 52118.846992
2025-12-09 02:32:01 INFO     Training average L_sigma at step 27700: 463.243241
2025-12-09 02:32:01 INFO     Training average mu_mean at step 27700: -2.441288
2025-12-09 02:32:01 INFO     Training average sigma_mean at step 27700: 0.279454
2025-12-09 02:32:01 INFO     Training average regularization at step 27700: 0.006341
2025-12-09 02:32:01 INFO     Training average loss at step 27700: 2.255112
2025-12-09 02:33:01 INFO     Training average positive_fact_loss at step 27800: 0.299546
2025-12-09 02:33:01 INFO     Training average negative_fact_loss at step 27800: 0.276752
2025-12-09 02:33:01 INFO     Training average positive_rule_loss at step 27800: 1.702623
2025-12-09 02:33:01 INFO     Training average negative_rule_loss at step 27800: 2.114372
2025-12-09 02:33:01 INFO     Training average L_uncertainty at step 27800: 52.604109
2025-12-09 02:33:01 INFO     Training average L_kl at step 27800: 52143.771250
2025-12-09 02:33:01 INFO     Training average L_sigma at step 27800: 460.335424
2025-12-09 02:33:01 INFO     Training average mu_mean at step 27800: -2.444933
2025-12-09 02:33:01 INFO     Training average sigma_mean at step 27800: 0.279347
2025-12-09 02:33:01 INFO     Training average regularization at step 27800: 0.006340
2025-12-09 02:33:01 INFO     Training average loss at step 27800: 2.255590
2025-12-09 02:33:57 INFO     Training average positive_fact_loss at step 27900: 0.298189
2025-12-09 02:33:57 INFO     Training average negative_fact_loss at step 27900: 0.276843
2025-12-09 02:33:57 INFO     Training average positive_rule_loss at step 27900: 1.700258
2025-12-09 02:33:57 INFO     Training average negative_rule_loss at step 27900: 2.118480
2025-12-09 02:33:57 INFO     Training average L_uncertainty at step 27900: 52.565406
2025-12-09 02:33:57 INFO     Training average L_kl at step 27900: 52102.873047
2025-12-09 02:33:57 INFO     Training average L_sigma at step 27900: 462.530435
2025-12-09 02:33:57 INFO     Training average mu_mean at step 27900: -2.442067
2025-12-09 02:33:57 INFO     Training average sigma_mean at step 27900: 0.279431
2025-12-09 02:33:57 INFO     Training average regularization at step 27900: 0.006343
2025-12-09 02:33:57 INFO     Training average loss at step 27900: 2.255793
2025-12-09 02:34:48 INFO     Training average positive_fact_loss at step 28000: 0.298999
2025-12-09 02:34:48 INFO     Training average negative_fact_loss at step 28000: 0.276619
2025-12-09 02:34:48 INFO     Training average positive_rule_loss at step 28000: 1.700134
2025-12-09 02:34:48 INFO     Training average negative_rule_loss at step 28000: 2.115697
2025-12-09 02:34:48 INFO     Training average L_uncertainty at step 28000: 52.574360
2025-12-09 02:34:48 INFO     Training average L_kl at step 28000: 52115.198906
2025-12-09 02:34:48 INFO     Training average L_sigma at step 28000: 459.158935
2025-12-09 02:34:48 INFO     Training average mu_mean at step 28000: -2.440831
2025-12-09 02:34:48 INFO     Training average sigma_mean at step 28000: 0.279327
2025-12-09 02:34:48 INFO     Training average regularization at step 28000: 0.006344
2025-12-09 02:34:48 INFO     Training average loss at step 28000: 2.254643
2025-12-09 02:34:48 INFO     Evaluating on Valid Dataset...
2025-12-09 02:34:48 INFO     >>>>> RuleE emb: Evaluating on valid
2025-12-09 02:34:58 INFO     Data : 4274
2025-12-09 02:34:58 INFO     Hit1 : 0.546561
2025-12-09 02:34:58 INFO     Hit3 : 0.778896
2025-12-09 02:34:58 INFO     Hit10: 0.942911
2025-12-09 02:34:58 INFO     MR   : 3.370613
2025-12-09 02:34:58 INFO     MRR  : 0.681326
2025-12-09 02:35:54 INFO     Training average positive_fact_loss at step 28100: 0.299374
2025-12-09 02:35:54 INFO     Training average negative_fact_loss at step 28100: 0.276858
2025-12-09 02:35:54 INFO     Training average positive_rule_loss at step 28100: 1.700376
2025-12-09 02:35:54 INFO     Training average negative_rule_loss at step 28100: 2.117117
2025-12-09 02:35:54 INFO     Training average L_uncertainty at step 28100: 52.566288
2025-12-09 02:35:54 INFO     Training average L_kl at step 28100: 52101.478398
2025-12-09 02:35:54 INFO     Training average L_sigma at step 28100: 464.807241
2025-12-09 02:35:54 INFO     Training average mu_mean at step 28100: -2.440564
2025-12-09 02:35:54 INFO     Training average sigma_mean at step 28100: 0.279527
2025-12-09 02:35:54 INFO     Training average regularization at step 28100: 0.006344
2025-12-09 02:35:54 INFO     Training average loss at step 28100: 2.255773
2025-12-09 02:36:55 INFO     Training average positive_fact_loss at step 28200: 0.298612
2025-12-09 02:36:55 INFO     Training average negative_fact_loss at step 28200: 0.276748
2025-12-09 02:36:55 INFO     Training average positive_rule_loss at step 28200: 1.701508
2025-12-09 02:36:55 INFO     Training average negative_rule_loss at step 28200: 2.114700
2025-12-09 02:36:55 INFO     Training average L_uncertainty at step 28200: 52.582598
2025-12-09 02:36:55 INFO     Training average L_kl at step 28200: 52118.907461
2025-12-09 02:36:55 INFO     Training average L_sigma at step 28200: 463.688085
2025-12-09 02:36:55 INFO     Training average mu_mean at step 28200: -2.440883
2025-12-09 02:36:55 INFO     Training average sigma_mean at step 28200: 0.279478
2025-12-09 02:36:55 INFO     Training average regularization at step 28200: 0.006343
2025-12-09 02:36:55 INFO     Training average loss at step 28200: 2.254710
2025-12-09 02:37:50 INFO     Training average positive_fact_loss at step 28300: 0.299330
2025-12-09 02:37:50 INFO     Training average negative_fact_loss at step 28300: 0.276672
2025-12-09 02:37:50 INFO     Training average positive_rule_loss at step 28300: 1.699837
2025-12-09 02:37:50 INFO     Training average negative_rule_loss at step 28300: 2.115867
2025-12-09 02:37:50 INFO     Training average L_uncertainty at step 28300: 52.519411
2025-12-09 02:37:50 INFO     Training average L_kl at step 28300: 52055.417617
2025-12-09 02:37:50 INFO     Training average L_sigma at step 28300: 463.990637
2025-12-09 02:37:50 INFO     Training average mu_mean at step 28300: -2.439608
2025-12-09 02:37:50 INFO     Training average sigma_mean at step 28300: 0.279507
2025-12-09 02:37:50 INFO     Training average regularization at step 28300: 0.006344
2025-12-09 02:37:50 INFO     Training average loss at step 28300: 2.254717
2025-12-09 02:38:51 INFO     Training average positive_fact_loss at step 28400: 0.297940
2025-12-09 02:38:51 INFO     Training average negative_fact_loss at step 28400: 0.276928
2025-12-09 02:38:51 INFO     Training average positive_rule_loss at step 28400: 1.700437
2025-12-09 02:38:51 INFO     Training average negative_rule_loss at step 28400: 2.118302
2025-12-09 02:38:51 INFO     Training average L_uncertainty at step 28400: 52.568545
2025-12-09 02:38:51 INFO     Training average L_kl at step 28400: 52108.268555
2025-12-09 02:38:51 INFO     Training average L_sigma at step 28400: 460.273351
2025-12-09 02:38:51 INFO     Training average mu_mean at step 28400: -2.439719
2025-12-09 02:38:51 INFO     Training average sigma_mean at step 28400: 0.279402
2025-12-09 02:38:51 INFO     Training average regularization at step 28400: 0.006344
2025-12-09 02:38:51 INFO     Training average loss at step 28400: 2.255716
2025-12-09 02:39:47 INFO     Training average positive_fact_loss at step 28500: 0.299909
2025-12-09 02:39:47 INFO     Training average negative_fact_loss at step 28500: 0.276861
2025-12-09 02:39:47 INFO     Training average positive_rule_loss at step 28500: 1.703567
2025-12-09 02:39:47 INFO     Training average negative_rule_loss at step 28500: 2.111552
2025-12-09 02:39:47 INFO     Training average L_uncertainty at step 28500: 52.597714
2025-12-09 02:39:47 INFO     Training average L_kl at step 28500: 52126.665391
2025-12-09 02:39:47 INFO     Training average L_sigma at step 28500: 471.046500
2025-12-09 02:39:47 INFO     Training average mu_mean at step 28500: -2.443925
2025-12-09 02:39:47 INFO     Training average sigma_mean at step 28500: 0.279762
2025-12-09 02:39:47 INFO     Training average regularization at step 28500: 0.006342
2025-12-09 02:39:47 INFO     Training average loss at step 28500: 2.254885
2025-12-09 02:40:43 INFO     Training average positive_fact_loss at step 28600: 0.298382
2025-12-09 02:40:43 INFO     Training average negative_fact_loss at step 28600: 0.276887
2025-12-09 02:40:43 INFO     Training average positive_rule_loss at step 28600: 1.701513
2025-12-09 02:40:43 INFO     Training average negative_rule_loss at step 28600: 2.110264
2025-12-09 02:40:43 INFO     Training average L_uncertainty at step 28600: 52.614534
2025-12-09 02:40:43 INFO     Training average L_kl at step 28600: 52153.754180
2025-12-09 02:40:43 INFO     Training average L_sigma at step 28600: 460.776835
2025-12-09 02:40:43 INFO     Training average mu_mean at step 28600: -2.442775
2025-12-09 02:40:43 INFO     Training average sigma_mean at step 28600: 0.279419
2025-12-09 02:40:43 INFO     Training average regularization at step 28600: 0.006346
2025-12-09 02:40:43 INFO     Training average loss at step 28600: 2.252483
2025-12-09 02:41:34 INFO     Training average positive_fact_loss at step 28700: 0.298976
2025-12-09 02:41:34 INFO     Training average negative_fact_loss at step 28700: 0.276560
2025-12-09 02:41:34 INFO     Training average positive_rule_loss at step 28700: 1.701946
2025-12-09 02:41:34 INFO     Training average negative_rule_loss at step 28700: 2.111305
2025-12-09 02:41:34 INFO     Training average L_uncertainty at step 28700: 52.683569
2025-12-09 02:41:34 INFO     Training average L_kl at step 28700: 52225.789062
2025-12-09 02:41:34 INFO     Training average L_sigma at step 28700: 457.777558
2025-12-09 02:41:34 INFO     Training average mu_mean at step 28700: -2.444004
2025-12-09 02:41:34 INFO     Training average sigma_mean at step 28700: 0.279334
2025-12-09 02:41:34 INFO     Training average regularization at step 28700: 0.006346
2025-12-09 02:41:34 INFO     Training average loss at step 28700: 2.253423
2025-12-09 02:42:35 INFO     Training average positive_fact_loss at step 28800: 0.298955
2025-12-09 02:42:35 INFO     Training average negative_fact_loss at step 28800: 0.276770
2025-12-09 02:42:35 INFO     Training average positive_rule_loss at step 28800: 1.699620
2025-12-09 02:42:35 INFO     Training average negative_rule_loss at step 28800: 2.114087
2025-12-09 02:42:35 INFO     Training average L_uncertainty at step 28800: 52.600598
2025-12-09 02:42:35 INFO     Training average L_kl at step 28800: 52132.381992
2025-12-09 02:42:35 INFO     Training average L_sigma at step 28800: 468.214037
2025-12-09 02:42:35 INFO     Training average mu_mean at step 28800: -2.439854
2025-12-09 02:42:35 INFO     Training average sigma_mean at step 28800: 0.279695
2025-12-09 02:42:35 INFO     Training average regularization at step 28800: 0.006347
2025-12-09 02:42:35 INFO     Training average loss at step 28800: 2.253664
2025-12-09 02:43:31 INFO     Training average positive_fact_loss at step 28900: 0.299259
2025-12-09 02:43:31 INFO     Training average negative_fact_loss at step 28900: 0.276770
2025-12-09 02:43:31 INFO     Training average positive_rule_loss at step 28900: 1.700484
2025-12-09 02:43:31 INFO     Training average negative_rule_loss at step 28900: 2.113156
2025-12-09 02:43:31 INFO     Training average L_uncertainty at step 28900: 52.714229
2025-12-09 02:43:31 INFO     Training average L_kl at step 28900: 52252.743438
2025-12-09 02:43:31 INFO     Training average L_sigma at step 28900: 461.483006
2025-12-09 02:43:31 INFO     Training average mu_mean at step 28900: -2.442599
2025-12-09 02:43:31 INFO     Training average sigma_mean at step 28900: 0.279470
2025-12-09 02:43:31 INFO     Training average regularization at step 28900: 0.006346
2025-12-09 02:43:31 INFO     Training average loss at step 28900: 2.253894
2025-12-09 02:44:31 INFO     Training average positive_fact_loss at step 29000: 0.298801
2025-12-09 02:44:31 INFO     Training average negative_fact_loss at step 29000: 0.276957
2025-12-09 02:44:31 INFO     Training average positive_rule_loss at step 29000: 1.704757
2025-12-09 02:44:31 INFO     Training average negative_rule_loss at step 29000: 2.110550
2025-12-09 02:44:31 INFO     Training average L_uncertainty at step 29000: 52.641652
2025-12-09 02:44:31 INFO     Training average L_kl at step 29000: 52183.290898
2025-12-09 02:44:31 INFO     Training average L_sigma at step 29000: 458.358775
2025-12-09 02:44:31 INFO     Training average mu_mean at step 29000: -2.440753
2025-12-09 02:44:31 INFO     Training average sigma_mean at step 29000: 0.279379
2025-12-09 02:44:31 INFO     Training average regularization at step 29000: 0.006345
2025-12-09 02:44:31 INFO     Training average loss at step 29000: 2.254519
2025-12-09 02:44:31 INFO     Evaluating on Valid Dataset...
2025-12-09 02:44:31 INFO     >>>>> RuleE emb: Evaluating on valid
2025-12-09 02:44:41 INFO     Data : 4274
2025-12-09 02:44:41 INFO     Hit1 : 0.545391
2025-12-09 02:44:41 INFO     Hit3 : 0.779130
2025-12-09 02:44:41 INFO     Hit10: 0.942209
2025-12-09 02:44:41 INFO     MR   : 3.362424
2025-12-09 02:44:41 INFO     MRR  : 0.681288
2025-12-09 02:45:37 INFO     Training average positive_fact_loss at step 29100: 0.299086
2025-12-09 02:45:37 INFO     Training average negative_fact_loss at step 29100: 0.276739
2025-12-09 02:45:37 INFO     Training average positive_rule_loss at step 29100: 1.701342
2025-12-09 02:45:37 INFO     Training average negative_rule_loss at step 29100: 2.112289
2025-12-09 02:45:37 INFO     Training average L_uncertainty at step 29100: 52.635792
2025-12-09 02:45:37 INFO     Training average L_kl at step 29100: 52172.040430
2025-12-09 02:45:37 INFO     Training average L_sigma at step 29100: 463.749878
2025-12-09 02:45:37 INFO     Training average mu_mean at step 29100: -2.442050
2025-12-09 02:45:37 INFO     Training average sigma_mean at step 29100: 0.279542
2025-12-09 02:45:37 INFO     Training average regularization at step 29100: 0.006344
2025-12-09 02:45:37 INFO     Training average loss at step 29100: 2.253709
2025-12-09 02:46:37 INFO     Training average positive_fact_loss at step 29200: 0.298760
2025-12-09 02:46:37 INFO     Training average negative_fact_loss at step 29200: 0.276873
2025-12-09 02:46:37 INFO     Training average positive_rule_loss at step 29200: 1.699383
2025-12-09 02:46:37 INFO     Training average negative_rule_loss at step 29200: 2.119738
2025-12-09 02:46:37 INFO     Training average L_uncertainty at step 29200: 52.450792
2025-12-09 02:46:37 INFO     Training average L_kl at step 29200: 51984.928594
2025-12-09 02:46:37 INFO     Training average L_sigma at step 29200: 465.860996
2025-12-09 02:46:37 INFO     Training average mu_mean at step 29200: -2.434262
2025-12-09 02:46:37 INFO     Training average sigma_mean at step 29200: 0.279593
2025-12-09 02:46:37 INFO     Training average regularization at step 29200: 0.006348
2025-12-09 02:46:37 INFO     Training average loss at step 29200: 2.256176
2025-12-09 02:47:24 INFO     Training average positive_fact_loss at step 29300: 0.299041
2025-12-09 02:47:24 INFO     Training average negative_fact_loss at step 29300: 0.276606
2025-12-09 02:47:24 INFO     Training average positive_rule_loss at step 29300: 1.698435
2025-12-09 02:47:24 INFO     Training average negative_rule_loss at step 29300: 2.116696
2025-12-09 02:47:24 INFO     Training average L_uncertainty at step 29300: 52.522938
2025-12-09 02:47:24 INFO     Training average L_kl at step 29300: 52060.539961
2025-12-09 02:47:24 INFO     Training average L_sigma at step 29300: 462.394769
2025-12-09 02:47:24 INFO     Training average mu_mean at step 29300: -2.434651
2025-12-09 02:47:24 INFO     Training average sigma_mean at step 29300: 0.279492
2025-12-09 02:47:24 INFO     Training average regularization at step 29300: 0.006346
2025-12-09 02:47:24 INFO     Training average loss at step 29300: 2.254258
2025-12-09 02:48:24 INFO     Training average positive_fact_loss at step 29400: 0.298215
2025-12-09 02:48:24 INFO     Training average negative_fact_loss at step 29400: 0.276799
2025-12-09 02:48:24 INFO     Training average positive_rule_loss at step 29400: 1.699970
2025-12-09 02:48:24 INFO     Training average negative_rule_loss at step 29400: 2.116270
2025-12-09 02:48:24 INFO     Training average L_uncertainty at step 29400: 52.543404
2025-12-09 02:48:24 INFO     Training average L_kl at step 29400: 52077.973242
2025-12-09 02:48:24 INFO     Training average L_sigma at step 29400: 465.428201
2025-12-09 02:48:24 INFO     Training average mu_mean at step 29400: -2.433358
2025-12-09 02:48:24 INFO     Training average sigma_mean at step 29400: 0.279615
2025-12-09 02:48:24 INFO     Training average regularization at step 29400: 0.006348
2025-12-09 02:48:24 INFO     Training average loss at step 29400: 2.254519
2025-12-09 02:49:20 INFO     Training average positive_fact_loss at step 29500: 0.298813
2025-12-09 02:49:20 INFO     Training average negative_fact_loss at step 29500: 0.276501
2025-12-09 02:49:20 INFO     Training average positive_rule_loss at step 29500: 1.697932
2025-12-09 02:49:20 INFO     Training average negative_rule_loss at step 29500: 2.116633
2025-12-09 02:49:20 INFO     Training average L_uncertainty at step 29500: 52.530225
2025-12-09 02:49:20 INFO     Training average L_kl at step 29500: 52068.755273
2025-12-09 02:49:20 INFO     Training average L_sigma at step 29500: 461.466952
2025-12-09 02:49:20 INFO     Training average mu_mean at step 29500: -2.433135
2025-12-09 02:49:20 INFO     Training average sigma_mean at step 29500: 0.279496
2025-12-09 02:49:20 INFO     Training average regularization at step 29500: 0.006349
2025-12-09 02:49:20 INFO     Training average loss at step 29500: 2.253819
2025-12-09 02:50:21 INFO     Training average positive_fact_loss at step 29600: 0.298841
2025-12-09 02:50:21 INFO     Training average negative_fact_loss at step 29600: 0.276641
2025-12-09 02:50:21 INFO     Training average positive_rule_loss at step 29600: 1.701838
2025-12-09 02:50:21 INFO     Training average negative_rule_loss at step 29600: 2.111184
2025-12-09 02:50:21 INFO     Training average L_uncertainty at step 29600: 52.653658
2025-12-09 02:50:21 INFO     Training average L_kl at step 29600: 52196.344219
2025-12-09 02:50:21 INFO     Training average L_sigma at step 29600: 457.311266
2025-12-09 02:50:21 INFO     Training average mu_mean at step 29600: -2.437411
2025-12-09 02:50:21 INFO     Training average sigma_mean at step 29600: 0.279354
2025-12-09 02:50:21 INFO     Training average regularization at step 29600: 0.006349
2025-12-09 02:50:21 INFO     Training average loss at step 29600: 2.253255
2025-12-09 02:51:16 INFO     Training average positive_fact_loss at step 29700: 0.298675
2025-12-09 02:51:16 INFO     Training average negative_fact_loss at step 29700: 0.276814
2025-12-09 02:51:16 INFO     Training average positive_rule_loss at step 29700: 1.700198
2025-12-09 02:51:16 INFO     Training average negative_rule_loss at step 29700: 2.112597
2025-12-09 02:51:16 INFO     Training average L_uncertainty at step 29700: 52.707006
2025-12-09 02:51:16 INFO     Training average L_kl at step 29700: 52243.760781
2025-12-09 02:51:16 INFO     Training average L_sigma at step 29700: 463.242359
2025-12-09 02:51:16 INFO     Training average mu_mean at step 29700: -2.439875
2025-12-09 02:51:16 INFO     Training average sigma_mean at step 29700: 0.279566
2025-12-09 02:51:16 INFO     Training average regularization at step 29700: 0.006349
2025-12-09 02:51:16 INFO     Training average loss at step 29700: 2.253198
2025-12-09 02:52:17 INFO     Training average positive_fact_loss at step 29800: 0.299781
2025-12-09 02:52:17 INFO     Training average negative_fact_loss at step 29800: 0.276781
2025-12-09 02:52:17 INFO     Training average positive_rule_loss at step 29800: 1.698989
2025-12-09 02:52:17 INFO     Training average negative_rule_loss at step 29800: 2.115652
2025-12-09 02:52:17 INFO     Training average L_uncertainty at step 29800: 52.532759
2025-12-09 02:52:17 INFO     Training average L_kl at step 29800: 52071.674727
2025-12-09 02:52:17 INFO     Training average L_sigma at step 29800: 461.081518
2025-12-09 02:52:17 INFO     Training average mu_mean at step 29800: -2.433565
2025-12-09 02:52:17 INFO     Training average sigma_mean at step 29800: 0.279478
2025-12-09 02:52:17 INFO     Training average regularization at step 29800: 0.006351
2025-12-09 02:52:17 INFO     Training average loss at step 29800: 2.254485
2025-12-09 02:53:08 INFO     Training average positive_fact_loss at step 29900: 0.298457
2025-12-09 02:53:08 INFO     Training average negative_fact_loss at step 29900: 0.277005
2025-12-09 02:53:08 INFO     Training average positive_rule_loss at step 29900: 1.700580
2025-12-09 02:53:08 INFO     Training average negative_rule_loss at step 29900: 2.113491
2025-12-09 02:53:08 INFO     Training average L_uncertainty at step 29900: 52.663205
2025-12-09 02:53:08 INFO     Training average L_kl at step 29900: 52204.624687
2025-12-09 02:53:08 INFO     Training average L_sigma at step 29900: 458.577687
2025-12-09 02:53:08 INFO     Training average mu_mean at step 29900: -2.438205
2025-12-09 02:53:08 INFO     Training average sigma_mean at step 29900: 0.279411
2025-12-09 02:53:08 INFO     Training average regularization at step 29900: 0.006351
2025-12-09 02:53:08 INFO     Training average loss at step 29900: 2.253781
2025-12-09 02:54:05 INFO     Training average positive_fact_loss at step 30000: 0.299325
2025-12-09 02:54:05 INFO     Training average negative_fact_loss at step 30000: 0.276719
2025-12-09 02:54:05 INFO     Training average positive_rule_loss at step 30000: 1.701395
2025-12-09 02:54:05 INFO     Training average negative_rule_loss at step 30000: 2.108864
2025-12-09 02:54:05 INFO     Training average L_uncertainty at step 30000: 52.695244
2025-12-09 02:54:05 INFO     Training average L_kl at step 30000: 52237.716133
2025-12-09 02:54:05 INFO     Training average L_sigma at step 30000: 457.525790
2025-12-09 02:54:05 INFO     Training average mu_mean at step 30000: -2.439268
2025-12-09 02:54:05 INFO     Training average sigma_mean at step 30000: 0.279392
2025-12-09 02:54:05 INFO     Training average regularization at step 30000: 0.006351
2025-12-09 02:54:05 INFO     Training average loss at step 30000: 2.252198
2025-12-09 02:54:05 INFO     Evaluating on Valid Dataset...
2025-12-09 02:54:05 INFO     >>>>> RuleE emb: Evaluating on valid
2025-12-09 02:54:15 INFO     Data : 4274
2025-12-09 02:54:15 INFO     Hit1 : 0.541647
2025-12-09 02:54:15 INFO     Hit3 : 0.777960
2025-12-09 02:54:15 INFO     Hit10: 0.941507
2025-12-09 02:54:15 INFO     MR   : 3.373421
2025-12-09 02:54:15 INFO     MRR  : 0.679011
2025-12-09 02:55:10 INFO     Training average positive_fact_loss at step 30100: 0.298683
2025-12-09 02:55:10 INFO     Training average negative_fact_loss at step 30100: 0.276853
2025-12-09 02:55:10 INFO     Training average positive_rule_loss at step 30100: 1.701987
2025-12-09 02:55:10 INFO     Training average negative_rule_loss at step 30100: 2.110616
2025-12-09 02:55:10 INFO     Training average L_uncertainty at step 30100: 52.669453
2025-12-09 02:55:10 INFO     Training average L_kl at step 30100: 52205.708086
2025-12-09 02:55:10 INFO     Training average L_sigma at step 30100: 463.742446
2025-12-09 02:55:10 INFO     Training average mu_mean at step 30100: -2.438968
2025-12-09 02:55:10 INFO     Training average sigma_mean at step 30100: 0.279584
2025-12-09 02:55:10 INFO     Training average regularization at step 30100: 0.006351
2025-12-09 02:55:10 INFO     Training average loss at step 30100: 2.253089
2025-12-09 02:56:11 INFO     Training average positive_fact_loss at step 30200: 0.299345
2025-12-09 02:56:11 INFO     Training average negative_fact_loss at step 30200: 0.276738
2025-12-09 02:56:11 INFO     Training average positive_rule_loss at step 30200: 1.701857
2025-12-09 02:56:11 INFO     Training average negative_rule_loss at step 30200: 2.109396
2025-12-09 02:56:11 INFO     Training average L_uncertainty at step 30200: 52.646701
2025-12-09 02:56:11 INFO     Training average L_kl at step 30200: 52186.478945
2025-12-09 02:56:11 INFO     Training average L_sigma at step 30200: 460.219136
2025-12-09 02:56:11 INFO     Training average mu_mean at step 30200: -2.439469
2025-12-09 02:56:11 INFO     Training average sigma_mean at step 30200: 0.279463
2025-12-09 02:56:11 INFO     Training average regularization at step 30200: 0.006349
2025-12-09 02:56:11 INFO     Training average loss at step 30200: 2.252664
2025-12-09 02:57:06 INFO     Training average positive_fact_loss at step 30300: 0.298645
2025-12-09 02:57:06 INFO     Training average negative_fact_loss at step 30300: 0.276875
2025-12-09 02:57:06 INFO     Training average positive_rule_loss at step 30300: 1.698798
2025-12-09 02:57:06 INFO     Training average negative_rule_loss at step 30300: 2.117051
2025-12-09 02:57:06 INFO     Training average L_uncertainty at step 30300: 52.526498
2025-12-09 02:57:06 INFO     Training average L_kl at step 30300: 52067.418203
2025-12-09 02:57:06 INFO     Training average L_sigma at step 30300: 459.077141
2025-12-09 02:57:06 INFO     Training average mu_mean at step 30300: -2.432109
2025-12-09 02:57:06 INFO     Training average sigma_mean at step 30300: 0.279416
2025-12-09 02:57:06 INFO     Training average regularization at step 30300: 0.006348
2025-12-09 02:57:06 INFO     Training average loss at step 30300: 2.254559
2025-12-09 02:58:06 INFO     Training average positive_fact_loss at step 30400: 0.299594
2025-12-09 02:58:06 INFO     Training average negative_fact_loss at step 30400: 0.276677
2025-12-09 02:58:06 INFO     Training average positive_rule_loss at step 30400: 1.700626
2025-12-09 02:58:06 INFO     Training average negative_rule_loss at step 30400: 2.110040
2025-12-09 02:58:06 INFO     Training average L_uncertainty at step 30400: 52.691671
2025-12-09 02:58:06 INFO     Training average L_kl at step 30400: 52232.261641
2025-12-09 02:58:06 INFO     Training average L_sigma at step 30400: 459.406540
2025-12-09 02:58:06 INFO     Training average mu_mean at step 30400: -2.438626
2025-12-09 02:58:06 INFO     Training average sigma_mean at step 30400: 0.279444
2025-12-09 02:58:06 INFO     Training average regularization at step 30400: 0.006349
2025-12-09 02:58:06 INFO     Training average loss at step 30400: 2.252509
2025-12-09 02:59:02 INFO     Training average positive_fact_loss at step 30500: 0.298854
2025-12-09 02:59:02 INFO     Training average negative_fact_loss at step 30500: 0.276670
2025-12-09 02:59:02 INFO     Training average positive_rule_loss at step 30500: 1.698918
2025-12-09 02:59:02 INFO     Training average negative_rule_loss at step 30500: 2.112659
2025-12-09 02:59:02 INFO     Training average L_uncertainty at step 30500: 52.686533
2025-12-09 02:59:02 INFO     Training average L_kl at step 30500: 52226.897969
2025-12-09 02:59:02 INFO     Training average L_sigma at step 30500: 459.632755
2025-12-09 02:59:02 INFO     Training average mu_mean at step 30500: -2.436159
2025-12-09 02:59:02 INFO     Training average sigma_mean at step 30500: 0.279454
2025-12-09 02:59:02 INFO     Training average regularization at step 30500: 0.006347
2025-12-09 02:59:02 INFO     Training average loss at step 30500: 2.252584
2025-12-09 02:59:54 INFO     Training average positive_fact_loss at step 30600: 0.298682
2025-12-09 02:59:54 INFO     Training average negative_fact_loss at step 30600: 0.276854
2025-12-09 02:59:54 INFO     Training average positive_rule_loss at step 30600: 1.700500
2025-12-09 02:59:54 INFO     Training average negative_rule_loss at step 30600: 2.113249
2025-12-09 02:59:54 INFO     Training average L_uncertainty at step 30600: 52.549616
2025-12-09 02:59:54 INFO     Training average L_kl at step 30600: 52093.165859
2025-12-09 02:59:54 INFO     Training average L_sigma at step 30600: 456.447428
2025-12-09 02:59:54 INFO     Training average mu_mean at step 30600: -2.431535
2025-12-09 02:59:54 INFO     Training average sigma_mean at step 30600: 0.279359
2025-12-09 02:59:54 INFO     Training average regularization at step 30600: 0.006348
2025-12-09 02:59:54 INFO     Training average loss at step 30600: 2.253540
2025-12-09 03:00:50 INFO     Training average positive_fact_loss at step 30700: 0.298763
2025-12-09 03:00:50 INFO     Training average negative_fact_loss at step 30700: 0.276809
2025-12-09 03:00:50 INFO     Training average positive_rule_loss at step 30700: 1.698887
2025-12-09 03:00:50 INFO     Training average negative_rule_loss at step 30700: 2.113296
2025-12-09 03:00:50 INFO     Training average L_uncertainty at step 30700: 52.677925
2025-12-09 03:00:50 INFO     Training average L_kl at step 30700: 52213.993281
2025-12-09 03:00:50 INFO     Training average L_sigma at step 30700: 463.928445
2025-12-09 03:00:50 INFO     Training average mu_mean at step 30700: -2.435503
2025-12-09 03:00:50 INFO     Training average sigma_mean at step 30700: 0.279622
2025-12-09 03:00:50 INFO     Training average regularization at step 30700: 0.006350
2025-12-09 03:00:50 INFO     Training average loss at step 30700: 2.252906
2025-12-09 03:01:50 INFO     Training average positive_fact_loss at step 30800: 0.298582
2025-12-09 03:01:50 INFO     Training average negative_fact_loss at step 30800: 0.276729
2025-12-09 03:01:50 INFO     Training average positive_rule_loss at step 30800: 1.698709
2025-12-09 03:01:50 INFO     Training average negative_rule_loss at step 30800: 2.111764
2025-12-09 03:01:50 INFO     Training average L_uncertainty at step 30800: 52.532709
2025-12-09 03:01:50 INFO     Training average L_kl at step 30800: 52070.188867
2025-12-09 03:01:50 INFO     Training average L_sigma at step 30800: 462.517339
2025-12-09 03:01:50 INFO     Training average mu_mean at step 30800: -2.428074
2025-12-09 03:01:50 INFO     Training average sigma_mean at step 30800: 0.279586
2025-12-09 03:01:50 INFO     Training average regularization at step 30800: 0.006350
2025-12-09 03:01:50 INFO     Training average loss at step 30800: 2.251775
2025-12-09 03:02:45 INFO     Training average positive_fact_loss at step 30900: 0.298726
2025-12-09 03:02:45 INFO     Training average negative_fact_loss at step 30900: 0.276636
2025-12-09 03:02:45 INFO     Training average positive_rule_loss at step 30900: 1.701861
2025-12-09 03:02:45 INFO     Training average negative_rule_loss at step 30900: 2.110921
2025-12-09 03:02:45 INFO     Training average L_uncertainty at step 30900: 52.749877
2025-12-09 03:02:45 INFO     Training average L_kl at step 30900: 52284.787656
2025-12-09 03:02:45 INFO     Training average L_sigma at step 30900: 465.086699
2025-12-09 03:02:45 INFO     Training average mu_mean at step 30900: -2.437570
2025-12-09 03:02:45 INFO     Training average sigma_mean at step 30900: 0.279669
2025-12-09 03:02:45 INFO     Training average regularization at step 30900: 0.006352
2025-12-09 03:02:45 INFO     Training average loss at step 30900: 2.253173
2025-12-09 03:03:46 INFO     Training average positive_fact_loss at step 31000: 0.299347
2025-12-09 03:03:46 INFO     Training average negative_fact_loss at step 31000: 0.276689
2025-12-09 03:03:46 INFO     Training average positive_rule_loss at step 31000: 1.700466
2025-12-09 03:03:46 INFO     Training average negative_rule_loss at step 31000: 2.108200
2025-12-09 03:03:46 INFO     Training average L_uncertainty at step 31000: 52.635218
2025-12-09 03:03:46 INFO     Training average L_kl at step 31000: 52175.644180
2025-12-09 03:03:46 INFO     Training average L_sigma at step 31000: 459.570804
2025-12-09 03:03:46 INFO     Training average mu_mean at step 31000: -2.434014
2025-12-09 03:03:46 INFO     Training average sigma_mean at step 31000: 0.279500
2025-12-09 03:03:46 INFO     Training average regularization at step 31000: 0.006351
2025-12-09 03:03:46 INFO     Training average loss at step 31000: 2.251337
2025-12-09 03:03:46 INFO     Evaluating on Valid Dataset...
2025-12-09 03:03:46 INFO     >>>>> RuleE emb: Evaluating on valid
2025-12-09 03:03:56 INFO     Data : 4274
2025-12-09 03:03:56 INFO     Hit1 : 0.546327
2025-12-09 03:03:56 INFO     Hit3 : 0.777726
2025-12-09 03:03:56 INFO     Hit10: 0.943379
2025-12-09 03:03:56 INFO     MR   : 3.371783
2025-12-09 03:03:56 INFO     MRR  : 0.681078
2025-12-09 03:04:52 INFO     Training average positive_fact_loss at step 31100: 0.299061
2025-12-09 03:04:52 INFO     Training average negative_fact_loss at step 31100: 0.276942
2025-12-09 03:04:52 INFO     Training average positive_rule_loss at step 31100: 1.700273
2025-12-09 03:04:52 INFO     Training average negative_rule_loss at step 31100: 2.111728
2025-12-09 03:04:52 INFO     Training average L_uncertainty at step 31100: 52.661379
2025-12-09 03:04:52 INFO     Training average L_kl at step 31100: 52203.486797
2025-12-09 03:04:52 INFO     Training average L_sigma at step 31100: 457.889593
2025-12-09 03:04:52 INFO     Training average mu_mean at step 31100: -2.433687
2025-12-09 03:04:52 INFO     Training average sigma_mean at step 31100: 0.279443
2025-12-09 03:04:52 INFO     Training average regularization at step 31100: 0.006352
2025-12-09 03:04:52 INFO     Training average loss at step 31100: 2.253015
2025-12-09 03:05:47 INFO     Training average positive_fact_loss at step 31200: 0.298506
2025-12-09 03:05:47 INFO     Training average negative_fact_loss at step 31200: 0.276689
2025-12-09 03:05:47 INFO     Training average positive_rule_loss at step 31200: 1.698019
2025-12-09 03:05:47 INFO     Training average negative_rule_loss at step 31200: 2.113256
2025-12-09 03:05:47 INFO     Training average L_uncertainty at step 31200: 52.593251
2025-12-09 03:05:47 INFO     Training average L_kl at step 31200: 52133.160234
2025-12-09 03:05:47 INFO     Training average L_sigma at step 31200: 460.087964
2025-12-09 03:05:47 INFO     Training average mu_mean at step 31200: -2.430224
2025-12-09 03:05:47 INFO     Training average sigma_mean at step 31200: 0.279516
2025-12-09 03:05:47 INFO     Training average regularization at step 31200: 0.006353
2025-12-09 03:05:47 INFO     Training average loss at step 31200: 2.252181
2025-12-09 03:06:39 INFO     Training average positive_fact_loss at step 31300: 0.299253
2025-12-09 03:06:39 INFO     Training average negative_fact_loss at step 31300: 0.276749
2025-12-09 03:06:39 INFO     Training average positive_rule_loss at step 31300: 1.701114
2025-12-09 03:06:39 INFO     Training average negative_rule_loss at step 31300: 2.107103
2025-12-09 03:06:39 INFO     Training average L_uncertainty at step 31300: 52.706096
2025-12-09 03:06:39 INFO     Training average L_kl at step 31300: 52246.454219
2025-12-09 03:06:39 INFO     Training average L_sigma at step 31300: 459.639772
2025-12-09 03:06:39 INFO     Training average mu_mean at step 31300: -2.434503
2025-12-09 03:06:39 INFO     Training average sigma_mean at step 31300: 0.279498
2025-12-09 03:06:39 INFO     Training average regularization at step 31300: 0.006353
2025-12-09 03:06:39 INFO     Training average loss at step 31300: 2.251169
2025-12-09 03:07:39 INFO     Training average positive_fact_loss at step 31400: 0.298679
2025-12-09 03:07:39 INFO     Training average negative_fact_loss at step 31400: 0.276811
2025-12-09 03:07:39 INFO     Training average positive_rule_loss at step 31400: 1.698391
2025-12-09 03:07:39 INFO     Training average negative_rule_loss at step 31400: 2.112829
2025-12-09 03:07:39 INFO     Training average L_uncertainty at step 31400: 52.695211
2025-12-09 03:07:39 INFO     Training average L_kl at step 31400: 52236.348242
2025-12-09 03:07:39 INFO     Training average L_sigma at step 31400: 458.860942
2025-12-09 03:07:39 INFO     Training average mu_mean at step 31400: -2.433269
2025-12-09 03:07:39 INFO     Training average sigma_mean at step 31400: 0.279477
2025-12-09 03:07:39 INFO     Training average regularization at step 31400: 0.006353
2025-12-09 03:07:39 INFO     Training average loss at step 31400: 2.252403
2025-12-09 03:08:35 INFO     Training average positive_fact_loss at step 31500: 0.298975
2025-12-09 03:08:35 INFO     Training average negative_fact_loss at step 31500: 0.276803
2025-12-09 03:08:35 INFO     Training average positive_rule_loss at step 31500: 1.699700
2025-12-09 03:08:35 INFO     Training average negative_rule_loss at step 31500: 2.110123
2025-12-09 03:08:35 INFO     Training average L_uncertainty at step 31500: 52.646077
2025-12-09 03:08:35 INFO     Training average L_kl at step 31500: 52187.010156
2025-12-09 03:08:35 INFO     Training average L_sigma at step 31500: 459.064661
2025-12-09 03:08:35 INFO     Training average mu_mean at step 31500: -2.430638
2025-12-09 03:08:35 INFO     Training average sigma_mean at step 31500: 0.279495
2025-12-09 03:08:35 INFO     Training average regularization at step 31500: 0.006353
2025-12-09 03:08:35 INFO     Training average loss at step 31500: 2.251799
2025-12-09 03:09:35 INFO     Training average positive_fact_loss at step 31600: 0.299047
2025-12-09 03:09:35 INFO     Training average negative_fact_loss at step 31600: 0.276776
2025-12-09 03:09:35 INFO     Training average positive_rule_loss at step 31600: 1.702458
2025-12-09 03:09:35 INFO     Training average negative_rule_loss at step 31600: 2.110662
2025-12-09 03:09:35 INFO     Training average L_uncertainty at step 31600: 52.741600
2025-12-09 03:09:35 INFO     Training average L_kl at step 31600: 52276.284336
2025-12-09 03:09:35 INFO     Training average L_sigma at step 31600: 465.313106
2025-12-09 03:09:35 INFO     Training average mu_mean at step 31600: -2.435859
2025-12-09 03:09:35 INFO     Training average sigma_mean at step 31600: 0.279722
2025-12-09 03:09:35 INFO     Training average regularization at step 31600: 0.006354
2025-12-09 03:09:35 INFO     Training average loss at step 31600: 2.253567
2025-12-09 03:10:31 INFO     Training average positive_fact_loss at step 31700: 0.298443
2025-12-09 03:10:31 INFO     Training average negative_fact_loss at step 31700: 0.276764
2025-12-09 03:10:31 INFO     Training average positive_rule_loss at step 31700: 1.699947
2025-12-09 03:10:31 INFO     Training average negative_rule_loss at step 31700: 2.111420
2025-12-09 03:10:31 INFO     Training average L_uncertainty at step 31700: 52.549725
2025-12-09 03:10:31 INFO     Training average L_kl at step 31700: 52088.417695
2025-12-09 03:10:31 INFO     Training average L_sigma at step 31700: 461.304759
2025-12-09 03:10:31 INFO     Training average mu_mean at step 31700: -2.429678
2025-12-09 03:10:31 INFO     Training average sigma_mean at step 31700: 0.279575
2025-12-09 03:10:31 INFO     Training average regularization at step 31700: 0.006353
2025-12-09 03:10:31 INFO     Training average loss at step 31700: 2.252190
2025-12-09 03:11:32 INFO     Training average positive_fact_loss at step 31800: 0.298603
2025-12-09 03:11:32 INFO     Training average negative_fact_loss at step 31800: 0.276651
2025-12-09 03:11:32 INFO     Training average positive_rule_loss at step 31800: 1.702495
2025-12-09 03:11:32 INFO     Training average negative_rule_loss at step 31800: 2.105186
2025-12-09 03:11:32 INFO     Training average L_uncertainty at step 31800: 52.672006
2025-12-09 03:11:32 INFO     Training average L_kl at step 31800: 52208.443437
2025-12-09 03:11:32 INFO     Training average L_sigma at step 31800: 463.559682
2025-12-09 03:11:32 INFO     Training average mu_mean at step 31800: -2.433507
2025-12-09 03:11:32 INFO     Training average sigma_mean at step 31800: 0.279658
2025-12-09 03:11:32 INFO     Training average regularization at step 31800: 0.006354
2025-12-09 03:11:32 INFO     Training average loss at step 31800: 2.250494
2025-12-09 03:12:19 INFO     Training average positive_fact_loss at step 31900: 0.299326
2025-12-09 03:12:19 INFO     Training average negative_fact_loss at step 31900: 0.276726
2025-12-09 03:12:19 INFO     Training average positive_rule_loss at step 31900: 1.699910
2025-12-09 03:12:19 INFO     Training average negative_rule_loss at step 31900: 2.110239
2025-12-09 03:12:19 INFO     Training average L_uncertainty at step 31900: 52.764946
2025-12-09 03:12:19 INFO     Training average L_kl at step 31900: 52311.354531
2025-12-09 03:12:19 INFO     Training average L_sigma at step 31900: 453.588705
2025-12-09 03:12:19 INFO     Training average mu_mean at step 31900: -2.437808
2025-12-09 03:12:19 INFO     Training average sigma_mean at step 31900: 0.279325
2025-12-09 03:12:19 INFO     Training average regularization at step 31900: 0.006355
2025-12-09 03:12:19 INFO     Training average loss at step 31900: 2.252221
2025-12-09 03:13:19 INFO     Training average positive_fact_loss at step 32000: 0.298717
2025-12-09 03:13:19 INFO     Training average negative_fact_loss at step 32000: 0.276530
2025-12-09 03:13:19 INFO     Training average positive_rule_loss at step 32000: 1.698890
2025-12-09 03:13:19 INFO     Training average negative_rule_loss at step 32000: 2.114155
2025-12-09 03:13:19 INFO     Training average L_uncertainty at step 32000: 52.574468
2025-12-09 03:13:19 INFO     Training average L_kl at step 32000: 52115.773672
2025-12-09 03:13:19 INFO     Training average L_sigma at step 32000: 458.692677
2025-12-09 03:13:19 INFO     Training average mu_mean at step 32000: -2.429210
2025-12-09 03:13:19 INFO     Training average sigma_mean at step 32000: 0.279507
2025-12-09 03:13:19 INFO     Training average regularization at step 32000: 0.006354
2025-12-09 03:13:19 INFO     Training average loss at step 32000: 2.253074
2025-12-09 03:13:19 INFO     Evaluating on Valid Dataset...
2025-12-09 03:13:19 INFO     >>>>> RuleE emb: Evaluating on valid
2025-12-09 03:13:29 INFO     Data : 4274
2025-12-09 03:13:29 INFO     Hit1 : 0.549368
2025-12-09 03:13:29 INFO     Hit3 : 0.776556
2025-12-09 03:13:29 INFO     Hit10: 0.943145
2025-12-09 03:13:29 INFO     MR   : 3.373421
2025-12-09 03:13:29 INFO     MRR  : 0.682441
2025-12-09 03:14:27 INFO     Training average positive_fact_loss at step 32100: 0.298821
2025-12-09 03:14:27 INFO     Training average negative_fact_loss at step 32100: 0.276949
2025-12-09 03:14:27 INFO     Training average positive_rule_loss at step 32100: 1.698828
2025-12-09 03:14:27 INFO     Training average negative_rule_loss at step 32100: 2.107379
2025-12-09 03:14:27 INFO     Training average L_uncertainty at step 32100: 52.663211
2025-12-09 03:14:27 INFO     Training average L_kl at step 32100: 52201.619375
2025-12-09 03:14:27 INFO     Training average L_sigma at step 32100: 461.589391
2025-12-09 03:14:27 INFO     Training average mu_mean at step 32100: -2.431032
2025-12-09 03:14:27 INFO     Training average sigma_mean at step 32100: 0.279617
2025-12-09 03:14:27 INFO     Training average regularization at step 32100: 0.006356
2025-12-09 03:14:27 INFO     Training average loss at step 32100: 2.250007
2025-12-09 03:15:28 INFO     Training average positive_fact_loss at step 32200: 0.298998
2025-12-09 03:15:28 INFO     Training average negative_fact_loss at step 32200: 0.276525
2025-12-09 03:15:28 INFO     Training average positive_rule_loss at step 32200: 1.699048
2025-12-09 03:15:28 INFO     Training average negative_rule_loss at step 32200: 2.109425
2025-12-09 03:15:28 INFO     Training average L_uncertainty at step 32200: 52.731290
2025-12-09 03:15:28 INFO     Training average L_kl at step 32200: 52274.700156
2025-12-09 03:15:28 INFO     Training average L_sigma at step 32200: 456.587521
2025-12-09 03:15:28 INFO     Training average mu_mean at step 32200: -2.430505
2025-12-09 03:15:28 INFO     Training average sigma_mean at step 32200: 0.279457
2025-12-09 03:15:28 INFO     Training average regularization at step 32200: 0.006354
2025-12-09 03:15:28 INFO     Training average loss at step 32200: 2.251083
2025-12-09 03:16:23 INFO     Training average positive_fact_loss at step 32300: 0.298939
2025-12-09 03:16:23 INFO     Training average negative_fact_loss at step 32300: 0.276926
2025-12-09 03:16:23 INFO     Training average positive_rule_loss at step 32300: 1.700768
2025-12-09 03:16:23 INFO     Training average negative_rule_loss at step 32300: 2.111111
2025-12-09 03:16:23 INFO     Training average L_uncertainty at step 32300: 52.590110
2025-12-09 03:16:23 INFO     Training average L_kl at step 32300: 52130.810977
2025-12-09 03:16:23 INFO     Training average L_sigma at step 32300: 459.296421
2025-12-09 03:16:23 INFO     Training average mu_mean at step 32300: -2.426951
2025-12-09 03:16:23 INFO     Training average sigma_mean at step 32300: 0.279546
2025-12-09 03:16:23 INFO     Training average regularization at step 32300: 0.006354
2025-12-09 03:16:23 INFO     Training average loss at step 32300: 2.252816
2025-12-09 03:17:24 INFO     Training average positive_fact_loss at step 32400: 0.299201
2025-12-09 03:17:24 INFO     Training average negative_fact_loss at step 32400: 0.276409
2025-12-09 03:17:24 INFO     Training average positive_rule_loss at step 32400: 1.699206
2025-12-09 03:17:24 INFO     Training average negative_rule_loss at step 32400: 2.114411
2025-12-09 03:17:24 INFO     Training average L_uncertainty at step 32400: 52.553098
2025-12-09 03:17:24 INFO     Training average L_kl at step 32400: 52095.477969
2025-12-09 03:17:24 INFO     Training average L_sigma at step 32400: 457.616998
2025-12-09 03:17:24 INFO     Training average mu_mean at step 32400: -2.425129
2025-12-09 03:17:24 INFO     Training average sigma_mean at step 32400: 0.279479
2025-12-09 03:17:24 INFO     Training average regularization at step 32400: 0.006355
2025-12-09 03:17:24 INFO     Training average loss at step 32400: 2.253521
2025-12-09 03:18:15 INFO     Training average positive_fact_loss at step 32500: 0.298562
2025-12-09 03:18:15 INFO     Training average negative_fact_loss at step 32500: 0.276870
2025-12-09 03:18:15 INFO     Training average positive_rule_loss at step 32500: 1.701946
2025-12-09 03:18:15 INFO     Training average negative_rule_loss at step 32500: 2.105015
2025-12-09 03:18:15 INFO     Training average L_uncertainty at step 32500: 52.696490
2025-12-09 03:18:15 INFO     Training average L_kl at step 32500: 52235.716211
2025-12-09 03:18:15 INFO     Training average L_sigma at step 32500: 460.771550
2025-12-09 03:18:15 INFO     Training average mu_mean at step 32500: -2.431086
2025-12-09 03:18:15 INFO     Training average sigma_mean at step 32500: 0.279594
2025-12-09 03:18:15 INFO     Training average regularization at step 32500: 0.006356
2025-12-09 03:18:15 INFO     Training average loss at step 32500: 2.250249
2025-12-09 03:19:11 INFO     Training average positive_fact_loss at step 32600: 0.298694
2025-12-09 03:19:11 INFO     Training average negative_fact_loss at step 32600: 0.276728
2025-12-09 03:19:11 INFO     Training average positive_rule_loss at step 32600: 1.700999
2025-12-09 03:19:11 INFO     Training average negative_rule_loss at step 32600: 2.107377
2025-12-09 03:19:11 INFO     Training average L_uncertainty at step 32600: 52.726857
2025-12-09 03:19:11 INFO     Training average L_kl at step 32600: 52266.229063
2025-12-09 03:19:11 INFO     Training average L_sigma at step 32600: 460.625555
2025-12-09 03:19:11 INFO     Training average mu_mean at step 32600: -2.432698
2025-12-09 03:19:11 INFO     Training average sigma_mean at step 32600: 0.279586
2025-12-09 03:19:11 INFO     Training average regularization at step 32600: 0.006357
2025-12-09 03:19:11 INFO     Training average loss at step 32600: 2.250983
2025-12-09 03:20:08 INFO     Training average positive_fact_loss at step 32700: 0.299285
2025-12-09 03:20:08 INFO     Training average negative_fact_loss at step 32700: 0.276664
2025-12-09 03:20:08 INFO     Training average positive_rule_loss at step 32700: 1.698783
2025-12-09 03:20:08 INFO     Training average negative_rule_loss at step 32700: 2.110321
2025-12-09 03:20:08 INFO     Training average L_uncertainty at step 32700: 52.651713
2025-12-09 03:20:08 INFO     Training average L_kl at step 32700: 52190.986523
2025-12-09 03:20:08 INFO     Training average L_sigma at step 32700: 460.724626
2025-12-09 03:20:08 INFO     Training average mu_mean at step 32700: -2.428981
2025-12-09 03:20:08 INFO     Training average sigma_mean at step 32700: 0.279609
2025-12-09 03:20:08 INFO     Training average regularization at step 32700: 0.006358
2025-12-09 03:20:08 INFO     Training average loss at step 32700: 2.251536
2025-12-09 03:21:08 INFO     Training average positive_fact_loss at step 32800: 0.298675
2025-12-09 03:21:08 INFO     Training average negative_fact_loss at step 32800: 0.276789
2025-12-09 03:21:08 INFO     Training average positive_rule_loss at step 32800: 1.704486
2025-12-09 03:21:08 INFO     Training average negative_rule_loss at step 32800: 2.101684
2025-12-09 03:21:08 INFO     Training average L_uncertainty at step 32800: 52.760230
2025-12-09 03:21:08 INFO     Training average L_kl at step 32800: 52298.443594
2025-12-09 03:21:08 INFO     Training average L_sigma at step 32800: 461.783815
2025-12-09 03:21:08 INFO     Training average mu_mean at step 32800: -2.432262
2025-12-09 03:21:08 INFO     Training average sigma_mean at step 32800: 0.279635
2025-12-09 03:21:08 INFO     Training average regularization at step 32800: 0.006354
2025-12-09 03:21:08 INFO     Training average loss at step 32800: 2.249932
2025-12-09 03:22:04 INFO     Training average positive_fact_loss at step 32900: 0.298934
2025-12-09 03:22:04 INFO     Training average negative_fact_loss at step 32900: 0.276505
2025-12-09 03:22:04 INFO     Training average positive_rule_loss at step 32900: 1.699660
2025-12-09 03:22:04 INFO     Training average negative_rule_loss at step 32900: 2.108699
2025-12-09 03:22:04 INFO     Training average L_uncertainty at step 32900: 52.699428
2025-12-09 03:22:04 INFO     Training average L_kl at step 32900: 52244.045156
2025-12-09 03:22:04 INFO     Training average L_sigma at step 32900: 455.380146
2025-12-09 03:22:04 INFO     Training average mu_mean at step 32900: -2.433150
2025-12-09 03:22:04 INFO     Training average sigma_mean at step 32900: 0.279379
2025-12-09 03:22:04 INFO     Training average regularization at step 32900: 0.006353
2025-12-09 03:22:04 INFO     Training average loss at step 32900: 2.250952
2025-12-09 03:23:04 INFO     Training average positive_fact_loss at step 33000: 0.298258
2025-12-09 03:23:04 INFO     Training average negative_fact_loss at step 33000: 0.276990
2025-12-09 03:23:04 INFO     Training average positive_rule_loss at step 33000: 1.698816
2025-12-09 03:23:04 INFO     Training average negative_rule_loss at step 33000: 2.111316
2025-12-09 03:23:04 INFO     Training average L_uncertainty at step 33000: 52.676322
2025-12-09 03:23:04 INFO     Training average L_kl at step 33000: 52217.391641
2025-12-09 03:23:04 INFO     Training average L_sigma at step 33000: 458.928255
2025-12-09 03:23:04 INFO     Training average mu_mean at step 33000: -2.429572
2025-12-09 03:23:04 INFO     Training average sigma_mean at step 33000: 0.279520
2025-12-09 03:23:04 INFO     Training average regularization at step 33000: 0.006355
2025-12-09 03:23:04 INFO     Training average loss at step 33000: 2.251722
2025-12-09 03:23:04 INFO     Evaluating on Valid Dataset...
2025-12-09 03:23:04 INFO     >>>>> RuleE emb: Evaluating on valid
2025-12-09 03:23:14 INFO     Data : 4274
2025-12-09 03:23:14 INFO     Hit1 : 0.544923
2025-12-09 03:23:14 INFO     Hit3 : 0.777258
2025-12-09 03:23:14 INFO     Hit10: 0.942209
2025-12-09 03:23:14 INFO     MR   : 3.373421
2025-12-09 03:23:14 INFO     MRR  : 0.680555
2025-12-09 03:24:10 INFO     Training average positive_fact_loss at step 33100: 0.299367
2025-12-09 03:24:10 INFO     Training average negative_fact_loss at step 33100: 0.276652
2025-12-09 03:24:10 INFO     Training average positive_rule_loss at step 33100: 1.698669
2025-12-09 03:24:10 INFO     Training average negative_rule_loss at step 33100: 2.108756
2025-12-09 03:24:10 INFO     Training average L_uncertainty at step 33100: 52.602464
2025-12-09 03:24:10 INFO     Training average L_kl at step 33100: 52147.715156
2025-12-09 03:24:10 INFO     Training average L_sigma at step 33100: 454.746111
2025-12-09 03:24:10 INFO     Training average mu_mean at step 33100: -2.424905
2025-12-09 03:24:10 INFO     Training average sigma_mean at step 33100: 0.279394
2025-12-09 03:24:10 INFO     Training average regularization at step 33100: 0.006357
2025-12-09 03:24:10 INFO     Training average loss at step 33100: 2.250681
2025-12-09 03:25:02 INFO     Training average positive_fact_loss at step 33200: 0.298932
2025-12-09 03:25:02 INFO     Training average negative_fact_loss at step 33200: 0.276701
2025-12-09 03:25:02 INFO     Training average positive_rule_loss at step 33200: 1.700688
2025-12-09 03:25:02 INFO     Training average negative_rule_loss at step 33200: 2.109738
2025-12-09 03:25:02 INFO     Training average L_uncertainty at step 33200: 52.545863
2025-12-09 03:25:02 INFO     Training average L_kl at step 33200: 52081.744883
2025-12-09 03:25:02 INFO     Training average L_sigma at step 33200: 464.115255
2025-12-09 03:25:02 INFO     Training average mu_mean at step 33200: -2.422875
2025-12-09 03:25:02 INFO     Training average sigma_mean at step 33200: 0.279730
2025-12-09 03:25:02 INFO     Training average regularization at step 33200: 0.006356
2025-12-09 03:25:02 INFO     Training average loss at step 33200: 2.251932
2025-12-09 03:25:58 INFO     Training average positive_fact_loss at step 33300: 0.298701
2025-12-09 03:25:58 INFO     Training average negative_fact_loss at step 33300: 0.276797
2025-12-09 03:25:58 INFO     Training average positive_rule_loss at step 33300: 1.699972
2025-12-09 03:25:58 INFO     Training average negative_rule_loss at step 33300: 2.109644
2025-12-09 03:25:58 INFO     Training average L_uncertainty at step 33300: 52.627556
2025-12-09 03:25:58 INFO     Training average L_kl at step 33300: 52166.789180
2025-12-09 03:25:58 INFO     Training average L_sigma at step 33300: 460.764457
2025-12-09 03:25:58 INFO     Training average mu_mean at step 33300: -2.426847
2025-12-09 03:25:58 INFO     Training average sigma_mean at step 33300: 0.279622
2025-12-09 03:25:58 INFO     Training average regularization at step 33300: 0.006356
2025-12-09 03:25:58 INFO     Training average loss at step 33300: 2.251541
2025-12-09 03:26:58 INFO     Training average positive_fact_loss at step 33400: 0.299060
2025-12-09 03:26:58 INFO     Training average negative_fact_loss at step 33400: 0.276696
2025-12-09 03:26:58 INFO     Training average positive_rule_loss at step 33400: 1.699106
2025-12-09 03:26:58 INFO     Training average negative_rule_loss at step 33400: 2.106855
2025-12-09 03:26:58 INFO     Training average L_uncertainty at step 33400: 52.687485
2025-12-09 03:26:58 INFO     Training average L_kl at step 33400: 52224.829492
2025-12-09 03:26:58 INFO     Training average L_sigma at step 33400: 462.653107
2025-12-09 03:26:58 INFO     Training average mu_mean at step 33400: -2.427376
2025-12-09 03:26:58 INFO     Training average sigma_mean at step 33400: 0.279689
2025-12-09 03:26:58 INFO     Training average regularization at step 33400: 0.006357
2025-12-09 03:26:58 INFO     Training average loss at step 33400: 2.249903
2025-12-09 03:27:54 INFO     Training average positive_fact_loss at step 33500: 0.298431
2025-12-09 03:27:54 INFO     Training average negative_fact_loss at step 33500: 0.276724
2025-12-09 03:27:54 INFO     Training average positive_rule_loss at step 33500: 1.699337
2025-12-09 03:27:54 INFO     Training average negative_rule_loss at step 33500: 2.105343
2025-12-09 03:27:54 INFO     Training average L_uncertainty at step 33500: 52.795600
2025-12-09 03:27:54 INFO     Training average L_kl at step 33500: 52336.751250
2025-12-09 03:27:54 INFO     Training average L_sigma at step 33500: 458.846702
2025-12-09 03:27:54 INFO     Training average mu_mean at step 33500: -2.430147
2025-12-09 03:27:54 INFO     Training average sigma_mean at step 33500: 0.279569
2025-12-09 03:27:54 INFO     Training average regularization at step 33500: 0.006359
2025-12-09 03:27:54 INFO     Training average loss at step 33500: 2.249072
2025-12-09 03:28:55 INFO     Training average positive_fact_loss at step 33600: 0.299249
2025-12-09 03:28:55 INFO     Training average negative_fact_loss at step 33600: 0.276709
2025-12-09 03:28:55 INFO     Training average positive_rule_loss at step 33600: 1.699112
2025-12-09 03:28:55 INFO     Training average negative_rule_loss at step 33600: 2.108670
2025-12-09 03:28:55 INFO     Training average L_uncertainty at step 33600: 52.660909
2025-12-09 03:28:55 INFO     Training average L_kl at step 33600: 52203.732383
2025-12-09 03:28:55 INFO     Training average L_sigma at step 33600: 457.174065
2025-12-09 03:28:55 INFO     Training average mu_mean at step 33600: -2.424277
2025-12-09 03:28:55 INFO     Training average sigma_mean at step 33600: 0.279515
2025-12-09 03:28:55 INFO     Training average regularization at step 33600: 0.006360
2025-12-09 03:28:55 INFO     Training average loss at step 33600: 2.250891
2025-12-09 03:29:51 INFO     Training average positive_fact_loss at step 33700: 0.298526
2025-12-09 03:29:51 INFO     Training average negative_fact_loss at step 33700: 0.276634
2025-12-09 03:29:51 INFO     Training average positive_rule_loss at step 33700: 1.699416
2025-12-09 03:29:51 INFO     Training average negative_rule_loss at step 33700: 2.107711
2025-12-09 03:29:51 INFO     Training average L_uncertainty at step 33700: 52.723702
2025-12-09 03:29:51 INFO     Training average L_kl at step 33700: 52260.862500
2025-12-09 03:29:51 INFO     Training average L_sigma at step 33700: 462.837417
2025-12-09 03:29:51 INFO     Training average mu_mean at step 33700: -2.426162
2025-12-09 03:29:51 INFO     Training average sigma_mean at step 33700: 0.279722
2025-12-09 03:29:51 INFO     Training average regularization at step 33700: 0.006361
2025-12-09 03:29:51 INFO     Training average loss at step 33700: 2.250228
2025-12-09 03:30:47 INFO     Training average positive_fact_loss at step 33800: 0.299098
2025-12-09 03:30:47 INFO     Training average negative_fact_loss at step 33800: 0.276492
2025-12-09 03:30:47 INFO     Training average positive_rule_loss at step 33800: 1.697934
2025-12-09 03:30:47 INFO     Training average negative_rule_loss at step 33800: 2.109272
2025-12-09 03:30:47 INFO     Training average L_uncertainty at step 33800: 52.659220
2025-12-09 03:30:47 INFO     Training average L_kl at step 33800: 52195.205156
2025-12-09 03:30:47 INFO     Training average L_sigma at step 33800: 464.011765
2025-12-09 03:30:47 INFO     Training average mu_mean at step 33800: -2.423634
2025-12-09 03:30:47 INFO     Training average sigma_mean at step 33800: 0.279773
2025-12-09 03:30:47 INFO     Training average regularization at step 33800: 0.006361
2025-12-09 03:30:47 INFO     Training average loss at step 33800: 2.250418
2025-12-09 03:31:38 INFO     Training average positive_fact_loss at step 33900: 0.298661
2025-12-09 03:31:38 INFO     Training average negative_fact_loss at step 33900: 0.276849
2025-12-09 03:31:38 INFO     Training average positive_rule_loss at step 33900: 1.699103
2025-12-09 03:31:38 INFO     Training average negative_rule_loss at step 33900: 2.106797
2025-12-09 03:31:38 INFO     Training average L_uncertainty at step 33900: 52.786085
2025-12-09 03:31:38 INFO     Training average L_kl at step 33900: 52325.412734
2025-12-09 03:31:38 INFO     Training average L_sigma at step 33900: 460.669398
2025-12-09 03:31:38 INFO     Training average mu_mean at step 33900: -2.427538
2025-12-09 03:31:38 INFO     Training average sigma_mean at step 33900: 0.279647
2025-12-09 03:31:38 INFO     Training average regularization at step 33900: 0.006362
2025-12-09 03:31:38 INFO     Training average loss at step 33900: 2.249854
2025-12-09 03:32:38 INFO     Training average positive_fact_loss at step 34000: 0.298853
2025-12-09 03:32:38 INFO     Training average negative_fact_loss at step 34000: 0.276756
2025-12-09 03:32:38 INFO     Training average positive_rule_loss at step 34000: 1.702019
2025-12-09 03:32:38 INFO     Training average negative_rule_loss at step 34000: 2.103321
2025-12-09 03:32:38 INFO     Training average L_uncertainty at step 34000: 52.656439
2025-12-09 03:32:38 INFO     Training average L_kl at step 34000: 52198.880430
2025-12-09 03:32:38 INFO     Training average L_sigma at step 34000: 457.555842
2025-12-09 03:32:38 INFO     Training average mu_mean at step 34000: -2.421989
2025-12-09 03:32:38 INFO     Training average sigma_mean at step 34000: 0.279541
2025-12-09 03:32:38 INFO     Training average regularization at step 34000: 0.006362
2025-12-09 03:32:38 INFO     Training average loss at step 34000: 2.249494
2025-12-09 03:32:38 INFO     Evaluating on Valid Dataset...
2025-12-09 03:32:38 INFO     >>>>> RuleE emb: Evaluating on valid
2025-12-09 03:32:49 INFO     Data : 4274
2025-12-09 03:32:49 INFO     Hit1 : 0.545391
2025-12-09 03:32:49 INFO     Hit3 : 0.779130
2025-12-09 03:32:49 INFO     Hit10: 0.944080
2025-12-09 03:32:49 INFO     MR   : 3.370847
2025-12-09 03:32:49 INFO     MRR  : 0.680631
2025-12-09 03:33:44 INFO     Training average positive_fact_loss at step 34100: 0.298847
2025-12-09 03:33:44 INFO     Training average negative_fact_loss at step 34100: 0.276492
2025-12-09 03:33:44 INFO     Training average positive_rule_loss at step 34100: 1.699260
2025-12-09 03:33:44 INFO     Training average negative_rule_loss at step 34100: 2.104914
2025-12-09 03:33:44 INFO     Training average L_uncertainty at step 34100: 52.802344
2025-12-09 03:33:44 INFO     Training average L_kl at step 34100: 52342.585312
2025-12-09 03:33:44 INFO     Training average L_sigma at step 34100: 459.756793
2025-12-09 03:33:44 INFO     Training average mu_mean at step 34100: -2.430126
2025-12-09 03:33:44 INFO     Training average sigma_mean at step 34100: 0.279625
2025-12-09 03:33:44 INFO     Training average regularization at step 34100: 0.006362
2025-12-09 03:33:44 INFO     Training average loss at step 34100: 2.248921
2025-12-09 03:34:45 INFO     Training average positive_fact_loss at step 34200: 0.298552
2025-12-09 03:34:45 INFO     Training average negative_fact_loss at step 34200: 0.276693
2025-12-09 03:34:45 INFO     Training average positive_rule_loss at step 34200: 1.699292
2025-12-09 03:34:45 INFO     Training average negative_rule_loss at step 34200: 2.105131
2025-12-09 03:34:45 INFO     Training average L_uncertainty at step 34200: 52.755637
2025-12-09 03:34:45 INFO     Training average L_kl at step 34200: 52296.875078
2025-12-09 03:34:45 INFO     Training average L_sigma at step 34200: 458.759063
2025-12-09 03:34:45 INFO     Training average mu_mean at step 34200: -2.427377
2025-12-09 03:34:45 INFO     Training average sigma_mean at step 34200: 0.279607
2025-12-09 03:34:45 INFO     Training average regularization at step 34200: 0.006361
2025-12-09 03:34:45 INFO     Training average loss at step 34200: 2.248950
2025-12-09 03:35:41 INFO     Training average positive_fact_loss at step 34300: 0.299056
2025-12-09 03:35:41 INFO     Training average negative_fact_loss at step 34300: 0.276990
2025-12-09 03:35:41 INFO     Training average positive_rule_loss at step 34300: 1.698460
2025-12-09 03:35:41 INFO     Training average negative_rule_loss at step 34300: 2.108474
2025-12-09 03:35:41 INFO     Training average L_uncertainty at step 34300: 52.768178
2025-12-09 03:35:41 INFO     Training average L_kl at step 34300: 52316.810430
2025-12-09 03:35:41 INFO     Training average L_sigma at step 34300: 451.364434
2025-12-09 03:35:41 INFO     Training average mu_mean at step 34300: -2.425977
2025-12-09 03:35:41 INFO     Training average sigma_mean at step 34300: 0.279360
2025-12-09 03:35:41 INFO     Training average regularization at step 34300: 0.006361
2025-12-09 03:35:41 INFO     Training average loss at step 34300: 2.250619
2025-12-09 03:36:41 INFO     Training average positive_fact_loss at step 34400: 0.299293
2025-12-09 03:36:41 INFO     Training average negative_fact_loss at step 34400: 0.276589
2025-12-09 03:36:41 INFO     Training average positive_rule_loss at step 34400: 1.699103
2025-12-09 03:36:41 INFO     Training average negative_rule_loss at step 34400: 2.112539
2025-12-09 03:36:41 INFO     Training average L_uncertainty at step 34400: 52.556123
2025-12-09 03:36:41 INFO     Training average L_kl at step 34400: 52097.985820
2025-12-09 03:36:41 INFO     Training average L_sigma at step 34400: 458.134633
2025-12-09 03:36:41 INFO     Training average mu_mean at step 34400: -2.417637
2025-12-09 03:36:41 INFO     Training average sigma_mean at step 34400: 0.279592
2025-12-09 03:36:41 INFO     Training average regularization at step 34400: 0.006362
2025-12-09 03:36:41 INFO     Training average loss at step 34400: 2.252681
2025-12-09 03:37:28 INFO     Training average positive_fact_loss at step 34500: 0.299046
2025-12-09 03:37:28 INFO     Training average negative_fact_loss at step 34500: 0.276754
2025-12-09 03:37:28 INFO     Training average positive_rule_loss at step 34500: 1.699426
2025-12-09 03:37:28 INFO     Training average negative_rule_loss at step 34500: 2.103407
2025-12-09 03:37:28 INFO     Training average L_uncertainty at step 34500: 52.756828
2025-12-09 03:37:28 INFO     Training average L_kl at step 34500: 52298.422617
2025-12-09 03:37:28 INFO     Training average L_sigma at step 34500: 458.403440
2025-12-09 03:37:28 INFO     Training average mu_mean at step 34500: -2.424918
2025-12-09 03:37:28 INFO     Training average sigma_mean at step 34500: 0.279620
2025-12-09 03:37:28 INFO     Training average regularization at step 34500: 0.006361
2025-12-09 03:37:28 INFO     Training average loss at step 34500: 2.248434
2025-12-09 03:38:28 INFO     Training average positive_fact_loss at step 34600: 0.298534
2025-12-09 03:38:28 INFO     Training average negative_fact_loss at step 34600: 0.276656
2025-12-09 03:38:28 INFO     Training average positive_rule_loss at step 34600: 1.699640
2025-12-09 03:38:28 INFO     Training average negative_rule_loss at step 34600: 2.106241
2025-12-09 03:38:28 INFO     Training average L_uncertainty at step 34600: 52.750719
2025-12-09 03:38:28 INFO     Training average L_kl at step 34600: 52288.680664
2025-12-09 03:38:28 INFO     Training average L_sigma at step 34600: 462.035547
2025-12-09 03:38:28 INFO     Training average mu_mean at step 34600: -2.423944
2025-12-09 03:38:28 INFO     Training average sigma_mean at step 34600: 0.279750
2025-12-09 03:38:28 INFO     Training average regularization at step 34600: 0.006361
2025-12-09 03:38:28 INFO     Training average loss at step 34600: 2.249647
2025-12-09 03:39:24 INFO     Training average positive_fact_loss at step 34700: 0.298538
2025-12-09 03:39:24 INFO     Training average negative_fact_loss at step 34700: 0.276687
2025-12-09 03:39:24 INFO     Training average positive_rule_loss at step 34700: 1.698414
2025-12-09 03:39:24 INFO     Training average negative_rule_loss at step 34700: 2.105074
2025-12-09 03:39:24 INFO     Training average L_uncertainty at step 34700: 52.747079
2025-12-09 03:39:24 INFO     Training average L_kl at step 34700: 52295.905117
2025-12-09 03:39:24 INFO     Training average L_sigma at step 34700: 451.171740
2025-12-09 03:39:24 INFO     Training average mu_mean at step 34700: -2.424293
2025-12-09 03:39:24 INFO     Training average sigma_mean at step 34700: 0.279384
2025-12-09 03:39:24 INFO     Training average regularization at step 34700: 0.006362
2025-12-09 03:39:24 INFO     Training average loss at step 34700: 2.248466
2025-12-09 03:40:24 INFO     Training average positive_fact_loss at step 34800: 0.298622
2025-12-09 03:40:24 INFO     Training average negative_fact_loss at step 34800: 0.276844
2025-12-09 03:40:24 INFO     Training average positive_rule_loss at step 34800: 1.698479
2025-12-09 03:40:24 INFO     Training average negative_rule_loss at step 34800: 2.103817
2025-12-09 03:40:24 INFO     Training average L_uncertainty at step 34800: 52.773156
2025-12-09 03:40:24 INFO     Training average L_kl at step 34800: 52318.227422
2025-12-09 03:40:24 INFO     Training average L_sigma at step 34800: 454.926074
2025-12-09 03:40:24 INFO     Training average mu_mean at step 34800: -2.423217
2025-12-09 03:40:24 INFO     Training average sigma_mean at step 34800: 0.279496
2025-12-09 03:40:24 INFO     Training average regularization at step 34800: 0.006362
2025-12-09 03:40:24 INFO     Training average loss at step 34800: 2.248016
2025-12-09 03:41:19 INFO     Training average positive_fact_loss at step 34900: 0.299899
2025-12-09 03:41:19 INFO     Training average negative_fact_loss at step 34900: 0.276801
2025-12-09 03:41:19 INFO     Training average positive_rule_loss at step 34900: 1.701438
2025-12-09 03:41:19 INFO     Training average negative_rule_loss at step 34900: 2.101911
2025-12-09 03:41:19 INFO     Training average L_uncertainty at step 34900: 52.752606
2025-12-09 03:41:19 INFO     Training average L_kl at step 34900: 52293.420508
2025-12-09 03:41:19 INFO     Training average L_sigma at step 34900: 459.182884
2025-12-09 03:41:19 INFO     Training average mu_mean at step 34900: -2.423543
2025-12-09 03:41:19 INFO     Training average sigma_mean at step 34900: 0.279639
2025-12-09 03:41:19 INFO     Training average regularization at step 34900: 0.006362
2025-12-09 03:41:19 INFO     Training average loss at step 34900: 2.249140
2025-12-09 03:42:20 INFO     Training average positive_fact_loss at step 35000: 0.298565
2025-12-09 03:42:20 INFO     Training average negative_fact_loss at step 35000: 0.276776
2025-12-09 03:42:20 INFO     Training average positive_rule_loss at step 35000: 1.700092
2025-12-09 03:42:20 INFO     Training average negative_rule_loss at step 35000: 2.109879
2025-12-09 03:42:20 INFO     Training average L_uncertainty at step 35000: 52.670284
2025-12-09 03:42:20 INFO     Training average L_kl at step 35000: 52213.465898
2025-12-09 03:42:20 INFO     Training average L_sigma at step 35000: 456.815955
2025-12-09 03:42:20 INFO     Training average mu_mean at step 35000: -2.421556
2025-12-09 03:42:20 INFO     Training average sigma_mean at step 35000: 0.279563
2025-12-09 03:42:20 INFO     Training average regularization at step 35000: 0.006361
2025-12-09 03:42:20 INFO     Training average loss at step 35000: 2.251687
2025-12-09 03:42:20 INFO     Evaluating on Valid Dataset...
2025-12-09 03:42:20 INFO     >>>>> RuleE emb: Evaluating on valid
2025-12-09 03:42:30 INFO     Data : 4274
2025-12-09 03:42:30 INFO     Hit1 : 0.544221
2025-12-09 03:42:30 INFO     Hit3 : 0.776790
2025-12-09 03:42:30 INFO     Hit10: 0.941741
2025-12-09 03:42:30 INFO     MR   : 3.379504
2025-12-09 03:42:30 INFO     MRR  : 0.679920
2025-12-09 03:42:30 INFO     Finishing pre-training!
2025-12-09 03:42:30 INFO     Test the results of pre-training
2025-12-09 03:42:30 INFO     >>>>> RuleE emb: Evaluating on valid
2025-12-09 03:42:40 INFO     Data : 4274
2025-12-09 03:42:40 INFO     Hit1 : 0.549368
2025-12-09 03:42:40 INFO     Hit3 : 0.776556
2025-12-09 03:42:40 INFO     Hit10: 0.943145
2025-12-09 03:42:40 INFO     MR   : 3.373421
2025-12-09 03:42:40 INFO     MRR  : 0.682441
2025-12-09 03:42:40 INFO     >>>>> RuleE emb: Evaluating on test
2025-12-09 03:42:53 INFO     Data : 10686
2025-12-09 03:42:53 INFO     Hit1 : 0.542392
2025-12-09 03:42:53 INFO     Hit3 : 0.771009
2025-12-09 03:42:53 INFO     Hit10: 0.937020
2025-12-09 03:42:53 INFO     MR   : 3.486712
2025-12-09 03:42:53 INFO     MRR  : 0.676953
2025-12-09 03:42:53 INFO     Pre-computed rule_mu for grounding: mean=-2.427369, std=1.700868
2025-12-09 03:42:53 INFO     >>>>> RulE: Grounding-Training
2025-12-09 03:42:53 INFO     -------------------------
2025-12-09 03:42:53 INFO     | Iteration: 1/10
2025-12-09 03:42:53 INFO     -------------------------
2025-12-09 03:43:09 INFO     loss:    10 224 4.404027 3026.4
2025-12-09 03:43:29 INFO     loss:    20 224 4.046592 3213.6
2025-12-09 03:43:33 INFO     loss:    30 224 4.170754 2849.6
2025-12-09 03:43:57 INFO     loss:    40 224 4.546667 3307.2
2025-12-09 03:44:24 INFO     loss:    50 224 3.847682 2943.2
2025-12-09 03:44:43 INFO     loss:    60 224 3.575720 2776.8
2025-12-09 03:44:51 INFO     loss:    70 224 4.179268 2412.8
2025-12-09 03:45:11 INFO     loss:    80 224 3.708671 2943.2
2025-12-09 03:45:25 INFO     loss:    90 224 3.450680 3036.8
2025-12-09 03:45:45 INFO     loss:    100 224 4.549002 2683.2
2025-12-09 03:45:59 INFO     loss:    110 224 4.090209 2964.0
2025-12-09 03:46:27 INFO     loss:    120 224 3.347647 3328.0
2025-12-09 03:46:50 INFO     loss:    130 224 4.400783 2870.4
2025-12-09 03:47:04 INFO     loss:    140 224 3.128516 3244.8
2025-12-09 03:47:18 INFO     loss:    150 224 3.145305 3203.2
2025-12-09 03:47:24 INFO     loss:    160 224 2.810197 3244.8
2025-12-09 03:47:32 INFO     loss:    170 224 3.212687 2329.6
2025-12-09 03:47:46 INFO     loss:    180 224 3.005844 2995.2
2025-12-09 03:48:00 INFO     loss:    190 224 3.024616 3068.0
2025-12-09 03:48:19 INFO     loss:    200 224 2.796653 2922.4
2025-12-09 03:48:34 INFO     loss:    210 224 2.755268 2984.8
2025-12-09 03:48:53 INFO     loss:    220 224 2.546219 3328.0
2025-12-09 03:49:00 INFO     >>>>> Predictor: Evaluating on valid
2025-12-09 03:51:55 INFO     Data : 4274
2025-12-09 03:51:55 INFO     Hit1 : 0.501872
2025-12-09 03:51:55 INFO     Hit3 : 0.760412
2025-12-09 03:51:55 INFO     Hit10: 0.945952
2025-12-09 03:51:55 INFO     MR   : 3.415536
2025-12-09 03:51:55 INFO     MRR  : 0.653263
2025-12-09 03:51:55 INFO     Save checkpoint to kinship\grounding.pt
2025-12-09 03:51:56 INFO     -------------------------
2025-12-09 03:51:56 INFO     | Iteration: 2/10
2025-12-09 03:51:56 INFO     -------------------------
2025-12-09 03:52:16 INFO     loss:    10 224 3.160907 3026.4
2025-12-09 03:52:35 INFO     loss:    20 224 2.840105 3213.6
2025-12-09 03:52:40 INFO     loss:    30 224 2.734426 2849.6
2025-12-09 03:53:03 INFO     loss:    40 224 2.715687 3307.2
2025-12-09 03:53:28 INFO     loss:    50 224 3.075096 2943.2
2025-12-09 03:53:47 INFO     loss:    60 224 2.692284 2776.8
2025-12-09 03:53:55 INFO     loss:    70 224 2.632723 2412.8
2025-12-09 03:54:15 INFO     loss:    80 224 2.946567 2943.2
2025-12-09 03:54:29 INFO     loss:    90 224 2.813949 3036.8
2025-12-09 03:54:50 INFO     loss:    100 224 2.287104 2683.2
2025-12-09 03:55:04 INFO     loss:    110 224 2.864266 2964.0
2025-12-09 03:55:33 INFO     loss:    120 224 2.855708 3328.0
2025-12-09 03:55:56 INFO     loss:    130 224 2.098680 2870.4
2025-12-09 03:56:11 INFO     loss:    140 224 2.828930 3244.8
2025-12-09 03:56:26 INFO     loss:    150 224 2.665387 3203.2
2025-12-09 03:56:31 INFO     loss:    160 224 2.151791 3244.8
2025-12-09 03:56:40 INFO     loss:    170 224 2.958790 2329.6
2025-12-09 03:56:53 INFO     loss:    180 224 2.258672 2995.2
2025-12-09 03:57:08 INFO     loss:    190 224 2.851156 3068.0
2025-12-09 03:57:27 INFO     loss:    200 224 2.475990 2922.4
2025-12-09 03:57:42 INFO     loss:    210 224 2.289709 2984.8
2025-12-09 03:58:01 INFO     loss:    220 224 2.269796 3328.0
2025-12-09 03:58:09 INFO     >>>>> Predictor: Evaluating on valid
2025-12-09 04:01:05 INFO     Data : 4274
2025-12-09 04:01:05 INFO     Hit1 : 0.547496
2025-12-09 04:01:05 INFO     Hit3 : 0.796210
2025-12-09 04:01:05 INFO     Hit10: 0.954843
2025-12-09 04:01:05 INFO     MR   : 3.161675
2025-12-09 04:01:05 INFO     MRR  : 0.688491
2025-12-09 04:01:05 INFO     Save checkpoint to kinship\grounding.pt
2025-12-09 04:01:05 INFO     -------------------------
2025-12-09 04:01:05 INFO     | Iteration: 3/10
2025-12-09 04:01:05 INFO     -------------------------
2025-12-09 04:01:27 INFO     loss:    10 224 2.988601 3026.4
2025-12-09 04:01:46 INFO     loss:    20 224 2.685079 3213.6
2025-12-09 04:01:50 INFO     loss:    30 224 2.349033 2849.6
2025-12-09 04:02:14 INFO     loss:    40 224 2.417417 3307.2
2025-12-09 04:02:39 INFO     loss:    50 224 2.947430 2943.2
2025-12-09 04:02:59 INFO     loss:    60 224 2.469063 2776.8
2025-12-09 04:03:07 INFO     loss:    70 224 2.364848 2412.8
2025-12-09 04:03:27 INFO     loss:    80 224 2.779574 2943.2
2025-12-09 04:03:41 INFO     loss:    90 224 2.589652 3036.8
2025-12-09 04:04:01 INFO     loss:    100 224 0.278489 2683.2
2025-12-09 04:04:15 INFO     loss:    110 224 2.238698 2964.0
2025-12-09 04:04:43 INFO     loss:    120 224 2.646627 3328.0
2025-12-09 04:05:06 INFO     loss:    130 224 0.311494 2870.4
2025-12-09 04:05:21 INFO     loss:    140 224 2.593079 3244.8
2025-12-09 04:05:35 INFO     loss:    150 224 2.456802 3203.2
2025-12-09 04:05:40 INFO     loss:    160 224 1.840364 3244.8
2025-12-09 04:05:48 INFO     loss:    170 224 2.857878 2329.6
2025-12-09 04:06:02 INFO     loss:    180 224 1.891987 2995.2
2025-12-09 04:06:16 INFO     loss:    190 224 2.731654 3068.0
2025-12-09 04:06:35 INFO     loss:    200 224 2.293255 2922.4
2025-12-09 04:06:50 INFO     loss:    210 224 2.033793 2984.8
2025-12-09 04:07:10 INFO     loss:    220 224 2.043509 3328.0
2025-12-09 04:07:17 INFO     >>>>> Predictor: Evaluating on valid
2025-12-09 04:10:11 INFO     Data : 4274
2025-12-09 04:10:11 INFO     Hit1 : 0.528077
2025-12-09 04:10:11 INFO     Hit3 : 0.778896
2025-12-09 04:10:11 INFO     Hit10: 0.948292
2025-12-09 04:10:11 INFO     MR   : 3.275152
2025-12-09 04:10:11 INFO     MRR  : 0.675321
2025-12-09 04:10:11 INFO     -------------------------
2025-12-09 04:10:11 INFO     | Iteration: 4/10
2025-12-09 04:10:11 INFO     -------------------------
2025-12-09 04:10:32 INFO     loss:    10 224 2.887419 3026.4
2025-12-09 04:10:50 INFO     loss:    20 224 2.528940 3213.6
2025-12-09 04:10:55 INFO     loss:    30 224 1.993999 2849.6
2025-12-09 04:11:19 INFO     loss:    40 224 2.094146 3307.2
2025-12-09 04:11:43 INFO     loss:    50 224 2.828464 2943.2
2025-12-09 04:12:03 INFO     loss:    60 224 2.262921 2776.8
2025-12-09 04:12:11 INFO     loss:    70 224 2.085510 2412.8
2025-12-09 04:12:31 INFO     loss:    80 224 2.613888 2943.2
2025-12-09 04:12:45 INFO     loss:    90 224 2.391991 3036.8
2025-12-09 04:13:04 INFO     loss:    100 224 0.027653 2683.2
2025-12-09 04:13:18 INFO     loss:    110 224 1.783577 2964.0
2025-12-09 04:13:46 INFO     loss:    120 224 2.433781 3328.0
2025-12-09 04:14:09 INFO     loss:    130 224 0.036102 2870.4
2025-12-09 04:14:24 INFO     loss:    140 224 2.300734 3244.8
2025-12-09 04:14:38 INFO     loss:    150 224 2.230904 3203.2
2025-12-09 04:14:43 INFO     loss:    160 224 1.519522 3244.8
2025-12-09 04:14:52 INFO     loss:    170 224 2.819663 2329.6
2025-12-09 04:15:05 INFO     loss:    180 224 1.528924 2995.2
2025-12-09 04:15:20 INFO     loss:    190 224 2.602740 3068.0
2025-12-09 04:15:38 INFO     loss:    200 224 2.108845 2922.4
2025-12-09 04:15:54 INFO     loss:    210 224 1.734664 2984.8
2025-12-09 04:16:14 INFO     loss:    220 224 1.798912 3328.0
2025-12-09 04:16:21 INFO     >>>>> Predictor: Evaluating on valid
2025-12-09 04:19:14 INFO     Data : 4274
2025-12-09 04:19:14 INFO     Hit1 : 0.495321
2025-12-09 04:19:14 INFO     Hit3 : 0.755264
2025-12-09 04:19:14 INFO     Hit10: 0.941507
2025-12-09 04:19:14 INFO     MR   : 3.520356
2025-12-09 04:19:14 INFO     MRR  : 0.648585
2025-12-09 04:19:14 INFO     -------------------------
2025-12-09 04:19:14 INFO     | Iteration: 5/10
2025-12-09 04:19:14 INFO     -------------------------
2025-12-09 04:19:35 INFO     loss:    10 224 2.764611 3026.4
2025-12-09 04:19:55 INFO     loss:    20 224 2.322670 3213.6
2025-12-09 04:19:59 INFO     loss:    30 224 1.610268 2849.6
2025-12-09 04:20:23 INFO     loss:    40 224 1.754050 3307.2
2025-12-09 04:20:47 INFO     loss:    50 224 2.697621 2943.2
2025-12-09 04:21:07 INFO     loss:    60 224 2.029012 2776.8
2025-12-09 04:21:15 INFO     loss:    70 224 1.836890 2412.8
2025-12-09 04:21:35 INFO     loss:    80 224 2.431962 2943.2
2025-12-09 04:21:49 INFO     loss:    90 224 2.182787 3036.8
2025-12-09 04:22:09 INFO     loss:    100 224 0.004691 2683.2
2025-12-09 04:22:23 INFO     loss:    110 224 1.363317 2964.0
2025-12-09 04:22:51 INFO     loss:    120 224 2.229939 3328.0
2025-12-09 04:23:14 INFO     loss:    130 224 0.006742 2870.4
2025-12-09 04:23:29 INFO     loss:    140 224 1.981161 3244.8
2025-12-09 04:23:43 INFO     loss:    150 224 1.994525 3203.2
2025-12-09 04:23:48 INFO     loss:    160 224 1.210473 3244.8
2025-12-09 04:23:56 INFO     loss:    170 224 2.736235 2329.6
2025-12-09 04:24:10 INFO     loss:    180 224 1.212652 2995.2
2025-12-09 04:24:25 INFO     loss:    190 224 2.365216 3068.0
2025-12-09 04:24:43 INFO     loss:    200 224 1.905397 2922.4
2025-12-09 04:24:59 INFO     loss:    210 224 1.381392 2984.8
2025-12-09 04:25:19 INFO     loss:    220 224 1.554991 3328.0
2025-12-09 04:25:26 INFO     >>>>> Predictor: Evaluating on valid
2025-12-09 04:28:20 INFO     Data : 4274
2025-12-09 04:28:20 INFO     Hit1 : 0.452270
2025-12-09 04:28:20 INFO     Hit3 : 0.728124
2025-12-09 04:28:20 INFO     Hit10: 0.934722
2025-12-09 04:28:20 INFO     MR   : 3.873655
2025-12-09 04:28:20 INFO     MRR  : 0.616072
2025-12-09 04:28:20 INFO     -------------------------
2025-12-09 04:28:20 INFO     | Iteration: 6/10
2025-12-09 04:28:20 INFO     -------------------------
2025-12-09 04:28:41 INFO     loss:    10 224 2.702632 3026.4
2025-12-09 04:28:59 INFO     loss:    20 224 2.088400 3213.6
2025-12-09 04:29:04 INFO     loss:    30 224 1.310265 2849.6
2025-12-09 04:29:28 INFO     loss:    40 224 1.377590 3307.2
2025-12-09 04:29:53 INFO     loss:    50 224 2.590402 2943.2
2025-12-09 04:30:12 INFO     loss:    60 224 1.821248 2776.8
2025-12-09 04:30:21 INFO     loss:    70 224 1.514003 2412.8
2025-12-09 04:30:41 INFO     loss:    80 224 2.188437 2943.2
2025-12-09 04:30:54 INFO     loss:    90 224 1.951754 3036.8
2025-12-09 04:31:14 INFO     loss:    100 224 0.000985 2683.2
2025-12-09 04:31:28 INFO     loss:    110 224 1.143050 2964.0
2025-12-09 04:31:57 INFO     loss:    120 224 2.000662 3328.0
2025-12-09 04:32:20 INFO     loss:    130 224 0.001626 2870.4
2025-12-09 04:32:34 INFO     loss:    140 224 1.701480 3244.8
2025-12-09 04:32:48 INFO     loss:    150 224 1.851085 3203.2
2025-12-09 04:32:53 INFO     loss:    160 224 1.031862 3244.8
2025-12-09 04:33:02 INFO     loss:    170 224 2.505607 2329.6
2025-12-09 04:33:15 INFO     loss:    180 224 1.015317 2995.2
2025-12-09 04:33:30 INFO     loss:    190 224 2.154561 3068.0
2025-12-09 04:33:48 INFO     loss:    200 224 1.718913 2922.4
2025-12-09 04:34:04 INFO     loss:    210 224 1.295726 2984.8
2025-12-09 04:34:23 INFO     loss:    220 224 1.362096 3328.0
2025-12-09 04:34:30 INFO     >>>>> Predictor: Evaluating on valid
2025-12-09 04:37:24 INFO     Data : 4274
2025-12-09 04:37:24 INFO     Hit1 : 0.428638
2025-12-09 04:37:24 INFO     Hit3 : 0.696069
2025-12-09 04:37:24 INFO     Hit10: 0.926299
2025-12-09 04:37:24 INFO     MR   : 4.209874
2025-12-09 04:37:24 INFO     MRR  : 0.593050
2025-12-09 04:37:24 INFO     -------------------------
2025-12-09 04:37:24 INFO     | Iteration: 7/10
2025-12-09 04:37:24 INFO     -------------------------
2025-12-09 04:37:45 INFO     loss:    10 224 2.477623 3026.4
2025-12-09 04:38:03 INFO     loss:    20 224 1.929894 3213.6
2025-12-09 04:38:08 INFO     loss:    30 224 1.080219 2849.6
2025-12-09 04:38:31 INFO     loss:    40 224 1.717477 3307.2
2025-12-09 04:38:56 INFO     loss:    50 224 2.436930 2943.2
2025-12-09 04:39:16 INFO     loss:    60 224 1.663649 2776.8
2025-12-09 04:39:24 INFO     loss:    70 224 1.466154 2412.8
2025-12-09 04:39:44 INFO     loss:    80 224 1.920685 2943.2
2025-12-09 04:39:58 INFO     loss:    90 224 1.684427 3036.8
2025-12-09 04:40:17 INFO     loss:    100 224 0.000300 2683.2
2025-12-09 04:40:31 INFO     loss:    110 224 1.001290 2964.0
2025-12-09 04:40:59 INFO     loss:    120 224 2.020932 3328.0
2025-12-09 04:41:22 INFO     loss:    130 224 0.000497 2870.4
2025-12-09 04:41:37 INFO     loss:    140 224 1.491765 3244.8
2025-12-09 04:41:51 INFO     loss:    150 224 1.758406 3203.2
2025-12-09 04:41:56 INFO     loss:    160 224 1.170700 3244.8
2025-12-09 04:42:05 INFO     loss:    170 224 2.388646 2329.6
2025-12-09 04:42:19 INFO     loss:    180 224 0.898955 2995.2
2025-12-09 04:42:33 INFO     loss:    190 224 2.216028 3068.0
2025-12-09 04:42:52 INFO     loss:    200 224 1.626726 2922.4
2025-12-09 04:43:07 INFO     loss:    210 224 0.979279 2984.8
2025-12-09 04:43:27 INFO     loss:    220 224 1.280061 3328.0
2025-12-09 04:43:34 INFO     >>>>> Predictor: Evaluating on valid
2025-12-09 04:46:28 INFO     Data : 4274
2025-12-09 04:46:28 INFO     Hit1 : 0.414132
2025-12-09 04:46:28 INFO     Hit3 : 0.696069
2025-12-09 04:46:28 INFO     Hit10: 0.918811
2025-12-09 04:46:28 INFO     MR   : 4.365232
2025-12-09 04:46:28 INFO     MRR  : 0.584008
2025-12-09 04:46:28 INFO     -------------------------
2025-12-09 04:46:28 INFO     | Iteration: 8/10
2025-12-09 04:46:28 INFO     -------------------------
2025-12-09 04:46:49 INFO     loss:    10 224 2.385265 3026.4
2025-12-09 04:47:08 INFO     loss:    20 224 1.758218 3213.6
2025-12-09 04:47:13 INFO     loss:    30 224 0.918159 2849.6
2025-12-09 04:47:36 INFO     loss:    40 224 1.431458 3307.2
2025-12-09 04:48:01 INFO     loss:    50 224 2.353062 2943.2
2025-12-09 04:48:20 INFO     loss:    60 224 1.475064 2776.8
2025-12-09 04:48:29 INFO     loss:    70 224 1.500714 2412.8
2025-12-09 04:48:48 INFO     loss:    80 224 1.779701 2943.2
2025-12-09 04:49:02 INFO     loss:    90 224 1.420582 3036.8
2025-12-09 04:49:22 INFO     loss:    100 224 0.000111 2683.2
2025-12-09 04:49:36 INFO     loss:    110 224 0.858759 2964.0
2025-12-09 04:50:04 INFO     loss:    120 224 1.653560 3328.0
2025-12-09 04:50:27 INFO     loss:    130 224 0.000183 2870.4
2025-12-09 04:50:41 INFO     loss:    140 224 1.327880 3244.8
2025-12-09 04:50:55 INFO     loss:    150 224 1.635032 3203.2
2025-12-09 04:51:01 INFO     loss:    160 224 0.876009 3244.8
2025-12-09 04:51:09 INFO     loss:    170 224 2.123456 2329.6
2025-12-09 04:51:23 INFO     loss:    180 224 0.809515 2995.2
2025-12-09 04:51:37 INFO     loss:    190 224 1.896925 3068.0
2025-12-09 04:51:56 INFO     loss:    200 224 1.445803 2922.4
2025-12-09 04:52:11 INFO     loss:    210 224 0.901040 2984.8
2025-12-09 04:52:31 INFO     loss:    220 224 1.200338 3328.0
2025-12-09 04:52:38 INFO     >>>>> Predictor: Evaluating on valid
2025-12-09 04:55:32 INFO     Data : 4274
2025-12-09 04:55:32 INFO     Hit1 : 0.412260
2025-12-09 04:55:32 INFO     Hit3 : 0.686710
2025-12-09 04:55:32 INFO     Hit10: 0.915770
2025-12-09 04:55:32 INFO     MR   : 4.627047
2025-12-09 04:55:32 INFO     MRR  : 0.580352
2025-12-09 04:55:32 INFO     -------------------------
2025-12-09 04:55:32 INFO     | Iteration: 9/10
2025-12-09 04:55:32 INFO     -------------------------
2025-12-09 04:55:52 INFO     loss:    10 224 2.293949 3026.4
2025-12-09 04:56:11 INFO     loss:    20 224 1.654784 3213.6
2025-12-09 04:56:15 INFO     loss:    30 224 0.949553 2849.6
2025-12-09 04:56:39 INFO     loss:    40 224 0.883475 3307.2
2025-12-09 04:57:04 INFO     loss:    50 224 2.405088 2943.2
2025-12-09 04:57:23 INFO     loss:    60 224 1.420641 2776.8
2025-12-09 04:57:31 INFO     loss:    70 224 1.151275 2412.8
2025-12-09 04:57:51 INFO     loss:    80 224 1.547094 2943.2
2025-12-09 04:58:05 INFO     loss:    90 224 1.555974 3036.8
2025-12-09 04:58:25 INFO     loss:    100 224 0.000049 2683.2
2025-12-09 04:58:39 INFO     loss:    110 224 0.954667 2964.0
2025-12-09 04:59:07 INFO     loss:    120 224 1.588265 3328.0
2025-12-09 04:59:30 INFO     loss:    130 224 0.000073 2870.4
2025-12-09 04:59:44 INFO     loss:    140 224 1.223863 3244.8
2025-12-09 04:59:58 INFO     loss:    150 224 1.393054 3203.2
2025-12-09 05:00:04 INFO     loss:    160 224 0.864564 3244.8
2025-12-09 05:00:13 INFO     loss:    170 224 2.395770 2329.6
2025-12-09 05:00:26 INFO     loss:    180 224 0.867611 2995.2
2025-12-09 05:00:40 INFO     loss:    190 224 1.820243 3068.0
2025-12-09 05:00:59 INFO     loss:    200 224 1.414177 2922.4
2025-12-09 05:01:15 INFO     loss:    210 224 0.964496 2984.8
2025-12-09 05:01:34 INFO     loss:    220 224 1.198070 3328.0
2025-12-09 05:01:41 INFO     >>>>> Predictor: Evaluating on valid
2025-12-09 05:04:35 INFO     Data : 4274
2025-12-09 05:04:35 INFO     Hit1 : 0.384183
2025-12-09 05:04:35 INFO     Hit3 : 0.670098
2025-12-09 05:04:35 INFO     Hit10: 0.911792
2025-12-09 05:04:35 INFO     MR   : 4.963032
2025-12-09 05:04:35 INFO     MRR  : 0.557961
2025-12-09 05:04:35 INFO     -------------------------
2025-12-09 05:04:35 INFO     | Iteration: 10/10
2025-12-09 05:04:35 INFO     -------------------------
2025-12-09 05:04:55 INFO     loss:    10 224 2.203893 3026.4
2025-12-09 05:05:14 INFO     loss:    20 224 1.475781 3213.6
2025-12-09 05:05:19 INFO     loss:    30 224 0.788196 2849.6
2025-12-09 05:05:42 INFO     loss:    40 224 1.019363 3307.2
2025-12-09 05:06:07 INFO     loss:    50 224 2.465275 2943.2
2025-12-09 05:06:26 INFO     loss:    60 224 1.259112 2776.8
2025-12-09 05:06:35 INFO     loss:    70 224 1.166793 2412.8
2025-12-09 05:06:54 INFO     loss:    80 224 1.529250 2943.2
2025-12-09 05:07:08 INFO     loss:    90 224 1.234152 3036.8
2025-12-09 05:07:28 INFO     loss:    100 224 0.000030 2683.2
2025-12-09 05:07:42 INFO     loss:    110 224 0.966679 2964.0
2025-12-09 05:08:10 INFO     loss:    120 224 1.713896 3328.0
2025-12-09 05:08:33 INFO     loss:    130 224 0.000042 2870.4
2025-12-09 05:08:47 INFO     loss:    140 224 1.272250 3244.8
2025-12-09 05:09:01 INFO     loss:    150 224 1.361603 3203.2
2025-12-09 05:09:07 INFO     loss:    160 224 0.830706 3244.8
2025-12-09 05:09:16 INFO     loss:    170 224 1.889153 2329.6
2025-12-09 05:09:29 INFO     loss:    180 224 0.754658 2995.2
2025-12-09 05:09:44 INFO     loss:    190 224 2.106737 3068.0
2025-12-09 05:10:02 INFO     loss:    200 224 1.377941 2922.4
2025-12-09 05:10:18 INFO     loss:    210 224 0.845575 2984.8
2025-12-09 05:10:37 INFO     loss:    220 224 1.066022 3328.0
2025-12-09 05:10:44 INFO     >>>>> Predictor: Evaluating on valid
2025-12-09 05:13:38 INFO     Data : 4274
2025-12-09 05:13:38 INFO     Hit1 : 0.416940
2025-12-09 05:13:38 INFO     Hit3 : 0.692560
2025-12-09 05:13:38 INFO     Hit10: 0.915536
2025-12-09 05:13:38 INFO     MR   : 4.755966
2025-12-09 05:13:38 INFO     MRR  : 0.582470
2025-12-09 05:13:38 INFO     -------------------------
2025-12-09 05:13:38 INFO     | Final Test MRR: 0.000000
2025-12-09 05:13:38 INFO     -------------------------
2025-12-09 05:13:38 INFO     >>>>> Predictor: Evaluating on valid
2025-12-09 05:16:32 INFO     Data : 4274
2025-12-09 05:16:32 INFO     Hit1 : 0.547496
2025-12-09 05:16:32 INFO     Hit3 : 0.796210
2025-12-09 05:16:32 INFO     Hit10: 0.954843
2025-12-09 05:16:32 INFO     MR   : 3.161675
2025-12-09 05:16:32 INFO     MRR  : 0.688491
2025-12-09 05:16:32 INFO     >>>>> Predictor: Evaluating on test
2025-12-09 05:24:02 INFO     Data : 10686
2025-12-09 05:24:02 INFO     Hit1 : 0.515815
2025-12-09 05:24:02 INFO     Hit3 : 0.765581
2025-12-09 05:24:02 INFO     Hit10: 0.946285
2025-12-09 05:24:02 INFO     MR   : 3.379375
2025-12-09 05:24:02 INFO     MRR  : 0.662875
2025-12-09 05:24:02 INFO     >>>>> Predictor: Evaluating on test_kge
2025-12-09 05:26:42 INFO     Data : 10686
2025-12-09 05:26:42 INFO     Hit1 : 0.618379
2025-12-09 05:26:42 INFO     Hit3 : 0.827719
2025-12-09 05:26:42 INFO     Hit10: 0.956111
2025-12-09 05:26:42 INFO     MR   : 2.911005
2025-12-09 05:26:42 INFO     MRR  : 0.738314
