2025-12-04 21:28:45 INFO     read 10000 rules from list.
2025-12-04 21:28:45 INFO     Loaded support_counts from ../data/kinship\support_counts.pt
2025-12-04 21:28:45 INFO     Uncertainty modeling initialized: num_rules=10000, num_samples=5, lambda_0=1.0
2025-12-04 21:28:48 INFO     >>>>> ruleE: Pre-training
2025-12-04 21:28:58 INFO     Training average positive_fact_loss at step 0: 2.435418
2025-12-04 21:28:58 INFO     Training average negative_fact_loss at step 0: 0.093185
2025-12-04 21:28:58 INFO     Training average positive_rule_loss at step 0: 0.310430
2025-12-04 21:28:58 INFO     Training average negative_rule_loss at step 0: 7.247868
2025-12-04 21:28:58 INFO     Training average L_uncertainty at step 0: 1779.670044
2025-12-04 21:28:58 INFO     Training average L_kl at step 0: 49.220695
2025-12-04 21:28:58 INFO     Training average L_sigma at step 0: 177962.093750
2025-12-04 21:28:58 INFO     Training average mu_mean at step 0: 0.087321
2025-12-04 21:28:58 INFO     Training average sigma_mean at step 0: 1.033485
2025-12-04 21:28:58 INFO     Training average regularization at step 0: 0.004260
2025-12-04 21:28:58 INFO     Training average loss at step 0: 22.844410
2025-12-04 21:28:58 INFO     Evaluating on Valid Dataset...
2025-12-04 21:28:58 INFO     >>>>> RuleE emb: Evaluating on valid
2025-12-04 21:29:08 INFO     Data : 4274
2025-12-04 21:29:08 INFO     Hit1 : 0.000000
2025-12-04 21:29:08 INFO     Hit3 : 0.020824
2025-12-04 21:29:08 INFO     Hit10: 0.098269
2025-12-04 21:29:08 INFO     MR   : 47.661207
2025-12-04 21:29:08 INFO     MRR  : 0.044761
2025-12-04 21:30:00 INFO     Training average positive_fact_loss at step 100: 0.673841
2025-12-04 21:30:00 INFO     Training average negative_fact_loss at step 100: 0.568712
2025-12-04 21:30:00 INFO     Training average positive_rule_loss at step 100: 0.478612
2025-12-04 21:30:00 INFO     Training average negative_rule_loss at step 100: 6.184028
2025-12-04 21:30:00 INFO     Training average L_uncertainty at step 100: 1389.310415
2025-12-04 21:30:00 INFO     Training average L_kl at step 100: 2480.490643
2025-12-04 21:30:00 INFO     Training average L_sigma at step 100: 138682.995801
2025-12-04 21:30:00 INFO     Training average mu_mean at step 100: -0.270690
2025-12-04 21:30:00 INFO     Training average sigma_mean at step 100: 0.821950
2025-12-04 21:30:00 INFO     Training average regularization at step 100: 0.002458
2025-12-04 21:30:00 INFO     Training average loss at step 100: 17.848159
2025-12-04 21:30:59 INFO     Training average positive_fact_loss at step 200: 0.397619
2025-12-04 21:30:59 INFO     Training average negative_fact_loss at step 200: 0.367145
2025-12-04 21:30:59 INFO     Training average positive_rule_loss at step 200: 1.391453
2025-12-04 21:30:59 INFO     Training average negative_rule_loss at step 200: 2.977578
2025-12-04 21:30:59 INFO     Training average L_uncertainty at step 200: 52.045597
2025-12-04 21:30:59 INFO     Training average L_kl at step 200: 34321.567773
2025-12-04 21:30:59 INFO     Training average L_sigma at step 200: 1772.402835
2025-12-04 21:30:59 INFO     Training average mu_mean at step 200: -1.943097
2025-12-04 21:30:59 INFO     Training average sigma_mean at step 200: 0.136075
2025-12-04 21:30:59 INFO     Training average regularization at step 200: 0.003706
2025-12-04 21:30:59 INFO     Training average loss at step 200: 3.091059
2025-12-04 21:31:54 INFO     Training average positive_fact_loss at step 300: 0.337183
2025-12-04 21:31:54 INFO     Training average negative_fact_loss at step 300: 0.327383
2025-12-04 21:31:54 INFO     Training average positive_rule_loss at step 300: 1.366837
2025-12-04 21:31:54 INFO     Training average negative_rule_loss at step 300: 3.014390
2025-12-04 21:31:54 INFO     Training average L_uncertainty at step 300: 33.838161
2025-12-04 21:31:54 INFO     Training average L_kl at step 300: 33661.655508
2025-12-04 21:31:54 INFO     Training average L_sigma at step 300: 17.650371
2025-12-04 21:31:54 INFO     Training average mu_mean at step 300: -1.893406
2025-12-04 21:31:54 INFO     Training average sigma_mean at step 300: 0.127657
2025-12-04 21:31:54 INFO     Training average regularization at step 300: 0.005096
2025-12-04 21:31:54 INFO     Training average loss at step 300: 2.866374
2025-12-04 21:32:53 INFO     Training average positive_fact_loss at step 400: 0.329195
2025-12-04 21:32:53 INFO     Training average negative_fact_loss at step 400: 0.317916
2025-12-04 21:32:53 INFO     Training average positive_rule_loss at step 400: 1.364714
2025-12-04 21:32:53 INFO     Training average negative_rule_loss at step 400: 3.017107
2025-12-04 21:32:53 INFO     Training average L_uncertainty at step 400: 33.783000
2025-12-04 21:32:53 INFO     Training average L_kl at step 400: 33613.623203
2025-12-04 21:32:53 INFO     Training average L_sigma at step 400: 16.937552
2025-12-04 21:32:53 INFO     Training average mu_mean at step 400: -1.890703
2025-12-04 21:32:53 INFO     Training average sigma_mean at step 400: 0.127608
2025-12-04 21:32:53 INFO     Training average regularization at step 400: 0.005559
2025-12-04 21:32:53 INFO     Training average loss at step 400: 2.857855
2025-12-04 21:33:49 INFO     Training average positive_fact_loss at step 500: 0.325368
2025-12-04 21:33:49 INFO     Training average negative_fact_loss at step 500: 0.312439
2025-12-04 21:33:49 INFO     Training average positive_rule_loss at step 500: 1.365606
2025-12-04 21:33:49 INFO     Training average negative_rule_loss at step 500: 3.014419
2025-12-04 21:33:49 INFO     Training average L_uncertainty at step 500: 33.752596
2025-12-04 21:33:49 INFO     Training average L_kl at step 500: 33568.918008
2025-12-04 21:33:49 INFO     Training average L_sigma at step 500: 18.367605
2025-12-04 21:33:49 INFO     Training average mu_mean at step 500: -1.888387
2025-12-04 21:33:49 INFO     Training average sigma_mean at step 500: 0.127625
2025-12-04 21:33:49 INFO     Training average regularization at step 500: 0.005785
2025-12-04 21:33:49 INFO     Training average loss at step 500: 2.852227
2025-12-04 21:34:49 INFO     Training average positive_fact_loss at step 600: 0.322998
2025-12-04 21:34:49 INFO     Training average negative_fact_loss at step 600: 0.309094
2025-12-04 21:34:49 INFO     Training average positive_rule_loss at step 600: 1.363429
2025-12-04 21:34:49 INFO     Training average negative_rule_loss at step 600: 3.016804
2025-12-04 21:34:49 INFO     Training average L_uncertainty at step 600: 33.673163
2025-12-04 21:34:49 INFO     Training average L_kl at step 600: 33483.635703
2025-12-04 21:34:49 INFO     Training average L_sigma at step 600: 18.952520
2025-12-04 21:34:49 INFO     Training average mu_mean at step 600: -1.883847
2025-12-04 21:34:49 INFO     Training average sigma_mean at step 600: 0.127620
2025-12-04 21:34:49 INFO     Training average regularization at step 600: 0.005908
2025-12-04 21:34:49 INFO     Training average loss at step 600: 2.848802
2025-12-04 21:35:35 INFO     Training average positive_fact_loss at step 700: 0.322690
2025-12-04 21:35:35 INFO     Training average negative_fact_loss at step 700: 0.306451
2025-12-04 21:35:35 INFO     Training average positive_rule_loss at step 700: 1.363857
2025-12-04 21:35:35 INFO     Training average negative_rule_loss at step 700: 3.014363
2025-12-04 21:35:35 INFO     Training average L_uncertainty at step 700: 33.625273
2025-12-04 21:35:35 INFO     Training average L_kl at step 700: 33416.318164
2025-12-04 21:35:35 INFO     Training average L_sigma at step 700: 20.895340
2025-12-04 21:35:35 INFO     Training average mu_mean at step 700: -1.880345
2025-12-04 21:35:35 INFO     Training average sigma_mean at step 700: 0.127638
2025-12-04 21:35:35 INFO     Training average regularization at step 700: 0.006009
2025-12-04 21:35:35 INFO     Training average loss at step 700: 2.845942
2025-12-04 21:36:36 INFO     Training average positive_fact_loss at step 800: 0.320526
2025-12-04 21:36:36 INFO     Training average negative_fact_loss at step 800: 0.304424
2025-12-04 21:36:36 INFO     Training average positive_rule_loss at step 800: 1.362016
2025-12-04 21:36:36 INFO     Training average negative_rule_loss at step 800: 3.015368
2025-12-04 21:36:36 INFO     Training average L_uncertainty at step 800: 33.519169
2025-12-04 21:36:36 INFO     Training average L_kl at step 800: 33311.042148
2025-12-04 21:36:36 INFO     Training average L_sigma at step 800: 20.812506
2025-12-04 21:36:36 INFO     Training average mu_mean at step 800: -1.874687
2025-12-04 21:36:36 INFO     Training average sigma_mean at step 800: 0.127623
2025-12-04 21:36:36 INFO     Training average regularization at step 800: 0.006053
2025-12-04 21:36:36 INFO     Training average loss at step 800: 2.842413
2025-12-04 21:37:32 INFO     Training average positive_fact_loss at step 900: 0.319809
2025-12-04 21:37:32 INFO     Training average negative_fact_loss at step 900: 0.303257
2025-12-04 21:37:32 INFO     Training average positive_rule_loss at step 900: 1.361574
2025-12-04 21:37:32 INFO     Training average negative_rule_loss at step 900: 3.013960
2025-12-04 21:37:32 INFO     Training average L_uncertainty at step 900: 33.412524
2025-12-04 21:37:32 INFO     Training average L_kl at step 900: 33191.021836
2025-12-04 21:37:32 INFO     Training average L_sigma at step 900: 22.150102
2025-12-04 21:37:32 INFO     Training average mu_mean at step 900: -1.868357
2025-12-04 21:37:32 INFO     Training average sigma_mean at step 900: 0.127642
2025-12-04 21:37:32 INFO     Training average regularization at step 900: 0.006090
2025-12-04 21:37:32 INFO     Training average loss at step 900: 2.839516
2025-12-04 21:38:32 INFO     Training average positive_fact_loss at step 1000: 0.319315
2025-12-04 21:38:32 INFO     Training average negative_fact_loss at step 1000: 0.302149
2025-12-04 21:38:32 INFO     Training average positive_rule_loss at step 1000: 1.359941
2025-12-04 21:38:32 INFO     Training average negative_rule_loss at step 1000: 3.014444
2025-12-04 21:38:32 INFO     Training average L_uncertainty at step 1000: 33.294746
2025-12-04 21:38:32 INFO     Training average L_kl at step 1000: 33076.461523
2025-12-04 21:38:32 INFO     Training average L_sigma at step 1000: 21.828352
2025-12-04 21:38:32 INFO     Training average mu_mean at step 1000: -1.862246
2025-12-04 21:38:32 INFO     Training average sigma_mean at step 1000: 0.127642
2025-12-04 21:38:32 INFO     Training average regularization at step 1000: 0.006109
2025-12-04 21:38:32 INFO     Training average loss at step 1000: 2.836981
2025-12-04 21:38:32 INFO     Evaluating on Valid Dataset...
2025-12-04 21:38:32 INFO     >>>>> RuleE emb: Evaluating on valid
2025-12-04 21:38:42 INFO     Data : 4274
2025-12-04 21:38:42 INFO     Hit1 : 0.518952
2025-12-04 21:38:42 INFO     Hit3 : 0.758540
2025-12-04 21:38:42 INFO     Hit10: 0.937763
2025-12-04 21:38:42 INFO     MR   : 3.532756
2025-12-04 21:38:42 INFO     MRR  : 0.660602
2025-12-04 21:39:39 INFO     Training average positive_fact_loss at step 1100: 0.318553
2025-12-04 21:39:39 INFO     Training average negative_fact_loss at step 1100: 0.300785
2025-12-04 21:39:39 INFO     Training average positive_rule_loss at step 1100: 1.360271
2025-12-04 21:39:39 INFO     Training average negative_rule_loss at step 1100: 3.011492
2025-12-04 21:39:39 INFO     Training average L_uncertainty at step 1100: 33.174953
2025-12-04 21:39:39 INFO     Training average L_kl at step 1100: 32940.012207
2025-12-04 21:39:39 INFO     Training average L_sigma at step 1100: 23.493906
2025-12-04 21:39:39 INFO     Training average mu_mean at step 1100: -1.854962
2025-12-04 21:39:39 INFO     Training average sigma_mean at step 1100: 0.127653
2025-12-04 21:39:39 INFO     Training average regularization at step 1100: 0.006134
2025-12-04 21:39:39 INFO     Training average loss at step 1100: 2.833435
2025-12-04 21:40:39 INFO     Training average positive_fact_loss at step 1200: 0.318495
2025-12-04 21:40:39 INFO     Training average negative_fact_loss at step 1200: 0.300607
2025-12-04 21:40:39 INFO     Training average positive_rule_loss at step 1200: 1.358886
2025-12-04 21:40:39 INFO     Training average negative_rule_loss at step 1200: 3.011449
2025-12-04 21:40:39 INFO     Training average L_uncertainty at step 1200: 33.023026
2025-12-04 21:40:39 INFO     Training average L_kl at step 1200: 32797.442793
2025-12-04 21:40:39 INFO     Training average L_sigma at step 1200: 22.558168
2025-12-04 21:40:39 INFO     Training average mu_mean at step 1200: -1.847316
2025-12-04 21:40:39 INFO     Training average sigma_mean at step 1200: 0.127657
2025-12-04 21:40:39 INFO     Training average regularization at step 1200: 0.006139
2025-12-04 21:40:39 INFO     Training average loss at step 1200: 2.831088
2025-12-04 21:41:31 INFO     Training average positive_fact_loss at step 1300: 0.318585
2025-12-04 21:41:31 INFO     Training average negative_fact_loss at step 1300: 0.299457
2025-12-04 21:41:31 INFO     Training average positive_rule_loss at step 1300: 1.358544
2025-12-04 21:41:31 INFO     Training average negative_rule_loss at step 1300: 3.009487
2025-12-04 21:41:31 INFO     Training average L_uncertainty at step 1300: 32.893389
2025-12-04 21:41:31 INFO     Training average L_kl at step 1300: 32654.009805
2025-12-04 21:41:31 INFO     Training average L_sigma at step 1300: 23.937771
2025-12-04 21:41:31 INFO     Training average mu_mean at step 1300: -1.839574
2025-12-04 21:41:31 INFO     Training average sigma_mean at step 1300: 0.127670
2025-12-04 21:41:31 INFO     Training average regularization at step 1300: 0.006143
2025-12-04 21:41:31 INFO     Training average loss at step 1300: 2.828114
2025-12-04 21:42:26 INFO     Training average positive_fact_loss at step 1400: 0.317878
2025-12-04 21:42:26 INFO     Training average negative_fact_loss at step 1400: 0.298532
2025-12-04 21:42:26 INFO     Training average positive_rule_loss at step 1400: 1.357409
2025-12-04 21:42:26 INFO     Training average negative_rule_loss at step 1400: 3.008970
2025-12-04 21:42:26 INFO     Training average L_uncertainty at step 1400: 32.783720
2025-12-04 21:42:26 INFO     Training average L_kl at step 1400: 32552.423770
2025-12-04 21:42:26 INFO     Training average L_sigma at step 1400: 23.129435
2025-12-04 21:42:26 INFO     Training average mu_mean at step 1400: -1.834036
2025-12-04 21:42:26 INFO     Training average sigma_mean at step 1400: 0.127663
2025-12-04 21:42:26 INFO     Training average regularization at step 1400: 0.006148
2025-12-04 21:42:26 INFO     Training average loss at step 1400: 2.825379
2025-12-04 21:43:22 INFO     Training average positive_fact_loss at step 1500: 0.317400
2025-12-04 21:43:22 INFO     Training average negative_fact_loss at step 1500: 0.298536
2025-12-04 21:43:22 INFO     Training average positive_rule_loss at step 1500: 1.357248
2025-12-04 21:43:22 INFO     Training average negative_rule_loss at step 1500: 3.006805
2025-12-04 21:43:22 INFO     Training average L_uncertainty at step 1500: 32.613670
2025-12-04 21:43:22 INFO     Training average L_kl at step 1500: 32371.559785
2025-12-04 21:43:22 INFO     Training average L_sigma at step 1500: 24.210894
2025-12-04 21:43:22 INFO     Training average mu_mean at step 1500: -1.824223
2025-12-04 21:43:22 INFO     Training average sigma_mean at step 1500: 0.127678
2025-12-04 21:43:22 INFO     Training average regularization at step 1500: 0.006149
2025-12-04 21:43:22 INFO     Training average loss at step 1500: 2.822280
2025-12-04 21:44:21 INFO     Training average positive_fact_loss at step 1600: 0.316566
2025-12-04 21:44:21 INFO     Training average negative_fact_loss at step 1600: 0.297838
2025-12-04 21:44:21 INFO     Training average positive_rule_loss at step 1600: 1.357190
2025-12-04 21:44:21 INFO     Training average negative_rule_loss at step 1600: 3.004865
2025-12-04 21:44:21 INFO     Training average L_uncertainty at step 1600: 32.511560
2025-12-04 21:44:21 INFO     Training average L_kl at step 1600: 32280.603066
2025-12-04 21:44:21 INFO     Training average L_sigma at step 1600: 23.095573
2025-12-04 21:44:21 INFO     Training average mu_mean at step 1600: -1.819241
2025-12-04 21:44:21 INFO     Training average sigma_mean at step 1600: 0.127676
2025-12-04 21:44:21 INFO     Training average regularization at step 1600: 0.006164
2025-12-04 21:44:21 INFO     Training average loss at step 1600: 2.819509
2025-12-04 21:45:17 INFO     Training average positive_fact_loss at step 1700: 0.316829
2025-12-04 21:45:17 INFO     Training average negative_fact_loss at step 1700: 0.297542
2025-12-04 21:45:17 INFO     Training average positive_rule_loss at step 1700: 1.357201
2025-12-04 21:45:17 INFO     Training average negative_rule_loss at step 1700: 3.002377
2025-12-04 21:45:17 INFO     Training average L_uncertainty at step 1700: 32.331911
2025-12-04 21:45:17 INFO     Training average L_kl at step 1700: 32096.137500
2025-12-04 21:45:17 INFO     Training average L_sigma at step 1700: 23.577156
2025-12-04 21:45:17 INFO     Training average mu_mean at step 1700: -1.809095
2025-12-04 21:45:17 INFO     Training average sigma_mean at step 1700: 0.127687
2025-12-04 21:45:17 INFO     Training average regularization at step 1700: 0.006159
2025-12-04 21:45:17 INFO     Training average loss at step 1700: 2.816453
2025-12-04 21:46:17 INFO     Training average positive_fact_loss at step 1800: 0.316757
2025-12-04 21:46:17 INFO     Training average negative_fact_loss at step 1800: 0.297357
2025-12-04 21:46:17 INFO     Training average positive_rule_loss at step 1800: 1.356657
2025-12-04 21:46:17 INFO     Training average negative_rule_loss at step 1800: 3.000104
2025-12-04 21:46:17 INFO     Training average L_uncertainty at step 1800: 32.224046
2025-12-04 21:46:17 INFO     Training average L_kl at step 1800: 32010.517363
2025-12-04 21:46:17 INFO     Training average L_sigma at step 1800: 21.352730
2025-12-04 21:46:17 INFO     Training average mu_mean at step 1800: -1.804225
2025-12-04 21:46:17 INFO     Training average sigma_mean at step 1800: 0.127686
2025-12-04 21:46:17 INFO     Training average regularization at step 1800: 0.006162
2025-12-04 21:46:17 INFO     Training average loss at step 1800: 2.813840
2025-12-04 21:47:13 INFO     Training average positive_fact_loss at step 1900: 0.317089
2025-12-04 21:47:13 INFO     Training average negative_fact_loss at step 1900: 0.296416
2025-12-04 21:47:13 INFO     Training average positive_rule_loss at step 1900: 1.356844
2025-12-04 21:47:13 INFO     Training average negative_rule_loss at step 1900: 2.996624
2025-12-04 21:47:13 INFO     Training average L_uncertainty at step 1900: 32.041186
2025-12-04 21:47:13 INFO     Training average L_kl at step 1900: 31830.048086
2025-12-04 21:47:13 INFO     Training average L_sigma at step 1900: 21.113622
2025-12-04 21:47:13 INFO     Training average mu_mean at step 1900: -1.793790
2025-12-04 21:47:13 INFO     Training average sigma_mean at step 1900: 0.127694
2025-12-04 21:47:13 INFO     Training average regularization at step 1900: 0.006166
2025-12-04 21:47:13 INFO     Training average loss at step 1900: 2.810065
2025-12-04 21:48:04 INFO     Training average positive_fact_loss at step 2000: 0.316932
2025-12-04 21:48:04 INFO     Training average negative_fact_loss at step 2000: 0.296531
2025-12-04 21:48:04 INFO     Training average positive_rule_loss at step 2000: 1.355208
2025-12-04 21:48:04 INFO     Training average negative_rule_loss at step 2000: 2.994095
2025-12-04 21:48:04 INFO     Training average L_uncertainty at step 2000: 31.942415
2025-12-04 21:48:04 INFO     Training average L_kl at step 2000: 31757.943320
2025-12-04 21:48:04 INFO     Training average L_sigma at step 2000: 18.446990
2025-12-04 21:48:04 INFO     Training average mu_mean at step 2000: -1.788604
2025-12-04 21:48:04 INFO     Training average sigma_mean at step 2000: 0.127692
2025-12-04 21:48:04 INFO     Training average regularization at step 2000: 0.006160
2025-12-04 21:48:04 INFO     Training average loss at step 2000: 2.806967
2025-12-04 21:48:04 INFO     Evaluating on Valid Dataset...
2025-12-04 21:48:04 INFO     >>>>> RuleE emb: Evaluating on valid
2025-12-04 21:48:14 INFO     Data : 4274
2025-12-04 21:48:14 INFO     Hit1 : 0.534394
2025-12-04 21:48:14 INFO     Hit3 : 0.762518
2025-12-04 21:48:14 INFO     Hit10: 0.940103
2025-12-04 21:48:14 INFO     MR   : 3.431680
2025-12-04 21:48:14 INFO     MRR  : 0.671283
2025-12-04 21:49:12 INFO     Training average positive_fact_loss at step 2100: 0.316365
2025-12-04 21:49:12 INFO     Training average negative_fact_loss at step 2100: 0.295969
2025-12-04 21:49:12 INFO     Training average positive_rule_loss at step 2100: 1.354709
2025-12-04 21:49:12 INFO     Training average negative_rule_loss at step 2100: 2.989891
2025-12-04 21:49:12 INFO     Training average L_uncertainty at step 2100: 31.781558
2025-12-04 21:49:12 INFO     Training average L_kl at step 2100: 31604.791738
2025-12-04 21:49:12 INFO     Training average L_sigma at step 2100: 17.676529
2025-12-04 21:49:12 INFO     Training average mu_mean at step 2100: -1.777900
2025-12-04 21:49:12 INFO     Training average sigma_mean at step 2100: 0.127699
2025-12-04 21:49:12 INFO     Training average regularization at step 2100: 0.006155
2025-12-04 21:49:12 INFO     Training average loss at step 2100: 2.802437
2025-12-04 21:50:12 INFO     Training average positive_fact_loss at step 2200: 0.316157
2025-12-04 21:50:12 INFO     Training average negative_fact_loss at step 2200: 0.295883
2025-12-04 21:50:12 INFO     Training average positive_rule_loss at step 2200: 1.353399
2025-12-04 21:50:12 INFO     Training average negative_rule_loss at step 2200: 2.986373
2025-12-04 21:50:12 INFO     Training average L_uncertainty at step 2200: 31.695506
2025-12-04 21:50:12 INFO     Training average L_kl at step 2200: 31538.691855
2025-12-04 21:50:12 INFO     Training average L_sigma at step 2200: 15.681313
2025-12-04 21:50:12 INFO     Training average mu_mean at step 2200: -1.771197
2025-12-04 21:50:12 INFO     Training average sigma_mean at step 2200: 0.127694
2025-12-04 21:50:12 INFO     Training average regularization at step 2200: 0.006151
2025-12-04 21:50:12 INFO     Training average loss at step 2200: 2.799013
2025-12-04 21:51:08 INFO     Training average positive_fact_loss at step 2300: 0.316009
2025-12-04 21:51:08 INFO     Training average negative_fact_loss at step 2300: 0.295742
2025-12-04 21:51:08 INFO     Training average positive_rule_loss at step 2300: 1.353742
2025-12-04 21:51:08 INFO     Training average negative_rule_loss at step 2300: 2.980801
2025-12-04 21:51:08 INFO     Training average L_uncertainty at step 2300: 31.543280
2025-12-04 21:51:08 INFO     Training average L_kl at step 2300: 31388.257969
2025-12-04 21:51:08 INFO     Training average L_sigma at step 2300: 15.502092
2025-12-04 21:51:08 INFO     Training average mu_mean at step 2300: -1.759405
2025-12-04 21:51:08 INFO     Training average sigma_mean at step 2300: 0.127699
2025-12-04 21:51:08 INFO     Training average regularization at step 2300: 0.006159
2025-12-04 21:51:08 INFO     Training average loss at step 2300: 2.794738
2025-12-04 21:52:08 INFO     Training average positive_fact_loss at step 2400: 0.315608
2025-12-04 21:52:08 INFO     Training average negative_fact_loss at step 2400: 0.295904
2025-12-04 21:52:08 INFO     Training average positive_rule_loss at step 2400: 1.353989
2025-12-04 21:52:08 INFO     Training average negative_rule_loss at step 2400: 2.976701
2025-12-04 21:52:08 INFO     Training average L_uncertainty at step 2400: 31.502176
2025-12-04 21:52:08 INFO     Training average L_kl at step 2400: 31358.840898
2025-12-04 21:52:08 INFO     Training average L_sigma at step 2400: 14.333367
2025-12-04 21:52:08 INFO     Training average mu_mean at step 2400: -1.754612
2025-12-04 21:52:08 INFO     Training average sigma_mean at step 2400: 0.127697
2025-12-04 21:52:08 INFO     Training average regularization at step 2400: 0.006149
2025-12-04 21:52:08 INFO     Training average loss at step 2400: 2.792271
2025-12-04 21:53:04 INFO     Training average positive_fact_loss at step 2500: 0.316121
2025-12-04 21:53:04 INFO     Training average negative_fact_loss at step 2500: 0.295444
2025-12-04 21:53:04 INFO     Training average positive_rule_loss at step 2500: 1.355252
2025-12-04 21:53:04 INFO     Training average negative_rule_loss at step 2500: 2.970057
2025-12-04 21:53:04 INFO     Training average L_uncertainty at step 2500: 31.359931
2025-12-04 21:53:04 INFO     Training average L_kl at step 2500: 31213.395625
2025-12-04 21:53:04 INFO     Training average L_sigma at step 2500: 14.653382
2025-12-04 21:53:04 INFO     Training average mu_mean at step 2500: -1.743096
2025-12-04 21:53:04 INFO     Training average sigma_mean at step 2500: 0.127696
2025-12-04 21:53:04 INFO     Training average regularization at step 2500: 0.006157
2025-12-04 21:53:04 INFO     Training average loss at step 2500: 2.788194
2025-12-04 21:53:59 INFO     Training average positive_fact_loss at step 2600: 0.316122
2025-12-04 21:53:59 INFO     Training average negative_fact_loss at step 2600: 0.295131
2025-12-04 21:53:59 INFO     Training average positive_rule_loss at step 2600: 1.357145
2025-12-04 21:53:59 INFO     Training average negative_rule_loss at step 2600: 2.964818
2025-12-04 21:53:59 INFO     Training average L_uncertainty at step 2600: 31.336672
2025-12-04 21:53:59 INFO     Training average L_kl at step 2600: 31198.243535
2025-12-04 21:53:59 INFO     Training average L_sigma at step 2600: 13.842739
2025-12-04 21:53:59 INFO     Training average mu_mean at step 2600: -1.739193
2025-12-04 21:53:59 INFO     Training average sigma_mean at step 2600: 0.127704
2025-12-04 21:53:59 INFO     Training average regularization at step 2600: 0.006168
2025-12-04 21:53:59 INFO     Training average loss at step 2600: 2.786143
2025-12-04 21:54:50 INFO     Training average positive_fact_loss at step 2700: 0.315918
2025-12-04 21:54:50 INFO     Training average negative_fact_loss at step 2700: 0.294648
2025-12-04 21:54:50 INFO     Training average positive_rule_loss at step 2700: 1.360004
2025-12-04 21:54:50 INFO     Training average negative_rule_loss at step 2700: 2.956887
2025-12-04 21:54:50 INFO     Training average L_uncertainty at step 2700: 31.220528
2025-12-04 21:54:50 INFO     Training average L_kl at step 2700: 31077.906328
2025-12-04 21:54:50 INFO     Training average L_sigma at step 2700: 14.261977
2025-12-04 21:54:50 INFO     Training average mu_mean at step 2700: -1.729535
2025-12-04 21:54:50 INFO     Training average sigma_mean at step 2700: 0.127707
2025-12-04 21:54:50 INFO     Training average regularization at step 2700: 0.006168
2025-12-04 21:54:50 INFO     Training average loss at step 2700: 2.782102
2025-12-04 21:55:50 INFO     Training average positive_fact_loss at step 2800: 0.315146
2025-12-04 21:55:50 INFO     Training average negative_fact_loss at step 2800: 0.294896
2025-12-04 21:55:50 INFO     Training average positive_rule_loss at step 2800: 1.362506
2025-12-04 21:55:50 INFO     Training average negative_rule_loss at step 2800: 2.951119
2025-12-04 21:55:50 INFO     Training average L_uncertainty at step 2800: 31.230644
2025-12-04 21:55:50 INFO     Training average L_kl at step 2800: 31092.802070
2025-12-04 21:55:50 INFO     Training average L_sigma at step 2800: 13.784089
2025-12-04 21:55:50 INFO     Training average mu_mean at step 2800: -1.727658
2025-12-04 21:55:50 INFO     Training average sigma_mean at step 2800: 0.127709
2025-12-04 21:55:50 INFO     Training average regularization at step 2800: 0.006155
2025-12-04 21:55:50 INFO     Training average loss at step 2800: 2.780295
2025-12-04 21:56:46 INFO     Training average positive_fact_loss at step 2900: 0.315608
2025-12-04 21:56:46 INFO     Training average negative_fact_loss at step 2900: 0.294772
2025-12-04 21:56:46 INFO     Training average positive_rule_loss at step 2900: 1.366390
2025-12-04 21:56:46 INFO     Training average negative_rule_loss at step 2900: 2.942685
2025-12-04 21:56:46 INFO     Training average L_uncertainty at step 2900: 31.133747
2025-12-04 21:56:46 INFO     Training average L_kl at step 2900: 30992.699590
2025-12-04 21:56:46 INFO     Training average L_sigma at step 2900: 14.104547
2025-12-04 21:56:46 INFO     Training average mu_mean at step 2900: -1.719325
2025-12-04 21:56:46 INFO     Training average sigma_mean at step 2900: 0.127707
2025-12-04 21:56:46 INFO     Training average regularization at step 2900: 0.006166
2025-12-04 21:56:46 INFO     Training average loss at step 2900: 2.777231
2025-12-04 21:57:46 INFO     Training average positive_fact_loss at step 3000: 0.315567
2025-12-04 21:57:46 INFO     Training average negative_fact_loss at step 3000: 0.294572
2025-12-04 21:57:46 INFO     Training average positive_rule_loss at step 3000: 1.368869
2025-12-04 21:57:46 INFO     Training average negative_rule_loss at step 3000: 2.937800
2025-12-04 21:57:46 INFO     Training average L_uncertainty at step 3000: 31.148399
2025-12-04 21:57:46 INFO     Training average L_kl at step 3000: 31009.902207
2025-12-04 21:57:46 INFO     Training average L_sigma at step 3000: 13.849539
2025-12-04 21:57:46 INFO     Training average mu_mean at step 3000: -1.718124
2025-12-04 21:57:46 INFO     Training average sigma_mean at step 3000: 0.127709
2025-12-04 21:57:46 INFO     Training average regularization at step 3000: 0.006161
2025-12-04 21:57:46 INFO     Training average loss at step 3000: 2.776049
2025-12-04 21:57:46 INFO     Evaluating on Valid Dataset...
2025-12-04 21:57:46 INFO     >>>>> RuleE emb: Evaluating on valid
2025-12-04 21:57:56 INFO     Data : 4274
2025-12-04 21:57:56 INFO     Hit1 : 0.520824
2025-12-04 21:57:56 INFO     Hit3 : 0.759710
2025-12-04 21:57:56 INFO     Hit10: 0.938465
2025-12-04 21:57:56 INFO     MR   : 3.482452
2025-12-04 21:57:56 INFO     MRR  : 0.662203
2025-12-04 21:58:51 INFO     Training average positive_fact_loss at step 3100: 0.315446
2025-12-04 21:58:51 INFO     Training average negative_fact_loss at step 3100: 0.294482
2025-12-04 21:58:51 INFO     Training average positive_rule_loss at step 3100: 1.375307
2025-12-04 21:58:51 INFO     Training average negative_rule_loss at step 3100: 2.927482
2025-12-04 21:58:51 INFO     Training average L_uncertainty at step 3100: 31.105797
2025-12-04 21:58:51 INFO     Training average L_kl at step 3100: 30960.473789
2025-12-04 21:58:51 INFO     Training average L_sigma at step 3100: 14.532156
2025-12-04 21:58:51 INFO     Training average mu_mean at step 3100: -1.713722
2025-12-04 21:58:51 INFO     Training average sigma_mean at step 3100: 0.127708
2025-12-04 21:58:51 INFO     Training average regularization at step 3100: 0.006158
2025-12-04 21:58:51 INFO     Training average loss at step 3100: 2.773575
2025-12-04 21:59:51 INFO     Training average positive_fact_loss at step 3200: 0.315747
2025-12-04 21:59:51 INFO     Training average negative_fact_loss at step 3200: 0.294376
2025-12-04 21:59:51 INFO     Training average positive_rule_loss at step 3200: 1.376229
2025-12-04 21:59:51 INFO     Training average negative_rule_loss at step 3200: 2.924691
2025-12-04 21:59:51 INFO     Training average L_uncertainty at step 3200: 31.092096
2025-12-04 21:59:51 INFO     Training average L_kl at step 3200: 30949.231074
2025-12-04 21:59:51 INFO     Training average L_sigma at step 3200: 14.286329
2025-12-04 21:59:51 INFO     Training average mu_mean at step 3200: -1.711638
2025-12-04 21:59:51 INFO     Training average sigma_mean at step 3200: 0.127711
2025-12-04 21:59:51 INFO     Training average regularization at step 3200: 0.006160
2025-12-04 21:59:51 INFO     Training average loss at step 3200: 2.772602
2025-12-04 22:00:38 INFO     Training average positive_fact_loss at step 3300: 0.315355
2025-12-04 22:00:38 INFO     Training average negative_fact_loss at step 3300: 0.294149
2025-12-04 22:00:38 INFO     Training average positive_rule_loss at step 3300: 1.380336
2025-12-04 22:00:38 INFO     Training average negative_rule_loss at step 3300: 2.917634
2025-12-04 22:00:38 INFO     Training average L_uncertainty at step 3300: 31.018545
2025-12-04 22:00:38 INFO     Training average L_kl at step 3300: 30868.065176
2025-12-04 22:00:38 INFO     Training average L_sigma at step 3300: 15.047831
2025-12-04 22:00:38 INFO     Training average mu_mean at step 3300: -1.705391
2025-12-04 22:00:38 INFO     Training average sigma_mean at step 3300: 0.127709
2025-12-04 22:00:38 INFO     Training average regularization at step 3300: 0.006166
2025-12-04 22:00:38 INFO     Training average loss at step 3300: 2.770089
2025-12-04 22:01:38 INFO     Training average positive_fact_loss at step 3400: 0.315335
2025-12-04 22:01:38 INFO     Training average negative_fact_loss at step 3400: 0.293615
2025-12-04 22:01:38 INFO     Training average positive_rule_loss at step 3400: 1.384246
2025-12-04 22:01:38 INFO     Training average negative_rule_loss at step 3400: 2.911117
2025-12-04 22:01:38 INFO     Training average L_uncertainty at step 3400: 31.047352
2025-12-04 22:01:38 INFO     Training average L_kl at step 3400: 30902.457363
2025-12-04 22:01:38 INFO     Training average L_sigma at step 3400: 14.489304
2025-12-04 22:01:38 INFO     Training average mu_mean at step 3400: -1.705635
2025-12-04 22:01:38 INFO     Training average sigma_mean at step 3400: 0.127712
2025-12-04 22:01:38 INFO     Training average regularization at step 3400: 0.006180
2025-12-04 22:01:38 INFO     Training average loss at step 3400: 2.768810
2025-12-04 22:02:34 INFO     Training average positive_fact_loss at step 3500: 0.315442
2025-12-04 22:02:34 INFO     Training average negative_fact_loss at step 3500: 0.294134
2025-12-04 22:02:34 INFO     Training average positive_rule_loss at step 3500: 1.388669
2025-12-04 22:02:34 INFO     Training average negative_rule_loss at step 3500: 2.904296
2025-12-04 22:02:34 INFO     Training average L_uncertainty at step 3500: 30.977419
2025-12-04 22:02:34 INFO     Training average L_kl at step 3500: 30824.266543
2025-12-04 22:02:34 INFO     Training average L_sigma at step 3500: 15.315110
2025-12-04 22:02:34 INFO     Training average mu_mean at step 3500: -1.699951
2025-12-04 22:02:34 INFO     Training average sigma_mean at step 3500: 0.127711
2025-12-04 22:02:34 INFO     Training average regularization at step 3500: 0.006160
2025-12-04 22:02:34 INFO     Training average loss at step 3500: 2.767205
2025-12-04 22:03:34 INFO     Training average positive_fact_loss at step 3600: 0.315505
2025-12-04 22:03:34 INFO     Training average negative_fact_loss at step 3600: 0.294047
2025-12-04 22:03:34 INFO     Training average positive_rule_loss at step 3600: 1.393539
2025-12-04 22:03:34 INFO     Training average negative_rule_loss at step 3600: 2.897337
2025-12-04 22:03:34 INFO     Training average L_uncertainty at step 3600: 31.008512
2025-12-04 22:03:34 INFO     Training average L_kl at step 3600: 30858.247344
2025-12-04 22:03:34 INFO     Training average L_sigma at step 3600: 15.026329
2025-12-04 22:03:34 INFO     Training average mu_mean at step 3600: -1.701095
2025-12-04 22:03:34 INFO     Training average sigma_mean at step 3600: 0.127716
2025-12-04 22:03:34 INFO     Training average regularization at step 3600: 0.006150
2025-12-04 22:03:34 INFO     Training average loss at step 3600: 2.766449
2025-12-04 22:04:30 INFO     Training average positive_fact_loss at step 3700: 0.314823
2025-12-04 22:04:30 INFO     Training average negative_fact_loss at step 3700: 0.293894
2025-12-04 22:04:30 INFO     Training average positive_rule_loss at step 3700: 1.395619
2025-12-04 22:04:30 INFO     Training average negative_rule_loss at step 3700: 2.891926
2025-12-04 22:04:30 INFO     Training average L_uncertainty at step 3700: 30.972380
2025-12-04 22:04:30 INFO     Training average L_kl at step 3700: 30812.346895
2025-12-04 22:04:30 INFO     Training average L_sigma at step 3700: 16.003134
2025-12-04 22:04:30 INFO     Training average mu_mean at step 3700: -1.697070
2025-12-04 22:04:30 INFO     Training average sigma_mean at step 3700: 0.127712
2025-12-04 22:04:30 INFO     Training average regularization at step 3700: 0.006164
2025-12-04 22:04:30 INFO     Training average loss at step 3700: 2.764018
2025-12-04 22:05:30 INFO     Training average positive_fact_loss at step 3800: 0.314838
2025-12-04 22:05:30 INFO     Training average negative_fact_loss at step 3800: 0.293485
2025-12-04 22:05:30 INFO     Training average positive_rule_loss at step 3800: 1.398614
2025-12-04 22:05:30 INFO     Training average negative_rule_loss at step 3800: 2.887936
2025-12-04 22:05:30 INFO     Training average L_uncertainty at step 3800: 30.963923
2025-12-04 22:05:30 INFO     Training average L_kl at step 3800: 30813.905957
2025-12-04 22:05:30 INFO     Training average L_sigma at step 3800: 15.001562
2025-12-04 22:05:30 INFO     Training average mu_mean at step 3800: -1.695910
2025-12-04 22:05:30 INFO     Training average sigma_mean at step 3800: 0.127712
2025-12-04 22:05:30 INFO     Training average regularization at step 3800: 0.006176
2025-12-04 22:05:30 INFO     Training average loss at step 3800: 2.763252
2025-12-04 22:06:21 INFO     Training average positive_fact_loss at step 3900: 0.315105
2025-12-04 22:06:21 INFO     Training average negative_fact_loss at step 3900: 0.293890
2025-12-04 22:06:21 INFO     Training average positive_rule_loss at step 3900: 1.400859
2025-12-04 22:06:21 INFO     Training average negative_rule_loss at step 3900: 2.883650
2025-12-04 22:06:21 INFO     Training average L_uncertainty at step 3900: 30.909989
2025-12-04 22:06:21 INFO     Training average L_kl at step 3900: 30751.889219
2025-12-04 22:06:21 INFO     Training average L_sigma at step 3900: 15.809822
2025-12-04 22:06:21 INFO     Training average mu_mean at step 3900: -1.691402
2025-12-04 22:06:21 INFO     Training average sigma_mean at step 3900: 0.127713
2025-12-04 22:06:21 INFO     Training average regularization at step 3900: 0.006173
2025-12-04 22:06:21 INFO     Training average loss at step 3900: 2.762024
2025-12-04 22:07:17 INFO     Training average positive_fact_loss at step 4000: 0.315104
2025-12-04 22:07:17 INFO     Training average negative_fact_loss at step 4000: 0.293324
2025-12-04 22:07:17 INFO     Training average positive_rule_loss at step 4000: 1.404952
2025-12-04 22:07:17 INFO     Training average negative_rule_loss at step 4000: 2.877350
2025-12-04 22:07:17 INFO     Training average L_uncertainty at step 4000: 30.912396
2025-12-04 22:07:17 INFO     Training average L_kl at step 4000: 30762.064961
2025-12-04 22:07:17 INFO     Training average L_sigma at step 4000: 15.032927
2025-12-04 22:07:17 INFO     Training average mu_mean at step 4000: -1.690886
2025-12-04 22:07:17 INFO     Training average sigma_mean at step 4000: 0.127715
2025-12-04 22:07:17 INFO     Training average regularization at step 4000: 0.006177
2025-12-04 22:07:17 INFO     Training average loss at step 4000: 2.760667
2025-12-04 22:07:17 INFO     Evaluating on Valid Dataset...
2025-12-04 22:07:17 INFO     >>>>> RuleE emb: Evaluating on valid
2025-12-04 22:07:27 INFO     Data : 4274
2025-12-04 22:07:27 INFO     Hit1 : 0.522929
2025-12-04 22:07:27 INFO     Hit3 : 0.766495
2025-12-04 22:07:27 INFO     Hit10: 0.941741
2025-12-04 22:07:27 INFO     MR   : 3.423491
2025-12-04 22:07:27 INFO     MRR  : 0.665887
2025-12-04 22:08:22 INFO     Training average positive_fact_loss at step 4100: 0.315806
2025-12-04 22:08:22 INFO     Training average negative_fact_loss at step 4100: 0.293110
2025-12-04 22:08:22 INFO     Training average positive_rule_loss at step 4100: 1.406386
2025-12-04 22:08:22 INFO     Training average negative_rule_loss at step 4100: 2.874371
2025-12-04 22:08:22 INFO     Training average L_uncertainty at step 4100: 30.856707
2025-12-04 22:08:22 INFO     Training average L_kl at step 4100: 30699.563613
2025-12-04 22:08:22 INFO     Training average L_sigma at step 4100: 15.714161
2025-12-04 22:08:22 INFO     Training average mu_mean at step 4100: -1.686383
2025-12-04 22:08:22 INFO     Training average sigma_mean at step 4100: 0.127713
2025-12-04 22:08:22 INFO     Training average regularization at step 4100: 0.006167
2025-12-04 22:08:22 INFO     Training average loss at step 4100: 2.759571
2025-12-04 22:09:22 INFO     Training average positive_fact_loss at step 4200: 0.314043
2025-12-04 22:09:22 INFO     Training average negative_fact_loss at step 4200: 0.293508
2025-12-04 22:09:22 INFO     Training average positive_rule_loss at step 4200: 1.410873
2025-12-04 22:09:22 INFO     Training average negative_rule_loss at step 4200: 2.867688
2025-12-04 22:09:22 INFO     Training average L_uncertainty at step 4200: 30.894369
2025-12-04 22:09:22 INFO     Training average L_kl at step 4200: 30741.719570
2025-12-04 22:09:22 INFO     Training average L_sigma at step 4200: 15.264816
2025-12-04 22:09:22 INFO     Training average mu_mean at step 4200: -1.687577
2025-12-04 22:09:22 INFO     Training average sigma_mean at step 4200: 0.127713
2025-12-04 22:09:22 INFO     Training average regularization at step 4200: 0.006165
2025-12-04 22:09:22 INFO     Training average loss at step 4200: 2.758164
2025-12-04 22:10:18 INFO     Training average positive_fact_loss at step 4300: 0.314698
2025-12-04 22:10:18 INFO     Training average negative_fact_loss at step 4300: 0.293399
2025-12-04 22:10:18 INFO     Training average positive_rule_loss at step 4300: 1.411784
2025-12-04 22:10:18 INFO     Training average negative_rule_loss at step 4300: 2.863601
2025-12-04 22:10:18 INFO     Training average L_uncertainty at step 4300: 30.820845
2025-12-04 22:10:18 INFO     Training average L_kl at step 4300: 30663.804902
2025-12-04 22:10:18 INFO     Training average L_sigma at step 4300: 15.703887
2025-12-04 22:10:18 INFO     Training average mu_mean at step 4300: -1.681661
2025-12-04 22:10:18 INFO     Training average sigma_mean at step 4300: 0.127712
2025-12-04 22:10:18 INFO     Training average regularization at step 4300: 0.006176
2025-12-04 22:10:18 INFO     Training average loss at step 4300: 2.756126
2025-12-04 22:11:18 INFO     Training average positive_fact_loss at step 4400: 0.314386
2025-12-04 22:11:18 INFO     Training average negative_fact_loss at step 4400: 0.293003
2025-12-04 22:11:18 INFO     Training average positive_rule_loss at step 4400: 1.415689
2025-12-04 22:11:18 INFO     Training average negative_rule_loss at step 4400: 2.858859
2025-12-04 22:11:18 INFO     Training average L_uncertainty at step 4400: 30.820693
2025-12-04 22:11:18 INFO     Training average L_kl at step 4400: 30670.405234
2025-12-04 22:11:18 INFO     Training average L_sigma at step 4400: 15.028591
2025-12-04 22:11:18 INFO     Training average mu_mean at step 4400: -1.681771
2025-12-04 22:11:18 INFO     Training average sigma_mean at step 4400: 0.127715
2025-12-04 22:11:18 INFO     Training average regularization at step 4400: 0.006177
2025-12-04 22:11:18 INFO     Training average loss at step 4400: 2.755352
2025-12-04 22:12:13 INFO     Training average positive_fact_loss at step 4500: 0.315208
2025-12-04 22:12:13 INFO     Training average negative_fact_loss at step 4500: 0.293322
2025-12-04 22:12:13 INFO     Training average positive_rule_loss at step 4500: 1.418112
2025-12-04 22:12:13 INFO     Training average negative_rule_loss at step 4500: 2.854760
2025-12-04 22:12:13 INFO     Training average L_uncertainty at step 4500: 30.756636
2025-12-04 22:12:13 INFO     Training average L_kl at step 4500: 30601.707051
2025-12-04 22:12:13 INFO     Training average L_sigma at step 4500: 15.492776
2025-12-04 22:12:13 INFO     Training average mu_mean at step 4500: -1.676917
2025-12-04 22:12:13 INFO     Training average sigma_mean at step 4500: 0.127714
2025-12-04 22:12:13 INFO     Training average regularization at step 4500: 0.006176
2025-12-04 22:12:13 INFO     Training average loss at step 4500: 2.754444
2025-12-04 22:13:05 INFO     Training average positive_fact_loss at step 4600: 0.314959
2025-12-04 22:13:05 INFO     Training average negative_fact_loss at step 4600: 0.292814
2025-12-04 22:13:05 INFO     Training average positive_rule_loss at step 4600: 1.418498
2025-12-04 22:13:05 INFO     Training average negative_rule_loss at step 4600: 2.852026
2025-12-04 22:13:05 INFO     Training average L_uncertainty at step 4600: 30.765528
2025-12-04 22:13:05 INFO     Training average L_kl at step 4600: 30618.898145
2025-12-04 22:13:05 INFO     Training average L_sigma at step 4600: 14.662831
2025-12-04 22:13:05 INFO     Training average mu_mean at step 4600: -1.676235
2025-12-04 22:13:05 INFO     Training average sigma_mean at step 4600: 0.127715
2025-12-04 22:13:05 INFO     Training average regularization at step 4600: 0.006178
2025-12-04 22:13:05 INFO     Training average loss at step 4600: 2.752982
2025-12-04 22:14:00 INFO     Training average positive_fact_loss at step 4700: 0.314285
2025-12-04 22:14:00 INFO     Training average negative_fact_loss at step 4700: 0.292850
2025-12-04 22:14:00 INFO     Training average positive_rule_loss at step 4700: 1.422800
2025-12-04 22:14:00 INFO     Training average negative_rule_loss at step 4700: 2.846184
2025-12-04 22:14:00 INFO     Training average L_uncertainty at step 4700: 30.720521
2025-12-04 22:14:00 INFO     Training average L_kl at step 4700: 30568.699590
2025-12-04 22:14:00 INFO     Training average L_sigma at step 4700: 15.181987
2025-12-04 22:14:00 INFO     Training average mu_mean at step 4700: -1.672438
2025-12-04 22:14:00 INFO     Training average sigma_mean at step 4700: 0.127712
2025-12-04 22:14:00 INFO     Training average regularization at step 4700: 0.006186
2025-12-04 22:14:00 INFO     Training average loss at step 4700: 2.751450
2025-12-04 22:15:00 INFO     Training average positive_fact_loss at step 4800: 0.314449
2025-12-04 22:15:00 INFO     Training average negative_fact_loss at step 4800: 0.292887
2025-12-04 22:15:00 INFO     Training average positive_rule_loss at step 4800: 1.424389
2025-12-04 22:15:00 INFO     Training average negative_rule_loss at step 4800: 2.843065
2025-12-04 22:15:00 INFO     Training average L_uncertainty at step 4800: 30.725958
2025-12-04 22:15:00 INFO     Training average L_kl at step 4800: 30576.962070
2025-12-04 22:15:00 INFO     Training average L_sigma at step 4800: 14.899436
2025-12-04 22:15:00 INFO     Training average mu_mean at step 4800: -1.671762
2025-12-04 22:15:00 INFO     Training average sigma_mean at step 4800: 0.127714
2025-12-04 22:15:00 INFO     Training average regularization at step 4800: 0.006184
2025-12-04 22:15:00 INFO     Training average loss at step 4800: 2.750839
2025-12-04 22:15:56 INFO     Training average positive_fact_loss at step 4900: 0.314710
2025-12-04 22:15:56 INFO     Training average negative_fact_loss at step 4900: 0.292827
2025-12-04 22:15:56 INFO     Training average positive_rule_loss at step 4900: 1.423869
2025-12-04 22:15:56 INFO     Training average negative_rule_loss at step 4900: 2.840605
2025-12-04 22:15:56 INFO     Training average L_uncertainty at step 4900: 30.646382
2025-12-04 22:15:56 INFO     Training average L_kl at step 4900: 30495.537051
2025-12-04 22:15:56 INFO     Training average L_sigma at step 4900: 15.084311
2025-12-04 22:15:56 INFO     Training average mu_mean at step 4900: -1.665349
2025-12-04 22:15:56 INFO     Training average sigma_mean at step 4900: 0.127710
2025-12-04 22:15:56 INFO     Training average regularization at step 4900: 0.006182
2025-12-04 22:15:56 INFO     Training average loss at step 4900: 2.748651
2025-12-04 22:16:56 INFO     Training average positive_fact_loss at step 5000: 0.314418
2025-12-04 22:16:56 INFO     Training average negative_fact_loss at step 5000: 0.293150
2025-12-04 22:16:56 INFO     Training average positive_rule_loss at step 5000: 1.426533
2025-12-04 22:16:56 INFO     Training average negative_rule_loss at step 5000: 2.836949
2025-12-04 22:16:56 INFO     Training average L_uncertainty at step 5000: 30.640656
2025-12-04 22:16:56 INFO     Training average L_kl at step 5000: 30497.070820
2025-12-04 22:16:56 INFO     Training average L_sigma at step 5000: 14.358404
2025-12-04 22:16:56 INFO     Training average mu_mean at step 5000: -1.664048
2025-12-04 22:16:56 INFO     Training average sigma_mean at step 5000: 0.127713
2025-12-04 22:16:56 INFO     Training average regularization at step 5000: 0.006175
2025-12-04 22:16:56 INFO     Training average loss at step 5000: 2.748107
2025-12-04 22:16:56 INFO     Evaluating on Valid Dataset...
2025-12-04 22:16:56 INFO     >>>>> RuleE emb: Evaluating on valid
2025-12-04 22:17:06 INFO     Data : 4274
2025-12-04 22:17:06 INFO     Hit1 : 0.523865
2025-12-04 22:17:06 INFO     Hit3 : 0.772110
2025-12-04 22:17:06 INFO     Hit10: 0.943379
2025-12-04 22:17:06 INFO     MR   : 3.419279
2025-12-04 22:17:06 INFO     MRR  : 0.667115
2025-12-04 22:18:02 INFO     Training average positive_fact_loss at step 5100: 0.315076
2025-12-04 22:18:02 INFO     Training average negative_fact_loss at step 5100: 0.293121
2025-12-04 22:18:02 INFO     Training average positive_rule_loss at step 5100: 1.429225
2025-12-04 22:18:02 INFO     Training average negative_rule_loss at step 5100: 2.832113
2025-12-04 22:18:02 INFO     Training average L_uncertainty at step 5100: 30.598538
2025-12-04 22:18:02 INFO     Training average L_kl at step 5100: 30447.033574
2025-12-04 22:18:02 INFO     Training average L_sigma at step 5100: 15.150298
2025-12-04 22:18:02 INFO     Training average mu_mean at step 5100: -1.660851
2025-12-04 22:18:02 INFO     Training average sigma_mean at step 5100: 0.127710
2025-12-04 22:18:02 INFO     Training average regularization at step 5100: 0.006179
2025-12-04 22:18:02 INFO     Training average loss at step 5100: 2.746932
2025-12-04 22:18:57 INFO     Training average positive_fact_loss at step 5200: 0.314359
2025-12-04 22:18:57 INFO     Training average negative_fact_loss at step 5200: 0.292096
2025-12-04 22:18:57 INFO     Training average positive_rule_loss at step 5200: 1.432551
2025-12-04 22:18:57 INFO     Training average negative_rule_loss at step 5200: 2.827167
2025-12-04 22:18:57 INFO     Training average L_uncertainty at step 5200: 30.610383
2025-12-04 22:18:57 INFO     Training average L_kl at step 5200: 30466.868125
2025-12-04 22:18:57 INFO     Training average L_sigma at step 5200: 14.351308
2025-12-04 22:18:57 INFO     Training average mu_mean at step 5200: -1.660638
2025-12-04 22:18:57 INFO     Training average sigma_mean at step 5200: 0.127714
2025-12-04 22:18:57 INFO     Training average regularization at step 5200: 0.006188
2025-12-04 22:18:57 INFO     Training average loss at step 5200: 2.745378
2025-12-04 22:19:49 INFO     Training average positive_fact_loss at step 5300: 0.314646
2025-12-04 22:19:49 INFO     Training average negative_fact_loss at step 5300: 0.292426
2025-12-04 22:19:49 INFO     Training average positive_rule_loss at step 5300: 1.432913
2025-12-04 22:19:49 INFO     Training average negative_rule_loss at step 5300: 2.824923
2025-12-04 22:19:49 INFO     Training average L_uncertainty at step 5300: 30.539852
2025-12-04 22:19:49 INFO     Training average L_kl at step 5300: 30390.542051
2025-12-04 22:19:49 INFO     Training average L_sigma at step 5300: 14.930901
2025-12-04 22:19:49 INFO     Training average mu_mean at step 5300: -1.655086
2025-12-04 22:19:49 INFO     Training average sigma_mean at step 5300: 0.127714
2025-12-04 22:19:49 INFO     Training average regularization at step 5300: 0.006184
2025-12-04 22:19:49 INFO     Training average loss at step 5300: 2.744036
2025-12-04 22:20:49 INFO     Training average positive_fact_loss at step 5400: 0.314028
2025-12-04 22:20:49 INFO     Training average negative_fact_loss at step 5400: 0.292544
2025-12-04 22:20:49 INFO     Training average positive_rule_loss at step 5400: 1.429732
2025-12-04 22:20:49 INFO     Training average negative_rule_loss at step 5400: 2.826497
2025-12-04 22:20:49 INFO     Training average L_uncertainty at step 5400: 30.489471
2025-12-04 22:20:49 INFO     Training average L_kl at step 5400: 30350.873848
2025-12-04 22:20:49 INFO     Training average L_sigma at step 5400: 13.859604
2025-12-04 22:20:49 INFO     Training average mu_mean at step 5400: -1.651338
2025-12-04 22:20:49 INFO     Training average sigma_mean at step 5400: 0.127711
2025-12-04 22:20:49 INFO     Training average regularization at step 5400: 0.006184
2025-12-04 22:20:49 INFO     Training average loss at step 5400: 2.742479
2025-12-04 22:21:44 INFO     Training average positive_fact_loss at step 5500: 0.314640
2025-12-04 22:21:44 INFO     Training average negative_fact_loss at step 5500: 0.292748
2025-12-04 22:21:44 INFO     Training average positive_rule_loss at step 5500: 1.434288
2025-12-04 22:21:44 INFO     Training average negative_rule_loss at step 5500: 2.819397
2025-12-04 22:21:44 INFO     Training average L_uncertainty at step 5500: 30.475386
2025-12-04 22:21:44 INFO     Training average L_kl at step 5500: 30330.463750
2025-12-04 22:21:44 INFO     Training average L_sigma at step 5500: 14.492087
2025-12-04 22:21:44 INFO     Training average mu_mean at step 5500: -1.648562
2025-12-04 22:21:44 INFO     Training average sigma_mean at step 5500: 0.127710
2025-12-04 22:21:44 INFO     Training average regularization at step 5500: 0.006175
2025-12-04 22:21:44 INFO     Training average loss at step 5500: 2.741466
2025-12-04 22:22:45 INFO     Training average positive_fact_loss at step 5600: 0.313833
2025-12-04 22:22:45 INFO     Training average negative_fact_loss at step 5600: 0.292636
2025-12-04 22:22:45 INFO     Training average positive_rule_loss at step 5600: 1.433155
2025-12-04 22:22:45 INFO     Training average negative_rule_loss at step 5600: 2.819295
2025-12-04 22:22:45 INFO     Training average L_uncertainty at step 5600: 30.421886
2025-12-04 22:22:45 INFO     Training average L_kl at step 5600: 30283.466309
2025-12-04 22:22:45 INFO     Training average L_sigma at step 5600: 13.841776
2025-12-04 22:22:45 INFO     Training average mu_mean at step 5600: -1.644627
2025-12-04 22:22:45 INFO     Training average sigma_mean at step 5600: 0.127709
2025-12-04 22:22:45 INFO     Training average regularization at step 5600: 0.006174
2025-12-04 22:22:45 INFO     Training average loss at step 5600: 2.739852
2025-12-04 22:23:41 INFO     Training average positive_fact_loss at step 5700: 0.314972
2025-12-04 22:23:41 INFO     Training average negative_fact_loss at step 5700: 0.292785
2025-12-04 22:23:41 INFO     Training average positive_rule_loss at step 5700: 1.436487
2025-12-04 22:23:41 INFO     Training average negative_rule_loss at step 5700: 2.812890
2025-12-04 22:23:41 INFO     Training average L_uncertainty at step 5700: 30.375418
2025-12-04 22:23:41 INFO     Training average L_kl at step 5700: 30233.849375
2025-12-04 22:23:41 INFO     Training average L_sigma at step 5700: 14.156729
2025-12-04 22:23:41 INFO     Training average mu_mean at step 5700: -1.640374
2025-12-04 22:23:41 INFO     Training average sigma_mean at step 5700: 0.127713
2025-12-04 22:23:41 INFO     Training average regularization at step 5700: 0.006184
2025-12-04 22:23:41 INFO     Training average loss at step 5700: 2.738505
2025-12-04 22:24:41 INFO     Training average positive_fact_loss at step 5800: 0.314091
2025-12-04 22:24:41 INFO     Training average negative_fact_loss at step 5800: 0.292522
2025-12-04 22:24:41 INFO     Training average positive_rule_loss at step 5800: 1.436287
2025-12-04 22:24:41 INFO     Training average negative_rule_loss at step 5800: 2.812411
2025-12-04 22:24:41 INFO     Training average L_uncertainty at step 5800: 30.364491
2025-12-04 22:24:41 INFO     Training average L_kl at step 5800: 30227.992695
2025-12-04 22:24:41 INFO     Training average L_sigma at step 5800: 13.649681
2025-12-04 22:24:41 INFO     Training average mu_mean at step 5800: -1.639290
2025-12-04 22:24:41 INFO     Training average sigma_mean at step 5800: 0.127712
2025-12-04 22:24:41 INFO     Training average regularization at step 5800: 0.006177
2025-12-04 22:24:41 INFO     Training average loss at step 5800: 2.737477
2025-12-04 22:25:28 INFO     Training average positive_fact_loss at step 5900: 0.315047
2025-12-04 22:25:28 INFO     Training average negative_fact_loss at step 5900: 0.292255
2025-12-04 22:25:28 INFO     Training average positive_rule_loss at step 5900: 1.437297
2025-12-04 22:25:28 INFO     Training average negative_rule_loss at step 5900: 2.809235
2025-12-04 22:25:28 INFO     Training average L_uncertainty at step 5900: 30.309611
2025-12-04 22:25:28 INFO     Training average L_kl at step 5900: 30172.693008
2025-12-04 22:25:28 INFO     Training average L_sigma at step 5900: 13.691691
2025-12-04 22:25:28 INFO     Training average mu_mean at step 5900: -1.634217
2025-12-04 22:25:28 INFO     Training average sigma_mean at step 5900: 0.127709
2025-12-04 22:25:28 INFO     Training average regularization at step 5900: 0.006187
2025-12-04 22:25:28 INFO     Training average loss at step 5900: 2.736199
2025-12-04 22:26:28 INFO     Training average positive_fact_loss at step 6000: 0.314356
2025-12-04 22:26:28 INFO     Training average negative_fact_loss at step 6000: 0.292241
2025-12-04 22:26:28 INFO     Training average positive_rule_loss at step 6000: 1.437318
2025-12-04 22:26:28 INFO     Training average negative_rule_loss at step 6000: 2.806724
2025-12-04 22:26:28 INFO     Training average L_uncertainty at step 6000: 30.291043
2025-12-04 22:26:28 INFO     Training average L_kl at step 6000: 30157.884316
2025-12-04 22:26:28 INFO     Training average L_sigma at step 6000: 13.315729
2025-12-04 22:26:28 INFO     Training average mu_mean at step 6000: -1.632149
2025-12-04 22:26:28 INFO     Training average sigma_mean at step 6000: 0.127708
2025-12-04 22:26:28 INFO     Training average regularization at step 6000: 0.006180
2025-12-04 22:26:28 INFO     Training average loss at step 6000: 2.734410
2025-12-04 22:26:28 INFO     Evaluating on Valid Dataset...
2025-12-04 22:26:28 INFO     >>>>> RuleE emb: Evaluating on valid
2025-12-04 22:26:38 INFO     Data : 4274
2025-12-04 22:26:38 INFO     Hit1 : 0.535330
2025-12-04 22:26:38 INFO     Hit3 : 0.768601
2025-12-04 22:26:38 INFO     Hit10: 0.940103
2025-12-04 22:26:38 INFO     MR   : 3.430744
2025-12-04 22:26:38 INFO     MRR  : 0.672541
2025-12-04 22:27:35 INFO     Training average positive_fact_loss at step 6100: 0.313813
2025-12-04 22:27:35 INFO     Training average negative_fact_loss at step 6100: 0.292275
2025-12-04 22:27:35 INFO     Training average positive_rule_loss at step 6100: 1.439443
2025-12-04 22:27:35 INFO     Training average negative_rule_loss at step 6100: 2.802044
2025-12-04 22:27:35 INFO     Training average L_uncertainty at step 6100: 30.228469
2025-12-04 22:27:35 INFO     Training average L_kl at step 6100: 30093.242656
2025-12-04 22:27:35 INFO     Training average L_sigma at step 6100: 13.522493
2025-12-04 22:27:35 INFO     Training average mu_mean at step 6100: -1.626453
2025-12-04 22:27:35 INFO     Training average sigma_mean at step 6100: 0.127712
2025-12-04 22:27:35 INFO     Training average regularization at step 6100: 0.006183
2025-12-04 22:27:35 INFO     Training average loss at step 6100: 2.732256
2025-12-04 22:28:35 INFO     Training average positive_fact_loss at step 6200: 0.314486
2025-12-04 22:28:35 INFO     Training average negative_fact_loss at step 6200: 0.292054
2025-12-04 22:28:35 INFO     Training average positive_rule_loss at step 6200: 1.440636
2025-12-04 22:28:35 INFO     Training average negative_rule_loss at step 6200: 2.800577
2025-12-04 22:28:35 INFO     Training average L_uncertainty at step 6200: 30.197391
2025-12-04 22:28:35 INFO     Training average L_kl at step 6200: 30067.706641
2025-12-04 22:28:35 INFO     Training average L_sigma at step 6200: 12.968343
2025-12-04 22:28:35 INFO     Training average mu_mean at step 6200: -1.624110
2025-12-04 22:28:35 INFO     Training average sigma_mean at step 6200: 0.127707
2025-12-04 22:28:35 INFO     Training average regularization at step 6200: 0.006188
2025-12-04 22:28:35 INFO     Training average loss at step 6200: 2.732039
2025-12-04 22:30:00 INFO     Training average positive_fact_loss at step 6300: 0.313730
2025-12-04 22:30:00 INFO     Training average negative_fact_loss at step 6300: 0.292583
2025-12-04 22:30:00 INFO     Training average positive_rule_loss at step 6300: 1.440982
2025-12-04 22:30:00 INFO     Training average negative_rule_loss at step 6300: 2.796974
2025-12-04 22:30:00 INFO     Training average L_uncertainty at step 6300: 30.176859
2025-12-04 22:30:00 INFO     Training average L_kl at step 6300: 30043.082266
2025-12-04 22:30:00 INFO     Training average L_sigma at step 6300: 13.377559
2025-12-04 22:30:00 INFO     Training average mu_mean at step 6300: -1.621338
2025-12-04 22:30:00 INFO     Training average sigma_mean at step 6300: 0.127710
2025-12-04 22:30:00 INFO     Training average regularization at step 6300: 0.006183
2025-12-04 22:30:00 INFO     Training average loss at step 6300: 2.730086
2025-12-04 22:31:44 INFO     Training average positive_fact_loss at step 6400: 0.313843
2025-12-04 22:31:44 INFO     Training average negative_fact_loss at step 6400: 0.292132
2025-12-04 22:31:44 INFO     Training average positive_rule_loss at step 6400: 1.438405
2025-12-04 22:31:44 INFO     Training average negative_rule_loss at step 6400: 2.797888
2025-12-04 22:31:44 INFO     Training average L_uncertainty at step 6400: 30.121222
2025-12-04 22:31:44 INFO     Training average L_kl at step 6400: 29994.546035
2025-12-04 22:31:44 INFO     Training average L_sigma at step 6400: 12.667431
2025-12-04 22:31:44 INFO     Training average mu_mean at step 6400: -1.616471
2025-12-04 22:31:44 INFO     Training average sigma_mean at step 6400: 0.127711
2025-12-04 22:31:44 INFO     Training average regularization at step 6400: 0.006190
2025-12-04 22:31:44 INFO     Training average loss at step 6400: 2.728536
2025-12-04 22:33:10 INFO     Training average positive_fact_loss at step 6500: 0.314644
2025-12-04 22:33:10 INFO     Training average negative_fact_loss at step 6500: 0.292289
2025-12-04 22:33:10 INFO     Training average positive_rule_loss at step 6500: 1.440640
2025-12-04 22:33:10 INFO     Training average negative_rule_loss at step 6500: 2.793155
2025-12-04 22:33:10 INFO     Training average L_uncertainty at step 6500: 30.058401
2025-12-04 22:33:10 INFO     Training average L_kl at step 6500: 29931.465020
2025-12-04 22:33:10 INFO     Training average L_sigma at step 6500: 12.693485
2025-12-04 22:33:10 INFO     Training average mu_mean at step 6500: -1.610875
2025-12-04 22:33:10 INFO     Training average sigma_mean at step 6500: 0.127706
2025-12-04 22:33:10 INFO     Training average regularization at step 6500: 0.006184
2025-12-04 22:33:10 INFO     Training average loss at step 6500: 2.727132
2025-12-04 22:34:49 INFO     Training average positive_fact_loss at step 6600: 0.314253
2025-12-04 22:34:49 INFO     Training average negative_fact_loss at step 6600: 0.291829
2025-12-04 22:34:49 INFO     Training average positive_rule_loss at step 6600: 1.445917
2025-12-04 22:34:49 INFO     Training average negative_rule_loss at step 6600: 2.787471
2025-12-04 22:34:49 INFO     Training average L_uncertainty at step 6600: 30.069628
2025-12-04 22:34:49 INFO     Training average L_kl at step 6600: 29945.736680
2025-12-04 22:34:49 INFO     Training average L_sigma at step 6600: 12.389010
2025-12-04 22:34:49 INFO     Training average mu_mean at step 6600: -1.611614
2025-12-04 22:34:49 INFO     Training average sigma_mean at step 6600: 0.127706
2025-12-04 22:34:49 INFO     Training average regularization at step 6600: 0.006190
2025-12-04 22:34:49 INFO     Training average loss at step 6600: 2.726622
2025-12-04 22:36:23 INFO     Training average positive_fact_loss at step 6700: 0.314133
2025-12-04 22:36:23 INFO     Training average negative_fact_loss at step 6700: 0.291642
2025-12-04 22:36:23 INFO     Training average positive_rule_loss at step 6700: 1.443262
2025-12-04 22:36:23 INFO     Training average negative_rule_loss at step 6700: 2.786078
2025-12-04 22:36:23 INFO     Training average L_uncertainty at step 6700: 30.031932
2025-12-04 22:36:23 INFO     Training average L_kl at step 6700: 29903.954629
2025-12-04 22:36:23 INFO     Training average L_sigma at step 6700: 12.797567
2025-12-04 22:36:23 INFO     Training average mu_mean at step 6700: -1.607258
2025-12-04 22:36:23 INFO     Training average sigma_mean at step 6700: 0.127711
2025-12-04 22:36:23 INFO     Training average regularization at step 6700: 0.006197
2025-12-04 22:36:23 INFO     Training average loss at step 6700: 2.724074
2025-12-04 22:38:07 INFO     Training average positive_fact_loss at step 6800: 0.313970
2025-12-04 22:38:07 INFO     Training average negative_fact_loss at step 6800: 0.292241
2025-12-04 22:38:07 INFO     Training average positive_rule_loss at step 6800: 1.445331
2025-12-04 22:38:07 INFO     Training average negative_rule_loss at step 6800: 2.783256
2025-12-04 22:38:07 INFO     Training average L_uncertainty at step 6800: 29.998623
2025-12-04 22:38:07 INFO     Training average L_kl at step 6800: 29876.891523
2025-12-04 22:38:07 INFO     Training average L_sigma at step 6800: 12.173019
2025-12-04 22:38:07 INFO     Training average mu_mean at step 6800: -1.604367
2025-12-04 22:38:07 INFO     Training average sigma_mean at step 6800: 0.127705
2025-12-04 22:38:07 INFO     Training average regularization at step 6800: 0.006179
2025-12-04 22:38:07 INFO     Training average loss at step 6800: 2.723564
2025-12-04 22:39:45 INFO     Training average positive_fact_loss at step 6900: 0.313434
2025-12-04 22:39:45 INFO     Training average negative_fact_loss at step 6900: 0.292126
2025-12-04 22:39:45 INFO     Training average positive_rule_loss at step 6900: 1.442858
2025-12-04 22:39:45 INFO     Training average negative_rule_loss at step 6900: 2.784153
2025-12-04 22:39:45 INFO     Training average L_uncertainty at step 6900: 29.898610
2025-12-04 22:39:45 INFO     Training average L_kl at step 6900: 29775.867051
2025-12-04 22:39:45 INFO     Training average L_sigma at step 6900: 12.274116
2025-12-04 22:39:45 INFO     Training average mu_mean at step 6900: -1.596335
2025-12-04 22:39:45 INFO     Training average sigma_mean at step 6900: 0.127706
2025-12-04 22:39:45 INFO     Training average regularization at step 6900: 0.006188
2025-12-04 22:39:45 INFO     Training average loss at step 6900: 2.721459
2025-12-04 22:41:31 INFO     Training average positive_fact_loss at step 7000: 0.314263
2025-12-04 22:41:31 INFO     Training average negative_fact_loss at step 7000: 0.292274
2025-12-04 22:41:31 INFO     Training average positive_rule_loss at step 7000: 1.444220
2025-12-04 22:41:31 INFO     Training average negative_rule_loss at step 7000: 2.779473
2025-12-04 22:41:31 INFO     Training average L_uncertainty at step 7000: 29.919603
2025-12-04 22:41:31 INFO     Training average L_kl at step 7000: 29802.146738
2025-12-04 22:41:31 INFO     Training average L_sigma at step 7000: 11.745447
2025-12-04 22:41:31 INFO     Training average mu_mean at step 7000: -1.595944
2025-12-04 22:41:31 INFO     Training average sigma_mean at step 7000: 0.127706
2025-12-04 22:41:31 INFO     Training average regularization at step 7000: 0.006186
2025-12-04 22:41:31 INFO     Training average loss at step 7000: 2.720497
2025-12-04 22:41:31 INFO     Evaluating on Valid Dataset...
2025-12-04 22:41:31 INFO     >>>>> RuleE emb: Evaluating on valid
2025-12-04 22:41:50 INFO     Data : 4274
2025-12-04 22:41:50 INFO     Hit1 : 0.530182
2025-12-04 22:41:50 INFO     Hit3 : 0.764155
2025-12-04 22:41:50 INFO     Hit10: 0.938699
2025-12-04 22:41:50 INFO     MR   : 3.479410
2025-12-04 22:41:50 INFO     MRR  : 0.668768
2025-12-04 22:43:23 INFO     Training average positive_fact_loss at step 7100: 0.314527
2025-12-04 22:43:23 INFO     Training average negative_fact_loss at step 7100: 0.291819
2025-12-04 22:43:23 INFO     Training average positive_rule_loss at step 7100: 1.445857
2025-12-04 22:43:23 INFO     Training average negative_rule_loss at step 7100: 2.774821
2025-12-04 22:43:23 INFO     Training average L_uncertainty at step 7100: 29.847846
2025-12-04 22:43:23 INFO     Training average L_kl at step 7100: 29727.805605
2025-12-04 22:43:23 INFO     Training average L_sigma at step 7100: 12.003844
2025-12-04 22:43:23 INFO     Training average mu_mean at step 7100: -1.590025
2025-12-04 22:43:23 INFO     Training average sigma_mean at step 7100: 0.127705
2025-12-04 22:43:23 INFO     Training average regularization at step 7100: 0.006189
2025-12-04 22:43:23 INFO     Training average loss at step 7100: 2.718179
2025-12-04 22:44:52 INFO     Training average positive_fact_loss at step 7200: 0.314257
2025-12-04 22:44:52 INFO     Training average negative_fact_loss at step 7200: 0.292069
2025-12-04 22:44:52 INFO     Training average positive_rule_loss at step 7200: 1.443914
2025-12-04 22:44:52 INFO     Training average negative_rule_loss at step 7200: 2.777188
2025-12-04 22:44:52 INFO     Training average L_uncertainty at step 7200: 29.773989
2025-12-04 22:44:52 INFO     Training average L_kl at step 7200: 29658.624551
2025-12-04 22:44:52 INFO     Training average L_sigma at step 7200: 11.536267
2025-12-04 22:44:52 INFO     Training average mu_mean at step 7200: -1.583415
2025-12-04 22:44:52 INFO     Training average sigma_mean at step 7200: 0.127705
2025-12-04 22:44:52 INFO     Training average regularization at step 7200: 0.006188
2025-12-04 22:44:52 INFO     Training average loss at step 7200: 2.717642
2025-12-04 22:46:31 INFO     Training average positive_fact_loss at step 7300: 0.314316
2025-12-04 22:46:31 INFO     Training average negative_fact_loss at step 7300: 0.291725
2025-12-04 22:46:31 INFO     Training average positive_rule_loss at step 7300: 1.446870
2025-12-04 22:46:31 INFO     Training average negative_rule_loss at step 7300: 2.768127
2025-12-04 22:46:31 INFO     Training average L_uncertainty at step 7300: 29.780817
2025-12-04 22:46:31 INFO     Training average L_kl at step 7300: 29662.012109
2025-12-04 22:46:31 INFO     Training average L_sigma at step 7300: 11.880322
2025-12-04 22:46:31 INFO     Training average mu_mean at step 7300: -1.582418
2025-12-04 22:46:31 INFO     Training average sigma_mean at step 7300: 0.127705
2025-12-04 22:46:31 INFO     Training average regularization at step 7300: 0.006191
2025-12-04 22:46:31 INFO     Training average loss at step 7300: 2.714518
2025-12-04 22:48:14 INFO     Training average positive_fact_loss at step 7400: 0.313226
2025-12-04 22:48:14 INFO     Training average negative_fact_loss at step 7400: 0.291586
2025-12-04 22:48:14 INFO     Training average positive_rule_loss at step 7400: 1.446012
2025-12-04 22:48:14 INFO     Training average negative_rule_loss at step 7400: 2.768539
2025-12-04 22:48:14 INFO     Training average L_uncertainty at step 7400: 29.727994
2025-12-04 22:48:14 INFO     Training average L_kl at step 7400: 29614.179609
2025-12-04 22:48:14 INFO     Training average L_sigma at step 7400: 11.381320
2025-12-04 22:48:14 INFO     Training average mu_mean at step 7400: -1.578014
2025-12-04 22:48:14 INFO     Training average sigma_mean at step 7400: 0.127707
2025-12-04 22:48:14 INFO     Training average regularization at step 7400: 0.006190
2025-12-04 22:48:14 INFO     Training average loss at step 7400: 2.713151
2025-12-04 22:49:49 INFO     Training average positive_fact_loss at step 7500: 0.313920
2025-12-04 22:49:49 INFO     Training average negative_fact_loss at step 7500: 0.292025
2025-12-04 22:49:49 INFO     Training average positive_rule_loss at step 7500: 1.444904
2025-12-04 22:49:49 INFO     Training average negative_rule_loss at step 7500: 2.766674
2025-12-04 22:49:49 INFO     Training average L_uncertainty at step 7500: 29.663947
2025-12-04 22:49:49 INFO     Training average L_kl at step 7500: 29549.599668
2025-12-04 22:49:49 INFO     Training average L_sigma at step 7500: 11.434567
2025-12-04 22:49:49 INFO     Training average mu_mean at step 7500: -1.570710
2025-12-04 22:49:49 INFO     Training average sigma_mean at step 7500: 0.127702
2025-12-04 22:49:49 INFO     Training average regularization at step 7500: 0.006194
2025-12-04 22:49:49 INFO     Training average loss at step 7500: 2.711596
2025-12-04 22:51:34 INFO     Training average positive_fact_loss at step 7600: 0.313718
2025-12-04 22:51:34 INFO     Training average negative_fact_loss at step 7600: 0.292193
2025-12-04 22:51:34 INFO     Training average positive_rule_loss at step 7600: 1.446264
2025-12-04 22:51:34 INFO     Training average negative_rule_loss at step 7600: 2.763983
2025-12-04 22:51:34 INFO     Training average L_uncertainty at step 7600: 29.646786
2025-12-04 22:51:34 INFO     Training average L_kl at step 7600: 29535.098613
2025-12-04 22:51:34 INFO     Training average L_sigma at step 7600: 11.168632
2025-12-04 22:51:34 INFO     Training average mu_mean at step 7600: -1.568565
2025-12-04 22:51:34 INFO     Training average sigma_mean at step 7600: 0.127704
2025-12-04 22:51:34 INFO     Training average regularization at step 7600: 0.006188
2025-12-04 22:51:34 INFO     Training average loss at step 7600: 2.710735
2025-12-04 22:53:10 INFO     Training average positive_fact_loss at step 7700: 0.314347
2025-12-04 22:53:10 INFO     Training average negative_fact_loss at step 7700: 0.291782
2025-12-04 22:53:10 INFO     Training average positive_rule_loss at step 7700: 1.446208
2025-12-04 22:53:10 INFO     Training average negative_rule_loss at step 7700: 2.760321
2025-12-04 22:53:10 INFO     Training average L_uncertainty at step 7700: 29.581084
2025-12-04 22:53:10 INFO     Training average L_kl at step 7700: 29467.222988
2025-12-04 22:53:10 INFO     Training average L_sigma at step 7700: 11.385993
2025-12-04 22:53:10 INFO     Training average mu_mean at step 7700: -1.562300
2025-12-04 22:53:10 INFO     Training average sigma_mean at step 7700: 0.127703
2025-12-04 22:53:10 INFO     Training average regularization at step 7700: 0.006192
2025-12-04 22:53:10 INFO     Training average loss at step 7700: 2.708332
2025-12-04 22:54:44 INFO     Training average positive_fact_loss at step 7800: 0.314143
2025-12-04 22:54:44 INFO     Training average negative_fact_loss at step 7800: 0.291887
2025-12-04 22:54:44 INFO     Training average positive_rule_loss at step 7800: 1.446203
2025-12-04 22:54:44 INFO     Training average negative_rule_loss at step 7800: 2.757874
2025-12-04 22:54:44 INFO     Training average L_uncertainty at step 7800: 29.570249
2025-12-04 22:54:44 INFO     Training average L_kl at step 7800: 29460.952559
2025-12-04 22:54:44 INFO     Training average L_sigma at step 7800: 10.929529
2025-12-04 22:54:44 INFO     Training average mu_mean at step 7800: -1.559628
2025-12-04 22:54:44 INFO     Training average sigma_mean at step 7800: 0.127704
2025-12-04 22:54:44 INFO     Training average regularization at step 7800: 0.006196
2025-12-04 22:54:44 INFO     Training average loss at step 7800: 2.706952
2025-12-04 22:56:12 INFO     Training average positive_fact_loss at step 7900: 0.314326
2025-12-04 22:56:12 INFO     Training average negative_fact_loss at step 7900: 0.291027
2025-12-04 22:56:12 INFO     Training average positive_rule_loss at step 7900: 1.447081
2025-12-04 22:56:12 INFO     Training average negative_rule_loss at step 7900: 2.755387
2025-12-04 22:56:12 INFO     Training average L_uncertainty at step 7900: 29.484816
2025-12-04 22:56:12 INFO     Training average L_kl at step 7900: 29373.507461
2025-12-04 22:56:12 INFO     Training average L_sigma at step 7900: 11.130678
2025-12-04 22:56:12 INFO     Training average mu_mean at step 7900: -1.552447
2025-12-04 22:56:12 INFO     Training average sigma_mean at step 7900: 0.127704
2025-12-04 22:56:12 INFO     Training average regularization at step 7900: 0.006196
2025-12-04 22:56:12 INFO     Training average loss at step 7900: 2.704955
2025-12-04 22:57:57 INFO     Training average positive_fact_loss at step 8000: 0.313411
2025-12-04 22:57:57 INFO     Training average negative_fact_loss at step 8000: 0.291693
2025-12-04 22:57:57 INFO     Training average positive_rule_loss at step 8000: 1.445016
2025-12-04 22:57:57 INFO     Training average negative_rule_loss at step 8000: 2.754438
2025-12-04 22:57:57 INFO     Training average L_uncertainty at step 8000: 29.454319
2025-12-04 22:57:57 INFO     Training average L_kl at step 8000: 29347.071641
2025-12-04 22:57:57 INFO     Training average L_sigma at step 8000: 10.724612
2025-12-04 22:57:57 INFO     Training average mu_mean at step 8000: -1.548036
2025-12-04 22:57:57 INFO     Training average sigma_mean at step 8000: 0.127700
2025-12-04 22:57:57 INFO     Training average regularization at step 8000: 0.006184
2025-12-04 22:57:57 INFO     Training average loss at step 8000: 2.703007
2025-12-04 22:57:57 INFO     Evaluating on Valid Dataset...
2025-12-04 22:57:57 INFO     >>>>> RuleE emb: Evaluating on valid
2025-12-04 22:58:17 INFO     Data : 4274
2025-12-04 22:58:17 INFO     Hit1 : 0.531586
2025-12-04 22:58:17 INFO     Hit3 : 0.772344
2025-12-04 22:58:17 INFO     Hit10: 0.942209
2025-12-04 22:58:17 INFO     MR   : 3.415068
2025-12-04 22:58:17 INFO     MRR  : 0.670597
2025-12-04 22:59:52 INFO     Training average positive_fact_loss at step 8100: 0.314332
2025-12-04 22:59:52 INFO     Training average negative_fact_loss at step 8100: 0.291905
2025-12-04 22:59:52 INFO     Training average positive_rule_loss at step 8100: 1.446246
2025-12-04 22:59:52 INFO     Training average negative_rule_loss at step 8100: 2.750303
2025-12-04 22:59:52 INFO     Training average L_uncertainty at step 8100: 29.396373
2025-12-04 22:59:52 INFO     Training average L_kl at step 8100: 29287.282031
2025-12-04 22:59:52 INFO     Training average L_sigma at step 8100: 10.908915
2025-12-04 22:59:52 INFO     Training average mu_mean at step 8100: -1.541708
2025-12-04 22:59:52 INFO     Training average sigma_mean at step 8100: 0.127702
2025-12-04 22:59:52 INFO     Training average regularization at step 8100: 0.006184
2025-12-04 22:59:52 INFO     Training average loss at step 8100: 2.701541
2025-12-04 23:01:33 INFO     Training average positive_fact_loss at step 8200: 0.313356
2025-12-04 23:01:33 INFO     Training average negative_fact_loss at step 8200: 0.291897
2025-12-04 23:01:33 INFO     Training average positive_rule_loss at step 8200: 1.446604
2025-12-04 23:01:33 INFO     Training average negative_rule_loss at step 8200: 2.747636
2025-12-04 23:01:33 INFO     Training average L_uncertainty at step 8200: 29.383097
2025-12-04 23:01:33 INFO     Training average L_kl at step 8200: 29277.141074
2025-12-04 23:01:33 INFO     Training average L_sigma at step 8200: 10.595474
2025-12-04 23:01:33 INFO     Training average mu_mean at step 8200: -1.538581
2025-12-04 23:01:33 INFO     Training average sigma_mean at step 8200: 0.127703
2025-12-04 23:01:33 INFO     Training average regularization at step 8200: 0.006189
2025-12-04 23:01:33 INFO     Training average loss at step 8200: 2.699766
2025-12-04 23:03:09 INFO     Training average positive_fact_loss at step 8300: 0.313672
2025-12-04 23:03:09 INFO     Training average negative_fact_loss at step 8300: 0.291728
2025-12-04 23:03:09 INFO     Training average positive_rule_loss at step 8300: 1.445843
2025-12-04 23:03:09 INFO     Training average negative_rule_loss at step 8300: 2.744960
2025-12-04 23:03:09 INFO     Training average L_uncertainty at step 8300: 29.300611
2025-12-04 23:03:09 INFO     Training average L_kl at step 8300: 29192.451211
2025-12-04 23:03:09 INFO     Training average L_sigma at step 8300: 10.815865
2025-12-04 23:03:09 INFO     Training average mu_mean at step 8300: -1.530892
2025-12-04 23:03:09 INFO     Training average sigma_mean at step 8300: 0.127705
2025-12-04 23:03:09 INFO     Training average regularization at step 8300: 0.006192
2025-12-04 23:03:09 INFO     Training average loss at step 8300: 2.697300
2025-12-04 23:04:56 INFO     Training average positive_fact_loss at step 8400: 0.313725
2025-12-04 23:04:56 INFO     Training average negative_fact_loss at step 8400: 0.291733
2025-12-04 23:04:56 INFO     Training average positive_rule_loss at step 8400: 1.450418
2025-12-04 23:04:56 INFO     Training average negative_rule_loss at step 8400: 2.737967
2025-12-04 23:04:56 INFO     Training average L_uncertainty at step 8400: 29.298514
2025-12-04 23:04:56 INFO     Training average L_kl at step 8400: 29193.775527
2025-12-04 23:04:56 INFO     Training average L_sigma at step 8400: 10.473688
2025-12-04 23:04:56 INFO     Training average mu_mean at step 8400: -1.528521
2025-12-04 23:04:56 INFO     Training average sigma_mean at step 8400: 0.127700
2025-12-04 23:04:56 INFO     Training average regularization at step 8400: 0.006187
2025-12-04 23:04:56 INFO     Training average loss at step 8400: 2.696094
2025-12-04 23:06:14 INFO     Training average positive_fact_loss at step 8500: 0.314324
2025-12-04 23:06:14 INFO     Training average negative_fact_loss at step 8500: 0.291125
2025-12-04 23:06:14 INFO     Training average positive_rule_loss at step 8500: 1.447611
2025-12-04 23:06:14 INFO     Training average negative_rule_loss at step 8500: 2.736883
2025-12-04 23:06:14 INFO     Training average L_uncertainty at step 8500: 29.231836
2025-12-04 23:06:14 INFO     Training average L_kl at step 8500: 29124.659707
2025-12-04 23:06:14 INFO     Training average L_sigma at step 8500: 10.717508
2025-12-04 23:06:14 INFO     Training average mu_mean at step 8500: -1.521496
2025-12-04 23:06:14 INFO     Training average sigma_mean at step 8500: 0.127703
2025-12-04 23:06:14 INFO     Training average regularization at step 8500: 0.006189
2025-12-04 23:06:14 INFO     Training average loss at step 8500: 2.693479
2025-12-04 23:07:55 INFO     Training average positive_fact_loss at step 8600: 0.313691
2025-12-04 23:07:55 INFO     Training average negative_fact_loss at step 8600: 0.291569
2025-12-04 23:07:55 INFO     Training average positive_rule_loss at step 8600: 1.446279
2025-12-04 23:07:55 INFO     Training average negative_rule_loss at step 8600: 2.736818
2025-12-04 23:07:55 INFO     Training average L_uncertainty at step 8600: 29.180078
2025-12-04 23:07:55 INFO     Training average L_kl at step 8600: 29078.026172
2025-12-04 23:07:55 INFO     Training average L_sigma at step 8600: 10.205064
2025-12-04 23:07:55 INFO     Training average mu_mean at step 8600: -1.515646
2025-12-04 23:07:55 INFO     Training average sigma_mean at step 8600: 0.127698
2025-12-04 23:07:55 INFO     Training average regularization at step 8600: 0.006188
2025-12-04 23:07:55 INFO     Training average loss at step 8600: 2.692168
2025-12-04 23:09:33 INFO     Training average positive_fact_loss at step 8700: 0.313137
2025-12-04 23:09:33 INFO     Training average negative_fact_loss at step 8700: 0.291208
2025-12-04 23:09:33 INFO     Training average positive_rule_loss at step 8700: 1.447810
2025-12-04 23:09:33 INFO     Training average negative_rule_loss at step 8700: 2.729728
2025-12-04 23:09:33 INFO     Training average L_uncertainty at step 8700: 29.149561
2025-12-04 23:09:33 INFO     Training average L_kl at step 8700: 29045.221445
2025-12-04 23:09:33 INFO     Training average L_sigma at step 8700: 10.433776
2025-12-04 23:09:33 INFO     Training average mu_mean at step 8700: -1.510210
2025-12-04 23:09:33 INFO     Training average sigma_mean at step 8700: 0.127701
2025-12-04 23:09:33 INFO     Training average regularization at step 8700: 0.006185
2025-12-04 23:09:33 INFO     Training average loss at step 8700: 2.688622
2025-12-04 23:11:18 INFO     Training average positive_fact_loss at step 8800: 0.313856
2025-12-04 23:11:18 INFO     Training average negative_fact_loss at step 8800: 0.291566
2025-12-04 23:11:18 INFO     Training average positive_rule_loss at step 8800: 1.443940
2025-12-04 23:11:18 INFO     Training average negative_rule_loss at step 8800: 2.734600
2025-12-04 23:11:18 INFO     Training average L_uncertainty at step 8800: 29.065425
2025-12-04 23:11:18 INFO     Training average L_kl at step 8800: 28963.760859
2025-12-04 23:11:18 INFO     Training average L_sigma at step 8800: 10.166266
2025-12-04 23:11:18 INFO     Training average mu_mean at step 8800: -1.502254
2025-12-04 23:11:18 INFO     Training average sigma_mean at step 8800: 0.127700
2025-12-04 23:11:18 INFO     Training average regularization at step 8800: 0.006187
2025-12-04 23:11:18 INFO     Training average loss at step 8800: 2.688822
2025-12-04 23:12:51 INFO     Training average positive_fact_loss at step 8900: 0.313532
2025-12-04 23:12:51 INFO     Training average negative_fact_loss at step 8900: 0.292252
2025-12-04 23:12:51 INFO     Training average positive_rule_loss at step 8900: 1.447992
2025-12-04 23:12:51 INFO     Training average negative_rule_loss at step 8900: 2.725153
2025-12-04 23:12:51 INFO     Training average L_uncertainty at step 8900: 29.034799
2025-12-04 23:12:51 INFO     Training average L_kl at step 8900: 28932.123926
2025-12-04 23:12:51 INFO     Training average L_sigma at step 8900: 10.267396
2025-12-04 23:12:51 INFO     Training average mu_mean at step 8900: -1.496903
2025-12-04 23:12:51 INFO     Training average sigma_mean at step 8900: 0.127704
2025-12-04 23:12:51 INFO     Training average regularization at step 8900: 0.006185
2025-12-04 23:12:51 INFO     Training average loss at step 8900: 2.685997
2025-12-04 23:14:37 INFO     Training average positive_fact_loss at step 9000: 0.313587
2025-12-04 23:14:37 INFO     Training average negative_fact_loss at step 9000: 0.291537
2025-12-04 23:14:37 INFO     Training average positive_rule_loss at step 9000: 1.446866
2025-12-04 23:14:37 INFO     Training average negative_rule_loss at step 9000: 2.723225
2025-12-04 23:14:37 INFO     Training average L_uncertainty at step 9000: 29.025876
2025-12-04 23:14:37 INFO     Training average L_kl at step 9000: 28925.248867
2025-12-04 23:14:37 INFO     Training average L_sigma at step 9000: 10.062552
2025-12-04 23:14:37 INFO     Training average mu_mean at step 9000: -1.493013
2025-12-04 23:14:37 INFO     Training average sigma_mean at step 9000: 0.127699
2025-12-04 23:14:37 INFO     Training average regularization at step 9000: 0.006193
2025-12-04 23:14:37 INFO     Training average loss at step 9000: 2.684060
2025-12-04 23:14:37 INFO     Evaluating on Valid Dataset...
2025-12-04 23:14:37 INFO     >>>>> RuleE emb: Evaluating on valid
2025-12-04 23:14:56 INFO     Data : 4274
2025-12-04 23:14:56 INFO     Hit1 : 0.533224
2025-12-04 23:14:56 INFO     Hit3 : 0.760646
2025-12-04 23:14:56 INFO     Hit10: 0.941507
2025-12-04 23:14:56 INFO     MR   : 3.472625
2025-12-04 23:14:56 INFO     MRR  : 0.668855
2025-12-04 23:16:26 INFO     Training average positive_fact_loss at step 9100: 0.314489
2025-12-04 23:16:26 INFO     Training average negative_fact_loss at step 9100: 0.291445
2025-12-04 23:16:26 INFO     Training average positive_rule_loss at step 9100: 1.447127
2025-12-04 23:16:26 INFO     Training average negative_rule_loss at step 9100: 2.719232
2025-12-04 23:16:26 INFO     Training average L_uncertainty at step 9100: 28.936119
2025-12-04 23:16:26 INFO     Training average L_kl at step 9100: 28833.555645
2025-12-04 23:16:26 INFO     Training average L_sigma at step 9100: 10.256234
2025-12-04 23:16:26 INFO     Training average mu_mean at step 9100: -1.483935
2025-12-04 23:16:26 INFO     Training average sigma_mean at step 9100: 0.127700
2025-12-04 23:16:26 INFO     Training average regularization at step 9100: 0.006195
2025-12-04 23:16:26 INFO     Training average loss at step 9100: 2.681703
2025-12-04 23:18:01 INFO     Training average positive_fact_loss at step 9200: 0.313892
2025-12-04 23:18:01 INFO     Training average negative_fact_loss at step 9200: 0.291351
2025-12-04 23:18:01 INFO     Training average positive_rule_loss at step 9200: 1.448705
2025-12-04 23:18:01 INFO     Training average negative_rule_loss at step 9200: 2.716065
2025-12-04 23:18:01 INFO     Training average L_uncertainty at step 9200: 28.936019
2025-12-04 23:18:01 INFO     Training average L_kl at step 9200: 28836.552773
2025-12-04 23:18:01 INFO     Training average L_sigma at step 9200: 9.946499
2025-12-04 23:18:01 INFO     Training average mu_mean at step 9200: -1.481790
2025-12-04 23:18:01 INFO     Training average sigma_mean at step 9200: 0.127698
2025-12-04 23:18:01 INFO     Training average regularization at step 9200: 0.006196
2025-12-04 23:18:01 INFO     Training average loss at step 9200: 2.680562
2025-12-04 23:19:35 INFO     Training average positive_fact_loss at step 9300: 0.314003
2025-12-04 23:19:35 INFO     Training average negative_fact_loss at step 9300: 0.291503
2025-12-04 23:19:35 INFO     Training average positive_rule_loss at step 9300: 1.446972
2025-12-04 23:19:35 INFO     Training average negative_rule_loss at step 9300: 2.713717
2025-12-04 23:19:35 INFO     Training average L_uncertainty at step 9300: 28.813844
2025-12-04 23:19:35 INFO     Training average L_kl at step 9300: 28713.055352
2025-12-04 23:19:35 INFO     Training average L_sigma at step 9300: 10.078700
2025-12-04 23:19:35 INFO     Training average mu_mean at step 9300: -1.470238
2025-12-04 23:19:35 INFO     Training average sigma_mean at step 9300: 0.127702
2025-12-04 23:19:35 INFO     Training average regularization at step 9300: 0.006185
2025-12-04 23:19:35 INFO     Training average loss at step 9300: 2.677421
2025-12-04 23:21:20 INFO     Training average positive_fact_loss at step 9400: 0.313698
2025-12-04 23:21:20 INFO     Training average negative_fact_loss at step 9400: 0.291549
2025-12-04 23:21:20 INFO     Training average positive_rule_loss at step 9400: 1.448009
2025-12-04 23:21:20 INFO     Training average negative_rule_loss at step 9400: 2.708274
2025-12-04 23:21:20 INFO     Training average L_uncertainty at step 9400: 28.829910
2025-12-04 23:21:20 INFO     Training average L_kl at step 9400: 28731.678066
2025-12-04 23:21:20 INFO     Training average L_sigma at step 9400: 9.823028
2025-12-04 23:21:20 INFO     Training average mu_mean at step 9400: -1.467203
2025-12-04 23:21:20 INFO     Training average sigma_mean at step 9400: 0.127704
2025-12-04 23:21:20 INFO     Training average regularization at step 9400: 0.006182
2025-12-04 23:21:20 INFO     Training average loss at step 9400: 2.675245
2025-12-04 23:22:58 INFO     Training average positive_fact_loss at step 9500: 0.313055
2025-12-04 23:22:58 INFO     Training average negative_fact_loss at step 9500: 0.291641
2025-12-04 23:22:58 INFO     Training average positive_rule_loss at step 9500: 1.452532
2025-12-04 23:22:58 INFO     Training average negative_rule_loss at step 9500: 2.702167
2025-12-04 23:22:58 INFO     Training average L_uncertainty at step 9500: 28.761580
2025-12-04 23:22:58 INFO     Training average L_kl at step 9500: 28663.160859
2025-12-04 23:22:58 INFO     Training average L_sigma at step 9500: 9.841778
2025-12-04 23:22:58 INFO     Training average mu_mean at step 9500: -1.461483
2025-12-04 23:22:58 INFO     Training average sigma_mean at step 9500: 0.127699
2025-12-04 23:22:58 INFO     Training average regularization at step 9500: 0.006193
2025-12-04 23:22:58 INFO     Training average loss at step 9500: 2.673506
2025-12-04 23:24:39 INFO     Training average positive_fact_loss at step 9600: 0.313657
2025-12-04 23:24:39 INFO     Training average negative_fact_loss at step 9600: 0.291816
2025-12-04 23:24:39 INFO     Training average positive_rule_loss at step 9600: 1.448561
2025-12-04 23:24:39 INFO     Training average negative_rule_loss at step 9600: 2.700912
2025-12-04 23:24:39 INFO     Training average L_uncertainty at step 9600: 28.744729
2025-12-04 23:24:39 INFO     Training average L_kl at step 9600: 28648.508984
2025-12-04 23:24:39 INFO     Training average L_sigma at step 9600: 9.621901
2025-12-04 23:24:39 INFO     Training average mu_mean at step 9600: -1.454723
2025-12-04 23:24:39 INFO     Training average sigma_mean at step 9600: 0.127698
2025-12-04 23:24:39 INFO     Training average regularization at step 9600: 0.006191
2025-12-04 23:24:39 INFO     Training average loss at step 9600: 2.671111
2025-12-04 23:26:15 INFO     Training average positive_fact_loss at step 9700: 0.314035
2025-12-04 23:26:15 INFO     Training average negative_fact_loss at step 9700: 0.291361
2025-12-04 23:26:15 INFO     Training average positive_rule_loss at step 9700: 1.447495
2025-12-04 23:26:15 INFO     Training average negative_rule_loss at step 9700: 2.698967
2025-12-04 23:26:15 INFO     Training average L_uncertainty at step 9700: 28.651961
2025-12-04 23:26:15 INFO     Training average L_kl at step 9700: 28555.115156
2025-12-04 23:26:15 INFO     Training average L_sigma at step 9700: 9.684485
2025-12-04 23:26:15 INFO     Training average mu_mean at step 9700: -1.445729
2025-12-04 23:26:15 INFO     Training average sigma_mean at step 9700: 0.127701
2025-12-04 23:26:15 INFO     Training average regularization at step 9700: 0.006185
2025-12-04 23:26:15 INFO     Training average loss at step 9700: 2.668633
2025-12-04 23:27:45 INFO     Training average positive_fact_loss at step 9800: 0.313730
2025-12-04 23:27:45 INFO     Training average negative_fact_loss at step 9800: 0.290921
2025-12-04 23:27:45 INFO     Training average positive_rule_loss at step 9800: 1.451531
2025-12-04 23:27:45 INFO     Training average negative_rule_loss at step 9800: 2.690480
2025-12-04 23:27:45 INFO     Training average L_uncertainty at step 9800: 28.646943
2025-12-04 23:27:45 INFO     Training average L_kl at step 9800: 28550.801270
2025-12-04 23:27:45 INFO     Training average L_sigma at step 9800: 9.614071
2025-12-04 23:27:45 INFO     Training average mu_mean at step 9800: -1.441003
2025-12-04 23:27:45 INFO     Training average sigma_mean at step 9800: 0.127699
2025-12-04 23:27:45 INFO     Training average regularization at step 9800: 0.006182
2025-12-04 23:27:45 INFO     Training average loss at step 9800: 2.665982
2025-12-04 23:29:23 INFO     Training average positive_fact_loss at step 9900: 0.314033
2025-12-04 23:29:23 INFO     Training average negative_fact_loss at step 9900: 0.291406
2025-12-04 23:29:23 INFO     Training average positive_rule_loss at step 9900: 1.448861
2025-12-04 23:29:23 INFO     Training average negative_rule_loss at step 9900: 2.690372
2025-12-04 23:29:23 INFO     Training average L_uncertainty at step 9900: 28.590221
2025-12-04 23:29:23 INFO     Training average L_kl at step 9900: 28494.199062
2025-12-04 23:29:23 INFO     Training average L_sigma at step 9900: 9.602020
2025-12-04 23:29:23 INFO     Training average mu_mean at step 9900: -1.433768
2025-12-04 23:29:23 INFO     Training average sigma_mean at step 9900: 0.127701
2025-12-04 23:29:23 INFO     Training average regularization at step 9900: 0.006198
2025-12-04 23:29:23 INFO     Training average loss at step 9900: 2.664437
2025-12-04 23:31:05 INFO     Training average positive_fact_loss at step 10000: 0.313175
2025-12-04 23:31:05 INFO     Training average negative_fact_loss at step 10000: 0.291199
2025-12-04 23:31:05 INFO     Training average positive_rule_loss at step 10000: 1.448274
2025-12-04 23:31:05 INFO     Training average negative_rule_loss at step 10000: 2.688115
2025-12-04 23:31:05 INFO     Training average L_uncertainty at step 10000: 28.531651
2025-12-04 23:31:05 INFO     Training average L_kl at step 10000: 28438.938926
2025-12-04 23:31:05 INFO     Training average L_sigma at step 10000: 9.271054
2025-12-04 23:31:05 INFO     Training average mu_mean at step 10000: -1.425729
2025-12-04 23:31:05 INFO     Training average sigma_mean at step 10000: 0.127699
2025-12-04 23:31:05 INFO     Training average regularization at step 10000: 0.006186
2025-12-04 23:31:05 INFO     Training average loss at step 10000: 2.661884
2025-12-04 23:31:05 INFO     Evaluating on Valid Dataset...
2025-12-04 23:31:05 INFO     >>>>> RuleE emb: Evaluating on valid
2025-12-04 23:31:24 INFO     Data : 4274
2025-12-04 23:31:24 INFO     Hit1 : 0.535330
2025-12-04 23:31:24 INFO     Hit3 : 0.773280
2025-12-04 23:31:24 INFO     Hit10: 0.941975
2025-12-04 23:31:24 INFO     MR   : 3.426299
2025-12-04 23:31:24 INFO     MRR  : 0.672661
2025-12-04 23:33:03 INFO     Training average positive_fact_loss at step 10100: 0.313649
2025-12-04 23:33:03 INFO     Training average negative_fact_loss at step 10100: 0.291585
2025-12-04 23:33:03 INFO     Training average positive_rule_loss at step 10100: 1.448771
2025-12-04 23:33:03 INFO     Training average negative_rule_loss at step 10100: 2.683991
2025-12-04 23:33:03 INFO     Training average L_uncertainty at step 10100: 28.454052
2025-12-04 23:33:03 INFO     Training average L_kl at step 10100: 28358.664355
2025-12-04 23:33:03 INFO     Training average L_sigma at step 10100: 9.538627
2025-12-04 23:33:03 INFO     Training average mu_mean at step 10100: -1.417963
2025-12-04 23:33:03 INFO     Training average sigma_mean at step 10100: 0.127702
2025-12-04 23:33:03 INFO     Training average regularization at step 10100: 0.006190
2025-12-04 23:33:03 INFO     Training average loss at step 10100: 2.659728
2025-12-04 23:34:51 INFO     Training average positive_fact_loss at step 10200: 0.313308
2025-12-04 23:34:51 INFO     Training average negative_fact_loss at step 10200: 0.291590
2025-12-04 23:34:51 INFO     Training average positive_rule_loss at step 10200: 1.449877
2025-12-04 23:34:51 INFO     Training average negative_rule_loss at step 10200: 2.678363
2025-12-04 23:34:51 INFO     Training average L_uncertainty at step 10200: 28.446359
2025-12-04 23:34:51 INFO     Training average L_kl at step 10200: 28355.026523
2025-12-04 23:34:51 INFO     Training average L_sigma at step 10200: 9.133082
2025-12-04 23:34:51 INFO     Training average mu_mean at step 10200: -1.412178
2025-12-04 23:34:51 INFO     Training average sigma_mean at step 10200: 0.127698
2025-12-04 23:34:51 INFO     Training average regularization at step 10200: 0.006189
2025-12-04 23:34:51 INFO     Training average loss at step 10200: 2.657222
2025-12-04 23:36:22 INFO     Training average positive_fact_loss at step 10300: 0.313847
2025-12-04 23:36:22 INFO     Training average negative_fact_loss at step 10300: 0.291461
2025-12-04 23:36:22 INFO     Training average positive_rule_loss at step 10300: 1.450165
2025-12-04 23:36:22 INFO     Training average negative_rule_loss at step 10300: 2.675528
2025-12-04 23:36:22 INFO     Training average L_uncertainty at step 10300: 28.373250
2025-12-04 23:36:22 INFO     Training average L_kl at step 10300: 28280.180898
2025-12-04 23:36:22 INFO     Training average L_sigma at step 10300: 9.306811
2025-12-04 23:36:22 INFO     Training average mu_mean at step 10300: -1.404187
2025-12-04 23:36:22 INFO     Training average sigma_mean at step 10300: 0.127700
2025-12-04 23:36:22 INFO     Training average regularization at step 10300: 0.006193
2025-12-04 23:36:22 INFO     Training average loss at step 10300: 2.655426
2025-12-04 23:37:56 INFO     Training average positive_fact_loss at step 10400: 0.314534
2025-12-04 23:37:56 INFO     Training average negative_fact_loss at step 10400: 0.291622
2025-12-04 23:37:56 INFO     Training average positive_rule_loss at step 10400: 1.451164
2025-12-04 23:37:56 INFO     Training average negative_rule_loss at step 10400: 2.670507
2025-12-04 23:37:56 INFO     Training average L_uncertainty at step 10400: 28.351951
2025-12-04 23:37:56 INFO     Training average L_kl at step 10400: 28261.136152
2025-12-04 23:37:56 INFO     Training average L_sigma at step 10400: 9.081312
2025-12-04 23:37:56 INFO     Training average mu_mean at step 10400: -1.398086
2025-12-04 23:37:56 INFO     Training average sigma_mean at step 10400: 0.127701
2025-12-04 23:37:56 INFO     Training average regularization at step 10400: 0.006197
2025-12-04 23:37:56 INFO     Training average loss at step 10400: 2.653630
2025-12-04 23:39:26 INFO     Training average positive_fact_loss at step 10500: 0.313274
2025-12-04 23:39:26 INFO     Training average negative_fact_loss at step 10500: 0.290846
2025-12-04 23:39:26 INFO     Training average positive_rule_loss at step 10500: 1.452745
2025-12-04 23:39:26 INFO     Training average negative_rule_loss at step 10500: 2.663089
2025-12-04 23:39:26 INFO     Training average L_uncertainty at step 10500: 28.322083
2025-12-04 23:39:26 INFO     Training average L_kl at step 10500: 28230.441680
2025-12-04 23:39:26 INFO     Training average L_sigma at step 10500: 9.163967
2025-12-04 23:39:26 INFO     Training average mu_mean at step 10500: -1.392146
2025-12-04 23:39:26 INFO     Training average sigma_mean at step 10500: 0.127697
2025-12-04 23:39:26 INFO     Training average regularization at step 10500: 0.006192
2025-12-04 23:39:26 INFO     Training average loss at step 10500: 2.649389
2025-12-04 23:41:15 INFO     Training average positive_fact_loss at step 10600: 0.313770
2025-12-04 23:41:15 INFO     Training average negative_fact_loss at step 10600: 0.291434
2025-12-04 23:41:15 INFO     Training average positive_rule_loss at step 10600: 1.453160
2025-12-04 23:41:15 INFO     Training average negative_rule_loss at step 10600: 2.659486
2025-12-04 23:41:15 INFO     Training average L_uncertainty at step 10600: 28.278993
2025-12-04 23:41:15 INFO     Training average L_kl at step 10600: 28188.624590
2025-12-04 23:41:15 INFO     Training average L_sigma at step 10600: 9.036668
2025-12-04 23:41:15 INFO     Training average mu_mean at step 10600: -1.384792
2025-12-04 23:41:15 INFO     Training average sigma_mean at step 10600: 0.127699
2025-12-04 23:41:15 INFO     Training average regularization at step 10600: 0.006193
2025-12-04 23:41:15 INFO     Training average loss at step 10600: 2.647908
2025-12-04 23:42:50 INFO     Training average positive_fact_loss at step 10700: 0.313044
2025-12-04 23:42:50 INFO     Training average negative_fact_loss at step 10700: 0.291358
2025-12-04 23:42:50 INFO     Training average positive_rule_loss at step 10700: 1.454385
2025-12-04 23:42:50 INFO     Training average negative_rule_loss at step 10700: 2.654644
2025-12-04 23:42:50 INFO     Training average L_uncertainty at step 10700: 28.210423
2025-12-04 23:42:50 INFO     Training average L_kl at step 10700: 28120.200020
2025-12-04 23:42:50 INFO     Training average L_sigma at step 10700: 9.022171
2025-12-04 23:42:50 INFO     Training average mu_mean at step 10700: -1.376662
2025-12-04 23:42:50 INFO     Training average sigma_mean at step 10700: 0.127704
2025-12-04 23:42:50 INFO     Training average regularization at step 10700: 0.006186
2025-12-04 23:42:50 INFO     Training average loss at step 10700: 2.645005
2025-12-04 23:44:35 INFO     Training average positive_fact_loss at step 10800: 0.314033
2025-12-04 23:44:35 INFO     Training average negative_fact_loss at step 10800: 0.291302
2025-12-04 23:44:35 INFO     Training average positive_rule_loss at step 10800: 1.456802
2025-12-04 23:44:35 INFO     Training average negative_rule_loss at step 10800: 2.648928
2025-12-04 23:44:35 INFO     Training average L_uncertainty at step 10800: 28.188907
2025-12-04 23:44:35 INFO     Training average L_kl at step 10800: 28101.416016
2025-12-04 23:44:35 INFO     Training average L_sigma at step 10800: 8.748995
2025-12-04 23:44:35 INFO     Training average mu_mean at step 10800: -1.371146
2025-12-04 23:44:35 INFO     Training average sigma_mean at step 10800: 0.127696
2025-12-04 23:44:35 INFO     Training average regularization at step 10800: 0.006197
2025-12-04 23:44:35 INFO     Training average loss at step 10800: 2.643618
2025-12-04 23:46:13 INFO     Training average positive_fact_loss at step 10900: 0.313653
2025-12-04 23:46:13 INFO     Training average negative_fact_loss at step 10900: 0.291309
2025-12-04 23:46:13 INFO     Training average positive_rule_loss at step 10900: 1.456193
2025-12-04 23:46:13 INFO     Training average negative_rule_loss at step 10900: 2.644490
2025-12-04 23:46:13 INFO     Training average L_uncertainty at step 10900: 28.133075
2025-12-04 23:46:13 INFO     Training average L_kl at step 10900: 28042.983437
2025-12-04 23:46:13 INFO     Training average L_sigma at step 10900: 9.008981
2025-12-04 23:46:13 INFO     Training average mu_mean at step 10900: -1.363426
2025-12-04 23:46:13 INFO     Training average sigma_mean at step 10900: 0.127702
2025-12-04 23:46:13 INFO     Training average regularization at step 10900: 0.006199
2025-12-04 23:46:13 INFO     Training average loss at step 10900: 2.640352
2025-12-04 23:47:57 INFO     Training average positive_fact_loss at step 11000: 0.313701
2025-12-04 23:47:57 INFO     Training average negative_fact_loss at step 11000: 0.291622
2025-12-04 23:47:57 INFO     Training average positive_rule_loss at step 11000: 1.457924
2025-12-04 23:47:57 INFO     Training average negative_rule_loss at step 11000: 2.639043
2025-12-04 23:47:57 INFO     Training average L_uncertainty at step 11000: 28.109501
2025-12-04 23:47:57 INFO     Training average L_kl at step 11000: 28022.370273
2025-12-04 23:47:57 INFO     Training average L_sigma at step 11000: 8.712976
2025-12-04 23:47:57 INFO     Training average mu_mean at step 11000: -1.357740
2025-12-04 23:47:57 INFO     Training average sigma_mean at step 11000: 0.127699
2025-12-04 23:47:57 INFO     Training average regularization at step 11000: 0.006187
2025-12-04 23:47:57 INFO     Training average loss at step 11000: 2.638427
2025-12-04 23:47:57 INFO     Evaluating on Valid Dataset...
2025-12-04 23:47:57 INFO     >>>>> RuleE emb: Evaluating on valid
2025-12-04 23:48:15 INFO     Data : 4274
2025-12-04 23:48:15 INFO     Hit1 : 0.526907
2025-12-04 23:48:15 INFO     Hit3 : 0.769537
2025-12-04 23:48:15 INFO     Hit10: 0.942443
2025-12-04 23:48:15 INFO     MR   : 3.426533
2025-12-04 23:48:15 INFO     MRR  : 0.668322
2025-12-04 23:49:33 INFO     Training average positive_fact_loss at step 11100: 0.314068
2025-12-04 23:49:33 INFO     Training average negative_fact_loss at step 11100: 0.290917
2025-12-04 23:49:33 INFO     Training average positive_rule_loss at step 11100: 1.461413
2025-12-04 23:49:33 INFO     Training average negative_rule_loss at step 11100: 2.631676
2025-12-04 23:49:33 INFO     Training average L_uncertainty at step 11100: 28.056149
2025-12-04 23:49:33 INFO     Training average L_kl at step 11100: 27967.919473
2025-12-04 23:49:33 INFO     Training average L_sigma at step 11100: 8.822862
2025-12-04 23:49:33 INFO     Training average mu_mean at step 11100: -1.350847
2025-12-04 23:49:33 INFO     Training average sigma_mean at step 11100: 0.127698
2025-12-04 23:49:33 INFO     Training average regularization at step 11100: 0.006202
2025-12-04 23:49:33 INFO     Training average loss at step 11100: 2.635800
2025-12-04 23:51:17 INFO     Training average positive_fact_loss at step 11200: 0.313333
2025-12-04 23:51:17 INFO     Training average negative_fact_loss at step 11200: 0.291457
2025-12-04 23:51:17 INFO     Training average positive_rule_loss at step 11200: 1.461309
2025-12-04 23:51:17 INFO     Training average negative_rule_loss at step 11200: 2.627895
2025-12-04 23:51:17 INFO     Training average L_uncertainty at step 11200: 28.010308
2025-12-04 23:51:17 INFO     Training average L_kl at step 11200: 27922.473086
2025-12-04 23:51:17 INFO     Training average L_sigma at step 11200: 8.783322
2025-12-04 23:51:17 INFO     Training average mu_mean at step 11200: -1.343161
2025-12-04 23:51:17 INFO     Training average sigma_mean at step 11200: 0.127700
2025-12-04 23:51:17 INFO     Training average regularization at step 11200: 0.006181
2025-12-04 23:51:17 INFO     Training average loss at step 11200: 2.633281
2025-12-04 23:52:55 INFO     Training average positive_fact_loss at step 11300: 0.313447
2025-12-04 23:52:55 INFO     Training average negative_fact_loss at step 11300: 0.290915
2025-12-04 23:52:55 INFO     Training average positive_rule_loss at step 11300: 1.460783
2025-12-04 23:52:55 INFO     Training average negative_rule_loss at step 11300: 2.625425
2025-12-04 23:52:55 INFO     Training average L_uncertainty at step 11300: 27.942656
2025-12-04 23:52:55 INFO     Training average L_kl at step 11300: 27856.482129
2025-12-04 23:52:55 INFO     Training average L_sigma at step 11300: 8.617212
2025-12-04 23:52:55 INFO     Training average mu_mean at step 11300: -1.335371
2025-12-04 23:52:55 INFO     Training average sigma_mean at step 11300: 0.127698
2025-12-04 23:52:55 INFO     Training average regularization at step 11300: 0.006194
2025-12-04 23:52:55 INFO     Training average loss at step 11300: 2.630906
2025-12-04 23:54:36 INFO     Training average positive_fact_loss at step 11400: 0.313237
2025-12-04 23:54:36 INFO     Training average negative_fact_loss at step 11400: 0.291377
2025-12-04 23:54:36 INFO     Training average positive_rule_loss at step 11400: 1.459940
2025-12-04 23:54:36 INFO     Training average negative_rule_loss at step 11400: 2.622912
2025-12-04 23:54:36 INFO     Training average L_uncertainty at step 11400: 27.904462
2025-12-04 23:54:36 INFO     Training average L_kl at step 11400: 27819.357402
2025-12-04 23:54:36 INFO     Training average L_sigma at step 11400: 8.510298
2025-12-04 23:54:36 INFO     Training average mu_mean at step 11400: -1.327043
2025-12-04 23:54:36 INFO     Training average sigma_mean at step 11400: 0.127699
2025-12-04 23:54:36 INFO     Training average regularization at step 11400: 0.006191
2025-12-04 23:54:36 INFO     Training average loss at step 11400: 2.628968
2025-12-04 23:56:16 INFO     Training average positive_fact_loss at step 11500: 0.313450
2025-12-04 23:56:16 INFO     Training average negative_fact_loss at step 11500: 0.291502
2025-12-04 23:56:16 INFO     Training average positive_rule_loss at step 11500: 1.463378
2025-12-04 23:56:16 INFO     Training average negative_rule_loss at step 11500: 2.616283
2025-12-04 23:56:16 INFO     Training average L_uncertainty at step 11500: 27.844945
2025-12-04 23:56:16 INFO     Training average L_kl at step 11500: 27758.537852
2025-12-04 23:56:16 INFO     Training average L_sigma at step 11500: 8.640542
2025-12-04 23:56:16 INFO     Training average mu_mean at step 11500: -1.320823
2025-12-04 23:56:16 INFO     Training average sigma_mean at step 11500: 0.127699
2025-12-04 23:56:16 INFO     Training average regularization at step 11500: 0.006183
2025-12-04 23:56:16 INFO     Training average loss at step 11500: 2.626938
2025-12-04 23:58:04 INFO     Training average positive_fact_loss at step 11600: 0.314459
2025-12-04 23:58:04 INFO     Training average negative_fact_loss at step 11600: 0.291194
2025-12-04 23:58:04 INFO     Training average positive_rule_loss at step 11600: 1.462730
2025-12-04 23:58:04 INFO     Training average negative_rule_loss at step 11600: 2.613781
2025-12-04 23:58:04 INFO     Training average L_uncertainty at step 11600: 27.796855
2025-12-04 23:58:04 INFO     Training average L_kl at step 11600: 27713.661992
2025-12-04 23:58:04 INFO     Training average L_sigma at step 11600: 8.319171
2025-12-04 23:58:04 INFO     Training average mu_mean at step 11600: -1.312793
2025-12-04 23:58:04 INFO     Training average sigma_mean at step 11600: 0.127698
2025-12-04 23:58:04 INFO     Training average regularization at step 11600: 0.006189
2025-12-04 23:58:04 INFO     Training average loss at step 11600: 2.625240
2025-12-04 23:59:32 INFO     Training average positive_fact_loss at step 11700: 0.313328
2025-12-04 23:59:32 INFO     Training average negative_fact_loss at step 11700: 0.291118
2025-12-04 23:59:32 INFO     Training average positive_rule_loss at step 11700: 1.467704
2025-12-04 23:59:32 INFO     Training average negative_rule_loss at step 11700: 2.602054
2025-12-04 23:59:32 INFO     Training average L_uncertainty at step 11700: 27.786840
2025-12-04 23:59:32 INFO     Training average L_kl at step 11700: 27703.218242
2025-12-04 23:59:32 INFO     Training average L_sigma at step 11700: 8.362061
2025-12-04 23:59:32 INFO     Training average mu_mean at step 11700: -1.307876
2025-12-04 23:59:32 INFO     Training average sigma_mean at step 11700: 0.127699
2025-12-04 23:59:32 INFO     Training average regularization at step 11700: 0.006186
2025-12-04 23:59:32 INFO     Training average loss at step 11700: 2.621156
2025-12-05 00:01:04 INFO     Training average positive_fact_loss at step 11800: 0.313641
2025-12-05 00:01:04 INFO     Training average negative_fact_loss at step 11800: 0.290762
2025-12-05 00:01:04 INFO     Training average positive_rule_loss at step 11800: 1.466747
2025-12-05 00:01:04 INFO     Training average negative_rule_loss at step 11800: 2.603398
2025-12-05 00:01:04 INFO     Training average L_uncertainty at step 11800: 27.683110
2025-12-05 00:01:04 INFO     Training average L_kl at step 11800: 27600.255215
2025-12-05 00:01:04 INFO     Training average L_sigma at step 11800: 8.285318
2025-12-05 00:01:04 INFO     Training average mu_mean at step 11800: -1.299298
2025-12-05 00:01:04 INFO     Training average sigma_mean at step 11800: 0.127699
2025-12-05 00:01:04 INFO     Training average regularization at step 11800: 0.006192
2025-12-05 00:01:04 INFO     Training average loss at step 11800: 2.620297
2025-12-05 00:02:42 INFO     Training average positive_fact_loss at step 11900: 0.313415
2025-12-05 00:02:42 INFO     Training average negative_fact_loss at step 11900: 0.290792
2025-12-05 00:02:42 INFO     Training average positive_rule_loss at step 11900: 1.467027
2025-12-05 00:02:42 INFO     Training average negative_rule_loss at step 11900: 2.599193
2025-12-05 00:02:42 INFO     Training average L_uncertainty at step 11900: 27.633777
2025-12-05 00:02:42 INFO     Training average L_kl at step 11900: 27549.809609
2025-12-05 00:02:42 INFO     Training average L_sigma at step 11900: 8.396582
2025-12-05 00:02:42 INFO     Training average mu_mean at step 11900: -1.290712
2025-12-05 00:02:42 INFO     Training average sigma_mean at step 11900: 0.127702
2025-12-05 00:02:42 INFO     Training average regularization at step 11900: 0.006190
2025-12-05 00:02:42 INFO     Training average loss at step 11900: 2.617741
2025-12-05 00:04:32 INFO     Training average positive_fact_loss at step 12000: 0.313252
2025-12-05 00:04:32 INFO     Training average negative_fact_loss at step 12000: 0.291249
2025-12-05 00:04:32 INFO     Training average positive_rule_loss at step 12000: 1.471972
2025-12-05 00:04:32 INFO     Training average negative_rule_loss at step 12000: 2.589163
2025-12-05 00:04:32 INFO     Training average L_uncertainty at step 12000: 27.626322
2025-12-05 00:04:32 INFO     Training average L_kl at step 12000: 27545.427734
2025-12-05 00:04:32 INFO     Training average L_sigma at step 12000: 8.089313
2025-12-05 00:04:32 INFO     Training average mu_mean at step 12000: -1.286652
2025-12-05 00:04:32 INFO     Training average sigma_mean at step 12000: 0.127696
2025-12-05 00:04:32 INFO     Training average regularization at step 12000: 0.006192
2025-12-05 00:04:32 INFO     Training average loss at step 12000: 2.615274
2025-12-05 00:04:32 INFO     Evaluating on Valid Dataset...
2025-12-05 00:04:32 INFO     >>>>> RuleE emb: Evaluating on valid
2025-12-05 00:04:52 INFO     Data : 4274
2025-12-05 00:04:52 INFO     Hit1 : 0.531118
2025-12-05 00:04:52 INFO     Hit3 : 0.771876
2025-12-05 00:04:52 INFO     Hit10: 0.942911
2025-12-05 00:04:52 INFO     MR   : 3.425246
2025-12-05 00:04:52 INFO     MRR  : 0.671582
2025-12-05 00:06:25 INFO     Training average positive_fact_loss at step 12100: 0.313394
2025-12-05 00:06:25 INFO     Training average negative_fact_loss at step 12100: 0.291303
2025-12-05 00:06:25 INFO     Training average positive_rule_loss at step 12100: 1.472660
2025-12-05 00:06:25 INFO     Training average negative_rule_loss at step 12100: 2.584064
2025-12-05 00:06:25 INFO     Training average L_uncertainty at step 12100: 27.569858
2025-12-05 00:06:25 INFO     Training average L_kl at step 12100: 27487.224824
2025-12-05 00:06:25 INFO     Training average L_sigma at step 12100: 8.263153
2025-12-05 00:06:25 INFO     Training average mu_mean at step 12100: -1.279735
2025-12-05 00:06:25 INFO     Training average sigma_mean at step 12100: 0.127698
2025-12-05 00:06:25 INFO     Training average regularization at step 12100: 0.006185
2025-12-05 00:06:25 INFO     Training average loss at step 12100: 2.612594
2025-12-05 00:08:10 INFO     Training average positive_fact_loss at step 12200: 0.312978
2025-12-05 00:08:10 INFO     Training average negative_fact_loss at step 12200: 0.291336
2025-12-05 00:08:10 INFO     Training average positive_rule_loss at step 12200: 1.473907
2025-12-05 00:08:10 INFO     Training average negative_rule_loss at step 12200: 2.580749
2025-12-05 00:08:10 INFO     Training average L_uncertainty at step 12200: 27.538211
2025-12-05 00:08:10 INFO     Training average L_kl at step 12200: 27456.474121
2025-12-05 00:08:10 INFO     Training average L_sigma at step 12200: 8.173569
2025-12-05 00:08:10 INFO     Training average mu_mean at step 12200: -1.273546
2025-12-05 00:08:10 INFO     Training average sigma_mean at step 12200: 0.127701
2025-12-05 00:08:10 INFO     Training average regularization at step 12200: 0.006194
2025-12-05 00:08:10 INFO     Training average loss at step 12200: 2.611061
2025-12-05 00:09:46 INFO     Training average positive_fact_loss at step 12300: 0.314037
2025-12-05 00:09:46 INFO     Training average negative_fact_loss at step 12300: 0.291263
2025-12-05 00:09:46 INFO     Training average positive_rule_loss at step 12300: 1.473890
2025-12-05 00:09:46 INFO     Training average negative_rule_loss at step 12300: 2.577531
2025-12-05 00:09:46 INFO     Training average L_uncertainty at step 12300: 27.450386
2025-12-05 00:09:46 INFO     Training average L_kl at step 12300: 27369.643984
2025-12-05 00:09:46 INFO     Training average L_sigma at step 12300: 8.074056
2025-12-05 00:09:46 INFO     Training average mu_mean at step 12300: -1.263595
2025-12-05 00:09:46 INFO     Training average sigma_mean at step 12300: 0.127697
2025-12-05 00:09:46 INFO     Training average regularization at step 12300: 0.006187
2025-12-05 00:09:46 INFO     Training average loss at step 12300: 2.609051
2025-12-05 00:11:14 INFO     Training average positive_fact_loss at step 12400: 0.314010
2025-12-05 00:11:14 INFO     Training average negative_fact_loss at step 12400: 0.290595
2025-12-05 00:11:14 INFO     Training average positive_rule_loss at step 12400: 1.482474
2025-12-05 00:11:14 INFO     Training average negative_rule_loss at step 12400: 2.566169
2025-12-05 00:11:14 INFO     Training average L_uncertainty at step 12400: 27.427640
2025-12-05 00:11:14 INFO     Training average L_kl at step 12400: 27346.828359
2025-12-05 00:11:14 INFO     Training average L_sigma at step 12400: 8.081060
2025-12-05 00:11:14 INFO     Training average mu_mean at step 12400: -1.261671
2025-12-05 00:11:14 INFO     Training average sigma_mean at step 12400: 0.127700
2025-12-05 00:11:14 INFO     Training average regularization at step 12400: 0.006187
2025-12-05 00:11:14 INFO     Training average loss at step 12400: 2.607087
2025-12-05 00:12:46 INFO     Training average positive_fact_loss at step 12500: 0.313546
2025-12-05 00:12:46 INFO     Training average negative_fact_loss at step 12500: 0.291060
2025-12-05 00:12:46 INFO     Training average positive_rule_loss at step 12500: 1.478788
2025-12-05 00:12:46 INFO     Training average negative_rule_loss at step 12500: 2.565795
2025-12-05 00:12:46 INFO     Training average L_uncertainty at step 12500: 27.355361
2025-12-05 00:12:46 INFO     Training average L_kl at step 12500: 27275.184199
2025-12-05 00:12:46 INFO     Training average L_sigma at step 12500: 8.017531
2025-12-05 00:12:46 INFO     Training average mu_mean at step 12500: -1.251045
2025-12-05 00:12:46 INFO     Training average sigma_mean at step 12500: 0.127700
2025-12-05 00:12:46 INFO     Training average regularization at step 12500: 0.006188
2025-12-05 00:12:46 INFO     Training average loss at step 12500: 2.604337
2025-12-05 00:14:30 INFO     Training average positive_fact_loss at step 12600: 0.313640
2025-12-05 00:14:30 INFO     Training average negative_fact_loss at step 12600: 0.291139
2025-12-05 00:14:30 INFO     Training average positive_rule_loss at step 12600: 1.484337
2025-12-05 00:14:30 INFO     Training average negative_rule_loss at step 12600: 2.559840
2025-12-05 00:14:30 INFO     Training average L_uncertainty at step 12600: 27.304226
2025-12-05 00:14:30 INFO     Training average L_kl at step 12600: 27226.238418
2025-12-05 00:14:30 INFO     Training average L_sigma at step 12600: 7.798582
2025-12-05 00:14:30 INFO     Training average mu_mean at step 12600: -1.246884
2025-12-05 00:14:30 INFO     Training average sigma_mean at step 12600: 0.127697
2025-12-05 00:14:30 INFO     Training average regularization at step 12600: 0.006184
2025-12-05 00:14:30 INFO     Training average loss at step 12600: 2.603704
2025-12-05 00:16:11 INFO     Training average positive_fact_loss at step 12700: 0.313303
2025-12-05 00:16:11 INFO     Training average negative_fact_loss at step 12700: 0.291322
2025-12-05 00:16:11 INFO     Training average positive_rule_loss at step 12700: 1.481545
2025-12-05 00:16:11 INFO     Training average negative_rule_loss at step 12700: 2.557294
2025-12-05 00:16:11 INFO     Training average L_uncertainty at step 12700: 27.235971
2025-12-05 00:16:11 INFO     Training average L_kl at step 12700: 27156.269512
2025-12-05 00:16:11 INFO     Training average L_sigma at step 12700: 7.970058
2025-12-05 00:16:11 INFO     Training average mu_mean at step 12700: -1.236257
2025-12-05 00:16:11 INFO     Training average sigma_mean at step 12700: 0.127696
2025-12-05 00:16:11 INFO     Training average regularization at step 12700: 0.006179
2025-12-05 00:16:11 INFO     Training average loss at step 12700: 2.600271
2025-12-05 00:17:56 INFO     Training average positive_fact_loss at step 12800: 0.313929
2025-12-05 00:17:56 INFO     Training average negative_fact_loss at step 12800: 0.291569
2025-12-05 00:17:56 INFO     Training average positive_rule_loss at step 12800: 1.483103
2025-12-05 00:17:56 INFO     Training average negative_rule_loss at step 12800: 2.555706
2025-12-05 00:17:56 INFO     Training average L_uncertainty at step 12800: 27.201864
2025-12-05 00:17:56 INFO     Training average L_kl at step 12800: 27123.640957
2025-12-05 00:17:56 INFO     Training average L_sigma at step 12800: 7.822144
2025-12-05 00:17:56 INFO     Training average mu_mean at step 12800: -1.231496
2025-12-05 00:17:56 INFO     Training average sigma_mean at step 12800: 0.127698
2025-12-05 00:17:56 INFO     Training average regularization at step 12800: 0.006175
2025-12-05 00:17:56 INFO     Training average loss at step 12800: 2.600347
2025-12-05 00:19:29 INFO     Training average positive_fact_loss at step 12900: 0.313474
2025-12-05 00:19:29 INFO     Training average negative_fact_loss at step 12900: 0.291323
2025-12-05 00:19:29 INFO     Training average positive_rule_loss at step 12900: 1.484865
2025-12-05 00:19:29 INFO     Training average negative_rule_loss at step 12900: 2.550477
2025-12-05 00:19:29 INFO     Training average L_uncertainty at step 12900: 27.102623
2025-12-05 00:19:29 INFO     Training average L_kl at step 12900: 27025.541309
2025-12-05 00:19:29 INFO     Training average L_sigma at step 12900: 7.708021
2025-12-05 00:19:29 INFO     Training average mu_mean at step 12900: -1.222766
2025-12-05 00:19:29 INFO     Training average sigma_mean at step 12900: 0.127698
2025-12-05 00:19:29 INFO     Training average regularization at step 12900: 0.006183
2025-12-05 00:19:29 INFO     Training average loss at step 12900: 2.597278
2025-12-05 00:21:07 INFO     Training average positive_fact_loss at step 13000: 0.313878
2025-12-05 00:21:07 INFO     Training average negative_fact_loss at step 13000: 0.290599
2025-12-05 00:21:07 INFO     Training average positive_rule_loss at step 13000: 1.492816
2025-12-05 00:21:07 INFO     Training average negative_rule_loss at step 13000: 2.536908
2025-12-05 00:21:07 INFO     Training average L_uncertainty at step 13000: 27.072336
2025-12-05 00:21:07 INFO     Training average L_kl at step 13000: 26995.611836
2025-12-05 00:21:07 INFO     Training average L_sigma at step 13000: 7.672281
2025-12-05 00:21:07 INFO     Training average mu_mean at step 13000: -1.217100
2025-12-05 00:21:07 INFO     Training average sigma_mean at step 13000: 0.127693
2025-12-05 00:21:07 INFO     Training average regularization at step 13000: 0.006182
2025-12-05 00:21:07 INFO     Training average loss at step 13000: 2.594006
2025-12-05 00:21:07 INFO     Evaluating on Valid Dataset...
2025-12-05 00:21:07 INFO     >>>>> RuleE emb: Evaluating on valid
2025-12-05 00:21:28 INFO     Data : 4274
2025-12-05 00:21:28 INFO     Hit1 : 0.545859
2025-12-05 00:21:28 INFO     Hit3 : 0.772578
2025-12-05 00:21:28 INFO     Hit10: 0.943379
2025-12-05 00:21:28 INFO     MR   : 3.392139
2025-12-05 00:21:28 INFO     MRR  : 0.679236
2025-12-05 00:23:00 INFO     Training average positive_fact_loss at step 13100: 0.313844
2025-12-05 00:23:00 INFO     Training average negative_fact_loss at step 13100: 0.291052
2025-12-05 00:23:00 INFO     Training average positive_rule_loss at step 13100: 1.489298
2025-12-05 00:23:00 INFO     Training average negative_rule_loss at step 13100: 2.540207
2025-12-05 00:23:00 INFO     Training average L_uncertainty at step 13100: 26.996737
2025-12-05 00:23:00 INFO     Training average L_kl at step 13100: 26918.275996
2025-12-05 00:23:00 INFO     Training average L_sigma at step 13100: 7.846010
2025-12-05 00:23:00 INFO     Training average mu_mean at step 13100: -1.210183
2025-12-05 00:23:00 INFO     Training average sigma_mean at step 13100: 0.127702
2025-12-05 00:23:00 INFO     Training average regularization at step 13100: 0.006182
2025-12-05 00:23:00 INFO     Training average loss at step 13100: 2.593350
2025-12-05 00:24:41 INFO     Training average positive_fact_loss at step 13200: 0.313072
2025-12-05 00:24:41 INFO     Training average negative_fact_loss at step 13200: 0.290934
2025-12-05 00:24:41 INFO     Training average positive_rule_loss at step 13200: 1.493242
2025-12-05 00:24:41 INFO     Training average negative_rule_loss at step 13200: 2.532841
2025-12-05 00:24:41 INFO     Training average L_uncertainty at step 13200: 26.931389
2025-12-05 00:24:41 INFO     Training average L_kl at step 13200: 26855.592969
2025-12-05 00:24:41 INFO     Training average L_sigma at step 13200: 7.579480
2025-12-05 00:24:41 INFO     Training average mu_mean at step 13200: -1.202661
2025-12-05 00:24:41 INFO     Training average sigma_mean at step 13200: 0.127701
2025-12-05 00:24:41 INFO     Training average regularization at step 13200: 0.006187
2025-12-05 00:24:41 INFO     Training average loss at step 13200: 2.590545
2025-12-05 00:26:17 INFO     Training average positive_fact_loss at step 13300: 0.313267
2025-12-05 00:26:17 INFO     Training average negative_fact_loss at step 13300: 0.291175
2025-12-05 00:26:17 INFO     Training average positive_rule_loss at step 13300: 1.495668
2025-12-05 00:26:17 INFO     Training average negative_rule_loss at step 13300: 2.526726
2025-12-05 00:26:17 INFO     Training average L_uncertainty at step 13300: 26.887355
2025-12-05 00:26:17 INFO     Training average L_kl at step 13300: 26810.872363
2025-12-05 00:26:17 INFO     Training average L_sigma at step 13300: 7.648114
2025-12-05 00:26:17 INFO     Training average mu_mean at step 13300: -1.196009
2025-12-05 00:26:17 INFO     Training average sigma_mean at step 13300: 0.127696
2025-12-05 00:26:17 INFO     Training average regularization at step 13300: 0.006184
2025-12-05 00:26:17 INFO     Training average loss at step 13300: 2.588475
2025-12-05 00:28:03 INFO     Training average positive_fact_loss at step 13400: 0.313050
2025-12-05 00:28:03 INFO     Training average negative_fact_loss at step 13400: 0.291152
2025-12-05 00:28:03 INFO     Training average positive_rule_loss at step 13400: 1.494361
2025-12-05 00:28:03 INFO     Training average negative_rule_loss at step 13400: 2.529956
2025-12-05 00:28:03 INFO     Training average L_uncertainty at step 13400: 26.770911
2025-12-05 00:28:03 INFO     Training average L_kl at step 13400: 26695.844922
2025-12-05 00:28:03 INFO     Training average L_sigma at step 13400: 7.506514
2025-12-05 00:28:03 INFO     Training average mu_mean at step 13400: -1.186873
2025-12-05 00:28:03 INFO     Training average sigma_mean at step 13400: 0.127695
2025-12-05 00:28:03 INFO     Training average regularization at step 13400: 0.006179
2025-12-05 00:28:03 INFO     Training average loss at step 13400: 2.588147
2025-12-05 00:29:41 INFO     Training average positive_fact_loss at step 13500: 0.313637
2025-12-05 00:29:41 INFO     Training average negative_fact_loss at step 13500: 0.291144
2025-12-05 00:29:41 INFO     Training average positive_rule_loss at step 13500: 1.497604
2025-12-05 00:29:41 INFO     Training average negative_rule_loss at step 13500: 2.522892
2025-12-05 00:29:41 INFO     Training average L_uncertainty at step 13500: 26.695996
2025-12-05 00:29:41 INFO     Training average L_kl at step 13500: 26619.167812
2025-12-05 00:29:41 INFO     Training average L_sigma at step 13500: 7.682662
2025-12-05 00:29:41 INFO     Training average mu_mean at step 13500: -1.178981
2025-12-05 00:29:41 INFO     Training average sigma_mean at step 13500: 0.127697
2025-12-05 00:29:41 INFO     Training average regularization at step 13500: 0.006179
2025-12-05 00:29:41 INFO     Training average loss at step 13500: 2.585777
2025-12-05 00:31:22 INFO     Training average positive_fact_loss at step 13600: 0.313069
2025-12-05 00:31:22 INFO     Training average negative_fact_loss at step 13600: 0.290938
2025-12-05 00:31:22 INFO     Training average positive_rule_loss at step 13600: 1.505843
2025-12-05 00:31:22 INFO     Training average negative_rule_loss at step 13600: 2.510835
2025-12-05 00:31:22 INFO     Training average L_uncertainty at step 13600: 26.662182
2025-12-05 00:31:22 INFO     Training average L_kl at step 13600: 26588.168359
2025-12-05 00:31:22 INFO     Training average L_sigma at step 13600: 7.401250
2025-12-05 00:31:22 INFO     Training average mu_mean at step 13600: -1.175399
2025-12-05 00:31:22 INFO     Training average sigma_mean at step 13600: 0.127704
2025-12-05 00:31:22 INFO     Training average regularization at step 13600: 0.006198
2025-12-05 00:31:22 INFO     Training average loss at step 13600: 2.583162
2025-12-05 00:32:42 INFO     Training average positive_fact_loss at step 13700: 0.314306
2025-12-05 00:32:42 INFO     Training average negative_fact_loss at step 13700: 0.290664
2025-12-05 00:32:42 INFO     Training average positive_rule_loss at step 13700: 1.505536
2025-12-05 00:32:42 INFO     Training average negative_rule_loss at step 13700: 2.508774
2025-12-05 00:32:42 INFO     Training average L_uncertainty at step 13700: 26.588605
2025-12-05 00:32:42 INFO     Training average L_kl at step 13700: 26514.818164
2025-12-05 00:32:42 INFO     Training average L_sigma at step 13700: 7.378589
2025-12-05 00:32:42 INFO     Training average mu_mean at step 13700: -1.166939
2025-12-05 00:32:42 INFO     Training average sigma_mean at step 13700: 0.127694
2025-12-05 00:32:42 INFO     Training average regularization at step 13700: 0.006192
2025-12-05 00:32:42 INFO     Training average loss at step 13700: 2.581718
2025-12-05 00:34:30 INFO     Training average positive_fact_loss at step 13800: 0.313128
2025-12-05 00:34:30 INFO     Training average negative_fact_loss at step 13800: 0.290753
2025-12-05 00:34:30 INFO     Training average positive_rule_loss at step 13800: 1.504394
2025-12-05 00:34:30 INFO     Training average negative_rule_loss at step 13800: 2.509461
2025-12-05 00:34:30 INFO     Training average L_uncertainty at step 13800: 26.487195
2025-12-05 00:34:30 INFO     Training average L_kl at step 13800: 26413.126133
2025-12-05 00:34:30 INFO     Training average L_sigma at step 13800: 7.406774
2025-12-05 00:34:30 INFO     Training average mu_mean at step 13800: -1.157286
2025-12-05 00:34:30 INFO     Training average sigma_mean at step 13800: 0.127698
2025-12-05 00:34:30 INFO     Training average regularization at step 13800: 0.006190
2025-12-05 00:34:30 INFO     Training average loss at step 13800: 2.579930
2025-12-05 00:36:07 INFO     Training average positive_fact_loss at step 13900: 0.313680
2025-12-05 00:36:07 INFO     Training average negative_fact_loss at step 13900: 0.291038
2025-12-05 00:36:07 INFO     Training average positive_rule_loss at step 13900: 1.507184
2025-12-05 00:36:07 INFO     Training average negative_rule_loss at step 13900: 2.503718
2025-12-05 00:36:07 INFO     Training average L_uncertainty at step 13900: 26.417581
2025-12-05 00:36:07 INFO     Training average L_kl at step 13900: 26344.257637
2025-12-05 00:36:07 INFO     Training average L_sigma at step 13900: 7.332256
2025-12-05 00:36:07 INFO     Training average mu_mean at step 13900: -1.149903
2025-12-05 00:36:07 INFO     Training average sigma_mean at step 13900: 0.127695
2025-12-05 00:36:07 INFO     Training average regularization at step 13900: 0.006186
2025-12-05 00:36:07 INFO     Training average loss at step 13900: 2.578171
2025-12-05 00:37:49 INFO     Training average positive_fact_loss at step 14000: 0.313689
2025-12-05 00:37:49 INFO     Training average negative_fact_loss at step 14000: 0.291261
2025-12-05 00:37:49 INFO     Training average positive_rule_loss at step 14000: 1.510417
2025-12-05 00:37:49 INFO     Training average negative_rule_loss at step 14000: 2.496576
2025-12-05 00:37:49 INFO     Training average L_uncertainty at step 14000: 26.353228
2025-12-05 00:37:49 INFO     Training average L_kl at step 14000: 26280.762891
2025-12-05 00:37:49 INFO     Training average L_sigma at step 14000: 7.246355
2025-12-05 00:37:49 INFO     Training average mu_mean at step 14000: -1.143246
2025-12-05 00:37:49 INFO     Training average sigma_mean at step 14000: 0.127698
2025-12-05 00:37:49 INFO     Training average regularization at step 14000: 0.006191
2025-12-05 00:37:49 INFO     Training average loss at step 14000: 2.575695
2025-12-05 00:37:49 INFO     Evaluating on Valid Dataset...
2025-12-05 00:37:49 INFO     >>>>> RuleE emb: Evaluating on valid
2025-12-05 00:38:08 INFO     Data : 4274
2025-12-05 00:38:08 INFO     Hit1 : 0.535564
2025-12-05 00:38:08 INFO     Hit3 : 0.768133
2025-12-05 00:38:08 INFO     Hit10: 0.941507
2025-12-05 00:38:08 INFO     MR   : 3.445718
2025-12-05 00:38:08 INFO     MRR  : 0.672759
2025-12-05 00:39:46 INFO     Training average positive_fact_loss at step 14100: 0.312955
2025-12-05 00:39:46 INFO     Training average negative_fact_loss at step 14100: 0.291310
2025-12-05 00:39:46 INFO     Training average positive_rule_loss at step 14100: 1.510387
2025-12-05 00:39:46 INFO     Training average negative_rule_loss at step 14100: 2.496944
2025-12-05 00:39:46 INFO     Training average L_uncertainty at step 14100: 26.235058
2025-12-05 00:39:46 INFO     Training average L_kl at step 14100: 26162.044199
2025-12-05 00:39:46 INFO     Training average L_sigma at step 14100: 7.301291
2025-12-05 00:39:46 INFO     Training average mu_mean at step 14100: -1.132416
2025-12-05 00:39:46 INFO     Training average sigma_mean at step 14100: 0.127695
2025-12-05 00:39:46 INFO     Training average regularization at step 14100: 0.006181
2025-12-05 00:39:46 INFO     Training average loss at step 14100: 2.574330
2025-12-05 00:41:33 INFO     Training average positive_fact_loss at step 14200: 0.314027
2025-12-05 00:41:33 INFO     Training average negative_fact_loss at step 14200: 0.291406
2025-12-05 00:41:33 INFO     Training average positive_rule_loss at step 14200: 1.517931
2025-12-05 00:41:33 INFO     Training average negative_rule_loss at step 14200: 2.486192
2025-12-05 00:41:33 INFO     Training average L_uncertainty at step 14200: 26.179952
2025-12-05 00:41:33 INFO     Training average L_kl at step 14200: 26106.984453
2025-12-05 00:41:33 INFO     Training average L_sigma at step 14200: 7.296669
2025-12-05 00:41:33 INFO     Training average mu_mean at step 14200: -1.127193
2025-12-05 00:41:33 INFO     Training average sigma_mean at step 14200: 0.127697
2025-12-05 00:41:33 INFO     Training average regularization at step 14200: 0.006171
2025-12-05 00:41:33 INFO     Training average loss at step 14200: 2.572749
2025-12-05 00:42:58 INFO     Training average positive_fact_loss at step 14300: 0.314099
2025-12-05 00:42:58 INFO     Training average negative_fact_loss at step 14300: 0.290848
2025-12-05 00:42:58 INFO     Training average positive_rule_loss at step 14300: 1.516254
2025-12-05 00:42:58 INFO     Training average negative_rule_loss at step 14300: 2.486392
2025-12-05 00:42:58 INFO     Training average L_uncertainty at step 14300: 26.068559
2025-12-05 00:42:58 INFO     Training average L_kl at step 14300: 25997.012168
2025-12-05 00:42:58 INFO     Training average L_sigma at step 14300: 7.154571
2025-12-05 00:42:58 INFO     Training average mu_mean at step 14300: -1.117550
2025-12-05 00:42:58 INFO     Training average sigma_mean at step 14300: 0.127695
2025-12-05 00:42:58 INFO     Training average regularization at step 14300: 0.006178
2025-12-05 00:42:58 INFO     Training average loss at step 14300: 2.570660
2025-12-05 00:44:35 INFO     Training average positive_fact_loss at step 14400: 0.314012
2025-12-05 00:44:35 INFO     Training average negative_fact_loss at step 14400: 0.290970
2025-12-05 00:44:35 INFO     Training average positive_rule_loss at step 14400: 1.515006
2025-12-05 00:44:35 INFO     Training average negative_rule_loss at step 14400: 2.490021
2025-12-05 00:44:35 INFO     Training average L_uncertainty at step 14400: 25.944602
2025-12-05 00:44:35 INFO     Training average L_kl at step 14400: 25873.018789
2025-12-05 00:44:35 INFO     Training average L_sigma at step 14400: 7.158227
2025-12-05 00:44:35 INFO     Training average mu_mean at step 14400: -1.107196
2025-12-05 00:44:35 INFO     Training average sigma_mean at step 14400: 0.127695
2025-12-05 00:44:35 INFO     Training average regularization at step 14400: 0.006173
2025-12-05 00:44:35 INFO     Training average loss at step 14400: 2.570623
2025-12-05 00:46:13 INFO     Training average positive_fact_loss at step 14500: 0.312994
2025-12-05 00:46:13 INFO     Training average negative_fact_loss at step 14500: 0.290471
2025-12-05 00:46:13 INFO     Training average positive_rule_loss at step 14500: 1.519318
2025-12-05 00:46:13 INFO     Training average negative_rule_loss at step 14500: 2.481394
2025-12-05 00:46:13 INFO     Training average L_uncertainty at step 14500: 25.884448
2025-12-05 00:46:13 INFO     Training average L_kl at step 14500: 25812.473203
2025-12-05 00:46:13 INFO     Training average L_sigma at step 14500: 7.197351
2025-12-05 00:46:13 INFO     Training average mu_mean at step 14500: -1.100214
2025-12-05 00:46:13 INFO     Training average sigma_mean at step 14500: 0.127697
2025-12-05 00:46:13 INFO     Training average regularization at step 14500: 0.006180
2025-12-05 00:46:13 INFO     Training average loss at step 14500: 2.567114
2025-12-05 00:47:56 INFO     Training average positive_fact_loss at step 14600: 0.312700
2025-12-05 00:47:56 INFO     Training average negative_fact_loss at step 14600: 0.290761
2025-12-05 00:47:56 INFO     Training average positive_rule_loss at step 14600: 1.522608
2025-12-05 00:47:56 INFO     Training average negative_rule_loss at step 14600: 2.474507
2025-12-05 00:47:56 INFO     Training average L_uncertainty at step 14600: 25.811400
2025-12-05 00:47:56 INFO     Training average L_kl at step 14600: 25741.180332
2025-12-05 00:47:56 INFO     Training average L_sigma at step 14600: 7.021859
2025-12-05 00:47:56 INFO     Training average mu_mean at step 14600: -1.091452
2025-12-05 00:47:56 INFO     Training average sigma_mean at step 14600: 0.127692
2025-12-05 00:47:56 INFO     Training average regularization at step 14600: 0.006180
2025-12-05 00:47:56 INFO     Training average loss at step 14600: 2.564583
2025-12-05 00:49:29 INFO     Training average positive_fact_loss at step 14700: 0.313522
2025-12-05 00:49:29 INFO     Training average negative_fact_loss at step 14700: 0.291585
2025-12-05 00:49:29 INFO     Training average positive_rule_loss at step 14700: 1.529376
2025-12-05 00:49:29 INFO     Training average negative_rule_loss at step 14700: 2.466869
2025-12-05 00:49:29 INFO     Training average L_uncertainty at step 14700: 25.697918
2025-12-05 00:49:29 INFO     Training average L_kl at step 14700: 25625.897578
2025-12-05 00:49:29 INFO     Training average L_sigma at step 14700: 7.201895
2025-12-05 00:49:29 INFO     Training average mu_mean at step 14700: -1.082979
2025-12-05 00:49:29 INFO     Training average sigma_mean at step 14700: 0.127701
2025-12-05 00:49:29 INFO     Training average regularization at step 14700: 0.006176
2025-12-05 00:49:29 INFO     Training average loss at step 14700: 2.563832
2025-12-05 00:51:13 INFO     Training average positive_fact_loss at step 14800: 0.313809
2025-12-05 00:51:13 INFO     Training average negative_fact_loss at step 14800: 0.291297
2025-12-05 00:51:13 INFO     Training average positive_rule_loss at step 14800: 1.530255
2025-12-05 00:51:13 INFO     Training average negative_rule_loss at step 14800: 2.467403
2025-12-05 00:51:13 INFO     Training average L_uncertainty at step 14800: 25.554585
2025-12-05 00:51:13 INFO     Training average L_kl at step 14800: 25484.839121
2025-12-05 00:51:13 INFO     Training average L_sigma at step 14800: 6.974508
2025-12-05 00:51:13 INFO     Training average mu_mean at step 14800: -1.073540
2025-12-05 00:51:13 INFO     Training average sigma_mean at step 14800: 0.127698
2025-12-05 00:51:13 INFO     Training average regularization at step 14800: 0.006180
2025-12-05 00:51:13 INFO     Training average loss at step 14800: 2.563108
2025-12-05 00:52:52 INFO     Training average positive_fact_loss at step 14900: 0.313786
2025-12-05 00:52:52 INFO     Training average negative_fact_loss at step 14900: 0.290861
2025-12-05 00:52:52 INFO     Training average positive_rule_loss at step 14900: 1.528254
2025-12-05 00:52:52 INFO     Training average negative_rule_loss at step 14900: 2.466435
2025-12-05 00:52:52 INFO     Training average L_uncertainty at step 14900: 25.450220
2025-12-05 00:52:52 INFO     Training average L_kl at step 14900: 25380.284355
2025-12-05 00:52:52 INFO     Training average L_sigma at step 14900: 6.993478
2025-12-05 00:52:52 INFO     Training average mu_mean at step 14900: -1.060884
2025-12-05 00:52:52 INFO     Training average sigma_mean at step 14900: 0.127696
2025-12-05 00:52:52 INFO     Training average regularization at step 14900: 0.006186
2025-12-05 00:52:52 INFO     Training average loss at step 14900: 2.560356
2025-12-05 00:54:18 INFO     Training average positive_fact_loss at step 15000: 0.314034
2025-12-05 00:54:18 INFO     Training average negative_fact_loss at step 15000: 0.290873
2025-12-05 00:54:18 INFO     Training average positive_rule_loss at step 15000: 1.531106
2025-12-05 00:54:18 INFO     Training average negative_rule_loss at step 15000: 2.461673
2025-12-05 00:54:18 INFO     Training average L_uncertainty at step 15000: 25.366172
2025-12-05 00:54:18 INFO     Training average L_kl at step 15000: 25296.569961
2025-12-05 00:54:18 INFO     Training average L_sigma at step 15000: 6.960120
2025-12-05 00:54:18 INFO     Training average mu_mean at step 15000: -1.051652
2025-12-05 00:54:18 INFO     Training average sigma_mean at step 15000: 0.127697
2025-12-05 00:54:18 INFO     Training average regularization at step 15000: 0.006181
2025-12-05 00:54:18 INFO     Training average loss at step 15000: 2.558686
2025-12-05 00:54:18 INFO     Evaluating on Valid Dataset...
2025-12-05 00:54:18 INFO     >>>>> RuleE emb: Evaluating on valid
2025-12-05 00:54:36 INFO     Data : 4274
2025-12-05 00:54:36 INFO     Hit1 : 0.529715
2025-12-05 00:54:36 INFO     Hit3 : 0.770473
2025-12-05 00:54:36 INFO     Hit10: 0.942911
2025-12-05 00:54:36 INFO     MR   : 3.416940
2025-12-05 00:54:36 INFO     MRR  : 0.669870
2025-12-05 00:56:12 INFO     Training average positive_fact_loss at step 15100: 0.313413
2025-12-05 00:56:12 INFO     Training average negative_fact_loss at step 15100: 0.290861
2025-12-05 00:56:12 INFO     Training average positive_rule_loss at step 15100: 1.534745
2025-12-05 00:56:12 INFO     Training average negative_rule_loss at step 15100: 2.457998
2025-12-05 00:56:12 INFO     Training average L_uncertainty at step 15100: 25.224931
2025-12-05 00:56:12 INFO     Training average L_kl at step 15100: 25154.968477
2025-12-05 00:56:12 INFO     Training average L_sigma at step 15100: 6.996085
2025-12-05 00:56:12 INFO     Training average mu_mean at step 15100: -1.041210
2025-12-05 00:56:12 INFO     Training average sigma_mean at step 15100: 0.127700
2025-12-05 00:56:12 INFO     Training average regularization at step 15100: 0.006177
2025-12-05 00:56:12 INFO     Training average loss at step 15100: 2.556934
2025-12-05 00:57:59 INFO     Training average positive_fact_loss at step 15200: 0.312608
2025-12-05 00:57:59 INFO     Training average negative_fact_loss at step 15200: 0.291002
2025-12-05 00:57:59 INFO     Training average positive_rule_loss at step 15200: 1.536794
2025-12-05 00:57:59 INFO     Training average negative_rule_loss at step 15200: 2.452951
2025-12-05 00:57:59 INFO     Training average L_uncertainty at step 15200: 25.138635
2025-12-05 00:57:59 INFO     Training average L_kl at step 15200: 25070.251719
2025-12-05 00:57:59 INFO     Training average L_sigma at step 15200: 6.838216
2025-12-05 00:57:59 INFO     Training average mu_mean at step 15200: -1.032389
2025-12-05 00:57:59 INFO     Training average sigma_mean at step 15200: 0.127693
2025-12-05 00:57:59 INFO     Training average regularization at step 15200: 0.006187
2025-12-05 00:57:59 INFO     Training average loss at step 15200: 2.554251
2025-12-05 00:59:36 INFO     Training average positive_fact_loss at step 15300: 0.314153
2025-12-05 00:59:36 INFO     Training average negative_fact_loss at step 15300: 0.291134
2025-12-05 00:59:36 INFO     Training average positive_rule_loss at step 15300: 1.546834
2025-12-05 00:59:36 INFO     Training average negative_rule_loss at step 15300: 2.441636
2025-12-05 00:59:36 INFO     Training average L_uncertainty at step 15300: 25.014361
2025-12-05 00:59:36 INFO     Training average L_kl at step 15300: 24945.227090
2025-12-05 00:59:36 INFO     Training average L_sigma at step 15300: 6.913250
2025-12-05 00:59:36 INFO     Training average mu_mean at step 15300: -1.022639
2025-12-05 00:59:36 INFO     Training average sigma_mean at step 15300: 0.127696
2025-12-05 00:59:36 INFO     Training average regularization at step 15300: 0.006182
2025-12-05 00:59:36 INFO     Training average loss at step 15300: 2.553205
2025-12-05 01:01:18 INFO     Training average positive_fact_loss at step 15400: 0.313229
2025-12-05 01:01:18 INFO     Training average negative_fact_loss at step 15400: 0.291158
2025-12-05 01:01:18 INFO     Training average positive_rule_loss at step 15400: 1.545423
2025-12-05 01:01:18 INFO     Training average negative_rule_loss at step 15400: 2.442345
2025-12-05 01:01:18 INFO     Training average L_uncertainty at step 15400: 24.914050
2025-12-05 01:01:18 INFO     Training average L_kl at step 15400: 24845.412266
2025-12-05 01:01:18 INFO     Training average L_sigma at step 15400: 6.863608
2025-12-05 01:01:18 INFO     Training average mu_mean at step 15400: -1.012927
2025-12-05 01:01:18 INFO     Training average sigma_mean at step 15400: 0.127699
2025-12-05 01:01:18 INFO     Training average regularization at step 15400: 0.006175
2025-12-05 01:01:18 INFO     Training average loss at step 15400: 2.551393
2025-12-05 01:02:56 INFO     Training average positive_fact_loss at step 15500: 0.313945
2025-12-05 01:02:56 INFO     Training average negative_fact_loss at step 15500: 0.291018
2025-12-05 01:02:56 INFO     Training average positive_rule_loss at step 15500: 1.547967
2025-12-05 01:02:56 INFO     Training average negative_rule_loss at step 15500: 2.435396
2025-12-05 01:02:56 INFO     Training average L_uncertainty at step 15500: 24.816050
2025-12-05 01:02:56 INFO     Training average L_kl at step 15500: 24748.171777
2025-12-05 01:02:56 INFO     Training average L_sigma at step 15500: 6.787732
2025-12-05 01:02:56 INFO     Training average mu_mean at step 15500: -1.000512
2025-12-05 01:02:56 INFO     Training average sigma_mean at step 15500: 0.127695
2025-12-05 01:02:56 INFO     Training average regularization at step 15500: 0.006176
2025-12-05 01:02:56 INFO     Training average loss at step 15500: 2.548500
2025-12-05 01:04:35 INFO     Training average positive_fact_loss at step 15600: 0.313711
2025-12-05 01:04:35 INFO     Training average negative_fact_loss at step 15600: 0.290989
2025-12-05 01:04:35 INFO     Training average positive_rule_loss at step 15600: 1.549196
2025-12-05 01:04:35 INFO     Training average negative_rule_loss at step 15600: 2.434303
2025-12-05 01:04:35 INFO     Training average L_uncertainty at step 15600: 24.664824
2025-12-05 01:04:35 INFO     Training average L_kl at step 15600: 24596.168438
2025-12-05 01:04:35 INFO     Training average L_sigma at step 15600: 6.865457
2025-12-05 01:04:35 INFO     Training average mu_mean at step 15600: -0.987140
2025-12-05 01:04:35 INFO     Training average sigma_mean at step 15600: 0.127695
2025-12-05 01:04:35 INFO     Training average regularization at step 15600: 0.006176
2025-12-05 01:04:35 INFO     Training average loss at step 15600: 2.546924
2025-12-05 01:06:01 INFO     Training average positive_fact_loss at step 15700: 0.313602
2025-12-05 01:06:01 INFO     Training average negative_fact_loss at step 15700: 0.290625
2025-12-05 01:06:01 INFO     Training average positive_rule_loss at step 15700: 1.554078
2025-12-05 01:06:01 INFO     Training average negative_rule_loss at step 15700: 2.427723
2025-12-05 01:06:01 INFO     Training average L_uncertainty at step 15700: 24.557111
2025-12-05 01:06:01 INFO     Training average L_kl at step 15700: 24489.688105
2025-12-05 01:06:01 INFO     Training average L_sigma at step 15700: 6.742175
2025-12-05 01:06:01 INFO     Training average mu_mean at step 15700: -0.977787
2025-12-05 01:06:01 INFO     Training average sigma_mean at step 15700: 0.127693
2025-12-05 01:06:01 INFO     Training average regularization at step 15700: 0.006177
2025-12-05 01:06:01 INFO     Training average loss at step 15700: 2.544762
2025-12-05 01:07:44 INFO     Training average positive_fact_loss at step 15800: 0.313389
2025-12-05 01:07:44 INFO     Training average negative_fact_loss at step 15800: 0.290954
2025-12-05 01:07:44 INFO     Training average positive_rule_loss at step 15800: 1.553042
2025-12-05 01:07:44 INFO     Training average negative_rule_loss at step 15800: 2.429755
2025-12-05 01:07:44 INFO     Training average L_uncertainty at step 15800: 24.391053
2025-12-05 01:07:44 INFO     Training average L_kl at step 15800: 24324.366094
2025-12-05 01:07:44 INFO     Training average L_sigma at step 15800: 6.668558
2025-12-05 01:07:44 INFO     Training average mu_mean at step 15800: -0.962800
2025-12-05 01:07:44 INFO     Training average sigma_mean at step 15800: 0.127699
2025-12-05 01:07:44 INFO     Training average regularization at step 15800: 0.006162
2025-12-05 01:07:44 INFO     Training average loss at step 15800: 2.543643
2025-12-05 01:09:22 INFO     Training average positive_fact_loss at step 15900: 0.312630
2025-12-05 01:09:22 INFO     Training average negative_fact_loss at step 15900: 0.290671
2025-12-05 01:09:22 INFO     Training average positive_rule_loss at step 15900: 1.558347
2025-12-05 01:09:22 INFO     Training average negative_rule_loss at step 15900: 2.420761
2025-12-05 01:09:22 INFO     Training average L_uncertainty at step 15900: 24.270497
2025-12-05 01:09:22 INFO     Training average L_kl at step 15900: 24202.597871
2025-12-05 01:09:22 INFO     Training average L_sigma at step 15900: 6.789832
2025-12-05 01:09:22 INFO     Training average mu_mean at step 15900: -0.951909
2025-12-05 01:09:22 INFO     Training average sigma_mean at step 15900: 0.127693
2025-12-05 01:09:22 INFO     Training average regularization at step 15900: 0.006183
2025-12-05 01:09:22 INFO     Training average loss at step 15900: 2.540092
2025-12-05 01:11:08 INFO     Training average positive_fact_loss at step 16000: 0.314019
2025-12-05 01:11:08 INFO     Training average negative_fact_loss at step 16000: 0.291384
2025-12-05 01:11:08 INFO     Training average positive_rule_loss at step 16000: 1.560731
2025-12-05 01:11:08 INFO     Training average negative_rule_loss at step 16000: 2.420023
2025-12-05 01:11:08 INFO     Training average L_uncertainty at step 16000: 24.113618
2025-12-05 01:11:08 INFO     Training average L_kl at step 16000: 24047.196016
2025-12-05 01:11:08 INFO     Training average L_sigma at step 16000: 6.642136
2025-12-05 01:11:08 INFO     Training average mu_mean at step 16000: -0.937117
2025-12-05 01:11:08 INFO     Training average sigma_mean at step 16000: 0.127697
2025-12-05 01:11:08 INFO     Training average regularization at step 16000: 0.006170
2025-12-05 01:11:08 INFO     Training average loss at step 16000: 2.540384
2025-12-05 01:11:08 INFO     Evaluating on Valid Dataset...
2025-12-05 01:11:08 INFO     >>>>> RuleE emb: Evaluating on valid
2025-12-05 01:11:27 INFO     Data : 4274
2025-12-05 01:11:27 INFO     Hit1 : 0.525971
2025-12-05 01:11:27 INFO     Hit3 : 0.765091
2025-12-05 01:11:27 INFO     Hit10: 0.941273
2025-12-05 01:11:27 INFO     MR   : 3.466074
2025-12-05 01:11:27 INFO     MRR  : 0.665903
2025-12-05 01:13:01 INFO     Training average positive_fact_loss at step 16100: 0.313697
2025-12-05 01:13:01 INFO     Training average negative_fact_loss at step 16100: 0.291041
2025-12-05 01:13:01 INFO     Training average positive_rule_loss at step 16100: 1.564912
2025-12-05 01:13:01 INFO     Training average negative_rule_loss at step 16100: 2.414206
2025-12-05 01:13:01 INFO     Training average L_uncertainty at step 16100: 23.952047
2025-12-05 01:13:01 INFO     Training average L_kl at step 16100: 23884.605234
2025-12-05 01:13:01 INFO     Training average L_sigma at step 16100: 6.744063
2025-12-05 01:13:01 INFO     Training average mu_mean at step 16100: -0.924757
2025-12-05 01:13:01 INFO     Training average sigma_mean at step 16100: 0.127700
2025-12-05 01:13:01 INFO     Training average regularization at step 16100: 0.006182
2025-12-05 01:13:01 INFO     Training average loss at step 16100: 2.537630
2025-12-05 01:14:47 INFO     Training average positive_fact_loss at step 16200: 0.313842
2025-12-05 01:14:47 INFO     Training average negative_fact_loss at step 16200: 0.290932
2025-12-05 01:14:47 INFO     Training average positive_rule_loss at step 16200: 1.564357
2025-12-05 01:14:47 INFO     Training average negative_rule_loss at step 16200: 2.416313
2025-12-05 01:14:47 INFO     Training average L_uncertainty at step 16200: 23.800013
2025-12-05 01:14:47 INFO     Training average L_kl at step 16200: 23733.095957
2025-12-05 01:14:47 INFO     Training average L_sigma at step 16200: 6.691635
2025-12-05 01:14:47 INFO     Training average mu_mean at step 16200: -0.909854
2025-12-05 01:14:47 INFO     Training average sigma_mean at step 16200: 0.127697
2025-12-05 01:14:47 INFO     Training average regularization at step 16200: 0.006174
2025-12-05 01:14:47 INFO     Training average loss at step 16200: 2.536897
2025-12-05 01:16:07 INFO     Training average positive_fact_loss at step 16300: 0.313288
2025-12-05 01:16:07 INFO     Training average negative_fact_loss at step 16300: 0.290606
2025-12-05 01:16:07 INFO     Training average positive_rule_loss at step 16300: 1.572772
2025-12-05 01:16:07 INFO     Training average negative_rule_loss at step 16300: 2.403297
2025-12-05 01:16:07 INFO     Training average L_uncertainty at step 16300: 23.680740
2025-12-05 01:16:07 INFO     Training average L_kl at step 16300: 23614.386387
2025-12-05 01:16:07 INFO     Training average L_sigma at step 16300: 6.635210
2025-12-05 01:16:07 INFO     Training average mu_mean at step 16300: -0.897506
2025-12-05 01:16:07 INFO     Training average sigma_mean at step 16300: 0.127694
2025-12-05 01:16:07 INFO     Training average regularization at step 16300: 0.006174
2025-12-05 01:16:07 INFO     Training average loss at step 16300: 2.532963
2025-12-05 01:17:51 INFO     Training average positive_fact_loss at step 16400: 0.313456
2025-12-05 01:17:51 INFO     Training average negative_fact_loss at step 16400: 0.290880
2025-12-05 01:17:51 INFO     Training average positive_rule_loss at step 16400: 1.577688
2025-12-05 01:17:51 INFO     Training average negative_rule_loss at step 16400: 2.398606
2025-12-05 01:17:51 INFO     Training average L_uncertainty at step 16400: 23.539098
2025-12-05 01:17:51 INFO     Training average L_kl at step 16400: 23471.906230
2025-12-05 01:17:51 INFO     Training average L_sigma at step 16400: 6.719069
2025-12-05 01:17:51 INFO     Training average mu_mean at step 16400: -0.883386
2025-12-05 01:17:51 INFO     Training average sigma_mean at step 16400: 0.127697
2025-12-05 01:17:51 INFO     Training average regularization at step 16400: 0.006179
2025-12-05 01:17:51 INFO     Training average loss at step 16400: 2.531885
2025-12-05 01:19:25 INFO     Training average positive_fact_loss at step 16500: 0.313811
2025-12-05 01:19:25 INFO     Training average negative_fact_loss at step 16500: 0.290756
2025-12-05 01:19:25 INFO     Training average positive_rule_loss at step 16500: 1.578831
2025-12-05 01:19:25 INFO     Training average negative_rule_loss at step 16500: 2.397879
2025-12-05 01:19:25 INFO     Training average L_uncertainty at step 16500: 23.356495
2025-12-05 01:19:25 INFO     Training average L_kl at step 16500: 23290.134375
2025-12-05 01:19:25 INFO     Training average L_sigma at step 16500: 6.635979
2025-12-05 01:19:25 INFO     Training average mu_mean at step 16500: -0.866961
2025-12-05 01:19:25 INFO     Training average sigma_mean at step 16500: 0.127698
2025-12-05 01:19:25 INFO     Training average regularization at step 16500: 0.006179
2025-12-05 01:19:25 INFO     Training average loss at step 16500: 2.530383
2025-12-05 01:21:10 INFO     Training average positive_fact_loss at step 16600: 0.312985
2025-12-05 01:21:10 INFO     Training average negative_fact_loss at step 16600: 0.290793
2025-12-05 01:21:10 INFO     Training average positive_rule_loss at step 16600: 1.583234
2025-12-05 01:21:10 INFO     Training average negative_rule_loss at step 16600: 2.390839
2025-12-05 01:21:10 INFO     Training average L_uncertainty at step 16600: 23.208607
2025-12-05 01:21:10 INFO     Training average L_kl at step 16600: 23143.960098
2025-12-05 01:21:10 INFO     Training average L_sigma at step 16600: 6.464586
2025-12-05 01:21:10 INFO     Training average mu_mean at step 16600: -0.851385
2025-12-05 01:21:10 INFO     Training average sigma_mean at step 16600: 0.127692
2025-12-05 01:21:10 INFO     Training average regularization at step 16600: 0.006177
2025-12-05 01:21:10 INFO     Training average loss at step 16600: 2.527188
2025-12-05 01:22:49 INFO     Training average positive_fact_loss at step 16700: 0.312940
2025-12-05 01:22:49 INFO     Training average negative_fact_loss at step 16700: 0.291129
2025-12-05 01:22:49 INFO     Training average positive_rule_loss at step 16700: 1.590995
2025-12-05 01:22:49 INFO     Training average negative_rule_loss at step 16700: 2.380203
2025-12-05 01:22:49 INFO     Training average L_uncertainty at step 16700: 23.061341
2025-12-05 01:22:49 INFO     Training average L_kl at step 16700: 22994.021348
2025-12-05 01:22:49 INFO     Training average L_sigma at step 16700: 6.731853
2025-12-05 01:22:49 INFO     Training average mu_mean at step 16700: -0.837096
2025-12-05 01:22:49 INFO     Training average sigma_mean at step 16700: 0.127698
2025-12-05 01:22:49 INFO     Training average regularization at step 16700: 0.006178
2025-12-05 01:22:49 INFO     Training average loss at step 16700: 2.524424
2025-12-05 01:24:32 INFO     Training average positive_fact_loss at step 16800: 0.313297
2025-12-05 01:24:32 INFO     Training average negative_fact_loss at step 16800: 0.290661
2025-12-05 01:24:32 INFO     Training average positive_rule_loss at step 16800: 1.591919
2025-12-05 01:24:32 INFO     Training average negative_rule_loss at step 16800: 2.381584
2025-12-05 01:24:32 INFO     Training average L_uncertainty at step 16800: 22.877604
2025-12-05 01:24:32 INFO     Training average L_kl at step 16800: 22810.937461
2025-12-05 01:24:32 INFO     Training average L_sigma at step 16800: 6.666536
2025-12-05 01:24:32 INFO     Training average mu_mean at step 16800: -0.817795
2025-12-05 01:24:32 INFO     Training average sigma_mean at step 16800: 0.127696
2025-12-05 01:24:32 INFO     Training average regularization at step 16800: 0.006183
2025-12-05 01:24:32 INFO     Training average loss at step 16800: 2.523689
2025-12-05 01:25:58 INFO     Training average positive_fact_loss at step 16900: 0.313747
2025-12-05 01:25:58 INFO     Training average negative_fact_loss at step 16900: 0.290680
2025-12-05 01:25:58 INFO     Training average positive_rule_loss at step 16900: 1.595839
2025-12-05 01:25:58 INFO     Training average negative_rule_loss at step 16900: 2.375705
2025-12-05 01:25:58 INFO     Training average L_uncertainty at step 16900: 22.694847
2025-12-05 01:25:58 INFO     Training average L_kl at step 16900: 22629.668262
2025-12-05 01:25:58 INFO     Training average L_sigma at step 16900: 6.517804
2025-12-05 01:25:58 INFO     Training average mu_mean at step 16900: -0.799476
2025-12-05 01:25:58 INFO     Training average sigma_mean at step 16900: 0.127696
2025-12-05 01:25:58 INFO     Training average regularization at step 16900: 0.006176
2025-12-05 01:25:58 INFO     Training average loss at step 16900: 2.521110
2025-12-05 01:27:36 INFO     Training average positive_fact_loss at step 17000: 0.313524
2025-12-05 01:27:36 INFO     Training average negative_fact_loss at step 17000: 0.290508
2025-12-05 01:27:36 INFO     Training average positive_rule_loss at step 17000: 1.606282
2025-12-05 01:27:36 INFO     Training average negative_rule_loss at step 17000: 2.362163
2025-12-05 01:27:36 INFO     Training average L_uncertainty at step 17000: 22.580848
2025-12-05 01:27:36 INFO     Training average L_kl at step 17000: 22514.638477
2025-12-05 01:27:36 INFO     Training average L_sigma at step 17000: 6.620867
2025-12-05 01:27:36 INFO     Training average mu_mean at step 17000: -0.785988
2025-12-05 01:27:36 INFO     Training average sigma_mean at step 17000: 0.127696
2025-12-05 01:27:36 INFO     Training average regularization at step 17000: 0.006181
2025-12-05 01:27:36 INFO     Training average loss at step 17000: 2.518228
2025-12-05 01:27:36 INFO     Evaluating on Valid Dataset...
2025-12-05 01:27:36 INFO     >>>>> RuleE emb: Evaluating on valid
2025-12-05 01:27:55 INFO     Data : 4274
2025-12-05 01:27:55 INFO     Hit1 : 0.533224
2025-12-05 01:27:55 INFO     Hit3 : 0.765559
2025-12-05 01:27:55 INFO     Hit10: 0.940805
2025-12-05 01:27:55 INFO     MR   : 3.454141
2025-12-05 01:27:55 INFO     MRR  : 0.670533
2025-12-05 01:29:33 INFO     Training average positive_fact_loss at step 17100: 0.313472
2025-12-05 01:29:33 INFO     Training average negative_fact_loss at step 17100: 0.290936
2025-12-05 01:29:33 INFO     Training average positive_rule_loss at step 17100: 1.607931
2025-12-05 01:29:33 INFO     Training average negative_rule_loss at step 17100: 2.359975
2025-12-05 01:29:33 INFO     Training average L_uncertainty at step 17100: 22.386309
2025-12-05 01:29:33 INFO     Training average L_kl at step 17100: 22320.601816
2025-12-05 01:29:33 INFO     Training average L_sigma at step 17100: 6.570587
2025-12-05 01:29:33 INFO     Training average mu_mean at step 17100: -0.764946
2025-12-05 01:29:33 INFO     Training average sigma_mean at step 17100: 0.127700
2025-12-05 01:29:33 INFO     Training average regularization at step 17100: 0.006185
2025-12-05 01:29:33 INFO     Training average loss at step 17100: 2.516205
2025-12-05 01:31:14 INFO     Training average positive_fact_loss at step 17200: 0.312641
2025-12-05 01:31:14 INFO     Training average negative_fact_loss at step 17200: 0.290697
2025-12-05 01:31:14 INFO     Training average positive_rule_loss at step 17200: 1.615532
2025-12-05 01:31:14 INFO     Training average negative_rule_loss at step 17200: 2.354470
2025-12-05 01:31:14 INFO     Training average L_uncertainty at step 17200: 22.216275
2025-12-05 01:31:14 INFO     Training average L_kl at step 17200: 22147.907441
2025-12-05 01:31:14 INFO     Training average L_sigma at step 17200: 6.836706
2025-12-05 01:31:14 INFO     Training average mu_mean at step 17200: -0.748169
2025-12-05 01:31:14 INFO     Training average sigma_mean at step 17200: 0.127696
2025-12-05 01:31:14 INFO     Training average regularization at step 17200: 0.006186
2025-12-05 01:31:14 INFO     Training average loss at step 17200: 2.515018
2025-12-05 01:32:50 INFO     Training average positive_fact_loss at step 17300: 0.313320
2025-12-05 01:32:50 INFO     Training average negative_fact_loss at step 17300: 0.290950
2025-12-05 01:32:50 INFO     Training average positive_rule_loss at step 17300: 1.620075
2025-12-05 01:32:50 INFO     Training average negative_rule_loss at step 17300: 2.344527
2025-12-05 01:32:50 INFO     Training average L_uncertainty at step 17300: 22.071674
2025-12-05 01:32:50 INFO     Training average L_kl at step 17300: 22006.584414
2025-12-05 01:32:50 INFO     Training average L_sigma at step 17300: 6.508866
2025-12-05 01:32:50 INFO     Training average mu_mean at step 17300: -0.726371
2025-12-05 01:32:50 INFO     Training average sigma_mean at step 17300: 0.127694
2025-12-05 01:32:50 INFO     Training average regularization at step 17300: 0.006187
2025-12-05 01:32:50 INFO     Training average loss at step 17300: 2.511340
2025-12-05 01:34:38 INFO     Training average positive_fact_loss at step 17400: 0.312750
2025-12-05 01:34:38 INFO     Training average negative_fact_loss at step 17400: 0.291190
2025-12-05 01:34:38 INFO     Training average positive_rule_loss at step 17400: 1.622131
2025-12-05 01:34:38 INFO     Training average negative_rule_loss at step 17400: 2.341875
2025-12-05 01:34:38 INFO     Training average L_uncertainty at step 17400: 21.907127
2025-12-05 01:34:38 INFO     Training average L_kl at step 17400: 21838.204160
2025-12-05 01:34:38 INFO     Training average L_sigma at step 17400: 6.892197
2025-12-05 01:34:38 INFO     Training average mu_mean at step 17400: -0.705385
2025-12-05 01:34:38 INFO     Training average sigma_mean at step 17400: 0.127699
2025-12-05 01:34:38 INFO     Training average regularization at step 17400: 0.006174
2025-12-05 01:34:38 INFO     Training average loss at step 17400: 2.509218
2025-12-05 01:36:13 INFO     Training average positive_fact_loss at step 17500: 0.314298
2025-12-05 01:36:13 INFO     Training average negative_fact_loss at step 17500: 0.290597
2025-12-05 01:36:13 INFO     Training average positive_rule_loss at step 17500: 1.627210
2025-12-05 01:36:13 INFO     Training average negative_rule_loss at step 17500: 2.334250
2025-12-05 01:36:13 INFO     Training average L_uncertainty at step 17500: 21.734561
2025-12-05 01:36:13 INFO     Training average L_kl at step 17500: 21669.079961
2025-12-05 01:36:13 INFO     Training average L_sigma at step 17500: 6.547987
2025-12-05 01:36:13 INFO     Training average mu_mean at step 17500: -0.683593
2025-12-05 01:36:13 INFO     Training average sigma_mean at step 17500: 0.127700
2025-12-05 01:36:13 INFO     Training average regularization at step 17500: 0.006183
2025-12-05 01:36:13 INFO     Training average loss at step 17500: 2.506706
2025-12-05 01:37:39 INFO     Training average positive_fact_loss at step 17600: 0.313763
2025-12-05 01:37:39 INFO     Training average negative_fact_loss at step 17600: 0.290854
2025-12-05 01:37:39 INFO     Training average positive_rule_loss at step 17600: 1.636052
2025-12-05 01:37:39 INFO     Training average negative_rule_loss at step 17600: 2.325530
2025-12-05 01:37:39 INFO     Training average L_uncertainty at step 17600: 21.583352
2025-12-05 01:37:39 INFO     Training average L_kl at step 17600: 21516.323926
2025-12-05 01:37:39 INFO     Training average L_sigma at step 17600: 6.702730
2025-12-05 01:37:39 INFO     Training average mu_mean at step 17600: -0.663666
2025-12-05 01:37:39 INFO     Training average sigma_mean at step 17600: 0.127698
2025-12-05 01:37:39 INFO     Training average regularization at step 17600: 0.006180
2025-12-05 01:37:39 INFO     Training average loss at step 17600: 2.505113
2025-12-05 01:39:15 INFO     Training average positive_fact_loss at step 17700: 0.313641
2025-12-05 01:39:15 INFO     Training average negative_fact_loss at step 17700: 0.290632
2025-12-05 01:39:15 INFO     Training average positive_rule_loss at step 17700: 1.639388
2025-12-05 01:39:15 INFO     Training average negative_rule_loss at step 17700: 2.317818
2025-12-05 01:39:15 INFO     Training average L_uncertainty at step 17700: 21.424932
2025-12-05 01:39:15 INFO     Training average L_kl at step 17700: 21357.953984
2025-12-05 01:39:15 INFO     Training average L_sigma at step 17700: 6.697706
2025-12-05 01:39:15 INFO     Training average mu_mean at step 17700: -0.637540
2025-12-05 01:39:15 INFO     Training average sigma_mean at step 17700: 0.127699
2025-12-05 01:39:15 INFO     Training average regularization at step 17700: 0.006179
2025-12-05 01:39:15 INFO     Training average loss at step 17700: 2.501167
2025-12-05 01:41:03 INFO     Training average positive_fact_loss at step 17800: 0.312698
2025-12-05 01:41:03 INFO     Training average negative_fact_loss at step 17800: 0.290344
2025-12-05 01:41:03 INFO     Training average positive_rule_loss at step 17800: 1.642801
2025-12-05 01:41:03 INFO     Training average negative_rule_loss at step 17800: 2.312791
2025-12-05 01:41:03 INFO     Training average L_uncertainty at step 17800: 21.264480
2025-12-05 01:41:03 INFO     Training average L_kl at step 17800: 21195.728984
2025-12-05 01:41:03 INFO     Training average L_sigma at step 17800: 6.875028
2025-12-05 01:41:03 INFO     Training average mu_mean at step 17800: -0.612070
2025-12-05 01:41:03 INFO     Training average sigma_mean at step 17800: 0.127698
2025-12-05 01:41:03 INFO     Training average regularization at step 17800: 0.006175
2025-12-05 01:41:03 INFO     Training average loss at step 17800: 2.498137
2025-12-05 01:42:36 INFO     Training average positive_fact_loss at step 17900: 0.313252
2025-12-05 01:42:36 INFO     Training average negative_fact_loss at step 17900: 0.291175
2025-12-05 01:42:36 INFO     Training average positive_rule_loss at step 17900: 1.651712
2025-12-05 01:42:36 INFO     Training average negative_rule_loss at step 17900: 2.298915
2025-12-05 01:42:36 INFO     Training average L_uncertainty at step 17900: 21.183607
2025-12-05 01:42:36 INFO     Training average L_kl at step 17900: 21118.536270
2025-12-05 01:42:36 INFO     Training average L_sigma at step 17900: 6.506941
2025-12-05 01:42:36 INFO     Training average mu_mean at step 17900: -0.591917
2025-12-05 01:42:36 INFO     Training average sigma_mean at step 17900: 0.127697
2025-12-05 01:42:36 INFO     Training average regularization at step 17900: 0.006170
2025-12-05 01:42:36 INFO     Training average loss at step 17900: 2.495533
2025-12-05 01:44:21 INFO     Training average positive_fact_loss at step 18000: 0.314175
2025-12-05 01:44:21 INFO     Training average negative_fact_loss at step 18000: 0.291384
2025-12-05 01:44:21 INFO     Training average positive_rule_loss at step 18000: 1.652707
2025-12-05 01:44:21 INFO     Training average negative_rule_loss at step 18000: 2.298984
2025-12-05 01:44:21 INFO     Training average L_uncertainty at step 18000: 21.017575
2025-12-05 01:44:21 INFO     Training average L_kl at step 18000: 20946.599219
2025-12-05 01:44:21 INFO     Training average L_sigma at step 18000: 7.097468
2025-12-05 01:44:21 INFO     Training average mu_mean at step 18000: -0.562687
2025-12-05 01:44:21 INFO     Training average sigma_mean at step 18000: 0.127700
2025-12-05 01:44:21 INFO     Training average regularization at step 18000: 0.006169
2025-12-05 01:44:21 INFO     Training average loss at step 18000: 2.494969
2025-12-05 01:44:21 INFO     Evaluating on Valid Dataset...
2025-12-05 01:44:21 INFO     >>>>> RuleE emb: Evaluating on valid
2025-12-05 01:44:40 INFO     Data : 4274
2025-12-05 01:44:40 INFO     Hit1 : 0.531586
2025-12-05 01:44:40 INFO     Hit3 : 0.773280
2025-12-05 01:44:40 INFO     Hit10: 0.942911
2025-12-05 01:44:40 INFO     MR   : 3.434722
2025-12-05 01:44:40 INFO     MRR  : 0.670818
2025-12-05 01:46:18 INFO     Training average positive_fact_loss at step 18100: 0.312551
2025-12-05 01:46:18 INFO     Training average negative_fact_loss at step 18100: 0.290975
2025-12-05 01:46:18 INFO     Training average positive_rule_loss at step 18100: 1.663853
2025-12-05 01:46:18 INFO     Training average negative_rule_loss at step 18100: 2.279606
2025-12-05 01:46:18 INFO     Training average L_uncertainty at step 18100: 20.961106
2025-12-05 01:46:18 INFO     Training average L_kl at step 18100: 20895.570078
2025-12-05 01:46:18 INFO     Training average L_sigma at step 18100: 6.553530
2025-12-05 01:46:18 INFO     Training average mu_mean at step 18100: -0.541355
2025-12-05 01:46:18 INFO     Training average sigma_mean at step 18100: 0.127696
2025-12-05 01:46:18 INFO     Training average regularization at step 18100: 0.006177
2025-12-05 01:46:18 INFO     Training average loss at step 18100: 2.489281
2025-12-05 01:47:53 INFO     Training average positive_fact_loss at step 18200: 0.314449
2025-12-05 01:47:53 INFO     Training average negative_fact_loss at step 18200: 0.290502
2025-12-05 01:47:53 INFO     Training average positive_rule_loss at step 18200: 1.669621
2025-12-05 01:47:53 INFO     Training average negative_rule_loss at step 18200: 2.269285
2025-12-05 01:47:53 INFO     Training average L_uncertainty at step 18200: 20.877669
2025-12-05 01:47:53 INFO     Training average L_kl at step 18200: 20809.353125
2025-12-05 01:47:53 INFO     Training average L_sigma at step 18200: 6.831450
2025-12-05 01:47:53 INFO     Training average mu_mean at step 18200: -0.516736
2025-12-05 01:47:53 INFO     Training average sigma_mean at step 18200: 0.127707
2025-12-05 01:47:53 INFO     Training average regularization at step 18200: 0.006175
2025-12-05 01:47:53 INFO     Training average loss at step 18200: 2.486880
2025-12-05 01:49:17 INFO     Training average positive_fact_loss at step 18300: 0.313608
2025-12-05 01:49:17 INFO     Training average negative_fact_loss at step 18300: 0.290531
2025-12-05 01:49:17 INFO     Training average positive_rule_loss at step 18300: 1.676809
2025-12-05 01:49:17 INFO     Training average negative_rule_loss at step 18300: 2.257561
2025-12-05 01:49:17 INFO     Training average L_uncertainty at step 18300: 20.835167
2025-12-05 01:49:17 INFO     Training average L_kl at step 18300: 20765.553535
2025-12-05 01:49:17 INFO     Training average L_sigma at step 18300: 6.961202
2025-12-05 01:49:17 INFO     Training average mu_mean at step 18300: -0.491144
2025-12-05 01:49:17 INFO     Training average sigma_mean at step 18300: 0.127698
2025-12-05 01:49:17 INFO     Training average regularization at step 18300: 0.006174
2025-12-05 01:49:17 INFO     Training average loss at step 18300: 2.483780
2025-12-05 01:51:02 INFO     Training average positive_fact_loss at step 18400: 0.313584
2025-12-05 01:51:02 INFO     Training average negative_fact_loss at step 18400: 0.290897
2025-12-05 01:51:02 INFO     Training average positive_rule_loss at step 18400: 1.676541
2025-12-05 01:51:02 INFO     Training average negative_rule_loss at step 18400: 2.255287
2025-12-05 01:51:02 INFO     Training average L_uncertainty at step 18400: 20.745339
2025-12-05 01:51:02 INFO     Training average L_kl at step 18400: 20679.751719
2025-12-05 01:51:02 INFO     Training average L_sigma at step 18400: 6.558647
2025-12-05 01:51:02 INFO     Training average mu_mean at step 18400: -0.463566
2025-12-05 01:51:02 INFO     Training average sigma_mean at step 18400: 0.127699
2025-12-05 01:51:02 INFO     Training average regularization at step 18400: 0.006176
2025-12-05 01:51:02 INFO     Training average loss at step 18400: 2.481783
2025-12-05 01:52:40 INFO     Training average positive_fact_loss at step 18500: 0.313648
2025-12-05 01:52:40 INFO     Training average negative_fact_loss at step 18500: 0.291367
2025-12-05 01:52:40 INFO     Training average positive_rule_loss at step 18500: 1.686535
2025-12-05 01:52:40 INFO     Training average negative_rule_loss at step 18500: 2.238346
2025-12-05 01:52:40 INFO     Training average L_uncertainty at step 18500: 20.695052
2025-12-05 01:52:40 INFO     Training average L_kl at step 18500: 20626.801875
2025-12-05 01:52:40 INFO     Training average L_sigma at step 18500: 6.824919
2025-12-05 01:52:40 INFO     Training average mu_mean at step 18500: -0.437878
2025-12-05 01:52:40 INFO     Training average sigma_mean at step 18500: 0.127701
2025-12-05 01:52:40 INFO     Training average regularization at step 18500: 0.006169
2025-12-05 01:52:40 INFO     Training average loss at step 18500: 2.478067
2025-12-05 01:54:22 INFO     Training average positive_fact_loss at step 18600: 0.312808
2025-12-05 01:54:22 INFO     Training average negative_fact_loss at step 18600: 0.291045
2025-12-05 01:54:22 INFO     Training average positive_rule_loss at step 18600: 1.691111
2025-12-05 01:54:22 INFO     Training average negative_rule_loss at step 18600: 2.227020
2025-12-05 01:54:22 INFO     Training average L_uncertainty at step 18600: 20.723644
2025-12-05 01:54:22 INFO     Training average L_kl at step 18600: 20655.858770
2025-12-05 01:54:22 INFO     Training average L_sigma at step 18600: 6.778414
2025-12-05 01:54:22 INFO     Training average mu_mean at step 18600: -0.417014
2025-12-05 01:54:22 INFO     Training average sigma_mean at step 18600: 0.127700
2025-12-05 01:54:22 INFO     Training average regularization at step 18600: 0.006182
2025-12-05 01:54:22 INFO     Training average loss at step 18600: 2.474410
2025-12-05 01:55:59 INFO     Training average positive_fact_loss at step 18700: 0.314040
2025-12-05 01:55:59 INFO     Training average negative_fact_loss at step 18700: 0.291158
2025-12-05 01:55:59 INFO     Training average positive_rule_loss at step 18700: 1.698122
2025-12-05 01:55:59 INFO     Training average negative_rule_loss at step 18700: 2.213751
2025-12-05 01:55:59 INFO     Training average L_uncertainty at step 18700: 20.714618
2025-12-05 01:55:59 INFO     Training average L_kl at step 18700: 20645.911816
2025-12-05 01:55:59 INFO     Training average L_sigma at step 18700: 6.870563
2025-12-05 01:55:59 INFO     Training average mu_mean at step 18700: -0.393765
2025-12-05 01:55:59 INFO     Training average sigma_mean at step 18700: 0.127702
2025-12-05 01:55:59 INFO     Training average regularization at step 18700: 0.006172
2025-12-05 01:55:59 INFO     Training average loss at step 18700: 2.471853
2025-12-05 01:57:45 INFO     Training average positive_fact_loss at step 18800: 0.313462
2025-12-05 01:57:45 INFO     Training average negative_fact_loss at step 18800: 0.290835
2025-12-05 01:57:45 INFO     Training average positive_rule_loss at step 18800: 1.708487
2025-12-05 01:57:45 INFO     Training average negative_rule_loss at step 18800: 2.197247
2025-12-05 01:57:45 INFO     Training average L_uncertainty at step 18800: 20.766448
2025-12-05 01:57:45 INFO     Training average L_kl at step 18800: 20698.068125
2025-12-05 01:57:45 INFO     Training average L_sigma at step 18800: 6.837937
2025-12-05 01:57:45 INFO     Training average mu_mean at step 18800: -0.376646
2025-12-05 01:57:45 INFO     Training average sigma_mean at step 18800: 0.127700
2025-12-05 01:57:45 INFO     Training average regularization at step 18800: 0.006179
2025-12-05 01:57:45 INFO     Training average loss at step 18800: 2.468860
2025-12-05 01:59:07 INFO     Training average positive_fact_loss at step 18900: 0.313786
2025-12-05 01:59:07 INFO     Training average negative_fact_loss at step 18900: 0.290827
2025-12-05 01:59:07 INFO     Training average positive_rule_loss at step 18900: 1.713423
2025-12-05 01:59:07 INFO     Training average negative_rule_loss at step 18900: 2.185717
2025-12-05 01:59:07 INFO     Training average L_uncertainty at step 18900: 20.771122
2025-12-05 01:59:07 INFO     Training average L_kl at step 18900: 20702.037441
2025-12-05 01:59:07 INFO     Training average L_sigma at step 18900: 6.908411
2025-12-05 01:59:07 INFO     Training average mu_mean at step 18900: -0.356983
2025-12-05 01:59:07 INFO     Training average sigma_mean at step 18900: 0.127700
2025-12-05 01:59:07 INFO     Training average regularization at step 18900: 0.006181
2025-12-05 01:59:07 INFO     Training average loss at step 18900: 2.465769
2025-12-05 02:00:49 INFO     Training average positive_fact_loss at step 19000: 0.313420
2025-12-05 02:00:49 INFO     Training average negative_fact_loss at step 19000: 0.290678
2025-12-05 02:00:49 INFO     Training average positive_rule_loss at step 19000: 1.716393
2025-12-05 02:00:49 INFO     Training average negative_rule_loss at step 19000: 2.176761
2025-12-05 02:00:49 INFO     Training average L_uncertainty at step 19000: 20.818308
2025-12-05 02:00:49 INFO     Training average L_kl at step 19000: 20746.980996
2025-12-05 02:00:49 INFO     Training average L_sigma at step 19000: 7.132632
2025-12-05 02:00:49 INFO     Training average mu_mean at step 19000: -0.334934
2025-12-05 02:00:49 INFO     Training average sigma_mean at step 19000: 0.127702
2025-12-05 02:00:49 INFO     Training average regularization at step 19000: 0.006178
2025-12-05 02:00:49 INFO     Training average loss at step 19000: 2.462987
2025-12-05 02:00:49 INFO     Evaluating on Valid Dataset...
2025-12-05 02:00:49 INFO     >>>>> RuleE emb: Evaluating on valid
2025-12-05 02:01:08 INFO     Data : 4274
2025-12-05 02:01:08 INFO     Hit1 : 0.532522
2025-12-05 02:01:08 INFO     Hit3 : 0.770005
2025-12-05 02:01:08 INFO     Hit10: 0.942911
2025-12-05 02:01:08 INFO     MR   : 3.410154
2025-12-05 02:01:08 INFO     MRR  : 0.672257
2025-12-05 02:02:43 INFO     Training average positive_fact_loss at step 19100: 0.313220
2025-12-05 02:02:43 INFO     Training average negative_fact_loss at step 19100: 0.290768
2025-12-05 02:02:43 INFO     Training average positive_rule_loss at step 19100: 1.723346
2025-12-05 02:02:43 INFO     Training average negative_rule_loss at step 19100: 2.162325
2025-12-05 02:02:43 INFO     Training average L_uncertainty at step 19100: 20.876773
2025-12-05 02:02:43 INFO     Training average L_kl at step 19100: 20810.882500
2025-12-05 02:02:43 INFO     Training average L_sigma at step 19100: 6.588893
2025-12-05 02:02:43 INFO     Training average mu_mean at step 19100: -0.319205
2025-12-05 02:02:43 INFO     Training average sigma_mean at step 19100: 0.127699
2025-12-05 02:02:43 INFO     Training average regularization at step 19100: 0.006180
2025-12-05 02:02:43 INFO     Training average loss at step 19100: 2.459777
2025-12-05 02:04:32 INFO     Training average positive_fact_loss at step 19200: 0.313024
2025-12-05 02:04:32 INFO     Training average negative_fact_loss at step 19200: 0.290595
2025-12-05 02:04:32 INFO     Training average positive_rule_loss at step 19200: 1.732126
2025-12-05 02:04:32 INFO     Training average negative_rule_loss at step 19200: 2.149830
2025-12-05 02:04:32 INFO     Training average L_uncertainty at step 19200: 20.922965
2025-12-05 02:04:32 INFO     Training average L_kl at step 19200: 20854.164062
2025-12-05 02:04:32 INFO     Training average L_sigma at step 19200: 6.879979
2025-12-05 02:04:32 INFO     Training average mu_mean at step 19200: -0.308267
2025-12-05 02:04:32 INFO     Training average sigma_mean at step 19200: 0.127702
2025-12-05 02:04:32 INFO     Training average regularization at step 19200: 0.006187
2025-12-05 02:04:32 INFO     Training average loss at step 19200: 2.458204
2025-12-05 02:06:06 INFO     Training average positive_fact_loss at step 19300: 0.313854
2025-12-05 02:06:06 INFO     Training average negative_fact_loss at step 19300: 0.291302
2025-12-05 02:06:06 INFO     Training average positive_rule_loss at step 19300: 1.737338
2025-12-05 02:06:06 INFO     Training average negative_rule_loss at step 19300: 2.137147
2025-12-05 02:06:06 INFO     Training average L_uncertainty at step 19300: 21.006601
2025-12-05 02:06:06 INFO     Training average L_kl at step 19300: 20935.662148
2025-12-05 02:06:06 INFO     Training average L_sigma at step 19300: 7.093808
2025-12-05 02:06:06 INFO     Training average mu_mean at step 19300: -0.295816
2025-12-05 02:06:06 INFO     Training average sigma_mean at step 19300: 0.127702
2025-12-05 02:06:06 INFO     Training average regularization at step 19300: 0.006177
2025-12-05 02:06:06 INFO     Training average loss at step 19300: 2.456063
2025-12-05 02:07:48 INFO     Training average positive_fact_loss at step 19400: 0.312978
2025-12-05 02:07:48 INFO     Training average negative_fact_loss at step 19400: 0.290891
2025-12-05 02:07:48 INFO     Training average positive_rule_loss at step 19400: 1.743205
2025-12-05 02:07:48 INFO     Training average negative_rule_loss at step 19400: 2.125122
2025-12-05 02:07:48 INFO     Training average L_uncertainty at step 19400: 21.076667
2025-12-05 02:07:48 INFO     Training average L_kl at step 19400: 21007.423027
2025-12-05 02:07:48 INFO     Training average L_sigma at step 19400: 6.924326
2025-12-05 02:07:48 INFO     Training average mu_mean at step 19400: -0.283802
2025-12-05 02:07:48 INFO     Training average sigma_mean at step 19400: 0.127702
2025-12-05 02:07:48 INFO     Training average regularization at step 19400: 0.006181
2025-12-05 02:07:48 INFO     Training average loss at step 19400: 2.453045
2025-12-05 02:09:16 INFO     Training average positive_fact_loss at step 19500: 0.313997
2025-12-05 02:09:16 INFO     Training average negative_fact_loss at step 19500: 0.290938
2025-12-05 02:09:16 INFO     Training average positive_rule_loss at step 19500: 1.749023
2025-12-05 02:09:16 INFO     Training average negative_rule_loss at step 19500: 2.112590
2025-12-05 02:09:16 INFO     Training average L_uncertainty at step 19500: 21.167011
2025-12-05 02:09:16 INFO     Training average L_kl at step 19500: 21095.991152
2025-12-05 02:09:16 INFO     Training average L_sigma at step 19500: 7.101869
2025-12-05 02:09:16 INFO     Training average mu_mean at step 19500: -0.272859
2025-12-05 02:09:16 INFO     Training average sigma_mean at step 19500: 0.127704
2025-12-05 02:09:16 INFO     Training average regularization at step 19500: 0.006182
2025-12-05 02:09:16 INFO     Training average loss at step 19500: 2.451126
2025-12-05 02:10:56 INFO     Training average positive_fact_loss at step 19600: 0.313680
2025-12-05 02:10:56 INFO     Training average negative_fact_loss at step 19600: 0.290591
2025-12-05 02:10:56 INFO     Training average positive_rule_loss at step 19600: 1.758325
2025-12-05 02:10:56 INFO     Training average negative_rule_loss at step 19600: 2.101496
2025-12-05 02:10:56 INFO     Training average L_uncertainty at step 19600: 21.186139
2025-12-05 02:10:56 INFO     Training average L_kl at step 19600: 21117.235840
2025-12-05 02:10:56 INFO     Training average L_sigma at step 19600: 6.890170
2025-12-05 02:10:56 INFO     Training average mu_mean at step 19600: -0.266311
2025-12-05 02:10:56 INFO     Training average sigma_mean at step 19600: 0.127703
2025-12-05 02:10:56 INFO     Training average regularization at step 19600: 0.006182
2025-12-05 02:10:56 INFO     Training average loss at step 19600: 2.450089
2025-12-05 02:12:29 INFO     Training average positive_fact_loss at step 19700: 0.313190
2025-12-05 02:12:29 INFO     Training average negative_fact_loss at step 19700: 0.290932
2025-12-05 02:12:29 INFO     Training average positive_rule_loss at step 19700: 1.767181
2025-12-05 02:12:29 INFO     Training average negative_rule_loss at step 19700: 2.088167
2025-12-05 02:12:29 INFO     Training average L_uncertainty at step 19700: 21.231620
2025-12-05 02:12:29 INFO     Training average L_kl at step 19700: 21161.838633
2025-12-05 02:12:29 INFO     Training average L_sigma at step 19700: 6.978015
2025-12-05 02:12:29 INFO     Training average mu_mean at step 19700: -0.261519
2025-12-05 02:12:29 INFO     Training average sigma_mean at step 19700: 0.127703
2025-12-05 02:12:29 INFO     Training average regularization at step 19700: 0.006185
2025-12-05 02:12:29 INFO     Training average loss at step 19700: 2.448236
2025-12-05 02:14:12 INFO     Training average positive_fact_loss at step 19800: 0.313435
2025-12-05 02:14:12 INFO     Training average negative_fact_loss at step 19800: 0.290925
2025-12-05 02:14:12 INFO     Training average positive_rule_loss at step 19800: 1.764753
2025-12-05 02:14:12 INFO     Training average negative_rule_loss at step 19800: 2.083505
2025-12-05 02:14:12 INFO     Training average L_uncertainty at step 19800: 21.377186
2025-12-05 02:14:12 INFO     Training average L_kl at step 19800: 21299.142441
2025-12-05 02:14:12 INFO     Training average L_sigma at step 19800: 7.804306
2025-12-05 02:14:12 INFO     Training average mu_mean at step 19800: -0.252272
2025-12-05 02:14:12 INFO     Training average sigma_mean at step 19800: 0.127704
2025-12-05 02:14:12 INFO     Training average regularization at step 19800: 0.006174
2025-12-05 02:14:12 INFO     Training average loss at step 19800: 2.446255
2025-12-05 02:15:49 INFO     Training average positive_fact_loss at step 19900: 0.313186
2025-12-05 02:15:49 INFO     Training average negative_fact_loss at step 19900: 0.290930
2025-12-05 02:15:49 INFO     Training average positive_rule_loss at step 19900: 1.772563
2025-12-05 02:15:49 INFO     Training average negative_rule_loss at step 19900: 2.070443
2025-12-05 02:15:49 INFO     Training average L_uncertainty at step 19900: 21.414075
2025-12-05 02:15:49 INFO     Training average L_kl at step 19900: 21345.664043
2025-12-05 02:15:49 INFO     Training average L_sigma at step 19900: 6.840995
2025-12-05 02:15:49 INFO     Training average mu_mean at step 19900: -0.248726
2025-12-05 02:15:49 INFO     Training average sigma_mean at step 19900: 0.127704
2025-12-05 02:15:49 INFO     Training average regularization at step 19900: 0.006187
2025-12-05 02:15:49 INFO     Training average loss at step 19900: 2.443889
2025-12-05 02:17:35 INFO     Training average positive_fact_loss at step 20000: 0.313185
2025-12-05 02:17:35 INFO     Training average negative_fact_loss at step 20000: 0.291118
2025-12-05 02:17:35 INFO     Training average positive_rule_loss at step 20000: 1.777428
2025-12-05 02:17:35 INFO     Training average negative_rule_loss at step 20000: 2.062891
2025-12-05 02:17:35 INFO     Training average L_uncertainty at step 20000: 21.467479
2025-12-05 02:17:35 INFO     Training average L_kl at step 20000: 21397.572988
2025-12-05 02:17:35 INFO     Training average L_sigma at step 20000: 6.990467
2025-12-05 02:17:35 INFO     Training average mu_mean at step 20000: -0.245601
2025-12-05 02:17:35 INFO     Training average sigma_mean at step 20000: 0.127700
2025-12-05 02:17:35 INFO     Training average regularization at step 20000: 0.006182
2025-12-05 02:17:35 INFO     Training average loss at step 20000: 2.443168
2025-12-05 02:17:35 INFO     Evaluating on Valid Dataset...
2025-12-05 02:17:35 INFO     >>>>> RuleE emb: Evaluating on valid
2025-12-05 02:17:53 INFO     Data : 4274
2025-12-05 02:17:53 INFO     Hit1 : 0.521526
2025-12-05 02:17:53 INFO     Hit3 : 0.766729
2025-12-05 02:17:53 INFO     Hit10: 0.942443
2025-12-05 02:17:53 INFO     MR   : 3.457651
2025-12-05 02:17:53 INFO     MRR  : 0.664962
2025-12-05 02:19:25 INFO     Training average positive_fact_loss at step 20100: 0.313850
2025-12-05 02:19:25 INFO     Training average negative_fact_loss at step 20100: 0.290765
2025-12-05 02:19:25 INFO     Training average positive_rule_loss at step 20100: 1.785583
2025-12-05 02:19:25 INFO     Training average negative_rule_loss at step 20100: 2.051299
2025-12-05 02:19:25 INFO     Training average L_uncertainty at step 20100: 21.525194
2025-12-05 02:19:25 INFO     Training average L_kl at step 20100: 21453.513574
2025-12-05 02:19:25 INFO     Training average L_sigma at step 20100: 7.167989
2025-12-05 02:19:25 INFO     Training average mu_mean at step 20100: -0.244367
2025-12-05 02:19:25 INFO     Training average sigma_mean at step 20100: 0.127704
2025-12-05 02:19:25 INFO     Training average regularization at step 20100: 0.006183
2025-12-05 02:19:25 INFO     Training average loss at step 20100: 2.442183
2025-12-05 02:20:55 INFO     Training average positive_fact_loss at step 20200: 0.313306
2025-12-05 02:20:55 INFO     Training average negative_fact_loss at step 20200: 0.290279
2025-12-05 02:20:55 INFO     Training average positive_rule_loss at step 20200: 1.787632
2025-12-05 02:20:55 INFO     Training average negative_rule_loss at step 20200: 2.045504
2025-12-05 02:20:55 INFO     Training average L_uncertainty at step 20200: 21.594441
2025-12-05 02:20:55 INFO     Training average L_kl at step 20200: 21521.066406
2025-12-05 02:20:55 INFO     Training average L_sigma at step 20200: 7.337313
2025-12-05 02:20:55 INFO     Training average mu_mean at step 20200: -0.239166
2025-12-05 02:20:55 INFO     Training average sigma_mean at step 20200: 0.127703
2025-12-05 02:20:55 INFO     Training average regularization at step 20200: 0.006192
2025-12-05 02:20:55 INFO     Training average loss at step 20200: 2.440497
2025-12-05 02:22:35 INFO     Training average positive_fact_loss at step 20300: 0.313520
2025-12-05 02:22:35 INFO     Training average negative_fact_loss at step 20300: 0.290484
2025-12-05 02:22:35 INFO     Training average positive_rule_loss at step 20300: 1.790629
2025-12-05 02:22:35 INFO     Training average negative_rule_loss at step 20300: 2.037887
2025-12-05 02:22:35 INFO     Training average L_uncertainty at step 20300: 21.657877
2025-12-05 02:22:35 INFO     Training average L_kl at step 20300: 21588.441035
2025-12-05 02:22:35 INFO     Training average L_sigma at step 20300: 6.943491
2025-12-05 02:22:35 INFO     Training average mu_mean at step 20300: -0.239065
2025-12-05 02:22:35 INFO     Training average sigma_mean at step 20300: 0.127703
2025-12-05 02:22:35 INFO     Training average regularization at step 20300: 0.006181
2025-12-05 02:22:35 INFO     Training average loss at step 20300: 2.439020
2025-12-05 02:24:17 INFO     Training average positive_fact_loss at step 20400: 0.312986
2025-12-05 02:24:17 INFO     Training average negative_fact_loss at step 20400: 0.290818
2025-12-05 02:24:17 INFO     Training average positive_rule_loss at step 20400: 1.801478
2025-12-05 02:24:17 INFO     Training average negative_rule_loss at step 20400: 2.025483
2025-12-05 02:24:17 INFO     Training average L_uncertainty at step 20400: 21.699472
2025-12-05 02:24:17 INFO     Training average L_kl at step 20400: 21624.069121
2025-12-05 02:24:17 INFO     Training average L_sigma at step 20400: 7.540219
2025-12-05 02:24:17 INFO     Training average mu_mean at step 20400: -0.239996
2025-12-05 02:24:17 INFO     Training average sigma_mean at step 20400: 0.127703
2025-12-05 02:24:17 INFO     Training average regularization at step 20400: 0.006181
2025-12-05 02:24:17 INFO     Training average loss at step 20400: 2.438558
2025-12-05 02:25:52 INFO     Training average positive_fact_loss at step 20500: 0.312985
2025-12-05 02:25:52 INFO     Training average negative_fact_loss at step 20500: 0.290578
2025-12-05 02:25:52 INFO     Training average positive_rule_loss at step 20500: 1.800650
2025-12-05 02:25:52 INFO     Training average negative_rule_loss at step 20500: 2.022312
2025-12-05 02:25:52 INFO     Training average L_uncertainty at step 20500: 21.751315
2025-12-05 02:25:52 INFO     Training average L_kl at step 20500: 21679.107559
2025-12-05 02:25:52 INFO     Training average L_sigma at step 20500: 7.220623
2025-12-05 02:25:52 INFO     Training average mu_mean at step 20500: -0.236458
2025-12-05 02:25:52 INFO     Training average sigma_mean at step 20500: 0.127704
2025-12-05 02:25:52 INFO     Training average regularization at step 20500: 0.006183
2025-12-05 02:25:52 INFO     Training average loss at step 20500: 2.436959
2025-12-05 02:27:39 INFO     Training average positive_fact_loss at step 20600: 0.313676
2025-12-05 02:27:39 INFO     Training average negative_fact_loss at step 20600: 0.291252
2025-12-05 02:27:39 INFO     Training average positive_rule_loss at step 20600: 1.804472
2025-12-05 02:27:39 INFO     Training average negative_rule_loss at step 20600: 2.016306
2025-12-05 02:27:39 INFO     Training average L_uncertainty at step 20600: 21.791005
2025-12-05 02:27:39 INFO     Training average L_kl at step 20600: 21718.076797
2025-12-05 02:27:39 INFO     Training average L_sigma at step 20600: 7.292733
2025-12-05 02:27:39 INFO     Training average mu_mean at step 20600: -0.237286
2025-12-05 02:27:39 INFO     Training average sigma_mean at step 20600: 0.127709
2025-12-05 02:27:39 INFO     Training average regularization at step 20600: 0.006169
2025-12-05 02:27:39 INFO     Training average loss at step 20600: 2.436933
2025-12-05 02:29:17 INFO     Training average positive_fact_loss at step 20700: 0.313559
2025-12-05 02:29:17 INFO     Training average negative_fact_loss at step 20700: 0.290682
2025-12-05 02:29:17 INFO     Training average positive_rule_loss at step 20700: 1.807021
2025-12-05 02:29:17 INFO     Training average negative_rule_loss at step 20700: 2.010408
2025-12-05 02:29:17 INFO     Training average L_uncertainty at step 20700: 21.860057
2025-12-05 02:29:17 INFO     Training average L_kl at step 20700: 21787.744375
2025-12-05 02:29:17 INFO     Training average L_sigma at step 20700: 7.231114
2025-12-05 02:29:17 INFO     Training average mu_mean at step 20700: -0.235863
2025-12-05 02:29:17 INFO     Training average sigma_mean at step 20700: 0.127700
2025-12-05 02:29:17 INFO     Training average regularization at step 20700: 0.006180
2025-12-05 02:29:17 INFO     Training average loss at step 20700: 2.435616
2025-12-05 02:30:49 INFO     Training average positive_fact_loss at step 20800: 0.313991
2025-12-05 02:30:49 INFO     Training average negative_fact_loss at step 20800: 0.290899
2025-12-05 02:30:49 INFO     Training average positive_rule_loss at step 20800: 1.812972
2025-12-05 02:30:49 INFO     Training average negative_rule_loss at step 20800: 2.003856
2025-12-05 02:30:49 INFO     Training average L_uncertainty at step 20800: 21.888785
2025-12-05 02:30:49 INFO     Training average L_kl at step 20800: 21815.392480
2025-12-05 02:30:49 INFO     Training average L_sigma at step 20800: 7.339147
2025-12-05 02:30:49 INFO     Training average mu_mean at step 20800: -0.238312
2025-12-05 02:30:49 INFO     Training average sigma_mean at step 20800: 0.127698
2025-12-05 02:30:49 INFO     Training average regularization at step 20800: 0.006174
2025-12-05 02:30:49 INFO     Training average loss at step 20800: 2.435920
2025-12-05 02:32:17 INFO     Training average positive_fact_loss at step 20900: 0.313280
2025-12-05 02:32:17 INFO     Training average negative_fact_loss at step 20900: 0.290364
2025-12-05 02:32:17 INFO     Training average positive_rule_loss at step 20900: 1.809390
2025-12-05 02:32:17 INFO     Training average negative_rule_loss at step 20900: 2.003230
2025-12-05 02:32:17 INFO     Training average L_uncertainty at step 20900: 21.959023
2025-12-05 02:32:17 INFO     Training average L_kl at step 20900: 21886.328008
2025-12-05 02:32:17 INFO     Training average L_sigma at step 20900: 7.269394
2025-12-05 02:32:17 INFO     Training average mu_mean at step 20900: -0.236856
2025-12-05 02:32:17 INFO     Training average sigma_mean at step 20900: 0.127705
2025-12-05 02:32:17 INFO     Training average regularization at step 20900: 0.006180
2025-12-05 02:32:17 INFO     Training average loss at step 20900: 2.433902
2025-12-05 02:34:04 INFO     Training average positive_fact_loss at step 21000: 0.313209
2025-12-05 02:34:04 INFO     Training average negative_fact_loss at step 21000: 0.290697
2025-12-05 02:34:04 INFO     Training average positive_rule_loss at step 21000: 1.816629
2025-12-05 02:34:04 INFO     Training average negative_rule_loss at step 21000: 1.995339
2025-12-05 02:34:04 INFO     Training average L_uncertainty at step 21000: 21.955801
2025-12-05 02:34:04 INFO     Training average L_kl at step 21000: 21884.096348
2025-12-05 02:34:04 INFO     Training average L_sigma at step 21000: 7.170324
2025-12-05 02:34:04 INFO     Training average mu_mean at step 21000: -0.237960
2025-12-05 02:34:04 INFO     Training average sigma_mean at step 21000: 0.127707
2025-12-05 02:34:04 INFO     Training average regularization at step 21000: 0.006178
2025-12-05 02:34:04 INFO     Training average loss at step 21000: 2.433673
2025-12-05 02:34:04 INFO     Evaluating on Valid Dataset...
2025-12-05 02:34:04 INFO     >>>>> RuleE emb: Evaluating on valid
2025-12-05 02:34:23 INFO     Data : 4274
2025-12-05 02:34:23 INFO     Hit1 : 0.530650
2025-12-05 02:34:23 INFO     Hit3 : 0.774450
2025-12-05 02:34:23 INFO     Hit10: 0.941975
2025-12-05 02:34:23 INFO     MR   : 3.446888
2025-12-05 02:34:23 INFO     MRR  : 0.670914
2025-12-05 02:35:59 INFO     Training average positive_fact_loss at step 21100: 0.313801
2025-12-05 02:35:59 INFO     Training average negative_fact_loss at step 21100: 0.290715
2025-12-05 02:35:59 INFO     Training average positive_rule_loss at step 21100: 1.818150
2025-12-05 02:35:59 INFO     Training average negative_rule_loss at step 21100: 1.991573
2025-12-05 02:35:59 INFO     Training average L_uncertainty at step 21100: 21.990196
2025-12-05 02:35:59 INFO     Training average L_kl at step 21100: 21918.459922
2025-12-05 02:35:59 INFO     Training average L_sigma at step 21100: 7.173473
2025-12-05 02:35:59 INFO     Training average mu_mean at step 21100: -0.237988
2025-12-05 02:35:59 INFO     Training average sigma_mean at step 21100: 0.127700
2025-12-05 02:35:59 INFO     Training average regularization at step 21100: 0.006194
2025-12-05 02:35:59 INFO     Training average loss at step 21100: 2.433216
2025-12-05 02:37:42 INFO     Training average positive_fact_loss at step 21200: 0.312409
2025-12-05 02:37:42 INFO     Training average negative_fact_loss at step 21200: 0.290814
2025-12-05 02:37:42 INFO     Training average positive_rule_loss at step 21200: 1.822750
2025-12-05 02:37:42 INFO     Training average negative_rule_loss at step 21200: 1.986355
2025-12-05 02:37:42 INFO     Training average L_uncertainty at step 21200: 22.006768
2025-12-05 02:37:42 INFO     Training average L_kl at step 21200: 21934.619687
2025-12-05 02:37:42 INFO     Training average L_sigma at step 21200: 7.214735
2025-12-05 02:37:42 INFO     Training average mu_mean at step 21200: -0.240297
2025-12-05 02:37:42 INFO     Training average sigma_mean at step 21200: 0.127702
2025-12-05 02:37:42 INFO     Training average regularization at step 21200: 0.006189
2025-12-05 02:37:42 INFO     Training average loss at step 21200: 2.432421
2025-12-05 02:39:20 INFO     Training average positive_fact_loss at step 21300: 0.313265
2025-12-05 02:39:20 INFO     Training average negative_fact_loss at step 21300: 0.290612
2025-12-05 02:39:20 INFO     Training average positive_rule_loss at step 21300: 1.820842
2025-12-05 02:39:20 INFO     Training average negative_rule_loss at step 21300: 1.984335
2025-12-05 02:39:20 INFO     Training average L_uncertainty at step 21300: 22.070879
2025-12-05 02:39:20 INFO     Training average L_kl at step 21300: 21998.256934
2025-12-05 02:39:20 INFO     Training average L_sigma at step 21300: 7.262085
2025-12-05 02:39:20 INFO     Training average mu_mean at step 21300: -0.238387
2025-12-05 02:39:20 INFO     Training average sigma_mean at step 21300: 0.127708
2025-12-05 02:39:20 INFO     Training average regularization at step 21300: 0.006184
2025-12-05 02:39:20 INFO     Training average loss at step 21300: 2.431420
2025-12-05 02:41:08 INFO     Training average positive_fact_loss at step 21400: 0.313606
2025-12-05 02:41:08 INFO     Training average negative_fact_loss at step 21400: 0.291020
2025-12-05 02:41:08 INFO     Training average positive_rule_loss at step 21400: 1.822085
2025-12-05 02:41:08 INFO     Training average negative_rule_loss at step 21400: 1.981112
2025-12-05 02:41:08 INFO     Training average L_uncertainty at step 21400: 22.108096
2025-12-05 02:41:08 INFO     Training average L_kl at step 21400: 22034.687656
2025-12-05 02:41:08 INFO     Training average L_sigma at step 21400: 7.340774
2025-12-05 02:41:08 INFO     Training average mu_mean at step 21400: -0.239559
2025-12-05 02:41:08 INFO     Training average sigma_mean at step 21400: 0.127701
2025-12-05 02:41:08 INFO     Training average regularization at step 21400: 0.006179
2025-12-05 02:41:08 INFO     Training average loss at step 21400: 2.431171
2025-12-05 02:42:25 INFO     Training average positive_fact_loss at step 21500: 0.313745
2025-12-05 02:42:25 INFO     Training average negative_fact_loss at step 21500: 0.290046
2025-12-05 02:42:25 INFO     Training average positive_rule_loss at step 21500: 1.824063
2025-12-05 02:42:25 INFO     Training average negative_rule_loss at step 21500: 1.976749
2025-12-05 02:42:25 INFO     Training average L_uncertainty at step 21500: 22.134137
2025-12-05 02:42:25 INFO     Training average L_kl at step 21500: 22063.736289
2025-12-05 02:42:25 INFO     Training average L_sigma at step 21500: 7.039990
2025-12-05 02:42:25 INFO     Training average mu_mean at step 21500: -0.239228
2025-12-05 02:42:25 INFO     Training average sigma_mean at step 21500: 0.127703
2025-12-05 02:42:25 INFO     Training average regularization at step 21500: 0.006195
2025-12-05 02:42:25 INFO     Training average loss at step 21500: 2.429838
2025-12-05 02:44:08 INFO     Training average positive_fact_loss at step 21600: 0.313136
2025-12-05 02:44:08 INFO     Training average negative_fact_loss at step 21600: 0.290857
2025-12-05 02:44:08 INFO     Training average positive_rule_loss at step 21600: 1.819182
2025-12-05 02:44:08 INFO     Training average negative_rule_loss at step 21600: 1.979747
2025-12-05 02:44:08 INFO     Training average L_uncertainty at step 21600: 22.173961
2025-12-05 02:44:08 INFO     Training average L_kl at step 21600: 22101.238613
2025-12-05 02:44:08 INFO     Training average L_sigma at step 21600: 7.272143
2025-12-05 02:44:08 INFO     Training average mu_mean at step 21600: -0.240967
2025-12-05 02:44:08 INFO     Training average sigma_mean at step 21600: 0.127699
2025-12-05 02:44:08 INFO     Training average regularization at step 21600: 0.006189
2025-12-05 02:44:08 INFO     Training average loss at step 21600: 2.429390
2025-12-05 02:45:46 INFO     Training average positive_fact_loss at step 21700: 0.313100
2025-12-05 02:45:46 INFO     Training average negative_fact_loss at step 21700: 0.290440
2025-12-05 02:45:46 INFO     Training average positive_rule_loss at step 21700: 1.825032
2025-12-05 02:45:46 INFO     Training average negative_rule_loss at step 21700: 1.972895
2025-12-05 02:45:46 INFO     Training average L_uncertainty at step 21700: 22.187433
2025-12-05 02:45:46 INFO     Training average L_kl at step 21700: 22115.758379
2025-12-05 02:45:46 INFO     Training average L_sigma at step 21700: 7.167316
2025-12-05 02:45:46 INFO     Training average mu_mean at step 21700: -0.241205
2025-12-05 02:45:46 INFO     Training average sigma_mean at step 21700: 0.127703
2025-12-05 02:45:46 INFO     Training average regularization at step 21700: 0.006180
2025-12-05 02:45:46 INFO     Training average loss at step 21700: 2.428788
2025-12-05 02:47:29 INFO     Training average positive_fact_loss at step 21800: 0.313265
2025-12-05 02:47:29 INFO     Training average negative_fact_loss at step 21800: 0.290873
2025-12-05 02:47:29 INFO     Training average positive_rule_loss at step 21800: 1.820716
2025-12-05 02:47:29 INFO     Training average negative_rule_loss at step 21800: 1.974437
2025-12-05 02:47:29 INFO     Training average L_uncertainty at step 21800: 22.226792
2025-12-05 02:47:29 INFO     Training average L_kl at step 21800: 22155.914219
2025-12-05 02:47:29 INFO     Training average L_sigma at step 21800: 7.087629
2025-12-05 02:47:29 INFO     Training average mu_mean at step 21800: -0.240414
2025-12-05 02:47:29 INFO     Training average sigma_mean at step 21800: 0.127704
2025-12-05 02:47:29 INFO     Training average regularization at step 21800: 0.006180
2025-12-05 02:47:29 INFO     Training average loss at step 21800: 2.428094
2025-12-05 02:49:01 INFO     Training average positive_fact_loss at step 21900: 0.312825
2025-12-05 02:49:01 INFO     Training average negative_fact_loss at step 21900: 0.290775
2025-12-05 02:49:01 INFO     Training average positive_rule_loss at step 21900: 1.823944
2025-12-05 02:49:01 INFO     Training average negative_rule_loss at step 21900: 1.969263
2025-12-05 02:49:01 INFO     Training average L_uncertainty at step 21900: 22.243280
2025-12-05 02:49:01 INFO     Training average L_kl at step 21900: 22171.042852
2025-12-05 02:49:01 INFO     Training average L_sigma at step 21900: 7.223564
2025-12-05 02:49:01 INFO     Training average mu_mean at step 21900: -0.240867
2025-12-05 02:49:01 INFO     Training average sigma_mean at step 21900: 0.127701
2025-12-05 02:49:01 INFO     Training average regularization at step 21900: 0.006187
2025-12-05 02:49:01 INFO     Training average loss at step 21900: 2.427024
2025-12-05 02:50:48 INFO     Training average positive_fact_loss at step 22000: 0.313668
2025-12-05 02:50:48 INFO     Training average negative_fact_loss at step 22000: 0.291547
2025-12-05 02:50:48 INFO     Training average positive_rule_loss at step 22000: 1.823832
2025-12-05 02:50:48 INFO     Training average negative_rule_loss at step 22000: 1.969808
2025-12-05 02:50:48 INFO     Training average L_uncertainty at step 22000: 22.249358
2025-12-05 02:50:48 INFO     Training average L_kl at step 22000: 22179.233984
2025-12-05 02:50:48 INFO     Training average L_sigma at step 22000: 7.012341
2025-12-05 02:50:48 INFO     Training average mu_mean at step 22000: -0.241862
2025-12-05 02:50:48 INFO     Training average sigma_mean at step 22000: 0.127700
2025-12-05 02:50:48 INFO     Training average regularization at step 22000: 0.006177
2025-12-05 02:50:48 INFO     Training average loss at step 22000: 2.428098
2025-12-05 02:50:48 INFO     Evaluating on Valid Dataset...
2025-12-05 02:50:48 INFO     >>>>> RuleE emb: Evaluating on valid
2025-12-05 02:51:07 INFO     Data : 4274
2025-12-05 02:51:07 INFO     Hit1 : 0.536968
2025-12-05 02:51:07 INFO     Hit3 : 0.771876
2025-12-05 02:51:07 INFO     Hit10: 0.942911
2025-12-05 02:51:07 INFO     MR   : 3.400562
2025-12-05 02:51:07 INFO     MRR  : 0.675737
2025-12-05 02:52:37 INFO     Training average positive_fact_loss at step 22100: 0.314233
2025-12-05 02:52:37 INFO     Training average negative_fact_loss at step 22100: 0.290501
2025-12-05 02:52:37 INFO     Training average positive_rule_loss at step 22100: 1.823629
2025-12-05 02:52:37 INFO     Training average negative_rule_loss at step 22100: 1.966084
2025-12-05 02:52:37 INFO     Training average L_uncertainty at step 22100: 22.300831
2025-12-05 02:52:37 INFO     Training average L_kl at step 22100: 22228.795430
2025-12-05 02:52:37 INFO     Training average L_sigma at step 22100: 7.203426
2025-12-05 02:52:37 INFO     Training average mu_mean at step 22100: -0.242337
2025-12-05 02:52:37 INFO     Training average sigma_mean at step 22100: 0.127701
2025-12-05 02:52:37 INFO     Training average regularization at step 22100: 0.006180
2025-12-05 02:52:37 INFO     Training average loss at step 22100: 2.426412
2025-12-05 02:54:11 INFO     Training average positive_fact_loss at step 22200: 0.313250
2025-12-05 02:54:11 INFO     Training average negative_fact_loss at step 22200: 0.289919
2025-12-05 02:54:11 INFO     Training average positive_rule_loss at step 22200: 1.823941
2025-12-05 02:54:11 INFO     Training average negative_rule_loss at step 22200: 1.965479
2025-12-05 02:54:11 INFO     Training average L_uncertainty at step 22200: 22.319495
2025-12-05 02:54:11 INFO     Training average L_kl at step 22200: 22247.204844
2025-12-05 02:54:11 INFO     Training average L_sigma at step 22200: 7.228923
2025-12-05 02:54:11 INFO     Training average mu_mean at step 22200: -0.242422
2025-12-05 02:54:11 INFO     Training average sigma_mean at step 22200: 0.127703
2025-12-05 02:54:11 INFO     Training average regularization at step 22200: 0.006173
2025-12-05 02:54:11 INFO     Training average loss at step 22200: 2.425662
2025-12-05 02:55:45 INFO     Training average positive_fact_loss at step 22300: 0.313014
2025-12-05 02:55:45 INFO     Training average negative_fact_loss at step 22300: 0.290443
2025-12-05 02:55:45 INFO     Training average positive_rule_loss at step 22300: 1.827010
2025-12-05 02:55:45 INFO     Training average negative_rule_loss at step 22300: 1.961877
2025-12-05 02:55:45 INFO     Training average L_uncertainty at step 22300: 22.297193
2025-12-05 02:55:45 INFO     Training average L_kl at step 22300: 22227.607695
2025-12-05 02:55:45 INFO     Training average L_sigma at step 22300: 6.958371
2025-12-05 02:55:45 INFO     Training average mu_mean at step 22300: -0.243634
2025-12-05 02:55:45 INFO     Training average sigma_mean at step 22300: 0.127702
2025-12-05 02:55:45 INFO     Training average regularization at step 22300: 0.006182
2025-12-05 02:55:45 INFO     Training average loss at step 22300: 2.425326
2025-12-05 02:57:31 INFO     Training average positive_fact_loss at step 22400: 0.313191
2025-12-05 02:57:31 INFO     Training average negative_fact_loss at step 22400: 0.290799
2025-12-05 02:57:31 INFO     Training average positive_rule_loss at step 22400: 1.820281
2025-12-05 02:57:31 INFO     Training average negative_rule_loss at step 22400: 1.966541
2025-12-05 02:57:31 INFO     Training average L_uncertainty at step 22400: 22.351985
2025-12-05 02:57:31 INFO     Training average L_kl at step 22400: 22280.904883
2025-12-05 02:57:31 INFO     Training average L_sigma at step 22400: 7.107936
2025-12-05 02:57:31 INFO     Training average mu_mean at step 22400: -0.242723
2025-12-05 02:57:31 INFO     Training average sigma_mean at step 22400: 0.127701
2025-12-05 02:57:31 INFO     Training average regularization at step 22400: 0.006184
2025-12-05 02:57:31 INFO     Training average loss at step 22400: 2.425110
2025-12-05 02:59:09 INFO     Training average positive_fact_loss at step 22500: 0.313044
2025-12-05 02:59:09 INFO     Training average negative_fact_loss at step 22500: 0.290802
2025-12-05 02:59:09 INFO     Training average positive_rule_loss at step 22500: 1.821465
2025-12-05 02:59:09 INFO     Training average negative_rule_loss at step 22500: 1.962223
2025-12-05 02:59:09 INFO     Training average L_uncertainty at step 22500: 22.381840
2025-12-05 02:59:09 INFO     Training average L_kl at step 22500: 22310.664824
2025-12-05 02:59:09 INFO     Training average L_sigma at step 22500: 7.117407
2025-12-05 02:59:09 INFO     Training average mu_mean at step 22500: -0.242277
2025-12-05 02:59:09 INFO     Training average sigma_mean at step 22500: 0.127702
2025-12-05 02:59:09 INFO     Training average regularization at step 22500: 0.006176
2025-12-05 02:59:09 INFO     Training average loss at step 22500: 2.423762
2025-12-05 03:00:49 INFO     Training average positive_fact_loss at step 22600: 0.313788
2025-12-05 03:00:49 INFO     Training average negative_fact_loss at step 22600: 0.290709
2025-12-05 03:00:49 INFO     Training average positive_rule_loss at step 22600: 1.818829
2025-12-05 03:00:49 INFO     Training average negative_rule_loss at step 22600: 1.964241
2025-12-05 03:00:49 INFO     Training average L_uncertainty at step 22600: 22.390977
2025-12-05 03:00:49 INFO     Training average L_kl at step 22600: 22318.548340
2025-12-05 03:00:49 INFO     Training average L_sigma at step 22600: 7.242782
2025-12-05 03:00:49 INFO     Training average mu_mean at step 22600: -0.244157
2025-12-05 03:00:49 INFO     Training average sigma_mean at step 22600: 0.127703
2025-12-05 03:00:49 INFO     Training average regularization at step 22600: 0.006174
2025-12-05 03:00:49 INFO     Training average loss at step 22600: 2.423867
2025-12-05 03:02:26 INFO     Training average positive_fact_loss at step 22700: 0.313296
2025-12-05 03:02:26 INFO     Training average negative_fact_loss at step 22700: 0.290799
2025-12-05 03:02:26 INFO     Training average positive_rule_loss at step 22700: 1.823400
2025-12-05 03:02:26 INFO     Training average negative_rule_loss at step 22700: 1.958955
2025-12-05 03:02:26 INFO     Training average L_uncertainty at step 22700: 22.375008
2025-12-05 03:02:26 INFO     Training average L_kl at step 22700: 22305.353359
2025-12-05 03:02:26 INFO     Training average L_sigma at step 22700: 6.965318
2025-12-05 03:02:26 INFO     Training average mu_mean at step 22700: -0.242777
2025-12-05 03:02:26 INFO     Training average sigma_mean at step 22700: 0.127699
2025-12-05 03:02:26 INFO     Training average regularization at step 22700: 0.006167
2025-12-05 03:02:26 INFO     Training average loss at step 22700: 2.423142
2025-12-05 03:03:55 INFO     Training average positive_fact_loss at step 22800: 0.313820
2025-12-05 03:03:55 INFO     Training average negative_fact_loss at step 22800: 0.290380
2025-12-05 03:03:55 INFO     Training average positive_rule_loss at step 22800: 1.822902
2025-12-05 03:03:55 INFO     Training average negative_rule_loss at step 22800: 1.957827
2025-12-05 03:03:55 INFO     Training average L_uncertainty at step 22800: 22.425303
2025-12-05 03:03:55 INFO     Training average L_kl at step 22800: 22355.097949
2025-12-05 03:03:55 INFO     Training average L_sigma at step 22800: 7.020378
2025-12-05 03:03:55 INFO     Training average mu_mean at step 22800: -0.243344
2025-12-05 03:03:55 INFO     Training average sigma_mean at step 22800: 0.127703
2025-12-05 03:03:55 INFO     Training average regularization at step 22800: 0.006173
2025-12-05 03:03:55 INFO     Training average loss at step 22800: 2.422891
2025-12-05 03:05:31 INFO     Training average positive_fact_loss at step 22900: 0.312803
2025-12-05 03:05:31 INFO     Training average negative_fact_loss at step 22900: 0.290387
2025-12-05 03:05:31 INFO     Training average positive_rule_loss at step 22900: 1.825908
2025-12-05 03:05:31 INFO     Training average negative_rule_loss at step 22900: 1.954419
2025-12-05 03:05:31 INFO     Training average L_uncertainty at step 22900: 22.392500
2025-12-05 03:05:31 INFO     Training average L_kl at step 22900: 22318.585625
2025-12-05 03:05:31 INFO     Training average L_sigma at step 22900: 7.391328
2025-12-05 03:05:31 INFO     Training average mu_mean at step 22900: -0.245721
2025-12-05 03:05:31 INFO     Training average sigma_mean at step 22900: 0.127704
2025-12-05 03:05:31 INFO     Training average regularization at step 22900: 0.006178
2025-12-05 03:05:31 INFO     Training average loss at step 22900: 2.421862
2025-12-05 03:07:13 INFO     Training average positive_fact_loss at step 23000: 0.313578
2025-12-05 03:07:13 INFO     Training average negative_fact_loss at step 23000: 0.290686
2025-12-05 03:07:13 INFO     Training average positive_rule_loss at step 23000: 1.815517
2025-12-05 03:07:13 INFO     Training average negative_rule_loss at step 23000: 1.961431
2025-12-05 03:07:13 INFO     Training average L_uncertainty at step 23000: 22.451099
2025-12-05 03:07:13 INFO     Training average L_kl at step 23000: 22383.133262
2025-12-05 03:07:13 INFO     Training average L_sigma at step 23000: 6.796439
2025-12-05 03:07:13 INFO     Training average mu_mean at step 23000: -0.243221
2025-12-05 03:07:13 INFO     Training average sigma_mean at step 23000: 0.127698
2025-12-05 03:07:13 INFO     Training average regularization at step 23000: 0.006168
2025-12-05 03:07:13 INFO     Training average loss at step 23000: 2.421285
2025-12-05 03:07:13 INFO     Evaluating on Valid Dataset...
2025-12-05 03:07:13 INFO     >>>>> RuleE emb: Evaluating on valid
2025-12-05 03:07:32 INFO     Data : 4274
2025-12-05 03:07:32 INFO     Hit1 : 0.528311
2025-12-05 03:07:32 INFO     Hit3 : 0.763687
2025-12-05 03:07:32 INFO     Hit10: 0.941741
2025-12-05 03:07:32 INFO     MR   : 3.481750
2025-12-05 03:07:32 INFO     MRR  : 0.666287
2025-12-05 03:09:09 INFO     Training average positive_fact_loss at step 23100: 0.312425
2025-12-05 03:09:09 INFO     Training average negative_fact_loss at step 23100: 0.290450
2025-12-05 03:09:09 INFO     Training average positive_rule_loss at step 23100: 1.817072
2025-12-05 03:09:09 INFO     Training average negative_rule_loss at step 23100: 1.958802
2025-12-05 03:09:09 INFO     Training average L_uncertainty at step 23100: 22.468606
2025-12-05 03:09:09 INFO     Training average L_kl at step 23100: 22398.679648
2025-12-05 03:09:09 INFO     Training average L_sigma at step 23100: 6.992477
2025-12-05 03:09:09 INFO     Training average mu_mean at step 23100: -0.242826
2025-12-05 03:09:09 INFO     Training average sigma_mean at step 23100: 0.127707
2025-12-05 03:09:09 INFO     Training average regularization at step 23100: 0.006174
2025-12-05 03:09:09 INFO     Training average loss at step 23100: 2.420235
2025-12-05 03:10:58 INFO     Training average positive_fact_loss at step 23200: 0.313700
2025-12-05 03:10:58 INFO     Training average negative_fact_loss at step 23200: 0.290958
2025-12-05 03:10:58 INFO     Training average positive_rule_loss at step 23200: 1.821182
2025-12-05 03:10:58 INFO     Training average negative_rule_loss at step 23200: 1.954944
2025-12-05 03:10:58 INFO     Training average L_uncertainty at step 23200: 22.444489
2025-12-05 03:10:58 INFO     Training average L_kl at step 23200: 22372.950547
2025-12-05 03:10:58 INFO     Training average L_sigma at step 23200: 7.153703
2025-12-05 03:10:58 INFO     Training average mu_mean at step 23200: -0.244090
2025-12-05 03:10:58 INFO     Training average sigma_mean at step 23200: 0.127699
2025-12-05 03:10:58 INFO     Training average regularization at step 23200: 0.006182
2025-12-05 03:10:58 INFO     Training average loss at step 23200: 2.421018
2025-12-05 03:12:31 INFO     Training average positive_fact_loss at step 23300: 0.313252
2025-12-05 03:12:31 INFO     Training average negative_fact_loss at step 23300: 0.290732
2025-12-05 03:12:31 INFO     Training average positive_rule_loss at step 23300: 1.817833
2025-12-05 03:12:31 INFO     Training average negative_rule_loss at step 23300: 1.955378
2025-12-05 03:12:31 INFO     Training average L_uncertainty at step 23300: 22.475665
2025-12-05 03:12:31 INFO     Training average L_kl at step 23300: 22406.149395
2025-12-05 03:12:31 INFO     Training average L_sigma at step 23300: 6.951463
2025-12-05 03:12:31 INFO     Training average mu_mean at step 23300: -0.241955
2025-12-05 03:12:31 INFO     Training average sigma_mean at step 23300: 0.127700
2025-12-05 03:12:31 INFO     Training average regularization at step 23300: 0.006174
2025-12-05 03:12:31 INFO     Training average loss at step 23300: 2.419528
2025-12-05 03:14:04 INFO     Training average positive_fact_loss at step 23400: 0.313592
2025-12-05 03:14:04 INFO     Training average negative_fact_loss at step 23400: 0.290101
2025-12-05 03:14:04 INFO     Training average positive_rule_loss at step 23400: 1.820630
2025-12-05 03:14:04 INFO     Training average negative_rule_loss at step 23400: 1.953126
2025-12-05 03:14:04 INFO     Training average L_uncertainty at step 23400: 22.483736
2025-12-05 03:14:04 INFO     Training average L_kl at step 23400: 22412.950371
2025-12-05 03:14:04 INFO     Training average L_sigma at step 23400: 7.078491
2025-12-05 03:14:04 INFO     Training average mu_mean at step 23400: -0.243922
2025-12-05 03:14:04 INFO     Training average sigma_mean at step 23400: 0.127701
2025-12-05 03:14:04 INFO     Training average regularization at step 23400: 0.006173
2025-12-05 03:14:04 INFO     Training average loss at step 23400: 2.419735
2025-12-05 03:15:32 INFO     Training average positive_fact_loss at step 23500: 0.313257
2025-12-05 03:15:32 INFO     Training average negative_fact_loss at step 23500: 0.290671
2025-12-05 03:15:32 INFO     Training average positive_rule_loss at step 23500: 1.812935
2025-12-05 03:15:32 INFO     Training average negative_rule_loss at step 23500: 1.959796
2025-12-05 03:15:32 INFO     Training average L_uncertainty at step 23500: 22.458257
2025-12-05 03:15:32 INFO     Training average L_kl at step 23500: 22388.567559
2025-12-05 03:15:32 INFO     Training average L_sigma at step 23500: 6.968855
2025-12-05 03:15:32 INFO     Training average mu_mean at step 23500: -0.243048
2025-12-05 03:15:32 INFO     Training average sigma_mean at step 23500: 0.127700
2025-12-05 03:15:32 INFO     Training average regularization at step 23500: 0.006179
2025-12-05 03:15:32 INFO     Training average loss at step 23500: 2.419092
2025-12-05 03:17:18 INFO     Training average positive_fact_loss at step 23600: 0.312824
2025-12-05 03:17:18 INFO     Training average negative_fact_loss at step 23600: 0.289622
2025-12-05 03:17:18 INFO     Training average positive_rule_loss at step 23600: 1.817842
2025-12-05 03:17:18 INFO     Training average negative_rule_loss at step 23600: 1.954009
2025-12-05 03:17:18 INFO     Training average L_uncertainty at step 23600: 22.510438
2025-12-05 03:17:18 INFO     Training average L_kl at step 23600: 22440.185000
2025-12-05 03:17:18 INFO     Training average L_sigma at step 23600: 7.025163
2025-12-05 03:17:18 INFO     Training average mu_mean at step 23600: -0.245430
2025-12-05 03:17:18 INFO     Training average sigma_mean at step 23600: 0.127703
2025-12-05 03:17:18 INFO     Training average regularization at step 23600: 0.006179
2025-12-05 03:17:18 INFO     Training average loss at step 23600: 2.418431
2025-12-05 03:18:52 INFO     Training average positive_fact_loss at step 23700: 0.312887
2025-12-05 03:18:52 INFO     Training average negative_fact_loss at step 23700: 0.290957
2025-12-05 03:18:52 INFO     Training average positive_rule_loss at step 23700: 1.814939
2025-12-05 03:18:52 INFO     Training average negative_rule_loss at step 23700: 1.953417
2025-12-05 03:18:52 INFO     Training average L_uncertainty at step 23700: 22.506230
2025-12-05 03:18:52 INFO     Training average L_kl at step 23700: 22437.097539
2025-12-05 03:18:52 INFO     Training average L_sigma at step 23700: 6.913115
2025-12-05 03:18:52 INFO     Training average mu_mean at step 23700: -0.241658
2025-12-05 03:18:52 INFO     Training average sigma_mean at step 23700: 0.127701
2025-12-05 03:18:52 INFO     Training average regularization at step 23700: 0.006176
2025-12-05 03:18:52 INFO     Training average loss at step 23700: 2.417338
2025-12-05 03:20:38 INFO     Training average positive_fact_loss at step 23800: 0.313326
2025-12-05 03:20:38 INFO     Training average negative_fact_loss at step 23800: 0.290696
2025-12-05 03:20:38 INFO     Training average positive_rule_loss at step 23800: 1.813983
2025-12-05 03:20:38 INFO     Training average negative_rule_loss at step 23800: 1.952763
2025-12-05 03:20:38 INFO     Training average L_uncertainty at step 23800: 22.532996
2025-12-05 03:20:38 INFO     Training average L_kl at step 23800: 22460.203105
2025-12-05 03:20:38 INFO     Training average L_sigma at step 23800: 7.279200
2025-12-05 03:20:38 INFO     Training average mu_mean at step 23800: -0.243876
2025-12-05 03:20:38 INFO     Training average sigma_mean at step 23800: 0.127705
2025-12-05 03:20:38 INFO     Training average regularization at step 23800: 0.006174
2025-12-05 03:20:38 INFO     Training average loss at step 23800: 2.416889
2025-12-05 03:22:16 INFO     Training average positive_fact_loss at step 23900: 0.312701
2025-12-05 03:22:16 INFO     Training average negative_fact_loss at step 23900: 0.290555
2025-12-05 03:22:16 INFO     Training average positive_rule_loss at step 23900: 1.813383
2025-12-05 03:22:16 INFO     Training average negative_rule_loss at step 23900: 1.952510
2025-12-05 03:22:16 INFO     Training average L_uncertainty at step 23900: 22.532760
2025-12-05 03:22:16 INFO     Training average L_kl at step 23900: 22464.798379
2025-12-05 03:22:16 INFO     Training average L_sigma at step 23900: 6.796066
2025-12-05 03:22:16 INFO     Training average mu_mean at step 23900: -0.242379
2025-12-05 03:22:16 INFO     Training average sigma_mean at step 23900: 0.127699
2025-12-05 03:22:16 INFO     Training average regularization at step 23900: 0.006171
2025-12-05 03:22:16 INFO     Training average loss at step 23900: 2.416073
2025-12-05 03:23:59 INFO     Training average positive_fact_loss at step 24000: 0.313795
2025-12-05 03:23:59 INFO     Training average negative_fact_loss at step 24000: 0.290506
2025-12-05 03:23:59 INFO     Training average positive_rule_loss at step 24000: 1.815002
2025-12-05 03:23:59 INFO     Training average negative_rule_loss at step 24000: 1.950974
2025-12-05 03:23:59 INFO     Training average L_uncertainty at step 24000: 22.526571
2025-12-05 03:23:59 INFO     Training average L_kl at step 24000: 22456.181836
2025-12-05 03:23:59 INFO     Training average L_sigma at step 24000: 7.038761
2025-12-05 03:23:59 INFO     Training average mu_mean at step 24000: -0.242171
2025-12-05 03:23:59 INFO     Training average sigma_mean at step 24000: 0.127704
2025-12-05 03:23:59 INFO     Training average regularization at step 24000: 0.006179
2025-12-05 03:23:59 INFO     Training average loss at step 24000: 2.416583
2025-12-05 03:23:59 INFO     Evaluating on Valid Dataset...
2025-12-05 03:23:59 INFO     >>>>> RuleE emb: Evaluating on valid
2025-12-05 03:24:17 INFO     Data : 4274
2025-12-05 03:24:17 INFO     Hit1 : 0.523631
2025-12-05 03:24:17 INFO     Hit3 : 0.772578
2025-12-05 03:24:17 INFO     Hit10: 0.942443
2025-12-05 03:24:17 INFO     MR   : 3.429340
2025-12-05 03:24:17 INFO     MRR  : 0.666752
2025-12-05 03:25:35 INFO     Training average positive_fact_loss at step 24100: 0.313486
2025-12-05 03:25:35 INFO     Training average negative_fact_loss at step 24100: 0.290561
2025-12-05 03:25:35 INFO     Training average positive_rule_loss at step 24100: 1.809751
2025-12-05 03:25:35 INFO     Training average negative_rule_loss at step 24100: 1.953639
2025-12-05 03:25:35 INFO     Training average L_uncertainty at step 24100: 22.536028
2025-12-05 03:25:35 INFO     Training average L_kl at step 24100: 22466.121172
2025-12-05 03:25:35 INFO     Training average L_sigma at step 24100: 6.990564
2025-12-05 03:25:35 INFO     Training average mu_mean at step 24100: -0.243020
2025-12-05 03:25:35 INFO     Training average sigma_mean at step 24100: 0.127700
2025-12-05 03:25:35 INFO     Training average regularization at step 24100: 0.006163
2025-12-05 03:25:35 INFO     Training average loss at step 24100: 2.415242
2025-12-05 03:27:22 INFO     Training average positive_fact_loss at step 24200: 0.313721
2025-12-05 03:27:22 INFO     Training average negative_fact_loss at step 24200: 0.290364
2025-12-05 03:27:22 INFO     Training average positive_rule_loss at step 24200: 1.813249
2025-12-05 03:27:22 INFO     Training average negative_rule_loss at step 24200: 1.951032
2025-12-05 03:27:22 INFO     Training average L_uncertainty at step 24200: 22.546965
2025-12-05 03:27:22 INFO     Training average L_kl at step 24200: 22477.606699
2025-12-05 03:27:22 INFO     Training average L_sigma at step 24200: 6.935706
2025-12-05 03:27:22 INFO     Training average mu_mean at step 24200: -0.242868
2025-12-05 03:27:22 INFO     Training average sigma_mean at step 24200: 0.127697
2025-12-05 03:27:22 INFO     Training average regularization at step 24200: 0.006179
2025-12-05 03:27:22 INFO     Training average loss at step 24200: 2.415832
2025-12-05 03:29:03 INFO     Training average positive_fact_loss at step 24300: 0.313127
2025-12-05 03:29:03 INFO     Training average negative_fact_loss at step 24300: 0.290531
2025-12-05 03:29:03 INFO     Training average positive_rule_loss at step 24300: 1.812135
2025-12-05 03:29:03 INFO     Training average negative_rule_loss at step 24300: 1.949608
2025-12-05 03:29:03 INFO     Training average L_uncertainty at step 24300: 22.540456
2025-12-05 03:29:03 INFO     Training average L_kl at step 24300: 22470.250117
2025-12-05 03:29:03 INFO     Training average L_sigma at step 24300: 7.020459
2025-12-05 03:29:03 INFO     Training average mu_mean at step 24300: -0.239245
2025-12-05 03:29:03 INFO     Training average sigma_mean at step 24300: 0.127709
2025-12-05 03:29:03 INFO     Training average regularization at step 24300: 0.006172
2025-12-05 03:29:03 INFO     Training average loss at step 24300: 2.414277
2025-12-05 03:30:44 INFO     Training average positive_fact_loss at step 24400: 0.312974
2025-12-05 03:30:44 INFO     Training average negative_fact_loss at step 24400: 0.290642
2025-12-05 03:30:44 INFO     Training average positive_rule_loss at step 24400: 1.811445
2025-12-05 03:30:44 INFO     Training average negative_rule_loss at step 24400: 1.951914
2025-12-05 03:30:44 INFO     Training average L_uncertainty at step 24400: 22.519811
2025-12-05 03:30:44 INFO     Training average L_kl at step 24400: 22450.922402
2025-12-05 03:30:44 INFO     Training average L_sigma at step 24400: 6.888788
2025-12-05 03:30:44 INFO     Training average mu_mean at step 24400: -0.242844
2025-12-05 03:30:44 INFO     Training average sigma_mean at step 24400: 0.127699
2025-12-05 03:30:44 INFO     Training average regularization at step 24400: 0.006177
2025-12-05 03:30:44 INFO     Training average loss at step 24400: 2.414863
2025-12-05 03:32:19 INFO     Training average positive_fact_loss at step 24500: 0.313234
2025-12-05 03:32:19 INFO     Training average negative_fact_loss at step 24500: 0.291057
2025-12-05 03:32:19 INFO     Training average positive_rule_loss at step 24500: 1.812676
2025-12-05 03:32:19 INFO     Training average negative_rule_loss at step 24500: 1.948274
2025-12-05 03:32:19 INFO     Training average L_uncertainty at step 24500: 22.559021
2025-12-05 03:32:19 INFO     Training average L_kl at step 24500: 22489.734062
2025-12-05 03:32:19 INFO     Training average L_sigma at step 24500: 6.928579
2025-12-05 03:32:19 INFO     Training average mu_mean at step 24500: -0.242196
2025-12-05 03:32:19 INFO     Training average sigma_mean at step 24500: 0.127700
2025-12-05 03:32:19 INFO     Training average regularization at step 24500: 0.006168
2025-12-05 03:32:19 INFO     Training average loss at step 24500: 2.414378
2025-12-05 03:34:05 INFO     Training average positive_fact_loss at step 24600: 0.313684
2025-12-05 03:34:05 INFO     Training average negative_fact_loss at step 24600: 0.290711
2025-12-05 03:34:05 INFO     Training average positive_rule_loss at step 24600: 1.808630
2025-12-05 03:34:05 INFO     Training average negative_rule_loss at step 24600: 1.949448
2025-12-05 03:34:05 INFO     Training average L_uncertainty at step 24600: 22.585539
2025-12-05 03:34:05 INFO     Training average L_kl at step 24600: 22515.810566
2025-12-05 03:34:05 INFO     Training average L_sigma at step 24600: 6.972714
2025-12-05 03:34:05 INFO     Training average mu_mean at step 24600: -0.240232
2025-12-05 03:34:05 INFO     Training average sigma_mean at step 24600: 0.127701
2025-12-05 03:34:05 INFO     Training average regularization at step 24600: 0.006172
2025-12-05 03:34:05 INFO     Training average loss at step 24600: 2.413263
2025-12-05 03:35:33 INFO     Training average positive_fact_loss at step 24700: 0.313627
2025-12-05 03:35:33 INFO     Training average negative_fact_loss at step 24700: 0.290352
2025-12-05 03:35:33 INFO     Training average positive_rule_loss at step 24700: 1.805317
2025-12-05 03:35:33 INFO     Training average negative_rule_loss at step 24700: 1.950896
2025-12-05 03:35:33 INFO     Training average L_uncertainty at step 24700: 22.576070
2025-12-05 03:35:33 INFO     Training average L_kl at step 24700: 22505.513711
2025-12-05 03:35:33 INFO     Training average L_sigma at step 24700: 7.055562
2025-12-05 03:35:33 INFO     Training average mu_mean at step 24700: -0.239870
2025-12-05 03:35:33 INFO     Training average sigma_mean at step 24700: 0.127703
2025-12-05 03:35:33 INFO     Training average regularization at step 24700: 0.006179
2025-12-05 03:35:33 INFO     Training average loss at step 24700: 2.412036
2025-12-05 03:37:06 INFO     Training average positive_fact_loss at step 24800: 0.313239
2025-12-05 03:37:06 INFO     Training average negative_fact_loss at step 24800: 0.290492
2025-12-05 03:37:06 INFO     Training average positive_rule_loss at step 24800: 1.809225
2025-12-05 03:37:06 INFO     Training average negative_rule_loss at step 24800: 1.947863
2025-12-05 03:37:06 INFO     Training average L_uncertainty at step 24800: 22.565076
2025-12-05 03:37:06 INFO     Training average L_kl at step 24800: 22496.706777
2025-12-05 03:37:06 INFO     Training average L_sigma at step 24800: 6.836808
2025-12-05 03:37:06 INFO     Training average mu_mean at step 24800: -0.239823
2025-12-05 03:37:06 INFO     Training average sigma_mean at step 24800: 0.127701
2025-12-05 03:37:06 INFO     Training average regularization at step 24800: 0.006171
2025-12-05 03:37:06 INFO     Training average loss at step 24800: 2.412231
2025-12-05 03:38:43 INFO     Training average positive_fact_loss at step 24900: 0.313827
2025-12-05 03:38:43 INFO     Training average negative_fact_loss at step 24900: 0.290907
2025-12-05 03:38:43 INFO     Training average positive_rule_loss at step 24900: 1.805836
2025-12-05 03:38:43 INFO     Training average negative_rule_loss at step 24900: 1.949979
2025-12-05 03:38:43 INFO     Training average L_uncertainty at step 24900: 22.553242
2025-12-05 03:38:43 INFO     Training average L_kl at step 24900: 22483.793828
2025-12-05 03:38:43 INFO     Training average L_sigma at step 24900: 6.944737
2025-12-05 03:38:43 INFO     Training average mu_mean at step 24900: -0.239090
2025-12-05 03:38:43 INFO     Training average sigma_mean at step 24900: 0.127698
2025-12-05 03:38:43 INFO     Training average regularization at step 24900: 0.006170
2025-12-05 03:38:43 INFO     Training average loss at step 24900: 2.411977
2025-12-05 03:40:31 INFO     Change learning_rate to 0.000010 at step 25000
2025-12-05 03:40:31 INFO     Training average positive_fact_loss at step 25000: 0.312726
2025-12-05 03:40:31 INFO     Training average negative_fact_loss at step 25000: 0.290272
2025-12-05 03:40:31 INFO     Training average positive_rule_loss at step 25000: 1.805608
2025-12-05 03:40:31 INFO     Training average negative_rule_loss at step 25000: 1.947980
2025-12-05 03:40:31 INFO     Training average L_uncertainty at step 25000: 22.580312
2025-12-05 03:40:31 INFO     Training average L_kl at step 25000: 22509.765312
2025-12-05 03:40:31 INFO     Training average L_sigma at step 25000: 7.054554
2025-12-05 03:40:31 INFO     Training average mu_mean at step 25000: -0.237805
2025-12-05 03:40:31 INFO     Training average sigma_mean at step 25000: 0.127702
2025-12-05 03:40:31 INFO     Training average regularization at step 25000: 0.006179
2025-12-05 03:40:31 INFO     Training average loss at step 25000: 2.410275
2025-12-05 03:40:31 INFO     Evaluating on Valid Dataset...
2025-12-05 03:40:31 INFO     >>>>> RuleE emb: Evaluating on valid
2025-12-05 03:40:50 INFO     Data : 4274
2025-12-05 03:40:50 INFO     Hit1 : 0.538138
2025-12-05 03:40:50 INFO     Hit3 : 0.772578
2025-12-05 03:40:50 INFO     Hit10: 0.941039
2025-12-05 03:40:50 INFO     MR   : 3.422321
2025-12-05 03:40:50 INFO     MRR  : 0.674647
2025-12-05 03:42:25 INFO     Training average positive_fact_loss at step 25100: 0.297530
2025-12-05 03:42:25 INFO     Training average negative_fact_loss at step 25100: 0.286976
2025-12-05 03:42:25 INFO     Training average positive_rule_loss at step 25100: 1.802192
2025-12-05 03:42:25 INFO     Training average negative_rule_loss at step 25100: 1.949325
2025-12-05 03:42:25 INFO     Training average L_uncertainty at step 25100: 22.572804
2025-12-05 03:42:25 INFO     Training average L_kl at step 25100: 22509.396738
2025-12-05 03:42:25 INFO     Training average L_sigma at step 25100: 6.340584
2025-12-05 03:42:25 INFO     Training average mu_mean at step 25100: -0.236553
2025-12-05 03:42:25 INFO     Training average sigma_mean at step 25100: 0.127703
2025-12-05 03:42:25 INFO     Training average regularization at step 25100: 0.006244
2025-12-05 03:42:25 INFO     Training average loss at step 25100: 2.399984
2025-12-05 03:44:07 INFO     Training average positive_fact_loss at step 25200: 0.298287
2025-12-05 03:44:07 INFO     Training average negative_fact_loss at step 25200: 0.281092
2025-12-05 03:44:07 INFO     Training average positive_rule_loss at step 25200: 1.797260
2025-12-05 03:44:07 INFO     Training average negative_rule_loss at step 25200: 1.953450
2025-12-05 03:44:07 INFO     Training average L_uncertainty at step 25200: 22.593863
2025-12-05 03:44:07 INFO     Training average L_kl at step 25200: 22533.225430
2025-12-05 03:44:07 INFO     Training average L_sigma at step 25200: 6.063702
2025-12-05 03:44:07 INFO     Training average mu_mean at step 25200: -0.235783
2025-12-05 03:44:07 INFO     Training average sigma_mean at step 25200: 0.127700
2025-12-05 03:44:07 INFO     Training average regularization at step 25200: 0.006300
2025-12-05 03:44:07 INFO     Training average loss at step 25200: 2.397284
2025-12-05 03:45:43 INFO     Training average positive_fact_loss at step 25300: 0.299107
2025-12-05 03:45:43 INFO     Training average negative_fact_loss at step 25300: 0.279843
2025-12-05 03:45:43 INFO     Training average positive_rule_loss at step 25300: 1.804233
2025-12-05 03:45:43 INFO     Training average negative_rule_loss at step 25300: 1.948313
2025-12-05 03:45:43 INFO     Training average L_uncertainty at step 25300: 22.558946
2025-12-05 03:45:43 INFO     Training average L_kl at step 25300: 22498.373574
2025-12-05 03:45:43 INFO     Training average L_sigma at step 25300: 6.057142
2025-12-05 03:45:43 INFO     Training average mu_mean at step 25300: -0.236508
2025-12-05 03:45:43 INFO     Training average sigma_mean at step 25300: 0.127700
2025-12-05 03:45:43 INFO     Training average regularization at step 25300: 0.006315
2025-12-05 03:45:43 INFO     Training average loss at step 25300: 2.397652
2025-12-05 03:47:12 INFO     Training average positive_fact_loss at step 25400: 0.299082
2025-12-05 03:47:12 INFO     Training average negative_fact_loss at step 25400: 0.279075
2025-12-05 03:47:12 INFO     Training average positive_rule_loss at step 25400: 1.801998
2025-12-05 03:47:12 INFO     Training average negative_rule_loss at step 25400: 1.949973
2025-12-05 03:47:12 INFO     Training average L_uncertainty at step 25400: 22.578928
2025-12-05 03:47:12 INFO     Training average L_kl at step 25400: 22518.494609
2025-12-05 03:47:12 INFO     Training average L_sigma at step 25400: 6.043202
2025-12-05 03:47:12 INFO     Training average mu_mean at step 25400: -0.236908
2025-12-05 03:47:12 INFO     Training average sigma_mean at step 25400: 0.127698
2025-12-05 03:47:12 INFO     Training average regularization at step 25400: 0.006320
2025-12-05 03:47:12 INFO     Training average loss at step 25400: 2.397173
2025-12-05 03:48:45 INFO     Training average positive_fact_loss at step 25500: 0.299152
2025-12-05 03:48:45 INFO     Training average negative_fact_loss at step 25500: 0.278895
2025-12-05 03:48:45 INFO     Training average positive_rule_loss at step 25500: 1.802211
2025-12-05 03:48:45 INFO     Training average negative_rule_loss at step 25500: 1.948520
2025-12-05 03:48:45 INFO     Training average L_uncertainty at step 25500: 22.577531
2025-12-05 03:48:45 INFO     Training average L_kl at step 25500: 22517.067773
2025-12-05 03:48:45 INFO     Training average L_sigma at step 25500: 6.046214
2025-12-05 03:48:45 INFO     Training average mu_mean at step 25500: -0.237097
2025-12-05 03:48:45 INFO     Training average sigma_mean at step 25500: 0.127698
2025-12-05 03:48:45 INFO     Training average regularization at step 25500: 0.006324
2025-12-05 03:48:45 INFO     Training average loss at step 25500: 2.396488
2025-12-05 03:50:31 INFO     Training average positive_fact_loss at step 25600: 0.299064
2025-12-05 03:50:31 INFO     Training average negative_fact_loss at step 25600: 0.278779
2025-12-05 03:50:31 INFO     Training average positive_rule_loss at step 25600: 1.801034
2025-12-05 03:50:31 INFO     Training average negative_rule_loss at step 25600: 1.950263
2025-12-05 03:50:31 INFO     Training average L_uncertainty at step 25600: 22.585680
2025-12-05 03:50:31 INFO     Training average L_kl at step 25600: 22525.242988
2025-12-05 03:50:31 INFO     Training average L_sigma at step 25600: 6.043564
2025-12-05 03:50:31 INFO     Training average mu_mean at step 25600: -0.237423
2025-12-05 03:50:31 INFO     Training average sigma_mean at step 25600: 0.127698
2025-12-05 03:50:31 INFO     Training average regularization at step 25600: 0.006325
2025-12-05 03:50:31 INFO     Training average loss at step 25600: 2.396751
2025-12-05 03:52:08 INFO     Training average positive_fact_loss at step 25700: 0.299194
2025-12-05 03:52:08 INFO     Training average negative_fact_loss at step 25700: 0.278471
2025-12-05 03:52:08 INFO     Training average positive_rule_loss at step 25700: 1.801382
2025-12-05 03:52:08 INFO     Training average negative_rule_loss at step 25700: 1.949886
2025-12-05 03:52:08 INFO     Training average L_uncertainty at step 25700: 22.580373
2025-12-05 03:52:08 INFO     Training average L_kl at step 25700: 22519.860859
2025-12-05 03:52:08 INFO     Training average L_sigma at step 25700: 6.051110
2025-12-05 03:52:08 INFO     Training average mu_mean at step 25700: -0.236435
2025-12-05 03:52:08 INFO     Training average sigma_mean at step 25700: 0.127698
2025-12-05 03:52:08 INFO     Training average regularization at step 25700: 0.006325
2025-12-05 03:52:08 INFO     Training average loss at step 25700: 2.396594
2025-12-05 03:53:54 INFO     Training average positive_fact_loss at step 25800: 0.300084
2025-12-05 03:53:54 INFO     Training average negative_fact_loss at step 25800: 0.278108
2025-12-05 03:53:54 INFO     Training average positive_rule_loss at step 25800: 1.799627
2025-12-05 03:53:54 INFO     Training average negative_rule_loss at step 25800: 1.950540
2025-12-05 03:53:54 INFO     Training average L_uncertainty at step 25800: 22.599991
2025-12-05 03:53:54 INFO     Training average L_kl at step 25800: 22539.578711
2025-12-05 03:53:54 INFO     Training average L_sigma at step 25800: 6.041140
2025-12-05 03:53:54 INFO     Training average mu_mean at step 25800: -0.236892
2025-12-05 03:53:54 INFO     Training average sigma_mean at step 25800: 0.127697
2025-12-05 03:53:54 INFO     Training average regularization at step 25800: 0.006320
2025-12-05 03:53:54 INFO     Training average loss at step 25800: 2.396499
2025-12-05 03:55:30 INFO     Training average positive_fact_loss at step 25900: 0.298697
2025-12-05 03:55:30 INFO     Training average negative_fact_loss at step 25900: 0.278147
2025-12-05 03:55:30 INFO     Training average positive_rule_loss at step 25900: 1.801032
2025-12-05 03:55:30 INFO     Training average negative_rule_loss at step 25900: 1.949680
2025-12-05 03:55:30 INFO     Training average L_uncertainty at step 25900: 22.601622
2025-12-05 03:55:30 INFO     Training average L_kl at step 25900: 22541.182598
2025-12-05 03:55:30 INFO     Training average L_sigma at step 25900: 6.043856
2025-12-05 03:55:30 INFO     Training average mu_mean at step 25900: -0.237717
2025-12-05 03:55:30 INFO     Training average sigma_mean at step 25900: 0.127697
2025-12-05 03:55:30 INFO     Training average regularization at step 25900: 0.006317
2025-12-05 03:55:30 INFO     Training average loss at step 25900: 2.396111
2025-12-05 03:57:08 INFO     Training average positive_fact_loss at step 26000: 0.299695
2025-12-05 03:57:08 INFO     Training average negative_fact_loss at step 26000: 0.277833
2025-12-05 03:57:08 INFO     Training average positive_rule_loss at step 26000: 1.802742
2025-12-05 03:57:08 INFO     Training average negative_rule_loss at step 26000: 1.947354
2025-12-05 03:57:08 INFO     Training average L_uncertainty at step 26000: 22.585881
2025-12-05 03:57:08 INFO     Training average L_kl at step 26000: 22525.368320
2025-12-05 03:57:08 INFO     Training average L_sigma at step 26000: 6.051151
2025-12-05 03:57:08 INFO     Training average mu_mean at step 26000: -0.236273
2025-12-05 03:57:08 INFO     Training average sigma_mean at step 26000: 0.127698
2025-12-05 03:57:08 INFO     Training average regularization at step 26000: 0.006315
2025-12-05 03:57:08 INFO     Training average loss at step 26000: 2.395986
2025-12-05 03:57:08 INFO     Evaluating on Valid Dataset...
2025-12-05 03:57:08 INFO     >>>>> RuleE emb: Evaluating on valid
2025-12-05 03:57:28 INFO     Data : 4274
2025-12-05 03:57:28 INFO     Hit1 : 0.545391
2025-12-05 03:57:28 INFO     Hit3 : 0.781703
2025-12-05 03:57:28 INFO     Hit10: 0.942443
2025-12-05 03:57:28 INFO     MR   : 3.363828
2025-12-05 03:57:28 INFO     MRR  : 0.682502
2025-12-05 03:59:02 INFO     Training average positive_fact_loss at step 26100: 0.299138
2025-12-05 03:59:02 INFO     Training average negative_fact_loss at step 26100: 0.277722
2025-12-05 03:59:02 INFO     Training average positive_rule_loss at step 26100: 1.803199
2025-12-05 03:59:02 INFO     Training average negative_rule_loss at step 26100: 1.947243
2025-12-05 03:59:02 INFO     Training average L_uncertainty at step 26100: 22.592149
2025-12-05 03:59:02 INFO     Training average L_kl at step 26100: 22531.613223
2025-12-05 03:59:02 INFO     Training average L_sigma at step 26100: 6.053434
2025-12-05 03:59:02 INFO     Training average mu_mean at step 26100: -0.237124
2025-12-05 03:59:02 INFO     Training average sigma_mean at step 26100: 0.127699
2025-12-05 03:59:02 INFO     Training average regularization at step 26100: 0.006310
2025-12-05 03:59:02 INFO     Training average loss at step 26100: 2.395883
2025-12-05 04:00:44 INFO     Training average positive_fact_loss at step 26200: 0.299213
2025-12-05 04:00:44 INFO     Training average negative_fact_loss at step 26200: 0.277670
2025-12-05 04:00:44 INFO     Training average positive_rule_loss at step 26200: 1.803419
2025-12-05 04:00:44 INFO     Training average negative_rule_loss at step 26200: 1.947763
2025-12-05 04:00:44 INFO     Training average L_uncertainty at step 26200: 22.584802
2025-12-05 04:00:44 INFO     Training average L_kl at step 26200: 22524.457188
2025-12-05 04:00:44 INFO     Training average L_sigma at step 26200: 6.034397
2025-12-05 04:00:44 INFO     Training average mu_mean at step 26200: -0.237115
2025-12-05 04:00:44 INFO     Training average sigma_mean at step 26200: 0.127696
2025-12-05 04:00:44 INFO     Training average regularization at step 26200: 0.006307
2025-12-05 04:00:44 INFO     Training average loss at step 26200: 2.396188
2025-12-05 04:02:21 INFO     Training average positive_fact_loss at step 26300: 0.299368
2025-12-05 04:02:21 INFO     Training average negative_fact_loss at step 26300: 0.277457
2025-12-05 04:02:21 INFO     Training average positive_rule_loss at step 26300: 1.798991
2025-12-05 04:02:21 INFO     Training average negative_rule_loss at step 26300: 1.951082
2025-12-05 04:02:21 INFO     Training average L_uncertainty at step 26300: 22.605850
2025-12-05 04:02:21 INFO     Training average L_kl at step 26300: 22545.325000
2025-12-05 04:02:21 INFO     Training average L_sigma at step 26300: 6.052408
2025-12-05 04:02:21 INFO     Training average mu_mean at step 26300: -0.237799
2025-12-05 04:02:21 INFO     Training average sigma_mean at step 26300: 0.127698
2025-12-05 04:02:21 INFO     Training average regularization at step 26300: 0.006302
2025-12-05 04:02:21 INFO     Training average loss at step 26300: 2.395810
2025-12-05 04:04:08 INFO     Training average positive_fact_loss at step 26400: 0.299713
2025-12-05 04:04:08 INFO     Training average negative_fact_loss at step 26400: 0.277484
2025-12-05 04:04:08 INFO     Training average positive_rule_loss at step 26400: 1.799895
2025-12-05 04:04:08 INFO     Training average negative_rule_loss at step 26400: 1.949922
2025-12-05 04:04:08 INFO     Training average L_uncertainty at step 26400: 22.598600
2025-12-05 04:04:08 INFO     Training average L_kl at step 26400: 22538.120684
2025-12-05 04:04:08 INFO     Training average L_sigma at step 26400: 6.047857
2025-12-05 04:04:08 INFO     Training average mu_mean at step 26400: -0.237012
2025-12-05 04:04:08 INFO     Training average sigma_mean at step 26400: 0.127698
2025-12-05 04:04:08 INFO     Training average regularization at step 26400: 0.006299
2025-12-05 04:04:08 INFO     Training average loss at step 26400: 2.395792
2025-12-05 04:05:44 INFO     Training average positive_fact_loss at step 26500: 0.298579
2025-12-05 04:05:44 INFO     Training average negative_fact_loss at step 26500: 0.277480
2025-12-05 04:05:44 INFO     Training average positive_rule_loss at step 26500: 1.800946
2025-12-05 04:05:44 INFO     Training average negative_rule_loss at step 26500: 1.947788
2025-12-05 04:05:44 INFO     Training average L_uncertainty at step 26500: 22.611372
2025-12-05 04:05:44 INFO     Training average L_kl at step 26500: 22550.766738
2025-12-05 04:05:44 INFO     Training average L_sigma at step 26500: 6.060379
2025-12-05 04:05:44 INFO     Training average mu_mean at step 26500: -0.237848
2025-12-05 04:05:44 INFO     Training average sigma_mean at step 26500: 0.127699
2025-12-05 04:05:44 INFO     Training average regularization at step 26500: 0.006297
2025-12-05 04:05:44 INFO     Training average loss at step 26500: 2.394808
2025-12-05 04:07:26 INFO     Training average positive_fact_loss at step 26600: 0.299479
2025-12-05 04:07:26 INFO     Training average negative_fact_loss at step 26600: 0.277293
2025-12-05 04:07:26 INFO     Training average positive_rule_loss at step 26600: 1.802668
2025-12-05 04:07:26 INFO     Training average negative_rule_loss at step 26600: 1.948922
2025-12-05 04:07:26 INFO     Training average L_uncertainty at step 26600: 22.571781
2025-12-05 04:07:26 INFO     Training average L_kl at step 26600: 22511.205625
2025-12-05 04:07:26 INFO     Training average L_sigma at step 26600: 6.057447
2025-12-05 04:07:26 INFO     Training average mu_mean at step 26600: -0.238317
2025-12-05 04:07:26 INFO     Training average sigma_mean at step 26600: 0.127699
2025-12-05 04:07:26 INFO     Training average regularization at step 26600: 0.006296
2025-12-05 04:07:26 INFO     Training average loss at step 26600: 2.396195
2025-12-05 04:08:45 INFO     Training average positive_fact_loss at step 26700: 0.298818
2025-12-05 04:08:45 INFO     Training average negative_fact_loss at step 26700: 0.277398
2025-12-05 04:08:45 INFO     Training average positive_rule_loss at step 26700: 1.801728
2025-12-05 04:08:45 INFO     Training average negative_rule_loss at step 26700: 1.947125
2025-12-05 04:08:45 INFO     Training average L_uncertainty at step 26700: 22.606631
2025-12-05 04:08:45 INFO     Training average L_kl at step 26700: 22546.093672
2025-12-05 04:08:45 INFO     Training average L_sigma at step 26700: 6.053610
2025-12-05 04:08:45 INFO     Training average mu_mean at step 26700: -0.236765
2025-12-05 04:08:45 INFO     Training average sigma_mean at step 26700: 0.127698
2025-12-05 04:08:45 INFO     Training average regularization at step 26700: 0.006292
2025-12-05 04:08:45 INFO     Training average loss at step 26700: 2.394893
2025-12-05 04:10:32 INFO     Training average positive_fact_loss at step 26800: 0.299065
2025-12-05 04:10:32 INFO     Training average negative_fact_loss at step 26800: 0.277117
2025-12-05 04:10:32 INFO     Training average positive_rule_loss at step 26800: 1.798336
2025-12-05 04:10:32 INFO     Training average negative_rule_loss at step 26800: 1.950469
2025-12-05 04:10:32 INFO     Training average L_uncertainty at step 26800: 22.603925
2025-12-05 04:10:32 INFO     Training average L_kl at step 26800: 22543.356113
2025-12-05 04:10:32 INFO     Training average L_sigma at step 26800: 6.056783
2025-12-05 04:10:32 INFO     Training average mu_mean at step 26800: -0.236428
2025-12-05 04:10:32 INFO     Training average sigma_mean at step 26800: 0.127699
2025-12-05 04:10:32 INFO     Training average regularization at step 26800: 0.006292
2025-12-05 04:10:32 INFO     Training average loss at step 26800: 2.394824
2025-12-05 04:12:08 INFO     Training average positive_fact_loss at step 26900: 0.298926
2025-12-05 04:12:08 INFO     Training average negative_fact_loss at step 26900: 0.277424
2025-12-05 04:12:08 INFO     Training average positive_rule_loss at step 26900: 1.803870
2025-12-05 04:12:08 INFO     Training average negative_rule_loss at step 26900: 1.946721
2025-12-05 04:12:08 INFO     Training average L_uncertainty at step 26900: 22.581109
2025-12-05 04:12:08 INFO     Training average L_kl at step 26900: 22520.489082
2025-12-05 04:12:08 INFO     Training average L_sigma at step 26900: 6.061890
2025-12-05 04:12:08 INFO     Training average mu_mean at step 26900: -0.236289
2025-12-05 04:12:08 INFO     Training average sigma_mean at step 26900: 0.127700
2025-12-05 04:12:08 INFO     Training average regularization at step 26900: 0.006290
2025-12-05 04:12:08 INFO     Training average loss at step 26900: 2.395572
2025-12-05 04:13:50 INFO     Training average positive_fact_loss at step 27000: 0.299118
2025-12-05 04:13:50 INFO     Training average negative_fact_loss at step 27000: 0.276988
2025-12-05 04:13:50 INFO     Training average positive_rule_loss at step 27000: 1.798303
2025-12-05 04:13:50 INFO     Training average negative_rule_loss at step 27000: 1.949792
2025-12-05 04:13:50 INFO     Training average L_uncertainty at step 27000: 22.620184
2025-12-05 04:13:50 INFO     Training average L_kl at step 27000: 22559.583965
2025-12-05 04:13:50 INFO     Training average L_sigma at step 27000: 6.059883
2025-12-05 04:13:50 INFO     Training average mu_mean at step 27000: -0.238281
2025-12-05 04:13:50 INFO     Training average sigma_mean at step 27000: 0.127699
2025-12-05 04:13:50 INFO     Training average regularization at step 27000: 0.006288
2025-12-05 04:13:50 INFO     Training average loss at step 27000: 2.394589
2025-12-05 04:13:50 INFO     Evaluating on Valid Dataset...
2025-12-05 04:13:50 INFO     >>>>> RuleE emb: Evaluating on valid
2025-12-05 04:14:10 INFO     Data : 4274
2025-12-05 04:14:10 INFO     Hit1 : 0.542817
2025-12-05 04:14:10 INFO     Hit3 : 0.780533
2025-12-05 04:14:10 INFO     Hit10: 0.942677
2025-12-05 04:14:10 INFO     MR   : 3.373889
2025-12-05 04:14:10 INFO     MRR  : 0.681101
2025-12-05 04:15:45 INFO     Training average positive_fact_loss at step 27100: 0.298890
2025-12-05 04:15:45 INFO     Training average negative_fact_loss at step 27100: 0.277000
2025-12-05 04:15:45 INFO     Training average positive_rule_loss at step 27100: 1.801598
2025-12-05 04:15:45 INFO     Training average negative_rule_loss at step 27100: 1.947443
2025-12-05 04:15:45 INFO     Training average L_uncertainty at step 27100: 22.596707
2025-12-05 04:15:45 INFO     Training average L_kl at step 27100: 22536.048477
2025-12-05 04:15:45 INFO     Training average L_sigma at step 27100: 6.065716
2025-12-05 04:15:45 INFO     Training average mu_mean at step 27100: -0.236122
2025-12-05 04:15:45 INFO     Training average sigma_mean at step 27100: 0.127700
2025-12-05 04:15:45 INFO     Training average regularization at step 27100: 0.006288
2025-12-05 04:15:45 INFO     Training average loss at step 27100: 2.394720
2025-12-05 04:17:31 INFO     Training average positive_fact_loss at step 27200: 0.299187
2025-12-05 04:17:31 INFO     Training average negative_fact_loss at step 27200: 0.277337
2025-12-05 04:17:31 INFO     Training average positive_rule_loss at step 27200: 1.799388
2025-12-05 04:17:31 INFO     Training average negative_rule_loss at step 27200: 1.948297
2025-12-05 04:17:31 INFO     Training average L_uncertainty at step 27200: 22.613562
2025-12-05 04:17:31 INFO     Training average L_kl at step 27200: 22552.958828
2025-12-05 04:17:31 INFO     Training average L_sigma at step 27200: 6.060239
2025-12-05 04:17:31 INFO     Training average mu_mean at step 27200: -0.235960
2025-12-05 04:17:31 INFO     Training average sigma_mean at step 27200: 0.127699
2025-12-05 04:17:31 INFO     Training average regularization at step 27200: 0.006287
2025-12-05 04:17:31 INFO     Training average loss at step 27200: 2.394527
2025-12-05 04:18:57 INFO     Training average positive_fact_loss at step 27300: 0.298847
2025-12-05 04:18:57 INFO     Training average negative_fact_loss at step 27300: 0.277004
2025-12-05 04:18:57 INFO     Training average positive_rule_loss at step 27300: 1.800711
2025-12-05 04:18:57 INFO     Training average negative_rule_loss at step 27300: 1.948528
2025-12-05 04:18:57 INFO     Training average L_uncertainty at step 27300: 22.577278
2025-12-05 04:18:57 INFO     Training average L_kl at step 27300: 22516.799199
2025-12-05 04:18:57 INFO     Training average L_sigma at step 27300: 6.047749
2025-12-05 04:18:57 INFO     Training average mu_mean at step 27300: -0.236980
2025-12-05 04:18:57 INFO     Training average sigma_mean at step 27300: 0.127698
2025-12-05 04:18:57 INFO     Training average regularization at step 27300: 0.006284
2025-12-05 04:18:57 INFO     Training average loss at step 27300: 2.394602
2025-12-05 04:20:31 INFO     Training average positive_fact_loss at step 27400: 0.298790
2025-12-05 04:20:31 INFO     Training average negative_fact_loss at step 27400: 0.277082
2025-12-05 04:20:31 INFO     Training average positive_rule_loss at step 27400: 1.803654
2025-12-05 04:20:31 INFO     Training average negative_rule_loss at step 27400: 1.945813
2025-12-05 04:20:31 INFO     Training average L_uncertainty at step 27400: 22.601134
2025-12-05 04:20:31 INFO     Training average L_kl at step 27400: 22540.683711
2025-12-05 04:20:31 INFO     Training average L_sigma at step 27400: 6.044901
2025-12-05 04:20:31 INFO     Training average mu_mean at step 27400: -0.238865
2025-12-05 04:20:31 INFO     Training average sigma_mean at step 27400: 0.127697
2025-12-05 04:20:31 INFO     Training average regularization at step 27400: 0.006287
2025-12-05 04:20:31 INFO     Training average loss at step 27400: 2.394967
2025-12-05 04:22:11 INFO     Training average positive_fact_loss at step 27500: 0.299408
2025-12-05 04:22:11 INFO     Training average negative_fact_loss at step 27500: 0.276909
2025-12-05 04:22:11 INFO     Training average positive_rule_loss at step 27500: 1.800555
2025-12-05 04:22:11 INFO     Training average negative_rule_loss at step 27500: 1.948104
2025-12-05 04:22:11 INFO     Training average L_uncertainty at step 27500: 22.599238
2025-12-05 04:22:11 INFO     Training average L_kl at step 27500: 22538.684453
2025-12-05 04:22:11 INFO     Training average L_sigma at step 27500: 6.055219
2025-12-05 04:22:11 INFO     Training average mu_mean at step 27500: -0.236909
2025-12-05 04:22:11 INFO     Training average sigma_mean at step 27500: 0.127699
2025-12-05 04:22:11 INFO     Training average regularization at step 27500: 0.006286
2025-12-05 04:22:11 INFO     Training average loss at step 27500: 2.394767
2025-12-05 04:23:55 INFO     Training average positive_fact_loss at step 27600: 0.298449
2025-12-05 04:23:55 INFO     Training average negative_fact_loss at step 27600: 0.277112
2025-12-05 04:23:55 INFO     Training average positive_rule_loss at step 27600: 1.798802
2025-12-05 04:23:55 INFO     Training average negative_rule_loss at step 27600: 1.949429
2025-12-05 04:23:55 INFO     Training average L_uncertainty at step 27600: 22.614827
2025-12-05 04:23:55 INFO     Training average L_kl at step 27600: 22554.221895
2025-12-05 04:23:55 INFO     Training average L_sigma at step 27600: 6.060404
2025-12-05 04:23:55 INFO     Training average mu_mean at step 27600: -0.237892
2025-12-05 04:23:55 INFO     Training average sigma_mean at step 27600: 0.127699
2025-12-05 04:23:55 INFO     Training average regularization at step 27600: 0.006286
2025-12-05 04:23:55 INFO     Training average loss at step 27600: 2.394330
2025-12-05 04:25:28 INFO     Training average positive_fact_loss at step 27700: 0.299013
2025-12-05 04:25:28 INFO     Training average negative_fact_loss at step 27700: 0.276827
2025-12-05 04:25:28 INFO     Training average positive_rule_loss at step 27700: 1.803286
2025-12-05 04:25:28 INFO     Training average negative_rule_loss at step 27700: 1.945946
2025-12-05 04:25:28 INFO     Training average L_uncertainty at step 27700: 22.585053
2025-12-05 04:25:28 INFO     Training average L_kl at step 27700: 22524.577695
2025-12-05 04:25:28 INFO     Training average L_sigma at step 27700: 6.047382
2025-12-05 04:25:28 INFO     Training average mu_mean at step 27700: -0.237077
2025-12-05 04:25:28 INFO     Training average sigma_mean at step 27700: 0.127698
2025-12-05 04:25:28 INFO     Training average regularization at step 27700: 0.006284
2025-12-05 04:25:28 INFO     Training average loss at step 27700: 2.394671
2025-12-05 04:27:15 INFO     Training average positive_fact_loss at step 27800: 0.299561
2025-12-05 04:27:15 INFO     Training average negative_fact_loss at step 27800: 0.276932
2025-12-05 04:27:15 INFO     Training average positive_rule_loss at step 27800: 1.799872
2025-12-05 04:27:15 INFO     Training average negative_rule_loss at step 27800: 1.948002
2025-12-05 04:27:15 INFO     Training average L_uncertainty at step 27800: 22.594763
2025-12-05 04:27:15 INFO     Training average L_kl at step 27800: 22534.233477
2025-12-05 04:27:15 INFO     Training average L_sigma at step 27800: 6.052838
2025-12-05 04:27:15 INFO     Training average mu_mean at step 27800: -0.237219
2025-12-05 04:27:15 INFO     Training average sigma_mean at step 27800: 0.127698
2025-12-05 04:27:15 INFO     Training average regularization at step 27800: 0.006282
2025-12-05 04:27:15 INFO     Training average loss at step 27800: 2.394413
2025-12-05 04:28:51 INFO     Training average positive_fact_loss at step 27900: 0.298168
2025-12-05 04:28:51 INFO     Training average negative_fact_loss at step 27900: 0.276977
2025-12-05 04:28:51 INFO     Training average positive_rule_loss at step 27900: 1.799248
2025-12-05 04:28:51 INFO     Training average negative_rule_loss at step 27900: 1.948845
2025-12-05 04:28:51 INFO     Training average L_uncertainty at step 27900: 22.611374
2025-12-05 04:28:51 INFO     Training average L_kl at step 27900: 22550.951133
2025-12-05 04:28:51 INFO     Training average L_sigma at step 27900: 6.042228
2025-12-05 04:28:51 INFO     Training average mu_mean at step 27900: -0.237079
2025-12-05 04:28:51 INFO     Training average sigma_mean at step 27900: 0.127697
2025-12-05 04:28:51 INFO     Training average regularization at step 27900: 0.006284
2025-12-05 04:28:51 INFO     Training average loss at step 27900: 2.394016
2025-12-05 04:30:19 INFO     Training average positive_fact_loss at step 28000: 0.299022
2025-12-05 04:30:19 INFO     Training average negative_fact_loss at step 28000: 0.276739
2025-12-05 04:30:19 INFO     Training average positive_rule_loss at step 28000: 1.801616
2025-12-05 04:30:19 INFO     Training average negative_rule_loss at step 28000: 1.946788
2025-12-05 04:30:19 INFO     Training average L_uncertainty at step 28000: 22.597820
2025-12-05 04:30:19 INFO     Training average L_kl at step 28000: 22537.253164
2025-12-05 04:30:19 INFO     Training average L_sigma at step 28000: 6.056621
2025-12-05 04:30:19 INFO     Training average mu_mean at step 28000: -0.237775
2025-12-05 04:30:19 INFO     Training average sigma_mean at step 28000: 0.127698
2025-12-05 04:30:19 INFO     Training average regularization at step 28000: 0.006285
2025-12-05 04:30:19 INFO     Training average loss at step 28000: 2.394345
2025-12-05 04:30:19 INFO     Evaluating on Valid Dataset...
2025-12-05 04:30:19 INFO     >>>>> RuleE emb: Evaluating on valid
2025-12-05 04:30:38 INFO     Data : 4274
2025-12-05 04:30:38 INFO     Hit1 : 0.544923
2025-12-05 04:30:38 INFO     Hit3 : 0.782639
2025-12-05 04:30:38 INFO     Hit10: 0.943145
2025-12-05 04:30:38 INFO     MR   : 3.360552
2025-12-05 04:30:38 INFO     MRR  : 0.682572
2025-12-05 04:32:17 INFO     Training average positive_fact_loss at step 28100: 0.299406
2025-12-05 04:32:17 INFO     Training average negative_fact_loss at step 28100: 0.276940
2025-12-05 04:32:17 INFO     Training average positive_rule_loss at step 28100: 1.800562
2025-12-05 04:32:17 INFO     Training average negative_rule_loss at step 28100: 1.946884
2025-12-05 04:32:17 INFO     Training average L_uncertainty at step 28100: 22.620114
2025-12-05 04:32:17 INFO     Training average L_kl at step 28100: 22559.703594
2025-12-05 04:32:17 INFO     Training average L_sigma at step 28100: 6.040919
2025-12-05 04:32:17 INFO     Training average mu_mean at step 28100: -0.236438
2025-12-05 04:32:17 INFO     Training average sigma_mean at step 28100: 0.127697
2025-12-05 04:32:17 INFO     Training average regularization at step 28100: 0.006284
2025-12-05 04:32:17 INFO     Training average loss at step 28100: 2.394381
2025-12-05 04:34:04 INFO     Training average positive_fact_loss at step 28200: 0.298696
2025-12-05 04:34:04 INFO     Training average negative_fact_loss at step 28200: 0.276859
2025-12-05 04:34:04 INFO     Training average positive_rule_loss at step 28200: 1.802906
2025-12-05 04:34:04 INFO     Training average negative_rule_loss at step 28200: 1.945313
2025-12-05 04:34:04 INFO     Training average L_uncertainty at step 28200: 22.600999
2025-12-05 04:34:04 INFO     Training average L_kl at step 28200: 22540.435254
2025-12-05 04:34:04 INFO     Training average L_sigma at step 28200: 6.056263
2025-12-05 04:34:04 INFO     Training average mu_mean at step 28200: -0.237677
2025-12-05 04:34:04 INFO     Training average sigma_mean at step 28200: 0.127699
2025-12-05 04:34:04 INFO     Training average regularization at step 28200: 0.006282
2025-12-05 04:34:04 INFO     Training average loss at step 28200: 2.394179
2025-12-05 04:35:41 INFO     Training average positive_fact_loss at step 28300: 0.299335
2025-12-05 04:35:41 INFO     Training average negative_fact_loss at step 28300: 0.276725
2025-12-05 04:35:41 INFO     Training average positive_rule_loss at step 28300: 1.797473
2025-12-05 04:35:41 INFO     Training average negative_rule_loss at step 28300: 1.949696
2025-12-05 04:35:41 INFO     Training average L_uncertainty at step 28300: 22.606736
2025-12-05 04:35:41 INFO     Training average L_kl at step 28300: 22546.259316
2025-12-05 04:35:41 INFO     Training average L_sigma at step 28300: 6.047544
2025-12-05 04:35:41 INFO     Training average mu_mean at step 28300: -0.236515
2025-12-05 04:35:41 INFO     Training average sigma_mean at step 28300: 0.127698
2025-12-05 04:35:41 INFO     Training average regularization at step 28300: 0.006283
2025-12-05 04:35:41 INFO     Training average loss at step 28300: 2.393965
2025-12-05 04:37:24 INFO     Training average positive_fact_loss at step 28400: 0.297931
2025-12-05 04:37:24 INFO     Training average negative_fact_loss at step 28400: 0.277023
2025-12-05 04:37:24 INFO     Training average positive_rule_loss at step 28400: 1.799227
2025-12-05 04:37:24 INFO     Training average negative_rule_loss at step 28400: 1.949324
2025-12-05 04:37:24 INFO     Training average L_uncertainty at step 28400: 22.606360
2025-12-05 04:37:24 INFO     Training average L_kl at step 28400: 22545.893125
2025-12-05 04:37:24 INFO     Training average L_sigma at step 28400: 6.046543
2025-12-05 04:37:24 INFO     Training average mu_mean at step 28400: -0.236776
2025-12-05 04:37:24 INFO     Training average sigma_mean at step 28400: 0.127698
2025-12-05 04:37:24 INFO     Training average regularization at step 28400: 0.006281
2025-12-05 04:37:24 INFO     Training average loss at step 28400: 2.394097
2025-12-05 04:39:01 INFO     Training average positive_fact_loss at step 28500: 0.299876
2025-12-05 04:39:01 INFO     Training average negative_fact_loss at step 28500: 0.276925
2025-12-05 04:39:01 INFO     Training average positive_rule_loss at step 28500: 1.800798
2025-12-05 04:39:01 INFO     Training average negative_rule_loss at step 28500: 1.946112
2025-12-05 04:39:01 INFO     Training average L_uncertainty at step 28500: 22.599130
2025-12-05 04:39:01 INFO     Training average L_kl at step 28500: 22538.702422
2025-12-05 04:39:01 INFO     Training average L_sigma at step 28500: 6.042615
2025-12-05 04:39:01 INFO     Training average mu_mean at step 28500: -0.236747
2025-12-05 04:39:01 INFO     Training average sigma_mean at step 28500: 0.127697
2025-12-05 04:39:01 INFO     Training average regularization at step 28500: 0.006280
2025-12-05 04:39:01 INFO     Training average loss at step 28500: 2.394126
2025-12-05 04:40:40 INFO     Training average positive_fact_loss at step 28600: 0.298436
2025-12-05 04:40:40 INFO     Training average negative_fact_loss at step 28600: 0.276924
2025-12-05 04:40:40 INFO     Training average positive_rule_loss at step 28600: 1.802046
2025-12-05 04:40:40 INFO     Training average negative_rule_loss at step 28600: 1.947237
2025-12-05 04:40:40 INFO     Training average L_uncertainty at step 28600: 22.581851
2025-12-05 04:40:40 INFO     Training average L_kl at step 28600: 22521.393926
2025-12-05 04:40:40 INFO     Training average L_sigma at step 28600: 6.045564
2025-12-05 04:40:40 INFO     Training average mu_mean at step 28600: -0.238146
2025-12-05 04:40:40 INFO     Training average sigma_mean at step 28600: 0.127697
2025-12-05 04:40:40 INFO     Training average regularization at step 28600: 0.006282
2025-12-05 04:40:40 INFO     Training average loss at step 28600: 2.394422
2025-12-05 04:42:07 INFO     Training average positive_fact_loss at step 28700: 0.298912
2025-12-05 04:42:07 INFO     Training average negative_fact_loss at step 28700: 0.276621
2025-12-05 04:42:07 INFO     Training average positive_rule_loss at step 28700: 1.798090
2025-12-05 04:42:07 INFO     Training average negative_rule_loss at step 28700: 1.948703
2025-12-05 04:42:07 INFO     Training average L_uncertainty at step 28700: 22.612243
2025-12-05 04:42:07 INFO     Training average L_kl at step 28700: 22551.754688
2025-12-05 04:42:07 INFO     Training average L_sigma at step 28700: 6.048701
2025-12-05 04:42:07 INFO     Training average mu_mean at step 28700: -0.236877
2025-12-05 04:42:07 INFO     Training average sigma_mean at step 28700: 0.127698
2025-12-05 04:42:07 INFO     Training average regularization at step 28700: 0.006283
2025-12-05 04:42:07 INFO     Training average loss at step 28700: 2.393568
2025-12-05 04:43:51 INFO     Training average positive_fact_loss at step 28800: 0.299021
2025-12-05 04:43:51 INFO     Training average negative_fact_loss at step 28800: 0.276831
2025-12-05 04:43:51 INFO     Training average positive_rule_loss at step 28800: 1.799935
2025-12-05 04:43:51 INFO     Training average negative_rule_loss at step 28800: 1.946969
2025-12-05 04:43:51 INFO     Training average L_uncertainty at step 28800: 22.614277
2025-12-05 04:43:51 INFO     Training average L_kl at step 28800: 22553.585312
2025-12-05 04:43:51 INFO     Training average L_sigma at step 28800: 6.069075
2025-12-05 04:43:51 INFO     Training average mu_mean at step 28800: -0.236188
2025-12-05 04:43:51 INFO     Training average sigma_mean at step 28800: 0.127700
2025-12-05 04:43:51 INFO     Training average regularization at step 28800: 0.006283
2025-12-05 04:43:51 INFO     Training average loss at step 28800: 2.393804
2025-12-05 04:45:28 INFO     Training average positive_fact_loss at step 28900: 0.299218
2025-12-05 04:45:28 INFO     Training average negative_fact_loss at step 28900: 0.276791
2025-12-05 04:45:28 INFO     Training average positive_rule_loss at step 28900: 1.797828
2025-12-05 04:45:28 INFO     Training average negative_rule_loss at step 28900: 1.948733
2025-12-05 04:45:28 INFO     Training average L_uncertainty at step 28900: 22.614649
2025-12-05 04:45:28 INFO     Training average L_kl at step 28900: 22554.175879
2025-12-05 04:45:28 INFO     Training average L_sigma at step 28900: 6.047235
2025-12-05 04:45:28 INFO     Training average mu_mean at step 28900: -0.237243
2025-12-05 04:45:28 INFO     Training average sigma_mean at step 28900: 0.127697
2025-12-05 04:45:28 INFO     Training average regularization at step 28900: 0.006281
2025-12-05 04:45:28 INFO     Training average loss at step 28900: 2.393712
2025-12-05 04:47:15 INFO     Training average positive_fact_loss at step 29000: 0.298748
2025-12-05 04:47:15 INFO     Training average negative_fact_loss at step 29000: 0.277004
2025-12-05 04:47:15 INFO     Training average positive_rule_loss at step 29000: 1.799964
2025-12-05 04:47:15 INFO     Training average negative_rule_loss at step 29000: 1.946859
2025-12-05 04:47:15 INFO     Training average L_uncertainty at step 29000: 22.624837
2025-12-05 04:47:15 INFO     Training average L_kl at step 29000: 22564.364004
2025-12-05 04:47:15 INFO     Training average L_sigma at step 29000: 6.047237
2025-12-05 04:47:15 INFO     Training average mu_mean at step 29000: -0.237049
2025-12-05 04:47:15 INFO     Training average sigma_mean at step 29000: 0.127698
2025-12-05 04:47:15 INFO     Training average regularization at step 29000: 0.006280
2025-12-05 04:47:15 INFO     Training average loss at step 29000: 2.393815
2025-12-05 04:47:15 INFO     Evaluating on Valid Dataset...
2025-12-05 04:47:15 INFO     >>>>> RuleE emb: Evaluating on valid
2025-12-05 04:47:34 INFO     Data : 4274
2025-12-05 04:47:34 INFO     Hit1 : 0.545157
2025-12-05 04:47:34 INFO     Hit3 : 0.781001
2025-12-05 04:47:34 INFO     Hit10: 0.943145
2025-12-05 04:47:34 INFO     MR   : 3.366869
2025-12-05 04:47:34 INFO     MRR  : 0.682169
2025-12-05 04:49:06 INFO     Training average positive_fact_loss at step 29100: 0.299105
2025-12-05 04:49:06 INFO     Training average negative_fact_loss at step 29100: 0.276792
2025-12-05 04:49:06 INFO     Training average positive_rule_loss at step 29100: 1.796179
2025-12-05 04:49:06 INFO     Training average negative_rule_loss at step 29100: 1.950285
2025-12-05 04:49:06 INFO     Training average L_uncertainty at step 29100: 22.605250
2025-12-05 04:49:06 INFO     Training average L_kl at step 29100: 22544.763770
2025-12-05 04:49:06 INFO     Training average L_sigma at step 29100: 6.048544
2025-12-05 04:49:06 INFO     Training average mu_mean at step 29100: -0.237424
2025-12-05 04:49:06 INFO     Training average sigma_mean at step 29100: 0.127698
2025-12-05 04:49:06 INFO     Training average regularization at step 29100: 0.006279
2025-12-05 04:49:06 INFO     Training average loss at step 29100: 2.393512
2025-12-05 04:50:49 INFO     Training average positive_fact_loss at step 29200: 0.298754
2025-12-05 04:50:49 INFO     Training average negative_fact_loss at step 29200: 0.276855
2025-12-05 04:50:49 INFO     Training average positive_rule_loss at step 29200: 1.798360
2025-12-05 04:50:49 INFO     Training average negative_rule_loss at step 29200: 1.947401
2025-12-05 04:50:49 INFO     Training average L_uncertainty at step 29200: 22.623550
2025-12-05 04:50:49 INFO     Training average L_kl at step 29200: 22563.090332
2025-12-05 04:50:49 INFO     Training average L_sigma at step 29200: 6.045819
2025-12-05 04:50:49 INFO     Training average mu_mean at step 29200: -0.237076
2025-12-05 04:50:49 INFO     Training average sigma_mean at step 29200: 0.127698
2025-12-05 04:50:49 INFO     Training average regularization at step 29200: 0.006283
2025-12-05 04:50:49 INFO     Training average loss at step 29200: 2.393203
2025-12-05 04:52:11 INFO     Training average positive_fact_loss at step 29300: 0.298994
2025-12-05 04:52:11 INFO     Training average negative_fact_loss at step 29300: 0.276599
2025-12-05 04:52:11 INFO     Training average positive_rule_loss at step 29300: 1.797897
2025-12-05 04:52:11 INFO     Training average negative_rule_loss at step 29300: 1.947374
2025-12-05 04:52:11 INFO     Training average L_uncertainty at step 29300: 22.637342
2025-12-05 04:52:11 INFO     Training average L_kl at step 29300: 22576.876543
2025-12-05 04:52:11 INFO     Training average L_sigma at step 29300: 6.046467
2025-12-05 04:52:11 INFO     Training average mu_mean at step 29300: -0.236678
2025-12-05 04:52:11 INFO     Training average sigma_mean at step 29300: 0.127697
2025-12-05 04:52:11 INFO     Training average regularization at step 29300: 0.006281
2025-12-05 04:52:11 INFO     Training average loss at step 29300: 2.393087
2025-12-05 04:53:56 INFO     Training average positive_fact_loss at step 29400: 0.298192
2025-12-05 04:53:56 INFO     Training average negative_fact_loss at step 29400: 0.276799
2025-12-05 04:53:56 INFO     Training average positive_rule_loss at step 29400: 1.799041
2025-12-05 04:53:56 INFO     Training average negative_rule_loss at step 29400: 1.948687
2025-12-05 04:53:56 INFO     Training average L_uncertainty at step 29400: 22.622053
2025-12-05 04:53:56 INFO     Training average L_kl at step 29400: 22561.558750
2025-12-05 04:53:56 INFO     Training average L_sigma at step 29400: 6.049318
2025-12-05 04:53:56 INFO     Training average mu_mean at step 29400: -0.237667
2025-12-05 04:53:56 INFO     Training average sigma_mean at step 29400: 0.127698
2025-12-05 04:53:56 INFO     Training average regularization at step 29400: 0.006283
2025-12-05 04:53:56 INFO     Training average loss at step 29400: 2.393863
2025-12-05 04:55:35 INFO     Training average positive_fact_loss at step 29500: 0.298751
2025-12-05 04:55:35 INFO     Training average negative_fact_loss at step 29500: 0.276515
2025-12-05 04:55:35 INFO     Training average positive_rule_loss at step 29500: 1.798221
2025-12-05 04:55:35 INFO     Training average negative_rule_loss at step 29500: 1.948170
2025-12-05 04:55:35 INFO     Training average L_uncertainty at step 29500: 22.612106
2025-12-05 04:55:35 INFO     Training average L_kl at step 29500: 22551.682695
2025-12-05 04:55:35 INFO     Training average L_sigma at step 29500: 6.042238
2025-12-05 04:55:35 INFO     Training average mu_mean at step 29500: -0.237247
2025-12-05 04:55:35 INFO     Training average sigma_mean at step 29500: 0.127697
2025-12-05 04:55:35 INFO     Training average regularization at step 29500: 0.006283
2025-12-05 04:55:35 INFO     Training average loss at step 29500: 2.393232
2025-12-05 04:57:38 INFO     Training average positive_fact_loss at step 29600: 0.298862
2025-12-05 04:57:38 INFO     Training average negative_fact_loss at step 29600: 0.276629
2025-12-05 04:57:38 INFO     Training average positive_rule_loss at step 29600: 1.805565
2025-12-05 04:57:38 INFO     Training average negative_rule_loss at step 29600: 1.942581
2025-12-05 04:57:38 INFO     Training average L_uncertainty at step 29600: 22.596102
2025-12-05 04:57:38 INFO     Training average L_kl at step 29600: 22535.663320
2025-12-05 04:57:38 INFO     Training average L_sigma at step 29600: 6.043785
2025-12-05 04:57:38 INFO     Training average mu_mean at step 29600: -0.238205
2025-12-05 04:57:38 INFO     Training average sigma_mean at step 29600: 0.127697
2025-12-05 04:57:38 INFO     Training average regularization at step 29600: 0.006283
2025-12-05 04:57:38 INFO     Training average loss at step 29600: 2.394063
2025-12-05 04:59:16 INFO     Training average positive_fact_loss at step 29700: 0.298673
2025-12-05 04:59:16 INFO     Training average negative_fact_loss at step 29700: 0.276810
2025-12-05 04:59:16 INFO     Training average positive_rule_loss at step 29700: 1.798364
2025-12-05 04:59:16 INFO     Training average negative_rule_loss at step 29700: 1.947986
2025-12-05 04:59:16 INFO     Training average L_uncertainty at step 29700: 22.615951
2025-12-05 04:59:16 INFO     Training average L_kl at step 29700: 22555.420996
2025-12-05 04:59:16 INFO     Training average L_sigma at step 29700: 6.052882
2025-12-05 04:59:16 INFO     Training average mu_mean at step 29700: -0.237582
2025-12-05 04:59:16 INFO     Training average sigma_mean at step 29700: 0.127699
2025-12-05 04:59:16 INFO     Training average regularization at step 29700: 0.006283
2025-12-05 04:59:16 INFO     Training average loss at step 29700: 2.393359
2025-12-05 05:00:56 INFO     Training average positive_fact_loss at step 29800: 0.299720
2025-12-05 05:00:56 INFO     Training average negative_fact_loss at step 29800: 0.276724
2025-12-05 05:00:56 INFO     Training average positive_rule_loss at step 29800: 1.797806
2025-12-05 05:00:56 INFO     Training average negative_rule_loss at step 29800: 1.946811
2025-12-05 05:00:56 INFO     Training average L_uncertainty at step 29800: 22.635172
2025-12-05 05:00:56 INFO     Training average L_kl at step 29800: 22574.695566
2025-12-05 05:00:56 INFO     Training average L_sigma at step 29800: 6.047566
2025-12-05 05:00:56 INFO     Training average mu_mean at step 29800: -0.236778
2025-12-05 05:00:56 INFO     Training average sigma_mean at step 29800: 0.127698
2025-12-05 05:00:56 INFO     Training average regularization at step 29800: 0.006285
2025-12-05 05:00:56 INFO     Training average loss at step 29800: 2.393167
2025-12-05 05:02:25 INFO     Training average positive_fact_loss at step 29900: 0.298389
2025-12-05 05:02:25 INFO     Training average negative_fact_loss at step 29900: 0.276998
2025-12-05 05:02:25 INFO     Training average positive_rule_loss at step 29900: 1.798143
2025-12-05 05:02:25 INFO     Training average negative_rule_loss at step 29900: 1.947439
2025-12-05 05:02:25 INFO     Training average L_uncertainty at step 29900: 22.640791
2025-12-05 05:02:25 INFO     Training average L_kl at step 29900: 22580.208848
2025-12-05 05:02:25 INFO     Training average L_sigma at step 29900: 6.058107
2025-12-05 05:02:25 INFO     Training average mu_mean at step 29900: -0.238431
2025-12-05 05:02:25 INFO     Training average sigma_mean at step 29900: 0.127699
2025-12-05 05:02:25 INFO     Training average regularization at step 29900: 0.006284
2025-12-05 05:02:25 INFO     Training average loss at step 29900: 2.393177
2025-12-05 05:04:04 INFO     Training average positive_fact_loss at step 30000: 0.299326
2025-12-05 05:04:04 INFO     Training average negative_fact_loss at step 30000: 0.276688
2025-12-05 05:04:04 INFO     Training average positive_rule_loss at step 30000: 1.794885
2025-12-05 05:04:04 INFO     Training average negative_rule_loss at step 30000: 1.949956
2025-12-05 05:04:04 INFO     Training average L_uncertainty at step 30000: 22.614484
2025-12-05 05:04:04 INFO     Training average L_kl at step 30000: 22553.847676
2025-12-05 05:04:04 INFO     Training average L_sigma at step 30000: 6.063479
2025-12-05 05:04:04 INFO     Training average mu_mean at step 30000: -0.236201
2025-12-05 05:04:04 INFO     Training average sigma_mean at step 30000: 0.127699
2025-12-05 05:04:04 INFO     Training average regularization at step 30000: 0.006285
2025-12-05 05:04:04 INFO     Training average loss at step 30000: 2.392857
2025-12-05 05:04:04 INFO     Evaluating on Valid Dataset...
2025-12-05 05:04:04 INFO     >>>>> RuleE emb: Evaluating on valid
2025-12-05 05:04:24 INFO     Data : 4274
2025-12-05 05:04:24 INFO     Hit1 : 0.542817
2025-12-05 05:04:24 INFO     Hit3 : 0.782405
2025-12-05 05:04:24 INFO     Hit10: 0.942911
2025-12-05 05:04:24 INFO     MR   : 3.364062
2025-12-05 05:04:24 INFO     MRR  : 0.681182
2025-12-05 05:05:59 INFO     Training average positive_fact_loss at step 30100: 0.298610
2025-12-05 05:05:59 INFO     Training average negative_fact_loss at step 30100: 0.276822
2025-12-05 05:05:59 INFO     Training average positive_rule_loss at step 30100: 1.799710
2025-12-05 05:05:59 INFO     Training average negative_rule_loss at step 30100: 1.947350
2025-12-05 05:05:59 INFO     Training average L_uncertainty at step 30100: 22.608901
2025-12-05 05:05:59 INFO     Training average L_kl at step 30100: 22548.341113
2025-12-05 05:05:59 INFO     Training average L_sigma at step 30100: 6.055858
2025-12-05 05:05:59 INFO     Training average mu_mean at step 30100: -0.236830
2025-12-05 05:05:59 INFO     Training average sigma_mean at step 30100: 0.127699
2025-12-05 05:05:59 INFO     Training average regularization at step 30100: 0.006284
2025-12-05 05:05:59 INFO     Training average loss at step 30100: 2.393619
2025-12-05 05:07:42 INFO     Training average positive_fact_loss at step 30200: 0.299332
2025-12-05 05:07:42 INFO     Training average negative_fact_loss at step 30200: 0.276685
2025-12-05 05:07:42 INFO     Training average positive_rule_loss at step 30200: 1.797058
2025-12-05 05:07:42 INFO     Training average negative_rule_loss at step 30200: 1.947626
2025-12-05 05:07:42 INFO     Training average L_uncertainty at step 30200: 22.607741
2025-12-05 05:07:42 INFO     Training average L_kl at step 30200: 22547.198672
2025-12-05 05:07:42 INFO     Training average L_sigma at step 30200: 6.054180
2025-12-05 05:07:42 INFO     Training average mu_mean at step 30200: -0.237494
2025-12-05 05:07:42 INFO     Training average sigma_mean at step 30200: 0.127698
2025-12-05 05:07:42 INFO     Training average regularization at step 30200: 0.006283
2025-12-05 05:07:42 INFO     Training average loss at step 30200: 2.392710
2025-12-05 05:09:18 INFO     Training average positive_fact_loss at step 30300: 0.298580
2025-12-05 05:09:18 INFO     Training average negative_fact_loss at step 30300: 0.276812
2025-12-05 05:09:18 INFO     Training average positive_rule_loss at step 30300: 1.797648
2025-12-05 05:09:18 INFO     Training average negative_rule_loss at step 30300: 1.946949
2025-12-05 05:09:18 INFO     Training average L_uncertainty at step 30300: 22.646457
2025-12-05 05:09:18 INFO     Training average L_kl at step 30300: 22585.906973
2025-12-05 05:09:18 INFO     Training average L_sigma at step 30300: 6.054880
2025-12-05 05:09:18 INFO     Training average mu_mean at step 30300: -0.237560
2025-12-05 05:09:18 INFO     Training average sigma_mean at step 30300: 0.127699
2025-12-05 05:09:18 INFO     Training average regularization at step 30300: 0.006281
2025-12-05 05:09:18 INFO     Training average loss at step 30300: 2.392740
2025-12-05 05:11:05 INFO     Training average positive_fact_loss at step 30400: 0.299542
2025-12-05 05:11:05 INFO     Training average negative_fact_loss at step 30400: 0.276648
2025-12-05 05:11:05 INFO     Training average positive_rule_loss at step 30400: 1.796702
2025-12-05 05:11:05 INFO     Training average negative_rule_loss at step 30400: 1.947279
2025-12-05 05:11:05 INFO     Training average L_uncertainty at step 30400: 22.631314
2025-12-05 05:11:05 INFO     Training average L_kl at step 30400: 22570.848457
2025-12-05 05:11:05 INFO     Training average L_sigma at step 30400: 6.046445
2025-12-05 05:11:05 INFO     Training average mu_mean at step 30400: -0.235646
2025-12-05 05:11:05 INFO     Training average sigma_mean at step 30400: 0.127698
2025-12-05 05:11:05 INFO     Training average regularization at step 30400: 0.006282
2025-12-05 05:11:05 INFO     Training average loss at step 30400: 2.392681
2025-12-05 05:12:38 INFO     Training average positive_fact_loss at step 30500: 0.298787
2025-12-05 05:12:38 INFO     Training average negative_fact_loss at step 30500: 0.276604
2025-12-05 05:12:38 INFO     Training average positive_rule_loss at step 30500: 1.799061
2025-12-05 05:12:38 INFO     Training average negative_rule_loss at step 30500: 1.947265
2025-12-05 05:12:38 INFO     Training average L_uncertainty at step 30500: 22.602718
2025-12-05 05:12:38 INFO     Training average L_kl at step 30500: 22542.149023
2025-12-05 05:12:38 INFO     Training average L_sigma at step 30500: 6.056761
2025-12-05 05:12:38 INFO     Training average mu_mean at step 30500: -0.237386
2025-12-05 05:12:38 INFO     Training average sigma_mean at step 30500: 0.127699
2025-12-05 05:12:38 INFO     Training average regularization at step 30500: 0.006280
2025-12-05 05:12:38 INFO     Training average loss at step 30500: 2.393166
2025-12-05 05:14:05 INFO     Training average positive_fact_loss at step 30600: 0.298685
2025-12-05 05:14:05 INFO     Training average negative_fact_loss at step 30600: 0.276782
2025-12-05 05:14:05 INFO     Training average positive_rule_loss at step 30600: 1.795759
2025-12-05 05:14:05 INFO     Training average negative_rule_loss at step 30600: 1.949427
2025-12-05 05:14:05 INFO     Training average L_uncertainty at step 30600: 22.638745
2025-12-05 05:14:05 INFO     Training average L_kl at step 30600: 22578.279316
2025-12-05 05:14:05 INFO     Training average L_sigma at step 30600: 6.046440
2025-12-05 05:14:05 INFO     Training average mu_mean at step 30600: -0.237324
2025-12-05 05:14:05 INFO     Training average sigma_mean at step 30600: 0.127698
2025-12-05 05:14:05 INFO     Training average regularization at step 30600: 0.006282
2025-12-05 05:14:05 INFO     Training average loss at step 30600: 2.392996
2025-12-05 05:15:41 INFO     Training average positive_fact_loss at step 30700: 0.298669
2025-12-05 05:15:41 INFO     Training average negative_fact_loss at step 30700: 0.276730
2025-12-05 05:15:41 INFO     Training average positive_rule_loss at step 30700: 1.797049
2025-12-05 05:15:41 INFO     Training average negative_rule_loss at step 30700: 1.947781
2025-12-05 05:15:41 INFO     Training average L_uncertainty at step 30700: 22.630310
2025-12-05 05:15:41 INFO     Training average L_kl at step 30700: 22569.832051
2025-12-05 05:15:41 INFO     Training average L_sigma at step 30700: 6.047635
2025-12-05 05:15:41 INFO     Training average mu_mean at step 30700: -0.237747
2025-12-05 05:15:41 INFO     Training average sigma_mean at step 30700: 0.127698
2025-12-05 05:15:41 INFO     Training average regularization at step 30700: 0.006284
2025-12-05 05:15:41 INFO     Training average loss at step 30700: 2.392701
2025-12-05 05:17:27 INFO     Training average positive_fact_loss at step 30800: 0.298578
2025-12-05 05:17:27 INFO     Training average negative_fact_loss at step 30800: 0.276706
2025-12-05 05:17:27 INFO     Training average positive_rule_loss at step 30800: 1.797342
2025-12-05 05:17:27 INFO     Training average negative_rule_loss at step 30800: 1.946917
2025-12-05 05:17:27 INFO     Training average L_uncertainty at step 30800: 22.638317
2025-12-05 05:17:27 INFO     Training average L_kl at step 30800: 22577.711367
2025-12-05 05:17:27 INFO     Training average L_sigma at step 30800: 6.060481
2025-12-05 05:17:27 INFO     Training average mu_mean at step 30800: -0.237632
2025-12-05 05:17:27 INFO     Training average sigma_mean at step 30800: 0.127700
2025-12-05 05:17:27 INFO     Training average regularization at step 30800: 0.006283
2025-12-05 05:17:27 INFO     Training average loss at step 30800: 2.392438
2025-12-05 05:19:00 INFO     Training average positive_fact_loss at step 30900: 0.298672
2025-12-05 05:19:00 INFO     Training average negative_fact_loss at step 30900: 0.276585
2025-12-05 05:19:00 INFO     Training average positive_rule_loss at step 30900: 1.797702
2025-12-05 05:19:00 INFO     Training average negative_rule_loss at step 30900: 1.947784
2025-12-05 05:19:00 INFO     Training average L_uncertainty at step 30900: 22.614206
2025-12-05 05:19:00 INFO     Training average L_kl at step 30900: 22553.708418
2025-12-05 05:19:00 INFO     Training average L_sigma at step 30900: 6.049699
2025-12-05 05:19:00 INFO     Training average mu_mean at step 30900: -0.237730
2025-12-05 05:19:00 INFO     Training average sigma_mean at step 30900: 0.127698
2025-12-05 05:19:00 INFO     Training average regularization at step 30900: 0.006285
2025-12-05 05:19:00 INFO     Training average loss at step 30900: 2.392799
2025-12-05 05:20:45 INFO     Training average positive_fact_loss at step 31000: 0.299313
2025-12-05 05:20:45 INFO     Training average negative_fact_loss at step 31000: 0.276633
2025-12-05 05:20:45 INFO     Training average positive_rule_loss at step 31000: 1.796141
2025-12-05 05:20:45 INFO     Training average negative_rule_loss at step 31000: 1.947121
2025-12-05 05:20:45 INFO     Training average L_uncertainty at step 31000: 22.643542
2025-12-05 05:20:45 INFO     Training average L_kl at step 31000: 22583.051953
2025-12-05 05:20:45 INFO     Training average L_sigma at step 31000: 6.048939
2025-12-05 05:20:45 INFO     Training average mu_mean at step 31000: -0.236587
2025-12-05 05:20:45 INFO     Training average sigma_mean at step 31000: 0.127698
2025-12-05 05:20:45 INFO     Training average regularization at step 31000: 0.006284
2025-12-05 05:20:45 INFO     Training average loss at step 31000: 2.392324
2025-12-05 05:20:45 INFO     Evaluating on Valid Dataset...
2025-12-05 05:20:45 INFO     >>>>> RuleE emb: Evaluating on valid
2025-12-05 05:21:06 INFO     Data : 4274
2025-12-05 05:21:06 INFO     Hit1 : 0.543285
2025-12-05 05:21:06 INFO     Hit3 : 0.781703
2025-12-05 05:21:06 INFO     Hit10: 0.941975
2025-12-05 05:21:06 INFO     MR   : 3.366635
2025-12-05 05:21:06 INFO     MRR  : 0.681456
2025-12-05 05:22:44 INFO     Training average positive_fact_loss at step 31100: 0.298996
2025-12-05 05:22:44 INFO     Training average negative_fact_loss at step 31100: 0.276910
2025-12-05 05:22:44 INFO     Training average positive_rule_loss at step 31100: 1.802169
2025-12-05 05:22:44 INFO     Training average negative_rule_loss at step 31100: 1.943562
2025-12-05 05:22:44 INFO     Training average L_uncertainty at step 31100: 22.594177
2025-12-05 05:22:44 INFO     Training average L_kl at step 31100: 22533.654941
2025-12-05 05:22:44 INFO     Training average L_sigma at step 31100: 6.052096
2025-12-05 05:22:44 INFO     Training average mu_mean at step 31100: -0.237555
2025-12-05 05:22:44 INFO     Training average sigma_mean at step 31100: 0.127699
2025-12-05 05:22:44 INFO     Training average regularization at step 31100: 0.006285
2025-12-05 05:22:44 INFO     Training average loss at step 31100: 2.393045
2025-12-05 05:24:18 INFO     Training average positive_fact_loss at step 31200: 0.298477
2025-12-05 05:24:18 INFO     Training average negative_fact_loss at step 31200: 0.276583
2025-12-05 05:24:18 INFO     Training average positive_rule_loss at step 31200: 1.796578
2025-12-05 05:24:18 INFO     Training average negative_rule_loss at step 31200: 1.946843
2025-12-05 05:24:18 INFO     Training average L_uncertainty at step 31200: 22.650102
2025-12-05 05:24:18 INFO     Training average L_kl at step 31200: 22589.679512
2025-12-05 05:24:18 INFO     Training average L_sigma at step 31200: 6.042104
2025-12-05 05:24:18 INFO     Training average mu_mean at step 31200: -0.237103
2025-12-05 05:24:18 INFO     Training average sigma_mean at step 31200: 0.127697
2025-12-05 05:24:18 INFO     Training average regularization at step 31200: 0.006286
2025-12-05 05:24:18 INFO     Training average loss at step 31200: 2.392027
2025-12-05 05:25:45 INFO     Training average positive_fact_loss at step 31300: 0.299179
2025-12-05 05:25:45 INFO     Training average negative_fact_loss at step 31300: 0.276653
2025-12-05 05:25:45 INFO     Training average positive_rule_loss at step 31300: 1.801262
2025-12-05 05:25:45 INFO     Training average negative_rule_loss at step 31300: 1.944293
2025-12-05 05:25:45 INFO     Training average L_uncertainty at step 31300: 22.609765
2025-12-05 05:25:45 INFO     Training average L_kl at step 31300: 22549.216504
2025-12-05 05:25:45 INFO     Training average L_sigma at step 31300: 6.054726
2025-12-05 05:25:45 INFO     Training average mu_mean at step 31300: -0.236386
2025-12-05 05:25:45 INFO     Training average sigma_mean at step 31300: 0.127699
2025-12-05 05:25:45 INFO     Training average regularization at step 31300: 0.006286
2025-12-05 05:25:45 INFO     Training average loss at step 31300: 2.393078
2025-12-05 05:27:31 INFO     Training average positive_fact_loss at step 31400: 0.298617
2025-12-05 05:27:31 INFO     Training average negative_fact_loss at step 31400: 0.276746
2025-12-05 05:27:31 INFO     Training average positive_rule_loss at step 31400: 1.794956
2025-12-05 05:27:31 INFO     Training average negative_rule_loss at step 31400: 1.948758
2025-12-05 05:27:31 INFO     Training average L_uncertainty at step 31400: 22.635776
2025-12-05 05:27:31 INFO     Training average L_kl at step 31400: 22575.357129
2025-12-05 05:27:31 INFO     Training average L_sigma at step 31400: 6.041822
2025-12-05 05:27:31 INFO     Training average mu_mean at step 31400: -0.237403
2025-12-05 05:27:31 INFO     Training average sigma_mean at step 31400: 0.127697
2025-12-05 05:27:31 INFO     Training average regularization at step 31400: 0.006286
2025-12-05 05:27:31 INFO     Training average loss at step 31400: 2.392182
2025-12-05 05:29:10 INFO     Training average positive_fact_loss at step 31500: 0.298935
2025-12-05 05:29:10 INFO     Training average negative_fact_loss at step 31500: 0.276696
2025-12-05 05:29:10 INFO     Training average positive_rule_loss at step 31500: 1.795616
2025-12-05 05:29:10 INFO     Training average negative_rule_loss at step 31500: 1.948485
2025-12-05 05:29:10 INFO     Training average L_uncertainty at step 31500: 22.636975
2025-12-05 05:29:10 INFO     Training average L_kl at step 31500: 22576.443418
2025-12-05 05:29:10 INFO     Training average L_sigma at step 31500: 6.053015
2025-12-05 05:29:10 INFO     Training average mu_mean at step 31500: -0.237706
2025-12-05 05:29:10 INFO     Training average sigma_mean at step 31500: 0.127698
2025-12-05 05:29:10 INFO     Training average regularization at step 31500: 0.006286
2025-12-05 05:29:10 INFO     Training average loss at step 31500: 2.392523
2025-12-05 05:30:52 INFO     Training average positive_fact_loss at step 31600: 0.299018
2025-12-05 05:30:52 INFO     Training average negative_fact_loss at step 31600: 0.276718
2025-12-05 05:30:52 INFO     Training average positive_rule_loss at step 31600: 1.801894
2025-12-05 05:30:52 INFO     Training average negative_rule_loss at step 31600: 1.943598
2025-12-05 05:30:52 INFO     Training average L_uncertainty at step 31600: 22.620943
2025-12-05 05:30:52 INFO     Training average L_kl at step 31600: 22560.322617
2025-12-05 05:30:52 INFO     Training average L_sigma at step 31600: 6.061907
2025-12-05 05:30:52 INFO     Training average mu_mean at step 31600: -0.236595
2025-12-05 05:30:52 INFO     Training average sigma_mean at step 31600: 0.127699
2025-12-05 05:30:52 INFO     Training average regularization at step 31600: 0.006287
2025-12-05 05:30:52 INFO     Training average loss at step 31600: 2.393111
2025-12-05 05:32:28 INFO     Training average positive_fact_loss at step 31700: 0.298400
2025-12-05 05:32:28 INFO     Training average negative_fact_loss at step 31700: 0.276684
2025-12-05 05:32:28 INFO     Training average positive_rule_loss at step 31700: 1.793354
2025-12-05 05:32:28 INFO     Training average negative_rule_loss at step 31700: 1.949877
2025-12-05 05:32:28 INFO     Training average L_uncertainty at step 31700: 22.630213
2025-12-05 05:32:28 INFO     Training average L_kl at step 31700: 22569.679414
2025-12-05 05:32:28 INFO     Training average L_sigma at step 31700: 6.053260
2025-12-05 05:32:28 INFO     Training average mu_mean at step 31700: -0.237759
2025-12-05 05:32:28 INFO     Training average sigma_mean at step 31700: 0.127698
2025-12-05 05:32:28 INFO     Training average regularization at step 31700: 0.006287
2025-12-05 05:32:28 INFO     Training average loss at step 31700: 2.391746
2025-12-05 05:34:15 INFO     Training average positive_fact_loss at step 31800: 0.298556
2025-12-05 05:34:15 INFO     Training average negative_fact_loss at step 31800: 0.276598
2025-12-05 05:34:15 INFO     Training average positive_rule_loss at step 31800: 1.798585
2025-12-05 05:34:15 INFO     Training average negative_rule_loss at step 31800: 1.944326
2025-12-05 05:34:15 INFO     Training average L_uncertainty at step 31800: 22.642772
2025-12-05 05:34:15 INFO     Training average L_kl at step 31800: 22582.388359
2025-12-05 05:34:15 INFO     Training average L_sigma at step 31800: 6.038246
2025-12-05 05:34:15 INFO     Training average mu_mean at step 31800: -0.236779
2025-12-05 05:34:15 INFO     Training average sigma_mean at step 31800: 0.127697
2025-12-05 05:34:15 INFO     Training average regularization at step 31800: 0.006288
2025-12-05 05:34:15 INFO     Training average loss at step 31800: 2.391748
2025-12-05 05:35:34 INFO     Training average positive_fact_loss at step 31900: 0.299236
2025-12-05 05:35:34 INFO     Training average negative_fact_loss at step 31900: 0.276643
2025-12-05 05:35:34 INFO     Training average positive_rule_loss at step 31900: 1.795285
2025-12-05 05:35:34 INFO     Training average negative_rule_loss at step 31900: 1.947598
2025-12-05 05:35:34 INFO     Training average L_uncertainty at step 31900: 22.636634
2025-12-05 05:35:34 INFO     Training average L_kl at step 31900: 22576.190645
2025-12-05 05:35:34 INFO     Training average L_sigma at step 31900: 6.044200
2025-12-05 05:35:34 INFO     Training average mu_mean at step 31900: -0.237761
2025-12-05 05:35:34 INFO     Training average sigma_mean at step 31900: 0.127698
2025-12-05 05:35:34 INFO     Training average regularization at step 31900: 0.006289
2025-12-05 05:35:34 INFO     Training average loss at step 31900: 2.392036
2025-12-05 05:37:15 INFO     Training average positive_fact_loss at step 32000: 0.298653
2025-12-05 05:37:15 INFO     Training average negative_fact_loss at step 32000: 0.276449
2025-12-05 05:37:15 INFO     Training average positive_rule_loss at step 32000: 1.796404
2025-12-05 05:37:15 INFO     Training average negative_rule_loss at step 32000: 1.949220
2025-12-05 05:37:15 INFO     Training average L_uncertainty at step 32000: 22.621051
2025-12-05 05:37:15 INFO     Training average L_kl at step 32000: 22560.557637
2025-12-05 05:37:15 INFO     Training average L_sigma at step 32000: 6.049257
2025-12-05 05:37:15 INFO     Training average mu_mean at step 32000: -0.238133
2025-12-05 05:37:15 INFO     Training average sigma_mean at step 32000: 0.127698
2025-12-05 05:37:15 INFO     Training average regularization at step 32000: 0.006288
2025-12-05 05:37:15 INFO     Training average loss at step 32000: 2.392861
2025-12-05 05:37:15 INFO     Evaluating on Valid Dataset...
2025-12-05 05:37:15 INFO     >>>>> RuleE emb: Evaluating on valid
2025-12-05 05:37:35 INFO     Data : 4274
2025-12-05 05:37:35 INFO     Hit1 : 0.544455
2025-12-05 05:37:35 INFO     Hit3 : 0.782405
2025-12-05 05:37:35 INFO     Hit10: 0.942443
2025-12-05 05:37:35 INFO     MR   : 3.373655
2025-12-05 05:37:35 INFO     MRR  : 0.681902
2025-12-05 05:39:12 INFO     Training average positive_fact_loss at step 32100: 0.298813
2025-12-05 05:39:12 INFO     Training average negative_fact_loss at step 32100: 0.276892
2025-12-05 05:39:12 INFO     Training average positive_rule_loss at step 32100: 1.800059
2025-12-05 05:39:12 INFO     Training average negative_rule_loss at step 32100: 1.942710
2025-12-05 05:39:12 INFO     Training average L_uncertainty at step 32100: 22.653618
2025-12-05 05:39:12 INFO     Training average L_kl at step 32100: 22593.104980
2025-12-05 05:39:12 INFO     Training average L_sigma at step 32100: 6.051198
2025-12-05 05:39:12 INFO     Training average mu_mean at step 32100: -0.237021
2025-12-05 05:39:12 INFO     Training average sigma_mean at step 32100: 0.127698
2025-12-05 05:39:12 INFO     Training average regularization at step 32100: 0.006289
2025-12-05 05:39:12 INFO     Training average loss at step 32100: 2.392063
2025-12-05 05:41:00 INFO     Training average positive_fact_loss at step 32200: 0.298922
2025-12-05 05:41:00 INFO     Training average negative_fact_loss at step 32200: 0.276465
2025-12-05 05:41:00 INFO     Training average positive_rule_loss at step 32200: 1.793579
2025-12-05 05:41:00 INFO     Training average negative_rule_loss at step 32200: 1.949964
2025-12-05 05:41:00 INFO     Training average L_uncertainty at step 32200: 22.635887
2025-12-05 05:41:00 INFO     Training average L_kl at step 32200: 22575.491250
2025-12-05 05:41:00 INFO     Training average L_sigma at step 32200: 6.039432
2025-12-05 05:41:00 INFO     Training average mu_mean at step 32200: -0.237414
2025-12-05 05:41:00 INFO     Training average sigma_mean at step 32200: 0.127696
2025-12-05 05:41:00 INFO     Training average regularization at step 32200: 0.006288
2025-12-05 05:41:00 INFO     Training average loss at step 32200: 2.392111
2025-12-05 05:42:33 INFO     Training average positive_fact_loss at step 32300: 0.298880
2025-12-05 05:42:33 INFO     Training average negative_fact_loss at step 32300: 0.276820
2025-12-05 05:42:33 INFO     Training average positive_rule_loss at step 32300: 1.798416
2025-12-05 05:42:33 INFO     Training average negative_rule_loss at step 32300: 1.945245
2025-12-05 05:42:33 INFO     Training average L_uncertainty at step 32300: 22.646578
2025-12-05 05:42:33 INFO     Training average L_kl at step 32300: 22586.119883
2025-12-05 05:42:33 INFO     Training average L_sigma at step 32300: 6.045709
2025-12-05 05:42:33 INFO     Training average mu_mean at step 32300: -0.237136
2025-12-05 05:42:33 INFO     Training average sigma_mean at step 32300: 0.127698
2025-12-05 05:42:33 INFO     Training average regularization at step 32300: 0.006288
2025-12-05 05:42:33 INFO     Training average loss at step 32300: 2.392433
2025-12-05 05:44:17 INFO     Training average positive_fact_loss at step 32400: 0.299140
2025-12-05 05:44:17 INFO     Training average negative_fact_loss at step 32400: 0.276365
2025-12-05 05:44:17 INFO     Training average positive_rule_loss at step 32400: 1.796150
2025-12-05 05:44:17 INFO     Training average negative_rule_loss at step 32400: 1.946417
2025-12-05 05:44:17 INFO     Training average L_uncertainty at step 32400: 22.634938
2025-12-05 05:44:17 INFO     Training average L_kl at step 32400: 22574.294258
2025-12-05 05:44:17 INFO     Training average L_sigma at step 32400: 6.064250
2025-12-05 05:44:17 INFO     Training average mu_mean at step 32400: -0.237251
2025-12-05 05:44:17 INFO     Training average sigma_mean at step 32400: 0.127700
2025-12-05 05:44:17 INFO     Training average regularization at step 32400: 0.006289
2025-12-05 05:44:17 INFO     Training average loss at step 32400: 2.391674
2025-12-05 05:45:47 INFO     Training average positive_fact_loss at step 32500: 0.298492
2025-12-05 05:45:47 INFO     Training average negative_fact_loss at step 32500: 0.276765
2025-12-05 05:45:47 INFO     Training average positive_rule_loss at step 32500: 1.795005
2025-12-05 05:45:47 INFO     Training average negative_rule_loss at step 32500: 1.947603
2025-12-05 05:45:47 INFO     Training average L_uncertainty at step 32500: 22.641198
2025-12-05 05:45:47 INFO     Training average L_kl at step 32500: 22580.778594
2025-12-05 05:45:47 INFO     Training average L_sigma at step 32500: 6.041819
2025-12-05 05:45:47 INFO     Training average mu_mean at step 32500: -0.237032
2025-12-05 05:45:47 INFO     Training average sigma_mean at step 32500: 0.127697
2025-12-05 05:45:47 INFO     Training average regularization at step 32500: 0.006290
2025-12-05 05:45:47 INFO     Training average loss at step 32500: 2.391634
2025-12-05 05:47:26 INFO     Training average positive_fact_loss at step 32600: 0.298617
2025-12-05 05:47:26 INFO     Training average negative_fact_loss at step 32600: 0.276654
2025-12-05 05:47:26 INFO     Training average positive_rule_loss at step 32600: 1.801771
2025-12-05 05:47:26 INFO     Training average negative_rule_loss at step 32600: 1.942592
2025-12-05 05:47:26 INFO     Training average L_uncertainty at step 32600: 22.623487
2025-12-05 05:47:26 INFO     Training average L_kl at step 32600: 22562.892520
2025-12-05 05:47:26 INFO     Training average L_sigma at step 32600: 6.059314
2025-12-05 05:47:26 INFO     Training average mu_mean at step 32600: -0.236925
2025-12-05 05:47:26 INFO     Training average sigma_mean at step 32600: 0.127699
2025-12-05 05:47:26 INFO     Training average regularization at step 32600: 0.006291
2025-12-05 05:47:26 INFO     Training average loss at step 32600: 2.392343
2025-12-05 05:49:01 INFO     Training average positive_fact_loss at step 32700: 0.299204
2025-12-05 05:49:01 INFO     Training average negative_fact_loss at step 32700: 0.276567
2025-12-05 05:49:01 INFO     Training average positive_rule_loss at step 32700: 1.796100
2025-12-05 05:49:01 INFO     Training average negative_rule_loss at step 32700: 1.946555
2025-12-05 05:49:01 INFO     Training average L_uncertainty at step 32700: 22.632152
2025-12-05 05:49:01 INFO     Training average L_kl at step 32700: 22571.822324
2025-12-05 05:49:01 INFO     Training average L_sigma at step 32700: 6.032857
2025-12-05 05:49:01 INFO     Training average mu_mean at step 32700: -0.236790
2025-12-05 05:49:01 INFO     Training average sigma_mean at step 32700: 0.127696
2025-12-05 05:49:01 INFO     Training average regularization at step 32700: 0.006292
2025-12-05 05:49:01 INFO     Training average loss at step 32700: 2.391827
2025-12-05 05:50:45 INFO     Training average positive_fact_loss at step 32800: 0.298623
2025-12-05 05:50:45 INFO     Training average negative_fact_loss at step 32800: 0.276699
2025-12-05 05:50:45 INFO     Training average positive_rule_loss at step 32800: 1.798452
2025-12-05 05:50:45 INFO     Training average negative_rule_loss at step 32800: 1.944355
2025-12-05 05:50:45 INFO     Training average L_uncertainty at step 32800: 22.628388
2025-12-05 05:50:45 INFO     Training average L_kl at step 32800: 22567.974180
2025-12-05 05:50:45 INFO     Training average L_sigma at step 32800: 6.041294
2025-12-05 05:50:45 INFO     Training average mu_mean at step 32800: -0.236370
2025-12-05 05:50:45 INFO     Training average sigma_mean at step 32800: 0.127697
2025-12-05 05:50:45 INFO     Training average regularization at step 32800: 0.006289
2025-12-05 05:50:45 INFO     Training average loss at step 32800: 2.391638
2025-12-05 05:52:23 INFO     Training average positive_fact_loss at step 32900: 0.298899
2025-12-05 05:52:23 INFO     Training average negative_fact_loss at step 32900: 0.276424
2025-12-05 05:52:23 INFO     Training average positive_rule_loss at step 32900: 1.795224
2025-12-05 05:52:23 INFO     Training average negative_rule_loss at step 32900: 1.948129
2025-12-05 05:52:23 INFO     Training average L_uncertainty at step 32900: 22.621289
2025-12-05 05:52:23 INFO     Training average L_kl at step 32900: 22560.827246
2025-12-05 05:52:23 INFO     Training average L_sigma at step 32900: 6.046073
2025-12-05 05:52:23 INFO     Training average mu_mean at step 32900: -0.236959
2025-12-05 05:52:23 INFO     Training average sigma_mean at step 32900: 0.127698
2025-12-05 05:52:23 INFO     Training average regularization at step 32900: 0.006287
2025-12-05 05:52:23 INFO     Training average loss at step 32900: 2.391838
2025-12-05 05:54:07 INFO     Training average positive_fact_loss at step 33000: 0.298200
2025-12-05 05:54:07 INFO     Training average negative_fact_loss at step 33000: 0.276889
2025-12-05 05:54:07 INFO     Training average positive_rule_loss at step 33000: 1.793808
2025-12-05 05:54:07 INFO     Training average negative_rule_loss at step 33000: 1.947938
2025-12-05 05:54:07 INFO     Training average L_uncertainty at step 33000: 22.636756
2025-12-05 05:54:07 INFO     Training average L_kl at step 33000: 22576.154629
2025-12-05 05:54:07 INFO     Training average L_sigma at step 33000: 6.059993
2025-12-05 05:54:07 INFO     Training average mu_mean at step 33000: -0.236080
2025-12-05 05:54:07 INFO     Training average sigma_mean at step 33000: 0.127699
2025-12-05 05:54:07 INFO     Training average regularization at step 33000: 0.006290
2025-12-05 05:54:07 INFO     Training average loss at step 33000: 2.391074
2025-12-05 05:54:07 INFO     Evaluating on Valid Dataset...
2025-12-05 05:54:07 INFO     >>>>> RuleE emb: Evaluating on valid
2025-12-05 05:54:24 INFO     Data : 4274
2025-12-05 05:54:24 INFO     Hit1 : 0.543987
2025-12-05 05:54:24 INFO     Hit3 : 0.782639
2025-12-05 05:54:24 INFO     Hit10: 0.942911
2025-12-05 05:54:24 INFO     MR   : 3.371315
2025-12-05 05:54:24 INFO     MRR  : 0.681471
2025-12-05 05:56:00 INFO     Training average positive_fact_loss at step 33100: 0.299311
2025-12-05 05:56:00 INFO     Training average negative_fact_loss at step 33100: 0.276535
2025-12-05 05:56:00 INFO     Training average positive_rule_loss at step 33100: 1.796763
2025-12-05 05:56:00 INFO     Training average negative_rule_loss at step 33100: 1.945630
2025-12-05 05:56:00 INFO     Training average L_uncertainty at step 33100: 22.644845
2025-12-05 05:56:00 INFO     Training average L_kl at step 33100: 22584.313105
2025-12-05 05:56:00 INFO     Training average L_sigma at step 33100: 6.053094
2025-12-05 05:56:00 INFO     Training average mu_mean at step 33100: -0.236568
2025-12-05 05:56:00 INFO     Training average sigma_mean at step 33100: 0.127698
2025-12-05 05:56:00 INFO     Training average regularization at step 33100: 0.006291
2025-12-05 05:56:00 INFO     Training average loss at step 33100: 2.391859
2025-12-05 05:57:28 INFO     Training average positive_fact_loss at step 33200: 0.298842
2025-12-05 05:57:28 INFO     Training average negative_fact_loss at step 33200: 0.276638
2025-12-05 05:57:28 INFO     Training average positive_rule_loss at step 33200: 1.797659
2025-12-05 05:57:28 INFO     Training average negative_rule_loss at step 33200: 1.946074
2025-12-05 05:57:28 INFO     Training average L_uncertainty at step 33200: 22.637028
2025-12-05 05:57:28 INFO     Training average L_kl at step 33200: 22576.525547
2025-12-05 05:57:28 INFO     Training average L_sigma at step 33200: 6.050124
2025-12-05 05:57:28 INFO     Training average mu_mean at step 33200: -0.237343
2025-12-05 05:57:28 INFO     Training average sigma_mean at step 33200: 0.127698
2025-12-05 05:57:28 INFO     Training average regularization at step 33200: 0.006291
2025-12-05 05:57:28 INFO     Training average loss at step 33200: 2.392268
2025-12-05 05:59:05 INFO     Training average positive_fact_loss at step 33300: 0.298603
2025-12-05 05:59:05 INFO     Training average negative_fact_loss at step 33300: 0.276697
2025-12-05 05:59:05 INFO     Training average positive_rule_loss at step 33300: 1.798131
2025-12-05 05:59:05 INFO     Training average negative_rule_loss at step 33300: 1.946267
2025-12-05 05:59:05 INFO     Training average L_uncertainty at step 33300: 22.591703
2025-12-05 05:59:05 INFO     Training average L_kl at step 33300: 22531.185586
2025-12-05 05:59:05 INFO     Training average L_sigma at step 33300: 6.051670
2025-12-05 05:59:05 INFO     Training average mu_mean at step 33300: -0.238194
2025-12-05 05:59:05 INFO     Training average sigma_mean at step 33300: 0.127698
2025-12-05 05:59:05 INFO     Training average regularization at step 33300: 0.006290
2025-12-05 05:59:05 INFO     Training average loss at step 33300: 2.392056
2025-12-05 06:00:44 INFO     Training average positive_fact_loss at step 33400: 0.299023
2025-12-05 06:00:44 INFO     Training average negative_fact_loss at step 33400: 0.276615
2025-12-05 06:00:44 INFO     Training average positive_rule_loss at step 33400: 1.796644
2025-12-05 06:00:44 INFO     Training average negative_rule_loss at step 33400: 1.946766
2025-12-05 06:00:44 INFO     Training average L_uncertainty at step 33400: 22.623191
2025-12-05 06:00:44 INFO     Training average L_kl at step 33400: 22562.725391
2025-12-05 06:00:44 INFO     Training average L_sigma at step 33400: 6.046458
2025-12-05 06:00:44 INFO     Training average mu_mean at step 33400: -0.236045
2025-12-05 06:00:44 INFO     Training average sigma_mean at step 33400: 0.127698
2025-12-05 06:00:44 INFO     Training average regularization at step 33400: 0.006292
2025-12-05 06:00:44 INFO     Training average loss at step 33400: 2.392048
2025-12-05 06:02:21 INFO     Training average positive_fact_loss at step 33500: 0.298370
2025-12-05 06:02:21 INFO     Training average negative_fact_loss at step 33500: 0.276612
2025-12-05 06:02:21 INFO     Training average positive_rule_loss at step 33500: 1.795000
2025-12-05 06:02:21 INFO     Training average negative_rule_loss at step 33500: 1.946211
2025-12-05 06:02:21 INFO     Training average L_uncertainty at step 33500: 22.643194
2025-12-05 06:02:21 INFO     Training average L_kl at step 33500: 22582.626113
2025-12-05 06:02:21 INFO     Training average L_sigma at step 33500: 6.056648
2025-12-05 06:02:21 INFO     Training average mu_mean at step 33500: -0.236347
2025-12-05 06:02:21 INFO     Training average sigma_mean at step 33500: 0.127699
2025-12-05 06:02:21 INFO     Training average regularization at step 33500: 0.006294
2025-12-05 06:02:21 INFO     Training average loss at step 33500: 2.390823
2025-12-05 06:04:10 INFO     Training average positive_fact_loss at step 33600: 0.299113
2025-12-05 06:04:10 INFO     Training average negative_fact_loss at step 33600: 0.276611
2025-12-05 06:04:10 INFO     Training average positive_rule_loss at step 33600: 1.796074
2025-12-05 06:04:10 INFO     Training average negative_rule_loss at step 33600: 1.945090
2025-12-05 06:04:10 INFO     Training average L_uncertainty at step 33600: 22.641534
2025-12-05 06:04:10 INFO     Training average L_kl at step 33600: 22580.999551
2025-12-05 06:04:10 INFO     Training average L_sigma at step 33600: 6.053298
2025-12-05 06:04:10 INFO     Training average mu_mean at step 33600: -0.236653
2025-12-05 06:04:10 INFO     Training average sigma_mean at step 33600: 0.127698
2025-12-05 06:04:10 INFO     Training average regularization at step 33600: 0.006295
2025-12-05 06:04:10 INFO     Training average loss at step 33600: 2.391154
2025-12-05 06:05:47 INFO     Training average positive_fact_loss at step 33700: 0.298502
2025-12-05 06:05:47 INFO     Training average negative_fact_loss at step 33700: 0.276531
2025-12-05 06:05:47 INFO     Training average positive_rule_loss at step 33700: 1.793565
2025-12-05 06:05:47 INFO     Training average negative_rule_loss at step 33700: 1.946703
2025-12-05 06:05:47 INFO     Training average L_uncertainty at step 33700: 22.654430
2025-12-05 06:05:47 INFO     Training average L_kl at step 33700: 22593.816953
2025-12-05 06:05:47 INFO     Training average L_sigma at step 33700: 6.061195
2025-12-05 06:05:47 INFO     Training average mu_mean at step 33700: -0.236395
2025-12-05 06:05:47 INFO     Training average sigma_mean at step 33700: 0.127700
2025-12-05 06:05:47 INFO     Training average regularization at step 33700: 0.006296
2025-12-05 06:05:47 INFO     Training average loss at step 33700: 2.390490
2025-12-05 06:07:20 INFO     Training average positive_fact_loss at step 33800: 0.299056
2025-12-05 06:07:20 INFO     Training average negative_fact_loss at step 33800: 0.276407
2025-12-05 06:07:20 INFO     Training average positive_rule_loss at step 33800: 1.795596
2025-12-05 06:07:20 INFO     Training average negative_rule_loss at step 33800: 1.945721
2025-12-05 06:07:20 INFO     Training average L_uncertainty at step 33800: 22.641936
2025-12-05 06:07:20 INFO     Training average L_kl at step 33800: 22581.288691
2025-12-05 06:07:20 INFO     Training average L_sigma at step 33800: 6.064611
2025-12-05 06:07:20 INFO     Training average mu_mean at step 33800: -0.236412
2025-12-05 06:07:20 INFO     Training average sigma_mean at step 33800: 0.127700
2025-12-05 06:07:20 INFO     Training average regularization at step 33800: 0.006296
2025-12-05 06:07:20 INFO     Training average loss at step 33800: 2.391106
2025-12-05 06:08:48 INFO     Training average positive_fact_loss at step 33900: 0.298578
2025-12-05 06:08:48 INFO     Training average negative_fact_loss at step 33900: 0.276760
2025-12-05 06:08:48 INFO     Training average positive_rule_loss at step 33900: 1.793943
2025-12-05 06:08:48 INFO     Training average negative_rule_loss at step 33900: 1.946855
2025-12-05 06:08:48 INFO     Training average L_uncertainty at step 33900: 22.646378
2025-12-05 06:08:48 INFO     Training average L_kl at step 33900: 22585.949434
2025-12-05 06:08:48 INFO     Training average L_sigma at step 33900: 6.042744
2025-12-05 06:08:48 INFO     Training average mu_mean at step 33900: -0.236537
2025-12-05 06:08:48 INFO     Training average sigma_mean at step 33900: 0.127697
2025-12-05 06:08:48 INFO     Training average regularization at step 33900: 0.006297
2025-12-05 06:08:48 INFO     Training average loss at step 33900: 2.390829
2025-12-05 06:10:37 INFO     Training average positive_fact_loss at step 34000: 0.298782
2025-12-05 06:10:37 INFO     Training average negative_fact_loss at step 34000: 0.276654
2025-12-05 06:10:37 INFO     Training average positive_rule_loss at step 34000: 1.799432
2025-12-05 06:10:37 INFO     Training average negative_rule_loss at step 34000: 1.942616
2025-12-05 06:10:37 INFO     Training average L_uncertainty at step 34000: 22.651702
2025-12-05 06:10:37 INFO     Training average L_kl at step 34000: 22591.305840
2025-12-05 06:10:37 INFO     Training average L_sigma at step 34000: 6.039511
2025-12-05 06:10:37 INFO     Training average mu_mean at step 34000: -0.236596
2025-12-05 06:10:37 INFO     Training average sigma_mean at step 34000: 0.127697
2025-12-05 06:10:37 INFO     Training average regularization at step 34000: 0.006298
2025-12-05 06:10:37 INFO     Training average loss at step 34000: 2.391557
2025-12-05 06:10:37 INFO     Evaluating on Valid Dataset...
2025-12-05 06:10:37 INFO     >>>>> RuleE emb: Evaluating on valid
2025-12-05 06:10:57 INFO     Data : 4274
2025-12-05 06:10:57 INFO     Hit1 : 0.542115
2025-12-05 06:10:57 INFO     Hit3 : 0.783341
2025-12-05 06:10:57 INFO     Hit10: 0.942209
2025-12-05 06:10:57 INFO     MR   : 3.366401
2025-12-05 06:10:57 INFO     MRR  : 0.680678
2025-12-05 06:12:30 INFO     Training average positive_fact_loss at step 34100: 0.298783
2025-12-05 06:12:30 INFO     Training average negative_fact_loss at step 34100: 0.276365
2025-12-05 06:12:30 INFO     Training average positive_rule_loss at step 34100: 1.794719
2025-12-05 06:12:30 INFO     Training average negative_rule_loss at step 34100: 1.946431
2025-12-05 06:12:30 INFO     Training average L_uncertainty at step 34100: 22.614604
2025-12-05 06:12:30 INFO     Training average L_kl at step 34100: 22554.088047
2025-12-05 06:12:30 INFO     Training average L_sigma at step 34100: 6.051489
2025-12-05 06:12:30 INFO     Training average mu_mean at step 34100: -0.236176
2025-12-05 06:12:30 INFO     Training average sigma_mean at step 34100: 0.127698
2025-12-05 06:12:30 INFO     Training average regularization at step 34100: 0.006297
2025-12-05 06:12:30 INFO     Training average loss at step 34100: 2.390593
2025-12-05 06:14:14 INFO     Training average positive_fact_loss at step 34200: 0.298523
2025-12-05 06:14:14 INFO     Training average negative_fact_loss at step 34200: 0.276625
2025-12-05 06:14:14 INFO     Training average positive_rule_loss at step 34200: 1.798909
2025-12-05 06:14:14 INFO     Training average negative_rule_loss at step 34200: 1.942520
2025-12-05 06:14:14 INFO     Training average L_uncertainty at step 34200: 22.647231
2025-12-05 06:14:14 INFO     Training average L_kl at step 34200: 22586.682148
2025-12-05 06:14:14 INFO     Training average L_sigma at step 34200: 6.054756
2025-12-05 06:14:14 INFO     Training average mu_mean at step 34200: -0.236850
2025-12-05 06:14:14 INFO     Training average sigma_mean at step 34200: 0.127699
2025-12-05 06:14:14 INFO     Training average regularization at step 34200: 0.006296
2025-12-05 06:14:14 INFO     Training average loss at step 34200: 2.391057
2025-12-05 06:15:51 INFO     Training average positive_fact_loss at step 34300: 0.298959
2025-12-05 06:15:51 INFO     Training average negative_fact_loss at step 34300: 0.276899
2025-12-05 06:15:51 INFO     Training average positive_rule_loss at step 34300: 1.796032
2025-12-05 06:15:51 INFO     Training average negative_rule_loss at step 34300: 1.944599
2025-12-05 06:15:51 INFO     Training average L_uncertainty at step 34300: 22.640864
2025-12-05 06:15:51 INFO     Training average L_kl at step 34300: 22580.506133
2025-12-05 06:15:51 INFO     Training average L_sigma at step 34300: 6.035699
2025-12-05 06:15:51 INFO     Training average mu_mean at step 34300: -0.236895
2025-12-05 06:15:51 INFO     Training average sigma_mean at step 34300: 0.127697
2025-12-05 06:15:51 INFO     Training average regularization at step 34300: 0.006296
2025-12-05 06:15:51 INFO     Training average loss at step 34300: 2.390950
2025-12-05 06:17:38 INFO     Training average positive_fact_loss at step 34400: 0.299274
2025-12-05 06:17:38 INFO     Training average negative_fact_loss at step 34400: 0.276487
2025-12-05 06:17:38 INFO     Training average positive_rule_loss at step 34400: 1.792824
2025-12-05 06:17:38 INFO     Training average negative_rule_loss at step 34400: 1.948940
2025-12-05 06:17:38 INFO     Training average L_uncertainty at step 34400: 22.665853
2025-12-05 06:17:38 INFO     Training average L_kl at step 34400: 22605.490410
2025-12-05 06:17:38 INFO     Training average L_sigma at step 34400: 6.036103
2025-12-05 06:17:38 INFO     Training average mu_mean at step 34400: -0.236541
2025-12-05 06:17:38 INFO     Training average sigma_mean at step 34400: 0.127696
2025-12-05 06:17:38 INFO     Training average regularization at step 34400: 0.006298
2025-12-05 06:17:38 INFO     Training average loss at step 34400: 2.391719
2025-12-05 06:18:55 INFO     Training average positive_fact_loss at step 34500: 0.298952
2025-12-05 06:18:55 INFO     Training average negative_fact_loss at step 34500: 0.276649
2025-12-05 06:18:55 INFO     Training average positive_rule_loss at step 34500: 1.793176
2025-12-05 06:18:55 INFO     Training average negative_rule_loss at step 34500: 1.946376
2025-12-05 06:18:55 INFO     Training average L_uncertainty at step 34500: 22.651177
2025-12-05 06:18:55 INFO     Training average L_kl at step 34500: 22590.654727
2025-12-05 06:18:55 INFO     Training average L_sigma at step 34500: 6.052165
2025-12-05 06:18:55 INFO     Training average mu_mean at step 34500: -0.236884
2025-12-05 06:18:55 INFO     Training average sigma_mean at step 34500: 0.127698
2025-12-05 06:18:55 INFO     Training average regularization at step 34500: 0.006296
2025-12-05 06:18:55 INFO     Training average loss at step 34500: 2.390385
2025-12-05 06:20:40 INFO     Training average positive_fact_loss at step 34600: 0.298469
2025-12-05 06:20:40 INFO     Training average negative_fact_loss at step 34600: 0.276559
2025-12-05 06:20:40 INFO     Training average positive_rule_loss at step 34600: 1.796775
2025-12-05 06:20:40 INFO     Training average negative_rule_loss at step 34600: 1.945546
2025-12-05 06:20:40 INFO     Training average L_uncertainty at step 34600: 22.634997
2025-12-05 06:20:40 INFO     Training average L_kl at step 34600: 22574.420234
2025-12-05 06:20:40 INFO     Training average L_sigma at step 34600: 6.057621
2025-12-05 06:20:40 INFO     Training average mu_mean at step 34600: -0.237482
2025-12-05 06:20:40 INFO     Training average sigma_mean at step 34600: 0.127700
2025-12-05 06:20:40 INFO     Training average regularization at step 34600: 0.006297
2025-12-05 06:20:40 INFO     Training average loss at step 34600: 2.391321
2025-12-05 06:22:19 INFO     Training average positive_fact_loss at step 34700: 0.298476
2025-12-05 06:22:19 INFO     Training average negative_fact_loss at step 34700: 0.276565
2025-12-05 06:22:19 INFO     Training average positive_rule_loss at step 34700: 1.792992
2025-12-05 06:22:19 INFO     Training average negative_rule_loss at step 34700: 1.947448
2025-12-05 06:22:19 INFO     Training average L_uncertainty at step 34700: 22.657787
2025-12-05 06:22:19 INFO     Training average L_kl at step 34700: 22597.414707
2025-12-05 06:22:19 INFO     Training average L_sigma at step 34700: 6.037136
2025-12-05 06:22:19 INFO     Training average mu_mean at step 34700: -0.236286
2025-12-05 06:22:19 INFO     Training average sigma_mean at step 34700: 0.127696
2025-12-05 06:22:19 INFO     Training average regularization at step 34700: 0.006298
2025-12-05 06:22:19 INFO     Training average loss at step 34700: 2.390617
2025-12-05 06:24:04 INFO     Training average positive_fact_loss at step 34800: 0.298514
2025-12-05 06:24:04 INFO     Training average negative_fact_loss at step 34800: 0.276782
2025-12-05 06:24:04 INFO     Training average positive_rule_loss at step 34800: 1.795797
2025-12-05 06:24:04 INFO     Training average negative_rule_loss at step 34800: 1.944092
2025-12-05 06:24:04 INFO     Training average L_uncertainty at step 34800: 22.652642
2025-12-05 06:24:04 INFO     Training average L_kl at step 34800: 22592.032754
2025-12-05 06:24:04 INFO     Training average L_sigma at step 34800: 6.060809
2025-12-05 06:24:04 INFO     Training average mu_mean at step 34800: -0.235992
2025-12-05 06:24:04 INFO     Training average sigma_mean at step 34800: 0.127699
2025-12-05 06:24:04 INFO     Training average regularization at step 34800: 0.006298
2025-12-05 06:24:04 INFO     Training average loss at step 34800: 2.390417
2025-12-05 06:25:37 INFO     Training average positive_fact_loss at step 34900: 0.299869
2025-12-05 06:25:37 INFO     Training average negative_fact_loss at step 34900: 0.276702
2025-12-05 06:25:37 INFO     Training average positive_rule_loss at step 34900: 1.798095
2025-12-05 06:25:37 INFO     Training average negative_rule_loss at step 34900: 1.943187
2025-12-05 06:25:37 INFO     Training average L_uncertainty at step 34900: 22.641685
2025-12-05 06:25:37 INFO     Training average L_kl at step 34900: 22581.247695
2025-12-05 06:25:37 INFO     Training average L_sigma at step 34900: 6.043619
2025-12-05 06:25:37 INFO     Training average mu_mean at step 34900: -0.236988
2025-12-05 06:25:37 INFO     Training average sigma_mean at step 34900: 0.127697
2025-12-05 06:25:37 INFO     Training average regularization at step 34900: 0.006298
2025-12-05 06:25:37 INFO     Training average loss at step 34900: 2.391642
2025-12-05 06:27:22 INFO     Training average positive_fact_loss at step 35000: 0.298480
2025-12-05 06:27:22 INFO     Training average negative_fact_loss at step 35000: 0.276656
2025-12-05 06:27:22 INFO     Training average positive_rule_loss at step 35000: 1.794694
2025-12-05 06:27:22 INFO     Training average negative_rule_loss at step 35000: 1.945457
2025-12-05 06:27:22 INFO     Training average L_uncertainty at step 35000: 22.642232
2025-12-05 06:27:22 INFO     Training average L_kl at step 35000: 22581.748203
2025-12-05 06:27:22 INFO     Training average L_sigma at step 35000: 6.048305
2025-12-05 06:27:22 INFO     Training average mu_mean at step 35000: -0.235151
2025-12-05 06:27:22 INFO     Training average sigma_mean at step 35000: 0.127698
2025-12-05 06:27:22 INFO     Training average regularization at step 35000: 0.006297
2025-12-05 06:27:22 INFO     Training average loss at step 35000: 2.390363
2025-12-05 06:27:22 INFO     Evaluating on Valid Dataset...
2025-12-05 06:27:22 INFO     >>>>> RuleE emb: Evaluating on valid
2025-12-05 06:27:42 INFO     Data : 4274
2025-12-05 06:27:42 INFO     Hit1 : 0.542583
2025-12-05 06:27:42 INFO     Hit3 : 0.782639
2025-12-05 06:27:42 INFO     Hit10: 0.942677
2025-12-05 06:27:42 INFO     MR   : 3.370847
2025-12-05 06:27:42 INFO     MRR  : 0.680864
2025-12-05 06:29:11 INFO     Training average positive_fact_loss at step 35100: 0.298889
2025-12-05 06:29:11 INFO     Training average negative_fact_loss at step 35100: 0.276370
2025-12-05 06:29:11 INFO     Training average positive_rule_loss at step 35100: 1.792050
2025-12-05 06:29:11 INFO     Training average negative_rule_loss at step 35100: 1.946933
2025-12-05 06:29:11 INFO     Training average L_uncertainty at step 35100: 22.633666
2025-12-05 06:29:11 INFO     Training average L_kl at step 35100: 22573.162480
2025-12-05 06:29:11 INFO     Training average L_sigma at step 35100: 6.050272
2025-12-05 06:29:11 INFO     Training average mu_mean at step 35100: -0.235390
2025-12-05 06:29:11 INFO     Training average sigma_mean at step 35100: 0.127698
2025-12-05 06:29:11 INFO     Training average regularization at step 35100: 0.006298
2025-12-05 06:29:11 INFO     Training average loss at step 35100: 2.389755
2025-12-05 06:30:43 INFO     Training average positive_fact_loss at step 35200: 0.298612
2025-12-05 06:30:43 INFO     Training average negative_fact_loss at step 35200: 0.276598
2025-12-05 06:30:43 INFO     Training average positive_rule_loss at step 35200: 1.792102
2025-12-05 06:30:43 INFO     Training average negative_rule_loss at step 35200: 1.947918
2025-12-05 06:30:43 INFO     Training average L_uncertainty at step 35200: 22.652606
2025-12-05 06:30:43 INFO     Training average L_kl at step 35200: 22592.135098
2025-12-05 06:30:43 INFO     Training average L_sigma at step 35200: 6.046998
2025-12-05 06:30:43 INFO     Training average mu_mean at step 35200: -0.236780
2025-12-05 06:30:43 INFO     Training average sigma_mean at step 35200: 0.127698
2025-12-05 06:30:43 INFO     Training average regularization at step 35200: 0.006300
2025-12-05 06:30:43 INFO     Training average loss at step 35200: 2.390442
2025-12-05 06:32:19 INFO     Training average positive_fact_loss at step 35300: 0.298769
2025-12-05 06:32:19 INFO     Training average negative_fact_loss at step 35300: 0.276507
2025-12-05 06:32:19 INFO     Training average positive_rule_loss at step 35300: 1.794008
2025-12-05 06:32:19 INFO     Training average negative_rule_loss at step 35300: 1.946734
2025-12-05 06:32:19 INFO     Training average L_uncertainty at step 35300: 22.632578
2025-12-05 06:32:19 INFO     Training average L_kl at step 35300: 22572.006270
2025-12-05 06:32:19 INFO     Training average L_sigma at step 35300: 6.057090
2025-12-05 06:32:19 INFO     Training average mu_mean at step 35300: -0.236142
2025-12-05 06:32:19 INFO     Training average sigma_mean at step 35300: 0.127699
2025-12-05 06:32:19 INFO     Training average regularization at step 35300: 0.006301
2025-12-05 06:32:19 INFO     Training average loss at step 35300: 2.390636
2025-12-05 06:34:06 INFO     Training average positive_fact_loss at step 35400: 0.298638
2025-12-05 06:34:06 INFO     Training average negative_fact_loss at step 35400: 0.276459
2025-12-05 06:34:06 INFO     Training average positive_rule_loss at step 35400: 1.792306
2025-12-05 06:34:06 INFO     Training average negative_rule_loss at step 35400: 1.946814
2025-12-05 06:34:06 INFO     Training average L_uncertainty at step 35400: 22.652789
2025-12-05 06:34:06 INFO     Training average L_kl at step 35400: 22592.275703
2025-12-05 06:34:06 INFO     Training average L_sigma at step 35400: 6.051193
2025-12-05 06:34:06 INFO     Training average mu_mean at step 35400: -0.235317
2025-12-05 06:34:06 INFO     Training average sigma_mean at step 35400: 0.127698
2025-12-05 06:34:06 INFO     Training average regularization at step 35400: 0.006301
2025-12-05 06:34:06 INFO     Training average loss at step 35400: 2.389937
2025-12-05 06:35:40 INFO     Training average positive_fact_loss at step 35500: 0.298543
2025-12-05 06:35:40 INFO     Training average negative_fact_loss at step 35500: 0.276751
2025-12-05 06:35:40 INFO     Training average positive_rule_loss at step 35500: 1.795499
2025-12-05 06:35:40 INFO     Training average negative_rule_loss at step 35500: 1.943820
2025-12-05 06:35:40 INFO     Training average L_uncertainty at step 35500: 22.646045
2025-12-05 06:35:40 INFO     Training average L_kl at step 35500: 22585.557090
2025-12-05 06:35:40 INFO     Training average L_sigma at step 35500: 6.048715
2025-12-05 06:35:40 INFO     Training average mu_mean at step 35500: -0.235676
2025-12-05 06:35:40 INFO     Training average sigma_mean at step 35500: 0.127698
2025-12-05 06:35:40 INFO     Training average regularization at step 35500: 0.006302
2025-12-05 06:35:40 INFO     Training average loss at step 35500: 2.390069
2025-12-05 06:37:21 INFO     Training average positive_fact_loss at step 35600: 0.298535
2025-12-05 06:37:21 INFO     Training average negative_fact_loss at step 35600: 0.276600
2025-12-05 06:37:21 INFO     Training average positive_rule_loss at step 35600: 1.795380
2025-12-05 06:37:21 INFO     Training average negative_rule_loss at step 35600: 1.945418
2025-12-05 06:37:21 INFO     Training average L_uncertainty at step 35600: 22.625115
2025-12-05 06:37:21 INFO     Training average L_kl at step 35600: 22564.569785
2025-12-05 06:37:21 INFO     Training average L_sigma at step 35600: 6.054461
2025-12-05 06:37:21 INFO     Training average mu_mean at step 35600: -0.235689
2025-12-05 06:37:21 INFO     Training average sigma_mean at step 35600: 0.127699
2025-12-05 06:37:21 INFO     Training average regularization at step 35600: 0.006303
2025-12-05 06:37:21 INFO     Training average loss at step 35600: 2.390521
2025-12-05 06:38:59 INFO     Training average positive_fact_loss at step 35700: 0.299437
2025-12-05 06:38:59 INFO     Training average negative_fact_loss at step 35700: 0.276709
2025-12-05 06:38:59 INFO     Training average positive_rule_loss at step 35700: 1.797187
2025-12-05 06:38:59 INFO     Training average negative_rule_loss at step 35700: 1.942616
2025-12-05 06:38:59 INFO     Training average L_uncertainty at step 35700: 22.650892
2025-12-05 06:38:59 INFO     Training average L_kl at step 35700: 22590.485859
2025-12-05 06:38:59 INFO     Training average L_sigma at step 35700: 6.040460
2025-12-05 06:38:59 INFO     Training average mu_mean at step 35700: -0.236920
2025-12-05 06:38:59 INFO     Training average sigma_mean at step 35700: 0.127697
2025-12-05 06:38:59 INFO     Training average regularization at step 35700: 0.006303
2025-12-05 06:38:59 INFO     Training average loss at step 35700: 2.390786
2025-12-05 06:40:28 INFO     Training average positive_fact_loss at step 35800: 0.298866
2025-12-05 06:40:28 INFO     Training average negative_fact_loss at step 35800: 0.276454
2025-12-05 06:40:28 INFO     Training average positive_rule_loss at step 35800: 1.791519
2025-12-05 06:40:28 INFO     Training average negative_rule_loss at step 35800: 1.946799
2025-12-05 06:40:28 INFO     Training average L_uncertainty at step 35800: 22.664882
2025-12-05 06:40:28 INFO     Training average L_kl at step 35800: 22604.513418
2025-12-05 06:40:28 INFO     Training average L_sigma at step 35800: 6.036743
2025-12-05 06:40:28 INFO     Training average mu_mean at step 35800: -0.236507
2025-12-05 06:40:28 INFO     Training average sigma_mean at step 35800: 0.127696
2025-12-05 06:40:28 INFO     Training average regularization at step 35800: 0.006302
2025-12-05 06:40:28 INFO     Training average loss at step 35800: 2.389770
2025-12-05 06:42:03 INFO     Training average positive_fact_loss at step 35900: 0.298622
2025-12-05 06:42:03 INFO     Training average negative_fact_loss at step 35900: 0.276658
2025-12-05 06:42:03 INFO     Training average positive_rule_loss at step 35900: 1.794470
2025-12-05 06:42:03 INFO     Training average negative_rule_loss at step 35900: 1.944382
2025-12-05 06:42:03 INFO     Training average L_uncertainty at step 35900: 22.653347
2025-12-05 06:42:03 INFO     Training average L_kl at step 35900: 22592.804082
2025-12-05 06:42:03 INFO     Training average L_sigma at step 35900: 6.054237
2025-12-05 06:42:03 INFO     Training average mu_mean at step 35900: -0.234909
2025-12-05 06:42:03 INFO     Training average sigma_mean at step 35900: 0.127698
2025-12-05 06:42:03 INFO     Training average regularization at step 35900: 0.006301
2025-12-05 06:42:03 INFO     Training average loss at step 35900: 2.389900
2025-12-05 06:43:47 INFO     Training average positive_fact_loss at step 36000: 0.298804
2025-12-05 06:43:47 INFO     Training average negative_fact_loss at step 36000: 0.276692
2025-12-05 06:43:47 INFO     Training average positive_rule_loss at step 36000: 1.795865
2025-12-05 06:43:47 INFO     Training average negative_rule_loss at step 36000: 1.944223
2025-12-05 06:43:47 INFO     Training average L_uncertainty at step 36000: 22.625932
2025-12-05 06:43:47 INFO     Training average L_kl at step 36000: 22565.360566
2025-12-05 06:43:47 INFO     Training average L_sigma at step 36000: 6.056996
2025-12-05 06:43:47 INFO     Training average mu_mean at step 36000: -0.235816
2025-12-05 06:43:47 INFO     Training average sigma_mean at step 36000: 0.127699
2025-12-05 06:43:47 INFO     Training average regularization at step 36000: 0.006301
2025-12-05 06:43:47 INFO     Training average loss at step 36000: 2.390353
2025-12-05 06:43:47 INFO     Evaluating on Valid Dataset...
2025-12-05 06:43:47 INFO     >>>>> RuleE emb: Evaluating on valid
2025-12-05 06:44:06 INFO     Data : 4274
2025-12-05 06:44:06 INFO     Hit1 : 0.541413
2025-12-05 06:44:06 INFO     Hit3 : 0.782171
2025-12-05 06:44:06 INFO     Hit10: 0.942911
2025-12-05 06:44:06 INFO     MR   : 3.364296
2025-12-05 06:44:06 INFO     MRR  : 0.680481
2025-12-05 06:45:44 INFO     Training average positive_fact_loss at step 36100: 0.298770
2025-12-05 06:45:44 INFO     Training average negative_fact_loss at step 36100: 0.276634
2025-12-05 06:45:44 INFO     Training average positive_rule_loss at step 36100: 1.796700
2025-12-05 06:45:44 INFO     Training average negative_rule_loss at step 36100: 1.942353
2025-12-05 06:45:44 INFO     Training average L_uncertainty at step 36100: 22.646984
2025-12-05 06:45:44 INFO     Training average L_kl at step 36100: 22586.506973
2025-12-05 06:45:44 INFO     Training average L_sigma at step 36100: 6.047537
2025-12-05 06:45:44 INFO     Training average mu_mean at step 36100: -0.235936
2025-12-05 06:45:44 INFO     Training average sigma_mean at step 36100: 0.127698
2025-12-05 06:45:44 INFO     Training average regularization at step 36100: 0.006301
2025-12-05 06:45:44 INFO     Training average loss at step 36100: 2.390000
2025-12-05 06:47:30 INFO     Training average positive_fact_loss at step 36200: 0.299080
2025-12-05 06:47:30 INFO     Training average negative_fact_loss at step 36200: 0.276657
2025-12-05 06:47:30 INFO     Training average positive_rule_loss at step 36200: 1.789875
2025-12-05 06:47:30 INFO     Training average negative_rule_loss at step 36200: 1.947975
2025-12-05 06:47:30 INFO     Training average L_uncertainty at step 36200: 22.651221
2025-12-05 06:47:30 INFO     Training average L_kl at step 36200: 22590.749531
2025-12-05 06:47:30 INFO     Training average L_sigma at step 36200: 6.047060
2025-12-05 06:47:30 INFO     Training average mu_mean at step 36200: -0.236052
2025-12-05 06:47:30 INFO     Training average sigma_mean at step 36200: 0.127698
2025-12-05 06:47:30 INFO     Training average regularization at step 36200: 0.006302
2025-12-05 06:47:30 INFO     Training average loss at step 36200: 2.389608
2025-12-05 06:49:02 INFO     Training average positive_fact_loss at step 36300: 0.298735
2025-12-05 06:49:02 INFO     Training average negative_fact_loss at step 36300: 0.276495
2025-12-05 06:49:02 INFO     Training average positive_rule_loss at step 36300: 1.788405
2025-12-05 06:49:02 INFO     Training average negative_rule_loss at step 36300: 1.949142
2025-12-05 06:49:02 INFO     Training average L_uncertainty at step 36300: 22.673164
2025-12-05 06:49:02 INFO     Training average L_kl at step 36300: 22612.753457
2025-12-05 06:49:02 INFO     Training average L_sigma at step 36300: 6.040930
2025-12-05 06:49:02 INFO     Training average mu_mean at step 36300: -0.236238
2025-12-05 06:49:02 INFO     Training average sigma_mean at step 36300: 0.127697
2025-12-05 06:49:02 INFO     Training average regularization at step 36300: 0.006300
2025-12-05 06:49:02 INFO     Training average loss at step 36300: 2.389420
2025-12-05 06:50:39 INFO     Training average positive_fact_loss at step 36400: 0.299134
2025-12-05 06:50:39 INFO     Training average negative_fact_loss at step 36400: 0.276545
2025-12-05 06:50:39 INFO     Training average positive_rule_loss at step 36400: 1.794361
2025-12-05 06:50:39 INFO     Training average negative_rule_loss at step 36400: 1.943707
2025-12-05 06:50:39 INFO     Training average L_uncertainty at step 36400: 22.645823
2025-12-05 06:50:39 INFO     Training average L_kl at step 36400: 22585.284707
2025-12-05 06:50:39 INFO     Training average L_sigma at step 36400: 6.053765
2025-12-05 06:50:39 INFO     Training average mu_mean at step 36400: -0.235161
2025-12-05 06:50:39 INFO     Training average sigma_mean at step 36400: 0.127698
2025-12-05 06:50:39 INFO     Training average regularization at step 36400: 0.006301
2025-12-05 06:50:39 INFO     Training average loss at step 36400: 2.389633
2025-12-05 06:52:08 INFO     Training average positive_fact_loss at step 36500: 0.298579
2025-12-05 06:52:08 INFO     Training average negative_fact_loss at step 36500: 0.276842
2025-12-05 06:52:08 INFO     Training average positive_rule_loss at step 36500: 1.793717
2025-12-05 06:52:08 INFO     Training average negative_rule_loss at step 36500: 1.943796
2025-12-05 06:52:08 INFO     Training average L_uncertainty at step 36500: 22.654937
2025-12-05 06:52:08 INFO     Training average L_kl at step 36500: 22594.499258
2025-12-05 06:52:08 INFO     Training average L_sigma at step 36500: 6.043627
2025-12-05 06:52:08 INFO     Training average mu_mean at step 36500: -0.235570
2025-12-05 06:52:08 INFO     Training average sigma_mean at step 36500: 0.127697
2025-12-05 06:52:08 INFO     Training average regularization at step 36500: 0.006300
2025-12-05 06:52:08 INFO     Training average loss at step 36500: 2.389317
2025-12-05 06:53:52 INFO     Training average positive_fact_loss at step 36600: 0.298736
2025-12-05 06:53:52 INFO     Training average negative_fact_loss at step 36600: 0.276801
2025-12-05 06:53:52 INFO     Training average positive_rule_loss at step 36600: 1.794419
2025-12-05 06:53:52 INFO     Training average negative_rule_loss at step 36600: 1.943978
2025-12-05 06:53:52 INFO     Training average L_uncertainty at step 36600: 22.663722
2025-12-05 06:53:52 INFO     Training average L_kl at step 36600: 22603.178652
2025-12-05 06:53:52 INFO     Training average L_sigma at step 36600: 6.054215
2025-12-05 06:53:52 INFO     Training average mu_mean at step 36600: -0.234649
2025-12-05 06:53:52 INFO     Training average sigma_mean at step 36600: 0.127699
2025-12-05 06:53:52 INFO     Training average regularization at step 36600: 0.006303
2025-12-05 06:53:52 INFO     Training average loss at step 36600: 2.389907
2025-12-05 06:55:26 INFO     Training average positive_fact_loss at step 36700: 0.298853
2025-12-05 06:55:26 INFO     Training average negative_fact_loss at step 36700: 0.276703
2025-12-05 06:55:26 INFO     Training average positive_rule_loss at step 36700: 1.790071
2025-12-05 06:55:26 INFO     Training average negative_rule_loss at step 36700: 1.948576
2025-12-05 06:55:26 INFO     Training average L_uncertainty at step 36700: 22.645311
2025-12-05 06:55:26 INFO     Training average L_kl at step 36700: 22584.658672
2025-12-05 06:55:26 INFO     Training average L_sigma at step 36700: 6.065107
2025-12-05 06:55:26 INFO     Training average mu_mean at step 36700: -0.235639
2025-12-05 06:55:26 INFO     Training average sigma_mean at step 36700: 0.127700
2025-12-05 06:55:26 INFO     Training average regularization at step 36700: 0.006303
2025-12-05 06:55:26 INFO     Training average loss at step 36700: 2.389858
2025-12-05 06:57:11 INFO     Training average positive_fact_loss at step 36800: 0.298632
2025-12-05 06:57:11 INFO     Training average negative_fact_loss at step 36800: 0.276589
2025-12-05 06:57:11 INFO     Training average positive_rule_loss at step 36800: 1.792570
2025-12-05 06:57:11 INFO     Training average negative_rule_loss at step 36800: 1.945946
2025-12-05 06:57:11 INFO     Training average L_uncertainty at step 36800: 22.663355
2025-12-05 06:57:11 INFO     Training average L_kl at step 36800: 22602.923398
2025-12-05 06:57:11 INFO     Training average L_sigma at step 36800: 6.043026
2025-12-05 06:57:11 INFO     Training average mu_mean at step 36800: -0.235354
2025-12-05 06:57:11 INFO     Training average sigma_mean at step 36800: 0.127696
2025-12-05 06:57:11 INFO     Training average regularization at step 36800: 0.006303
2025-12-05 06:57:11 INFO     Training average loss at step 36800: 2.389806
2025-12-05 06:58:51 INFO     Training average positive_fact_loss at step 36900: 0.298933
2025-12-05 06:58:51 INFO     Training average negative_fact_loss at step 36900: 0.276581
2025-12-05 06:58:51 INFO     Training average positive_rule_loss at step 36900: 1.795044
2025-12-05 06:58:51 INFO     Training average negative_rule_loss at step 36900: 1.943222
2025-12-05 06:58:51 INFO     Training average L_uncertainty at step 36900: 22.635012
2025-12-05 06:58:51 INFO     Training average L_kl at step 36900: 22574.455977
2025-12-05 06:58:51 INFO     Training average L_sigma at step 36900: 6.055432
2025-12-05 06:58:51 INFO     Training average mu_mean at step 36900: -0.236349
2025-12-05 06:58:51 INFO     Training average sigma_mean at step 36900: 0.127699
2025-12-05 06:58:51 INFO     Training average regularization at step 36900: 0.006305
2025-12-05 06:58:51 INFO     Training average loss at step 36900: 2.389546
2025-12-05 07:00:33 INFO     Training average positive_fact_loss at step 37000: 0.299024
2025-12-05 07:00:33 INFO     Training average negative_fact_loss at step 37000: 0.276610
2025-12-05 07:00:33 INFO     Training average positive_rule_loss at step 37000: 1.794885
2025-12-05 07:00:33 INFO     Training average negative_rule_loss at step 37000: 1.944788
2025-12-05 07:00:33 INFO     Training average L_uncertainty at step 37000: 22.635359
2025-12-05 07:00:33 INFO     Training average L_kl at step 37000: 22574.822402
2025-12-05 07:00:33 INFO     Training average L_sigma at step 37000: 6.053495
2025-12-05 07:00:33 INFO     Training average mu_mean at step 37000: -0.236060
2025-12-05 07:00:33 INFO     Training average sigma_mean at step 37000: 0.127699
2025-12-05 07:00:33 INFO     Training average regularization at step 37000: 0.006308
2025-12-05 07:00:33 INFO     Training average loss at step 37000: 2.390315
2025-12-05 07:00:33 INFO     Evaluating on Valid Dataset...
2025-12-05 07:00:33 INFO     >>>>> RuleE emb: Evaluating on valid
2025-12-05 07:00:51 INFO     Data : 4274
2025-12-05 07:00:51 INFO     Hit1 : 0.544689
2025-12-05 07:00:51 INFO     Hit3 : 0.783575
2025-12-05 07:00:51 INFO     Hit10: 0.942911
2025-12-05 07:00:51 INFO     MR   : 3.361956
2025-12-05 07:00:51 INFO     MRR  : 0.682267
2025-12-05 07:02:10 INFO     Training average positive_fact_loss at step 37100: 0.299001
2025-12-05 07:02:10 INFO     Training average negative_fact_loss at step 37100: 0.276657
2025-12-05 07:02:10 INFO     Training average positive_rule_loss at step 37100: 1.788300
2025-12-05 07:02:10 INFO     Training average negative_rule_loss at step 37100: 1.949020
2025-12-05 07:02:10 INFO     Training average L_uncertainty at step 37100: 22.666320
2025-12-05 07:02:10 INFO     Training average L_kl at step 37100: 22605.790059
2025-12-05 07:02:10 INFO     Training average L_sigma at step 37100: 6.052899
2025-12-05 07:02:10 INFO     Training average mu_mean at step 37100: -0.236216
2025-12-05 07:02:10 INFO     Training average sigma_mean at step 37100: 0.127698
2025-12-05 07:02:10 INFO     Training average regularization at step 37100: 0.006304
2025-12-05 07:02:10 INFO     Training average loss at step 37100: 2.389457
2025-12-05 07:03:55 INFO     Training average positive_fact_loss at step 37200: 0.298731
2025-12-05 07:03:55 INFO     Training average negative_fact_loss at step 37200: 0.276469
2025-12-05 07:03:55 INFO     Training average positive_rule_loss at step 37200: 1.792837
2025-12-05 07:03:55 INFO     Training average negative_rule_loss at step 37200: 1.944817
2025-12-05 07:03:55 INFO     Training average L_uncertainty at step 37200: 22.658807
2025-12-05 07:03:55 INFO     Training average L_kl at step 37200: 22598.248008
2025-12-05 07:03:55 INFO     Training average L_sigma at step 37200: 6.055773
2025-12-05 07:03:55 INFO     Training average mu_mean at step 37200: -0.235859
2025-12-05 07:03:55 INFO     Training average sigma_mean at step 37200: 0.127699
2025-12-05 07:03:55 INFO     Training average regularization at step 37200: 0.006307
2025-12-05 07:03:55 INFO     Training average loss at step 37200: 2.389322
2025-12-05 07:05:32 INFO     Training average positive_fact_loss at step 37300: 0.298721
2025-12-05 07:05:33 INFO     Training average negative_fact_loss at step 37300: 0.276803
2025-12-05 07:05:33 INFO     Training average positive_rule_loss at step 37300: 1.790459
2025-12-05 07:05:33 INFO     Training average negative_rule_loss at step 37300: 1.946251
2025-12-05 07:05:33 INFO     Training average L_uncertainty at step 37300: 22.642622
2025-12-05 07:05:33 INFO     Training average L_kl at step 37300: 22582.077051
2025-12-05 07:05:33 INFO     Training average L_sigma at step 37300: 6.054373
2025-12-05 07:05:33 INFO     Training average mu_mean at step 37300: -0.234747
2025-12-05 07:05:33 INFO     Training average sigma_mean at step 37300: 0.127698
2025-12-05 07:05:33 INFO     Training average regularization at step 37300: 0.006306
2025-12-05 07:05:33 INFO     Training average loss at step 37300: 2.388850
2025-12-05 07:07:13 INFO     Training average positive_fact_loss at step 37400: 0.298245
2025-12-05 07:07:13 INFO     Training average negative_fact_loss at step 37400: 0.276644
2025-12-05 07:07:13 INFO     Training average positive_rule_loss at step 37400: 1.788585
2025-12-05 07:07:13 INFO     Training average negative_rule_loss at step 37400: 1.949653
2025-12-05 07:07:13 INFO     Training average L_uncertainty at step 37400: 22.661786
2025-12-05 07:07:13 INFO     Training average L_kl at step 37400: 22601.399531
2025-12-05 07:07:13 INFO     Training average L_sigma at step 37400: 6.038562
2025-12-05 07:07:13 INFO     Training average mu_mean at step 37400: -0.234244
2025-12-05 07:07:13 INFO     Training average sigma_mean at step 37400: 0.127696
2025-12-05 07:07:13 INFO     Training average regularization at step 37400: 0.006309
2025-12-05 07:07:13 INFO     Training average loss at step 37400: 2.389491
2025-12-05 07:08:50 INFO     Training average positive_fact_loss at step 37500: 0.299367
2025-12-05 07:08:50 INFO     Training average negative_fact_loss at step 37500: 0.276326
2025-12-05 07:08:50 INFO     Training average positive_rule_loss at step 37500: 1.796711
2025-12-05 07:08:50 INFO     Training average negative_rule_loss at step 37500: 1.941754
2025-12-05 07:08:50 INFO     Training average L_uncertainty at step 37500: 22.636084
2025-12-05 07:08:50 INFO     Training average L_kl at step 37500: 22575.605820
2025-12-05 07:08:50 INFO     Training average L_sigma at step 37500: 6.047738
2025-12-05 07:08:50 INFO     Training average mu_mean at step 37500: -0.236119
2025-12-05 07:08:50 INFO     Training average sigma_mean at step 37500: 0.127698
2025-12-05 07:08:50 INFO     Training average regularization at step 37500: 0.006310
2025-12-05 07:08:50 INFO     Training average loss at step 37500: 2.389750
2025-12-05 07:10:38 INFO     Training average positive_fact_loss at step 37600: 0.298283
2025-12-05 07:10:38 INFO     Training average negative_fact_loss at step 37600: 0.276711
2025-12-05 07:10:38 INFO     Training average positive_rule_loss at step 37600: 1.791915
2025-12-05 07:10:38 INFO     Training average negative_rule_loss at step 37600: 1.944096
2025-12-05 07:10:38 INFO     Training average L_uncertainty at step 37600: 22.656462
2025-12-05 07:10:38 INFO     Training average L_kl at step 37600: 22595.903496
2025-12-05 07:10:38 INFO     Training average L_sigma at step 37600: 6.055733
2025-12-05 07:10:38 INFO     Training average mu_mean at step 37600: -0.234719
2025-12-05 07:10:38 INFO     Training average sigma_mean at step 37600: 0.127699
2025-12-05 07:10:38 INFO     Training average regularization at step 37600: 0.006312
2025-12-05 07:10:38 INFO     Training average loss at step 37600: 2.388379
2025-12-05 07:12:02 INFO     Training average positive_fact_loss at step 37700: 0.298791
2025-12-05 07:12:02 INFO     Training average negative_fact_loss at step 37700: 0.276602
2025-12-05 07:12:02 INFO     Training average positive_rule_loss at step 37700: 1.793873
2025-12-05 07:12:02 INFO     Training average negative_rule_loss at step 37700: 1.944363
2025-12-05 07:12:02 INFO     Training average L_uncertainty at step 37700: 22.637439
2025-12-05 07:12:02 INFO     Training average L_kl at step 37700: 22576.995137
2025-12-05 07:12:02 INFO     Training average L_sigma at step 37700: 6.044308
2025-12-05 07:12:02 INFO     Training average mu_mean at step 37700: -0.234617
2025-12-05 07:12:02 INFO     Training average sigma_mean at step 37700: 0.127698
2025-12-05 07:12:02 INFO     Training average regularization at step 37700: 0.006312
2025-12-05 07:12:02 INFO     Training average loss at step 37700: 2.389500
2025-12-05 07:13:36 INFO     Training average positive_fact_loss at step 37800: 0.299002
2025-12-05 07:13:36 INFO     Training average negative_fact_loss at step 37800: 0.276660
2025-12-05 07:13:36 INFO     Training average positive_rule_loss at step 37800: 1.791263
2025-12-05 07:13:36 INFO     Training average negative_rule_loss at step 37800: 1.946249
2025-12-05 07:13:36 INFO     Training average L_uncertainty at step 37800: 22.642943
2025-12-05 07:13:36 INFO     Training average L_kl at step 37800: 22582.390508
2025-12-05 07:13:36 INFO     Training average L_sigma at step 37800: 6.055107
2025-12-05 07:13:36 INFO     Training average mu_mean at step 37800: -0.235284
2025-12-05 07:13:36 INFO     Training average sigma_mean at step 37800: 0.127699
2025-12-05 07:13:36 INFO     Training average regularization at step 37800: 0.006312
2025-12-05 07:13:36 INFO     Training average loss at step 37800: 2.389328
2025-12-05 07:15:11 INFO     Training average positive_fact_loss at step 37900: 0.298480
2025-12-05 07:15:11 INFO     Training average negative_fact_loss at step 37900: 0.276615
2025-12-05 07:15:11 INFO     Training average positive_rule_loss at step 37900: 1.797987
2025-12-05 07:15:11 INFO     Training average negative_rule_loss at step 37900: 1.942025
2025-12-05 07:15:11 INFO     Training average L_uncertainty at step 37900: 22.610561
2025-12-05 07:15:11 INFO     Training average L_kl at step 37900: 22550.160820
2025-12-05 07:15:11 INFO     Training average L_sigma at step 37900: 6.039879
2025-12-05 07:15:11 INFO     Training average mu_mean at step 37900: -0.235562
2025-12-05 07:15:11 INFO     Training average sigma_mean at step 37900: 0.127697
2025-12-05 07:15:11 INFO     Training average regularization at step 37900: 0.006311
2025-12-05 07:15:11 INFO     Training average loss at step 37900: 2.389970
2025-12-05 07:16:56 INFO     Training average positive_fact_loss at step 38000: 0.298518
2025-12-05 07:16:56 INFO     Training average negative_fact_loss at step 38000: 0.276528
2025-12-05 07:16:56 INFO     Training average positive_rule_loss at step 38000: 1.789485
2025-12-05 07:16:56 INFO     Training average negative_rule_loss at step 38000: 1.946119
2025-12-05 07:16:56 INFO     Training average L_uncertainty at step 38000: 22.650970
2025-12-05 07:16:56 INFO     Training average L_kl at step 38000: 22590.374141
2025-12-05 07:16:56 INFO     Training average L_sigma at step 38000: 6.059488
2025-12-05 07:16:56 INFO     Training average mu_mean at step 38000: -0.235712
2025-12-05 07:16:56 INFO     Training average sigma_mean at step 38000: 0.127699
2025-12-05 07:16:56 INFO     Training average regularization at step 38000: 0.006312
2025-12-05 07:16:56 INFO     Training average loss at step 38000: 2.388147
2025-12-05 07:16:56 INFO     Evaluating on Valid Dataset...
2025-12-05 07:16:56 INFO     >>>>> RuleE emb: Evaluating on valid
2025-12-05 07:17:16 INFO     Data : 4274
2025-12-05 07:17:16 INFO     Hit1 : 0.540711
2025-12-05 07:17:16 INFO     Hit3 : 0.781703
2025-12-05 07:17:16 INFO     Hit10: 0.942677
2025-12-05 07:17:16 INFO     MR   : 3.379270
2025-12-05 07:17:16 INFO     MRR  : 0.680068
2025-12-05 07:18:50 INFO     Training average positive_fact_loss at step 38100: 0.298760
2025-12-05 07:18:50 INFO     Training average negative_fact_loss at step 38100: 0.276607
2025-12-05 07:18:50 INFO     Training average positive_rule_loss at step 38100: 1.795907
2025-12-05 07:18:50 INFO     Training average negative_rule_loss at step 38100: 1.942588
2025-12-05 07:18:50 INFO     Training average L_uncertainty at step 38100: 22.640328
2025-12-05 07:18:50 INFO     Training average L_kl at step 38100: 22579.814570
2025-12-05 07:18:50 INFO     Training average L_sigma at step 38100: 6.051185
2025-12-05 07:18:50 INFO     Training average mu_mean at step 38100: -0.234159
2025-12-05 07:18:50 INFO     Training average sigma_mean at step 38100: 0.127699
2025-12-05 07:18:50 INFO     Training average regularization at step 38100: 0.006313
2025-12-05 07:18:50 INFO     Training average loss at step 38100: 2.389647
2025-12-05 07:20:36 INFO     Training average positive_fact_loss at step 38200: 0.299240
2025-12-05 07:20:36 INFO     Training average negative_fact_loss at step 38200: 0.276649
2025-12-05 07:20:36 INFO     Training average positive_rule_loss at step 38200: 1.795063
2025-12-05 07:20:36 INFO     Training average negative_rule_loss at step 38200: 1.942946
2025-12-05 07:20:36 INFO     Training average L_uncertainty at step 38200: 22.626404
2025-12-05 07:20:36 INFO     Training average L_kl at step 38200: 22565.832539
2025-12-05 07:20:36 INFO     Training average L_sigma at step 38200: 6.057046
2025-12-05 07:20:36 INFO     Training average mu_mean at step 38200: -0.236049
2025-12-05 07:20:36 INFO     Training average sigma_mean at step 38200: 0.127699
2025-12-05 07:20:36 INFO     Training average regularization at step 38200: 0.006313
2025-12-05 07:20:36 INFO     Training average loss at step 38200: 2.389526
2025-12-05 07:22:14 INFO     Training average positive_fact_loss at step 38300: 0.298986
2025-12-05 07:22:14 INFO     Training average negative_fact_loss at step 38300: 0.276630
2025-12-05 07:22:14 INFO     Training average positive_rule_loss at step 38300: 1.792144
2025-12-05 07:22:14 INFO     Training average negative_rule_loss at step 38300: 1.944786
2025-12-05 07:22:14 INFO     Training average L_uncertainty at step 38300: 22.633536
2025-12-05 07:22:14 INFO     Training average L_kl at step 38300: 22573.036387
2025-12-05 07:22:14 INFO     Training average L_sigma at step 38300: 6.049878
2025-12-05 07:22:14 INFO     Training average mu_mean at step 38300: -0.234262
2025-12-05 07:22:14 INFO     Training average sigma_mean at step 38300: 0.127698
2025-12-05 07:22:14 INFO     Training average regularization at step 38300: 0.006311
2025-12-05 07:22:14 INFO     Training average loss at step 38300: 2.388920
2025-12-05 07:23:43 INFO     Training average positive_fact_loss at step 38400: 0.298783
2025-12-05 07:23:43 INFO     Training average negative_fact_loss at step 38400: 0.276634
2025-12-05 07:23:43 INFO     Training average positive_rule_loss at step 38400: 1.792100
2025-12-05 07:23:43 INFO     Training average negative_rule_loss at step 38400: 1.944849
2025-12-05 07:23:43 INFO     Training average L_uncertainty at step 38400: 22.653953
2025-12-05 07:23:43 INFO     Training average L_kl at step 38400: 22593.434512
2025-12-05 07:23:43 INFO     Training average L_sigma at step 38400: 6.051743
2025-12-05 07:23:43 INFO     Training average mu_mean at step 38400: -0.235458
2025-12-05 07:23:43 INFO     Training average sigma_mean at step 38400: 0.127699
2025-12-05 07:23:43 INFO     Training average regularization at step 38400: 0.006312
2025-12-05 07:23:43 INFO     Training average loss at step 38400: 2.389035
2025-12-05 07:25:16 INFO     Training average positive_fact_loss at step 38500: 0.298630
2025-12-05 07:25:16 INFO     Training average negative_fact_loss at step 38500: 0.276467
2025-12-05 07:25:16 INFO     Training average positive_rule_loss at step 38500: 1.793901
2025-12-05 07:25:16 INFO     Training average negative_rule_loss at step 38500: 1.942759
2025-12-05 07:25:16 INFO     Training average L_uncertainty at step 38500: 22.643790
2025-12-05 07:25:16 INFO     Training average L_kl at step 38500: 22583.369434
2025-12-05 07:25:16 INFO     Training average L_sigma at step 38500: 6.041948
2025-12-05 07:25:16 INFO     Training average mu_mean at step 38500: -0.234684
2025-12-05 07:25:16 INFO     Training average sigma_mean at step 38500: 0.127697
2025-12-05 07:25:16 INFO     Training average regularization at step 38500: 0.006313
2025-12-05 07:25:16 INFO     Training average loss at step 38500: 2.388629
2025-12-05 07:27:02 INFO     Training average positive_fact_loss at step 38600: 0.298705
2025-12-05 07:27:02 INFO     Training average negative_fact_loss at step 38600: 0.276450
2025-12-05 07:27:02 INFO     Training average positive_rule_loss at step 38600: 1.788829
2025-12-05 07:27:02 INFO     Training average negative_rule_loss at step 38600: 1.946037
2025-12-05 07:27:02 INFO     Training average L_uncertainty at step 38600: 22.660311
2025-12-05 07:27:02 INFO     Training average L_kl at step 38600: 22599.905801
2025-12-05 07:27:02 INFO     Training average L_sigma at step 38600: 6.040372
2025-12-05 07:27:02 INFO     Training average mu_mean at step 38600: -0.234587
2025-12-05 07:27:02 INFO     Training average sigma_mean at step 38600: 0.127697
2025-12-05 07:27:02 INFO     Training average regularization at step 38600: 0.006315
2025-12-05 07:27:02 INFO     Training average loss at step 38600: 2.387929
2025-12-05 07:28:41 INFO     Training average positive_fact_loss at step 38700: 0.298414
2025-12-05 07:28:41 INFO     Training average negative_fact_loss at step 38700: 0.276545
2025-12-05 07:28:41 INFO     Training average positive_rule_loss at step 38700: 1.795464
2025-12-05 07:28:41 INFO     Training average negative_rule_loss at step 38700: 1.941949
2025-12-05 07:28:41 INFO     Training average L_uncertainty at step 38700: 22.647645
2025-12-05 07:28:41 INFO     Training average L_kl at step 38700: 22587.241094
2025-12-05 07:28:41 INFO     Training average L_sigma at step 38700: 6.040269
2025-12-05 07:28:41 INFO     Training average mu_mean at step 38700: -0.234500
2025-12-05 07:28:41 INFO     Training average sigma_mean at step 38700: 0.127697
2025-12-05 07:28:41 INFO     Training average regularization at step 38700: 0.006314
2025-12-05 07:28:41 INFO     Training average loss at step 38700: 2.388976
2025-12-05 07:30:24 INFO     Training average positive_fact_loss at step 38800: 0.298433
2025-12-05 07:30:24 INFO     Training average negative_fact_loss at step 38800: 0.276427
2025-12-05 07:30:24 INFO     Training average positive_rule_loss at step 38800: 1.791628
2025-12-05 07:30:24 INFO     Training average negative_rule_loss at step 38800: 1.945172
2025-12-05 07:30:24 INFO     Training average L_uncertainty at step 38800: 22.665770
2025-12-05 07:30:24 INFO     Training average L_kl at step 38800: 22605.342832
2025-12-05 07:30:24 INFO     Training average L_sigma at step 38800: 6.042558
2025-12-05 07:30:24 INFO     Training average mu_mean at step 38800: -0.235697
2025-12-05 07:30:24 INFO     Training average sigma_mean at step 38800: 0.127697
2025-12-05 07:30:24 INFO     Training average regularization at step 38800: 0.006315
2025-12-05 07:30:24 INFO     Training average loss at step 38800: 2.388803
2025-12-05 07:31:59 INFO     Training average positive_fact_loss at step 38900: 0.298575
2025-12-05 07:31:59 INFO     Training average negative_fact_loss at step 38900: 0.276692
2025-12-05 07:31:59 INFO     Training average positive_rule_loss at step 38900: 1.793863
2025-12-05 07:31:59 INFO     Training average negative_rule_loss at step 38900: 1.942833
2025-12-05 07:31:59 INFO     Training average L_uncertainty at step 38900: 22.613414
2025-12-05 07:31:59 INFO     Training average L_kl at step 38900: 22552.883750
2025-12-05 07:31:59 INFO     Training average L_sigma at step 38900: 6.052944
2025-12-05 07:31:59 INFO     Training average mu_mean at step 38900: -0.234510
2025-12-05 07:31:59 INFO     Training average sigma_mean at step 38900: 0.127699
2025-12-05 07:31:59 INFO     Training average regularization at step 38900: 0.006317
2025-12-05 07:31:59 INFO     Training average loss at step 38900: 2.388432
2025-12-05 07:33:36 INFO     Training average positive_fact_loss at step 39000: 0.298988
2025-12-05 07:33:36 INFO     Training average negative_fact_loss at step 39000: 0.276501
2025-12-05 07:33:36 INFO     Training average positive_rule_loss at step 39000: 1.791730
2025-12-05 07:33:36 INFO     Training average negative_rule_loss at step 39000: 1.945175
2025-12-05 07:33:36 INFO     Training average L_uncertainty at step 39000: 22.657639
2025-12-05 07:33:36 INFO     Training average L_kl at step 39000: 22597.226582
2025-12-05 07:33:36 INFO     Training average L_sigma at step 39000: 6.041137
2025-12-05 07:33:36 INFO     Training average mu_mean at step 39000: -0.234899
2025-12-05 07:33:36 INFO     Training average sigma_mean at step 39000: 0.127697
2025-12-05 07:33:36 INFO     Training average regularization at step 39000: 0.006319
2025-12-05 07:33:36 INFO     Training average loss at step 39000: 2.389091
2025-12-05 07:33:36 INFO     Evaluating on Valid Dataset...
2025-12-05 07:33:36 INFO     >>>>> RuleE emb: Evaluating on valid
2025-12-05 07:33:56 INFO     Data : 4274
2025-12-05 07:33:56 INFO     Hit1 : 0.544221
2025-12-05 07:33:56 INFO     Hit3 : 0.781001
2025-12-05 07:33:56 INFO     Hit10: 0.942443
2025-12-05 07:33:56 INFO     MR   : 3.363126
2025-12-05 07:33:56 INFO     MRR  : 0.681771
2025-12-05 07:35:25 INFO     Training average positive_fact_loss at step 39100: 0.298802
2025-12-05 07:35:25 INFO     Training average negative_fact_loss at step 39100: 0.276528
2025-12-05 07:35:25 INFO     Training average positive_rule_loss at step 39100: 1.793897
2025-12-05 07:35:25 INFO     Training average negative_rule_loss at step 39100: 1.941793
2025-12-05 07:35:25 INFO     Training average L_uncertainty at step 39100: 22.643824
2025-12-05 07:35:25 INFO     Training average L_kl at step 39100: 22583.244297
2025-12-05 07:35:25 INFO     Training average L_sigma at step 39100: 6.057846
2025-12-05 07:35:25 INFO     Training average mu_mean at step 39100: -0.234492
2025-12-05 07:35:25 INFO     Training average sigma_mean at step 39100: 0.127699
2025-12-05 07:35:25 INFO     Training average regularization at step 39100: 0.006316
2025-12-05 07:35:25 INFO     Training average loss at step 39100: 2.388264
2025-12-05 07:37:06 INFO     Training average positive_fact_loss at step 39200: 0.298864
2025-12-05 07:37:06 INFO     Training average negative_fact_loss at step 39200: 0.276519
2025-12-05 07:37:06 INFO     Training average positive_rule_loss at step 39200: 1.791308
2025-12-05 07:37:06 INFO     Training average negative_rule_loss at step 39200: 1.943396
2025-12-05 07:37:06 INFO     Training average L_uncertainty at step 39200: 22.664826
2025-12-05 07:37:06 INFO     Training average L_kl at step 39200: 22604.354980
2025-12-05 07:37:06 INFO     Training average L_sigma at step 39200: 6.046980
2025-12-05 07:37:06 INFO     Training average mu_mean at step 39200: -0.234702
2025-12-05 07:37:06 INFO     Training average sigma_mean at step 39200: 0.127698
2025-12-05 07:37:06 INFO     Training average regularization at step 39200: 0.006318
2025-12-05 07:37:06 INFO     Training average loss at step 39200: 2.388010
2025-12-05 07:38:41 INFO     Training average positive_fact_loss at step 39300: 0.298912
2025-12-05 07:38:41 INFO     Training average negative_fact_loss at step 39300: 0.276654
2025-12-05 07:38:41 INFO     Training average positive_rule_loss at step 39300: 1.796751
2025-12-05 07:38:41 INFO     Training average negative_rule_loss at step 39300: 1.941629
2025-12-05 07:38:41 INFO     Training average L_uncertainty at step 39300: 22.628151
2025-12-05 07:38:41 INFO     Training average L_kl at step 39300: 22567.751094
2025-12-05 07:38:41 INFO     Training average L_sigma at step 39300: 6.039916
2025-12-05 07:38:41 INFO     Training average mu_mean at step 39300: -0.234646
2025-12-05 07:38:41 INFO     Training average sigma_mean at step 39300: 0.127697
2025-12-05 07:38:41 INFO     Training average regularization at step 39300: 0.006316
2025-12-05 07:38:41 INFO     Training average loss at step 39300: 2.389570
2025-12-05 07:40:27 INFO     Training average positive_fact_loss at step 39400: 0.298411
2025-12-05 07:40:27 INFO     Training average negative_fact_loss at step 39400: 0.276854
2025-12-05 07:40:27 INFO     Training average positive_rule_loss at step 39400: 1.788415
2025-12-05 07:40:27 INFO     Training average negative_rule_loss at step 39400: 1.945687
2025-12-05 07:40:27 INFO     Training average L_uncertainty at step 39400: 22.668094
2025-12-05 07:40:27 INFO     Training average L_kl at step 39400: 22607.725996
2025-12-05 07:40:27 INFO     Training average L_sigma at step 39400: 6.036658
2025-12-05 07:40:27 INFO     Training average mu_mean at step 39400: -0.234952
2025-12-05 07:40:27 INFO     Training average sigma_mean at step 39400: 0.127697
2025-12-05 07:40:27 INFO     Training average regularization at step 39400: 0.006317
2025-12-05 07:40:27 INFO     Training average loss at step 39400: 2.387681
2025-12-05 07:42:03 INFO     Training average positive_fact_loss at step 39500: 0.299194
2025-12-05 07:42:03 INFO     Training average negative_fact_loss at step 39500: 0.276450
2025-12-05 07:42:03 INFO     Training average positive_rule_loss at step 39500: 1.790211
2025-12-05 07:42:03 INFO     Training average negative_rule_loss at step 39500: 1.946943
2025-12-05 07:42:03 INFO     Training average L_uncertainty at step 39500: 22.635342
2025-12-05 07:42:03 INFO     Training average L_kl at step 39500: 22574.824336
2025-12-05 07:42:03 INFO     Training average L_sigma at step 39500: 6.051689
2025-12-05 07:42:03 INFO     Training average mu_mean at step 39500: -0.235000
2025-12-05 07:42:03 INFO     Training average sigma_mean at step 39500: 0.127699
2025-12-05 07:42:03 INFO     Training average regularization at step 39500: 0.006317
2025-12-05 07:42:03 INFO     Training average loss at step 39500: 2.389069
2025-12-05 07:43:51 INFO     Training average positive_fact_loss at step 39600: 0.298538
2025-12-05 07:43:51 INFO     Training average negative_fact_loss at step 39600: 0.276606
2025-12-05 07:43:51 INFO     Training average positive_rule_loss at step 39600: 1.792680
2025-12-05 07:43:51 INFO     Training average negative_rule_loss at step 39600: 1.944946
2025-12-05 07:43:51 INFO     Training average L_uncertainty at step 39600: 22.629370
2025-12-05 07:43:51 INFO     Training average L_kl at step 39600: 22568.945898
2025-12-05 07:43:51 INFO     Training average L_sigma at step 39600: 6.042308
2025-12-05 07:43:51 INFO     Training average mu_mean at step 39600: -0.234132
2025-12-05 07:43:51 INFO     Training average sigma_mean at step 39600: 0.127697
2025-12-05 07:43:51 INFO     Training average regularization at step 39600: 0.006318
2025-12-05 07:43:51 INFO     Training average loss at step 39600: 2.388997
2025-12-05 07:45:13 INFO     Training average positive_fact_loss at step 39700: 0.298767
2025-12-05 07:45:13 INFO     Training average negative_fact_loss at step 39700: 0.276748
2025-12-05 07:45:13 INFO     Training average positive_rule_loss at step 39700: 1.794488
2025-12-05 07:45:13 INFO     Training average negative_rule_loss at step 39700: 1.942148
2025-12-05 07:45:13 INFO     Training average L_uncertainty at step 39700: 22.627861
2025-12-05 07:45:13 INFO     Training average L_kl at step 39700: 22567.380254
2025-12-05 07:45:13 INFO     Training average L_sigma at step 39700: 6.047998
2025-12-05 07:45:13 INFO     Training average mu_mean at step 39700: -0.234905
2025-12-05 07:45:13 INFO     Training average sigma_mean at step 39700: 0.127698
2025-12-05 07:45:13 INFO     Training average regularization at step 39700: 0.006319
2025-12-05 07:45:13 INFO     Training average loss at step 39700: 2.388673
2025-12-05 07:47:03 INFO     Training average positive_fact_loss at step 39800: 0.298586
2025-12-05 07:47:03 INFO     Training average negative_fact_loss at step 39800: 0.276595
2025-12-05 07:47:03 INFO     Training average positive_rule_loss at step 39800: 1.789731
2025-12-05 07:47:03 INFO     Training average negative_rule_loss at step 39800: 1.945190
2025-12-05 07:47:03 INFO     Training average L_uncertainty at step 39800: 22.657478
2025-12-05 07:47:03 INFO     Training average L_kl at step 39800: 22597.069531
2025-12-05 07:47:03 INFO     Training average L_sigma at step 39800: 6.040753
2025-12-05 07:47:03 INFO     Training average mu_mean at step 39800: -0.233496
2025-12-05 07:47:03 INFO     Training average sigma_mean at step 39800: 0.127697
2025-12-05 07:47:03 INFO     Training average regularization at step 39800: 0.006320
2025-12-05 07:47:03 INFO     Training average loss at step 39800: 2.387945
2025-12-05 07:48:41 INFO     Training average positive_fact_loss at step 39900: 0.298978
2025-12-05 07:48:41 INFO     Training average negative_fact_loss at step 39900: 0.276565
2025-12-05 07:48:41 INFO     Training average positive_rule_loss at step 39900: 1.789222
2025-12-05 07:48:41 INFO     Training average negative_rule_loss at step 39900: 1.944604
2025-12-05 07:48:41 INFO     Training average L_uncertainty at step 39900: 22.664942
2025-12-05 07:48:41 INFO     Training average L_kl at step 39900: 22604.376426
2025-12-05 07:48:41 INFO     Training average L_sigma at step 39900: 6.056438
2025-12-05 07:48:41 INFO     Training average mu_mean at step 39900: -0.234593
2025-12-05 07:48:41 INFO     Training average sigma_mean at step 39900: 0.127699
2025-12-05 07:48:41 INFO     Training average regularization at step 39900: 0.006323
2025-12-05 07:48:41 INFO     Training average loss at step 39900: 2.387656
2025-12-05 07:50:29 INFO     Training average positive_fact_loss at step 40000: 0.298359
2025-12-05 07:50:29 INFO     Training average negative_fact_loss at step 40000: 0.276700
2025-12-05 07:50:29 INFO     Training average positive_rule_loss at step 40000: 1.792380
2025-12-05 07:50:29 INFO     Training average negative_rule_loss at step 40000: 1.943017
2025-12-05 07:50:29 INFO     Training average L_uncertainty at step 40000: 22.662928
2025-12-05 07:50:29 INFO     Training average L_kl at step 40000: 22602.568926
2025-12-05 07:50:29 INFO     Training average L_sigma at step 40000: 6.035803
2025-12-05 07:50:29 INFO     Training average mu_mean at step 40000: -0.234199
2025-12-05 07:50:29 INFO     Training average sigma_mean at step 40000: 0.127697
2025-12-05 07:50:29 INFO     Training average regularization at step 40000: 0.006321
2025-12-05 07:50:29 INFO     Training average loss at step 40000: 2.388178
2025-12-05 07:50:29 INFO     Evaluating on Valid Dataset...
2025-12-05 07:50:29 INFO     >>>>> RuleE emb: Evaluating on valid
2025-12-05 07:50:49 INFO     Data : 4274
2025-12-05 07:50:49 INFO     Hit1 : 0.543051
2025-12-05 07:50:49 INFO     Hit3 : 0.783341
2025-12-05 07:50:49 INFO     Hit10: 0.942677
2025-12-05 07:50:49 INFO     MR   : 3.371549
2025-12-05 07:50:49 INFO     MRR  : 0.680906
2025-12-05 07:52:31 INFO     Training average positive_fact_loss at step 40100: 0.298822
2025-12-05 07:52:31 INFO     Training average negative_fact_loss at step 40100: 0.276502
2025-12-05 07:52:31 INFO     Training average positive_rule_loss at step 40100: 1.790729
2025-12-05 07:52:31 INFO     Training average negative_rule_loss at step 40100: 1.944006
2025-12-05 07:52:31 INFO     Training average L_uncertainty at step 40100: 22.655362
2025-12-05 07:52:31 INFO     Training average L_kl at step 40100: 22595.000176
2025-12-05 07:52:31 INFO     Training average L_sigma at step 40100: 6.036108
2025-12-05 07:52:31 INFO     Training average mu_mean at step 40100: -0.233992
2025-12-05 07:52:31 INFO     Training average sigma_mean at step 40100: 0.127696
2025-12-05 07:52:31 INFO     Training average regularization at step 40100: 0.006322
2025-12-05 07:52:31 INFO     Training average loss at step 40100: 2.387904
2025-12-05 07:54:12 INFO     Training average positive_fact_loss at step 40200: 0.299233
2025-12-05 07:54:12 INFO     Training average negative_fact_loss at step 40200: 0.277071
2025-12-05 07:54:12 INFO     Training average positive_rule_loss at step 40200: 1.791877
2025-12-05 07:54:12 INFO     Training average negative_rule_loss at step 40200: 1.944825
2025-12-05 07:54:12 INFO     Training average L_uncertainty at step 40200: 22.666074
2025-12-05 07:54:12 INFO     Training average L_kl at step 40200: 22605.583359
2025-12-05 07:54:12 INFO     Training average L_sigma at step 40200: 6.048966
2025-12-05 07:54:12 INFO     Training average mu_mean at step 40200: -0.233741
2025-12-05 07:54:12 INFO     Training average sigma_mean at step 40200: 0.127695
2025-12-05 07:54:12 INFO     Training average regularization at step 40200: 0.006320
2025-12-05 07:54:12 INFO     Training average loss at step 40200: 2.389483
2025-12-05 07:55:37 INFO     Training average positive_fact_loss at step 40300: 0.299064
2025-12-05 07:55:37 INFO     Training average negative_fact_loss at step 40300: 0.276313
2025-12-05 07:55:37 INFO     Training average positive_rule_loss at step 40300: 1.787642
2025-12-05 07:55:37 INFO     Training average negative_rule_loss at step 40300: 1.946640
2025-12-05 07:55:37 INFO     Training average L_uncertainty at step 40300: 22.652905
2025-12-05 07:55:37 INFO     Training average L_kl at step 40300: 22592.461875
2025-12-05 07:55:37 INFO     Training average L_sigma at step 40300: 6.044180
2025-12-05 07:55:37 INFO     Training average mu_mean at step 40300: -0.235628
2025-12-05 07:55:37 INFO     Training average sigma_mean at step 40300: 0.127698
2025-12-05 07:55:37 INFO     Training average regularization at step 40300: 0.006320
2025-12-05 07:55:37 INFO     Training average loss at step 40300: 2.387679
2025-12-05 07:57:12 INFO     Training average positive_fact_loss at step 40400: 0.298605
2025-12-05 07:57:12 INFO     Training average negative_fact_loss at step 40400: 0.276688
2025-12-05 07:57:12 INFO     Training average positive_rule_loss at step 40400: 1.786744
2025-12-05 07:57:12 INFO     Training average negative_rule_loss at step 40400: 1.947348
2025-12-05 07:57:12 INFO     Training average L_uncertainty at step 40400: 22.652578
2025-12-05 07:57:12 INFO     Training average L_kl at step 40400: 22592.151562
2025-12-05 07:57:12 INFO     Training average L_sigma at step 40400: 6.042572
2025-12-05 07:57:12 INFO     Training average mu_mean at step 40400: -0.233618
2025-12-05 07:57:12 INFO     Training average sigma_mean at step 40400: 0.127697
2025-12-05 07:57:12 INFO     Training average regularization at step 40400: 0.006319
2025-12-05 07:57:12 INFO     Training average loss at step 40400: 2.387538
2025-12-05 07:58:50 INFO     Training average positive_fact_loss at step 40500: 0.298722
2025-12-05 07:58:50 INFO     Training average negative_fact_loss at step 40500: 0.276761
2025-12-05 07:58:50 INFO     Training average positive_rule_loss at step 40500: 1.787836
2025-12-05 07:58:50 INFO     Training average negative_rule_loss at step 40500: 1.945715
2025-12-05 07:58:50 INFO     Training average L_uncertainty at step 40500: 22.676002
2025-12-05 07:58:50 INFO     Training average L_kl at step 40500: 22615.497324
2025-12-05 07:58:50 INFO     Training average L_sigma at step 40500: 6.050358
2025-12-05 07:58:50 INFO     Training average mu_mean at step 40500: -0.234133
2025-12-05 07:58:50 INFO     Training average sigma_mean at step 40500: 0.127699
2025-12-05 07:58:50 INFO     Training average regularization at step 40500: 0.006321
2025-12-05 07:58:50 INFO     Training average loss at step 40500: 2.387598
2025-12-05 08:00:32 INFO     Training average positive_fact_loss at step 40600: 0.299112
2025-12-05 08:00:32 INFO     Training average negative_fact_loss at step 40600: 0.276503
2025-12-05 08:00:32 INFO     Training average positive_rule_loss at step 40600: 1.791774
2025-12-05 08:00:32 INFO     Training average negative_rule_loss at step 40600: 1.944242
2025-12-05 08:00:32 INFO     Training average L_uncertainty at step 40600: 22.646404
2025-12-05 08:00:32 INFO     Training average L_kl at step 40600: 22586.028516
2025-12-05 08:00:32 INFO     Training average L_sigma at step 40600: 6.037450
2025-12-05 08:00:32 INFO     Training average mu_mean at step 40600: -0.233924
2025-12-05 08:00:32 INFO     Training average sigma_mean at step 40600: 0.127696
2025-12-05 08:00:32 INFO     Training average regularization at step 40600: 0.006319
2025-12-05 08:00:32 INFO     Training average loss at step 40600: 2.388598
2025-12-05 08:02:06 INFO     Training average positive_fact_loss at step 40700: 0.298509
2025-12-05 08:02:06 INFO     Training average negative_fact_loss at step 40700: 0.276488
2025-12-05 08:02:06 INFO     Training average positive_rule_loss at step 40700: 1.790431
2025-12-05 08:02:06 INFO     Training average negative_rule_loss at step 40700: 1.944166
2025-12-05 08:02:06 INFO     Training average L_uncertainty at step 40700: 22.660788
2025-12-05 08:02:06 INFO     Training average L_kl at step 40700: 22600.271055
2025-12-05 08:02:06 INFO     Training average L_sigma at step 40700: 6.051596
2025-12-05 08:02:06 INFO     Training average mu_mean at step 40700: -0.233641
2025-12-05 08:02:06 INFO     Training average sigma_mean at step 40700: 0.127698
2025-12-05 08:02:06 INFO     Training average regularization at step 40700: 0.006321
2025-12-05 08:02:06 INFO     Training average loss at step 40700: 2.387726
2025-12-05 08:03:54 INFO     Training average positive_fact_loss at step 40800: 0.298358
2025-12-05 08:03:54 INFO     Training average negative_fact_loss at step 40800: 0.276529
2025-12-05 08:03:54 INFO     Training average positive_rule_loss at step 40800: 1.797808
2025-12-05 08:03:54 INFO     Training average negative_rule_loss at step 40800: 1.940043
2025-12-05 08:03:54 INFO     Training average L_uncertainty at step 40800: 22.637448
2025-12-05 08:03:54 INFO     Training average L_kl at step 40800: 22576.929258
2025-12-05 08:03:54 INFO     Training average L_sigma at step 40800: 6.051745
2025-12-05 08:03:54 INFO     Training average mu_mean at step 40800: -0.234659
2025-12-05 08:03:54 INFO     Training average sigma_mean at step 40800: 0.127698
2025-12-05 08:03:54 INFO     Training average regularization at step 40800: 0.006322
2025-12-05 08:03:54 INFO     Training average loss at step 40800: 2.389066
2025-12-05 08:05:33 INFO     Training average positive_fact_loss at step 40900: 0.299039
2025-12-05 08:05:33 INFO     Training average negative_fact_loss at step 40900: 0.276645
2025-12-05 08:05:33 INFO     Training average positive_rule_loss at step 40900: 1.786938
2025-12-05 08:05:33 INFO     Training average negative_rule_loss at step 40900: 1.947857
2025-12-05 08:05:33 INFO     Training average L_uncertainty at step 40900: 22.624073
2025-12-05 08:05:33 INFO     Training average L_kl at step 40900: 22563.637207
2025-12-05 08:05:33 INFO     Training average L_sigma at step 40900: 6.043459
2025-12-05 08:05:33 INFO     Training average mu_mean at step 40900: -0.233882
2025-12-05 08:05:33 INFO     Training average sigma_mean at step 40900: 0.127698
2025-12-05 08:05:33 INFO     Training average regularization at step 40900: 0.006322
2025-12-05 08:05:33 INFO     Training average loss at step 40900: 2.387803
2025-12-05 08:06:55 INFO     Training average positive_fact_loss at step 41000: 0.298945
2025-12-05 08:06:55 INFO     Training average negative_fact_loss at step 41000: 0.276401
2025-12-05 08:06:55 INFO     Training average positive_rule_loss at step 41000: 1.788647
2025-12-05 08:06:55 INFO     Training average negative_rule_loss at step 41000: 1.946773
2025-12-05 08:06:55 INFO     Training average L_uncertainty at step 41000: 22.642305
2025-12-05 08:06:55 INFO     Training average L_kl at step 41000: 22581.797598
2025-12-05 08:06:55 INFO     Training average L_sigma at step 41000: 6.050602
2025-12-05 08:06:55 INFO     Training average mu_mean at step 41000: -0.233689
2025-12-05 08:06:55 INFO     Training average sigma_mean at step 41000: 0.127698
2025-12-05 08:06:55 INFO     Training average regularization at step 41000: 0.006322
2025-12-05 08:06:55 INFO     Training average loss at step 41000: 2.388128
2025-12-05 08:06:55 INFO     Evaluating on Valid Dataset...
2025-12-05 08:06:55 INFO     >>>>> RuleE emb: Evaluating on valid
2025-12-05 08:07:14 INFO     Data : 4274
2025-12-05 08:07:14 INFO     Hit1 : 0.542349
2025-12-05 08:07:14 INFO     Hit3 : 0.782639
2025-12-05 08:07:14 INFO     Hit10: 0.942209
2025-12-05 08:07:14 INFO     MR   : 3.374123
2025-12-05 08:07:14 INFO     MRR  : 0.680915
2025-12-05 08:08:50 INFO     Training average positive_fact_loss at step 41100: 0.298540
2025-12-05 08:08:50 INFO     Training average negative_fact_loss at step 41100: 0.276749
2025-12-05 08:08:50 INFO     Training average positive_rule_loss at step 41100: 1.790544
2025-12-05 08:08:50 INFO     Training average negative_rule_loss at step 41100: 1.942639
2025-12-05 08:08:50 INFO     Training average L_uncertainty at step 41100: 22.655062
2025-12-05 08:08:50 INFO     Training average L_kl at step 41100: 22594.629512
2025-12-05 08:08:50 INFO     Training average L_sigma at step 41100: 6.043160
2025-12-05 08:08:50 INFO     Training average mu_mean at step 41100: -0.232754
2025-12-05 08:08:50 INFO     Training average sigma_mean at step 41100: 0.127698
2025-12-05 08:08:50 INFO     Training average regularization at step 41100: 0.006323
2025-12-05 08:08:50 INFO     Training average loss at step 41100: 2.387110
2025-12-05 08:10:39 INFO     Training average positive_fact_loss at step 41200: 0.298640
2025-12-05 08:10:39 INFO     Training average negative_fact_loss at step 41200: 0.276524
2025-12-05 08:10:39 INFO     Training average positive_rule_loss at step 41200: 1.783908
2025-12-05 08:10:39 INFO     Training average negative_rule_loss at step 41200: 1.947816
2025-12-05 08:10:39 INFO     Training average L_uncertainty at step 41200: 22.678649
2025-12-05 08:10:39 INFO     Training average L_kl at step 41200: 22618.201758
2025-12-05 08:10:39 INFO     Training average L_sigma at step 41200: 6.044627
2025-12-05 08:10:39 INFO     Training average mu_mean at step 41200: -0.233333
2025-12-05 08:10:39 INFO     Training average sigma_mean at step 41200: 0.127697
2025-12-05 08:10:39 INFO     Training average regularization at step 41200: 0.006321
2025-12-05 08:10:39 INFO     Training average loss at step 41200: 2.386551
2025-12-05 08:12:13 INFO     Training average positive_fact_loss at step 41300: 0.299235
2025-12-05 08:12:13 INFO     Training average negative_fact_loss at step 41300: 0.276710
2025-12-05 08:12:13 INFO     Training average positive_rule_loss at step 41300: 1.789058
2025-12-05 08:12:13 INFO     Training average negative_rule_loss at step 41300: 1.944930
2025-12-05 08:12:13 INFO     Training average L_uncertainty at step 41300: 22.669747
2025-12-05 08:12:13 INFO     Training average L_kl at step 41300: 22609.148711
2025-12-05 08:12:13 INFO     Training average L_sigma at step 41300: 6.059678
2025-12-05 08:12:13 INFO     Training average mu_mean at step 41300: -0.233688
2025-12-05 08:12:13 INFO     Training average sigma_mean at step 41300: 0.127699
2025-12-05 08:12:13 INFO     Training average regularization at step 41300: 0.006321
2025-12-05 08:12:13 INFO     Training average loss at step 41300: 2.387985
2025-12-05 08:13:55 INFO     Training average positive_fact_loss at step 41400: 0.299144
2025-12-05 08:13:55 INFO     Training average negative_fact_loss at step 41400: 0.276472
2025-12-05 08:13:55 INFO     Training average positive_rule_loss at step 41400: 1.786343
2025-12-05 08:13:55 INFO     Training average negative_rule_loss at step 41400: 1.946532
2025-12-05 08:13:55 INFO     Training average L_uncertainty at step 41400: 22.655559
2025-12-05 08:13:55 INFO     Training average L_kl at step 41400: 22595.027539
2025-12-05 08:13:55 INFO     Training average L_sigma at step 41400: 6.053048
2025-12-05 08:13:55 INFO     Training average mu_mean at step 41400: -0.233072
2025-12-05 08:13:55 INFO     Training average sigma_mean at step 41400: 0.127698
2025-12-05 08:13:55 INFO     Training average regularization at step 41400: 0.006319
2025-12-05 08:13:55 INFO     Training average loss at step 41400: 2.387120
2025-12-05 08:15:30 INFO     Training average positive_fact_loss at step 41500: 0.298676
2025-12-05 08:15:30 INFO     Training average negative_fact_loss at step 41500: 0.276751
2025-12-05 08:15:30 INFO     Training average positive_rule_loss at step 41500: 1.794812
2025-12-05 08:15:30 INFO     Training average negative_rule_loss at step 41500: 1.941079
2025-12-05 08:15:30 INFO     Training average L_uncertainty at step 41500: 22.627630
2025-12-05 08:15:30 INFO     Training average L_kl at step 41500: 22567.126699
2025-12-05 08:15:30 INFO     Training average L_sigma at step 41500: 6.050178
2025-12-05 08:15:30 INFO     Training average mu_mean at step 41500: -0.233465
2025-12-05 08:15:30 INFO     Training average sigma_mean at step 41500: 0.127699
2025-12-05 08:15:30 INFO     Training average regularization at step 41500: 0.006322
2025-12-05 08:15:30 INFO     Training average loss at step 41500: 2.388257
2025-12-05 08:17:07 INFO     Training average positive_fact_loss at step 41600: 0.298778
2025-12-05 08:17:07 INFO     Training average negative_fact_loss at step 41600: 0.276413
2025-12-05 08:17:07 INFO     Training average positive_rule_loss at step 41600: 1.786775
2025-12-05 08:17:07 INFO     Training average negative_rule_loss at step 41600: 1.945614
2025-12-05 08:17:07 INFO     Training average L_uncertainty at step 41600: 22.666322
2025-12-05 08:17:07 INFO     Training average L_kl at step 41600: 22605.765352
2025-12-05 08:17:07 INFO     Training average L_sigma at step 41600: 6.055555
2025-12-05 08:17:07 INFO     Training average mu_mean at step 41600: -0.233267
2025-12-05 08:17:07 INFO     Training average sigma_mean at step 41600: 0.127699
2025-12-05 08:17:07 INFO     Training average regularization at step 41600: 0.006322
2025-12-05 08:17:07 INFO     Training average loss at step 41600: 2.386775
2025-12-05 08:18:31 INFO     Training average positive_fact_loss at step 41700: 0.298595
2025-12-05 08:18:31 INFO     Training average negative_fact_loss at step 41700: 0.276573
2025-12-05 08:18:31 INFO     Training average positive_rule_loss at step 41700: 1.788617
2025-12-05 08:18:31 INFO     Training average negative_rule_loss at step 41700: 1.943906
2025-12-05 08:18:31 INFO     Training average L_uncertainty at step 41700: 22.665584
2025-12-05 08:18:31 INFO     Training average L_kl at step 41700: 22605.097969
2025-12-05 08:18:31 INFO     Training average L_sigma at step 41700: 6.048519
2025-12-05 08:18:31 INFO     Training average mu_mean at step 41700: -0.233165
2025-12-05 08:18:31 INFO     Training average sigma_mean at step 41700: 0.127698
2025-12-05 08:18:31 INFO     Training average regularization at step 41700: 0.006320
2025-12-05 08:18:31 INFO     Training average loss at step 41700: 2.386822
2025-12-05 08:20:15 INFO     Training average positive_fact_loss at step 41800: 0.298678
2025-12-05 08:20:15 INFO     Training average negative_fact_loss at step 41800: 0.276744
2025-12-05 08:20:15 INFO     Training average positive_rule_loss at step 41800: 1.788213
2025-12-05 08:20:15 INFO     Training average negative_rule_loss at step 41800: 1.944313
2025-12-05 08:20:15 INFO     Training average L_uncertainty at step 41800: 22.645203
2025-12-05 08:20:15 INFO     Training average L_kl at step 41800: 22584.773789
2025-12-05 08:20:15 INFO     Training average L_sigma at step 41800: 6.042831
2025-12-05 08:20:15 INFO     Training average mu_mean at step 41800: -0.232951
2025-12-05 08:20:15 INFO     Training average sigma_mean at step 41800: 0.127697
2025-12-05 08:20:15 INFO     Training average regularization at step 41800: 0.006322
2025-12-05 08:20:15 INFO     Training average loss at step 41800: 2.386748
2025-12-05 08:21:52 INFO     Training average positive_fact_loss at step 41900: 0.298820
2025-12-05 08:21:52 INFO     Training average negative_fact_loss at step 41900: 0.276634
2025-12-05 08:21:52 INFO     Training average positive_rule_loss at step 41900: 1.788037
2025-12-05 08:21:52 INFO     Training average negative_rule_loss at step 41900: 1.944228
2025-12-05 08:21:52 INFO     Training average L_uncertainty at step 41900: 22.664558
2025-12-05 08:21:52 INFO     Training average L_kl at step 41900: 22604.054609
2025-12-05 08:21:52 INFO     Training average L_sigma at step 41900: 6.050281
2025-12-05 08:21:52 INFO     Training average mu_mean at step 41900: -0.232694
2025-12-05 08:21:52 INFO     Training average sigma_mean at step 41900: 0.127698
2025-12-05 08:21:52 INFO     Training average regularization at step 41900: 0.006322
2025-12-05 08:21:52 INFO     Training average loss at step 41900: 2.386826
2025-12-05 08:23:38 INFO     Training average positive_fact_loss at step 42000: 0.298785
2025-12-05 08:23:38 INFO     Training average negative_fact_loss at step 42000: 0.276315
2025-12-05 08:23:38 INFO     Training average positive_rule_loss at step 42000: 1.792747
2025-12-05 08:23:38 INFO     Training average negative_rule_loss at step 42000: 1.942347
2025-12-05 08:23:38 INFO     Training average L_uncertainty at step 42000: 22.623135
2025-12-05 08:23:38 INFO     Training average L_kl at step 42000: 22562.595039
2025-12-05 08:23:38 INFO     Training average L_sigma at step 42000: 6.053890
2025-12-05 08:23:38 INFO     Training average mu_mean at step 42000: -0.232679
2025-12-05 08:23:38 INFO     Training average sigma_mean at step 42000: 0.127698
2025-12-05 08:23:38 INFO     Training average regularization at step 42000: 0.006322
2025-12-05 08:23:38 INFO     Training average loss at step 42000: 2.387651
2025-12-05 08:23:38 INFO     Evaluating on Valid Dataset...
2025-12-05 08:23:38 INFO     >>>>> RuleE emb: Evaluating on valid
2025-12-05 08:23:57 INFO     Data : 4274
2025-12-05 08:23:57 INFO     Hit1 : 0.543519
2025-12-05 08:23:57 INFO     Hit3 : 0.782639
2025-12-05 08:23:57 INFO     Hit10: 0.942443
2025-12-05 08:23:57 INFO     MR   : 3.364998
2025-12-05 08:23:57 INFO     MRR  : 0.681485
2025-12-05 08:25:30 INFO     Training average positive_fact_loss at step 42100: 0.298401
2025-12-05 08:25:30 INFO     Training average negative_fact_loss at step 42100: 0.276675
2025-12-05 08:25:30 INFO     Training average positive_rule_loss at step 42100: 1.790887
2025-12-05 08:25:30 INFO     Training average negative_rule_loss at step 42100: 1.941049
2025-12-05 08:25:30 INFO     Training average L_uncertainty at step 42100: 22.655612
2025-12-05 08:25:30 INFO     Training average L_kl at step 42100: 22595.142305
2025-12-05 08:25:30 INFO     Training average L_sigma at step 42100: 6.046840
2025-12-05 08:25:30 INFO     Training average mu_mean at step 42100: -0.232246
2025-12-05 08:25:30 INFO     Training average sigma_mean at step 42100: 0.127698
2025-12-05 08:25:30 INFO     Training average regularization at step 42100: 0.006322
2025-12-05 08:25:30 INFO     Training average loss at step 42100: 2.386384
2025-12-05 08:27:15 INFO     Training average positive_fact_loss at step 42200: 0.299338
2025-12-05 08:27:15 INFO     Training average negative_fact_loss at step 42200: 0.276259
2025-12-05 08:27:15 INFO     Training average positive_rule_loss at step 42200: 1.786161
2025-12-05 08:27:15 INFO     Training average negative_rule_loss at step 42200: 1.945454
2025-12-05 08:27:15 INFO     Training average L_uncertainty at step 42200: 22.657779
2025-12-05 08:27:15 INFO     Training average L_kl at step 42200: 22597.262539
2025-12-05 08:27:15 INFO     Training average L_sigma at step 42200: 6.051535
2025-12-05 08:27:15 INFO     Training average mu_mean at step 42200: -0.231474
2025-12-05 08:27:15 INFO     Training average sigma_mean at step 42200: 0.127699
2025-12-05 08:27:15 INFO     Training average regularization at step 42200: 0.006324
2025-12-05 08:27:15 INFO     Training average loss at step 42200: 2.386507
2025-12-05 08:28:36 INFO     Training average positive_fact_loss at step 42300: 0.298550
2025-12-05 08:28:36 INFO     Training average negative_fact_loss at step 42300: 0.276955
2025-12-05 08:28:36 INFO     Training average positive_rule_loss at step 42300: 1.793997
2025-12-05 08:28:36 INFO     Training average negative_rule_loss at step 42300: 1.941266
2025-12-05 08:28:36 INFO     Training average L_uncertainty at step 42300: 22.631738
2025-12-05 08:28:36 INFO     Training average L_kl at step 42300: 22571.201699
2025-12-05 08:28:36 INFO     Training average L_sigma at step 42300: 6.053567
2025-12-05 08:28:36 INFO     Training average mu_mean at step 42300: -0.231960
2025-12-05 08:28:36 INFO     Training average sigma_mean at step 42300: 0.127699
2025-12-05 08:28:36 INFO     Training average regularization at step 42300: 0.006323
2025-12-05 08:28:36 INFO     Training average loss at step 42300: 2.388025
2025-12-05 08:30:19 INFO     Training average positive_fact_loss at step 42400: 0.298718
2025-12-05 08:30:19 INFO     Training average negative_fact_loss at step 42400: 0.276567
2025-12-05 08:30:19 INFO     Training average positive_rule_loss at step 42400: 1.786199
2025-12-05 08:30:19 INFO     Training average negative_rule_loss at step 42400: 1.945583
2025-12-05 08:30:19 INFO     Training average L_uncertainty at step 42400: 22.640995
2025-12-05 08:30:19 INFO     Training average L_kl at step 42400: 22580.559023
2025-12-05 08:30:19 INFO     Training average L_sigma at step 42400: 6.043491
2025-12-05 08:30:19 INFO     Training average mu_mean at step 42400: -0.233012
2025-12-05 08:30:19 INFO     Training average sigma_mean at step 42400: 0.127697
2025-12-05 08:30:19 INFO     Training average regularization at step 42400: 0.006323
2025-12-05 08:30:19 INFO     Training average loss at step 42400: 2.386266
2025-12-05 08:31:52 INFO     Training average positive_fact_loss at step 42500: 0.298588
2025-12-05 08:31:52 INFO     Training average negative_fact_loss at step 42500: 0.276490
2025-12-05 08:31:52 INFO     Training average positive_rule_loss at step 42500: 1.789616
2025-12-05 08:31:52 INFO     Training average negative_rule_loss at step 42500: 1.942806
2025-12-05 08:31:52 INFO     Training average L_uncertainty at step 42500: 22.636670
2025-12-05 08:31:52 INFO     Training average L_kl at step 42500: 22576.194434
2025-12-05 08:31:52 INFO     Training average L_sigma at step 42500: 6.047465
2025-12-05 08:31:52 INFO     Training average mu_mean at step 42500: -0.232428
2025-12-05 08:31:52 INFO     Training average sigma_mean at step 42500: 0.127698
2025-12-05 08:31:52 INFO     Training average regularization at step 42500: 0.006325
2025-12-05 08:31:52 INFO     Training average loss at step 42500: 2.386442
2025-12-05 08:33:39 INFO     Training average positive_fact_loss at step 42600: 0.298406
2025-12-05 08:33:39 INFO     Training average negative_fact_loss at step 42600: 0.276485
2025-12-05 08:33:39 INFO     Training average positive_rule_loss at step 42600: 1.787327
2025-12-05 08:33:39 INFO     Training average negative_rule_loss at step 42600: 1.944654
2025-12-05 08:33:39 INFO     Training average L_uncertainty at step 42600: 22.660098
2025-12-05 08:33:39 INFO     Training average L_kl at step 42600: 22599.628965
2025-12-05 08:33:39 INFO     Training average L_sigma at step 42600: 6.046849
2025-12-05 08:33:39 INFO     Training average mu_mean at step 42600: -0.232876
2025-12-05 08:33:39 INFO     Training average sigma_mean at step 42600: 0.127698
2025-12-05 08:33:39 INFO     Training average regularization at step 42600: 0.006323
2025-12-05 08:33:39 INFO     Training average loss at step 42600: 2.386360
2025-12-05 08:35:18 INFO     Training average positive_fact_loss at step 42700: 0.299439
2025-12-05 08:35:18 INFO     Training average negative_fact_loss at step 42700: 0.276658
2025-12-05 08:35:18 INFO     Training average positive_rule_loss at step 42700: 1.786754
2025-12-05 08:35:18 INFO     Training average negative_rule_loss at step 42700: 1.945101
2025-12-05 08:35:18 INFO     Training average L_uncertainty at step 42700: 22.664914
2025-12-05 08:35:18 INFO     Training average L_kl at step 42700: 22604.428594
2025-12-05 08:35:18 INFO     Training average L_sigma at step 42700: 6.048419
2025-12-05 08:35:18 INFO     Training average mu_mean at step 42700: -0.232475
2025-12-05 08:35:18 INFO     Training average sigma_mean at step 42700: 0.127698
2025-12-05 08:35:18 INFO     Training average regularization at step 42700: 0.006326
2025-12-05 08:35:18 INFO     Training average loss at step 42700: 2.386950
2025-12-05 08:36:59 INFO     Training average positive_fact_loss at step 42800: 0.298690
2025-12-05 08:36:59 INFO     Training average negative_fact_loss at step 42800: 0.276617
2025-12-05 08:36:59 INFO     Training average positive_rule_loss at step 42800: 1.789448
2025-12-05 08:36:59 INFO     Training average negative_rule_loss at step 42800: 1.942956
2025-12-05 08:36:59 INFO     Training average L_uncertainty at step 42800: 22.658722
2025-12-05 08:36:59 INFO     Training average L_kl at step 42800: 22598.205840
2025-12-05 08:36:59 INFO     Training average L_sigma at step 42800: 6.051532
2025-12-05 08:36:59 INFO     Training average mu_mean at step 42800: -0.232360
2025-12-05 08:36:59 INFO     Training average sigma_mean at step 42800: 0.127698
2025-12-05 08:36:59 INFO     Training average regularization at step 42800: 0.006324
2025-12-05 08:36:59 INFO     Training average loss at step 42800: 2.386767
2025-12-05 08:38:47 INFO     Training average positive_fact_loss at step 42900: 0.298859
2025-12-05 08:38:47 INFO     Training average negative_fact_loss at step 42900: 0.276620
2025-12-05 08:38:47 INFO     Training average positive_rule_loss at step 42900: 1.790599
2025-12-05 08:38:47 INFO     Training average negative_rule_loss at step 42900: 1.941046
2025-12-05 08:38:47 INFO     Training average L_uncertainty at step 42900: 22.652121
2025-12-05 08:38:47 INFO     Training average L_kl at step 42900: 22591.629609
2025-12-05 08:38:47 INFO     Training average L_sigma at step 42900: 6.049027
2025-12-05 08:38:47 INFO     Training average mu_mean at step 42900: -0.232024
2025-12-05 08:38:47 INFO     Training average sigma_mean at step 42900: 0.127698
2025-12-05 08:38:47 INFO     Training average regularization at step 42900: 0.006323
2025-12-05 08:38:47 INFO     Training average loss at step 42900: 2.386406
2025-12-05 08:40:55 INFO     Training average positive_fact_loss at step 43000: 0.298756
2025-12-05 08:40:55 INFO     Training average negative_fact_loss at step 43000: 0.276497
2025-12-05 08:40:55 INFO     Training average positive_rule_loss at step 43000: 1.784449
2025-12-05 08:40:55 INFO     Training average negative_rule_loss at step 43000: 1.946494
2025-12-05 08:40:55 INFO     Training average L_uncertainty at step 43000: 22.663548
2025-12-05 08:40:55 INFO     Training average L_kl at step 43000: 22602.979062
2025-12-05 08:40:55 INFO     Training average L_sigma at step 43000: 6.056797
2025-12-05 08:40:55 INFO     Training average mu_mean at step 43000: -0.231822
2025-12-05 08:40:55 INFO     Training average sigma_mean at step 43000: 0.127699
2025-12-05 08:40:55 INFO     Training average regularization at step 43000: 0.006324
2025-12-05 08:40:55 INFO     Training average loss at step 43000: 2.386058
2025-12-05 08:40:55 INFO     Evaluating on Valid Dataset...
2025-12-05 08:40:55 INFO     >>>>> RuleE emb: Evaluating on valid
2025-12-05 08:41:19 INFO     Data : 4274
2025-12-05 08:41:19 INFO     Hit1 : 0.542349
2025-12-05 08:41:19 INFO     Hit3 : 0.783341
2025-12-05 08:41:19 INFO     Hit10: 0.941975
2025-12-05 08:41:19 INFO     MR   : 3.361254
2025-12-05 08:41:19 INFO     MRR  : 0.681243
2025-12-05 08:43:09 INFO     Training average positive_fact_loss at step 43100: 0.298527
2025-12-05 08:43:09 INFO     Training average negative_fact_loss at step 43100: 0.276821
2025-12-05 08:43:09 INFO     Training average positive_rule_loss at step 43100: 1.792502
2025-12-05 08:43:09 INFO     Training average negative_rule_loss at step 43100: 1.940334
2025-12-05 08:43:09 INFO     Training average L_uncertainty at step 43100: 22.643295
2025-12-05 08:43:09 INFO     Training average L_kl at step 43100: 22582.906563
2025-12-05 08:43:09 INFO     Training average L_sigma at step 43100: 6.038751
2025-12-05 08:43:09 INFO     Training average mu_mean at step 43100: -0.231890
2025-12-05 08:43:09 INFO     Training average sigma_mean at step 43100: 0.127697
2025-12-05 08:43:09 INFO     Training average regularization at step 43100: 0.006322
2025-12-05 08:43:09 INFO     Training average loss at step 43100: 2.386847
2025-12-05 08:44:55 INFO     Training average positive_fact_loss at step 43200: 0.298783
2025-12-05 08:44:55 INFO     Training average negative_fact_loss at step 43200: 0.276412
2025-12-05 08:44:55 INFO     Training average positive_rule_loss at step 43200: 1.788558
2025-12-05 08:44:55 INFO     Training average negative_rule_loss at step 43200: 1.942672
2025-12-05 08:44:55 INFO     Training average L_uncertainty at step 43200: 22.654906
2025-12-05 08:44:55 INFO     Training average L_kl at step 43200: 22594.400293
2025-12-05 08:44:55 INFO     Training average L_sigma at step 43200: 6.050432
2025-12-05 08:44:55 INFO     Training average mu_mean at step 43200: -0.232736
2025-12-05 08:44:55 INFO     Training average sigma_mean at step 43200: 0.127698
2025-12-05 08:44:55 INFO     Training average regularization at step 43200: 0.006325
2025-12-05 08:44:55 INFO     Training average loss at step 43200: 2.386087
2025-12-05 08:46:34 INFO     Training average positive_fact_loss at step 43300: 0.299063
2025-12-05 08:46:34 INFO     Training average negative_fact_loss at step 43300: 0.276483
2025-12-05 08:46:34 INFO     Training average positive_rule_loss at step 43300: 1.790223
2025-12-05 08:46:34 INFO     Training average negative_rule_loss at step 43300: 1.941896
2025-12-05 08:46:34 INFO     Training average L_uncertainty at step 43300: 22.648729
2025-12-05 08:46:34 INFO     Training average L_kl at step 43300: 22588.326484
2025-12-05 08:46:34 INFO     Training average L_sigma at step 43300: 6.040122
2025-12-05 08:46:34 INFO     Training average mu_mean at step 43300: -0.232349
2025-12-05 08:46:34 INFO     Training average sigma_mean at step 43300: 0.127697
2025-12-05 08:46:34 INFO     Training average regularization at step 43300: 0.006324
2025-12-05 08:46:34 INFO     Training average loss at step 43300: 2.386644
2025-12-05 08:48:16 INFO     Training average positive_fact_loss at step 43400: 0.298687
2025-12-05 08:48:16 INFO     Training average negative_fact_loss at step 43400: 0.276364
2025-12-05 08:48:16 INFO     Training average positive_rule_loss at step 43400: 1.786193
2025-12-05 08:48:16 INFO     Training average negative_rule_loss at step 43400: 1.944376
2025-12-05 08:48:16 INFO     Training average L_uncertainty at step 43400: 22.656857
2025-12-05 08:48:16 INFO     Training average L_kl at step 43400: 22596.371191
2025-12-05 08:48:16 INFO     Training average L_sigma at step 43400: 6.048466
2025-12-05 08:48:16 INFO     Training average mu_mean at step 43400: -0.230803
2025-12-05 08:48:16 INFO     Training average sigma_mean at step 43400: 0.127697
2025-12-05 08:48:16 INFO     Training average regularization at step 43400: 0.006324
2025-12-05 08:48:16 INFO     Training average loss at step 43400: 2.385703
2025-12-05 08:49:51 INFO     Training average positive_fact_loss at step 43500: 0.298627
2025-12-05 08:49:51 INFO     Training average negative_fact_loss at step 43500: 0.276604
2025-12-05 08:49:51 INFO     Training average positive_rule_loss at step 43500: 1.789776
2025-12-05 08:49:51 INFO     Training average negative_rule_loss at step 43500: 1.941498
2025-12-05 08:49:51 INFO     Training average L_uncertainty at step 43500: 22.638120
2025-12-05 08:49:51 INFO     Training average L_kl at step 43500: 22577.476426
2025-12-05 08:49:51 INFO     Training average L_sigma at step 43500: 6.064236
2025-12-05 08:49:51 INFO     Training average mu_mean at step 43500: -0.230887
2025-12-05 08:49:51 INFO     Training average sigma_mean at step 43500: 0.127700
2025-12-05 08:49:51 INFO     Training average regularization at step 43500: 0.006323
2025-12-05 08:49:51 INFO     Training average loss at step 43500: 2.385956
2025-12-05 08:51:18 INFO     Training average positive_fact_loss at step 43600: 0.299029
2025-12-05 08:51:18 INFO     Training average negative_fact_loss at step 43600: 0.276439
2025-12-05 08:51:18 INFO     Training average positive_rule_loss at step 43600: 1.786751
2025-12-05 08:51:18 INFO     Training average negative_rule_loss at step 43600: 1.945759
2025-12-05 08:51:18 INFO     Training average L_uncertainty at step 43600: 22.619726
2025-12-05 08:51:18 INFO     Training average L_kl at step 43600: 22559.269922
2025-12-05 08:51:18 INFO     Training average L_sigma at step 43600: 6.045512
2025-12-05 08:51:18 INFO     Training average mu_mean at step 43600: -0.230715
2025-12-05 08:51:18 INFO     Training average sigma_mean at step 43600: 0.127698
2025-12-05 08:51:18 INFO     Training average regularization at step 43600: 0.006323
2025-12-05 08:51:18 INFO     Training average loss at step 43600: 2.386509
2025-12-05 08:52:53 INFO     Training average positive_fact_loss at step 43700: 0.298610
2025-12-05 08:52:53 INFO     Training average negative_fact_loss at step 43700: 0.276708
2025-12-05 08:52:53 INFO     Training average positive_rule_loss at step 43700: 1.784315
2025-12-05 08:52:53 INFO     Training average negative_rule_loss at step 43700: 1.948053
2025-12-05 08:52:53 INFO     Training average L_uncertainty at step 43700: 22.651120
2025-12-05 08:52:53 INFO     Training average L_kl at step 43700: 22590.684102
2025-12-05 08:52:53 INFO     Training average L_sigma at step 43700: 6.043529
2025-12-05 08:52:53 INFO     Training average mu_mean at step 43700: -0.232713
2025-12-05 08:52:53 INFO     Training average sigma_mean at step 43700: 0.127697
2025-12-05 08:52:53 INFO     Training average regularization at step 43700: 0.006321
2025-12-05 08:52:53 INFO     Training average loss at step 43700: 2.386675
2025-12-05 08:54:34 INFO     Training average positive_fact_loss at step 43800: 0.299031
2025-12-05 08:54:34 INFO     Training average negative_fact_loss at step 43800: 0.276255
2025-12-05 08:54:34 INFO     Training average positive_rule_loss at step 43800: 1.787904
2025-12-05 08:54:34 INFO     Training average negative_rule_loss at step 43800: 1.942471
2025-12-05 08:54:34 INFO     Training average L_uncertainty at step 43800: 22.654131
2025-12-05 08:54:34 INFO     Training average L_kl at step 43800: 22593.732402
2025-12-05 08:54:34 INFO     Training average L_sigma at step 43800: 6.039766
2025-12-05 08:54:34 INFO     Training average mu_mean at step 43800: -0.231214
2025-12-05 08:54:34 INFO     Training average sigma_mean at step 43800: 0.127697
2025-12-05 08:54:34 INFO     Training average regularization at step 43800: 0.006323
2025-12-05 08:54:34 INFO     Training average loss at step 43800: 2.385694
2025-12-05 08:56:11 INFO     Training average positive_fact_loss at step 43900: 0.298195
2025-12-05 08:56:11 INFO     Training average negative_fact_loss at step 43900: 0.276579
2025-12-05 08:56:11 INFO     Training average positive_rule_loss at step 43900: 1.790659
2025-12-05 08:56:11 INFO     Training average negative_rule_loss at step 43900: 1.940956
2025-12-05 08:56:11 INFO     Training average L_uncertainty at step 43900: 22.629994
2025-12-05 08:56:11 INFO     Training average L_kl at step 43900: 22569.436172
2025-12-05 08:56:11 INFO     Training average L_sigma at step 43900: 6.055648
2025-12-05 08:56:11 INFO     Training average mu_mean at step 43900: -0.230351
2025-12-05 08:56:11 INFO     Training average sigma_mean at step 43900: 0.127699
2025-12-05 08:56:11 INFO     Training average regularization at step 43900: 0.006323
2025-12-05 08:56:11 INFO     Training average loss at step 43900: 2.385818
2025-12-05 08:57:56 INFO     Training average positive_fact_loss at step 44000: 0.299148
2025-12-05 08:57:56 INFO     Training average negative_fact_loss at step 44000: 0.276502
2025-12-05 08:57:56 INFO     Training average positive_rule_loss at step 44000: 1.790424
2025-12-05 08:57:56 INFO     Training average negative_rule_loss at step 44000: 1.942164
2025-12-05 08:57:56 INFO     Training average L_uncertainty at step 44000: 22.629467
2025-12-05 08:57:56 INFO     Training average L_kl at step 44000: 22568.930566
2025-12-05 08:57:56 INFO     Training average L_sigma at step 44000: 6.053586
2025-12-05 08:57:56 INFO     Training average mu_mean at step 44000: -0.232494
2025-12-05 08:57:56 INFO     Training average sigma_mean at step 44000: 0.127699
2025-12-05 08:57:56 INFO     Training average regularization at step 44000: 0.006326
2025-12-05 08:57:56 INFO     Training average loss at step 44000: 2.386740
2025-12-05 08:57:56 INFO     Evaluating on Valid Dataset...
2025-12-05 08:57:56 INFO     >>>>> RuleE emb: Evaluating on valid
2025-12-05 08:58:16 INFO     Data : 4274
2025-12-05 08:58:16 INFO     Hit1 : 0.543519
2025-12-05 08:58:16 INFO     Hit3 : 0.783575
2025-12-05 08:58:16 INFO     Hit10: 0.942911
2025-12-05 08:58:16 INFO     MR   : 3.366869
2025-12-05 08:58:16 INFO     MRR  : 0.681428
2025-12-05 08:59:52 INFO     Training average positive_fact_loss at step 44100: 0.298470
2025-12-05 08:59:52 INFO     Training average negative_fact_loss at step 44100: 0.276496
2025-12-05 08:59:52 INFO     Training average positive_rule_loss at step 44100: 1.788497
2025-12-05 08:59:52 INFO     Training average negative_rule_loss at step 44100: 1.942445
2025-12-05 08:59:52 INFO     Training average L_uncertainty at step 44100: 22.637959
2025-12-05 08:59:52 INFO     Training average L_kl at step 44100: 22577.462070
2025-12-05 08:59:52 INFO     Training average L_sigma at step 44100: 6.049578
2025-12-05 08:59:52 INFO     Training average mu_mean at step 44100: -0.230870
2025-12-05 08:59:52 INFO     Training average sigma_mean at step 44100: 0.127698
2025-12-05 08:59:52 INFO     Training average regularization at step 44100: 0.006324
2025-12-05 08:59:52 INFO     Training average loss at step 44100: 2.385658
2025-12-05 09:01:24 INFO     Training average positive_fact_loss at step 44200: 0.298681
2025-12-05 09:01:24 INFO     Training average negative_fact_loss at step 44200: 0.276623
2025-12-05 09:01:24 INFO     Training average positive_rule_loss at step 44200: 1.792060
2025-12-05 09:01:24 INFO     Training average negative_rule_loss at step 44200: 1.939642
2025-12-05 09:01:24 INFO     Training average L_uncertainty at step 44200: 22.636911
2025-12-05 09:01:24 INFO     Training average L_kl at step 44200: 22576.339844
2025-12-05 09:01:24 INFO     Training average L_sigma at step 44200: 6.056971
2025-12-05 09:01:24 INFO     Training average mu_mean at step 44200: -0.231713
2025-12-05 09:01:24 INFO     Training average sigma_mean at step 44200: 0.127699
2025-12-05 09:01:24 INFO     Training average regularization at step 44200: 0.006325
2025-12-05 09:01:24 INFO     Training average loss at step 44200: 2.386198
2025-12-05 09:02:50 INFO     Training average positive_fact_loss at step 44300: 0.298727
2025-12-05 09:02:50 INFO     Training average negative_fact_loss at step 44300: 0.276576
2025-12-05 09:02:50 INFO     Training average positive_rule_loss at step 44300: 1.789821
2025-12-05 09:02:50 INFO     Training average negative_rule_loss at step 44300: 1.941365
2025-12-05 09:02:50 INFO     Training average L_uncertainty at step 44300: 22.632960
2025-12-05 09:02:50 INFO     Training average L_kl at step 44300: 22572.471836
2025-12-05 09:02:50 INFO     Training average L_sigma at step 44300: 6.048735
2025-12-05 09:02:50 INFO     Training average mu_mean at step 44300: -0.232900
2025-12-05 09:02:50 INFO     Training average sigma_mean at step 44300: 0.127698
2025-12-05 09:02:50 INFO     Training average regularization at step 44300: 0.006325
2025-12-05 09:02:50 INFO     Training average loss at step 44300: 2.385899
2025-12-05 09:04:37 INFO     Training average positive_fact_loss at step 44400: 0.298433
2025-12-05 09:04:37 INFO     Training average negative_fact_loss at step 44400: 0.276499
2025-12-05 09:04:37 INFO     Training average positive_rule_loss at step 44400: 1.785586
2025-12-05 09:04:37 INFO     Training average negative_rule_loss at step 44400: 1.945071
2025-12-05 09:04:37 INFO     Training average L_uncertainty at step 44400: 22.651452
2025-12-05 09:04:37 INFO     Training average L_kl at step 44400: 22591.114336
2025-12-05 09:04:37 INFO     Training average L_sigma at step 44400: 6.033688
2025-12-05 09:04:37 INFO     Training average mu_mean at step 44400: -0.231120
2025-12-05 09:04:37 INFO     Training average sigma_mean at step 44400: 0.127696
2025-12-05 09:04:37 INFO     Training average regularization at step 44400: 0.006327
2025-12-05 09:04:37 INFO     Training average loss at step 44400: 2.385636
2025-12-05 09:06:11 INFO     Training average positive_fact_loss at step 44500: 0.298194
2025-12-05 09:06:11 INFO     Training average negative_fact_loss at step 44500: 0.276466
2025-12-05 09:06:11 INFO     Training average positive_rule_loss at step 44500: 1.788636
2025-12-05 09:06:11 INFO     Training average negative_rule_loss at step 44500: 1.941770
2025-12-05 09:06:11 INFO     Training average L_uncertainty at step 44500: 22.640997
2025-12-05 09:06:11 INFO     Training average L_kl at step 44500: 22580.531914
2025-12-05 09:06:11 INFO     Training average L_sigma at step 44500: 6.046351
2025-12-05 09:06:11 INFO     Training average mu_mean at step 44500: -0.230170
2025-12-05 09:06:11 INFO     Training average sigma_mean at step 44500: 0.127697
2025-12-05 09:06:11 INFO     Training average regularization at step 44500: 0.006329
2025-12-05 09:06:11 INFO     Training average loss at step 44500: 2.385272
2025-12-05 09:07:53 INFO     Training average positive_fact_loss at step 44600: 0.299116
2025-12-05 09:07:53 INFO     Training average negative_fact_loss at step 44600: 0.276389
2025-12-05 09:07:53 INFO     Training average positive_rule_loss at step 44600: 1.788456
2025-12-05 09:07:53 INFO     Training average negative_rule_loss at step 44600: 1.942400
2025-12-05 09:07:53 INFO     Training average L_uncertainty at step 44600: 22.639056
2025-12-05 09:07:53 INFO     Training average L_kl at step 44600: 22578.614863
2025-12-05 09:07:53 INFO     Training average L_sigma at step 44600: 6.043966
2025-12-05 09:07:53 INFO     Training average mu_mean at step 44600: -0.231530
2025-12-05 09:07:53 INFO     Training average sigma_mean at step 44600: 0.127698
2025-12-05 09:07:53 INFO     Training average regularization at step 44600: 0.006330
2025-12-05 09:07:53 INFO     Training average loss at step 44600: 2.385902
2025-12-05 09:09:28 INFO     Training average positive_fact_loss at step 44700: 0.298166
2025-12-05 09:09:28 INFO     Training average negative_fact_loss at step 44700: 0.276821
2025-12-05 09:09:28 INFO     Training average positive_rule_loss at step 44700: 1.782943
2025-12-05 09:09:28 INFO     Training average negative_rule_loss at step 44700: 1.945871
2025-12-05 09:09:28 INFO     Training average L_uncertainty at step 44700: 22.664475
2025-12-05 09:09:28 INFO     Training average L_kl at step 44700: 22603.992031
2025-12-05 09:09:28 INFO     Training average L_sigma at step 44700: 6.048225
2025-12-05 09:09:28 INFO     Training average mu_mean at step 44700: -0.231360
2025-12-05 09:09:28 INFO     Training average sigma_mean at step 44700: 0.127699
2025-12-05 09:09:28 INFO     Training average regularization at step 44700: 0.006330
2025-12-05 09:09:28 INFO     Training average loss at step 44700: 2.384875
2025-12-05 09:11:12 INFO     Training average positive_fact_loss at step 44800: 0.299322
2025-12-05 09:11:12 INFO     Training average negative_fact_loss at step 44800: 0.276254
2025-12-05 09:11:12 INFO     Training average positive_rule_loss at step 44800: 1.789084
2025-12-05 09:11:12 INFO     Training average negative_rule_loss at step 44800: 1.941433
2025-12-05 09:11:12 INFO     Training average L_uncertainty at step 44800: 22.649022
2025-12-05 09:11:12 INFO     Training average L_kl at step 44800: 22588.504492
2025-12-05 09:11:12 INFO     Training average L_sigma at step 44800: 6.051596
2025-12-05 09:11:12 INFO     Training average mu_mean at step 44800: -0.230299
2025-12-05 09:11:12 INFO     Training average sigma_mean at step 44800: 0.127698
2025-12-05 09:11:12 INFO     Training average regularization at step 44800: 0.006332
2025-12-05 09:11:12 INFO     Training average loss at step 44800: 2.385869
2025-12-05 09:12:28 INFO     Training average positive_fact_loss at step 44900: 0.298558
2025-12-05 09:12:28 INFO     Training average negative_fact_loss at step 44900: 0.276515
2025-12-05 09:12:28 INFO     Training average positive_rule_loss at step 44900: 1.785874
2025-12-05 09:12:28 INFO     Training average negative_rule_loss at step 44900: 1.945492
2025-12-05 09:12:28 INFO     Training average L_uncertainty at step 44900: 22.636964
2025-12-05 09:12:28 INFO     Training average L_kl at step 44900: 22576.507930
2025-12-05 09:12:28 INFO     Training average L_sigma at step 44900: 6.045496
2025-12-05 09:12:28 INFO     Training average mu_mean at step 44900: -0.231052
2025-12-05 09:12:28 INFO     Training average sigma_mean at step 44900: 0.127697
2025-12-05 09:12:28 INFO     Training average regularization at step 44900: 0.006332
2025-12-05 09:12:28 INFO     Training average loss at step 44900: 2.385921
2025-12-05 09:14:11 INFO     Training average positive_fact_loss at step 45000: 0.298958
2025-12-05 09:14:11 INFO     Training average negative_fact_loss at step 45000: 0.276713
2025-12-05 09:14:11 INFO     Training average positive_rule_loss at step 45000: 1.782822
2025-12-05 09:14:11 INFO     Training average negative_rule_loss at step 45000: 1.945357
2025-12-05 09:14:11 INFO     Training average L_uncertainty at step 45000: 22.648706
2025-12-05 09:14:11 INFO     Training average L_kl at step 45000: 22588.161035
2025-12-05 09:14:11 INFO     Training average L_sigma at step 45000: 6.054361
2025-12-05 09:14:11 INFO     Training average mu_mean at step 45000: -0.229597
2025-12-05 09:14:11 INFO     Training average sigma_mean at step 45000: 0.127699
2025-12-05 09:14:11 INFO     Training average regularization at step 45000: 0.006330
2025-12-05 09:14:11 INFO     Training average loss at step 45000: 2.384742
2025-12-05 09:14:11 INFO     Evaluating on Valid Dataset...
2025-12-05 09:14:11 INFO     >>>>> RuleE emb: Evaluating on valid
2025-12-05 09:14:30 INFO     Data : 4274
2025-12-05 09:14:30 INFO     Hit1 : 0.542349
2025-12-05 09:14:30 INFO     Hit3 : 0.782405
2025-12-05 09:14:30 INFO     Hit10: 0.942911
2025-12-05 09:14:30 INFO     MR   : 3.365466
2025-12-05 09:14:30 INFO     MRR  : 0.681055
2025-12-05 09:16:09 INFO     Training average positive_fact_loss at step 45100: 0.298875
2025-12-05 09:16:09 INFO     Training average negative_fact_loss at step 45100: 0.276487
2025-12-05 09:16:09 INFO     Training average positive_rule_loss at step 45100: 1.788477
2025-12-05 09:16:09 INFO     Training average negative_rule_loss at step 45100: 1.941309
2025-12-05 09:16:09 INFO     Training average L_uncertainty at step 45100: 22.658729
2025-12-05 09:16:09 INFO     Training average L_kl at step 45100: 22598.265391
2025-12-05 09:16:09 INFO     Training average L_sigma at step 45100: 6.046227
2025-12-05 09:16:09 INFO     Training average mu_mean at step 45100: -0.230157
2025-12-05 09:16:09 INFO     Training average sigma_mean at step 45100: 0.127698
2025-12-05 09:16:09 INFO     Training average regularization at step 45100: 0.006330
2025-12-05 09:16:09 INFO     Training average loss at step 45100: 2.385492
2025-12-05 09:17:53 INFO     Training average positive_fact_loss at step 45200: 0.298816
2025-12-05 09:17:53 INFO     Training average negative_fact_loss at step 45200: 0.276457
2025-12-05 09:17:53 INFO     Training average positive_rule_loss at step 45200: 1.790098
2025-12-05 09:17:53 INFO     Training average negative_rule_loss at step 45200: 1.941546
2025-12-05 09:17:53 INFO     Training average L_uncertainty at step 45200: 22.609441
2025-12-05 09:17:53 INFO     Training average L_kl at step 45200: 22549.025508
2025-12-05 09:17:53 INFO     Training average L_sigma at step 45200: 6.041483
2025-12-05 09:17:53 INFO     Training average mu_mean at step 45200: -0.231183
2025-12-05 09:17:53 INFO     Training average sigma_mean at step 45200: 0.127697
2025-12-05 09:17:53 INFO     Training average regularization at step 45200: 0.006330
2025-12-05 09:17:53 INFO     Training average loss at step 45200: 2.385883
2025-12-05 09:19:26 INFO     Training average positive_fact_loss at step 45300: 0.298252
2025-12-05 09:19:26 INFO     Training average negative_fact_loss at step 45300: 0.276577
2025-12-05 09:19:26 INFO     Training average positive_rule_loss at step 45300: 1.791802
2025-12-05 09:19:26 INFO     Training average negative_rule_loss at step 45300: 1.939677
2025-12-05 09:19:26 INFO     Training average L_uncertainty at step 45300: 22.627685
2025-12-05 09:19:26 INFO     Training average L_kl at step 45300: 22567.271074
2025-12-05 09:19:26 INFO     Training average L_sigma at step 45300: 6.041268
2025-12-05 09:19:26 INFO     Training average mu_mean at step 45300: -0.229454
2025-12-05 09:19:26 INFO     Training average sigma_mean at step 45300: 0.127697
2025-12-05 09:19:26 INFO     Training average regularization at step 45300: 0.006329
2025-12-05 09:19:26 INFO     Training average loss at step 45300: 2.385760
2025-12-05 09:21:11 INFO     Training average positive_fact_loss at step 45400: 0.298899
2025-12-05 09:21:11 INFO     Training average negative_fact_loss at step 45400: 0.276568
2025-12-05 09:21:11 INFO     Training average positive_rule_loss at step 45400: 1.787004
2025-12-05 09:21:11 INFO     Training average negative_rule_loss at step 45400: 1.942806
2025-12-05 09:21:11 INFO     Training average L_uncertainty at step 45400: 22.628855
2025-12-05 09:21:11 INFO     Training average L_kl at step 45400: 22568.387383
2025-12-05 09:21:11 INFO     Training average L_sigma at step 45400: 6.046628
2025-12-05 09:21:11 INFO     Training average mu_mean at step 45400: -0.231851
2025-12-05 09:21:11 INFO     Training average sigma_mean at step 45400: 0.127698
2025-12-05 09:21:11 INFO     Training average regularization at step 45400: 0.006330
2025-12-05 09:21:11 INFO     Training average loss at step 45400: 2.385257
2025-12-05 09:22:41 INFO     Training average positive_fact_loss at step 45500: 0.298756
2025-12-05 09:22:41 INFO     Training average negative_fact_loss at step 45500: 0.276412
2025-12-05 09:22:41 INFO     Training average positive_rule_loss at step 45500: 1.786031
2025-12-05 09:22:41 INFO     Training average negative_rule_loss at step 45500: 1.942991
2025-12-05 09:22:41 INFO     Training average L_uncertainty at step 45500: 22.644001
2025-12-05 09:22:41 INFO     Training average L_kl at step 45500: 22583.563223
2025-12-05 09:22:41 INFO     Training average L_sigma at step 45500: 6.043720
2025-12-05 09:22:41 INFO     Training average mu_mean at step 45500: -0.230546
2025-12-05 09:22:41 INFO     Training average sigma_mean at step 45500: 0.127697
2025-12-05 09:22:41 INFO     Training average regularization at step 45500: 0.006333
2025-12-05 09:22:41 INFO     Training average loss at step 45500: 2.384867
2025-12-05 09:24:17 INFO     Training average positive_fact_loss at step 45600: 0.298191
2025-12-05 09:24:17 INFO     Training average negative_fact_loss at step 45600: 0.276661
2025-12-05 09:24:17 INFO     Training average positive_rule_loss at step 45600: 1.788598
2025-12-05 09:24:17 INFO     Training average negative_rule_loss at step 45600: 1.941474
2025-12-05 09:24:17 INFO     Training average L_uncertainty at step 45600: 22.644440
2025-12-05 09:24:17 INFO     Training average L_kl at step 45600: 22583.939492
2025-12-05 09:24:17 INFO     Training average L_sigma at step 45600: 6.049942
2025-12-05 09:24:17 INFO     Training average mu_mean at step 45600: -0.230028
2025-12-05 09:24:17 INFO     Training average sigma_mean at step 45600: 0.127699
2025-12-05 09:24:17 INFO     Training average regularization at step 45600: 0.006332
2025-12-05 09:24:17 INFO     Training average loss at step 45600: 2.385237
2025-12-05 09:25:52 INFO     Training average positive_fact_loss at step 45700: 0.299560
2025-12-05 09:25:52 INFO     Training average negative_fact_loss at step 45700: 0.276669
2025-12-05 09:25:52 INFO     Training average positive_rule_loss at step 45700: 1.784669
2025-12-05 09:25:52 INFO     Training average negative_rule_loss at step 45700: 1.943575
2025-12-05 09:25:52 INFO     Training average L_uncertainty at step 45700: 22.652009
2025-12-05 09:25:52 INFO     Training average L_kl at step 45700: 22591.540234
2025-12-05 09:25:52 INFO     Training average L_sigma at step 45700: 6.046720
2025-12-05 09:25:52 INFO     Training average mu_mean at step 45700: -0.229593
2025-12-05 09:25:52 INFO     Training average sigma_mean at step 45700: 0.127698
2025-12-05 09:25:52 INFO     Training average regularization at step 45700: 0.006332
2025-12-05 09:25:52 INFO     Training average loss at step 45700: 2.385088
2025-12-05 09:27:38 INFO     Training average positive_fact_loss at step 45800: 0.298951
2025-12-05 09:27:38 INFO     Training average negative_fact_loss at step 45800: 0.276389
2025-12-05 09:27:38 INFO     Training average positive_rule_loss at step 45800: 1.790029
2025-12-05 09:27:38 INFO     Training average negative_rule_loss at step 45800: 1.941187
2025-12-05 09:27:38 INFO     Training average L_uncertainty at step 45800: 22.629639
2025-12-05 09:27:38 INFO     Training average L_kl at step 45800: 22569.174277
2025-12-05 09:27:38 INFO     Training average L_sigma at step 45800: 6.046351
2025-12-05 09:27:38 INFO     Training average mu_mean at step 45800: -0.229671
2025-12-05 09:27:38 INFO     Training average sigma_mean at step 45800: 0.127698
2025-12-05 09:27:38 INFO     Training average regularization at step 45800: 0.006330
2025-12-05 09:27:38 INFO     Training average loss at step 45800: 2.385905
2025-12-05 09:29:15 INFO     Training average positive_fact_loss at step 45900: 0.298478
2025-12-05 09:29:15 INFO     Training average negative_fact_loss at step 45900: 0.276609
2025-12-05 09:29:15 INFO     Training average positive_rule_loss at step 45900: 1.785762
2025-12-05 09:29:15 INFO     Training average negative_rule_loss at step 45900: 1.943634
2025-12-05 09:29:15 INFO     Training average L_uncertainty at step 45900: 22.637254
2025-12-05 09:29:15 INFO     Training average L_kl at step 45900: 22576.728340
2025-12-05 09:29:15 INFO     Training average L_sigma at step 45900: 6.052444
2025-12-05 09:29:15 INFO     Training average mu_mean at step 45900: -0.230676
2025-12-05 09:29:15 INFO     Training average sigma_mean at step 45900: 0.127698
2025-12-05 09:29:15 INFO     Training average regularization at step 45900: 0.006333
2025-12-05 09:29:15 INFO     Training average loss at step 45900: 2.384947
2025-12-05 09:30:55 INFO     Training average positive_fact_loss at step 46000: 0.298997
2025-12-05 09:30:55 INFO     Training average negative_fact_loss at step 46000: 0.276619
2025-12-05 09:30:55 INFO     Training average positive_rule_loss at step 46000: 1.783137
2025-12-05 09:30:55 INFO     Training average negative_rule_loss at step 46000: 1.946135
2025-12-05 09:30:55 INFO     Training average L_uncertainty at step 46000: 22.648763
2025-12-05 09:30:55 INFO     Training average L_kl at step 46000: 22588.300566
2025-12-05 09:30:55 INFO     Training average L_sigma at step 46000: 6.046181
2025-12-05 09:30:55 INFO     Training average mu_mean at step 46000: -0.230183
2025-12-05 09:30:55 INFO     Training average sigma_mean at step 46000: 0.127698
2025-12-05 09:30:55 INFO     Training average regularization at step 46000: 0.006327
2025-12-05 09:30:55 INFO     Training average loss at step 46000: 2.385259
2025-12-05 09:30:55 INFO     Evaluating on Valid Dataset...
2025-12-05 09:30:55 INFO     >>>>> RuleE emb: Evaluating on valid
2025-12-05 09:31:14 INFO     Data : 4274
2025-12-05 09:31:14 INFO     Hit1 : 0.544221
2025-12-05 09:31:14 INFO     Hit3 : 0.785213
2025-12-05 09:31:14 INFO     Hit10: 0.942677
2025-12-05 09:31:14 INFO     MR   : 3.360552
2025-12-05 09:31:14 INFO     MRR  : 0.681976
2025-12-05 09:32:50 INFO     Training average positive_fact_loss at step 46100: 0.298227
2025-12-05 09:32:50 INFO     Training average negative_fact_loss at step 46100: 0.276572
2025-12-05 09:32:50 INFO     Training average positive_rule_loss at step 46100: 1.785480
2025-12-05 09:32:50 INFO     Training average negative_rule_loss at step 46100: 1.943247
2025-12-05 09:32:50 INFO     Training average L_uncertainty at step 46100: 22.644157
2025-12-05 09:32:50 INFO     Training average L_kl at step 46100: 22583.764824
2025-12-05 09:32:50 INFO     Training average L_sigma at step 46100: 6.039150
2025-12-05 09:32:50 INFO     Training average mu_mean at step 46100: -0.230000
2025-12-05 09:32:50 INFO     Training average sigma_mean at step 46100: 0.127697
2025-12-05 09:32:50 INFO     Training average regularization at step 46100: 0.006328
2025-12-05 09:32:50 INFO     Training average loss at step 46100: 2.384533
2025-12-05 09:34:18 INFO     Training average positive_fact_loss at step 46200: 0.298774
2025-12-05 09:34:18 INFO     Training average negative_fact_loss at step 46200: 0.276483
2025-12-05 09:34:18 INFO     Training average positive_rule_loss at step 46200: 1.789899
2025-12-05 09:34:18 INFO     Training average negative_rule_loss at step 46200: 1.940269
2025-12-05 09:34:18 INFO     Training average L_uncertainty at step 46200: 22.624080
2025-12-05 09:34:18 INFO     Training average L_kl at step 46200: 22563.524922
2025-12-05 09:34:18 INFO     Training average L_sigma at step 46200: 6.055351
2025-12-05 09:34:18 INFO     Training average mu_mean at step 46200: -0.229303
2025-12-05 09:34:18 INFO     Training average sigma_mean at step 46200: 0.127698
2025-12-05 09:34:18 INFO     Training average regularization at step 46200: 0.006332
2025-12-05 09:34:18 INFO     Training average loss at step 46200: 2.385285
2025-12-05 09:35:54 INFO     Training average positive_fact_loss at step 46300: 0.298730
2025-12-05 09:35:54 INFO     Training average negative_fact_loss at step 46300: 0.276441
2025-12-05 09:35:54 INFO     Training average positive_rule_loss at step 46300: 1.788617
2025-12-05 09:35:54 INFO     Training average negative_rule_loss at step 46300: 1.940030
2025-12-05 09:35:54 INFO     Training average L_uncertainty at step 46300: 22.633629
2025-12-05 09:35:54 INFO     Training average L_kl at step 46300: 22573.091621
2025-12-05 09:35:54 INFO     Training average L_sigma at step 46300: 6.053625
2025-12-05 09:35:54 INFO     Training average mu_mean at step 46300: -0.229168
2025-12-05 09:35:54 INFO     Training average sigma_mean at step 46300: 0.127699
2025-12-05 09:35:54 INFO     Training average regularization at step 46300: 0.006332
2025-12-05 09:35:54 INFO     Training average loss at step 46300: 2.384577
2025-12-05 09:37:35 INFO     Training average positive_fact_loss at step 46400: 0.299023
2025-12-05 09:37:35 INFO     Training average negative_fact_loss at step 46400: 0.276413
2025-12-05 09:37:35 INFO     Training average positive_rule_loss at step 46400: 1.785196
2025-12-05 09:37:35 INFO     Training average negative_rule_loss at step 46400: 1.942043
2025-12-05 09:37:35 INFO     Training average L_uncertainty at step 46400: 22.651142
2025-12-05 09:37:35 INFO     Training average L_kl at step 46400: 22590.732539
2025-12-05 09:37:35 INFO     Training average L_sigma at step 46400: 6.040798
2025-12-05 09:37:35 INFO     Training average mu_mean at step 46400: -0.228687
2025-12-05 09:37:35 INFO     Training average sigma_mean at step 46400: 0.127697
2025-12-05 09:37:35 INFO     Training average regularization at step 46400: 0.006330
2025-12-05 09:37:35 INFO     Training average loss at step 46400: 2.384179
2025-12-05 09:39:11 INFO     Training average positive_fact_loss at step 46500: 0.298719
2025-12-05 09:39:11 INFO     Training average negative_fact_loss at step 46500: 0.276742
2025-12-05 09:39:11 INFO     Training average positive_rule_loss at step 46500: 1.783672
2025-12-05 09:39:11 INFO     Training average negative_rule_loss at step 46500: 1.944272
2025-12-05 09:39:11 INFO     Training average L_uncertainty at step 46500: 22.631854
2025-12-05 09:39:11 INFO     Training average L_kl at step 46500: 22571.298457
2025-12-05 09:39:11 INFO     Training average L_sigma at step 46500: 6.055460
2025-12-05 09:39:11 INFO     Training average mu_mean at step 46500: -0.229003
2025-12-05 09:39:11 INFO     Training average sigma_mean at step 46500: 0.127699
2025-12-05 09:39:11 INFO     Training average regularization at step 46500: 0.006329
2025-12-05 09:39:11 INFO     Training average loss at step 46500: 2.384350
2025-12-05 09:40:59 INFO     Training average positive_fact_loss at step 46600: 0.298496
2025-12-05 09:40:59 INFO     Training average negative_fact_loss at step 46600: 0.276485
2025-12-05 09:40:59 INFO     Training average positive_rule_loss at step 46600: 1.787813
2025-12-05 09:40:59 INFO     Training average negative_rule_loss at step 46600: 1.940051
2025-12-05 09:40:59 INFO     Training average L_uncertainty at step 46600: 22.654204
2025-12-05 09:40:59 INFO     Training average L_kl at step 46600: 22593.760723
2025-12-05 09:40:59 INFO     Training average L_sigma at step 46600: 6.044212
2025-12-05 09:40:59 INFO     Training average mu_mean at step 46600: -0.228816
2025-12-05 09:40:59 INFO     Training average sigma_mean at step 46600: 0.127698
2025-12-05 09:40:59 INFO     Training average regularization at step 46600: 0.006331
2025-12-05 09:40:59 INFO     Training average loss at step 46600: 2.384295
2025-12-05 09:42:33 INFO     Training average positive_fact_loss at step 46700: 0.299428
2025-12-05 09:42:33 INFO     Training average negative_fact_loss at step 46700: 0.276561
2025-12-05 09:42:33 INFO     Training average positive_rule_loss at step 46700: 1.785144
2025-12-05 09:42:33 INFO     Training average negative_rule_loss at step 46700: 1.942198
2025-12-05 09:42:33 INFO     Training average L_uncertainty at step 46700: 22.650123
2025-12-05 09:42:33 INFO     Training average L_kl at step 46700: 22589.700449
2025-12-05 09:42:33 INFO     Training average L_sigma at step 46700: 6.042154
2025-12-05 09:42:33 INFO     Training average mu_mean at step 46700: -0.229519
2025-12-05 09:42:33 INFO     Training average sigma_mean at step 46700: 0.127697
2025-12-05 09:42:33 INFO     Training average regularization at step 46700: 0.006333
2025-12-05 09:42:33 INFO     Training average loss at step 46700: 2.384501
2025-12-05 09:44:06 INFO     Training average positive_fact_loss at step 46800: 0.298195
2025-12-05 09:44:06 INFO     Training average negative_fact_loss at step 46800: 0.276583
2025-12-05 09:44:06 INFO     Training average positive_rule_loss at step 46800: 1.788834
2025-12-05 09:44:06 INFO     Training average negative_rule_loss at step 46800: 1.940795
2025-12-05 09:44:06 INFO     Training average L_uncertainty at step 46800: 22.627150
2025-12-05 09:44:06 INFO     Training average L_kl at step 46800: 22566.631953
2025-12-05 09:44:06 INFO     Training average L_sigma at step 46800: 6.051701
2025-12-05 09:44:06 INFO     Training average mu_mean at step 46800: -0.228385
2025-12-05 09:44:06 INFO     Training average sigma_mean at step 46800: 0.127698
2025-12-05 09:44:06 INFO     Training average regularization at step 46800: 0.006331
2025-12-05 09:44:06 INFO     Training average loss at step 46800: 2.384806
2025-12-05 09:45:33 INFO     Training average positive_fact_loss at step 46900: 0.299064
2025-12-05 09:45:33 INFO     Training average negative_fact_loss at step 46900: 0.276381
2025-12-05 09:45:33 INFO     Training average positive_rule_loss at step 46900: 1.785319
2025-12-05 09:45:33 INFO     Training average negative_rule_loss at step 46900: 1.942088
2025-12-05 09:45:33 INFO     Training average L_uncertainty at step 46900: 22.647534
2025-12-05 09:45:33 INFO     Training average L_kl at step 46900: 22587.051563
2025-12-05 09:45:33 INFO     Training average L_sigma at step 46900: 6.048124
2025-12-05 09:45:33 INFO     Training average mu_mean at step 46900: -0.229628
2025-12-05 09:45:33 INFO     Training average sigma_mean at step 46900: 0.127698
2025-12-05 09:45:33 INFO     Training average regularization at step 46900: 0.006331
2025-12-05 09:45:33 INFO     Training average loss at step 46900: 2.384233
2025-12-05 09:47:19 INFO     Training average positive_fact_loss at step 47000: 0.298866
2025-12-05 09:47:19 INFO     Training average negative_fact_loss at step 47000: 0.276632
2025-12-05 09:47:19 INFO     Training average positive_rule_loss at step 47000: 1.787435
2025-12-05 09:47:19 INFO     Training average negative_rule_loss at step 47000: 1.940030
2025-12-05 09:47:19 INFO     Training average L_uncertainty at step 47000: 22.646557
2025-12-05 09:47:19 INFO     Training average L_kl at step 47000: 22586.049883
2025-12-05 09:47:19 INFO     Training average L_sigma at step 47000: 6.050624
2025-12-05 09:47:19 INFO     Training average mu_mean at step 47000: -0.228527
2025-12-05 09:47:19 INFO     Training average sigma_mean at step 47000: 0.127698
2025-12-05 09:47:19 INFO     Training average regularization at step 47000: 0.006331
2025-12-05 09:47:19 INFO     Training average loss at step 47000: 2.384278
2025-12-05 09:47:19 INFO     Evaluating on Valid Dataset...
2025-12-05 09:47:19 INFO     >>>>> RuleE emb: Evaluating on valid
2025-12-05 09:47:38 INFO     Data : 4274
2025-12-05 09:47:38 INFO     Hit1 : 0.545157
2025-12-05 09:47:38 INFO     Hit3 : 0.783809
2025-12-05 09:47:38 INFO     Hit10: 0.942677
2025-12-05 09:47:38 INFO     MR   : 3.359850
2025-12-05 09:47:38 INFO     MRR  : 0.682370
2025-12-05 09:49:10 INFO     Training average positive_fact_loss at step 47100: 0.298084
2025-12-05 09:49:10 INFO     Training average negative_fact_loss at step 47100: 0.276436
2025-12-05 09:49:10 INFO     Training average positive_rule_loss at step 47100: 1.789196
2025-12-05 09:49:10 INFO     Training average negative_rule_loss at step 47100: 1.939519
2025-12-05 09:49:10 INFO     Training average L_uncertainty at step 47100: 22.618814
2025-12-05 09:49:10 INFO     Training average L_kl at step 47100: 22558.276387
2025-12-05 09:49:10 INFO     Training average L_sigma at step 47100: 6.053623
2025-12-05 09:49:10 INFO     Training average mu_mean at step 47100: -0.228411
2025-12-05 09:49:10 INFO     Training average sigma_mean at step 47100: 0.127699
2025-12-05 09:49:10 INFO     Training average regularization at step 47100: 0.006329
2025-12-05 09:49:10 INFO     Training average loss at step 47100: 2.384135
2025-12-05 09:50:53 INFO     Training average positive_fact_loss at step 47200: 0.299469
2025-12-05 09:50:53 INFO     Training average negative_fact_loss at step 47200: 0.276717
2025-12-05 09:50:53 INFO     Training average positive_rule_loss at step 47200: 1.785853
2025-12-05 09:50:53 INFO     Training average negative_rule_loss at step 47200: 1.941744
2025-12-05 09:50:53 INFO     Training average L_uncertainty at step 47200: 22.636428
2025-12-05 09:50:53 INFO     Training average L_kl at step 47200: 22575.981133
2025-12-05 09:50:53 INFO     Training average L_sigma at step 47200: 6.044606
2025-12-05 09:50:53 INFO     Training average mu_mean at step 47200: -0.229195
2025-12-05 09:50:53 INFO     Training average sigma_mean at step 47200: 0.127698
2025-12-05 09:50:53 INFO     Training average regularization at step 47200: 0.006331
2025-12-05 09:50:53 INFO     Training average loss at step 47200: 2.384587
2025-12-05 09:52:31 INFO     Training average positive_fact_loss at step 47300: 0.298368
2025-12-05 09:52:31 INFO     Training average negative_fact_loss at step 47300: 0.276630
2025-12-05 09:52:31 INFO     Training average positive_rule_loss at step 47300: 1.785687
2025-12-05 09:52:31 INFO     Training average negative_rule_loss at step 47300: 1.941041
2025-12-05 09:52:31 INFO     Training average L_uncertainty at step 47300: 22.626023
2025-12-05 09:52:31 INFO     Training average L_kl at step 47300: 22565.527168
2025-12-05 09:52:31 INFO     Training average L_sigma at step 47300: 6.049459
2025-12-05 09:52:31 INFO     Training average mu_mean at step 47300: -0.226823
2025-12-05 09:52:31 INFO     Training average sigma_mean at step 47300: 0.127698
2025-12-05 09:52:31 INFO     Training average regularization at step 47300: 0.006331
2025-12-05 09:52:31 INFO     Training average loss at step 47300: 2.383455
2025-12-05 09:54:03 INFO     Training average positive_fact_loss at step 47400: 0.299459
2025-12-05 09:54:03 INFO     Training average negative_fact_loss at step 47400: 0.276597
2025-12-05 09:54:03 INFO     Training average positive_rule_loss at step 47400: 1.783771
2025-12-05 09:54:03 INFO     Training average negative_rule_loss at step 47400: 1.942743
2025-12-05 09:54:03 INFO     Training average L_uncertainty at step 47400: 22.624578
2025-12-05 09:54:03 INFO     Training average L_kl at step 47400: 22563.957656
2025-12-05 09:54:03 INFO     Training average L_sigma at step 47400: 6.061954
2025-12-05 09:54:03 INFO     Training average mu_mean at step 47400: -0.227550
2025-12-05 09:54:03 INFO     Training average sigma_mean at step 47400: 0.127700
2025-12-05 09:54:03 INFO     Training average regularization at step 47400: 0.006332
2025-12-05 09:54:03 INFO     Training average loss at step 47400: 2.383863
2025-12-05 09:54:50 INFO     Training average positive_fact_loss at step 47500: 0.298317
2025-12-05 09:54:50 INFO     Training average negative_fact_loss at step 47500: 0.276385
2025-12-05 09:54:50 INFO     Training average positive_rule_loss at step 47500: 1.785701
2025-12-05 09:54:50 INFO     Training average negative_rule_loss at step 47500: 1.942361
2025-12-05 09:54:50 INFO     Training average L_uncertainty at step 47500: 22.638609
2025-12-05 09:54:50 INFO     Training average L_kl at step 47500: 22578.218145
2025-12-05 09:54:50 INFO     Training average L_sigma at step 47500: 6.038958
2025-12-05 09:54:50 INFO     Training average mu_mean at step 47500: -0.227853
2025-12-05 09:54:50 INFO     Training average sigma_mean at step 47500: 0.127697
2025-12-05 09:54:50 INFO     Training average regularization at step 47500: 0.006331
2025-12-05 09:54:50 INFO     Training average loss at step 47500: 2.384100
2025-12-05 09:55:50 INFO     Training average positive_fact_loss at step 47600: 0.298244
2025-12-05 09:55:50 INFO     Training average negative_fact_loss at step 47600: 0.276538
2025-12-05 09:55:50 INFO     Training average positive_rule_loss at step 47600: 1.781935
2025-12-05 09:55:50 INFO     Training average negative_rule_loss at step 47600: 1.944442
2025-12-05 09:55:50 INFO     Training average L_uncertainty at step 47600: 22.643975
2025-12-05 09:55:50 INFO     Training average L_kl at step 47600: 22583.556270
2025-12-05 09:55:50 INFO     Training average L_sigma at step 47600: 6.041732
2025-12-05 09:55:50 INFO     Training average mu_mean at step 47600: -0.227367
2025-12-05 09:55:50 INFO     Training average sigma_mean at step 47600: 0.127697
2025-12-05 09:55:50 INFO     Training average regularization at step 47600: 0.006332
2025-12-05 09:55:50 INFO     Training average loss at step 47600: 2.383352
2025-12-05 09:56:56 INFO     Training average positive_fact_loss at step 47700: 0.298757
2025-12-05 09:56:56 INFO     Training average negative_fact_loss at step 47700: 0.276440
2025-12-05 09:56:56 INFO     Training average positive_rule_loss at step 47700: 1.781428
2025-12-05 09:56:56 INFO     Training average negative_rule_loss at step 47700: 1.945650
2025-12-05 09:56:56 INFO     Training average L_uncertainty at step 47700: 22.637740
2025-12-05 09:56:56 INFO     Training average L_kl at step 47700: 22577.230273
2025-12-05 09:56:56 INFO     Training average L_sigma at step 47700: 6.050825
2025-12-05 09:56:56 INFO     Training average mu_mean at step 47700: -0.228143
2025-12-05 09:56:56 INFO     Training average sigma_mean at step 47700: 0.127698
2025-12-05 09:56:56 INFO     Training average regularization at step 47700: 0.006333
2025-12-05 09:56:56 INFO     Training average loss at step 47700: 2.383848
2025-12-05 09:58:46 INFO     Training average positive_fact_loss at step 47800: 0.298907
2025-12-05 09:58:46 INFO     Training average negative_fact_loss at step 47800: 0.276412
2025-12-05 09:58:46 INFO     Training average positive_rule_loss at step 47800: 1.790282
2025-12-05 09:58:46 INFO     Training average negative_rule_loss at step 47800: 1.938281
2025-12-05 09:58:46 INFO     Training average L_uncertainty at step 47800: 22.611983
2025-12-05 09:58:46 INFO     Training average L_kl at step 47800: 22551.397988
2025-12-05 09:58:46 INFO     Training average L_sigma at step 47800: 6.058423
2025-12-05 09:58:46 INFO     Training average mu_mean at step 47800: -0.227715
2025-12-05 09:58:46 INFO     Training average sigma_mean at step 47800: 0.127699
2025-12-05 09:58:46 INFO     Training average regularization at step 47800: 0.006333
2025-12-05 09:58:46 INFO     Training average loss at step 47800: 2.384394
2025-12-05 10:00:22 INFO     Training average positive_fact_loss at step 47900: 0.298403
2025-12-05 10:00:22 INFO     Training average negative_fact_loss at step 47900: 0.276816
2025-12-05 10:00:22 INFO     Training average positive_rule_loss at step 47900: 1.783417
2025-12-05 10:00:22 INFO     Training average negative_rule_loss at step 47900: 1.942565
2025-12-05 10:00:22 INFO     Training average L_uncertainty at step 47900: 22.627215
2025-12-05 10:00:22 INFO     Training average L_kl at step 47900: 22566.807812
2025-12-05 10:00:22 INFO     Training average L_sigma at step 47900: 6.040586
2025-12-05 10:00:22 INFO     Training average mu_mean at step 47900: -0.227362
2025-12-05 10:00:22 INFO     Training average sigma_mean at step 47900: 0.127697
2025-12-05 10:00:22 INFO     Training average regularization at step 47900: 0.006336
2025-12-05 10:00:22 INFO     Training average loss at step 47900: 2.383209
2025-12-05 10:01:29 INFO     Training average positive_fact_loss at step 48000: 0.298721
2025-12-05 10:01:29 INFO     Training average negative_fact_loss at step 48000: 0.276496
2025-12-05 10:01:29 INFO     Training average positive_rule_loss at step 48000: 1.788813
2025-12-05 10:01:29 INFO     Training average negative_rule_loss at step 48000: 1.939345
2025-12-05 10:01:29 INFO     Training average L_uncertainty at step 48000: 22.621955
2025-12-05 10:01:29 INFO     Training average L_kl at step 48000: 22561.455586
2025-12-05 10:01:29 INFO     Training average L_sigma at step 48000: 6.049800
2025-12-05 10:01:29 INFO     Training average mu_mean at step 48000: -0.227208
2025-12-05 10:01:29 INFO     Training average sigma_mean at step 48000: 0.127699
2025-12-05 10:01:29 INFO     Training average regularization at step 48000: 0.006337
2025-12-05 10:01:29 INFO     Training average loss at step 48000: 2.384244
2025-12-05 10:01:29 INFO     Evaluating on Valid Dataset...
2025-12-05 10:01:29 INFO     >>>>> RuleE emb: Evaluating on valid
2025-12-05 10:01:39 INFO     Data : 4274
2025-12-05 10:01:39 INFO     Hit1 : 0.544689
2025-12-05 10:01:39 INFO     Hit3 : 0.782639
2025-12-05 10:01:39 INFO     Hit10: 0.944314
2025-12-05 10:01:39 INFO     MR   : 3.356575
2025-12-05 10:01:39 INFO     MRR  : 0.682235
2025-12-05 10:02:30 INFO     Training average positive_fact_loss at step 48100: 0.298813
2025-12-05 10:02:30 INFO     Training average negative_fact_loss at step 48100: 0.276653
2025-12-05 10:02:30 INFO     Training average positive_rule_loss at step 48100: 1.783570
2025-12-05 10:02:30 INFO     Training average negative_rule_loss at step 48100: 1.944375
2025-12-05 10:02:30 INFO     Training average L_uncertainty at step 48100: 22.614219
2025-12-05 10:02:30 INFO     Training average L_kl at step 48100: 22553.686426
2025-12-05 10:02:30 INFO     Training average L_sigma at step 48100: 6.053130
2025-12-05 10:02:30 INFO     Training average mu_mean at step 48100: -0.228308
2025-12-05 10:02:30 INFO     Training average sigma_mean at step 48100: 0.127699
2025-12-05 10:02:30 INFO     Training average regularization at step 48100: 0.006335
2025-12-05 10:02:30 INFO     Training average loss at step 48100: 2.384183
2025-12-05 10:03:26 INFO     Training average positive_fact_loss at step 48200: 0.298681
2025-12-05 10:03:26 INFO     Training average negative_fact_loss at step 48200: 0.276517
2025-12-05 10:03:26 INFO     Training average positive_rule_loss at step 48200: 1.784330
2025-12-05 10:03:26 INFO     Training average negative_rule_loss at step 48200: 1.941813
2025-12-05 10:03:26 INFO     Training average L_uncertainty at step 48200: 22.629403
2025-12-05 10:03:26 INFO     Training average L_kl at step 48200: 22569.023359
2025-12-05 10:03:26 INFO     Training average L_sigma at step 48200: 6.037829
2025-12-05 10:03:26 INFO     Training average mu_mean at step 48200: -0.226780
2025-12-05 10:03:26 INFO     Training average sigma_mean at step 48200: 0.127697
2025-12-05 10:03:26 INFO     Training average regularization at step 48200: 0.006336
2025-12-05 10:03:26 INFO     Training average loss at step 48200: 2.383300
2025-12-05 10:04:21 INFO     Training average positive_fact_loss at step 48300: 0.298804
2025-12-05 10:04:21 INFO     Training average negative_fact_loss at step 48300: 0.276535
2025-12-05 10:04:21 INFO     Training average positive_rule_loss at step 48300: 1.785752
2025-12-05 10:04:21 INFO     Training average negative_rule_loss at step 48300: 1.941230
2025-12-05 10:04:21 INFO     Training average L_uncertainty at step 48300: 22.623476
2025-12-05 10:04:21 INFO     Training average L_kl at step 48300: 22563.020352
2025-12-05 10:04:21 INFO     Training average L_sigma at step 48300: 6.045477
2025-12-05 10:04:21 INFO     Training average mu_mean at step 48300: -0.227461
2025-12-05 10:04:21 INFO     Training average sigma_mean at step 48300: 0.127698
2025-12-05 10:04:21 INFO     Training average regularization at step 48300: 0.006336
2025-12-05 10:04:21 INFO     Training average loss at step 48300: 2.383732
2025-12-05 10:05:21 INFO     Training average positive_fact_loss at step 48400: 0.298698
2025-12-05 10:05:21 INFO     Training average negative_fact_loss at step 48400: 0.276255
2025-12-05 10:05:21 INFO     Training average positive_rule_loss at step 48400: 1.786833
2025-12-05 10:05:21 INFO     Training average negative_rule_loss at step 48400: 1.939525
2025-12-05 10:05:21 INFO     Training average L_uncertainty at step 48400: 22.624655
2025-12-05 10:05:21 INFO     Training average L_kl at step 48400: 22564.083086
2025-12-05 10:05:21 INFO     Training average L_sigma at step 48400: 6.057062
2025-12-05 10:05:21 INFO     Training average mu_mean at step 48400: -0.226364
2025-12-05 10:05:21 INFO     Training average sigma_mean at step 48400: 0.127699
2025-12-05 10:05:21 INFO     Training average regularization at step 48400: 0.006337
2025-12-05 10:05:21 INFO     Training average loss at step 48400: 2.383239
2025-12-05 10:06:17 INFO     Training average positive_fact_loss at step 48500: 0.298562
2025-12-05 10:06:17 INFO     Training average negative_fact_loss at step 48500: 0.276558
2025-12-05 10:06:17 INFO     Training average positive_rule_loss at step 48500: 1.781912
2025-12-05 10:06:17 INFO     Training average negative_rule_loss at step 48500: 1.943039
2025-12-05 10:06:17 INFO     Training average L_uncertainty at step 48500: 22.648186
2025-12-05 10:06:17 INFO     Training average L_kl at step 48500: 22587.755625
2025-12-05 10:06:17 INFO     Training average L_sigma at step 48500: 6.042958
2025-12-05 10:06:17 INFO     Training average mu_mean at step 48500: -0.226796
2025-12-05 10:06:17 INFO     Training average sigma_mean at step 48500: 0.127697
2025-12-05 10:06:17 INFO     Training average regularization at step 48500: 0.006337
2025-12-05 10:06:17 INFO     Training average loss at step 48500: 2.382855
2025-12-05 10:07:17 INFO     Training average positive_fact_loss at step 48600: 0.298833
2025-12-05 10:07:17 INFO     Training average negative_fact_loss at step 48600: 0.276618
2025-12-05 10:07:17 INFO     Training average positive_rule_loss at step 48600: 1.786162
2025-12-05 10:07:17 INFO     Training average negative_rule_loss at step 48600: 1.939591
2025-12-05 10:07:17 INFO     Training average L_uncertainty at step 48600: 22.645129
2025-12-05 10:07:17 INFO     Training average L_kl at step 48600: 22584.632793
2025-12-05 10:07:17 INFO     Training average L_sigma at step 48600: 6.049569
2025-12-05 10:07:17 INFO     Training average mu_mean at step 48600: -0.226778
2025-12-05 10:07:17 INFO     Training average sigma_mean at step 48600: 0.127698
2025-12-05 10:07:17 INFO     Training average regularization at step 48600: 0.006337
2025-12-05 10:07:17 INFO     Training average loss at step 48600: 2.383391
2025-12-05 10:08:14 INFO     Training average positive_fact_loss at step 48700: 0.298495
2025-12-05 10:08:14 INFO     Training average negative_fact_loss at step 48700: 0.276370
2025-12-05 10:08:14 INFO     Training average positive_rule_loss at step 48700: 1.779684
2025-12-05 10:08:14 INFO     Training average negative_rule_loss at step 48700: 1.945883
2025-12-05 10:08:14 INFO     Training average L_uncertainty at step 48700: 22.620547
2025-12-05 10:08:14 INFO     Training average L_kl at step 48700: 22560.127031
2025-12-05 10:08:14 INFO     Training average L_sigma at step 48700: 6.041848
2025-12-05 10:08:14 INFO     Training average mu_mean at step 48700: -0.226123
2025-12-05 10:08:14 INFO     Training average sigma_mean at step 48700: 0.127697
2025-12-05 10:08:14 INFO     Training average regularization at step 48700: 0.006334
2025-12-05 10:08:14 INFO     Training average loss at step 48700: 2.382756
2025-12-05 10:09:05 INFO     Training average positive_fact_loss at step 48800: 0.299350
2025-12-05 10:09:05 INFO     Training average negative_fact_loss at step 48800: 0.276649
2025-12-05 10:09:05 INFO     Training average positive_rule_loss at step 48800: 1.786913
2025-12-05 10:09:05 INFO     Training average negative_rule_loss at step 48800: 1.938833
2025-12-05 10:09:05 INFO     Training average L_uncertainty at step 48800: 22.638406
2025-12-05 10:09:05 INFO     Training average L_kl at step 48800: 22577.786484
2025-12-05 10:09:05 INFO     Training average L_sigma at step 48800: 6.061798
2025-12-05 10:09:05 INFO     Training average mu_mean at step 48800: -0.226101
2025-12-05 10:09:05 INFO     Training average sigma_mean at step 48800: 0.127699
2025-12-05 10:09:05 INFO     Training average regularization at step 48800: 0.006336
2025-12-05 10:09:05 INFO     Training average loss at step 48800: 2.383592
2025-12-05 10:10:01 INFO     Training average positive_fact_loss at step 48900: 0.298860
2025-12-05 10:10:01 INFO     Training average negative_fact_loss at step 48900: 0.276673
2025-12-05 10:10:01 INFO     Training average positive_rule_loss at step 48900: 1.782209
2025-12-05 10:10:01 INFO     Training average negative_rule_loss at step 48900: 1.944411
2025-12-05 10:10:01 INFO     Training average L_uncertainty at step 48900: 22.620923
2025-12-05 10:10:01 INFO     Training average L_kl at step 48900: 22560.529336
2025-12-05 10:10:01 INFO     Training average L_sigma at step 48900: 6.039288
2025-12-05 10:10:01 INFO     Training average mu_mean at step 48900: -0.227155
2025-12-05 10:10:01 INFO     Training average sigma_mean at step 48900: 0.127697
2025-12-05 10:10:01 INFO     Training average regularization at step 48900: 0.006334
2025-12-05 10:10:01 INFO     Training average loss at step 48900: 2.383620
2025-12-05 10:11:01 INFO     Training average positive_fact_loss at step 49000: 0.298072
2025-12-05 10:11:01 INFO     Training average negative_fact_loss at step 49000: 0.276510
2025-12-05 10:11:01 INFO     Training average positive_rule_loss at step 49000: 1.787874
2025-12-05 10:11:01 INFO     Training average negative_rule_loss at step 49000: 1.937863
2025-12-05 10:11:01 INFO     Training average L_uncertainty at step 49000: 22.611202
2025-12-05 10:11:01 INFO     Training average L_kl at step 49000: 22550.797969
2025-12-05 10:11:01 INFO     Training average L_sigma at step 49000: 6.040339
2025-12-05 10:11:01 INFO     Training average mu_mean at step 49000: -0.226716
2025-12-05 10:11:01 INFO     Training average sigma_mean at step 49000: 0.127697
2025-12-05 10:11:01 INFO     Training average regularization at step 49000: 0.006336
2025-12-05 10:11:01 INFO     Training average loss at step 49000: 2.382608
2025-12-05 10:11:01 INFO     Evaluating on Valid Dataset...
2025-12-05 10:11:01 INFO     >>>>> RuleE emb: Evaluating on valid
2025-12-05 10:11:11 INFO     Data : 4274
2025-12-05 10:11:11 INFO     Hit1 : 0.542817
2025-12-05 10:11:11 INFO     Hit3 : 0.784745
2025-12-05 10:11:11 INFO     Hit10: 0.943145
2025-12-05 10:11:11 INFO     MR   : 3.370613
2025-12-05 10:11:11 INFO     MRR  : 0.681155
2025-12-05 10:12:08 INFO     Training average positive_fact_loss at step 49100: 0.298876
2025-12-05 10:12:08 INFO     Training average negative_fact_loss at step 49100: 0.276446
2025-12-05 10:12:08 INFO     Training average positive_rule_loss at step 49100: 1.787023
2025-12-05 10:12:08 INFO     Training average negative_rule_loss at step 49100: 1.938926
2025-12-05 10:12:08 INFO     Training average L_uncertainty at step 49100: 22.617484
2025-12-05 10:12:08 INFO     Training average L_kl at step 49100: 22557.048848
2025-12-05 10:12:08 INFO     Training average L_sigma at step 49100: 6.043375
2025-12-05 10:12:08 INFO     Training average mu_mean at step 49100: -0.226332
2025-12-05 10:12:08 INFO     Training average sigma_mean at step 49100: 0.127697
2025-12-05 10:12:08 INFO     Training average regularization at step 49100: 0.006335
2025-12-05 10:12:08 INFO     Training average loss at step 49100: 2.383145
2025-12-05 10:13:59 INFO     Training average positive_fact_loss at step 49200: 0.298251
2025-12-05 10:13:59 INFO     Training average negative_fact_loss at step 49200: 0.276616
2025-12-05 10:13:59 INFO     Training average positive_rule_loss at step 49200: 1.786781
2025-12-05 10:13:59 INFO     Training average negative_rule_loss at step 49200: 1.939341
2025-12-05 10:13:59 INFO     Training average L_uncertainty at step 49200: 22.604256
2025-12-05 10:13:59 INFO     Training average L_kl at step 49200: 22543.582266
2025-12-05 10:13:59 INFO     Training average L_sigma at step 49200: 6.067304
2025-12-05 10:13:59 INFO     Training average mu_mean at step 49200: -0.225051
2025-12-05 10:13:59 INFO     Training average sigma_mean at step 49200: 0.127700
2025-12-05 10:13:59 INFO     Training average regularization at step 49200: 0.006337
2025-12-05 10:13:59 INFO     Training average loss at step 49200: 2.382874
2025-12-05 10:15:59 INFO     Training average positive_fact_loss at step 49300: 0.298749
2025-12-05 10:15:59 INFO     Training average negative_fact_loss at step 49300: 0.276436
2025-12-05 10:15:59 INFO     Training average positive_rule_loss at step 49300: 1.783949
2025-12-05 10:15:59 INFO     Training average negative_rule_loss at step 49300: 1.941020
2025-12-05 10:15:59 INFO     Training average L_uncertainty at step 49300: 22.634950
2025-12-05 10:15:59 INFO     Training average L_kl at step 49300: 22574.577734
2025-12-05 10:15:59 INFO     Training average L_sigma at step 49300: 6.037140
2025-12-05 10:15:59 INFO     Training average mu_mean at step 49300: -0.225906
2025-12-05 10:15:59 INFO     Training average sigma_mean at step 49300: 0.127697
2025-12-05 10:15:59 INFO     Training average regularization at step 49300: 0.006337
2025-12-05 10:15:59 INFO     Training average loss at step 49300: 2.382763
2025-12-05 10:17:54 INFO     Training average positive_fact_loss at step 49400: 0.298980
2025-12-05 10:17:54 INFO     Training average negative_fact_loss at step 49400: 0.276422
2025-12-05 10:17:54 INFO     Training average positive_rule_loss at step 49400: 1.781827
2025-12-05 10:17:54 INFO     Training average negative_rule_loss at step 49400: 1.942173
2025-12-05 10:17:54 INFO     Training average L_uncertainty at step 49400: 22.625227
2025-12-05 10:17:54 INFO     Training average L_kl at step 49400: 22564.812402
2025-12-05 10:17:54 INFO     Training average L_sigma at step 49400: 6.041383
2025-12-05 10:17:54 INFO     Training average mu_mean at step 49400: -0.226014
2025-12-05 10:17:54 INFO     Training average sigma_mean at step 49400: 0.127697
2025-12-05 10:17:54 INFO     Training average regularization at step 49400: 0.006338
2025-12-05 10:17:54 INFO     Training average loss at step 49400: 2.382292
2025-12-05 10:19:25 INFO     Training average positive_fact_loss at step 49500: 0.298714
2025-12-05 10:19:25 INFO     Training average negative_fact_loss at step 49500: 0.276569
2025-12-05 10:19:25 INFO     Training average positive_rule_loss at step 49500: 1.788180
2025-12-05 10:19:25 INFO     Training average negative_rule_loss at step 49500: 1.938689
2025-12-05 10:19:25 INFO     Training average L_uncertainty at step 49500: 22.607030
2025-12-05 10:19:25 INFO     Training average L_kl at step 49500: 22546.604766
2025-12-05 10:19:25 INFO     Training average L_sigma at step 49500: 6.042400
2025-12-05 10:19:25 INFO     Training average mu_mean at step 49500: -0.224377
2025-12-05 10:19:25 INFO     Training average sigma_mean at step 49500: 0.127697
2025-12-05 10:19:25 INFO     Training average regularization at step 49500: 0.006339
2025-12-05 10:19:25 INFO     Training average loss at step 49500: 2.383485
2025-12-05 10:21:15 INFO     Training average positive_fact_loss at step 49600: 0.298333
2025-12-05 10:21:15 INFO     Training average negative_fact_loss at step 49600: 0.276627
2025-12-05 10:21:15 INFO     Training average positive_rule_loss at step 49600: 1.785495
2025-12-05 10:21:15 INFO     Training average negative_rule_loss at step 49600: 1.940804
2025-12-05 10:21:15 INFO     Training average L_uncertainty at step 49600: 22.612686
2025-12-05 10:21:15 INFO     Training average L_kl at step 49600: 22552.351797
2025-12-05 10:21:15 INFO     Training average L_sigma at step 49600: 6.033354
2025-12-05 10:21:15 INFO     Training average mu_mean at step 49600: -0.226729
2025-12-05 10:21:15 INFO     Training average sigma_mean at step 49600: 0.127696
2025-12-05 10:21:15 INFO     Training average regularization at step 49600: 0.006338
2025-12-05 10:21:15 INFO     Training average loss at step 49600: 2.383096
2025-12-05 10:22:56 INFO     Training average positive_fact_loss at step 49700: 0.298994
2025-12-05 10:22:56 INFO     Training average negative_fact_loss at step 49700: 0.276219
2025-12-05 10:22:56 INFO     Training average positive_rule_loss at step 49700: 1.782234
2025-12-05 10:22:56 INFO     Training average negative_rule_loss at step 49700: 1.941512
2025-12-05 10:22:56 INFO     Training average L_uncertainty at step 49700: 22.627474
2025-12-05 10:22:56 INFO     Training average L_kl at step 49700: 22567.001641
2025-12-05 10:22:56 INFO     Training average L_sigma at step 49700: 6.047109
2025-12-05 10:22:56 INFO     Training average mu_mean at step 49700: -0.224832
2025-12-05 10:22:56 INFO     Training average sigma_mean at step 49700: 0.127698
2025-12-05 10:22:56 INFO     Training average regularization at step 49700: 0.006340
2025-12-05 10:22:56 INFO     Training average loss at step 49700: 2.382094
2025-12-05 10:24:43 INFO     Training average positive_fact_loss at step 49800: 0.298474
2025-12-05 10:24:43 INFO     Training average negative_fact_loss at step 49800: 0.276663
2025-12-05 10:24:43 INFO     Training average positive_rule_loss at step 49800: 1.782972
2025-12-05 10:24:43 INFO     Training average negative_rule_loss at step 49800: 1.941417
2025-12-05 10:24:43 INFO     Training average L_uncertainty at step 49800: 22.632374
2025-12-05 10:24:43 INFO     Training average L_kl at step 49800: 22571.902324
2025-12-05 10:24:43 INFO     Training average L_sigma at step 49800: 6.047080
2025-12-05 10:24:43 INFO     Training average mu_mean at step 49800: -0.225827
2025-12-05 10:24:43 INFO     Training average sigma_mean at step 49800: 0.127698
2025-12-05 10:24:43 INFO     Training average regularization at step 49800: 0.006338
2025-12-05 10:24:43 INFO     Training average loss at step 49800: 2.382425
2025-12-05 10:26:23 INFO     Training average positive_fact_loss at step 49900: 0.298474
2025-12-05 10:26:23 INFO     Training average negative_fact_loss at step 49900: 0.276381
2025-12-05 10:26:23 INFO     Training average positive_rule_loss at step 49900: 1.785227
2025-12-05 10:26:23 INFO     Training average negative_rule_loss at step 49900: 1.939717
2025-12-05 10:26:23 INFO     Training average L_uncertainty at step 49900: 22.625669
2025-12-05 10:26:23 INFO     Training average L_kl at step 49900: 22565.221270
2025-12-05 10:26:23 INFO     Training average L_sigma at step 49900: 6.044645
2025-12-05 10:26:23 INFO     Training average mu_mean at step 49900: -0.225536
2025-12-05 10:26:23 INFO     Training average sigma_mean at step 49900: 0.127698
2025-12-05 10:26:23 INFO     Training average regularization at step 49900: 0.006339
2025-12-05 10:26:23 INFO     Training average loss at step 49900: 2.382495
2025-12-05 10:28:16 INFO     Training average positive_fact_loss at step 50000: 0.298965
2025-12-05 10:28:16 INFO     Training average negative_fact_loss at step 50000: 0.276638
2025-12-05 10:28:16 INFO     Training average positive_rule_loss at step 50000: 1.782000
2025-12-05 10:28:16 INFO     Training average negative_rule_loss at step 50000: 1.941201
2025-12-05 10:28:16 INFO     Training average L_uncertainty at step 50000: 22.608698
2025-12-05 10:28:16 INFO     Training average L_kl at step 50000: 22548.178340
2025-12-05 10:28:16 INFO     Training average L_sigma at step 50000: 6.051883
2025-12-05 10:28:16 INFO     Training average mu_mean at step 50000: -0.223967
2025-12-05 10:28:16 INFO     Training average sigma_mean at step 50000: 0.127698
2025-12-05 10:28:16 INFO     Training average regularization at step 50000: 0.006340
2025-12-05 10:28:16 INFO     Training average loss at step 50000: 2.381829
2025-12-05 10:28:16 INFO     Evaluating on Valid Dataset...
2025-12-05 10:28:16 INFO     >>>>> RuleE emb: Evaluating on valid
2025-12-05 10:28:36 INFO     Data : 4274
2025-12-05 10:28:36 INFO     Hit1 : 0.542817
2025-12-05 10:28:36 INFO     Hit3 : 0.782405
2025-12-05 10:28:36 INFO     Hit10: 0.942911
2025-12-05 10:28:36 INFO     MR   : 3.363828
2025-12-05 10:28:36 INFO     MRR  : 0.681192
2025-12-05 10:28:36 INFO     Finishing pre-training!
2025-12-05 10:28:37 INFO     Test the results of pre-training
2025-12-05 10:28:37 INFO     >>>>> RuleE emb: Evaluating on valid
2025-12-05 10:28:58 INFO     Data : 4274
2025-12-05 10:28:58 INFO     Hit1 : 0.544923
2025-12-05 10:28:58 INFO     Hit3 : 0.782639
2025-12-05 10:28:58 INFO     Hit10: 0.943145
2025-12-05 10:28:58 INFO     MR   : 3.360552
2025-12-05 10:28:58 INFO     MRR  : 0.682572
2025-12-05 10:28:58 INFO     >>>>> RuleE emb: Evaluating on test
2025-12-05 10:29:26 INFO     Data : 10686
2025-12-05 10:29:26 INFO     Hit1 : 0.539304
2025-12-05 10:29:26 INFO     Hit3 : 0.767921
2025-12-05 10:29:26 INFO     Hit10: 0.937488
2025-12-05 10:29:26 INFO     MR   : 3.494947
2025-12-05 10:29:26 INFO     MRR  : 0.675003
2025-12-05 10:29:27 INFO     Pre-computed rule_mu for grounding: mean=-0.239634, std=1.148925
2025-12-05 10:29:27 INFO     >>>>> RulE: Grounding-Training
2025-12-05 10:29:27 INFO     -------------------------
2025-12-05 10:29:27 INFO     | Iteration: 1/10
2025-12-05 10:29:27 INFO     -------------------------
2025-12-05 10:29:52 INFO     loss:    10 224 4.554144 3026.4
2025-12-05 10:29:52 INFO     Save checkpoint to kinship\grounding.pt
2025-12-05 10:30:14 INFO     loss:    20 224 4.276575 3213.6
2025-12-05 10:30:14 INFO     Save checkpoint to kinship\grounding.pt
2025-12-05 10:30:20 INFO     loss:    30 224 4.174146 2849.6
2025-12-05 10:30:20 INFO     Save checkpoint to kinship\grounding.pt
2025-12-05 10:30:45 INFO     loss:    40 224 4.301183 3307.2
2025-12-05 10:30:45 INFO     Save checkpoint to kinship\grounding.pt
2025-12-05 10:31:14 INFO     loss:    50 224 3.874664 2943.2
2025-12-05 10:31:14 INFO     Save checkpoint to kinship\grounding.pt
2025-12-05 10:31:34 INFO     loss:    60 224 3.640482 2776.8
2025-12-05 10:31:34 INFO     Save checkpoint to kinship\grounding.pt
2025-12-05 10:31:43 INFO     loss:    70 224 4.064818 2412.8
2025-12-05 10:31:43 INFO     Save checkpoint to kinship\grounding.pt
2025-12-05 10:32:04 INFO     loss:    80 224 3.738303 2943.2
2025-12-05 10:32:04 INFO     Save checkpoint to kinship\grounding.pt
2025-12-05 10:32:19 INFO     loss:    90 224 3.466408 3036.8
2025-12-05 10:32:19 INFO     Save checkpoint to kinship\grounding.pt
2025-12-05 10:32:39 INFO     loss:    100 224 4.169984 2683.2
2025-12-05 10:32:39 INFO     Save checkpoint to kinship\grounding.pt
2025-12-05 10:32:54 INFO     loss:    110 224 3.895868 2964.0
2025-12-05 10:32:54 INFO     Save checkpoint to kinship\grounding.pt
2025-12-05 10:33:23 INFO     loss:    120 224 3.480943 3328.0
2025-12-05 10:33:23 INFO     Save checkpoint to kinship\grounding.pt
2025-12-05 10:33:47 INFO     loss:    130 224 3.910650 2870.4
2025-12-05 10:33:47 INFO     Save checkpoint to kinship\grounding.pt
2025-12-05 10:34:02 INFO     loss:    140 224 3.277527 3244.8
2025-12-05 10:34:02 INFO     Save checkpoint to kinship\grounding.pt
2025-12-05 10:34:17 INFO     loss:    150 224 3.264740 3203.2
2025-12-05 10:34:17 INFO     Save checkpoint to kinship\grounding.pt
2025-12-05 10:34:23 INFO     loss:    160 224 2.993324 3244.8
2025-12-05 10:34:23 INFO     Save checkpoint to kinship\grounding.pt
2025-12-05 10:34:32 INFO     loss:    170 224 3.262182 2329.6
2025-12-05 10:34:32 INFO     Save checkpoint to kinship\grounding.pt
2025-12-05 10:34:46 INFO     loss:    180 224 3.155282 2995.2
2025-12-05 10:34:46 INFO     Save checkpoint to kinship\grounding.pt
2025-12-05 10:35:01 INFO     loss:    190 224 3.124920 3068.0
2025-12-05 10:35:01 INFO     Save checkpoint to kinship\grounding.pt
2025-12-05 10:35:21 INFO     loss:    200 224 2.862781 2922.4
2025-12-05 10:35:21 INFO     Save checkpoint to kinship\grounding.pt
2025-12-05 10:35:37 INFO     loss:    210 224 2.862147 2984.8
2025-12-05 10:35:37 INFO     Save checkpoint to kinship\grounding.pt
2025-12-05 10:35:58 INFO     loss:    220 224 2.656605 3328.0
2025-12-05 10:35:58 INFO     Save checkpoint to kinship\grounding.pt
2025-12-05 10:36:05 INFO     >>>>> Predictor: Evaluating on valid
2025-12-05 10:39:03 INFO     Data : 4274
2025-12-05 10:39:03 INFO     Hit1 : 0.509125
2025-12-05 10:39:03 INFO     Hit3 : 0.748947
2025-12-05 10:39:03 INFO     Hit10: 0.938231
2025-12-05 10:39:03 INFO     MR   : 3.472157
2025-12-05 10:39:03 INFO     MRR  : 0.654557
2025-12-05 10:39:03 INFO     Save checkpoint to kinship\grounding.pt
2025-12-05 10:39:04 INFO     -------------------------
2025-12-05 10:39:04 INFO     | Iteration: 2/10
2025-12-05 10:39:04 INFO     -------------------------
2025-12-05 10:39:25 INFO     loss:    10 224 3.275709 3026.4
2025-12-05 10:39:25 INFO     Save checkpoint to kinship\grounding.pt
2025-12-05 10:39:44 INFO     loss:    20 224 2.872497 3213.6
2025-12-05 10:39:44 INFO     Save checkpoint to kinship\grounding.pt
2025-12-05 10:39:49 INFO     loss:    30 224 2.814581 2849.6
2025-12-05 10:39:49 INFO     Save checkpoint to kinship\grounding.pt
2025-12-05 10:40:14 INFO     loss:    40 224 2.708888 3307.2
2025-12-05 10:40:14 INFO     Save checkpoint to kinship\grounding.pt
2025-12-05 10:40:39 INFO     loss:    50 224 3.073755 2943.2
2025-12-05 10:40:39 INFO     Save checkpoint to kinship\grounding.pt
2025-12-05 10:41:00 INFO     loss:    60 224 2.721282 2776.8
2025-12-05 10:41:00 INFO     Save checkpoint to kinship\grounding.pt
2025-12-05 10:41:09 INFO     loss:    70 224 2.690931 2412.8
2025-12-05 10:41:09 INFO     Save checkpoint to kinship\grounding.pt
2025-12-05 10:41:30 INFO     loss:    80 224 2.971429 2943.2
2025-12-05 10:41:30 INFO     Save checkpoint to kinship\grounding.pt
2025-12-05 10:41:44 INFO     loss:    90 224 2.782165 3036.8
2025-12-05 10:41:44 INFO     Save checkpoint to kinship\grounding.pt
2025-12-05 10:42:05 INFO     loss:    100 224 2.186468 2683.2
2025-12-05 10:42:05 INFO     Save checkpoint to kinship\grounding.pt
2025-12-05 10:42:20 INFO     loss:    110 224 2.934843 2964.0
2025-12-05 10:42:20 INFO     Save checkpoint to kinship\grounding.pt
2025-12-05 10:42:49 INFO     loss:    120 224 2.909189 3328.0
2025-12-05 10:42:49 INFO     Save checkpoint to kinship\grounding.pt
2025-12-05 10:43:13 INFO     loss:    130 224 1.994304 2870.4
2025-12-05 10:43:13 INFO     Save checkpoint to kinship\grounding.pt
2025-12-05 10:43:28 INFO     loss:    140 224 2.974248 3244.8
2025-12-05 10:43:28 INFO     Save checkpoint to kinship\grounding.pt
2025-12-05 10:43:43 INFO     loss:    150 224 2.726945 3203.2
2025-12-05 10:43:43 INFO     Save checkpoint to kinship\grounding.pt
2025-12-05 10:43:48 INFO     loss:    160 224 2.317103 3244.8
2025-12-05 10:43:48 INFO     Save checkpoint to kinship\grounding.pt
2025-12-05 10:43:58 INFO     loss:    170 224 2.964788 2329.6
2025-12-05 10:43:58 INFO     Save checkpoint to kinship\grounding.pt
2025-12-05 10:44:12 INFO     loss:    180 224 2.467938 2995.2
2025-12-05 10:44:12 INFO     Save checkpoint to kinship\grounding.pt
2025-12-05 10:44:27 INFO     loss:    190 224 2.912045 3068.0
2025-12-05 10:44:27 INFO     Save checkpoint to kinship\grounding.pt
2025-12-05 10:44:47 INFO     loss:    200 224 2.505781 2922.4
2025-12-05 10:44:47 INFO     Save checkpoint to kinship\grounding.pt
2025-12-05 10:45:03 INFO     loss:    210 224 2.433517 2984.8
2025-12-05 10:45:03 INFO     Save checkpoint to kinship\grounding.pt
2025-12-05 10:45:23 INFO     loss:    220 224 2.344228 3328.0
2025-12-05 10:45:23 INFO     Save checkpoint to kinship\grounding.pt
2025-12-05 10:45:31 INFO     >>>>> Predictor: Evaluating on valid
2025-12-05 10:48:28 INFO     Data : 4274
2025-12-05 10:48:28 INFO     Hit1 : 0.547029
2025-12-05 10:48:28 INFO     Hit3 : 0.786617
2025-12-05 10:48:28 INFO     Hit10: 0.953205
2025-12-05 10:48:28 INFO     MR   : 3.144361
2025-12-05 10:48:28 INFO     MRR  : 0.687813
2025-12-05 10:48:28 INFO     Save checkpoint to kinship\grounding.pt
2025-12-05 10:48:29 INFO     -------------------------
2025-12-05 10:48:29 INFO     | Iteration: 3/10
2025-12-05 10:48:29 INFO     -------------------------
2025-12-05 10:48:50 INFO     loss:    10 224 3.074207 3026.4
2025-12-05 10:48:50 INFO     Save checkpoint to kinship\grounding.pt
2025-12-05 10:49:09 INFO     loss:    20 224 2.746150 3213.6
2025-12-05 10:49:09 INFO     Save checkpoint to kinship\grounding.pt
2025-12-05 10:49:14 INFO     loss:    30 224 2.474992 2849.6
2025-12-05 10:49:14 INFO     Save checkpoint to kinship\grounding.pt
2025-12-05 10:49:39 INFO     loss:    40 224 2.483491 3307.2
2025-12-05 10:49:39 INFO     Save checkpoint to kinship\grounding.pt
2025-12-05 10:50:05 INFO     loss:    50 224 2.986552 2943.2
2025-12-05 10:50:05 INFO     Save checkpoint to kinship\grounding.pt
2025-12-05 10:50:26 INFO     loss:    60 224 2.524988 2776.8
2025-12-05 10:50:26 INFO     Save checkpoint to kinship\grounding.pt
2025-12-05 10:50:36 INFO     loss:    70 224 2.463381 2412.8
2025-12-05 10:50:36 INFO     Save checkpoint to kinship\grounding.pt
2025-12-05 10:50:59 INFO     loss:    80 224 2.846884 2943.2
2025-12-05 10:50:59 INFO     Save checkpoint to kinship\grounding.pt
2025-12-05 10:51:15 INFO     loss:    90 224 2.616090 3036.8
2025-12-05 10:51:15 INFO     Save checkpoint to kinship\grounding.pt
2025-12-05 10:51:37 INFO     loss:    100 224 0.343231 2683.2
2025-12-05 10:51:37 INFO     Save checkpoint to kinship\grounding.pt
2025-12-05 10:51:54 INFO     loss:    110 224 2.338775 2964.0
2025-12-05 10:51:54 INFO     Save checkpoint to kinship\grounding.pt
2025-12-05 10:52:25 INFO     loss:    120 224 2.772849 3328.0
2025-12-05 10:52:25 INFO     Save checkpoint to kinship\grounding.pt
2025-12-05 10:52:50 INFO     loss:    130 224 0.383189 2870.4
2025-12-05 10:52:50 INFO     Save checkpoint to kinship\grounding.pt
2025-12-05 10:53:07 INFO     loss:    140 224 2.872422 3244.8
2025-12-05 10:53:07 INFO     Save checkpoint to kinship\grounding.pt
2025-12-05 10:53:23 INFO     loss:    150 224 2.613260 3203.2
2025-12-05 10:53:23 INFO     Save checkpoint to kinship\grounding.pt
2025-12-05 10:53:30 INFO     loss:    160 224 2.093619 3244.8
2025-12-05 10:53:30 INFO     Save checkpoint to kinship\grounding.pt
2025-12-05 10:53:41 INFO     loss:    170 224 2.900342 2329.6
2025-12-05 10:53:41 INFO     Save checkpoint to kinship\grounding.pt
2025-12-05 10:53:56 INFO     loss:    180 224 2.226812 2995.2
2025-12-05 10:53:56 INFO     Save checkpoint to kinship\grounding.pt
2025-12-05 10:54:12 INFO     loss:    190 224 2.844771 3068.0
2025-12-05 10:54:12 INFO     Save checkpoint to kinship\grounding.pt
2025-12-05 10:54:33 INFO     loss:    200 224 2.355429 2922.4
2025-12-05 10:54:33 INFO     Save checkpoint to kinship\grounding.pt
2025-12-05 10:54:50 INFO     loss:    210 224 2.316566 2984.8
2025-12-05 10:54:50 INFO     Save checkpoint to kinship\grounding.pt
2025-12-05 10:55:11 INFO     loss:    220 224 2.223020 3328.0
2025-12-05 10:55:11 INFO     Save checkpoint to kinship\grounding.pt
2025-12-05 10:55:19 INFO     >>>>> Predictor: Evaluating on valid
2025-12-05 10:58:39 INFO     Data : 4274
2025-12-05 10:58:39 INFO     Hit1 : 0.547964
2025-12-05 10:58:39 INFO     Hit3 : 0.794104
2025-12-05 10:58:39 INFO     Hit10: 0.955311
2025-12-05 10:58:39 INFO     MR   : 3.115349
2025-12-05 10:58:39 INFO     MRR  : 0.688724
2025-12-05 10:58:39 INFO     Save checkpoint to kinship\grounding.pt
2025-12-05 10:58:39 INFO     -------------------------
2025-12-05 10:58:39 INFO     | Iteration: 4/10
2025-12-05 10:58:39 INFO     -------------------------
2025-12-05 10:59:00 INFO     loss:    10 224 3.016019 3026.4
2025-12-05 10:59:00 INFO     Save checkpoint to kinship\grounding.pt
2025-12-05 10:59:20 INFO     loss:    20 224 2.702926 3213.6
2025-12-05 10:59:20 INFO     Save checkpoint to kinship\grounding.pt
2025-12-05 10:59:25 INFO     loss:    30 224 2.262223 2849.6
2025-12-05 10:59:25 INFO     Save checkpoint to kinship\grounding.pt
2025-12-05 10:59:49 INFO     loss:    40 224 2.319574 3307.2
2025-12-05 10:59:49 INFO     Save checkpoint to kinship\grounding.pt
2025-12-05 11:00:14 INFO     loss:    50 224 2.927475 2943.2
2025-12-05 11:00:14 INFO     Save checkpoint to kinship\grounding.pt
2025-12-05 11:00:35 INFO     loss:    60 224 2.394343 2776.8
2025-12-05 11:00:35 INFO     Save checkpoint to kinship\grounding.pt
2025-12-05 11:00:44 INFO     loss:    70 224 2.338768 2412.8
2025-12-05 11:00:44 INFO     Save checkpoint to kinship\grounding.pt
2025-12-05 11:01:04 INFO     loss:    80 224 2.744475 2943.2
2025-12-05 11:01:04 INFO     Save checkpoint to kinship\grounding.pt
2025-12-05 11:01:19 INFO     loss:    90 224 2.493766 3036.8
2025-12-05 11:01:19 INFO     Save checkpoint to kinship\grounding.pt
2025-12-05 11:01:39 INFO     loss:    100 224 0.049029 2683.2
2025-12-05 11:01:39 INFO     Save checkpoint to kinship\grounding.pt
2025-12-05 11:01:53 INFO     loss:    110 224 2.039201 2964.0
2025-12-05 11:01:53 INFO     Save checkpoint to kinship\grounding.pt
2025-12-05 11:02:22 INFO     loss:    120 224 2.659694 3328.0
2025-12-05 11:02:22 INFO     Save checkpoint to kinship\grounding.pt
2025-12-05 11:02:46 INFO     loss:    130 224 0.064219 2870.4
2025-12-05 11:02:46 INFO     Save checkpoint to kinship\grounding.pt
2025-12-05 11:03:01 INFO     loss:    140 224 2.759932 3244.8
2025-12-05 11:03:01 INFO     Save checkpoint to kinship\grounding.pt
2025-12-05 11:03:16 INFO     loss:    150 224 2.522161 3203.2
2025-12-05 11:03:16 INFO     Save checkpoint to kinship\grounding.pt
2025-12-05 11:03:22 INFO     loss:    160 224 1.918382 3244.8
2025-12-05 11:03:22 INFO     Save checkpoint to kinship\grounding.pt
2025-12-05 11:03:31 INFO     loss:    170 224 2.848079 2329.6
2025-12-05 11:03:31 INFO     Save checkpoint to kinship\grounding.pt
2025-12-05 11:03:45 INFO     loss:    180 224 2.046534 2995.2
2025-12-05 11:03:45 INFO     Save checkpoint to kinship\grounding.pt
2025-12-05 11:04:00 INFO     loss:    190 224 2.784050 3068.0
2025-12-05 11:04:00 INFO     Save checkpoint to kinship\grounding.pt
2025-12-05 11:04:19 INFO     loss:    200 224 2.225366 2922.4
2025-12-05 11:04:19 INFO     Save checkpoint to kinship\grounding.pt
2025-12-05 11:04:35 INFO     loss:    210 224 2.207063 2984.8
2025-12-05 11:04:35 INFO     Save checkpoint to kinship\grounding.pt
2025-12-05 11:04:55 INFO     loss:    220 224 2.117931 3328.0
2025-12-05 11:04:55 INFO     Save checkpoint to kinship\grounding.pt
2025-12-05 11:05:02 INFO     >>>>> Predictor: Evaluating on valid
2025-12-05 11:07:58 INFO     Data : 4274
2025-12-05 11:07:58 INFO     Hit1 : 0.525503
2025-12-05 11:07:58 INFO     Hit3 : 0.783107
2025-12-05 11:07:58 INFO     Hit10: 0.952737
2025-12-05 11:07:58 INFO     MR   : 3.189284
2025-12-05 11:07:58 INFO     MRR  : 0.673409
2025-12-05 11:07:58 INFO     -------------------------
2025-12-05 11:07:58 INFO     | Iteration: 5/10
2025-12-05 11:07:58 INFO     -------------------------
2025-12-05 11:08:18 INFO     loss:    10 224 2.964743 3026.4
2025-12-05 11:08:18 INFO     Save checkpoint to kinship\grounding.pt
2025-12-05 11:08:38 INFO     loss:    20 224 2.640768 3213.6
2025-12-05 11:08:38 INFO     Save checkpoint to kinship\grounding.pt
2025-12-05 11:08:43 INFO     loss:    30 224 2.063633 2849.6
2025-12-05 11:08:43 INFO     Save checkpoint to kinship\grounding.pt
2025-12-05 11:09:07 INFO     loss:    40 224 2.153522 3307.2
2025-12-05 11:09:07 INFO     Save checkpoint to kinship\grounding.pt
2025-12-05 11:09:32 INFO     loss:    50 224 2.870252 2943.2
2025-12-05 11:09:32 INFO     Save checkpoint to kinship\grounding.pt
2025-12-05 11:09:52 INFO     loss:    60 224 2.256763 2776.8
2025-12-05 11:09:52 INFO     Save checkpoint to kinship\grounding.pt
2025-12-05 11:10:01 INFO     loss:    70 224 2.215582 2412.8
2025-12-05 11:10:01 INFO     Save checkpoint to kinship\grounding.pt
2025-12-05 11:10:22 INFO     loss:    80 224 2.649118 2943.2
2025-12-05 11:10:22 INFO     Save checkpoint to kinship\grounding.pt
2025-12-05 11:10:36 INFO     loss:    90 224 2.369937 3036.8
2025-12-05 11:10:36 INFO     Save checkpoint to kinship\grounding.pt
2025-12-05 11:10:56 INFO     loss:    100 224 0.012394 2683.2
2025-12-05 11:10:56 INFO     Save checkpoint to kinship\grounding.pt
2025-12-05 11:11:11 INFO     loss:    110 224 1.767762 2964.0
2025-12-05 11:11:11 INFO     Save checkpoint to kinship\grounding.pt
2025-12-05 11:11:39 INFO     loss:    120 224 2.548598 3328.0
2025-12-05 11:11:39 INFO     Save checkpoint to kinship\grounding.pt
2025-12-05 11:12:03 INFO     loss:    130 224 0.017052 2870.4
2025-12-05 11:12:03 INFO     Save checkpoint to kinship\grounding.pt
2025-12-05 11:12:18 INFO     loss:    140 224 2.636409 3244.8
2025-12-05 11:12:18 INFO     Save checkpoint to kinship\grounding.pt
2025-12-05 11:12:33 INFO     loss:    150 224 2.420681 3203.2
2025-12-05 11:12:33 INFO     Save checkpoint to kinship\grounding.pt
2025-12-05 11:12:38 INFO     loss:    160 224 1.748763 3244.8
2025-12-05 11:12:38 INFO     Save checkpoint to kinship\grounding.pt
2025-12-05 11:12:47 INFO     loss:    170 224 2.805416 2329.6
2025-12-05 11:12:47 INFO     Save checkpoint to kinship\grounding.pt
2025-12-05 11:13:02 INFO     loss:    180 224 1.856046 2995.2
2025-12-05 11:13:02 INFO     Save checkpoint to kinship\grounding.pt
2025-12-05 11:13:17 INFO     loss:    190 224 2.728107 3068.0
2025-12-05 11:13:17 INFO     Save checkpoint to kinship\grounding.pt
2025-12-05 11:13:36 INFO     loss:    200 224 2.096315 2922.4
2025-12-05 11:13:36 INFO     Save checkpoint to kinship\grounding.pt
2025-12-05 11:13:52 INFO     loss:    210 224 2.085392 2984.8
2025-12-05 11:13:52 INFO     Save checkpoint to kinship\grounding.pt
2025-12-05 11:14:12 INFO     loss:    220 224 2.008101 3328.0
2025-12-05 11:14:12 INFO     Save checkpoint to kinship\grounding.pt
2025-12-05 11:14:19 INFO     >>>>> Predictor: Evaluating on valid
2025-12-05 11:17:13 INFO     Data : 4274
2025-12-05 11:17:13 INFO     Hit1 : 0.509359
2025-12-05 11:17:13 INFO     Hit3 : 0.766963
2025-12-05 11:17:13 INFO     Hit10: 0.950164
2025-12-05 11:17:13 INFO     MR   : 3.309078
2025-12-05 11:17:13 INFO     MRR  : 0.659921
2025-12-05 11:17:13 INFO     -------------------------
2025-12-05 11:17:13 INFO     | Iteration: 6/10
2025-12-05 11:17:13 INFO     -------------------------
2025-12-05 11:17:34 INFO     loss:    10 224 2.906481 3026.4
2025-12-05 11:17:34 INFO     Save checkpoint to kinship\grounding.pt
2025-12-05 11:17:53 INFO     loss:    20 224 2.549484 3213.6
2025-12-05 11:17:53 INFO     Save checkpoint to kinship\grounding.pt
2025-12-05 11:17:58 INFO     loss:    30 224 1.876591 2849.6
2025-12-05 11:17:58 INFO     Save checkpoint to kinship\grounding.pt
2025-12-05 11:18:23 INFO     loss:    40 224 1.992640 3307.2
2025-12-05 11:18:23 INFO     Save checkpoint to kinship\grounding.pt
2025-12-05 11:18:48 INFO     loss:    50 224 2.813930 2943.2
2025-12-05 11:18:48 INFO     Save checkpoint to kinship\grounding.pt
2025-12-05 11:19:08 INFO     loss:    60 224 2.109227 2776.8
2025-12-05 11:19:08 INFO     Save checkpoint to kinship\grounding.pt
2025-12-05 11:19:17 INFO     loss:    70 224 2.077197 2412.8
2025-12-05 11:19:17 INFO     Save checkpoint to kinship\grounding.pt
2025-12-05 11:19:38 INFO     loss:    80 224 2.561886 2943.2
2025-12-05 11:19:38 INFO     Save checkpoint to kinship\grounding.pt
2025-12-05 11:19:52 INFO     loss:    90 224 2.242758 3036.8
2025-12-05 11:19:52 INFO     Save checkpoint to kinship\grounding.pt
2025-12-05 11:20:12 INFO     loss:    100 224 0.003023 2683.2
2025-12-05 11:20:12 INFO     Save checkpoint to kinship\grounding.pt
2025-12-05 11:20:27 INFO     loss:    110 224 1.501176 2964.0
2025-12-05 11:20:27 INFO     Save checkpoint to kinship\grounding.pt
2025-12-05 11:20:56 INFO     loss:    120 224 2.442651 3328.0
2025-12-05 11:20:56 INFO     Save checkpoint to kinship\grounding.pt
2025-12-05 11:21:22 INFO     loss:    130 224 0.004561 2870.4
2025-12-05 11:21:22 INFO     Save checkpoint to kinship\grounding.pt
2025-12-05 11:21:38 INFO     loss:    140 224 2.503169 3244.8
2025-12-05 11:21:38 INFO     Save checkpoint to kinship\grounding.pt
2025-12-05 11:21:54 INFO     loss:    150 224 2.314481 3203.2
2025-12-05 11:21:54 INFO     Save checkpoint to kinship\grounding.pt
2025-12-05 11:22:01 INFO     loss:    160 224 1.582730 3244.8
2025-12-05 11:22:01 INFO     Save checkpoint to kinship\grounding.pt
2025-12-05 11:22:11 INFO     loss:    170 224 2.771238 2329.6
2025-12-05 11:22:11 INFO     Save checkpoint to kinship\grounding.pt
2025-12-05 11:22:26 INFO     loss:    180 224 1.655457 2995.2
2025-12-05 11:22:26 INFO     Save checkpoint to kinship\grounding.pt
2025-12-05 11:22:41 INFO     loss:    190 224 2.649967 3068.0
2025-12-05 11:22:41 INFO     Save checkpoint to kinship\grounding.pt
2025-12-05 11:23:01 INFO     loss:    200 224 1.972702 2922.4
2025-12-05 11:23:01 INFO     Save checkpoint to kinship\grounding.pt
2025-12-05 11:23:18 INFO     loss:    210 224 1.946933 2984.8
2025-12-05 11:23:18 INFO     Save checkpoint to kinship\grounding.pt
2025-12-05 11:23:38 INFO     loss:    220 224 1.887968 3328.0
2025-12-05 11:23:38 INFO     Save checkpoint to kinship\grounding.pt
2025-12-05 11:23:45 INFO     >>>>> Predictor: Evaluating on valid
2025-12-05 11:26:40 INFO     Data : 4274
2025-12-05 11:26:40 INFO     Hit1 : 0.483856
2025-12-05 11:26:40 INFO     Hit3 : 0.749415
2025-12-05 11:26:40 INFO     Hit10: 0.943847
2025-12-05 11:26:40 INFO     MR   : 3.490875
2025-12-05 11:26:40 INFO     MRR  : 0.639349
2025-12-05 11:26:40 INFO     -------------------------
2025-12-05 11:26:40 INFO     | Iteration: 7/10
2025-12-05 11:26:40 INFO     -------------------------
2025-12-05 11:27:00 INFO     loss:    10 224 2.836253 3026.4
2025-12-05 11:27:00 INFO     Save checkpoint to kinship\grounding.pt
2025-12-05 11:27:20 INFO     loss:    20 224 2.455303 3213.6
2025-12-05 11:27:20 INFO     Save checkpoint to kinship\grounding.pt
2025-12-05 11:27:25 INFO     loss:    30 224 1.699508 2849.6
2025-12-05 11:27:25 INFO     Save checkpoint to kinship\grounding.pt
2025-12-05 11:27:49 INFO     loss:    40 224 1.831661 3307.2
2025-12-05 11:27:49 INFO     Save checkpoint to kinship\grounding.pt
2025-12-05 11:28:14 INFO     loss:    50 224 2.750326 2943.2
2025-12-05 11:28:14 INFO     Save checkpoint to kinship\grounding.pt
2025-12-05 11:28:34 INFO     loss:    60 224 1.961905 2776.8
2025-12-05 11:28:34 INFO     Save checkpoint to kinship\grounding.pt
2025-12-05 11:28:43 INFO     loss:    70 224 1.936585 2412.8
2025-12-05 11:28:43 INFO     Save checkpoint to kinship\grounding.pt
2025-12-05 11:29:03 INFO     loss:    80 224 2.487566 2943.2
2025-12-05 11:29:03 INFO     Save checkpoint to kinship\grounding.pt
2025-12-05 11:29:18 INFO     loss:    90 224 2.110190 3036.8
2025-12-05 11:29:18 INFO     Save checkpoint to kinship\grounding.pt
2025-12-05 11:29:38 INFO     loss:    100 224 0.000675 2683.2
2025-12-05 11:29:38 INFO     Save checkpoint to kinship\grounding.pt
2025-12-05 11:29:53 INFO     loss:    110 224 1.284166 2964.0
2025-12-05 11:29:53 INFO     Save checkpoint to kinship\grounding.pt
2025-12-05 11:30:22 INFO     loss:    120 224 2.332656 3328.0
2025-12-05 11:30:22 INFO     Save checkpoint to kinship\grounding.pt
2025-12-05 11:30:45 INFO     loss:    130 224 0.001166 2870.4
2025-12-05 11:30:45 INFO     Save checkpoint to kinship\grounding.pt
2025-12-05 11:31:00 INFO     loss:    140 224 2.362533 3244.8
2025-12-05 11:31:00 INFO     Save checkpoint to kinship\grounding.pt
2025-12-05 11:31:15 INFO     loss:    150 224 2.207680 3203.2
2025-12-05 11:31:15 INFO     Save checkpoint to kinship\grounding.pt
2025-12-05 11:31:20 INFO     loss:    160 224 1.426628 3244.8
2025-12-05 11:31:20 INFO     Save checkpoint to kinship\grounding.pt
2025-12-05 11:31:29 INFO     loss:    170 224 2.728942 2329.6
2025-12-05 11:31:29 INFO     Save checkpoint to kinship\grounding.pt
2025-12-05 11:31:44 INFO     loss:    180 224 1.464708 2995.2
2025-12-05 11:31:44 INFO     Save checkpoint to kinship\grounding.pt
2025-12-05 11:31:59 INFO     loss:    190 224 2.546358 3068.0
2025-12-05 11:31:59 INFO     Save checkpoint to kinship\grounding.pt
2025-12-05 11:32:18 INFO     loss:    200 224 1.858393 2922.4
2025-12-05 11:32:18 INFO     Save checkpoint to kinship\grounding.pt
2025-12-05 11:32:34 INFO     loss:    210 224 1.796085 2984.8
2025-12-05 11:32:34 INFO     Save checkpoint to kinship\grounding.pt
2025-12-05 11:32:53 INFO     loss:    220 224 1.754467 3328.0
2025-12-05 11:32:53 INFO     Save checkpoint to kinship\grounding.pt
2025-12-05 11:33:01 INFO     >>>>> Predictor: Evaluating on valid
2025-12-05 11:35:56 INFO     Data : 4274
2025-12-05 11:35:56 INFO     Hit1 : 0.466542
2025-12-05 11:35:56 INFO     Hit3 : 0.729293
2025-12-05 11:35:56 INFO     Hit10: 0.937061
2025-12-05 11:35:56 INFO     MR   : 3.672672
2025-12-05 11:35:56 INFO     MRR  : 0.623491
2025-12-05 11:35:56 INFO     -------------------------
2025-12-05 11:35:56 INFO     | Iteration: 8/10
2025-12-05 11:35:56 INFO     -------------------------
2025-12-05 11:36:18 INFO     loss:    10 224 2.756288 3026.4
2025-12-05 11:36:18 INFO     Save checkpoint to kinship\grounding.pt
2025-12-05 11:36:38 INFO     loss:    20 224 2.329180 3213.6
2025-12-05 11:36:38 INFO     Save checkpoint to kinship\grounding.pt
2025-12-05 11:36:42 INFO     loss:    30 224 1.517840 2849.6
2025-12-05 11:36:42 INFO     Save checkpoint to kinship\grounding.pt
2025-12-05 11:37:07 INFO     loss:    40 224 1.674534 3307.2
2025-12-05 11:37:07 INFO     Save checkpoint to kinship\grounding.pt
2025-12-05 11:37:32 INFO     loss:    50 224 2.667859 2943.2
2025-12-05 11:37:32 INFO     Save checkpoint to kinship\grounding.pt
2025-12-05 11:37:52 INFO     loss:    60 224 1.832201 2776.8
2025-12-05 11:37:52 INFO     Save checkpoint to kinship\grounding.pt
2025-12-05 11:38:01 INFO     loss:    70 224 1.797632 2412.8
2025-12-05 11:38:01 INFO     Save checkpoint to kinship\grounding.pt
2025-12-05 11:38:22 INFO     loss:    80 224 2.421678 2943.2
2025-12-05 11:38:22 INFO     Save checkpoint to kinship\grounding.pt
2025-12-05 11:38:36 INFO     loss:    90 224 1.968032 3036.8
2025-12-05 11:38:36 INFO     Save checkpoint to kinship\grounding.pt
2025-12-05 11:38:56 INFO     loss:    100 224 0.000149 2683.2
2025-12-05 11:38:56 INFO     Save checkpoint to kinship\grounding.pt
2025-12-05 11:39:11 INFO     loss:    110 224 1.194111 2964.0
2025-12-05 11:39:11 INFO     Save checkpoint to kinship\grounding.pt
2025-12-05 11:39:40 INFO     loss:    120 224 2.245288 3328.0
2025-12-05 11:39:40 INFO     Save checkpoint to kinship\grounding.pt
2025-12-05 11:40:03 INFO     loss:    130 224 0.000287 2870.4
2025-12-05 11:40:03 INFO     Save checkpoint to kinship\grounding.pt
2025-12-05 11:40:18 INFO     loss:    140 224 2.220612 3244.8
2025-12-05 11:40:18 INFO     Save checkpoint to kinship\grounding.pt
2025-12-05 11:40:33 INFO     loss:    150 224 2.100996 3203.2
2025-12-05 11:40:33 INFO     Save checkpoint to kinship\grounding.pt
2025-12-05 11:40:39 INFO     loss:    160 224 1.293908 3244.8
2025-12-05 11:40:39 INFO     Save checkpoint to kinship\grounding.pt
2025-12-05 11:40:48 INFO     loss:    170 224 2.655004 2329.6
2025-12-05 11:40:48 INFO     Save checkpoint to kinship\grounding.pt
2025-12-05 11:41:02 INFO     loss:    180 224 1.303464 2995.2
2025-12-05 11:41:02 INFO     Save checkpoint to kinship\grounding.pt
2025-12-05 11:41:17 INFO     loss:    190 224 2.422108 3068.0
2025-12-05 11:41:17 INFO     Save checkpoint to kinship\grounding.pt
2025-12-05 11:41:36 INFO     loss:    200 224 1.756030 2922.4
2025-12-05 11:41:36 INFO     Save checkpoint to kinship\grounding.pt
2025-12-05 11:41:53 INFO     loss:    210 224 1.640605 2984.8
2025-12-05 11:41:53 INFO     Save checkpoint to kinship\grounding.pt
2025-12-05 11:42:13 INFO     loss:    220 224 1.615639 3328.0
2025-12-05 11:42:13 INFO     Save checkpoint to kinship\grounding.pt
2025-12-05 11:42:20 INFO     >>>>> Predictor: Evaluating on valid
2025-12-05 11:45:14 INFO     Data : 4274
2025-12-05 11:45:14 INFO     Hit1 : 0.444782
2025-12-05 11:45:14 INFO     Hit3 : 0.705662
2025-12-05 11:45:14 INFO     Hit10: 0.930744
2025-12-05 11:45:14 INFO     MR   : 3.903369
2025-12-05 11:45:14 INFO     MRR  : 0.604700
2025-12-05 11:45:14 INFO     -------------------------
2025-12-05 11:45:14 INFO     | Iteration: 9/10
2025-12-05 11:45:14 INFO     -------------------------
2025-12-05 11:45:35 INFO     loss:    10 224 2.680090 3026.4
2025-12-05 11:45:35 INFO     Save checkpoint to kinship\grounding.pt
2025-12-05 11:45:54 INFO     loss:    20 224 2.202191 3213.6
2025-12-05 11:45:54 INFO     Save checkpoint to kinship\grounding.pt
2025-12-05 11:45:59 INFO     loss:    30 224 1.353123 2849.6
2025-12-05 11:45:59 INFO     Save checkpoint to kinship\grounding.pt
2025-12-05 11:46:23 INFO     loss:    40 224 1.522472 3307.2
2025-12-05 11:46:23 INFO     Save checkpoint to kinship\grounding.pt
2025-12-05 11:46:48 INFO     loss:    50 224 2.582559 2943.2
2025-12-05 11:46:48 INFO     Save checkpoint to kinship\grounding.pt
2025-12-05 11:47:09 INFO     loss:    60 224 1.725391 2776.8
2025-12-05 11:47:09 INFO     Save checkpoint to kinship\grounding.pt
2025-12-05 11:47:17 INFO     loss:    70 224 1.674728 2412.8
2025-12-05 11:47:17 INFO     Save checkpoint to kinship\grounding.pt
2025-12-05 11:47:38 INFO     loss:    80 224 2.349137 2943.2
2025-12-05 11:47:38 INFO     Save checkpoint to kinship\grounding.pt
2025-12-05 11:47:52 INFO     loss:    90 224 1.819574 3036.8
2025-12-05 11:47:52 INFO     Save checkpoint to kinship\grounding.pt
2025-12-05 11:48:13 INFO     loss:    100 224 0.000033 2683.2
2025-12-05 11:48:13 INFO     Save checkpoint to kinship\grounding.pt
2025-12-05 11:48:27 INFO     loss:    110 224 1.154542 2964.0
2025-12-05 11:48:27 INFO     Save checkpoint to kinship\grounding.pt
2025-12-05 11:48:56 INFO     loss:    120 224 2.119681 3328.0
2025-12-05 11:48:56 INFO     Save checkpoint to kinship\grounding.pt
2025-12-05 11:49:19 INFO     loss:    130 224 0.000074 2870.4
2025-12-05 11:49:19 INFO     Save checkpoint to kinship\grounding.pt
2025-12-05 11:49:34 INFO     loss:    140 224 2.083420 3244.8
2025-12-05 11:49:34 INFO     Save checkpoint to kinship\grounding.pt
2025-12-05 11:49:49 INFO     loss:    150 224 2.025527 3203.2
2025-12-05 11:49:49 INFO     Save checkpoint to kinship\grounding.pt
2025-12-05 11:49:55 INFO     loss:    160 224 1.185006 3244.8
2025-12-05 11:49:55 INFO     Save checkpoint to kinship\grounding.pt
2025-12-05 11:50:04 INFO     loss:    170 224 2.572835 2329.6
2025-12-05 11:50:04 INFO     Save checkpoint to kinship\grounding.pt
2025-12-05 11:50:18 INFO     loss:    180 224 1.178847 2995.2
2025-12-05 11:50:18 INFO     Save checkpoint to kinship\grounding.pt
2025-12-05 11:50:33 INFO     loss:    190 224 2.559777 3068.0
2025-12-05 11:50:33 INFO     Save checkpoint to kinship\grounding.pt
2025-12-05 11:50:52 INFO     loss:    200 224 1.662219 2922.4
2025-12-05 11:50:52 INFO     Save checkpoint to kinship\grounding.pt
2025-12-05 11:51:08 INFO     loss:    210 224 1.487872 2984.8
2025-12-05 11:51:08 INFO     Save checkpoint to kinship\grounding.pt
2025-12-05 11:51:28 INFO     loss:    220 224 1.486739 3328.0
2025-12-05 11:51:28 INFO     Save checkpoint to kinship\grounding.pt
2025-12-05 11:51:35 INFO     >>>>> Predictor: Evaluating on valid
2025-12-05 11:54:29 INFO     Data : 4274
2025-12-05 11:54:29 INFO     Hit1 : 0.423491
2025-12-05 11:54:29 INFO     Hit3 : 0.694431
2025-12-05 11:54:29 INFO     Hit10: 0.924661
2025-12-05 11:54:29 INFO     MR   : 4.167291
2025-12-05 11:54:29 INFO     MRR  : 0.589134
2025-12-05 11:54:29 INFO     -------------------------
2025-12-05 11:54:29 INFO     | Iteration: 10/10
2025-12-05 11:54:29 INFO     -------------------------
2025-12-05 11:54:50 INFO     loss:    10 224 2.616104 3026.4
2025-12-05 11:54:50 INFO     Save checkpoint to kinship\grounding.pt
2025-12-05 11:55:09 INFO     loss:    20 224 2.080410 3213.6
2025-12-05 11:55:09 INFO     Save checkpoint to kinship\grounding.pt
2025-12-05 11:55:14 INFO     loss:    30 224 1.234152 2849.6
2025-12-05 11:55:14 INFO     Save checkpoint to kinship\grounding.pt
2025-12-05 11:55:38 INFO     loss:    40 224 1.388538 3307.2
2025-12-05 11:55:38 INFO     Save checkpoint to kinship\grounding.pt
2025-12-05 11:56:04 INFO     loss:    50 224 2.502434 2943.2
2025-12-05 11:56:04 INFO     Save checkpoint to kinship\grounding.pt
2025-12-05 11:56:24 INFO     loss:    60 224 1.638717 2776.8
2025-12-05 11:56:24 INFO     Save checkpoint to kinship\grounding.pt
2025-12-05 11:56:32 INFO     loss:    70 224 1.568357 2412.8
2025-12-05 11:56:32 INFO     Save checkpoint to kinship\grounding.pt
2025-12-05 11:56:53 INFO     loss:    80 224 2.252720 2943.2
2025-12-05 11:56:53 INFO     Save checkpoint to kinship\grounding.pt
2025-12-05 11:57:07 INFO     loss:    90 224 1.660702 3036.8
2025-12-05 11:57:07 INFO     Save checkpoint to kinship\grounding.pt
2025-12-05 11:57:27 INFO     loss:    100 224 0.000010 2683.2
2025-12-05 11:57:27 INFO     Save checkpoint to kinship\grounding.pt
2025-12-05 11:57:42 INFO     loss:    110 224 0.931297 2964.0
2025-12-05 11:57:42 INFO     Save checkpoint to kinship\grounding.pt
2025-12-05 11:58:11 INFO     loss:    120 224 2.005044 3328.0
2025-12-05 11:58:11 INFO     Save checkpoint to kinship\grounding.pt
2025-12-05 11:58:34 INFO     loss:    130 224 0.000023 2870.4
2025-12-05 11:58:34 INFO     Save checkpoint to kinship\grounding.pt
2025-12-05 11:58:49 INFO     loss:    140 224 1.961233 3244.8
2025-12-05 11:58:49 INFO     Save checkpoint to kinship\grounding.pt
2025-12-05 11:59:04 INFO     loss:    150 224 2.003694 3203.2
2025-12-05 11:59:04 INFO     Save checkpoint to kinship\grounding.pt
2025-12-05 11:59:10 INFO     loss:    160 224 1.097332 3244.8
2025-12-05 11:59:10 INFO     Save checkpoint to kinship\grounding.pt
2025-12-05 11:59:19 INFO     loss:    170 224 2.468771 2329.6
2025-12-05 11:59:19 INFO     Save checkpoint to kinship\grounding.pt
2025-12-05 11:59:33 INFO     loss:    180 224 1.072112 2995.2
2025-12-05 11:59:33 INFO     Save checkpoint to kinship\grounding.pt
2025-12-05 11:59:48 INFO     loss:    190 224 2.273554 3068.0
2025-12-05 11:59:48 INFO     Save checkpoint to kinship\grounding.pt
2025-12-05 12:00:07 INFO     loss:    200 224 1.591189 2922.4
2025-12-05 12:00:07 INFO     Save checkpoint to kinship\grounding.pt
2025-12-05 12:00:23 INFO     loss:    210 224 1.346733 2984.8
2025-12-05 12:00:23 INFO     Save checkpoint to kinship\grounding.pt
2025-12-05 12:00:43 INFO     loss:    220 224 1.376841 3328.0
2025-12-05 12:00:43 INFO     Save checkpoint to kinship\grounding.pt
2025-12-05 12:00:50 INFO     >>>>> Predictor: Evaluating on valid
2025-12-05 12:03:46 INFO     Data : 4274
2025-12-05 12:03:46 INFO     Hit1 : 0.420449
2025-12-05 12:03:46 INFO     Hit3 : 0.693964
2025-12-05 12:03:46 INFO     Hit10: 0.923491
2025-12-05 12:03:46 INFO     MR   : 4.296912
2025-12-05 12:03:46 INFO     MRR  : 0.585359
2025-12-05 12:03:46 INFO     -------------------------
2025-12-05 12:03:46 INFO     | Final Test MRR: 0.000000
2025-12-05 12:03:46 INFO     -------------------------
2025-12-05 12:03:46 INFO     >>>>> Predictor: Evaluating on valid
2025-12-05 12:06:40 INFO     Data : 4274
2025-12-05 12:06:40 INFO     Hit1 : 0.419981
2025-12-05 12:06:40 INFO     Hit3 : 0.690922
2025-12-05 12:06:40 INFO     Hit10: 0.922789
2025-12-05 12:06:40 INFO     MR   : 4.322181
2025-12-05 12:06:40 INFO     MRR  : 0.584675
2025-12-05 12:06:40 INFO     >>>>> Predictor: Evaluating on test
2025-12-05 12:14:13 INFO     Data : 10686
2025-12-05 12:14:13 INFO     Hit1 : 0.401273
2025-12-05 12:14:13 INFO     Hit3 : 0.683605
2025-12-05 12:14:13 INFO     Hit10: 0.914561
2025-12-05 12:14:13 INFO     MR   : 4.657777
2025-12-05 12:14:13 INFO     MRR  : 0.571863
2025-12-05 12:14:13 INFO     >>>>> Predictor: Evaluating on test_kge
2025-12-05 12:16:45 INFO     Data : 10686
2025-12-05 12:16:45 INFO     Hit1 : 0.567378
2025-12-05 12:16:45 INFO     Hit3 : 0.793842
2025-12-05 12:16:45 INFO     Hit10: 0.950496
2025-12-05 12:16:45 INFO     MR   : 3.166105
2025-12-05 12:16:45 INFO     MRR  : 0.700483
