2025-12-04 11:59:35 INFO     read 10000 rules from list.
2025-12-04 11:59:35 INFO     Loaded support_counts from ../data/kinship\support_counts.pt
2025-12-04 11:59:35 INFO     Uncertainty modeling initialized: num_rules=10000, num_samples=5, lambda_0=1.0
2025-12-04 11:59:35 INFO     >>>>> ruleE: Pre-training
2025-12-04 11:59:50 INFO     Training average positive_fact_loss at step 0: 2.435418
2025-12-04 11:59:50 INFO     Training average negative_fact_loss at step 0: 0.093185
2025-12-04 11:59:50 INFO     Training average positive_rule_loss at step 0: 0.310430
2025-12-04 11:59:50 INFO     Training average negative_rule_loss at step 0: 7.247868
2025-12-04 11:59:50 INFO     Training average L_uncertainty at step 0: 1779.670044
2025-12-04 11:59:50 INFO     Training average L_kl at step 0: 49.220695
2025-12-04 11:59:50 INFO     Training average L_sigma at step 0: 177962.093750
2025-12-04 11:59:50 INFO     Training average mu_mean at step 0: 0.087321
2025-12-04 11:59:50 INFO     Training average sigma_mean at step 0: 1.033485
2025-12-04 11:59:50 INFO     Training average regularization at step 0: 0.004260
2025-12-04 11:59:50 INFO     Training average loss at step 0: 22.844410
2025-12-04 11:59:50 INFO     Evaluating on Valid Dataset...
2025-12-04 11:59:50 INFO     >>>>> RuleE emb: Evaluating on valid
2025-12-04 12:00:03 INFO     Data : 4274
2025-12-04 12:00:03 INFO     Hit1 : 0.000000
2025-12-04 12:00:03 INFO     Hit3 : 0.020824
2025-12-04 12:00:03 INFO     Hit10: 0.098269
2025-12-04 12:00:03 INFO     MR   : 47.661207
2025-12-04 12:00:03 INFO     MRR  : 0.044761
2025-12-04 12:01:01 INFO     Training average positive_fact_loss at step 100: 0.673841
2025-12-04 12:01:01 INFO     Training average negative_fact_loss at step 100: 0.568712
2025-12-04 12:01:01 INFO     Training average positive_rule_loss at step 100: 0.478612
2025-12-04 12:01:01 INFO     Training average negative_rule_loss at step 100: 6.184028
2025-12-04 12:01:01 INFO     Training average L_uncertainty at step 100: 1389.310415
2025-12-04 12:01:01 INFO     Training average L_kl at step 100: 2480.490643
2025-12-04 12:01:01 INFO     Training average L_sigma at step 100: 138682.995801
2025-12-04 12:01:01 INFO     Training average mu_mean at step 100: -0.270690
2025-12-04 12:01:01 INFO     Training average sigma_mean at step 100: 0.821950
2025-12-04 12:01:01 INFO     Training average regularization at step 100: 0.002458
2025-12-04 12:01:01 INFO     Training average loss at step 100: 17.848159
2025-12-04 12:02:05 INFO     Training average positive_fact_loss at step 200: 0.397619
2025-12-04 12:02:05 INFO     Training average negative_fact_loss at step 200: 0.367145
2025-12-04 12:02:05 INFO     Training average positive_rule_loss at step 200: 1.391453
2025-12-04 12:02:05 INFO     Training average negative_rule_loss at step 200: 2.977578
2025-12-04 12:02:05 INFO     Training average L_uncertainty at step 200: 52.045597
2025-12-04 12:02:05 INFO     Training average L_kl at step 200: 34321.567773
2025-12-04 12:02:05 INFO     Training average L_sigma at step 200: 1772.402835
2025-12-04 12:02:05 INFO     Training average mu_mean at step 200: -1.943097
2025-12-04 12:02:05 INFO     Training average sigma_mean at step 200: 0.136075
2025-12-04 12:02:05 INFO     Training average regularization at step 200: 0.003706
2025-12-04 12:02:05 INFO     Training average loss at step 200: 3.091059
2025-12-04 12:03:22 INFO     Training average positive_fact_loss at step 300: 0.337183
2025-12-04 12:03:22 INFO     Training average negative_fact_loss at step 300: 0.327383
2025-12-04 12:03:22 INFO     Training average positive_rule_loss at step 300: 1.366837
2025-12-04 12:03:22 INFO     Training average negative_rule_loss at step 300: 3.014390
2025-12-04 12:03:22 INFO     Training average L_uncertainty at step 300: 33.838161
2025-12-04 12:03:22 INFO     Training average L_kl at step 300: 33661.655508
2025-12-04 12:03:22 INFO     Training average L_sigma at step 300: 17.650371
2025-12-04 12:03:22 INFO     Training average mu_mean at step 300: -1.893406
2025-12-04 12:03:22 INFO     Training average sigma_mean at step 300: 0.127657
2025-12-04 12:03:22 INFO     Training average regularization at step 300: 0.005096
2025-12-04 12:03:22 INFO     Training average loss at step 300: 2.866374
2025-12-04 12:05:02 INFO     Training average positive_fact_loss at step 400: 0.329195
2025-12-04 12:05:02 INFO     Training average negative_fact_loss at step 400: 0.317916
2025-12-04 12:05:02 INFO     Training average positive_rule_loss at step 400: 1.364714
2025-12-04 12:05:02 INFO     Training average negative_rule_loss at step 400: 3.017107
2025-12-04 12:05:02 INFO     Training average L_uncertainty at step 400: 33.783000
2025-12-04 12:05:02 INFO     Training average L_kl at step 400: 33613.623203
2025-12-04 12:05:02 INFO     Training average L_sigma at step 400: 16.937552
2025-12-04 12:05:02 INFO     Training average mu_mean at step 400: -1.890703
2025-12-04 12:05:02 INFO     Training average sigma_mean at step 400: 0.127608
2025-12-04 12:05:02 INFO     Training average regularization at step 400: 0.005559
2025-12-04 12:05:02 INFO     Training average loss at step 400: 2.857855
2025-12-04 12:06:04 INFO     Training average positive_fact_loss at step 500: 0.325368
2025-12-04 12:06:04 INFO     Training average negative_fact_loss at step 500: 0.312439
2025-12-04 12:06:04 INFO     Training average positive_rule_loss at step 500: 1.365606
2025-12-04 12:06:04 INFO     Training average negative_rule_loss at step 500: 3.014419
2025-12-04 12:06:04 INFO     Training average L_uncertainty at step 500: 33.752596
2025-12-04 12:06:04 INFO     Training average L_kl at step 500: 33568.918008
2025-12-04 12:06:04 INFO     Training average L_sigma at step 500: 18.367605
2025-12-04 12:06:04 INFO     Training average mu_mean at step 500: -1.888387
2025-12-04 12:06:04 INFO     Training average sigma_mean at step 500: 0.127625
2025-12-04 12:06:04 INFO     Training average regularization at step 500: 0.005785
2025-12-04 12:06:04 INFO     Training average loss at step 500: 2.852227
2025-12-04 12:07:20 INFO     Training average positive_fact_loss at step 600: 0.322998
2025-12-04 12:07:20 INFO     Training average negative_fact_loss at step 600: 0.309094
2025-12-04 12:07:20 INFO     Training average positive_rule_loss at step 600: 1.363429
2025-12-04 12:07:20 INFO     Training average negative_rule_loss at step 600: 3.016804
2025-12-04 12:07:20 INFO     Training average L_uncertainty at step 600: 33.673163
2025-12-04 12:07:20 INFO     Training average L_kl at step 600: 33483.635703
2025-12-04 12:07:20 INFO     Training average L_sigma at step 600: 18.952520
2025-12-04 12:07:20 INFO     Training average mu_mean at step 600: -1.883847
2025-12-04 12:07:20 INFO     Training average sigma_mean at step 600: 0.127620
2025-12-04 12:07:20 INFO     Training average regularization at step 600: 0.005908
2025-12-04 12:07:20 INFO     Training average loss at step 600: 2.848802
2025-12-04 12:08:15 INFO     Training average positive_fact_loss at step 700: 0.322690
2025-12-04 12:08:15 INFO     Training average negative_fact_loss at step 700: 0.306451
2025-12-04 12:08:15 INFO     Training average positive_rule_loss at step 700: 1.363857
2025-12-04 12:08:15 INFO     Training average negative_rule_loss at step 700: 3.014363
2025-12-04 12:08:15 INFO     Training average L_uncertainty at step 700: 33.625273
2025-12-04 12:08:15 INFO     Training average L_kl at step 700: 33416.318164
2025-12-04 12:08:15 INFO     Training average L_sigma at step 700: 20.895340
2025-12-04 12:08:15 INFO     Training average mu_mean at step 700: -1.880345
2025-12-04 12:08:15 INFO     Training average sigma_mean at step 700: 0.127638
2025-12-04 12:08:15 INFO     Training average regularization at step 700: 0.006009
2025-12-04 12:08:15 INFO     Training average loss at step 700: 2.845942
2025-12-04 12:09:45 INFO     Training average positive_fact_loss at step 800: 0.320526
2025-12-04 12:09:45 INFO     Training average negative_fact_loss at step 800: 0.304424
2025-12-04 12:09:45 INFO     Training average positive_rule_loss at step 800: 1.362016
2025-12-04 12:09:45 INFO     Training average negative_rule_loss at step 800: 3.015368
2025-12-04 12:09:45 INFO     Training average L_uncertainty at step 800: 33.519169
2025-12-04 12:09:45 INFO     Training average L_kl at step 800: 33311.042148
2025-12-04 12:09:45 INFO     Training average L_sigma at step 800: 20.812506
2025-12-04 12:09:45 INFO     Training average mu_mean at step 800: -1.874687
2025-12-04 12:09:45 INFO     Training average sigma_mean at step 800: 0.127623
2025-12-04 12:09:45 INFO     Training average regularization at step 800: 0.006053
2025-12-04 12:09:45 INFO     Training average loss at step 800: 2.842413
2025-12-04 12:10:46 INFO     Training average positive_fact_loss at step 900: 0.319809
2025-12-04 12:10:46 INFO     Training average negative_fact_loss at step 900: 0.303257
2025-12-04 12:10:46 INFO     Training average positive_rule_loss at step 900: 1.361574
2025-12-04 12:10:46 INFO     Training average negative_rule_loss at step 900: 3.013960
2025-12-04 12:10:46 INFO     Training average L_uncertainty at step 900: 33.412524
2025-12-04 12:10:46 INFO     Training average L_kl at step 900: 33191.021836
2025-12-04 12:10:46 INFO     Training average L_sigma at step 900: 22.150102
2025-12-04 12:10:46 INFO     Training average mu_mean at step 900: -1.868357
2025-12-04 12:10:46 INFO     Training average sigma_mean at step 900: 0.127642
2025-12-04 12:10:46 INFO     Training average regularization at step 900: 0.006090
2025-12-04 12:10:46 INFO     Training average loss at step 900: 2.839516
2025-12-04 12:12:04 INFO     Training average positive_fact_loss at step 1000: 0.319315
2025-12-04 12:12:04 INFO     Training average negative_fact_loss at step 1000: 0.302149
2025-12-04 12:12:04 INFO     Training average positive_rule_loss at step 1000: 1.359941
2025-12-04 12:12:04 INFO     Training average negative_rule_loss at step 1000: 3.014444
2025-12-04 12:12:04 INFO     Training average L_uncertainty at step 1000: 33.294746
2025-12-04 12:12:04 INFO     Training average L_kl at step 1000: 33076.461523
2025-12-04 12:12:04 INFO     Training average L_sigma at step 1000: 21.828352
2025-12-04 12:12:04 INFO     Training average mu_mean at step 1000: -1.862246
2025-12-04 12:12:04 INFO     Training average sigma_mean at step 1000: 0.127642
2025-12-04 12:12:04 INFO     Training average regularization at step 1000: 0.006109
2025-12-04 12:12:04 INFO     Training average loss at step 1000: 2.836981
2025-12-04 12:12:04 INFO     Evaluating on Valid Dataset...
2025-12-04 12:12:04 INFO     >>>>> RuleE emb: Evaluating on valid
2025-12-04 12:12:15 INFO     Data : 4274
2025-12-04 12:12:15 INFO     Hit1 : 0.518952
2025-12-04 12:12:15 INFO     Hit3 : 0.758540
2025-12-04 12:12:15 INFO     Hit10: 0.937763
2025-12-04 12:12:15 INFO     MR   : 3.532756
2025-12-04 12:12:15 INFO     MRR  : 0.660602
2025-12-04 12:13:17 INFO     Training average positive_fact_loss at step 1100: 0.318553
2025-12-04 12:13:17 INFO     Training average negative_fact_loss at step 1100: 0.300785
2025-12-04 12:13:17 INFO     Training average positive_rule_loss at step 1100: 1.360271
2025-12-04 12:13:17 INFO     Training average negative_rule_loss at step 1100: 3.011492
2025-12-04 12:13:17 INFO     Training average L_uncertainty at step 1100: 33.174953
2025-12-04 12:13:17 INFO     Training average L_kl at step 1100: 32940.012207
2025-12-04 12:13:17 INFO     Training average L_sigma at step 1100: 23.493906
2025-12-04 12:13:17 INFO     Training average mu_mean at step 1100: -1.854962
2025-12-04 12:13:17 INFO     Training average sigma_mean at step 1100: 0.127653
2025-12-04 12:13:17 INFO     Training average regularization at step 1100: 0.006134
2025-12-04 12:13:17 INFO     Training average loss at step 1100: 2.833435
2025-12-04 12:14:33 INFO     Training average positive_fact_loss at step 1200: 0.318495
2025-12-04 12:14:33 INFO     Training average negative_fact_loss at step 1200: 0.300607
2025-12-04 12:14:33 INFO     Training average positive_rule_loss at step 1200: 1.358886
2025-12-04 12:14:33 INFO     Training average negative_rule_loss at step 1200: 3.011449
2025-12-04 12:14:33 INFO     Training average L_uncertainty at step 1200: 33.023026
2025-12-04 12:14:33 INFO     Training average L_kl at step 1200: 32797.442793
2025-12-04 12:14:33 INFO     Training average L_sigma at step 1200: 22.558168
2025-12-04 12:14:33 INFO     Training average mu_mean at step 1200: -1.847316
2025-12-04 12:14:33 INFO     Training average sigma_mean at step 1200: 0.127657
2025-12-04 12:14:33 INFO     Training average regularization at step 1200: 0.006139
2025-12-04 12:14:33 INFO     Training average loss at step 1200: 2.831088
2025-12-04 12:16:14 INFO     Training average positive_fact_loss at step 1300: 0.318585
2025-12-04 12:16:14 INFO     Training average negative_fact_loss at step 1300: 0.299457
2025-12-04 12:16:14 INFO     Training average positive_rule_loss at step 1300: 1.358544
2025-12-04 12:16:14 INFO     Training average negative_rule_loss at step 1300: 3.009487
2025-12-04 12:16:14 INFO     Training average L_uncertainty at step 1300: 32.893389
2025-12-04 12:16:14 INFO     Training average L_kl at step 1300: 32654.009805
2025-12-04 12:16:14 INFO     Training average L_sigma at step 1300: 23.937771
2025-12-04 12:16:14 INFO     Training average mu_mean at step 1300: -1.839574
2025-12-04 12:16:14 INFO     Training average sigma_mean at step 1300: 0.127670
2025-12-04 12:16:14 INFO     Training average regularization at step 1300: 0.006143
2025-12-04 12:16:14 INFO     Training average loss at step 1300: 2.828114
2025-12-04 12:18:04 INFO     Training average positive_fact_loss at step 1400: 0.317878
2025-12-04 12:18:04 INFO     Training average negative_fact_loss at step 1400: 0.298532
2025-12-04 12:18:04 INFO     Training average positive_rule_loss at step 1400: 1.357409
2025-12-04 12:18:04 INFO     Training average negative_rule_loss at step 1400: 3.008970
2025-12-04 12:18:04 INFO     Training average L_uncertainty at step 1400: 32.783720
2025-12-04 12:18:04 INFO     Training average L_kl at step 1400: 32552.423770
2025-12-04 12:18:04 INFO     Training average L_sigma at step 1400: 23.129435
2025-12-04 12:18:04 INFO     Training average mu_mean at step 1400: -1.834036
2025-12-04 12:18:04 INFO     Training average sigma_mean at step 1400: 0.127663
2025-12-04 12:18:04 INFO     Training average regularization at step 1400: 0.006148
2025-12-04 12:18:04 INFO     Training average loss at step 1400: 2.825379
2025-12-04 12:19:56 INFO     Training average positive_fact_loss at step 1500: 0.317400
2025-12-04 12:19:56 INFO     Training average negative_fact_loss at step 1500: 0.298536
2025-12-04 12:19:56 INFO     Training average positive_rule_loss at step 1500: 1.357248
2025-12-04 12:19:56 INFO     Training average negative_rule_loss at step 1500: 3.006805
2025-12-04 12:19:56 INFO     Training average L_uncertainty at step 1500: 32.613670
2025-12-04 12:19:56 INFO     Training average L_kl at step 1500: 32371.559785
2025-12-04 12:19:56 INFO     Training average L_sigma at step 1500: 24.210894
2025-12-04 12:19:56 INFO     Training average mu_mean at step 1500: -1.824223
2025-12-04 12:19:56 INFO     Training average sigma_mean at step 1500: 0.127678
2025-12-04 12:19:56 INFO     Training average regularization at step 1500: 0.006149
2025-12-04 12:19:56 INFO     Training average loss at step 1500: 2.822280
2025-12-04 12:21:57 INFO     Training average positive_fact_loss at step 1600: 0.316566
2025-12-04 12:21:57 INFO     Training average negative_fact_loss at step 1600: 0.297838
2025-12-04 12:21:57 INFO     Training average positive_rule_loss at step 1600: 1.357190
2025-12-04 12:21:57 INFO     Training average negative_rule_loss at step 1600: 3.004865
2025-12-04 12:21:57 INFO     Training average L_uncertainty at step 1600: 32.511560
2025-12-04 12:21:57 INFO     Training average L_kl at step 1600: 32280.603066
2025-12-04 12:21:57 INFO     Training average L_sigma at step 1600: 23.095573
2025-12-04 12:21:57 INFO     Training average mu_mean at step 1600: -1.819241
2025-12-04 12:21:57 INFO     Training average sigma_mean at step 1600: 0.127676
2025-12-04 12:21:57 INFO     Training average regularization at step 1600: 0.006164
2025-12-04 12:21:57 INFO     Training average loss at step 1600: 2.819509
2025-12-04 12:24:00 INFO     Training average positive_fact_loss at step 1700: 0.316829
2025-12-04 12:24:00 INFO     Training average negative_fact_loss at step 1700: 0.297542
2025-12-04 12:24:00 INFO     Training average positive_rule_loss at step 1700: 1.357201
2025-12-04 12:24:00 INFO     Training average negative_rule_loss at step 1700: 3.002377
2025-12-04 12:24:00 INFO     Training average L_uncertainty at step 1700: 32.331911
2025-12-04 12:24:00 INFO     Training average L_kl at step 1700: 32096.137500
2025-12-04 12:24:00 INFO     Training average L_sigma at step 1700: 23.577156
2025-12-04 12:24:00 INFO     Training average mu_mean at step 1700: -1.809095
2025-12-04 12:24:00 INFO     Training average sigma_mean at step 1700: 0.127687
2025-12-04 12:24:00 INFO     Training average regularization at step 1700: 0.006159
2025-12-04 12:24:00 INFO     Training average loss at step 1700: 2.816453
2025-12-04 12:26:14 INFO     Training average positive_fact_loss at step 1800: 0.316757
2025-12-04 12:26:14 INFO     Training average negative_fact_loss at step 1800: 0.297357
2025-12-04 12:26:14 INFO     Training average positive_rule_loss at step 1800: 1.356657
2025-12-04 12:26:14 INFO     Training average negative_rule_loss at step 1800: 3.000104
2025-12-04 12:26:14 INFO     Training average L_uncertainty at step 1800: 32.224046
2025-12-04 12:26:14 INFO     Training average L_kl at step 1800: 32010.517363
2025-12-04 12:26:14 INFO     Training average L_sigma at step 1800: 21.352730
2025-12-04 12:26:14 INFO     Training average mu_mean at step 1800: -1.804225
2025-12-04 12:26:14 INFO     Training average sigma_mean at step 1800: 0.127686
2025-12-04 12:26:14 INFO     Training average regularization at step 1800: 0.006162
2025-12-04 12:26:14 INFO     Training average loss at step 1800: 2.813840
2025-12-04 12:27:51 INFO     Training average positive_fact_loss at step 1900: 0.317089
2025-12-04 12:27:51 INFO     Training average negative_fact_loss at step 1900: 0.296416
2025-12-04 12:27:51 INFO     Training average positive_rule_loss at step 1900: 1.356844
2025-12-04 12:27:51 INFO     Training average negative_rule_loss at step 1900: 2.996624
2025-12-04 12:27:51 INFO     Training average L_uncertainty at step 1900: 32.041186
2025-12-04 12:27:51 INFO     Training average L_kl at step 1900: 31830.048086
2025-12-04 12:27:51 INFO     Training average L_sigma at step 1900: 21.113622
2025-12-04 12:27:51 INFO     Training average mu_mean at step 1900: -1.793790
2025-12-04 12:27:51 INFO     Training average sigma_mean at step 1900: 0.127694
2025-12-04 12:27:51 INFO     Training average regularization at step 1900: 0.006166
2025-12-04 12:27:51 INFO     Training average loss at step 1900: 2.810065
2025-12-04 12:29:33 INFO     Training average positive_fact_loss at step 2000: 0.316932
2025-12-04 12:29:33 INFO     Training average negative_fact_loss at step 2000: 0.296531
2025-12-04 12:29:33 INFO     Training average positive_rule_loss at step 2000: 1.355208
2025-12-04 12:29:33 INFO     Training average negative_rule_loss at step 2000: 2.994095
2025-12-04 12:29:33 INFO     Training average L_uncertainty at step 2000: 31.942415
2025-12-04 12:29:33 INFO     Training average L_kl at step 2000: 31757.943320
2025-12-04 12:29:33 INFO     Training average L_sigma at step 2000: 18.446990
2025-12-04 12:29:33 INFO     Training average mu_mean at step 2000: -1.788604
2025-12-04 12:29:33 INFO     Training average sigma_mean at step 2000: 0.127692
2025-12-04 12:29:33 INFO     Training average regularization at step 2000: 0.006160
2025-12-04 12:29:33 INFO     Training average loss at step 2000: 2.806967
2025-12-04 12:29:33 INFO     Evaluating on Valid Dataset...
2025-12-04 12:29:33 INFO     >>>>> RuleE emb: Evaluating on valid
2025-12-04 12:29:55 INFO     Data : 4274
2025-12-04 12:29:55 INFO     Hit1 : 0.534394
2025-12-04 12:29:55 INFO     Hit3 : 0.762518
2025-12-04 12:29:55 INFO     Hit10: 0.940103
2025-12-04 12:29:55 INFO     MR   : 3.431680
2025-12-04 12:29:55 INFO     MRR  : 0.671283
2025-12-04 12:31:48 INFO     Training average positive_fact_loss at step 2100: 0.316365
2025-12-04 12:31:48 INFO     Training average negative_fact_loss at step 2100: 0.295969
2025-12-04 12:31:48 INFO     Training average positive_rule_loss at step 2100: 1.354709
2025-12-04 12:31:48 INFO     Training average negative_rule_loss at step 2100: 2.989891
2025-12-04 12:31:48 INFO     Training average L_uncertainty at step 2100: 31.781558
2025-12-04 12:31:48 INFO     Training average L_kl at step 2100: 31604.791738
2025-12-04 12:31:48 INFO     Training average L_sigma at step 2100: 17.676529
2025-12-04 12:31:48 INFO     Training average mu_mean at step 2100: -1.777900
2025-12-04 12:31:48 INFO     Training average sigma_mean at step 2100: 0.127699
2025-12-04 12:31:48 INFO     Training average regularization at step 2100: 0.006155
2025-12-04 12:31:48 INFO     Training average loss at step 2100: 2.802437
2025-12-04 12:33:50 INFO     Training average positive_fact_loss at step 2200: 0.316157
2025-12-04 12:33:50 INFO     Training average negative_fact_loss at step 2200: 0.295883
2025-12-04 12:33:50 INFO     Training average positive_rule_loss at step 2200: 1.353399
2025-12-04 12:33:50 INFO     Training average negative_rule_loss at step 2200: 2.986373
2025-12-04 12:33:50 INFO     Training average L_uncertainty at step 2200: 31.695506
2025-12-04 12:33:50 INFO     Training average L_kl at step 2200: 31538.691855
2025-12-04 12:33:50 INFO     Training average L_sigma at step 2200: 15.681313
2025-12-04 12:33:50 INFO     Training average mu_mean at step 2200: -1.771197
2025-12-04 12:33:50 INFO     Training average sigma_mean at step 2200: 0.127694
2025-12-04 12:33:50 INFO     Training average regularization at step 2200: 0.006151
2025-12-04 12:33:50 INFO     Training average loss at step 2200: 2.799013
2025-12-04 12:35:42 INFO     Training average positive_fact_loss at step 2300: 0.316009
2025-12-04 12:35:42 INFO     Training average negative_fact_loss at step 2300: 0.295742
2025-12-04 12:35:42 INFO     Training average positive_rule_loss at step 2300: 1.353742
2025-12-04 12:35:42 INFO     Training average negative_rule_loss at step 2300: 2.980801
2025-12-04 12:35:42 INFO     Training average L_uncertainty at step 2300: 31.543280
2025-12-04 12:35:42 INFO     Training average L_kl at step 2300: 31388.257969
2025-12-04 12:35:42 INFO     Training average L_sigma at step 2300: 15.502092
2025-12-04 12:35:42 INFO     Training average mu_mean at step 2300: -1.759405
2025-12-04 12:35:42 INFO     Training average sigma_mean at step 2300: 0.127699
2025-12-04 12:35:42 INFO     Training average regularization at step 2300: 0.006159
2025-12-04 12:35:42 INFO     Training average loss at step 2300: 2.794738
2025-12-04 12:37:37 INFO     Training average positive_fact_loss at step 2400: 0.315608
2025-12-04 12:37:37 INFO     Training average negative_fact_loss at step 2400: 0.295904
2025-12-04 12:37:37 INFO     Training average positive_rule_loss at step 2400: 1.353989
2025-12-04 12:37:37 INFO     Training average negative_rule_loss at step 2400: 2.976701
2025-12-04 12:37:37 INFO     Training average L_uncertainty at step 2400: 31.502176
2025-12-04 12:37:37 INFO     Training average L_kl at step 2400: 31358.840898
2025-12-04 12:37:37 INFO     Training average L_sigma at step 2400: 14.333367
2025-12-04 12:37:37 INFO     Training average mu_mean at step 2400: -1.754612
2025-12-04 12:37:37 INFO     Training average sigma_mean at step 2400: 0.127697
2025-12-04 12:37:37 INFO     Training average regularization at step 2400: 0.006149
2025-12-04 12:37:37 INFO     Training average loss at step 2400: 2.792271
2025-12-04 12:39:29 INFO     Training average positive_fact_loss at step 2500: 0.316121
2025-12-04 12:39:29 INFO     Training average negative_fact_loss at step 2500: 0.295444
2025-12-04 12:39:29 INFO     Training average positive_rule_loss at step 2500: 1.355252
2025-12-04 12:39:29 INFO     Training average negative_rule_loss at step 2500: 2.970057
2025-12-04 12:39:29 INFO     Training average L_uncertainty at step 2500: 31.359931
2025-12-04 12:39:29 INFO     Training average L_kl at step 2500: 31213.395625
2025-12-04 12:39:29 INFO     Training average L_sigma at step 2500: 14.653382
2025-12-04 12:39:29 INFO     Training average mu_mean at step 2500: -1.743096
2025-12-04 12:39:29 INFO     Training average sigma_mean at step 2500: 0.127696
2025-12-04 12:39:29 INFO     Training average regularization at step 2500: 0.006157
2025-12-04 12:39:29 INFO     Training average loss at step 2500: 2.788194
2025-12-04 12:41:24 INFO     Training average positive_fact_loss at step 2600: 0.316122
2025-12-04 12:41:24 INFO     Training average negative_fact_loss at step 2600: 0.295131
2025-12-04 12:41:24 INFO     Training average positive_rule_loss at step 2600: 1.357145
2025-12-04 12:41:24 INFO     Training average negative_rule_loss at step 2600: 2.964818
2025-12-04 12:41:24 INFO     Training average L_uncertainty at step 2600: 31.336672
2025-12-04 12:41:24 INFO     Training average L_kl at step 2600: 31198.243535
2025-12-04 12:41:24 INFO     Training average L_sigma at step 2600: 13.842739
2025-12-04 12:41:24 INFO     Training average mu_mean at step 2600: -1.739193
2025-12-04 12:41:24 INFO     Training average sigma_mean at step 2600: 0.127704
2025-12-04 12:41:24 INFO     Training average regularization at step 2600: 0.006168
2025-12-04 12:41:24 INFO     Training average loss at step 2600: 2.786143
2025-12-04 12:43:06 INFO     Training average positive_fact_loss at step 2700: 0.315918
2025-12-04 12:43:06 INFO     Training average negative_fact_loss at step 2700: 0.294648
2025-12-04 12:43:06 INFO     Training average positive_rule_loss at step 2700: 1.360004
2025-12-04 12:43:06 INFO     Training average negative_rule_loss at step 2700: 2.956887
2025-12-04 12:43:06 INFO     Training average L_uncertainty at step 2700: 31.220528
2025-12-04 12:43:06 INFO     Training average L_kl at step 2700: 31077.906328
2025-12-04 12:43:06 INFO     Training average L_sigma at step 2700: 14.261977
2025-12-04 12:43:06 INFO     Training average mu_mean at step 2700: -1.729535
2025-12-04 12:43:06 INFO     Training average sigma_mean at step 2700: 0.127707
2025-12-04 12:43:06 INFO     Training average regularization at step 2700: 0.006168
2025-12-04 12:43:06 INFO     Training average loss at step 2700: 2.782102
2025-12-04 12:45:08 INFO     Training average positive_fact_loss at step 2800: 0.315146
2025-12-04 12:45:08 INFO     Training average negative_fact_loss at step 2800: 0.294896
2025-12-04 12:45:08 INFO     Training average positive_rule_loss at step 2800: 1.362506
2025-12-04 12:45:08 INFO     Training average negative_rule_loss at step 2800: 2.951119
2025-12-04 12:45:08 INFO     Training average L_uncertainty at step 2800: 31.230644
2025-12-04 12:45:08 INFO     Training average L_kl at step 2800: 31092.802070
2025-12-04 12:45:08 INFO     Training average L_sigma at step 2800: 13.784089
2025-12-04 12:45:08 INFO     Training average mu_mean at step 2800: -1.727658
2025-12-04 12:45:08 INFO     Training average sigma_mean at step 2800: 0.127709
2025-12-04 12:45:08 INFO     Training average regularization at step 2800: 0.006155
2025-12-04 12:45:08 INFO     Training average loss at step 2800: 2.780295
2025-12-04 12:46:59 INFO     Training average positive_fact_loss at step 2900: 0.315608
2025-12-04 12:46:59 INFO     Training average negative_fact_loss at step 2900: 0.294772
2025-12-04 12:46:59 INFO     Training average positive_rule_loss at step 2900: 1.366390
2025-12-04 12:46:59 INFO     Training average negative_rule_loss at step 2900: 2.942685
2025-12-04 12:46:59 INFO     Training average L_uncertainty at step 2900: 31.133747
2025-12-04 12:46:59 INFO     Training average L_kl at step 2900: 30992.699590
2025-12-04 12:46:59 INFO     Training average L_sigma at step 2900: 14.104547
2025-12-04 12:46:59 INFO     Training average mu_mean at step 2900: -1.719325
2025-12-04 12:46:59 INFO     Training average sigma_mean at step 2900: 0.127707
2025-12-04 12:46:59 INFO     Training average regularization at step 2900: 0.006166
2025-12-04 12:46:59 INFO     Training average loss at step 2900: 2.777231
2025-12-04 12:48:59 INFO     Training average positive_fact_loss at step 3000: 0.315567
2025-12-04 12:48:59 INFO     Training average negative_fact_loss at step 3000: 0.294572
2025-12-04 12:48:59 INFO     Training average positive_rule_loss at step 3000: 1.368869
2025-12-04 12:48:59 INFO     Training average negative_rule_loss at step 3000: 2.937800
2025-12-04 12:48:59 INFO     Training average L_uncertainty at step 3000: 31.148399
2025-12-04 12:48:59 INFO     Training average L_kl at step 3000: 31009.902207
2025-12-04 12:48:59 INFO     Training average L_sigma at step 3000: 13.849539
2025-12-04 12:48:59 INFO     Training average mu_mean at step 3000: -1.718124
2025-12-04 12:48:59 INFO     Training average sigma_mean at step 3000: 0.127709
2025-12-04 12:48:59 INFO     Training average regularization at step 3000: 0.006161
2025-12-04 12:48:59 INFO     Training average loss at step 3000: 2.776049
2025-12-04 12:48:59 INFO     Evaluating on Valid Dataset...
2025-12-04 12:48:59 INFO     >>>>> RuleE emb: Evaluating on valid
2025-12-04 12:49:21 INFO     Data : 4274
2025-12-04 12:49:21 INFO     Hit1 : 0.520824
2025-12-04 12:49:21 INFO     Hit3 : 0.759710
2025-12-04 12:49:21 INFO     Hit10: 0.938465
2025-12-04 12:49:21 INFO     MR   : 3.482452
2025-12-04 12:49:21 INFO     MRR  : 0.662203
2025-12-04 12:51:18 INFO     Training average positive_fact_loss at step 3100: 0.315446
2025-12-04 12:51:18 INFO     Training average negative_fact_loss at step 3100: 0.294482
2025-12-04 12:51:18 INFO     Training average positive_rule_loss at step 3100: 1.375307
2025-12-04 12:51:18 INFO     Training average negative_rule_loss at step 3100: 2.927482
2025-12-04 12:51:18 INFO     Training average L_uncertainty at step 3100: 31.105797
2025-12-04 12:51:18 INFO     Training average L_kl at step 3100: 30960.473789
2025-12-04 12:51:18 INFO     Training average L_sigma at step 3100: 14.532156
2025-12-04 12:51:18 INFO     Training average mu_mean at step 3100: -1.713722
2025-12-04 12:51:18 INFO     Training average sigma_mean at step 3100: 0.127708
2025-12-04 12:51:18 INFO     Training average regularization at step 3100: 0.006158
2025-12-04 12:51:18 INFO     Training average loss at step 3100: 2.773575
2025-12-04 12:53:18 INFO     Training average positive_fact_loss at step 3200: 0.315747
2025-12-04 12:53:18 INFO     Training average negative_fact_loss at step 3200: 0.294376
2025-12-04 12:53:18 INFO     Training average positive_rule_loss at step 3200: 1.376229
2025-12-04 12:53:18 INFO     Training average negative_rule_loss at step 3200: 2.924691
2025-12-04 12:53:18 INFO     Training average L_uncertainty at step 3200: 31.092096
2025-12-04 12:53:18 INFO     Training average L_kl at step 3200: 30949.231074
2025-12-04 12:53:18 INFO     Training average L_sigma at step 3200: 14.286329
2025-12-04 12:53:18 INFO     Training average mu_mean at step 3200: -1.711638
2025-12-04 12:53:18 INFO     Training average sigma_mean at step 3200: 0.127711
2025-12-04 12:53:18 INFO     Training average regularization at step 3200: 0.006160
2025-12-04 12:53:18 INFO     Training average loss at step 3200: 2.772602
2025-12-04 12:54:49 INFO     Training average positive_fact_loss at step 3300: 0.315355
2025-12-04 12:54:49 INFO     Training average negative_fact_loss at step 3300: 0.294149
2025-12-04 12:54:49 INFO     Training average positive_rule_loss at step 3300: 1.380336
2025-12-04 12:54:49 INFO     Training average negative_rule_loss at step 3300: 2.917634
2025-12-04 12:54:49 INFO     Training average L_uncertainty at step 3300: 31.018545
2025-12-04 12:54:49 INFO     Training average L_kl at step 3300: 30868.065176
2025-12-04 12:54:49 INFO     Training average L_sigma at step 3300: 15.047831
2025-12-04 12:54:49 INFO     Training average mu_mean at step 3300: -1.705391
2025-12-04 12:54:49 INFO     Training average sigma_mean at step 3300: 0.127709
2025-12-04 12:54:49 INFO     Training average regularization at step 3300: 0.006166
2025-12-04 12:54:49 INFO     Training average loss at step 3300: 2.770089
2025-12-04 12:56:50 INFO     Training average positive_fact_loss at step 3400: 0.315335
2025-12-04 12:56:50 INFO     Training average negative_fact_loss at step 3400: 0.293615
2025-12-04 12:56:50 INFO     Training average positive_rule_loss at step 3400: 1.384246
2025-12-04 12:56:50 INFO     Training average negative_rule_loss at step 3400: 2.911117
2025-12-04 12:56:50 INFO     Training average L_uncertainty at step 3400: 31.047352
2025-12-04 12:56:50 INFO     Training average L_kl at step 3400: 30902.457363
2025-12-04 12:56:50 INFO     Training average L_sigma at step 3400: 14.489304
2025-12-04 12:56:50 INFO     Training average mu_mean at step 3400: -1.705635
2025-12-04 12:56:50 INFO     Training average sigma_mean at step 3400: 0.127712
2025-12-04 12:56:50 INFO     Training average regularization at step 3400: 0.006180
2025-12-04 12:56:50 INFO     Training average loss at step 3400: 2.768810
2025-12-04 12:58:40 INFO     Training average positive_fact_loss at step 3500: 0.315442
2025-12-04 12:58:40 INFO     Training average negative_fact_loss at step 3500: 0.294134
2025-12-04 12:58:40 INFO     Training average positive_rule_loss at step 3500: 1.388669
2025-12-04 12:58:40 INFO     Training average negative_rule_loss at step 3500: 2.904296
2025-12-04 12:58:40 INFO     Training average L_uncertainty at step 3500: 30.977419
2025-12-04 12:58:40 INFO     Training average L_kl at step 3500: 30824.266543
2025-12-04 12:58:40 INFO     Training average L_sigma at step 3500: 15.315110
2025-12-04 12:58:40 INFO     Training average mu_mean at step 3500: -1.699951
2025-12-04 12:58:40 INFO     Training average sigma_mean at step 3500: 0.127711
2025-12-04 12:58:40 INFO     Training average regularization at step 3500: 0.006160
2025-12-04 12:58:40 INFO     Training average loss at step 3500: 2.767205
2025-12-04 13:00:42 INFO     Training average positive_fact_loss at step 3600: 0.315505
2025-12-04 13:00:42 INFO     Training average negative_fact_loss at step 3600: 0.294047
2025-12-04 13:00:42 INFO     Training average positive_rule_loss at step 3600: 1.393539
2025-12-04 13:00:42 INFO     Training average negative_rule_loss at step 3600: 2.897337
2025-12-04 13:00:42 INFO     Training average L_uncertainty at step 3600: 31.008512
2025-12-04 13:00:42 INFO     Training average L_kl at step 3600: 30858.247344
2025-12-04 13:00:42 INFO     Training average L_sigma at step 3600: 15.026329
2025-12-04 13:00:42 INFO     Training average mu_mean at step 3600: -1.701095
2025-12-04 13:00:42 INFO     Training average sigma_mean at step 3600: 0.127716
2025-12-04 13:00:42 INFO     Training average regularization at step 3600: 0.006150
2025-12-04 13:00:42 INFO     Training average loss at step 3600: 2.766449
2025-12-04 13:02:32 INFO     Training average positive_fact_loss at step 3700: 0.314823
2025-12-04 13:02:32 INFO     Training average negative_fact_loss at step 3700: 0.293894
2025-12-04 13:02:32 INFO     Training average positive_rule_loss at step 3700: 1.395619
2025-12-04 13:02:32 INFO     Training average negative_rule_loss at step 3700: 2.891926
2025-12-04 13:02:32 INFO     Training average L_uncertainty at step 3700: 30.972380
2025-12-04 13:02:32 INFO     Training average L_kl at step 3700: 30812.346895
2025-12-04 13:02:32 INFO     Training average L_sigma at step 3700: 16.003134
2025-12-04 13:02:32 INFO     Training average mu_mean at step 3700: -1.697070
2025-12-04 13:02:32 INFO     Training average sigma_mean at step 3700: 0.127712
2025-12-04 13:02:32 INFO     Training average regularization at step 3700: 0.006164
2025-12-04 13:02:32 INFO     Training average loss at step 3700: 2.764018
2025-12-04 13:04:33 INFO     Training average positive_fact_loss at step 3800: 0.314838
2025-12-04 13:04:33 INFO     Training average negative_fact_loss at step 3800: 0.293485
2025-12-04 13:04:33 INFO     Training average positive_rule_loss at step 3800: 1.398614
2025-12-04 13:04:33 INFO     Training average negative_rule_loss at step 3800: 2.887936
2025-12-04 13:04:33 INFO     Training average L_uncertainty at step 3800: 30.963923
2025-12-04 13:04:33 INFO     Training average L_kl at step 3800: 30813.905957
2025-12-04 13:04:33 INFO     Training average L_sigma at step 3800: 15.001562
2025-12-04 13:04:33 INFO     Training average mu_mean at step 3800: -1.695910
2025-12-04 13:04:33 INFO     Training average sigma_mean at step 3800: 0.127712
2025-12-04 13:04:33 INFO     Training average regularization at step 3800: 0.006176
2025-12-04 13:04:33 INFO     Training average loss at step 3800: 2.763252
2025-12-04 13:06:15 INFO     Training average positive_fact_loss at step 3900: 0.315105
2025-12-04 13:06:15 INFO     Training average negative_fact_loss at step 3900: 0.293890
2025-12-04 13:06:15 INFO     Training average positive_rule_loss at step 3900: 1.400859
2025-12-04 13:06:15 INFO     Training average negative_rule_loss at step 3900: 2.883650
2025-12-04 13:06:15 INFO     Training average L_uncertainty at step 3900: 30.909989
2025-12-04 13:06:15 INFO     Training average L_kl at step 3900: 30751.889219
2025-12-04 13:06:15 INFO     Training average L_sigma at step 3900: 15.809822
2025-12-04 13:06:15 INFO     Training average mu_mean at step 3900: -1.691402
2025-12-04 13:06:15 INFO     Training average sigma_mean at step 3900: 0.127713
2025-12-04 13:06:15 INFO     Training average regularization at step 3900: 0.006173
2025-12-04 13:06:15 INFO     Training average loss at step 3900: 2.762024
2025-12-04 13:08:06 INFO     Training average positive_fact_loss at step 4000: 0.315104
2025-12-04 13:08:06 INFO     Training average negative_fact_loss at step 4000: 0.293324
2025-12-04 13:08:06 INFO     Training average positive_rule_loss at step 4000: 1.404952
2025-12-04 13:08:06 INFO     Training average negative_rule_loss at step 4000: 2.877350
2025-12-04 13:08:06 INFO     Training average L_uncertainty at step 4000: 30.912396
2025-12-04 13:08:06 INFO     Training average L_kl at step 4000: 30762.064961
2025-12-04 13:08:06 INFO     Training average L_sigma at step 4000: 15.032927
2025-12-04 13:08:06 INFO     Training average mu_mean at step 4000: -1.690886
2025-12-04 13:08:06 INFO     Training average sigma_mean at step 4000: 0.127715
2025-12-04 13:08:06 INFO     Training average regularization at step 4000: 0.006177
2025-12-04 13:08:06 INFO     Training average loss at step 4000: 2.760667
2025-12-04 13:08:06 INFO     Evaluating on Valid Dataset...
2025-12-04 13:08:06 INFO     >>>>> RuleE emb: Evaluating on valid
2025-12-04 13:08:28 INFO     Data : 4274
2025-12-04 13:08:28 INFO     Hit1 : 0.522929
2025-12-04 13:08:28 INFO     Hit3 : 0.766495
2025-12-04 13:08:28 INFO     Hit10: 0.941741
2025-12-04 13:08:28 INFO     MR   : 3.423491
2025-12-04 13:08:28 INFO     MRR  : 0.665887
2025-12-04 13:10:20 INFO     Training average positive_fact_loss at step 4100: 0.315806
2025-12-04 13:10:20 INFO     Training average negative_fact_loss at step 4100: 0.293110
2025-12-04 13:10:20 INFO     Training average positive_rule_loss at step 4100: 1.406386
2025-12-04 13:10:20 INFO     Training average negative_rule_loss at step 4100: 2.874371
2025-12-04 13:10:20 INFO     Training average L_uncertainty at step 4100: 30.856707
2025-12-04 13:10:20 INFO     Training average L_kl at step 4100: 30699.563613
2025-12-04 13:10:20 INFO     Training average L_sigma at step 4100: 15.714161
2025-12-04 13:10:20 INFO     Training average mu_mean at step 4100: -1.686383
2025-12-04 13:10:20 INFO     Training average sigma_mean at step 4100: 0.127713
2025-12-04 13:10:20 INFO     Training average regularization at step 4100: 0.006167
2025-12-04 13:10:20 INFO     Training average loss at step 4100: 2.759571
2025-12-04 13:12:19 INFO     Training average positive_fact_loss at step 4200: 0.314043
2025-12-04 13:12:19 INFO     Training average negative_fact_loss at step 4200: 0.293508
2025-12-04 13:12:19 INFO     Training average positive_rule_loss at step 4200: 1.410873
2025-12-04 13:12:19 INFO     Training average negative_rule_loss at step 4200: 2.867688
2025-12-04 13:12:19 INFO     Training average L_uncertainty at step 4200: 30.894369
2025-12-04 13:12:19 INFO     Training average L_kl at step 4200: 30741.719570
2025-12-04 13:12:19 INFO     Training average L_sigma at step 4200: 15.264816
2025-12-04 13:12:19 INFO     Training average mu_mean at step 4200: -1.687577
2025-12-04 13:12:19 INFO     Training average sigma_mean at step 4200: 0.127713
2025-12-04 13:12:19 INFO     Training average regularization at step 4200: 0.006165
2025-12-04 13:12:19 INFO     Training average loss at step 4200: 2.758164
2025-12-04 13:14:10 INFO     Training average positive_fact_loss at step 4300: 0.314698
2025-12-04 13:14:10 INFO     Training average negative_fact_loss at step 4300: 0.293399
2025-12-04 13:14:10 INFO     Training average positive_rule_loss at step 4300: 1.411784
2025-12-04 13:14:10 INFO     Training average negative_rule_loss at step 4300: 2.863601
2025-12-04 13:14:10 INFO     Training average L_uncertainty at step 4300: 30.820845
2025-12-04 13:14:10 INFO     Training average L_kl at step 4300: 30663.804902
2025-12-04 13:14:10 INFO     Training average L_sigma at step 4300: 15.703887
2025-12-04 13:14:10 INFO     Training average mu_mean at step 4300: -1.681661
2025-12-04 13:14:10 INFO     Training average sigma_mean at step 4300: 0.127712
2025-12-04 13:14:10 INFO     Training average regularization at step 4300: 0.006176
2025-12-04 13:14:10 INFO     Training average loss at step 4300: 2.756126
2025-12-04 13:16:12 INFO     Training average positive_fact_loss at step 4400: 0.314386
2025-12-04 13:16:12 INFO     Training average negative_fact_loss at step 4400: 0.293003
2025-12-04 13:16:12 INFO     Training average positive_rule_loss at step 4400: 1.415689
2025-12-04 13:16:12 INFO     Training average negative_rule_loss at step 4400: 2.858859
2025-12-04 13:16:12 INFO     Training average L_uncertainty at step 4400: 30.820693
2025-12-04 13:16:12 INFO     Training average L_kl at step 4400: 30670.405234
2025-12-04 13:16:12 INFO     Training average L_sigma at step 4400: 15.028591
2025-12-04 13:16:12 INFO     Training average mu_mean at step 4400: -1.681771
2025-12-04 13:16:12 INFO     Training average sigma_mean at step 4400: 0.127715
2025-12-04 13:16:12 INFO     Training average regularization at step 4400: 0.006177
2025-12-04 13:16:12 INFO     Training average loss at step 4400: 2.755352
2025-12-04 13:18:03 INFO     Training average positive_fact_loss at step 4500: 0.315208
2025-12-04 13:18:03 INFO     Training average negative_fact_loss at step 4500: 0.293322
2025-12-04 13:18:03 INFO     Training average positive_rule_loss at step 4500: 1.418112
2025-12-04 13:18:03 INFO     Training average negative_rule_loss at step 4500: 2.854760
2025-12-04 13:18:03 INFO     Training average L_uncertainty at step 4500: 30.756636
2025-12-04 13:18:03 INFO     Training average L_kl at step 4500: 30601.707051
2025-12-04 13:18:03 INFO     Training average L_sigma at step 4500: 15.492776
2025-12-04 13:18:03 INFO     Training average mu_mean at step 4500: -1.676917
2025-12-04 13:18:03 INFO     Training average sigma_mean at step 4500: 0.127714
2025-12-04 13:18:03 INFO     Training average regularization at step 4500: 0.006176
2025-12-04 13:18:03 INFO     Training average loss at step 4500: 2.754444
2025-12-04 13:19:42 INFO     Training average positive_fact_loss at step 4600: 0.314959
2025-12-04 13:19:42 INFO     Training average negative_fact_loss at step 4600: 0.292814
2025-12-04 13:19:42 INFO     Training average positive_rule_loss at step 4600: 1.418498
2025-12-04 13:19:42 INFO     Training average negative_rule_loss at step 4600: 2.852026
2025-12-04 13:19:42 INFO     Training average L_uncertainty at step 4600: 30.765528
2025-12-04 13:19:42 INFO     Training average L_kl at step 4600: 30618.898145
2025-12-04 13:19:42 INFO     Training average L_sigma at step 4600: 14.662831
2025-12-04 13:19:42 INFO     Training average mu_mean at step 4600: -1.676235
2025-12-04 13:19:42 INFO     Training average sigma_mean at step 4600: 0.127715
2025-12-04 13:19:42 INFO     Training average regularization at step 4600: 0.006178
2025-12-04 13:19:42 INFO     Training average loss at step 4600: 2.752982
2025-12-04 13:21:27 INFO     Training average positive_fact_loss at step 4700: 0.314285
2025-12-04 13:21:27 INFO     Training average negative_fact_loss at step 4700: 0.292850
2025-12-04 13:21:27 INFO     Training average positive_rule_loss at step 4700: 1.422800
2025-12-04 13:21:27 INFO     Training average negative_rule_loss at step 4700: 2.846184
2025-12-04 13:21:27 INFO     Training average L_uncertainty at step 4700: 30.720521
2025-12-04 13:21:27 INFO     Training average L_kl at step 4700: 30568.699590
2025-12-04 13:21:27 INFO     Training average L_sigma at step 4700: 15.181987
2025-12-04 13:21:27 INFO     Training average mu_mean at step 4700: -1.672438
2025-12-04 13:21:27 INFO     Training average sigma_mean at step 4700: 0.127712
2025-12-04 13:21:27 INFO     Training average regularization at step 4700: 0.006186
2025-12-04 13:21:27 INFO     Training average loss at step 4700: 2.751450
2025-12-04 13:23:39 INFO     Training average positive_fact_loss at step 4800: 0.314449
2025-12-04 13:23:39 INFO     Training average negative_fact_loss at step 4800: 0.292887
2025-12-04 13:23:39 INFO     Training average positive_rule_loss at step 4800: 1.424389
2025-12-04 13:23:39 INFO     Training average negative_rule_loss at step 4800: 2.843065
2025-12-04 13:23:39 INFO     Training average L_uncertainty at step 4800: 30.725958
2025-12-04 13:23:39 INFO     Training average L_kl at step 4800: 30576.962070
2025-12-04 13:23:39 INFO     Training average L_sigma at step 4800: 14.899436
2025-12-04 13:23:39 INFO     Training average mu_mean at step 4800: -1.671762
2025-12-04 13:23:39 INFO     Training average sigma_mean at step 4800: 0.127714
2025-12-04 13:23:39 INFO     Training average regularization at step 4800: 0.006184
2025-12-04 13:23:39 INFO     Training average loss at step 4800: 2.750839
2025-12-04 13:25:30 INFO     Training average positive_fact_loss at step 4900: 0.314710
2025-12-04 13:25:30 INFO     Training average negative_fact_loss at step 4900: 0.292827
2025-12-04 13:25:30 INFO     Training average positive_rule_loss at step 4900: 1.423869
2025-12-04 13:25:30 INFO     Training average negative_rule_loss at step 4900: 2.840605
2025-12-04 13:25:30 INFO     Training average L_uncertainty at step 4900: 30.646382
2025-12-04 13:25:30 INFO     Training average L_kl at step 4900: 30495.537051
2025-12-04 13:25:30 INFO     Training average L_sigma at step 4900: 15.084311
2025-12-04 13:25:30 INFO     Training average mu_mean at step 4900: -1.665349
2025-12-04 13:25:30 INFO     Training average sigma_mean at step 4900: 0.127710
2025-12-04 13:25:30 INFO     Training average regularization at step 4900: 0.006182
2025-12-04 13:25:30 INFO     Training average loss at step 4900: 2.748651
2025-12-04 13:27:32 INFO     Training average positive_fact_loss at step 5000: 0.314418
2025-12-04 13:27:32 INFO     Training average negative_fact_loss at step 5000: 0.293150
2025-12-04 13:27:32 INFO     Training average positive_rule_loss at step 5000: 1.426533
2025-12-04 13:27:32 INFO     Training average negative_rule_loss at step 5000: 2.836949
2025-12-04 13:27:32 INFO     Training average L_uncertainty at step 5000: 30.640656
2025-12-04 13:27:32 INFO     Training average L_kl at step 5000: 30497.070820
2025-12-04 13:27:32 INFO     Training average L_sigma at step 5000: 14.358404
2025-12-04 13:27:32 INFO     Training average mu_mean at step 5000: -1.664048
2025-12-04 13:27:32 INFO     Training average sigma_mean at step 5000: 0.127713
2025-12-04 13:27:32 INFO     Training average regularization at step 5000: 0.006175
2025-12-04 13:27:32 INFO     Training average loss at step 5000: 2.748107
2025-12-04 13:27:32 INFO     Evaluating on Valid Dataset...
2025-12-04 13:27:32 INFO     >>>>> RuleE emb: Evaluating on valid
2025-12-04 13:27:55 INFO     Data : 4274
2025-12-04 13:27:55 INFO     Hit1 : 0.523865
2025-12-04 13:27:55 INFO     Hit3 : 0.772110
2025-12-04 13:27:55 INFO     Hit10: 0.943379
2025-12-04 13:27:55 INFO     MR   : 3.419279
2025-12-04 13:27:55 INFO     MRR  : 0.667115
2025-12-04 13:29:49 INFO     Training average positive_fact_loss at step 5100: 0.315076
2025-12-04 13:29:49 INFO     Training average negative_fact_loss at step 5100: 0.293121
2025-12-04 13:29:49 INFO     Training average positive_rule_loss at step 5100: 1.429225
2025-12-04 13:29:49 INFO     Training average negative_rule_loss at step 5100: 2.832113
2025-12-04 13:29:49 INFO     Training average L_uncertainty at step 5100: 30.598538
2025-12-04 13:29:49 INFO     Training average L_kl at step 5100: 30447.033574
2025-12-04 13:29:49 INFO     Training average L_sigma at step 5100: 15.150298
2025-12-04 13:29:49 INFO     Training average mu_mean at step 5100: -1.660851
2025-12-04 13:29:49 INFO     Training average sigma_mean at step 5100: 0.127710
2025-12-04 13:29:49 INFO     Training average regularization at step 5100: 0.006179
2025-12-04 13:29:49 INFO     Training average loss at step 5100: 2.746932
2025-12-04 13:31:40 INFO     Training average positive_fact_loss at step 5200: 0.314359
2025-12-04 13:31:40 INFO     Training average negative_fact_loss at step 5200: 0.292096
2025-12-04 13:31:40 INFO     Training average positive_rule_loss at step 5200: 1.432551
2025-12-04 13:31:40 INFO     Training average negative_rule_loss at step 5200: 2.827167
2025-12-04 13:31:40 INFO     Training average L_uncertainty at step 5200: 30.610383
2025-12-04 13:31:40 INFO     Training average L_kl at step 5200: 30466.868125
2025-12-04 13:31:40 INFO     Training average L_sigma at step 5200: 14.351308
2025-12-04 13:31:40 INFO     Training average mu_mean at step 5200: -1.660638
2025-12-04 13:31:40 INFO     Training average sigma_mean at step 5200: 0.127714
2025-12-04 13:31:40 INFO     Training average regularization at step 5200: 0.006188
2025-12-04 13:31:40 INFO     Training average loss at step 5200: 2.745378
2025-12-04 13:33:21 INFO     Training average positive_fact_loss at step 5300: 0.314646
2025-12-04 13:33:21 INFO     Training average negative_fact_loss at step 5300: 0.292426
2025-12-04 13:33:21 INFO     Training average positive_rule_loss at step 5300: 1.432913
2025-12-04 13:33:21 INFO     Training average negative_rule_loss at step 5300: 2.824923
2025-12-04 13:33:21 INFO     Training average L_uncertainty at step 5300: 30.539852
2025-12-04 13:33:21 INFO     Training average L_kl at step 5300: 30390.542051
2025-12-04 13:33:21 INFO     Training average L_sigma at step 5300: 14.930901
2025-12-04 13:33:21 INFO     Training average mu_mean at step 5300: -1.655086
2025-12-04 13:33:21 INFO     Training average sigma_mean at step 5300: 0.127714
2025-12-04 13:33:21 INFO     Training average regularization at step 5300: 0.006184
2025-12-04 13:33:21 INFO     Training average loss at step 5300: 2.744036
2025-12-04 13:35:23 INFO     Training average positive_fact_loss at step 5400: 0.314028
2025-12-04 13:35:23 INFO     Training average negative_fact_loss at step 5400: 0.292544
2025-12-04 13:35:23 INFO     Training average positive_rule_loss at step 5400: 1.429732
2025-12-04 13:35:23 INFO     Training average negative_rule_loss at step 5400: 2.826497
2025-12-04 13:35:23 INFO     Training average L_uncertainty at step 5400: 30.489471
2025-12-04 13:35:23 INFO     Training average L_kl at step 5400: 30350.873848
2025-12-04 13:35:23 INFO     Training average L_sigma at step 5400: 13.859604
2025-12-04 13:35:23 INFO     Training average mu_mean at step 5400: -1.651338
2025-12-04 13:35:23 INFO     Training average sigma_mean at step 5400: 0.127711
2025-12-04 13:35:23 INFO     Training average regularization at step 5400: 0.006184
2025-12-04 13:35:23 INFO     Training average loss at step 5400: 2.742479
2025-12-04 13:37:13 INFO     Training average positive_fact_loss at step 5500: 0.314640
2025-12-04 13:37:13 INFO     Training average negative_fact_loss at step 5500: 0.292748
2025-12-04 13:37:13 INFO     Training average positive_rule_loss at step 5500: 1.434288
2025-12-04 13:37:13 INFO     Training average negative_rule_loss at step 5500: 2.819397
2025-12-04 13:37:13 INFO     Training average L_uncertainty at step 5500: 30.475386
2025-12-04 13:37:13 INFO     Training average L_kl at step 5500: 30330.463750
2025-12-04 13:37:13 INFO     Training average L_sigma at step 5500: 14.492087
2025-12-04 13:37:13 INFO     Training average mu_mean at step 5500: -1.648562
2025-12-04 13:37:13 INFO     Training average sigma_mean at step 5500: 0.127710
2025-12-04 13:37:13 INFO     Training average regularization at step 5500: 0.006175
2025-12-04 13:37:13 INFO     Training average loss at step 5500: 2.741466
2025-12-04 13:39:13 INFO     Training average positive_fact_loss at step 5600: 0.313833
2025-12-04 13:39:13 INFO     Training average negative_fact_loss at step 5600: 0.292636
2025-12-04 13:39:13 INFO     Training average positive_rule_loss at step 5600: 1.433155
2025-12-04 13:39:13 INFO     Training average negative_rule_loss at step 5600: 2.819295
2025-12-04 13:39:13 INFO     Training average L_uncertainty at step 5600: 30.421886
2025-12-04 13:39:13 INFO     Training average L_kl at step 5600: 30283.466309
2025-12-04 13:39:13 INFO     Training average L_sigma at step 5600: 13.841776
2025-12-04 13:39:13 INFO     Training average mu_mean at step 5600: -1.644627
2025-12-04 13:39:13 INFO     Training average sigma_mean at step 5600: 0.127709
2025-12-04 13:39:13 INFO     Training average regularization at step 5600: 0.006174
2025-12-04 13:39:13 INFO     Training average loss at step 5600: 2.739852
2025-12-04 13:40:55 INFO     Training average positive_fact_loss at step 5700: 0.314972
2025-12-04 13:40:55 INFO     Training average negative_fact_loss at step 5700: 0.292785
2025-12-04 13:40:55 INFO     Training average positive_rule_loss at step 5700: 1.436487
2025-12-04 13:40:55 INFO     Training average negative_rule_loss at step 5700: 2.812890
2025-12-04 13:40:55 INFO     Training average L_uncertainty at step 5700: 30.375418
2025-12-04 13:40:55 INFO     Training average L_kl at step 5700: 30233.849375
2025-12-04 13:40:55 INFO     Training average L_sigma at step 5700: 14.156729
2025-12-04 13:40:55 INFO     Training average mu_mean at step 5700: -1.640374
2025-12-04 13:40:55 INFO     Training average sigma_mean at step 5700: 0.127713
2025-12-04 13:40:55 INFO     Training average regularization at step 5700: 0.006184
2025-12-04 13:40:55 INFO     Training average loss at step 5700: 2.738505
2025-12-04 13:42:55 INFO     Training average positive_fact_loss at step 5800: 0.314091
2025-12-04 13:42:55 INFO     Training average negative_fact_loss at step 5800: 0.292522
2025-12-04 13:42:55 INFO     Training average positive_rule_loss at step 5800: 1.436287
2025-12-04 13:42:55 INFO     Training average negative_rule_loss at step 5800: 2.812411
2025-12-04 13:42:55 INFO     Training average L_uncertainty at step 5800: 30.364491
2025-12-04 13:42:55 INFO     Training average L_kl at step 5800: 30227.992695
2025-12-04 13:42:55 INFO     Training average L_sigma at step 5800: 13.649681
2025-12-04 13:42:55 INFO     Training average mu_mean at step 5800: -1.639290
2025-12-04 13:42:55 INFO     Training average sigma_mean at step 5800: 0.127712
2025-12-04 13:42:55 INFO     Training average regularization at step 5800: 0.006177
2025-12-04 13:42:55 INFO     Training average loss at step 5800: 2.737477
2025-12-04 13:44:26 INFO     Training average positive_fact_loss at step 5900: 0.315047
2025-12-04 13:44:26 INFO     Training average negative_fact_loss at step 5900: 0.292255
2025-12-04 13:44:26 INFO     Training average positive_rule_loss at step 5900: 1.437297
2025-12-04 13:44:26 INFO     Training average negative_rule_loss at step 5900: 2.809235
2025-12-04 13:44:26 INFO     Training average L_uncertainty at step 5900: 30.309611
2025-12-04 13:44:26 INFO     Training average L_kl at step 5900: 30172.693008
2025-12-04 13:44:26 INFO     Training average L_sigma at step 5900: 13.691691
2025-12-04 13:44:26 INFO     Training average mu_mean at step 5900: -1.634217
2025-12-04 13:44:26 INFO     Training average sigma_mean at step 5900: 0.127709
2025-12-04 13:44:26 INFO     Training average regularization at step 5900: 0.006187
2025-12-04 13:44:26 INFO     Training average loss at step 5900: 2.736199
2025-12-04 13:46:23 INFO     Training average positive_fact_loss at step 6000: 0.314356
2025-12-04 13:46:23 INFO     Training average negative_fact_loss at step 6000: 0.292241
2025-12-04 13:46:23 INFO     Training average positive_rule_loss at step 6000: 1.437318
2025-12-04 13:46:23 INFO     Training average negative_rule_loss at step 6000: 2.806724
2025-12-04 13:46:23 INFO     Training average L_uncertainty at step 6000: 30.291043
2025-12-04 13:46:23 INFO     Training average L_kl at step 6000: 30157.884316
2025-12-04 13:46:23 INFO     Training average L_sigma at step 6000: 13.315729
2025-12-04 13:46:23 INFO     Training average mu_mean at step 6000: -1.632149
2025-12-04 13:46:23 INFO     Training average sigma_mean at step 6000: 0.127708
2025-12-04 13:46:23 INFO     Training average regularization at step 6000: 0.006180
2025-12-04 13:46:23 INFO     Training average loss at step 6000: 2.734410
2025-12-04 13:46:23 INFO     Evaluating on Valid Dataset...
2025-12-04 13:46:23 INFO     >>>>> RuleE emb: Evaluating on valid
2025-12-04 13:46:45 INFO     Data : 4274
2025-12-04 13:46:45 INFO     Hit1 : 0.535330
2025-12-04 13:46:45 INFO     Hit3 : 0.768601
2025-12-04 13:46:45 INFO     Hit10: 0.940103
2025-12-04 13:46:45 INFO     MR   : 3.430744
2025-12-04 13:46:45 INFO     MRR  : 0.672541
2025-12-04 13:48:38 INFO     Training average positive_fact_loss at step 6100: 0.313813
2025-12-04 13:48:38 INFO     Training average negative_fact_loss at step 6100: 0.292275
2025-12-04 13:48:38 INFO     Training average positive_rule_loss at step 6100: 1.439443
2025-12-04 13:48:38 INFO     Training average negative_rule_loss at step 6100: 2.802044
2025-12-04 13:48:38 INFO     Training average L_uncertainty at step 6100: 30.228469
2025-12-04 13:48:38 INFO     Training average L_kl at step 6100: 30093.242656
2025-12-04 13:48:38 INFO     Training average L_sigma at step 6100: 13.522493
2025-12-04 13:48:38 INFO     Training average mu_mean at step 6100: -1.626453
2025-12-04 13:48:38 INFO     Training average sigma_mean at step 6100: 0.127712
2025-12-04 13:48:38 INFO     Training average regularization at step 6100: 0.006183
2025-12-04 13:48:38 INFO     Training average loss at step 6100: 2.732256
2025-12-04 13:50:38 INFO     Training average positive_fact_loss at step 6200: 0.314486
2025-12-04 13:50:38 INFO     Training average negative_fact_loss at step 6200: 0.292054
2025-12-04 13:50:38 INFO     Training average positive_rule_loss at step 6200: 1.440636
2025-12-04 13:50:38 INFO     Training average negative_rule_loss at step 6200: 2.800577
2025-12-04 13:50:38 INFO     Training average L_uncertainty at step 6200: 30.197391
2025-12-04 13:50:38 INFO     Training average L_kl at step 6200: 30067.706641
2025-12-04 13:50:38 INFO     Training average L_sigma at step 6200: 12.968343
2025-12-04 13:50:38 INFO     Training average mu_mean at step 6200: -1.624110
2025-12-04 13:50:38 INFO     Training average sigma_mean at step 6200: 0.127707
2025-12-04 13:50:38 INFO     Training average regularization at step 6200: 0.006188
2025-12-04 13:50:38 INFO     Training average loss at step 6200: 2.732039
2025-12-04 13:52:28 INFO     Training average positive_fact_loss at step 6300: 0.313730
2025-12-04 13:52:28 INFO     Training average negative_fact_loss at step 6300: 0.292583
2025-12-04 13:52:28 INFO     Training average positive_rule_loss at step 6300: 1.440982
2025-12-04 13:52:28 INFO     Training average negative_rule_loss at step 6300: 2.796974
2025-12-04 13:52:28 INFO     Training average L_uncertainty at step 6300: 30.176859
2025-12-04 13:52:28 INFO     Training average L_kl at step 6300: 30043.082266
2025-12-04 13:52:28 INFO     Training average L_sigma at step 6300: 13.377559
2025-12-04 13:52:28 INFO     Training average mu_mean at step 6300: -1.621338
2025-12-04 13:52:28 INFO     Training average sigma_mean at step 6300: 0.127710
2025-12-04 13:52:28 INFO     Training average regularization at step 6300: 0.006183
2025-12-04 13:52:28 INFO     Training average loss at step 6300: 2.730086
2025-12-04 13:54:27 INFO     Training average positive_fact_loss at step 6400: 0.313843
2025-12-04 13:54:27 INFO     Training average negative_fact_loss at step 6400: 0.292132
2025-12-04 13:54:27 INFO     Training average positive_rule_loss at step 6400: 1.438405
2025-12-04 13:54:27 INFO     Training average negative_rule_loss at step 6400: 2.797888
2025-12-04 13:54:27 INFO     Training average L_uncertainty at step 6400: 30.121222
2025-12-04 13:54:27 INFO     Training average L_kl at step 6400: 29994.546035
2025-12-04 13:54:27 INFO     Training average L_sigma at step 6400: 12.667431
2025-12-04 13:54:27 INFO     Training average mu_mean at step 6400: -1.616471
2025-12-04 13:54:27 INFO     Training average sigma_mean at step 6400: 0.127711
2025-12-04 13:54:27 INFO     Training average regularization at step 6400: 0.006190
2025-12-04 13:54:27 INFO     Training average loss at step 6400: 2.728536
2025-12-04 13:56:06 INFO     Training average positive_fact_loss at step 6500: 0.314644
2025-12-04 13:56:06 INFO     Training average negative_fact_loss at step 6500: 0.292289
2025-12-04 13:56:06 INFO     Training average positive_rule_loss at step 6500: 1.440640
2025-12-04 13:56:06 INFO     Training average negative_rule_loss at step 6500: 2.793155
2025-12-04 13:56:06 INFO     Training average L_uncertainty at step 6500: 30.058401
2025-12-04 13:56:06 INFO     Training average L_kl at step 6500: 29931.465020
2025-12-04 13:56:06 INFO     Training average L_sigma at step 6500: 12.693485
2025-12-04 13:56:06 INFO     Training average mu_mean at step 6500: -1.610875
2025-12-04 13:56:06 INFO     Training average sigma_mean at step 6500: 0.127706
2025-12-04 13:56:06 INFO     Training average regularization at step 6500: 0.006184
2025-12-04 13:56:06 INFO     Training average loss at step 6500: 2.727132
2025-12-04 13:57:56 INFO     Training average positive_fact_loss at step 6600: 0.314253
2025-12-04 13:57:56 INFO     Training average negative_fact_loss at step 6600: 0.291829
2025-12-04 13:57:56 INFO     Training average positive_rule_loss at step 6600: 1.445917
2025-12-04 13:57:56 INFO     Training average negative_rule_loss at step 6600: 2.787471
2025-12-04 13:57:56 INFO     Training average L_uncertainty at step 6600: 30.069628
2025-12-04 13:57:56 INFO     Training average L_kl at step 6600: 29945.736680
2025-12-04 13:57:56 INFO     Training average L_sigma at step 6600: 12.389010
2025-12-04 13:57:56 INFO     Training average mu_mean at step 6600: -1.611614
2025-12-04 13:57:56 INFO     Training average sigma_mean at step 6600: 0.127706
2025-12-04 13:57:56 INFO     Training average regularization at step 6600: 0.006190
2025-12-04 13:57:56 INFO     Training average loss at step 6600: 2.726622
2025-12-04 13:59:47 INFO     Training average positive_fact_loss at step 6700: 0.314133
2025-12-04 13:59:47 INFO     Training average negative_fact_loss at step 6700: 0.291642
2025-12-04 13:59:47 INFO     Training average positive_rule_loss at step 6700: 1.443262
2025-12-04 13:59:47 INFO     Training average negative_rule_loss at step 6700: 2.786078
2025-12-04 13:59:47 INFO     Training average L_uncertainty at step 6700: 30.031932
2025-12-04 13:59:47 INFO     Training average L_kl at step 6700: 29903.954629
2025-12-04 13:59:47 INFO     Training average L_sigma at step 6700: 12.797567
2025-12-04 13:59:47 INFO     Training average mu_mean at step 6700: -1.607258
2025-12-04 13:59:47 INFO     Training average sigma_mean at step 6700: 0.127711
2025-12-04 13:59:47 INFO     Training average regularization at step 6700: 0.006197
2025-12-04 13:59:47 INFO     Training average loss at step 6700: 2.724074
2025-12-04 14:01:48 INFO     Training average positive_fact_loss at step 6800: 0.313970
2025-12-04 14:01:48 INFO     Training average negative_fact_loss at step 6800: 0.292241
2025-12-04 14:01:48 INFO     Training average positive_rule_loss at step 6800: 1.445331
2025-12-04 14:01:48 INFO     Training average negative_rule_loss at step 6800: 2.783256
2025-12-04 14:01:48 INFO     Training average L_uncertainty at step 6800: 29.998623
2025-12-04 14:01:48 INFO     Training average L_kl at step 6800: 29876.891523
2025-12-04 14:01:48 INFO     Training average L_sigma at step 6800: 12.173019
2025-12-04 14:01:48 INFO     Training average mu_mean at step 6800: -1.604367
2025-12-04 14:01:48 INFO     Training average sigma_mean at step 6800: 0.127705
2025-12-04 14:01:48 INFO     Training average regularization at step 6800: 0.006179
2025-12-04 14:01:48 INFO     Training average loss at step 6800: 2.723564
2025-12-04 14:03:38 INFO     Training average positive_fact_loss at step 6900: 0.313434
2025-12-04 14:03:38 INFO     Training average negative_fact_loss at step 6900: 0.292126
2025-12-04 14:03:38 INFO     Training average positive_rule_loss at step 6900: 1.442858
2025-12-04 14:03:38 INFO     Training average negative_rule_loss at step 6900: 2.784153
2025-12-04 14:03:38 INFO     Training average L_uncertainty at step 6900: 29.898610
2025-12-04 14:03:38 INFO     Training average L_kl at step 6900: 29775.867051
2025-12-04 14:03:38 INFO     Training average L_sigma at step 6900: 12.274116
2025-12-04 14:03:38 INFO     Training average mu_mean at step 6900: -1.596335
2025-12-04 14:03:38 INFO     Training average sigma_mean at step 6900: 0.127706
2025-12-04 14:03:38 INFO     Training average regularization at step 6900: 0.006188
2025-12-04 14:03:38 INFO     Training average loss at step 6900: 2.721459
2025-12-04 14:05:42 INFO     Training average positive_fact_loss at step 7000: 0.314263
2025-12-04 14:05:42 INFO     Training average negative_fact_loss at step 7000: 0.292274
2025-12-04 14:05:42 INFO     Training average positive_rule_loss at step 7000: 1.444220
2025-12-04 14:05:42 INFO     Training average negative_rule_loss at step 7000: 2.779473
2025-12-04 14:05:42 INFO     Training average L_uncertainty at step 7000: 29.919603
2025-12-04 14:05:42 INFO     Training average L_kl at step 7000: 29802.146738
2025-12-04 14:05:42 INFO     Training average L_sigma at step 7000: 11.745447
2025-12-04 14:05:42 INFO     Training average mu_mean at step 7000: -1.595944
2025-12-04 14:05:42 INFO     Training average sigma_mean at step 7000: 0.127706
2025-12-04 14:05:42 INFO     Training average regularization at step 7000: 0.006186
2025-12-04 14:05:42 INFO     Training average loss at step 7000: 2.720497
2025-12-04 14:05:42 INFO     Evaluating on Valid Dataset...
2025-12-04 14:05:42 INFO     >>>>> RuleE emb: Evaluating on valid
2025-12-04 14:06:05 INFO     Data : 4274
2025-12-04 14:06:05 INFO     Hit1 : 0.530182
2025-12-04 14:06:05 INFO     Hit3 : 0.764155
2025-12-04 14:06:05 INFO     Hit10: 0.938699
2025-12-04 14:06:05 INFO     MR   : 3.479410
2025-12-04 14:06:05 INFO     MRR  : 0.668768
2025-12-04 14:07:53 INFO     Training average positive_fact_loss at step 7100: 0.314527
2025-12-04 14:07:53 INFO     Training average negative_fact_loss at step 7100: 0.291819
2025-12-04 14:07:53 INFO     Training average positive_rule_loss at step 7100: 1.445857
2025-12-04 14:07:53 INFO     Training average negative_rule_loss at step 7100: 2.774821
2025-12-04 14:07:53 INFO     Training average L_uncertainty at step 7100: 29.847846
2025-12-04 14:07:53 INFO     Training average L_kl at step 7100: 29727.805605
2025-12-04 14:07:53 INFO     Training average L_sigma at step 7100: 12.003844
2025-12-04 14:07:53 INFO     Training average mu_mean at step 7100: -1.590025
2025-12-04 14:07:53 INFO     Training average sigma_mean at step 7100: 0.127705
2025-12-04 14:07:53 INFO     Training average regularization at step 7100: 0.006189
2025-12-04 14:07:53 INFO     Training average loss at step 7100: 2.718179
2025-12-04 14:09:27 INFO     Training average positive_fact_loss at step 7200: 0.314257
2025-12-04 14:09:27 INFO     Training average negative_fact_loss at step 7200: 0.292069
2025-12-04 14:09:27 INFO     Training average positive_rule_loss at step 7200: 1.443914
2025-12-04 14:09:27 INFO     Training average negative_rule_loss at step 7200: 2.777188
2025-12-04 14:09:27 INFO     Training average L_uncertainty at step 7200: 29.773989
2025-12-04 14:09:27 INFO     Training average L_kl at step 7200: 29658.624551
2025-12-04 14:09:27 INFO     Training average L_sigma at step 7200: 11.536267
2025-12-04 14:09:27 INFO     Training average mu_mean at step 7200: -1.583415
2025-12-04 14:09:27 INFO     Training average sigma_mean at step 7200: 0.127705
2025-12-04 14:09:27 INFO     Training average regularization at step 7200: 0.006188
2025-12-04 14:09:27 INFO     Training average loss at step 7200: 2.717642
2025-12-04 14:11:17 INFO     Training average positive_fact_loss at step 7300: 0.314316
2025-12-04 14:11:17 INFO     Training average negative_fact_loss at step 7300: 0.291725
2025-12-04 14:11:17 INFO     Training average positive_rule_loss at step 7300: 1.446870
2025-12-04 14:11:17 INFO     Training average negative_rule_loss at step 7300: 2.768127
2025-12-04 14:11:17 INFO     Training average L_uncertainty at step 7300: 29.780817
2025-12-04 14:11:17 INFO     Training average L_kl at step 7300: 29662.012109
2025-12-04 14:11:17 INFO     Training average L_sigma at step 7300: 11.880322
2025-12-04 14:11:17 INFO     Training average mu_mean at step 7300: -1.582418
2025-12-04 14:11:17 INFO     Training average sigma_mean at step 7300: 0.127705
2025-12-04 14:11:17 INFO     Training average regularization at step 7300: 0.006191
2025-12-04 14:11:17 INFO     Training average loss at step 7300: 2.714518
2025-12-04 14:13:17 INFO     Training average positive_fact_loss at step 7400: 0.313226
2025-12-04 14:13:17 INFO     Training average negative_fact_loss at step 7400: 0.291586
2025-12-04 14:13:17 INFO     Training average positive_rule_loss at step 7400: 1.446012
2025-12-04 14:13:17 INFO     Training average negative_rule_loss at step 7400: 2.768539
2025-12-04 14:13:17 INFO     Training average L_uncertainty at step 7400: 29.727994
2025-12-04 14:13:17 INFO     Training average L_kl at step 7400: 29614.179609
2025-12-04 14:13:17 INFO     Training average L_sigma at step 7400: 11.381320
2025-12-04 14:13:17 INFO     Training average mu_mean at step 7400: -1.578014
2025-12-04 14:13:17 INFO     Training average sigma_mean at step 7400: 0.127707
2025-12-04 14:13:17 INFO     Training average regularization at step 7400: 0.006190
2025-12-04 14:13:17 INFO     Training average loss at step 7400: 2.713151
2025-12-04 14:15:06 INFO     Training average positive_fact_loss at step 7500: 0.313920
2025-12-04 14:15:06 INFO     Training average negative_fact_loss at step 7500: 0.292025
2025-12-04 14:15:06 INFO     Training average positive_rule_loss at step 7500: 1.444904
2025-12-04 14:15:06 INFO     Training average negative_rule_loss at step 7500: 2.766674
2025-12-04 14:15:06 INFO     Training average L_uncertainty at step 7500: 29.663947
2025-12-04 14:15:06 INFO     Training average L_kl at step 7500: 29549.599668
2025-12-04 14:15:06 INFO     Training average L_sigma at step 7500: 11.434567
2025-12-04 14:15:06 INFO     Training average mu_mean at step 7500: -1.570710
2025-12-04 14:15:06 INFO     Training average sigma_mean at step 7500: 0.127702
2025-12-04 14:15:06 INFO     Training average regularization at step 7500: 0.006194
2025-12-04 14:15:06 INFO     Training average loss at step 7500: 2.711596
2025-12-04 14:17:07 INFO     Training average positive_fact_loss at step 7600: 0.313718
2025-12-04 14:17:07 INFO     Training average negative_fact_loss at step 7600: 0.292193
2025-12-04 14:17:07 INFO     Training average positive_rule_loss at step 7600: 1.446264
2025-12-04 14:17:07 INFO     Training average negative_rule_loss at step 7600: 2.763983
2025-12-04 14:17:07 INFO     Training average L_uncertainty at step 7600: 29.646786
2025-12-04 14:17:07 INFO     Training average L_kl at step 7600: 29535.098613
2025-12-04 14:17:07 INFO     Training average L_sigma at step 7600: 11.168632
2025-12-04 14:17:07 INFO     Training average mu_mean at step 7600: -1.568565
2025-12-04 14:17:07 INFO     Training average sigma_mean at step 7600: 0.127704
2025-12-04 14:17:07 INFO     Training average regularization at step 7600: 0.006188
2025-12-04 14:17:07 INFO     Training average loss at step 7600: 2.710735
2025-12-04 14:18:57 INFO     Training average positive_fact_loss at step 7700: 0.314347
2025-12-04 14:18:57 INFO     Training average negative_fact_loss at step 7700: 0.291782
2025-12-04 14:18:57 INFO     Training average positive_rule_loss at step 7700: 1.446208
2025-12-04 14:18:57 INFO     Training average negative_rule_loss at step 7700: 2.760321
2025-12-04 14:18:57 INFO     Training average L_uncertainty at step 7700: 29.581084
2025-12-04 14:18:57 INFO     Training average L_kl at step 7700: 29467.222988
2025-12-04 14:18:57 INFO     Training average L_sigma at step 7700: 11.385993
2025-12-04 14:18:57 INFO     Training average mu_mean at step 7700: -1.562300
2025-12-04 14:18:57 INFO     Training average sigma_mean at step 7700: 0.127703
2025-12-04 14:18:57 INFO     Training average regularization at step 7700: 0.006192
2025-12-04 14:18:57 INFO     Training average loss at step 7700: 2.708332
2025-12-04 14:20:45 INFO     Training average positive_fact_loss at step 7800: 0.314143
2025-12-04 14:20:45 INFO     Training average negative_fact_loss at step 7800: 0.291887
2025-12-04 14:20:45 INFO     Training average positive_rule_loss at step 7800: 1.446203
2025-12-04 14:20:45 INFO     Training average negative_rule_loss at step 7800: 2.757874
2025-12-04 14:20:45 INFO     Training average L_uncertainty at step 7800: 29.570249
2025-12-04 14:20:45 INFO     Training average L_kl at step 7800: 29460.952559
2025-12-04 14:20:45 INFO     Training average L_sigma at step 7800: 10.929529
2025-12-04 14:20:45 INFO     Training average mu_mean at step 7800: -1.559628
2025-12-04 14:20:45 INFO     Training average sigma_mean at step 7800: 0.127704
2025-12-04 14:20:45 INFO     Training average regularization at step 7800: 0.006196
2025-12-04 14:20:45 INFO     Training average loss at step 7800: 2.706952
2025-12-04 14:22:24 INFO     Training average positive_fact_loss at step 7900: 0.314326
2025-12-04 14:22:24 INFO     Training average negative_fact_loss at step 7900: 0.291027
2025-12-04 14:22:24 INFO     Training average positive_rule_loss at step 7900: 1.447081
2025-12-04 14:22:24 INFO     Training average negative_rule_loss at step 7900: 2.755387
2025-12-04 14:22:24 INFO     Training average L_uncertainty at step 7900: 29.484816
2025-12-04 14:22:24 INFO     Training average L_kl at step 7900: 29373.507461
2025-12-04 14:22:24 INFO     Training average L_sigma at step 7900: 11.130678
2025-12-04 14:22:24 INFO     Training average mu_mean at step 7900: -1.552447
2025-12-04 14:22:24 INFO     Training average sigma_mean at step 7900: 0.127704
2025-12-04 14:22:24 INFO     Training average regularization at step 7900: 0.006196
2025-12-04 14:22:24 INFO     Training average loss at step 7900: 2.704955
2025-12-04 14:24:23 INFO     Training average positive_fact_loss at step 8000: 0.313411
2025-12-04 14:24:23 INFO     Training average negative_fact_loss at step 8000: 0.291693
2025-12-04 14:24:23 INFO     Training average positive_rule_loss at step 8000: 1.445016
2025-12-04 14:24:23 INFO     Training average negative_rule_loss at step 8000: 2.754438
2025-12-04 14:24:23 INFO     Training average L_uncertainty at step 8000: 29.454319
2025-12-04 14:24:23 INFO     Training average L_kl at step 8000: 29347.071641
2025-12-04 14:24:23 INFO     Training average L_sigma at step 8000: 10.724612
2025-12-04 14:24:23 INFO     Training average mu_mean at step 8000: -1.548036
2025-12-04 14:24:23 INFO     Training average sigma_mean at step 8000: 0.127700
2025-12-04 14:24:23 INFO     Training average regularization at step 8000: 0.006184
2025-12-04 14:24:23 INFO     Training average loss at step 8000: 2.703007
2025-12-04 14:24:23 INFO     Evaluating on Valid Dataset...
2025-12-04 14:24:23 INFO     >>>>> RuleE emb: Evaluating on valid
2025-12-04 14:24:46 INFO     Data : 4274
2025-12-04 14:24:46 INFO     Hit1 : 0.531586
2025-12-04 14:24:46 INFO     Hit3 : 0.772344
2025-12-04 14:24:46 INFO     Hit10: 0.942209
2025-12-04 14:24:46 INFO     MR   : 3.415068
2025-12-04 14:24:46 INFO     MRR  : 0.670597
2025-12-04 14:26:33 INFO     Training average positive_fact_loss at step 8100: 0.314332
2025-12-04 14:26:33 INFO     Training average negative_fact_loss at step 8100: 0.291905
2025-12-04 14:26:33 INFO     Training average positive_rule_loss at step 8100: 1.446246
2025-12-04 14:26:33 INFO     Training average negative_rule_loss at step 8100: 2.750303
2025-12-04 14:26:33 INFO     Training average L_uncertainty at step 8100: 29.396373
2025-12-04 14:26:33 INFO     Training average L_kl at step 8100: 29287.282031
2025-12-04 14:26:33 INFO     Training average L_sigma at step 8100: 10.908915
2025-12-04 14:26:33 INFO     Training average mu_mean at step 8100: -1.541708
2025-12-04 14:26:33 INFO     Training average sigma_mean at step 8100: 0.127702
2025-12-04 14:26:33 INFO     Training average regularization at step 8100: 0.006184
2025-12-04 14:26:33 INFO     Training average loss at step 8100: 2.701541
2025-12-04 14:28:28 INFO     Training average positive_fact_loss at step 8200: 0.313356
2025-12-04 14:28:28 INFO     Training average negative_fact_loss at step 8200: 0.291897
2025-12-04 14:28:28 INFO     Training average positive_rule_loss at step 8200: 1.446604
2025-12-04 14:28:28 INFO     Training average negative_rule_loss at step 8200: 2.747636
2025-12-04 14:28:28 INFO     Training average L_uncertainty at step 8200: 29.383097
2025-12-04 14:28:28 INFO     Training average L_kl at step 8200: 29277.141074
2025-12-04 14:28:28 INFO     Training average L_sigma at step 8200: 10.595474
2025-12-04 14:28:28 INFO     Training average mu_mean at step 8200: -1.538581
2025-12-04 14:28:28 INFO     Training average sigma_mean at step 8200: 0.127703
2025-12-04 14:28:28 INFO     Training average regularization at step 8200: 0.006189
2025-12-04 14:28:28 INFO     Training average loss at step 8200: 2.699766
2025-12-04 14:30:16 INFO     Training average positive_fact_loss at step 8300: 0.313672
2025-12-04 14:30:16 INFO     Training average negative_fact_loss at step 8300: 0.291728
2025-12-04 14:30:16 INFO     Training average positive_rule_loss at step 8300: 1.445843
2025-12-04 14:30:16 INFO     Training average negative_rule_loss at step 8300: 2.744960
2025-12-04 14:30:16 INFO     Training average L_uncertainty at step 8300: 29.300611
2025-12-04 14:30:16 INFO     Training average L_kl at step 8300: 29192.451211
2025-12-04 14:30:16 INFO     Training average L_sigma at step 8300: 10.815865
2025-12-04 14:30:16 INFO     Training average mu_mean at step 8300: -1.530892
2025-12-04 14:30:16 INFO     Training average sigma_mean at step 8300: 0.127705
2025-12-04 14:30:16 INFO     Training average regularization at step 8300: 0.006192
2025-12-04 14:30:16 INFO     Training average loss at step 8300: 2.697300
2025-12-04 14:32:12 INFO     Training average positive_fact_loss at step 8400: 0.313725
2025-12-04 14:32:12 INFO     Training average negative_fact_loss at step 8400: 0.291733
2025-12-04 14:32:12 INFO     Training average positive_rule_loss at step 8400: 1.450418
2025-12-04 14:32:12 INFO     Training average negative_rule_loss at step 8400: 2.737967
2025-12-04 14:32:12 INFO     Training average L_uncertainty at step 8400: 29.298514
2025-12-04 14:32:12 INFO     Training average L_kl at step 8400: 29193.775527
2025-12-04 14:32:12 INFO     Training average L_sigma at step 8400: 10.473688
2025-12-04 14:32:12 INFO     Training average mu_mean at step 8400: -1.528521
2025-12-04 14:32:12 INFO     Training average sigma_mean at step 8400: 0.127700
2025-12-04 14:32:12 INFO     Training average regularization at step 8400: 0.006187
2025-12-04 14:32:12 INFO     Training average loss at step 8400: 2.696094
2025-12-04 14:33:41 INFO     Training average positive_fact_loss at step 8500: 0.314324
2025-12-04 14:33:41 INFO     Training average negative_fact_loss at step 8500: 0.291125
2025-12-04 14:33:41 INFO     Training average positive_rule_loss at step 8500: 1.447611
2025-12-04 14:33:41 INFO     Training average negative_rule_loss at step 8500: 2.736883
2025-12-04 14:33:41 INFO     Training average L_uncertainty at step 8500: 29.231836
2025-12-04 14:33:41 INFO     Training average L_kl at step 8500: 29124.659707
2025-12-04 14:33:41 INFO     Training average L_sigma at step 8500: 10.717508
2025-12-04 14:33:41 INFO     Training average mu_mean at step 8500: -1.521496
2025-12-04 14:33:41 INFO     Training average sigma_mean at step 8500: 0.127703
2025-12-04 14:33:41 INFO     Training average regularization at step 8500: 0.006189
2025-12-04 14:33:41 INFO     Training average loss at step 8500: 2.693479
2025-12-04 14:35:36 INFO     Training average positive_fact_loss at step 8600: 0.313691
2025-12-04 14:35:36 INFO     Training average negative_fact_loss at step 8600: 0.291569
2025-12-04 14:35:36 INFO     Training average positive_rule_loss at step 8600: 1.446279
2025-12-04 14:35:36 INFO     Training average negative_rule_loss at step 8600: 2.736818
2025-12-04 14:35:36 INFO     Training average L_uncertainty at step 8600: 29.180078
2025-12-04 14:35:36 INFO     Training average L_kl at step 8600: 29078.026172
2025-12-04 14:35:36 INFO     Training average L_sigma at step 8600: 10.205064
2025-12-04 14:35:36 INFO     Training average mu_mean at step 8600: -1.515646
2025-12-04 14:35:36 INFO     Training average sigma_mean at step 8600: 0.127698
2025-12-04 14:35:36 INFO     Training average regularization at step 8600: 0.006188
2025-12-04 14:35:36 INFO     Training average loss at step 8600: 2.692168
2025-12-04 14:37:26 INFO     Training average positive_fact_loss at step 8700: 0.313137
2025-12-04 14:37:26 INFO     Training average negative_fact_loss at step 8700: 0.291208
2025-12-04 14:37:26 INFO     Training average positive_rule_loss at step 8700: 1.447810
2025-12-04 14:37:26 INFO     Training average negative_rule_loss at step 8700: 2.729728
2025-12-04 14:37:26 INFO     Training average L_uncertainty at step 8700: 29.149561
2025-12-04 14:37:26 INFO     Training average L_kl at step 8700: 29045.221445
2025-12-04 14:37:26 INFO     Training average L_sigma at step 8700: 10.433776
2025-12-04 14:37:26 INFO     Training average mu_mean at step 8700: -1.510210
2025-12-04 14:37:26 INFO     Training average sigma_mean at step 8700: 0.127701
2025-12-04 14:37:26 INFO     Training average regularization at step 8700: 0.006185
2025-12-04 14:37:26 INFO     Training average loss at step 8700: 2.688622
2025-12-04 14:39:27 INFO     Training average positive_fact_loss at step 8800: 0.313856
2025-12-04 14:39:27 INFO     Training average negative_fact_loss at step 8800: 0.291566
2025-12-04 14:39:27 INFO     Training average positive_rule_loss at step 8800: 1.443940
2025-12-04 14:39:27 INFO     Training average negative_rule_loss at step 8800: 2.734600
2025-12-04 14:39:27 INFO     Training average L_uncertainty at step 8800: 29.065425
2025-12-04 14:39:27 INFO     Training average L_kl at step 8800: 28963.760859
2025-12-04 14:39:27 INFO     Training average L_sigma at step 8800: 10.166266
2025-12-04 14:39:27 INFO     Training average mu_mean at step 8800: -1.502254
2025-12-04 14:39:27 INFO     Training average sigma_mean at step 8800: 0.127700
2025-12-04 14:39:27 INFO     Training average regularization at step 8800: 0.006187
2025-12-04 14:39:27 INFO     Training average loss at step 8800: 2.688822
2025-12-04 14:41:16 INFO     Training average positive_fact_loss at step 8900: 0.313532
2025-12-04 14:41:16 INFO     Training average negative_fact_loss at step 8900: 0.292252
2025-12-04 14:41:16 INFO     Training average positive_rule_loss at step 8900: 1.447992
2025-12-04 14:41:16 INFO     Training average negative_rule_loss at step 8900: 2.725153
2025-12-04 14:41:16 INFO     Training average L_uncertainty at step 8900: 29.034799
2025-12-04 14:41:16 INFO     Training average L_kl at step 8900: 28932.123926
2025-12-04 14:41:16 INFO     Training average L_sigma at step 8900: 10.267396
2025-12-04 14:41:16 INFO     Training average mu_mean at step 8900: -1.496903
2025-12-04 14:41:16 INFO     Training average sigma_mean at step 8900: 0.127704
2025-12-04 14:41:16 INFO     Training average regularization at step 8900: 0.006185
2025-12-04 14:41:16 INFO     Training average loss at step 8900: 2.685997
2025-12-04 14:43:17 INFO     Training average positive_fact_loss at step 9000: 0.313587
2025-12-04 14:43:17 INFO     Training average negative_fact_loss at step 9000: 0.291537
2025-12-04 14:43:17 INFO     Training average positive_rule_loss at step 9000: 1.446866
2025-12-04 14:43:17 INFO     Training average negative_rule_loss at step 9000: 2.723225
2025-12-04 14:43:17 INFO     Training average L_uncertainty at step 9000: 29.025876
2025-12-04 14:43:17 INFO     Training average L_kl at step 9000: 28925.248867
2025-12-04 14:43:17 INFO     Training average L_sigma at step 9000: 10.062552
2025-12-04 14:43:17 INFO     Training average mu_mean at step 9000: -1.493013
2025-12-04 14:43:17 INFO     Training average sigma_mean at step 9000: 0.127699
2025-12-04 14:43:17 INFO     Training average regularization at step 9000: 0.006193
2025-12-04 14:43:17 INFO     Training average loss at step 9000: 2.684060
2025-12-04 14:43:17 INFO     Evaluating on Valid Dataset...
2025-12-04 14:43:17 INFO     >>>>> RuleE emb: Evaluating on valid
2025-12-04 14:43:39 INFO     Data : 4274
2025-12-04 14:43:39 INFO     Hit1 : 0.533224
2025-12-04 14:43:39 INFO     Hit3 : 0.760646
2025-12-04 14:43:39 INFO     Hit10: 0.941507
2025-12-04 14:43:39 INFO     MR   : 3.472625
2025-12-04 14:43:39 INFO     MRR  : 0.668855
2025-12-04 14:45:20 INFO     Training average positive_fact_loss at step 9100: 0.314489
2025-12-04 14:45:20 INFO     Training average negative_fact_loss at step 9100: 0.291445
2025-12-04 14:45:20 INFO     Training average positive_rule_loss at step 9100: 1.447127
2025-12-04 14:45:20 INFO     Training average negative_rule_loss at step 9100: 2.719232
2025-12-04 14:45:20 INFO     Training average L_uncertainty at step 9100: 28.936119
2025-12-04 14:45:20 INFO     Training average L_kl at step 9100: 28833.555645
2025-12-04 14:45:20 INFO     Training average L_sigma at step 9100: 10.256234
2025-12-04 14:45:20 INFO     Training average mu_mean at step 9100: -1.483935
2025-12-04 14:45:20 INFO     Training average sigma_mean at step 9100: 0.127700
2025-12-04 14:45:20 INFO     Training average regularization at step 9100: 0.006195
2025-12-04 14:45:20 INFO     Training average loss at step 9100: 2.681703
2025-12-04 14:47:10 INFO     Training average positive_fact_loss at step 9200: 0.313892
2025-12-04 14:47:10 INFO     Training average negative_fact_loss at step 9200: 0.291351
2025-12-04 14:47:10 INFO     Training average positive_rule_loss at step 9200: 1.448705
2025-12-04 14:47:10 INFO     Training average negative_rule_loss at step 9200: 2.716065
2025-12-04 14:47:10 INFO     Training average L_uncertainty at step 9200: 28.936019
2025-12-04 14:47:10 INFO     Training average L_kl at step 9200: 28836.552773
2025-12-04 14:47:10 INFO     Training average L_sigma at step 9200: 9.946499
2025-12-04 14:47:10 INFO     Training average mu_mean at step 9200: -1.481790
2025-12-04 14:47:10 INFO     Training average sigma_mean at step 9200: 0.127698
2025-12-04 14:47:10 INFO     Training average regularization at step 9200: 0.006196
2025-12-04 14:47:10 INFO     Training average loss at step 9200: 2.680562
2025-12-04 14:48:52 INFO     Training average positive_fact_loss at step 9300: 0.314003
2025-12-04 14:48:52 INFO     Training average negative_fact_loss at step 9300: 0.291503
2025-12-04 14:48:52 INFO     Training average positive_rule_loss at step 9300: 1.446972
2025-12-04 14:48:52 INFO     Training average negative_rule_loss at step 9300: 2.713717
2025-12-04 14:48:52 INFO     Training average L_uncertainty at step 9300: 28.813844
2025-12-04 14:48:52 INFO     Training average L_kl at step 9300: 28713.055352
2025-12-04 14:48:52 INFO     Training average L_sigma at step 9300: 10.078700
2025-12-04 14:48:52 INFO     Training average mu_mean at step 9300: -1.470238
2025-12-04 14:48:52 INFO     Training average sigma_mean at step 9300: 0.127702
2025-12-04 14:48:52 INFO     Training average regularization at step 9300: 0.006185
2025-12-04 14:48:52 INFO     Training average loss at step 9300: 2.677421
2025-12-04 14:50:51 INFO     Training average positive_fact_loss at step 9400: 0.313698
2025-12-04 14:50:51 INFO     Training average negative_fact_loss at step 9400: 0.291549
2025-12-04 14:50:51 INFO     Training average positive_rule_loss at step 9400: 1.448009
2025-12-04 14:50:51 INFO     Training average negative_rule_loss at step 9400: 2.708274
2025-12-04 14:50:51 INFO     Training average L_uncertainty at step 9400: 28.829910
2025-12-04 14:50:51 INFO     Training average L_kl at step 9400: 28731.678066
2025-12-04 14:50:51 INFO     Training average L_sigma at step 9400: 9.823028
2025-12-04 14:50:51 INFO     Training average mu_mean at step 9400: -1.467203
2025-12-04 14:50:51 INFO     Training average sigma_mean at step 9400: 0.127704
2025-12-04 14:50:51 INFO     Training average regularization at step 9400: 0.006182
2025-12-04 14:50:51 INFO     Training average loss at step 9400: 2.675245
2025-12-04 14:52:34 INFO     Training average positive_fact_loss at step 9500: 0.313055
2025-12-04 14:52:34 INFO     Training average negative_fact_loss at step 9500: 0.291641
2025-12-04 14:52:34 INFO     Training average positive_rule_loss at step 9500: 1.452532
2025-12-04 14:52:34 INFO     Training average negative_rule_loss at step 9500: 2.702167
2025-12-04 14:52:34 INFO     Training average L_uncertainty at step 9500: 28.761580
2025-12-04 14:52:34 INFO     Training average L_kl at step 9500: 28663.160859
2025-12-04 14:52:34 INFO     Training average L_sigma at step 9500: 9.841778
2025-12-04 14:52:34 INFO     Training average mu_mean at step 9500: -1.461483
2025-12-04 14:52:34 INFO     Training average sigma_mean at step 9500: 0.127699
2025-12-04 14:52:34 INFO     Training average regularization at step 9500: 0.006193
2025-12-04 14:52:34 INFO     Training average loss at step 9500: 2.673506
2025-12-04 14:54:24 INFO     Training average positive_fact_loss at step 9600: 0.313657
2025-12-04 14:54:24 INFO     Training average negative_fact_loss at step 9600: 0.291816
2025-12-04 14:54:24 INFO     Training average positive_rule_loss at step 9600: 1.448561
2025-12-04 14:54:24 INFO     Training average negative_rule_loss at step 9600: 2.700912
2025-12-04 14:54:24 INFO     Training average L_uncertainty at step 9600: 28.744729
2025-12-04 14:54:24 INFO     Training average L_kl at step 9600: 28648.508984
2025-12-04 14:54:24 INFO     Training average L_sigma at step 9600: 9.621901
2025-12-04 14:54:24 INFO     Training average mu_mean at step 9600: -1.454723
2025-12-04 14:54:24 INFO     Training average sigma_mean at step 9600: 0.127698
2025-12-04 14:54:24 INFO     Training average regularization at step 9600: 0.006191
2025-12-04 14:54:24 INFO     Training average loss at step 9600: 2.671111
2025-12-04 14:56:14 INFO     Training average positive_fact_loss at step 9700: 0.314035
2025-12-04 14:56:14 INFO     Training average negative_fact_loss at step 9700: 0.291361
2025-12-04 14:56:14 INFO     Training average positive_rule_loss at step 9700: 1.447495
2025-12-04 14:56:14 INFO     Training average negative_rule_loss at step 9700: 2.698967
2025-12-04 14:56:14 INFO     Training average L_uncertainty at step 9700: 28.651961
2025-12-04 14:56:14 INFO     Training average L_kl at step 9700: 28555.115156
2025-12-04 14:56:14 INFO     Training average L_sigma at step 9700: 9.684485
2025-12-04 14:56:14 INFO     Training average mu_mean at step 9700: -1.445729
2025-12-04 14:56:14 INFO     Training average sigma_mean at step 9700: 0.127701
2025-12-04 14:56:14 INFO     Training average regularization at step 9700: 0.006185
2025-12-04 14:56:14 INFO     Training average loss at step 9700: 2.668633
2025-12-04 14:57:55 INFO     Training average positive_fact_loss at step 9800: 0.313730
2025-12-04 14:57:55 INFO     Training average negative_fact_loss at step 9800: 0.290921
2025-12-04 14:57:55 INFO     Training average positive_rule_loss at step 9800: 1.451531
2025-12-04 14:57:55 INFO     Training average negative_rule_loss at step 9800: 2.690480
2025-12-04 14:57:55 INFO     Training average L_uncertainty at step 9800: 28.646943
2025-12-04 14:57:55 INFO     Training average L_kl at step 9800: 28550.801270
2025-12-04 14:57:55 INFO     Training average L_sigma at step 9800: 9.614071
2025-12-04 14:57:55 INFO     Training average mu_mean at step 9800: -1.441003
2025-12-04 14:57:55 INFO     Training average sigma_mean at step 9800: 0.127699
2025-12-04 14:57:55 INFO     Training average regularization at step 9800: 0.006182
2025-12-04 14:57:55 INFO     Training average loss at step 9800: 2.665982
2025-12-04 14:59:45 INFO     Training average positive_fact_loss at step 9900: 0.314033
2025-12-04 14:59:45 INFO     Training average negative_fact_loss at step 9900: 0.291406
2025-12-04 14:59:45 INFO     Training average positive_rule_loss at step 9900: 1.448861
2025-12-04 14:59:45 INFO     Training average negative_rule_loss at step 9900: 2.690372
2025-12-04 14:59:45 INFO     Training average L_uncertainty at step 9900: 28.590221
2025-12-04 14:59:45 INFO     Training average L_kl at step 9900: 28494.199062
2025-12-04 14:59:45 INFO     Training average L_sigma at step 9900: 9.602020
2025-12-04 14:59:45 INFO     Training average mu_mean at step 9900: -1.433768
2025-12-04 14:59:45 INFO     Training average sigma_mean at step 9900: 0.127701
2025-12-04 14:59:45 INFO     Training average regularization at step 9900: 0.006198
2025-12-04 14:59:45 INFO     Training average loss at step 9900: 2.664437
2025-12-04 15:01:34 INFO     Training average positive_fact_loss at step 10000: 0.313175
2025-12-04 15:01:34 INFO     Training average negative_fact_loss at step 10000: 0.291199
2025-12-04 15:01:34 INFO     Training average positive_rule_loss at step 10000: 1.448274
2025-12-04 15:01:34 INFO     Training average negative_rule_loss at step 10000: 2.688115
2025-12-04 15:01:34 INFO     Training average L_uncertainty at step 10000: 28.531651
2025-12-04 15:01:34 INFO     Training average L_kl at step 10000: 28438.938926
2025-12-04 15:01:34 INFO     Training average L_sigma at step 10000: 9.271054
2025-12-04 15:01:34 INFO     Training average mu_mean at step 10000: -1.425729
2025-12-04 15:01:34 INFO     Training average sigma_mean at step 10000: 0.127699
2025-12-04 15:01:34 INFO     Training average regularization at step 10000: 0.006186
2025-12-04 15:01:34 INFO     Training average loss at step 10000: 2.661884
2025-12-04 15:01:34 INFO     Evaluating on Valid Dataset...
2025-12-04 15:01:34 INFO     >>>>> RuleE emb: Evaluating on valid
2025-12-04 15:01:56 INFO     Data : 4274
2025-12-04 15:01:56 INFO     Hit1 : 0.535330
2025-12-04 15:01:56 INFO     Hit3 : 0.773280
2025-12-04 15:01:56 INFO     Hit10: 0.941975
2025-12-04 15:01:56 INFO     MR   : 3.426299
2025-12-04 15:01:56 INFO     MRR  : 0.672661
2025-12-04 15:03:48 INFO     Training average positive_fact_loss at step 10100: 0.313649
2025-12-04 15:03:48 INFO     Training average negative_fact_loss at step 10100: 0.291585
2025-12-04 15:03:48 INFO     Training average positive_rule_loss at step 10100: 1.448771
2025-12-04 15:03:48 INFO     Training average negative_rule_loss at step 10100: 2.683991
2025-12-04 15:03:48 INFO     Training average L_uncertainty at step 10100: 28.454052
2025-12-04 15:03:48 INFO     Training average L_kl at step 10100: 28358.664355
2025-12-04 15:03:48 INFO     Training average L_sigma at step 10100: 9.538627
2025-12-04 15:03:48 INFO     Training average mu_mean at step 10100: -1.417963
2025-12-04 15:03:48 INFO     Training average sigma_mean at step 10100: 0.127702
2025-12-04 15:03:48 INFO     Training average regularization at step 10100: 0.006190
2025-12-04 15:03:48 INFO     Training average loss at step 10100: 2.659728
2025-12-04 15:05:47 INFO     Training average positive_fact_loss at step 10200: 0.313308
2025-12-04 15:05:47 INFO     Training average negative_fact_loss at step 10200: 0.291590
2025-12-04 15:05:47 INFO     Training average positive_rule_loss at step 10200: 1.449877
2025-12-04 15:05:47 INFO     Training average negative_rule_loss at step 10200: 2.678363
2025-12-04 15:05:47 INFO     Training average L_uncertainty at step 10200: 28.446359
2025-12-04 15:05:47 INFO     Training average L_kl at step 10200: 28355.026523
2025-12-04 15:05:47 INFO     Training average L_sigma at step 10200: 9.133082
2025-12-04 15:05:47 INFO     Training average mu_mean at step 10200: -1.412178
2025-12-04 15:05:47 INFO     Training average sigma_mean at step 10200: 0.127698
2025-12-04 15:05:47 INFO     Training average regularization at step 10200: 0.006189
2025-12-04 15:05:47 INFO     Training average loss at step 10200: 2.657222
2025-12-04 15:07:43 INFO     Training average positive_fact_loss at step 10300: 0.313847
2025-12-04 15:07:43 INFO     Training average negative_fact_loss at step 10300: 0.291461
2025-12-04 15:07:43 INFO     Training average positive_rule_loss at step 10300: 1.450165
2025-12-04 15:07:43 INFO     Training average negative_rule_loss at step 10300: 2.675528
2025-12-04 15:07:43 INFO     Training average L_uncertainty at step 10300: 28.373250
2025-12-04 15:07:43 INFO     Training average L_kl at step 10300: 28280.180898
2025-12-04 15:07:43 INFO     Training average L_sigma at step 10300: 9.306811
2025-12-04 15:07:43 INFO     Training average mu_mean at step 10300: -1.404187
2025-12-04 15:07:43 INFO     Training average sigma_mean at step 10300: 0.127700
2025-12-04 15:07:43 INFO     Training average regularization at step 10300: 0.006193
2025-12-04 15:07:43 INFO     Training average loss at step 10300: 2.655426
2025-12-04 15:09:34 INFO     Training average positive_fact_loss at step 10400: 0.314534
2025-12-04 15:09:34 INFO     Training average negative_fact_loss at step 10400: 0.291622
2025-12-04 15:09:34 INFO     Training average positive_rule_loss at step 10400: 1.451164
2025-12-04 15:09:34 INFO     Training average negative_rule_loss at step 10400: 2.670507
2025-12-04 15:09:34 INFO     Training average L_uncertainty at step 10400: 28.351951
2025-12-04 15:09:34 INFO     Training average L_kl at step 10400: 28261.136152
2025-12-04 15:09:34 INFO     Training average L_sigma at step 10400: 9.081312
2025-12-04 15:09:34 INFO     Training average mu_mean at step 10400: -1.398086
2025-12-04 15:09:34 INFO     Training average sigma_mean at step 10400: 0.127701
2025-12-04 15:09:34 INFO     Training average regularization at step 10400: 0.006197
2025-12-04 15:09:34 INFO     Training average loss at step 10400: 2.653630
2025-12-04 15:11:14 INFO     Training average positive_fact_loss at step 10500: 0.313274
2025-12-04 15:11:14 INFO     Training average negative_fact_loss at step 10500: 0.290846
2025-12-04 15:11:14 INFO     Training average positive_rule_loss at step 10500: 1.452745
2025-12-04 15:11:14 INFO     Training average negative_rule_loss at step 10500: 2.663089
2025-12-04 15:11:14 INFO     Training average L_uncertainty at step 10500: 28.322083
2025-12-04 15:11:14 INFO     Training average L_kl at step 10500: 28230.441680
2025-12-04 15:11:14 INFO     Training average L_sigma at step 10500: 9.163967
2025-12-04 15:11:14 INFO     Training average mu_mean at step 10500: -1.392146
2025-12-04 15:11:14 INFO     Training average sigma_mean at step 10500: 0.127697
2025-12-04 15:11:14 INFO     Training average regularization at step 10500: 0.006192
2025-12-04 15:11:14 INFO     Training average loss at step 10500: 2.649389
2025-12-04 15:13:14 INFO     Training average positive_fact_loss at step 10600: 0.313770
2025-12-04 15:13:14 INFO     Training average negative_fact_loss at step 10600: 0.291434
2025-12-04 15:13:14 INFO     Training average positive_rule_loss at step 10600: 1.453160
2025-12-04 15:13:14 INFO     Training average negative_rule_loss at step 10600: 2.659486
2025-12-04 15:13:14 INFO     Training average L_uncertainty at step 10600: 28.278993
2025-12-04 15:13:14 INFO     Training average L_kl at step 10600: 28188.624590
2025-12-04 15:13:14 INFO     Training average L_sigma at step 10600: 9.036668
2025-12-04 15:13:14 INFO     Training average mu_mean at step 10600: -1.384792
2025-12-04 15:13:14 INFO     Training average sigma_mean at step 10600: 0.127699
2025-12-04 15:13:14 INFO     Training average regularization at step 10600: 0.006193
2025-12-04 15:13:14 INFO     Training average loss at step 10600: 2.647908
2025-12-04 15:15:04 INFO     Training average positive_fact_loss at step 10700: 0.313044
2025-12-04 15:15:04 INFO     Training average negative_fact_loss at step 10700: 0.291358
2025-12-04 15:15:04 INFO     Training average positive_rule_loss at step 10700: 1.454385
2025-12-04 15:15:04 INFO     Training average negative_rule_loss at step 10700: 2.654644
2025-12-04 15:15:04 INFO     Training average L_uncertainty at step 10700: 28.210423
2025-12-04 15:15:04 INFO     Training average L_kl at step 10700: 28120.200020
2025-12-04 15:15:04 INFO     Training average L_sigma at step 10700: 9.022171
2025-12-04 15:15:04 INFO     Training average mu_mean at step 10700: -1.376662
2025-12-04 15:15:04 INFO     Training average sigma_mean at step 10700: 0.127704
2025-12-04 15:15:04 INFO     Training average regularization at step 10700: 0.006186
2025-12-04 15:15:04 INFO     Training average loss at step 10700: 2.645005
2025-12-04 15:17:05 INFO     Training average positive_fact_loss at step 10800: 0.314033
2025-12-04 15:17:05 INFO     Training average negative_fact_loss at step 10800: 0.291302
2025-12-04 15:17:05 INFO     Training average positive_rule_loss at step 10800: 1.456802
2025-12-04 15:17:05 INFO     Training average negative_rule_loss at step 10800: 2.648928
2025-12-04 15:17:05 INFO     Training average L_uncertainty at step 10800: 28.188907
2025-12-04 15:17:05 INFO     Training average L_kl at step 10800: 28101.416016
2025-12-04 15:17:05 INFO     Training average L_sigma at step 10800: 8.748995
2025-12-04 15:17:05 INFO     Training average mu_mean at step 10800: -1.371146
2025-12-04 15:17:05 INFO     Training average sigma_mean at step 10800: 0.127696
2025-12-04 15:17:05 INFO     Training average regularization at step 10800: 0.006197
2025-12-04 15:17:05 INFO     Training average loss at step 10800: 2.643618
2025-12-04 15:18:58 INFO     Training average positive_fact_loss at step 10900: 0.313653
2025-12-04 15:18:58 INFO     Training average negative_fact_loss at step 10900: 0.291309
2025-12-04 15:18:58 INFO     Training average positive_rule_loss at step 10900: 1.456193
2025-12-04 15:18:58 INFO     Training average negative_rule_loss at step 10900: 2.644490
2025-12-04 15:18:58 INFO     Training average L_uncertainty at step 10900: 28.133075
2025-12-04 15:18:58 INFO     Training average L_kl at step 10900: 28042.983437
2025-12-04 15:18:58 INFO     Training average L_sigma at step 10900: 9.008981
2025-12-04 15:18:58 INFO     Training average mu_mean at step 10900: -1.363426
2025-12-04 15:18:58 INFO     Training average sigma_mean at step 10900: 0.127702
2025-12-04 15:18:58 INFO     Training average regularization at step 10900: 0.006199
2025-12-04 15:18:58 INFO     Training average loss at step 10900: 2.640352
2025-12-04 15:20:58 INFO     Training average positive_fact_loss at step 11000: 0.313701
2025-12-04 15:20:58 INFO     Training average negative_fact_loss at step 11000: 0.291622
2025-12-04 15:20:58 INFO     Training average positive_rule_loss at step 11000: 1.457924
2025-12-04 15:20:58 INFO     Training average negative_rule_loss at step 11000: 2.639043
2025-12-04 15:20:58 INFO     Training average L_uncertainty at step 11000: 28.109501
2025-12-04 15:20:58 INFO     Training average L_kl at step 11000: 28022.370273
2025-12-04 15:20:58 INFO     Training average L_sigma at step 11000: 8.712976
2025-12-04 15:20:58 INFO     Training average mu_mean at step 11000: -1.357740
2025-12-04 15:20:58 INFO     Training average sigma_mean at step 11000: 0.127699
2025-12-04 15:20:58 INFO     Training average regularization at step 11000: 0.006187
2025-12-04 15:20:58 INFO     Training average loss at step 11000: 2.638427
2025-12-04 15:20:58 INFO     Evaluating on Valid Dataset...
2025-12-04 15:20:58 INFO     >>>>> RuleE emb: Evaluating on valid
2025-12-04 15:21:20 INFO     Data : 4274
2025-12-04 15:21:20 INFO     Hit1 : 0.526907
2025-12-04 15:21:20 INFO     Hit3 : 0.769537
2025-12-04 15:21:20 INFO     Hit10: 0.942443
2025-12-04 15:21:20 INFO     MR   : 3.426533
2025-12-04 15:21:20 INFO     MRR  : 0.668322
2025-12-04 15:22:50 INFO     Training average positive_fact_loss at step 11100: 0.314068
2025-12-04 15:22:50 INFO     Training average negative_fact_loss at step 11100: 0.290917
2025-12-04 15:22:50 INFO     Training average positive_rule_loss at step 11100: 1.461413
2025-12-04 15:22:50 INFO     Training average negative_rule_loss at step 11100: 2.631676
2025-12-04 15:22:50 INFO     Training average L_uncertainty at step 11100: 28.056149
2025-12-04 15:22:50 INFO     Training average L_kl at step 11100: 27967.919473
2025-12-04 15:22:50 INFO     Training average L_sigma at step 11100: 8.822862
2025-12-04 15:22:50 INFO     Training average mu_mean at step 11100: -1.350847
2025-12-04 15:22:50 INFO     Training average sigma_mean at step 11100: 0.127698
2025-12-04 15:22:50 INFO     Training average regularization at step 11100: 0.006202
2025-12-04 15:22:50 INFO     Training average loss at step 11100: 2.635800
2025-12-04 15:24:46 INFO     Training average positive_fact_loss at step 11200: 0.313333
2025-12-04 15:24:46 INFO     Training average negative_fact_loss at step 11200: 0.291457
2025-12-04 15:24:46 INFO     Training average positive_rule_loss at step 11200: 1.461309
2025-12-04 15:24:46 INFO     Training average negative_rule_loss at step 11200: 2.627895
2025-12-04 15:24:46 INFO     Training average L_uncertainty at step 11200: 28.010308
2025-12-04 15:24:46 INFO     Training average L_kl at step 11200: 27922.473086
2025-12-04 15:24:46 INFO     Training average L_sigma at step 11200: 8.783322
2025-12-04 15:24:46 INFO     Training average mu_mean at step 11200: -1.343161
2025-12-04 15:24:46 INFO     Training average sigma_mean at step 11200: 0.127700
2025-12-04 15:24:46 INFO     Training average regularization at step 11200: 0.006181
2025-12-04 15:24:46 INFO     Training average loss at step 11200: 2.633281
2025-12-04 15:26:34 INFO     Training average positive_fact_loss at step 11300: 0.313447
2025-12-04 15:26:34 INFO     Training average negative_fact_loss at step 11300: 0.290915
2025-12-04 15:26:34 INFO     Training average positive_rule_loss at step 11300: 1.460783
2025-12-04 15:26:34 INFO     Training average negative_rule_loss at step 11300: 2.625425
2025-12-04 15:26:34 INFO     Training average L_uncertainty at step 11300: 27.942656
2025-12-04 15:26:34 INFO     Training average L_kl at step 11300: 27856.482129
2025-12-04 15:26:34 INFO     Training average L_sigma at step 11300: 8.617212
2025-12-04 15:26:34 INFO     Training average mu_mean at step 11300: -1.335371
2025-12-04 15:26:34 INFO     Training average sigma_mean at step 11300: 0.127698
2025-12-04 15:26:34 INFO     Training average regularization at step 11300: 0.006194
2025-12-04 15:26:34 INFO     Training average loss at step 11300: 2.630906
2025-12-04 15:28:32 INFO     Training average positive_fact_loss at step 11400: 0.313237
2025-12-04 15:28:32 INFO     Training average negative_fact_loss at step 11400: 0.291377
2025-12-04 15:28:32 INFO     Training average positive_rule_loss at step 11400: 1.459940
2025-12-04 15:28:32 INFO     Training average negative_rule_loss at step 11400: 2.622912
2025-12-04 15:28:32 INFO     Training average L_uncertainty at step 11400: 27.904462
2025-12-04 15:28:32 INFO     Training average L_kl at step 11400: 27819.357402
2025-12-04 15:28:32 INFO     Training average L_sigma at step 11400: 8.510298
2025-12-04 15:28:32 INFO     Training average mu_mean at step 11400: -1.327043
2025-12-04 15:28:32 INFO     Training average sigma_mean at step 11400: 0.127699
2025-12-04 15:28:32 INFO     Training average regularization at step 11400: 0.006191
2025-12-04 15:28:32 INFO     Training average loss at step 11400: 2.628968
2025-12-04 15:30:22 INFO     Training average positive_fact_loss at step 11500: 0.313450
2025-12-04 15:30:22 INFO     Training average negative_fact_loss at step 11500: 0.291502
2025-12-04 15:30:22 INFO     Training average positive_rule_loss at step 11500: 1.463378
2025-12-04 15:30:22 INFO     Training average negative_rule_loss at step 11500: 2.616283
2025-12-04 15:30:22 INFO     Training average L_uncertainty at step 11500: 27.844945
2025-12-04 15:30:22 INFO     Training average L_kl at step 11500: 27758.537852
2025-12-04 15:30:22 INFO     Training average L_sigma at step 11500: 8.640542
2025-12-04 15:30:22 INFO     Training average mu_mean at step 11500: -1.320823
2025-12-04 15:30:22 INFO     Training average sigma_mean at step 11500: 0.127699
2025-12-04 15:30:22 INFO     Training average regularization at step 11500: 0.006183
2025-12-04 15:30:22 INFO     Training average loss at step 11500: 2.626938
2025-12-04 15:32:21 INFO     Training average positive_fact_loss at step 11600: 0.314459
2025-12-04 15:32:21 INFO     Training average negative_fact_loss at step 11600: 0.291194
2025-12-04 15:32:21 INFO     Training average positive_rule_loss at step 11600: 1.462730
2025-12-04 15:32:21 INFO     Training average negative_rule_loss at step 11600: 2.613781
2025-12-04 15:32:21 INFO     Training average L_uncertainty at step 11600: 27.796855
2025-12-04 15:32:21 INFO     Training average L_kl at step 11600: 27713.661992
2025-12-04 15:32:21 INFO     Training average L_sigma at step 11600: 8.319171
2025-12-04 15:32:21 INFO     Training average mu_mean at step 11600: -1.312793
2025-12-04 15:32:21 INFO     Training average sigma_mean at step 11600: 0.127698
2025-12-04 15:32:21 INFO     Training average regularization at step 11600: 0.006189
2025-12-04 15:32:21 INFO     Training average loss at step 11600: 2.625240
2025-12-04 15:34:02 INFO     Training average positive_fact_loss at step 11700: 0.313328
2025-12-04 15:34:02 INFO     Training average negative_fact_loss at step 11700: 0.291118
2025-12-04 15:34:02 INFO     Training average positive_rule_loss at step 11700: 1.467704
2025-12-04 15:34:02 INFO     Training average negative_rule_loss at step 11700: 2.602054
2025-12-04 15:34:02 INFO     Training average L_uncertainty at step 11700: 27.786840
2025-12-04 15:34:02 INFO     Training average L_kl at step 11700: 27703.218242
2025-12-04 15:34:02 INFO     Training average L_sigma at step 11700: 8.362061
2025-12-04 15:34:02 INFO     Training average mu_mean at step 11700: -1.307876
2025-12-04 15:34:02 INFO     Training average sigma_mean at step 11700: 0.127699
2025-12-04 15:34:02 INFO     Training average regularization at step 11700: 0.006186
2025-12-04 15:34:02 INFO     Training average loss at step 11700: 2.621156
2025-12-04 15:35:52 INFO     Training average positive_fact_loss at step 11800: 0.313641
2025-12-04 15:35:52 INFO     Training average negative_fact_loss at step 11800: 0.290762
2025-12-04 15:35:52 INFO     Training average positive_rule_loss at step 11800: 1.466747
2025-12-04 15:35:52 INFO     Training average negative_rule_loss at step 11800: 2.603398
2025-12-04 15:35:52 INFO     Training average L_uncertainty at step 11800: 27.683110
2025-12-04 15:35:52 INFO     Training average L_kl at step 11800: 27600.255215
2025-12-04 15:35:52 INFO     Training average L_sigma at step 11800: 8.285318
2025-12-04 15:35:52 INFO     Training average mu_mean at step 11800: -1.299298
2025-12-04 15:35:52 INFO     Training average sigma_mean at step 11800: 0.127699
2025-12-04 15:35:52 INFO     Training average regularization at step 11800: 0.006192
2025-12-04 15:35:52 INFO     Training average loss at step 11800: 2.620297
2025-12-04 15:37:43 INFO     Training average positive_fact_loss at step 11900: 0.313415
2025-12-04 15:37:43 INFO     Training average negative_fact_loss at step 11900: 0.290792
2025-12-04 15:37:43 INFO     Training average positive_rule_loss at step 11900: 1.467027
2025-12-04 15:37:43 INFO     Training average negative_rule_loss at step 11900: 2.599193
2025-12-04 15:37:43 INFO     Training average L_uncertainty at step 11900: 27.633777
2025-12-04 15:37:43 INFO     Training average L_kl at step 11900: 27549.809609
2025-12-04 15:37:43 INFO     Training average L_sigma at step 11900: 8.396582
2025-12-04 15:37:43 INFO     Training average mu_mean at step 11900: -1.290712
2025-12-04 15:37:43 INFO     Training average sigma_mean at step 11900: 0.127702
2025-12-04 15:37:43 INFO     Training average regularization at step 11900: 0.006190
2025-12-04 15:37:43 INFO     Training average loss at step 11900: 2.617741
2025-12-04 15:39:42 INFO     Training average positive_fact_loss at step 12000: 0.313252
2025-12-04 15:39:42 INFO     Training average negative_fact_loss at step 12000: 0.291249
2025-12-04 15:39:42 INFO     Training average positive_rule_loss at step 12000: 1.471972
2025-12-04 15:39:42 INFO     Training average negative_rule_loss at step 12000: 2.589163
2025-12-04 15:39:42 INFO     Training average L_uncertainty at step 12000: 27.626322
2025-12-04 15:39:42 INFO     Training average L_kl at step 12000: 27545.427734
2025-12-04 15:39:42 INFO     Training average L_sigma at step 12000: 8.089313
2025-12-04 15:39:42 INFO     Training average mu_mean at step 12000: -1.286652
2025-12-04 15:39:42 INFO     Training average sigma_mean at step 12000: 0.127696
2025-12-04 15:39:42 INFO     Training average regularization at step 12000: 0.006192
2025-12-04 15:39:42 INFO     Training average loss at step 12000: 2.615274
2025-12-04 15:39:42 INFO     Evaluating on Valid Dataset...
2025-12-04 15:39:42 INFO     >>>>> RuleE emb: Evaluating on valid
2025-12-04 15:40:05 INFO     Data : 4274
2025-12-04 15:40:05 INFO     Hit1 : 0.531118
2025-12-04 15:40:05 INFO     Hit3 : 0.771876
2025-12-04 15:40:05 INFO     Hit10: 0.942911
2025-12-04 15:40:05 INFO     MR   : 3.425246
2025-12-04 15:40:05 INFO     MRR  : 0.671582
2025-12-04 15:41:53 INFO     Training average positive_fact_loss at step 12100: 0.313394
2025-12-04 15:41:53 INFO     Training average negative_fact_loss at step 12100: 0.291303
2025-12-04 15:41:53 INFO     Training average positive_rule_loss at step 12100: 1.472660
2025-12-04 15:41:53 INFO     Training average negative_rule_loss at step 12100: 2.584064
2025-12-04 15:41:53 INFO     Training average L_uncertainty at step 12100: 27.569858
2025-12-04 15:41:53 INFO     Training average L_kl at step 12100: 27487.224824
2025-12-04 15:41:53 INFO     Training average L_sigma at step 12100: 8.263153
2025-12-04 15:41:53 INFO     Training average mu_mean at step 12100: -1.279735
2025-12-04 15:41:53 INFO     Training average sigma_mean at step 12100: 0.127698
2025-12-04 15:41:53 INFO     Training average regularization at step 12100: 0.006185
2025-12-04 15:41:53 INFO     Training average loss at step 12100: 2.612594
2025-12-04 15:43:52 INFO     Training average positive_fact_loss at step 12200: 0.312978
2025-12-04 15:43:52 INFO     Training average negative_fact_loss at step 12200: 0.291336
2025-12-04 15:43:52 INFO     Training average positive_rule_loss at step 12200: 1.473907
2025-12-04 15:43:52 INFO     Training average negative_rule_loss at step 12200: 2.580749
2025-12-04 15:43:52 INFO     Training average L_uncertainty at step 12200: 27.538211
2025-12-04 15:43:52 INFO     Training average L_kl at step 12200: 27456.474121
2025-12-04 15:43:52 INFO     Training average L_sigma at step 12200: 8.173569
2025-12-04 15:43:52 INFO     Training average mu_mean at step 12200: -1.273546
2025-12-04 15:43:52 INFO     Training average sigma_mean at step 12200: 0.127701
2025-12-04 15:43:52 INFO     Training average regularization at step 12200: 0.006194
2025-12-04 15:43:52 INFO     Training average loss at step 12200: 2.611061
2025-12-04 15:45:37 INFO     Training average positive_fact_loss at step 12300: 0.314037
2025-12-04 15:45:37 INFO     Training average negative_fact_loss at step 12300: 0.291263
2025-12-04 15:45:37 INFO     Training average positive_rule_loss at step 12300: 1.473890
2025-12-04 15:45:37 INFO     Training average negative_rule_loss at step 12300: 2.577531
2025-12-04 15:45:37 INFO     Training average L_uncertainty at step 12300: 27.450386
2025-12-04 15:45:37 INFO     Training average L_kl at step 12300: 27369.643984
2025-12-04 15:45:37 INFO     Training average L_sigma at step 12300: 8.074056
2025-12-04 15:45:37 INFO     Training average mu_mean at step 12300: -1.263595
2025-12-04 15:45:37 INFO     Training average sigma_mean at step 12300: 0.127697
2025-12-04 15:45:37 INFO     Training average regularization at step 12300: 0.006187
2025-12-04 15:45:37 INFO     Training average loss at step 12300: 2.609051
2025-12-04 15:47:18 INFO     Training average positive_fact_loss at step 12400: 0.314010
2025-12-04 15:47:18 INFO     Training average negative_fact_loss at step 12400: 0.290595
2025-12-04 15:47:18 INFO     Training average positive_rule_loss at step 12400: 1.482474
2025-12-04 15:47:18 INFO     Training average negative_rule_loss at step 12400: 2.566169
2025-12-04 15:47:18 INFO     Training average L_uncertainty at step 12400: 27.427640
2025-12-04 15:47:18 INFO     Training average L_kl at step 12400: 27346.828359
2025-12-04 15:47:18 INFO     Training average L_sigma at step 12400: 8.081060
2025-12-04 15:47:18 INFO     Training average mu_mean at step 12400: -1.261671
2025-12-04 15:47:18 INFO     Training average sigma_mean at step 12400: 0.127700
2025-12-04 15:47:18 INFO     Training average regularization at step 12400: 0.006187
2025-12-04 15:47:18 INFO     Training average loss at step 12400: 2.607087
2025-12-04 15:48:59 INFO     Training average positive_fact_loss at step 12500: 0.313546
2025-12-04 15:48:59 INFO     Training average negative_fact_loss at step 12500: 0.291060
2025-12-04 15:48:59 INFO     Training average positive_rule_loss at step 12500: 1.478788
2025-12-04 15:48:59 INFO     Training average negative_rule_loss at step 12500: 2.565795
2025-12-04 15:48:59 INFO     Training average L_uncertainty at step 12500: 27.355361
2025-12-04 15:48:59 INFO     Training average L_kl at step 12500: 27275.184199
2025-12-04 15:48:59 INFO     Training average L_sigma at step 12500: 8.017531
2025-12-04 15:48:59 INFO     Training average mu_mean at step 12500: -1.251045
2025-12-04 15:48:59 INFO     Training average sigma_mean at step 12500: 0.127700
2025-12-04 15:48:59 INFO     Training average regularization at step 12500: 0.006188
2025-12-04 15:48:59 INFO     Training average loss at step 12500: 2.604337
2025-12-04 15:50:59 INFO     Training average positive_fact_loss at step 12600: 0.313640
2025-12-04 15:50:59 INFO     Training average negative_fact_loss at step 12600: 0.291139
2025-12-04 15:50:59 INFO     Training average positive_rule_loss at step 12600: 1.484337
2025-12-04 15:50:59 INFO     Training average negative_rule_loss at step 12600: 2.559840
2025-12-04 15:50:59 INFO     Training average L_uncertainty at step 12600: 27.304226
2025-12-04 15:50:59 INFO     Training average L_kl at step 12600: 27226.238418
2025-12-04 15:50:59 INFO     Training average L_sigma at step 12600: 7.798582
2025-12-04 15:50:59 INFO     Training average mu_mean at step 12600: -1.246884
2025-12-04 15:50:59 INFO     Training average sigma_mean at step 12600: 0.127697
2025-12-04 15:50:59 INFO     Training average regularization at step 12600: 0.006184
2025-12-04 15:50:59 INFO     Training average loss at step 12600: 2.603704
2025-12-04 15:52:50 INFO     Training average positive_fact_loss at step 12700: 0.313303
2025-12-04 15:52:50 INFO     Training average negative_fact_loss at step 12700: 0.291322
2025-12-04 15:52:50 INFO     Training average positive_rule_loss at step 12700: 1.481545
2025-12-04 15:52:50 INFO     Training average negative_rule_loss at step 12700: 2.557294
2025-12-04 15:52:50 INFO     Training average L_uncertainty at step 12700: 27.235971
2025-12-04 15:52:50 INFO     Training average L_kl at step 12700: 27156.269512
2025-12-04 15:52:50 INFO     Training average L_sigma at step 12700: 7.970058
2025-12-04 15:52:50 INFO     Training average mu_mean at step 12700: -1.236257
2025-12-04 15:52:50 INFO     Training average sigma_mean at step 12700: 0.127696
2025-12-04 15:52:50 INFO     Training average regularization at step 12700: 0.006179
2025-12-04 15:52:50 INFO     Training average loss at step 12700: 2.600271
2025-12-04 15:54:49 INFO     Training average positive_fact_loss at step 12800: 0.313929
2025-12-04 15:54:49 INFO     Training average negative_fact_loss at step 12800: 0.291569
2025-12-04 15:54:49 INFO     Training average positive_rule_loss at step 12800: 1.483103
2025-12-04 15:54:49 INFO     Training average negative_rule_loss at step 12800: 2.555706
2025-12-04 15:54:49 INFO     Training average L_uncertainty at step 12800: 27.201864
2025-12-04 15:54:49 INFO     Training average L_kl at step 12800: 27123.640957
2025-12-04 15:54:49 INFO     Training average L_sigma at step 12800: 7.822144
2025-12-04 15:54:49 INFO     Training average mu_mean at step 12800: -1.231496
2025-12-04 15:54:49 INFO     Training average sigma_mean at step 12800: 0.127698
2025-12-04 15:54:49 INFO     Training average regularization at step 12800: 0.006175
2025-12-04 15:54:49 INFO     Training average loss at step 12800: 2.600347
2025-12-04 15:56:40 INFO     Training average positive_fact_loss at step 12900: 0.313474
2025-12-04 15:56:40 INFO     Training average negative_fact_loss at step 12900: 0.291323
2025-12-04 15:56:40 INFO     Training average positive_rule_loss at step 12900: 1.484865
2025-12-04 15:56:40 INFO     Training average negative_rule_loss at step 12900: 2.550477
2025-12-04 15:56:40 INFO     Training average L_uncertainty at step 12900: 27.102623
2025-12-04 15:56:40 INFO     Training average L_kl at step 12900: 27025.541309
2025-12-04 15:56:40 INFO     Training average L_sigma at step 12900: 7.708021
2025-12-04 15:56:40 INFO     Training average mu_mean at step 12900: -1.222766
2025-12-04 15:56:40 INFO     Training average sigma_mean at step 12900: 0.127698
2025-12-04 15:56:40 INFO     Training average regularization at step 12900: 0.006183
2025-12-04 15:56:40 INFO     Training average loss at step 12900: 2.597278
2025-12-04 15:58:30 INFO     Training average positive_fact_loss at step 13000: 0.313878
2025-12-04 15:58:30 INFO     Training average negative_fact_loss at step 13000: 0.290599
2025-12-04 15:58:30 INFO     Training average positive_rule_loss at step 13000: 1.492816
2025-12-04 15:58:30 INFO     Training average negative_rule_loss at step 13000: 2.536908
2025-12-04 15:58:30 INFO     Training average L_uncertainty at step 13000: 27.072336
2025-12-04 15:58:30 INFO     Training average L_kl at step 13000: 26995.611836
2025-12-04 15:58:30 INFO     Training average L_sigma at step 13000: 7.672281
2025-12-04 15:58:30 INFO     Training average mu_mean at step 13000: -1.217100
2025-12-04 15:58:30 INFO     Training average sigma_mean at step 13000: 0.127693
2025-12-04 15:58:30 INFO     Training average regularization at step 13000: 0.006182
2025-12-04 15:58:30 INFO     Training average loss at step 13000: 2.594006
2025-12-04 15:58:30 INFO     Evaluating on Valid Dataset...
2025-12-04 15:58:30 INFO     >>>>> RuleE emb: Evaluating on valid
2025-12-04 15:58:52 INFO     Data : 4274
2025-12-04 15:58:52 INFO     Hit1 : 0.545859
2025-12-04 15:58:52 INFO     Hit3 : 0.772578
2025-12-04 15:58:52 INFO     Hit10: 0.943379
2025-12-04 15:58:52 INFO     MR   : 3.392139
2025-12-04 15:58:52 INFO     MRR  : 0.679236
2025-12-04 16:00:35 INFO     Training average positive_fact_loss at step 13100: 0.313844
2025-12-04 16:00:35 INFO     Training average negative_fact_loss at step 13100: 0.291052
2025-12-04 16:00:35 INFO     Training average positive_rule_loss at step 13100: 1.489298
2025-12-04 16:00:35 INFO     Training average negative_rule_loss at step 13100: 2.540207
2025-12-04 16:00:35 INFO     Training average L_uncertainty at step 13100: 26.996737
2025-12-04 16:00:35 INFO     Training average L_kl at step 13100: 26918.275996
2025-12-04 16:00:35 INFO     Training average L_sigma at step 13100: 7.846010
2025-12-04 16:00:35 INFO     Training average mu_mean at step 13100: -1.210183
2025-12-04 16:00:35 INFO     Training average sigma_mean at step 13100: 0.127702
2025-12-04 16:00:35 INFO     Training average regularization at step 13100: 0.006182
2025-12-04 16:00:35 INFO     Training average loss at step 13100: 2.593350
2025-12-04 16:02:36 INFO     Training average positive_fact_loss at step 13200: 0.313072
2025-12-04 16:02:36 INFO     Training average negative_fact_loss at step 13200: 0.290934
2025-12-04 16:02:36 INFO     Training average positive_rule_loss at step 13200: 1.493242
2025-12-04 16:02:36 INFO     Training average negative_rule_loss at step 13200: 2.532841
2025-12-04 16:02:36 INFO     Training average L_uncertainty at step 13200: 26.931389
2025-12-04 16:02:36 INFO     Training average L_kl at step 13200: 26855.592969
2025-12-04 16:02:36 INFO     Training average L_sigma at step 13200: 7.579480
2025-12-04 16:02:36 INFO     Training average mu_mean at step 13200: -1.202661
2025-12-04 16:02:36 INFO     Training average sigma_mean at step 13200: 0.127701
2025-12-04 16:02:36 INFO     Training average regularization at step 13200: 0.006187
2025-12-04 16:02:36 INFO     Training average loss at step 13200: 2.590545
2025-12-04 16:04:26 INFO     Training average positive_fact_loss at step 13300: 0.313267
2025-12-04 16:04:26 INFO     Training average negative_fact_loss at step 13300: 0.291175
2025-12-04 16:04:26 INFO     Training average positive_rule_loss at step 13300: 1.495668
2025-12-04 16:04:26 INFO     Training average negative_rule_loss at step 13300: 2.526726
2025-12-04 16:04:26 INFO     Training average L_uncertainty at step 13300: 26.887355
2025-12-04 16:04:26 INFO     Training average L_kl at step 13300: 26810.872363
2025-12-04 16:04:26 INFO     Training average L_sigma at step 13300: 7.648114
2025-12-04 16:04:26 INFO     Training average mu_mean at step 13300: -1.196009
2025-12-04 16:04:26 INFO     Training average sigma_mean at step 13300: 0.127696
2025-12-04 16:04:26 INFO     Training average regularization at step 13300: 0.006184
2025-12-04 16:04:26 INFO     Training average loss at step 13300: 2.588475
2025-12-04 16:06:25 INFO     Training average positive_fact_loss at step 13400: 0.313050
2025-12-04 16:06:25 INFO     Training average negative_fact_loss at step 13400: 0.291152
2025-12-04 16:06:25 INFO     Training average positive_rule_loss at step 13400: 1.494361
2025-12-04 16:06:25 INFO     Training average negative_rule_loss at step 13400: 2.529956
2025-12-04 16:06:25 INFO     Training average L_uncertainty at step 13400: 26.770911
2025-12-04 16:06:25 INFO     Training average L_kl at step 13400: 26695.844922
2025-12-04 16:06:25 INFO     Training average L_sigma at step 13400: 7.506514
2025-12-04 16:06:25 INFO     Training average mu_mean at step 13400: -1.186873
2025-12-04 16:06:25 INFO     Training average sigma_mean at step 13400: 0.127695
2025-12-04 16:06:25 INFO     Training average regularization at step 13400: 0.006179
2025-12-04 16:06:25 INFO     Training average loss at step 13400: 2.588147
2025-12-04 16:08:20 INFO     Training average positive_fact_loss at step 13500: 0.313637
2025-12-04 16:08:20 INFO     Training average negative_fact_loss at step 13500: 0.291144
2025-12-04 16:08:20 INFO     Training average positive_rule_loss at step 13500: 1.497604
2025-12-04 16:08:20 INFO     Training average negative_rule_loss at step 13500: 2.522892
2025-12-04 16:08:20 INFO     Training average L_uncertainty at step 13500: 26.695996
2025-12-04 16:08:20 INFO     Training average L_kl at step 13500: 26619.167812
2025-12-04 16:08:20 INFO     Training average L_sigma at step 13500: 7.682662
2025-12-04 16:08:20 INFO     Training average mu_mean at step 13500: -1.178981
2025-12-04 16:08:20 INFO     Training average sigma_mean at step 13500: 0.127697
2025-12-04 16:08:20 INFO     Training average regularization at step 13500: 0.006179
2025-12-04 16:08:20 INFO     Training average loss at step 13500: 2.585777
2025-12-04 16:10:24 INFO     Training average positive_fact_loss at step 13600: 0.313069
2025-12-04 16:10:24 INFO     Training average negative_fact_loss at step 13600: 0.290938
2025-12-04 16:10:24 INFO     Training average positive_rule_loss at step 13600: 1.505843
2025-12-04 16:10:24 INFO     Training average negative_rule_loss at step 13600: 2.510835
2025-12-04 16:10:24 INFO     Training average L_uncertainty at step 13600: 26.662182
2025-12-04 16:10:24 INFO     Training average L_kl at step 13600: 26588.168359
2025-12-04 16:10:24 INFO     Training average L_sigma at step 13600: 7.401250
2025-12-04 16:10:24 INFO     Training average mu_mean at step 13600: -1.175399
2025-12-04 16:10:24 INFO     Training average sigma_mean at step 13600: 0.127704
2025-12-04 16:10:24 INFO     Training average regularization at step 13600: 0.006198
2025-12-04 16:10:24 INFO     Training average loss at step 13600: 2.583162
2025-12-04 16:11:55 INFO     Training average positive_fact_loss at step 13700: 0.314306
2025-12-04 16:11:55 INFO     Training average negative_fact_loss at step 13700: 0.290664
2025-12-04 16:11:55 INFO     Training average positive_rule_loss at step 13700: 1.505536
2025-12-04 16:11:55 INFO     Training average negative_rule_loss at step 13700: 2.508774
2025-12-04 16:11:55 INFO     Training average L_uncertainty at step 13700: 26.588605
2025-12-04 16:11:55 INFO     Training average L_kl at step 13700: 26514.818164
2025-12-04 16:11:55 INFO     Training average L_sigma at step 13700: 7.378589
2025-12-04 16:11:55 INFO     Training average mu_mean at step 13700: -1.166939
2025-12-04 16:11:55 INFO     Training average sigma_mean at step 13700: 0.127694
2025-12-04 16:11:55 INFO     Training average regularization at step 13700: 0.006192
2025-12-04 16:11:55 INFO     Training average loss at step 13700: 2.581718
2025-12-04 16:13:55 INFO     Training average positive_fact_loss at step 13800: 0.313128
2025-12-04 16:13:55 INFO     Training average negative_fact_loss at step 13800: 0.290753
2025-12-04 16:13:55 INFO     Training average positive_rule_loss at step 13800: 1.504394
2025-12-04 16:13:55 INFO     Training average negative_rule_loss at step 13800: 2.509461
2025-12-04 16:13:55 INFO     Training average L_uncertainty at step 13800: 26.487195
2025-12-04 16:13:55 INFO     Training average L_kl at step 13800: 26413.126133
2025-12-04 16:13:55 INFO     Training average L_sigma at step 13800: 7.406774
2025-12-04 16:13:55 INFO     Training average mu_mean at step 13800: -1.157286
2025-12-04 16:13:55 INFO     Training average sigma_mean at step 13800: 0.127698
2025-12-04 16:13:55 INFO     Training average regularization at step 13800: 0.006190
2025-12-04 16:13:55 INFO     Training average loss at step 13800: 2.579930
2025-12-04 16:15:45 INFO     Training average positive_fact_loss at step 13900: 0.313680
2025-12-04 16:15:45 INFO     Training average negative_fact_loss at step 13900: 0.291038
2025-12-04 16:15:45 INFO     Training average positive_rule_loss at step 13900: 1.507184
2025-12-04 16:15:45 INFO     Training average negative_rule_loss at step 13900: 2.503718
2025-12-04 16:15:45 INFO     Training average L_uncertainty at step 13900: 26.417581
2025-12-04 16:15:45 INFO     Training average L_kl at step 13900: 26344.257637
2025-12-04 16:15:45 INFO     Training average L_sigma at step 13900: 7.332256
2025-12-04 16:15:45 INFO     Training average mu_mean at step 13900: -1.149903
2025-12-04 16:15:45 INFO     Training average sigma_mean at step 13900: 0.127695
2025-12-04 16:15:45 INFO     Training average regularization at step 13900: 0.006186
2025-12-04 16:15:45 INFO     Training average loss at step 13900: 2.578171
2025-12-04 16:17:46 INFO     Training average positive_fact_loss at step 14000: 0.313689
2025-12-04 16:17:46 INFO     Training average negative_fact_loss at step 14000: 0.291261
2025-12-04 16:17:46 INFO     Training average positive_rule_loss at step 14000: 1.510417
2025-12-04 16:17:46 INFO     Training average negative_rule_loss at step 14000: 2.496576
2025-12-04 16:17:46 INFO     Training average L_uncertainty at step 14000: 26.353228
2025-12-04 16:17:46 INFO     Training average L_kl at step 14000: 26280.762891
2025-12-04 16:17:46 INFO     Training average L_sigma at step 14000: 7.246355
2025-12-04 16:17:46 INFO     Training average mu_mean at step 14000: -1.143246
2025-12-04 16:17:46 INFO     Training average sigma_mean at step 14000: 0.127698
2025-12-04 16:17:46 INFO     Training average regularization at step 14000: 0.006191
2025-12-04 16:17:46 INFO     Training average loss at step 14000: 2.575695
2025-12-04 16:17:46 INFO     Evaluating on Valid Dataset...
2025-12-04 16:17:46 INFO     >>>>> RuleE emb: Evaluating on valid
2025-12-04 16:18:08 INFO     Data : 4274
2025-12-04 16:18:08 INFO     Hit1 : 0.535564
2025-12-04 16:18:08 INFO     Hit3 : 0.768133
2025-12-04 16:18:08 INFO     Hit10: 0.941507
2025-12-04 16:18:08 INFO     MR   : 3.445718
2025-12-04 16:18:08 INFO     MRR  : 0.672759
2025-12-04 16:20:03 INFO     Training average positive_fact_loss at step 14100: 0.312955
2025-12-04 16:20:03 INFO     Training average negative_fact_loss at step 14100: 0.291310
2025-12-04 16:20:03 INFO     Training average positive_rule_loss at step 14100: 1.510387
2025-12-04 16:20:03 INFO     Training average negative_rule_loss at step 14100: 2.496944
2025-12-04 16:20:03 INFO     Training average L_uncertainty at step 14100: 26.235058
2025-12-04 16:20:03 INFO     Training average L_kl at step 14100: 26162.044199
2025-12-04 16:20:03 INFO     Training average L_sigma at step 14100: 7.301291
2025-12-04 16:20:03 INFO     Training average mu_mean at step 14100: -1.132416
2025-12-04 16:20:03 INFO     Training average sigma_mean at step 14100: 0.127695
2025-12-04 16:20:03 INFO     Training average regularization at step 14100: 0.006181
2025-12-04 16:20:03 INFO     Training average loss at step 14100: 2.574330
2025-12-04 16:22:02 INFO     Training average positive_fact_loss at step 14200: 0.314027
2025-12-04 16:22:02 INFO     Training average negative_fact_loss at step 14200: 0.291406
2025-12-04 16:22:02 INFO     Training average positive_rule_loss at step 14200: 1.517931
2025-12-04 16:22:02 INFO     Training average negative_rule_loss at step 14200: 2.486192
2025-12-04 16:22:02 INFO     Training average L_uncertainty at step 14200: 26.179952
2025-12-04 16:22:02 INFO     Training average L_kl at step 14200: 26106.984453
2025-12-04 16:22:02 INFO     Training average L_sigma at step 14200: 7.296669
2025-12-04 16:22:02 INFO     Training average mu_mean at step 14200: -1.127193
2025-12-04 16:22:02 INFO     Training average sigma_mean at step 14200: 0.127697
2025-12-04 16:22:02 INFO     Training average regularization at step 14200: 0.006171
2025-12-04 16:22:02 INFO     Training average loss at step 14200: 2.572749
2025-12-04 16:23:43 INFO     Training average positive_fact_loss at step 14300: 0.314099
2025-12-04 16:23:43 INFO     Training average negative_fact_loss at step 14300: 0.290848
2025-12-04 16:23:43 INFO     Training average positive_rule_loss at step 14300: 1.516254
2025-12-04 16:23:43 INFO     Training average negative_rule_loss at step 14300: 2.486392
2025-12-04 16:23:43 INFO     Training average L_uncertainty at step 14300: 26.068559
2025-12-04 16:23:43 INFO     Training average L_kl at step 14300: 25997.012168
2025-12-04 16:23:43 INFO     Training average L_sigma at step 14300: 7.154571
2025-12-04 16:23:43 INFO     Training average mu_mean at step 14300: -1.117550
2025-12-04 16:23:43 INFO     Training average sigma_mean at step 14300: 0.127695
2025-12-04 16:23:43 INFO     Training average regularization at step 14300: 0.006178
2025-12-04 16:23:43 INFO     Training average loss at step 14300: 2.570660
2025-12-04 16:25:31 INFO     Training average positive_fact_loss at step 14400: 0.314012
2025-12-04 16:25:31 INFO     Training average negative_fact_loss at step 14400: 0.290970
2025-12-04 16:25:31 INFO     Training average positive_rule_loss at step 14400: 1.515006
2025-12-04 16:25:31 INFO     Training average negative_rule_loss at step 14400: 2.490021
2025-12-04 16:25:31 INFO     Training average L_uncertainty at step 14400: 25.944602
2025-12-04 16:25:31 INFO     Training average L_kl at step 14400: 25873.018789
2025-12-04 16:25:31 INFO     Training average L_sigma at step 14400: 7.158227
2025-12-04 16:25:31 INFO     Training average mu_mean at step 14400: -1.107196
2025-12-04 16:25:31 INFO     Training average sigma_mean at step 14400: 0.127695
2025-12-04 16:25:31 INFO     Training average regularization at step 14400: 0.006173
2025-12-04 16:25:31 INFO     Training average loss at step 14400: 2.570623
2025-12-04 16:27:20 INFO     Training average positive_fact_loss at step 14500: 0.312994
2025-12-04 16:27:20 INFO     Training average negative_fact_loss at step 14500: 0.290471
2025-12-04 16:27:20 INFO     Training average positive_rule_loss at step 14500: 1.519318
2025-12-04 16:27:20 INFO     Training average negative_rule_loss at step 14500: 2.481394
2025-12-04 16:27:20 INFO     Training average L_uncertainty at step 14500: 25.884448
2025-12-04 16:27:20 INFO     Training average L_kl at step 14500: 25812.473203
2025-12-04 16:27:20 INFO     Training average L_sigma at step 14500: 7.197351
2025-12-04 16:27:20 INFO     Training average mu_mean at step 14500: -1.100214
2025-12-04 16:27:20 INFO     Training average sigma_mean at step 14500: 0.127697
2025-12-04 16:27:20 INFO     Training average regularization at step 14500: 0.006180
2025-12-04 16:27:20 INFO     Training average loss at step 14500: 2.567114
2025-12-04 16:29:20 INFO     Training average positive_fact_loss at step 14600: 0.312700
2025-12-04 16:29:20 INFO     Training average negative_fact_loss at step 14600: 0.290761
2025-12-04 16:29:20 INFO     Training average positive_rule_loss at step 14600: 1.522608
2025-12-04 16:29:20 INFO     Training average negative_rule_loss at step 14600: 2.474507
2025-12-04 16:29:20 INFO     Training average L_uncertainty at step 14600: 25.811400
2025-12-04 16:29:20 INFO     Training average L_kl at step 14600: 25741.180332
2025-12-04 16:29:20 INFO     Training average L_sigma at step 14600: 7.021859
2025-12-04 16:29:20 INFO     Training average mu_mean at step 14600: -1.091452
2025-12-04 16:29:20 INFO     Training average sigma_mean at step 14600: 0.127692
2025-12-04 16:29:20 INFO     Training average regularization at step 14600: 0.006180
2025-12-04 16:29:20 INFO     Training average loss at step 14600: 2.564583
2025-12-04 16:31:10 INFO     Training average positive_fact_loss at step 14700: 0.313522
2025-12-04 16:31:10 INFO     Training average negative_fact_loss at step 14700: 0.291585
2025-12-04 16:31:10 INFO     Training average positive_rule_loss at step 14700: 1.529376
2025-12-04 16:31:10 INFO     Training average negative_rule_loss at step 14700: 2.466869
2025-12-04 16:31:10 INFO     Training average L_uncertainty at step 14700: 25.697918
2025-12-04 16:31:10 INFO     Training average L_kl at step 14700: 25625.897578
2025-12-04 16:31:10 INFO     Training average L_sigma at step 14700: 7.201895
2025-12-04 16:31:10 INFO     Training average mu_mean at step 14700: -1.082979
2025-12-04 16:31:10 INFO     Training average sigma_mean at step 14700: 0.127701
2025-12-04 16:31:10 INFO     Training average regularization at step 14700: 0.006176
2025-12-04 16:31:10 INFO     Training average loss at step 14700: 2.563832
2025-12-04 16:32:56 INFO     Training average positive_fact_loss at step 14800: 0.313809
2025-12-04 16:32:56 INFO     Training average negative_fact_loss at step 14800: 0.291297
2025-12-04 16:32:56 INFO     Training average positive_rule_loss at step 14800: 1.530255
2025-12-04 16:32:56 INFO     Training average negative_rule_loss at step 14800: 2.467403
2025-12-04 16:32:56 INFO     Training average L_uncertainty at step 14800: 25.554585
2025-12-04 16:32:56 INFO     Training average L_kl at step 14800: 25484.839121
2025-12-04 16:32:56 INFO     Training average L_sigma at step 14800: 6.974508
2025-12-04 16:32:56 INFO     Training average mu_mean at step 14800: -1.073540
2025-12-04 16:32:56 INFO     Training average sigma_mean at step 14800: 0.127698
2025-12-04 16:32:56 INFO     Training average regularization at step 14800: 0.006180
2025-12-04 16:32:56 INFO     Training average loss at step 14800: 2.563108
2025-12-04 16:33:55 INFO     Training average positive_fact_loss at step 14900: 0.313786
2025-12-04 16:33:55 INFO     Training average negative_fact_loss at step 14900: 0.290861
2025-12-04 16:33:55 INFO     Training average positive_rule_loss at step 14900: 1.528254
2025-12-04 16:33:55 INFO     Training average negative_rule_loss at step 14900: 2.466435
2025-12-04 16:33:55 INFO     Training average L_uncertainty at step 14900: 25.450220
2025-12-04 16:33:55 INFO     Training average L_kl at step 14900: 25380.284355
2025-12-04 16:33:55 INFO     Training average L_sigma at step 14900: 6.993478
2025-12-04 16:33:55 INFO     Training average mu_mean at step 14900: -1.060884
2025-12-04 16:33:55 INFO     Training average sigma_mean at step 14900: 0.127696
2025-12-04 16:33:55 INFO     Training average regularization at step 14900: 0.006186
2025-12-04 16:33:55 INFO     Training average loss at step 14900: 2.560356
2025-12-04 16:34:50 INFO     Change learning_rate to 0.000010 at step 15000
2025-12-04 16:34:50 INFO     Training average positive_fact_loss at step 15000: 0.314034
2025-12-04 16:34:50 INFO     Training average negative_fact_loss at step 15000: 0.290873
2025-12-04 16:34:50 INFO     Training average positive_rule_loss at step 15000: 1.531106
2025-12-04 16:34:50 INFO     Training average negative_rule_loss at step 15000: 2.461673
2025-12-04 16:34:50 INFO     Training average L_uncertainty at step 15000: 25.366172
2025-12-04 16:34:50 INFO     Training average L_kl at step 15000: 25296.569961
2025-12-04 16:34:50 INFO     Training average L_sigma at step 15000: 6.960120
2025-12-04 16:34:50 INFO     Training average mu_mean at step 15000: -1.051652
2025-12-04 16:34:50 INFO     Training average sigma_mean at step 15000: 0.127697
2025-12-04 16:34:50 INFO     Training average regularization at step 15000: 0.006181
2025-12-04 16:34:50 INFO     Training average loss at step 15000: 2.558686
2025-12-04 16:34:50 INFO     Evaluating on Valid Dataset...
2025-12-04 16:34:50 INFO     >>>>> RuleE emb: Evaluating on valid
2025-12-04 16:35:01 INFO     Data : 4274
2025-12-04 16:35:01 INFO     Hit1 : 0.529715
2025-12-04 16:35:01 INFO     Hit3 : 0.770473
2025-12-04 16:35:01 INFO     Hit10: 0.942911
2025-12-04 16:35:01 INFO     MR   : 3.416940
2025-12-04 16:35:01 INFO     MRR  : 0.669870
2025-12-04 16:36:00 INFO     Training average positive_fact_loss at step 15100: 0.296400
2025-12-04 16:36:00 INFO     Training average negative_fact_loss at step 15100: 0.287714
2025-12-04 16:36:00 INFO     Training average positive_rule_loss at step 15100: 1.534230
2025-12-04 16:36:00 INFO     Training average negative_rule_loss at step 15100: 2.458334
2025-12-04 16:36:00 INFO     Training average L_uncertainty at step 15100: 25.247961
2025-12-04 16:36:00 INFO     Training average L_kl at step 15100: 25185.923711
2025-12-04 16:36:00 INFO     Training average L_sigma at step 15100: 6.203576
2025-12-04 16:36:00 INFO     Training average mu_mean at step 15100: -1.045821
2025-12-04 16:36:00 INFO     Training average sigma_mean at step 15100: 0.127694
2025-12-04 16:36:00 INFO     Training average regularization at step 15100: 0.006247
2025-12-04 16:36:00 INFO     Training average loss at step 15100: 2.547065
2025-12-04 16:37:04 INFO     Training average positive_fact_loss at step 15200: 0.297755
2025-12-04 16:37:04 INFO     Training average negative_fact_loss at step 15200: 0.281466
2025-12-04 16:37:04 INFO     Training average positive_rule_loss at step 15200: 1.534164
2025-12-04 16:37:04 INFO     Training average negative_rule_loss at step 15200: 2.456516
2025-12-04 16:37:04 INFO     Training average L_uncertainty at step 15200: 25.244507
2025-12-04 16:37:04 INFO     Training average L_kl at step 15200: 25184.405078
2025-12-04 16:37:04 INFO     Training average L_sigma at step 15200: 6.010088
2025-12-04 16:37:04 INFO     Training average mu_mean at step 15200: -1.044245
2025-12-04 16:37:04 INFO     Training average sigma_mean at step 15200: 0.127693
2025-12-04 16:37:04 INFO     Training average regularization at step 15200: 0.006306
2025-12-04 16:37:04 INFO     Training average loss at step 15200: 2.543702
2025-12-04 16:38:05 INFO     Training average positive_fact_loss at step 15300: 0.299706
2025-12-04 16:38:05 INFO     Training average negative_fact_loss at step 15300: 0.279937
2025-12-04 16:38:05 INFO     Training average positive_rule_loss at step 15300: 1.542137
2025-12-04 16:38:05 INFO     Training average negative_rule_loss at step 15300: 2.448141
2025-12-04 16:38:05 INFO     Training average L_uncertainty at step 15300: 25.250123
2025-12-04 16:38:05 INFO     Training average L_kl at step 15300: 25190.016973
2025-12-04 16:38:05 INFO     Training average L_sigma at step 15300: 6.010462
2025-12-04 16:38:05 INFO     Training average mu_mean at step 15300: -1.045165
2025-12-04 16:38:05 INFO     Training average sigma_mean at step 15300: 0.127694
2025-12-04 16:38:05 INFO     Training average regularization at step 15300: 0.006323
2025-12-04 16:38:05 INFO     Training average loss at step 15300: 2.543785
2025-12-04 16:39:11 INFO     Training average positive_fact_loss at step 15400: 0.299325
2025-12-04 16:39:11 INFO     Training average negative_fact_loss at step 15400: 0.279640
2025-12-04 16:39:11 INFO     Training average positive_rule_loss at step 15400: 1.537939
2025-12-04 16:39:11 INFO     Training average negative_rule_loss at step 15400: 2.453202
2025-12-04 16:39:11 INFO     Training average L_uncertainty at step 15400: 25.220114
2025-12-04 16:39:11 INFO     Training average L_kl at step 15400: 25159.954844
2025-12-04 16:39:11 INFO     Training average L_sigma at step 15400: 6.015799
2025-12-04 16:39:11 INFO     Training average mu_mean at step 15400: -1.042302
2025-12-04 16:39:11 INFO     Training average sigma_mean at step 15400: 0.127694
2025-12-04 16:39:11 INFO     Training average regularization at step 15400: 0.006329
2025-12-04 16:39:11 INFO     Training average loss at step 15400: 2.543582
2025-12-04 16:40:09 INFO     Training average positive_fact_loss at step 15500: 0.299616
2025-12-04 16:40:09 INFO     Training average negative_fact_loss at step 15500: 0.279290
2025-12-04 16:40:09 INFO     Training average positive_rule_loss at step 15500: 1.538124
2025-12-04 16:40:09 INFO     Training average negative_rule_loss at step 15500: 2.449899
2025-12-04 16:40:09 INFO     Training average L_uncertainty at step 15500: 25.233238
2025-12-04 16:40:09 INFO     Training average L_kl at step 15500: 25173.092734
2025-12-04 16:40:09 INFO     Training average L_sigma at step 15500: 6.014439
2025-12-04 16:40:09 INFO     Training average mu_mean at step 15500: -1.042085
2025-12-04 16:40:09 INFO     Training average sigma_mean at step 15500: 0.127693
2025-12-04 16:40:09 INFO     Training average regularization at step 15500: 0.006329
2025-12-04 16:40:09 INFO     Training average loss at step 15500: 2.542126
2025-12-04 16:41:10 INFO     Training average positive_fact_loss at step 15600: 0.299369
2025-12-04 16:41:10 INFO     Training average negative_fact_loss at step 15600: 0.278799
2025-12-04 16:41:10 INFO     Training average positive_rule_loss at step 15600: 1.537189
2025-12-04 16:41:10 INFO     Training average negative_rule_loss at step 15600: 2.451535
2025-12-04 16:41:10 INFO     Training average L_uncertainty at step 15600: 25.195884
2025-12-04 16:41:10 INFO     Training average L_kl at step 15600: 25135.851367
2025-12-04 16:41:10 INFO     Training average L_sigma at step 15600: 6.003191
2025-12-04 16:41:10 INFO     Training average mu_mean at step 15600: -1.037992
2025-12-04 16:41:10 INFO     Training average sigma_mean at step 15600: 0.127692
2025-12-04 16:41:10 INFO     Training average regularization at step 15600: 0.006329
2025-12-04 16:41:10 INFO     Training average loss at step 15600: 2.541734
2025-12-04 16:42:06 INFO     Training average positive_fact_loss at step 15700: 0.299405
2025-12-04 16:42:06 INFO     Training average negative_fact_loss at step 15700: 0.278722
2025-12-04 16:42:06 INFO     Training average positive_rule_loss at step 15700: 1.539316
2025-12-04 16:42:06 INFO     Training average negative_rule_loss at step 15700: 2.449006
2025-12-04 16:42:06 INFO     Training average L_uncertainty at step 15700: 25.214016
2025-12-04 16:42:06 INFO     Training average L_kl at step 15700: 25153.936777
2025-12-04 16:42:06 INFO     Training average L_sigma at step 15700: 6.007776
2025-12-04 16:42:06 INFO     Training average mu_mean at step 15700: -1.039348
2025-12-04 16:42:06 INFO     Training average sigma_mean at step 15700: 0.127692
2025-12-04 16:42:06 INFO     Training average regularization at step 15700: 0.006327
2025-12-04 16:42:06 INFO     Training average loss at step 15700: 2.541692
2025-12-04 16:43:10 INFO     Training average positive_fact_loss at step 15800: 0.299704
2025-12-04 16:43:10 INFO     Training average negative_fact_loss at step 15800: 0.278507
2025-12-04 16:43:10 INFO     Training average positive_rule_loss at step 15800: 1.535937
2025-12-04 16:43:10 INFO     Training average negative_rule_loss at step 15800: 2.454052
2025-12-04 16:43:10 INFO     Training average L_uncertainty at step 15800: 25.160733
2025-12-04 16:43:10 INFO     Training average L_kl at step 15800: 25100.460605
2025-12-04 16:43:10 INFO     Training average L_sigma at step 15800: 6.027112
2025-12-04 16:43:10 INFO     Training average mu_mean at step 15800: -1.035366
2025-12-04 16:43:10 INFO     Training average sigma_mean at step 15800: 0.127695
2025-12-04 16:43:10 INFO     Training average regularization at step 15800: 0.006323
2025-12-04 16:43:10 INFO     Training average loss at step 15800: 2.542030
2025-12-04 16:44:42 INFO     Training average positive_fact_loss at step 15900: 0.298424
2025-12-04 16:44:42 INFO     Training average negative_fact_loss at step 15900: 0.278335
2025-12-04 16:44:42 INFO     Training average positive_rule_loss at step 15900: 1.537432
2025-12-04 16:44:42 INFO     Training average negative_rule_loss at step 15900: 2.450705
2025-12-04 16:44:42 INFO     Training average L_uncertainty at step 15900: 25.132816
2025-12-04 16:44:42 INFO     Training average L_kl at step 15900: 25072.597090
2025-12-04 16:44:42 INFO     Training average L_sigma at step 15900: 6.021824
2025-12-04 16:44:42 INFO     Training average mu_mean at step 15900: -1.033436
2025-12-04 16:44:42 INFO     Training average sigma_mean at step 15900: 0.127694
2025-12-04 16:44:42 INFO     Training average regularization at step 15900: 0.006323
2025-12-04 16:44:42 INFO     Training average loss at step 15900: 2.540100
2025-12-04 16:46:16 INFO     Training average positive_fact_loss at step 16000: 0.300065
2025-12-04 16:46:16 INFO     Training average negative_fact_loss at step 16000: 0.278389
2025-12-04 16:46:16 INFO     Training average positive_rule_loss at step 16000: 1.538337
2025-12-04 16:46:16 INFO     Training average negative_rule_loss at step 16000: 2.451129
2025-12-04 16:46:16 INFO     Training average L_uncertainty at step 16000: 25.143709
2025-12-04 16:46:16 INFO     Training average L_kl at step 16000: 25083.451035
2025-12-04 16:46:16 INFO     Training average L_sigma at step 16000: 6.025677
2025-12-04 16:46:16 INFO     Training average mu_mean at step 16000: -1.033714
2025-12-04 16:46:16 INFO     Training average sigma_mean at step 16000: 0.127695
2025-12-04 16:46:16 INFO     Training average regularization at step 16000: 0.006319
2025-12-04 16:46:16 INFO     Training average loss at step 16000: 2.541716
2025-12-04 16:46:16 INFO     Evaluating on Valid Dataset...
2025-12-04 16:46:16 INFO     >>>>> RuleE emb: Evaluating on valid
2025-12-04 16:46:27 INFO     Data : 4274
2025-12-04 16:46:27 INFO     Hit1 : 0.547263
2025-12-04 16:46:27 INFO     Hit3 : 0.783107
2025-12-04 16:46:27 INFO     Hit10: 0.942209
2025-12-04 16:46:27 INFO     MR   : 3.368507
2025-12-04 16:46:27 INFO     MRR  : 0.682535
2025-12-04 16:47:29 INFO     Training average positive_fact_loss at step 16100: 0.299615
2025-12-04 16:47:29 INFO     Training average negative_fact_loss at step 16100: 0.278026
2025-12-04 16:47:29 INFO     Training average positive_rule_loss at step 16100: 1.538145
2025-12-04 16:47:29 INFO     Training average negative_rule_loss at step 16100: 2.451465
2025-12-04 16:47:29 INFO     Training average L_uncertainty at step 16100: 25.081733
2025-12-04 16:47:29 INFO     Training average L_kl at step 16100: 25021.484062
2025-12-04 16:47:29 INFO     Training average L_sigma at step 16100: 6.024781
2025-12-04 16:47:29 INFO     Training average mu_mean at step 16100: -1.030109
2025-12-04 16:47:29 INFO     Training average sigma_mean at step 16100: 0.127695
2025-12-04 16:47:29 INFO     Training average regularization at step 16100: 0.006318
2025-12-04 16:47:29 INFO     Training average loss at step 16100: 2.540761
2025-12-04 16:48:34 INFO     Training average positive_fact_loss at step 16200: 0.299705
2025-12-04 16:48:34 INFO     Training average negative_fact_loss at step 16200: 0.277895
2025-12-04 16:48:34 INFO     Training average positive_rule_loss at step 16200: 1.534861
2025-12-04 16:48:34 INFO     Training average negative_rule_loss at step 16200: 2.456840
2025-12-04 16:48:34 INFO     Training average L_uncertainty at step 16200: 25.056369
2025-12-04 16:48:34 INFO     Training average L_kl at step 16200: 24996.125996
2025-12-04 16:48:34 INFO     Training average L_sigma at step 16200: 6.024184
2025-12-04 16:48:34 INFO     Training average mu_mean at step 16200: -1.028158
2025-12-04 16:48:34 INFO     Training average sigma_mean at step 16200: 0.127695
2025-12-04 16:48:34 INFO     Training average regularization at step 16200: 0.006316
2025-12-04 16:48:34 INFO     Training average loss at step 16200: 2.541530
2025-12-04 16:49:29 INFO     Training average positive_fact_loss at step 16300: 0.299026
2025-12-04 16:49:29 INFO     Training average negative_fact_loss at step 16300: 0.278076
2025-12-04 16:49:29 INFO     Training average positive_rule_loss at step 16300: 1.539345
2025-12-04 16:49:29 INFO     Training average negative_rule_loss at step 16300: 2.448761
2025-12-04 16:49:29 INFO     Training average L_uncertainty at step 16300: 25.079415
2025-12-04 16:49:29 INFO     Training average L_kl at step 16300: 25019.208301
2025-12-04 16:49:29 INFO     Training average L_sigma at step 16300: 6.020570
2025-12-04 16:49:29 INFO     Training average mu_mean at step 16300: -1.028668
2025-12-04 16:49:29 INFO     Training average sigma_mean at step 16300: 0.127694
2025-12-04 16:49:29 INFO     Training average regularization at step 16300: 0.006311
2025-12-04 16:49:29 INFO     Training average loss at step 16300: 2.539709
2025-12-04 16:50:34 INFO     Training average positive_fact_loss at step 16400: 0.299302
2025-12-04 16:50:34 INFO     Training average negative_fact_loss at step 16400: 0.277963
2025-12-04 16:50:34 INFO     Training average positive_rule_loss at step 16400: 1.540787
2025-12-04 16:50:34 INFO     Training average negative_rule_loss at step 16400: 2.448121
2025-12-04 16:50:34 INFO     Training average L_uncertainty at step 16400: 25.055713
2025-12-04 16:50:34 INFO     Training average L_kl at step 16400: 24995.506113
2025-12-04 16:50:34 INFO     Training average L_sigma at step 16400: 6.020606
2025-12-04 16:50:34 INFO     Training average mu_mean at step 16400: -1.026778
2025-12-04 16:50:34 INFO     Training average sigma_mean at step 16400: 0.127694
2025-12-04 16:50:34 INFO     Training average regularization at step 16400: 0.006309
2025-12-04 16:50:34 INFO     Training average loss at step 16400: 2.539953
2025-12-04 16:51:34 INFO     Training average positive_fact_loss at step 16500: 0.299757
2025-12-04 16:51:34 INFO     Training average negative_fact_loss at step 16500: 0.277951
2025-12-04 16:51:34 INFO     Training average positive_rule_loss at step 16500: 1.538355
2025-12-04 16:51:34 INFO     Training average negative_rule_loss at step 16500: 2.451876
2025-12-04 16:51:34 INFO     Training average L_uncertainty at step 16500: 25.041479
2025-12-04 16:51:34 INFO     Training average L_kl at step 16500: 24981.318184
2025-12-04 16:51:34 INFO     Training average L_sigma at step 16500: 6.015919
2025-12-04 16:51:34 INFO     Training average mu_mean at step 16500: -1.024979
2025-12-04 16:51:34 INFO     Training average sigma_mean at step 16500: 0.127694
2025-12-04 16:51:34 INFO     Training average regularization at step 16500: 0.006308
2025-12-04 16:51:34 INFO     Training average loss at step 16500: 2.540692
2025-12-04 16:52:37 INFO     Training average positive_fact_loss at step 16600: 0.299234
2025-12-04 16:52:37 INFO     Training average negative_fact_loss at step 16600: 0.277628
2025-12-04 16:52:37 INFO     Training average positive_rule_loss at step 16600: 1.539705
2025-12-04 16:52:37 INFO     Training average negative_rule_loss at step 16600: 2.448664
2025-12-04 16:52:37 INFO     Training average L_uncertainty at step 16600: 25.026925
2025-12-04 16:52:37 INFO     Training average L_kl at step 16600: 24966.796152
2025-12-04 16:52:37 INFO     Training average L_sigma at step 16600: 6.012813
2025-12-04 16:52:37 INFO     Training average mu_mean at step 16600: -1.024524
2025-12-04 16:52:37 INFO     Training average sigma_mean at step 16600: 0.127693
2025-12-04 16:52:37 INFO     Training average regularization at step 16600: 0.006305
2025-12-04 16:52:37 INFO     Training average loss at step 16600: 2.539190
2025-12-04 16:53:34 INFO     Training average positive_fact_loss at step 16700: 0.299208
2025-12-04 16:53:34 INFO     Training average negative_fact_loss at step 16700: 0.277653
2025-12-04 16:53:34 INFO     Training average positive_rule_loss at step 16700: 1.541993
2025-12-04 16:53:34 INFO     Training average negative_rule_loss at step 16700: 2.444722
2025-12-04 16:53:34 INFO     Training average L_uncertainty at step 16700: 25.009729
2025-12-04 16:53:34 INFO     Training average L_kl at step 16700: 24949.521699
2025-12-04 16:53:34 INFO     Training average L_sigma at step 16700: 6.020634
2025-12-04 16:53:34 INFO     Training average mu_mean at step 16700: -1.022435
2025-12-04 16:53:34 INFO     Training average sigma_mean at step 16700: 0.127694
2025-12-04 16:53:34 INFO     Training average regularization at step 16700: 0.006303
2025-12-04 16:53:34 INFO     Training average loss at step 16700: 2.538188
2025-12-04 16:54:35 INFO     Training average positive_fact_loss at step 16800: 0.299241
2025-12-04 16:54:35 INFO     Training average negative_fact_loss at step 16800: 0.277452
2025-12-04 16:54:35 INFO     Training average positive_rule_loss at step 16800: 1.540276
2025-12-04 16:54:35 INFO     Training average negative_rule_loss at step 16800: 2.449129
2025-12-04 16:54:35 INFO     Training average L_uncertainty at step 16800: 24.989299
2025-12-04 16:54:35 INFO     Training average L_kl at step 16800: 24929.063906
2025-12-04 16:54:35 INFO     Training average L_sigma at step 16800: 6.023413
2025-12-04 16:54:35 INFO     Training average mu_mean at step 16800: -1.021186
2025-12-04 16:54:35 INFO     Training average sigma_mean at step 16800: 0.127694
2025-12-04 16:54:35 INFO     Training average regularization at step 16800: 0.006301
2025-12-04 16:54:35 INFO     Training average loss at step 16800: 2.539244
2025-12-04 16:55:27 INFO     Training average positive_fact_loss at step 16900: 0.299000
2025-12-04 16:55:27 INFO     Training average negative_fact_loss at step 16900: 0.277694
2025-12-04 16:55:27 INFO     Training average positive_rule_loss at step 16900: 1.540196
2025-12-04 16:55:27 INFO     Training average negative_rule_loss at step 16900: 2.447921
2025-12-04 16:55:27 INFO     Training average L_uncertainty at step 16900: 24.977489
2025-12-04 16:55:27 INFO     Training average L_kl at step 16900: 24917.281621
2025-12-04 16:55:27 INFO     Training average L_sigma at step 16900: 6.020615
2025-12-04 16:55:27 INFO     Training average mu_mean at step 16900: -1.019369
2025-12-04 16:55:27 INFO     Training average sigma_mean at step 16900: 0.127694
2025-12-04 16:55:27 INFO     Training average regularization at step 16900: 0.006300
2025-12-04 16:55:27 INFO     Training average loss at step 16900: 2.538480
2025-12-04 16:57:00 INFO     Training average positive_fact_loss at step 17000: 0.299542
2025-12-04 16:57:00 INFO     Training average negative_fact_loss at step 17000: 0.277473
2025-12-04 16:57:00 INFO     Training average positive_rule_loss at step 17000: 1.544448
2025-12-04 16:57:00 INFO     Training average negative_rule_loss at step 17000: 2.442060
2025-12-04 16:57:00 INFO     Training average L_uncertainty at step 17000: 24.953528
2025-12-04 16:57:00 INFO     Training average L_kl at step 17000: 24893.390254
2025-12-04 16:57:00 INFO     Training average L_sigma at step 17000: 6.013664
2025-12-04 16:57:00 INFO     Training average mu_mean at step 17000: -1.016871
2025-12-04 16:57:00 INFO     Training average sigma_mean at step 17000: 0.127693
2025-12-04 16:57:00 INFO     Training average regularization at step 17000: 0.006300
2025-12-04 16:57:00 INFO     Training average loss at step 17000: 2.537597
2025-12-04 16:57:00 INFO     Evaluating on Valid Dataset...
2025-12-04 16:57:00 INFO     >>>>> RuleE emb: Evaluating on valid
2025-12-04 16:57:25 INFO     Data : 4274
2025-12-04 16:57:25 INFO     Hit1 : 0.547263
2025-12-04 16:57:25 INFO     Hit3 : 0.783575
2025-12-04 16:57:25 INFO     Hit10: 0.941975
2025-12-04 16:57:25 INFO     MR   : 3.373889
2025-12-04 16:57:25 INFO     MRR  : 0.682843
2025-12-04 16:59:21 INFO     Training average positive_fact_loss at step 17100: 0.298949
2025-12-04 16:59:21 INFO     Training average negative_fact_loss at step 17100: 0.277674
2025-12-04 16:59:21 INFO     Training average positive_rule_loss at step 17100: 1.543727
2025-12-04 16:59:21 INFO     Training average negative_rule_loss at step 17100: 2.442719
2025-12-04 16:59:21 INFO     Training average L_uncertainty at step 17100: 24.956953
2025-12-04 16:59:21 INFO     Training average L_kl at step 17100: 24896.662461
2025-12-04 16:59:21 INFO     Training average L_sigma at step 17100: 6.028890
2025-12-04 16:59:21 INFO     Training average mu_mean at step 17100: -1.017758
2025-12-04 16:59:21 INFO     Training average sigma_mean at step 17100: 0.127695
2025-12-04 16:59:21 INFO     Training average regularization at step 17100: 0.006299
2025-12-04 16:59:21 INFO     Training average loss at step 17100: 2.537403
2025-12-04 17:00:56 INFO     Training average positive_fact_loss at step 17200: 0.298901
2025-12-04 17:00:56 INFO     Training average negative_fact_loss at step 17200: 0.277355
2025-12-04 17:00:56 INFO     Training average positive_rule_loss at step 17200: 1.545135
2025-12-04 17:00:56 INFO     Training average negative_rule_loss at step 17200: 2.444907
2025-12-04 17:00:56 INFO     Training average L_uncertainty at step 17200: 24.915252
2025-12-04 17:00:56 INFO     Training average L_kl at step 17200: 24855.090156
2025-12-04 17:00:56 INFO     Training average L_sigma at step 17200: 6.016064
2025-12-04 17:00:56 INFO     Training average mu_mean at step 17200: -1.014875
2025-12-04 17:00:56 INFO     Training average sigma_mean at step 17200: 0.127693
2025-12-04 17:00:56 INFO     Training average regularization at step 17200: 0.006300
2025-12-04 17:00:56 INFO     Training average loss at step 17200: 2.538602
2025-12-04 17:02:27 INFO     Training average positive_fact_loss at step 17300: 0.299156
2025-12-04 17:02:27 INFO     Training average negative_fact_loss at step 17300: 0.277589
2025-12-04 17:02:27 INFO     Training average positive_rule_loss at step 17300: 1.545601
2025-12-04 17:02:27 INFO     Training average negative_rule_loss at step 17300: 2.440310
2025-12-04 17:02:27 INFO     Training average L_uncertainty at step 17300: 24.927863
2025-12-04 17:02:27 INFO     Training average L_kl at step 17300: 24867.733965
2025-12-04 17:02:27 INFO     Training average L_sigma at step 17300: 6.012795
2025-12-04 17:02:27 INFO     Training average mu_mean at step 17300: -1.015246
2025-12-04 17:02:27 INFO     Training average sigma_mean at step 17300: 0.127693
2025-12-04 17:02:27 INFO     Training average regularization at step 17300: 0.006300
2025-12-04 17:02:27 INFO     Training average loss at step 17300: 2.536907
2025-12-04 17:04:06 INFO     Training average positive_fact_loss at step 17400: 0.298944
2025-12-04 17:04:06 INFO     Training average negative_fact_loss at step 17400: 0.277561
2025-12-04 17:04:06 INFO     Training average positive_rule_loss at step 17400: 1.544344
2025-12-04 17:04:06 INFO     Training average negative_rule_loss at step 17400: 2.442075
2025-12-04 17:04:06 INFO     Training average L_uncertainty at step 17400: 24.908072
2025-12-04 17:04:06 INFO     Training average L_kl at step 17400: 24847.946582
2025-12-04 17:04:06 INFO     Training average L_sigma at step 17400: 6.012482
2025-12-04 17:04:06 INFO     Training average mu_mean at step 17400: -1.012872
2025-12-04 17:04:06 INFO     Training average sigma_mean at step 17400: 0.127693
2025-12-04 17:04:06 INFO     Training average regularization at step 17400: 0.006298
2025-12-04 17:04:06 INFO     Training average loss at step 17400: 2.536841
2025-12-04 17:05:37 INFO     Training average positive_fact_loss at step 17500: 0.299731
2025-12-04 17:05:37 INFO     Training average negative_fact_loss at step 17500: 0.276926
2025-12-04 17:05:37 INFO     Training average positive_rule_loss at step 17500: 1.543847
2025-12-04 17:05:37 INFO     Training average negative_rule_loss at step 17500: 2.442336
2025-12-04 17:05:37 INFO     Training average L_uncertainty at step 17500: 24.877692
2025-12-04 17:05:37 INFO     Training average L_kl at step 17500: 24817.418613
2025-12-04 17:05:37 INFO     Training average L_sigma at step 17500: 6.027243
2025-12-04 17:05:37 INFO     Training average mu_mean at step 17500: -1.010366
2025-12-04 17:05:37 INFO     Training average sigma_mean at step 17500: 0.127695
2025-12-04 17:05:37 INFO     Training average regularization at step 17500: 0.006297
2025-12-04 17:05:37 INFO     Training average loss at step 17500: 2.536495
2025-12-04 17:06:48 INFO     Training average positive_fact_loss at step 17600: 0.299066
2025-12-04 17:06:48 INFO     Training average negative_fact_loss at step 17600: 0.277774
2025-12-04 17:06:48 INFO     Training average positive_rule_loss at step 17600: 1.547833
2025-12-04 17:06:48 INFO     Training average negative_rule_loss at step 17600: 2.440612
2025-12-04 17:06:48 INFO     Training average L_uncertainty at step 17600: 24.864079
2025-12-04 17:06:48 INFO     Training average L_kl at step 17600: 24803.899023
2025-12-04 17:06:48 INFO     Training average L_sigma at step 17600: 6.017887
2025-12-04 17:06:48 INFO     Training average mu_mean at step 17600: -1.009716
2025-12-04 17:06:48 INFO     Training average sigma_mean at step 17600: 0.127693
2025-12-04 17:06:48 INFO     Training average regularization at step 17600: 0.006295
2025-12-04 17:06:48 INFO     Training average loss at step 17600: 2.537578
2025-12-04 17:07:44 INFO     Training average positive_fact_loss at step 17700: 0.299502
2025-12-04 17:07:44 INFO     Training average negative_fact_loss at step 17700: 0.277359
2025-12-04 17:07:44 INFO     Training average positive_rule_loss at step 17700: 1.545816
2025-12-04 17:07:44 INFO     Training average negative_rule_loss at step 17700: 2.439915
2025-12-04 17:07:44 INFO     Training average L_uncertainty at step 17700: 24.831207
2025-12-04 17:07:44 INFO     Training average L_kl at step 17700: 24771.017363
2025-12-04 17:07:44 INFO     Training average L_sigma at step 17700: 6.018872
2025-12-04 17:07:44 INFO     Training average mu_mean at step 17700: -1.007181
2025-12-04 17:07:44 INFO     Training average sigma_mean at step 17700: 0.127694
2025-12-04 17:07:44 INFO     Training average regularization at step 17700: 0.006298
2025-12-04 17:07:44 INFO     Training average loss at step 17700: 2.535905
2025-12-04 17:09:17 INFO     Training average positive_fact_loss at step 17800: 0.298526
2025-12-04 17:09:17 INFO     Training average negative_fact_loss at step 17800: 0.277218
2025-12-04 17:09:17 INFO     Training average positive_rule_loss at step 17800: 1.545081
2025-12-04 17:09:17 INFO     Training average negative_rule_loss at step 17800: 2.441267
2025-12-04 17:09:17 INFO     Training average L_uncertainty at step 17800: 24.809354
2025-12-04 17:09:17 INFO     Training average L_kl at step 17800: 24749.042246
2025-12-04 17:09:17 INFO     Training average L_sigma at step 17800: 6.031027
2025-12-04 17:09:17 INFO     Training average mu_mean at step 17800: -1.004731
2025-12-04 17:09:17 INFO     Training average sigma_mean at step 17800: 0.127696
2025-12-04 17:09:17 INFO     Training average regularization at step 17800: 0.006295
2025-12-04 17:09:17 INFO     Training average loss at step 17800: 2.535434
2025-12-04 17:11:09 INFO     Training average positive_fact_loss at step 17900: 0.299380
2025-12-04 17:11:09 INFO     Training average negative_fact_loss at step 17900: 0.277394
2025-12-04 17:11:09 INFO     Training average positive_rule_loss at step 17900: 1.548050
2025-12-04 17:11:09 INFO     Training average negative_rule_loss at step 17900: 2.437387
2025-12-04 17:11:09 INFO     Training average L_uncertainty at step 17900: 24.813998
2025-12-04 17:11:09 INFO     Training average L_kl at step 17900: 24753.928281
2025-12-04 17:11:09 INFO     Training average L_sigma at step 17900: 6.006827
2025-12-04 17:11:09 INFO     Training average mu_mean at step 17900: -1.004944
2025-12-04 17:11:09 INFO     Training average sigma_mean at step 17900: 0.127693
2025-12-04 17:11:09 INFO     Training average regularization at step 17900: 0.006294
2025-12-04 17:11:09 INFO     Training average loss at step 17900: 2.535539
2025-12-04 17:13:03 INFO     Training average positive_fact_loss at step 18000: 0.299877
2025-12-04 17:13:03 INFO     Training average negative_fact_loss at step 18000: 0.277343
2025-12-04 17:13:03 INFO     Training average positive_rule_loss at step 18000: 1.544135
2025-12-04 17:13:03 INFO     Training average negative_rule_loss at step 18000: 2.444950
2025-12-04 17:13:03 INFO     Training average L_uncertainty at step 18000: 24.760228
2025-12-04 17:13:03 INFO     Training average L_kl at step 18000: 24700.166699
2025-12-04 17:13:03 INFO     Training average L_sigma at step 18000: 6.006044
2025-12-04 17:13:03 INFO     Training average mu_mean at step 18000: -1.000762
2025-12-04 17:13:03 INFO     Training average sigma_mean at step 18000: 0.127692
2025-12-04 17:13:03 INFO     Training average regularization at step 18000: 0.006292
2025-12-04 17:13:03 INFO     Training average loss at step 18000: 2.537046
2025-12-04 17:13:03 INFO     Evaluating on Valid Dataset...
2025-12-04 17:13:03 INFO     >>>>> RuleE emb: Evaluating on valid
2025-12-04 17:13:24 INFO     Data : 4274
2025-12-04 17:13:24 INFO     Hit1 : 0.547964
2025-12-04 17:13:24 INFO     Hit3 : 0.781703
2025-12-04 17:13:24 INFO     Hit10: 0.941507
2025-12-04 17:13:24 INFO     MR   : 3.374825
2025-12-04 17:13:24 INFO     MRR  : 0.683056
2025-12-04 17:14:24 INFO     Training average positive_fact_loss at step 18100: 0.298646
2025-12-04 17:14:24 INFO     Training average negative_fact_loss at step 18100: 0.277224
2025-12-04 17:14:24 INFO     Training average positive_rule_loss at step 18100: 1.549622
2025-12-04 17:14:24 INFO     Training average negative_rule_loss at step 18100: 2.435257
2025-12-04 17:14:24 INFO     Training average L_uncertainty at step 18100: 24.786330
2025-12-04 17:14:24 INFO     Training average L_kl at step 18100: 24726.153555
2025-12-04 17:14:24 INFO     Training average L_sigma at step 18100: 6.017580
2025-12-04 17:14:24 INFO     Training average mu_mean at step 18100: -1.002681
2025-12-04 17:14:24 INFO     Training average sigma_mean at step 18100: 0.127693
2025-12-04 17:14:24 INFO     Training average regularization at step 18100: 0.006292
2025-12-04 17:14:24 INFO     Training average loss at step 18100: 2.534529
2025-12-04 17:15:19 INFO     Training average positive_fact_loss at step 18200: 0.299543
2025-12-04 17:15:19 INFO     Training average negative_fact_loss at step 18200: 0.277234
2025-12-04 17:15:19 INFO     Training average positive_rule_loss at step 18200: 1.550152
2025-12-04 17:15:19 INFO     Training average negative_rule_loss at step 18200: 2.434073
2025-12-04 17:15:19 INFO     Training average L_uncertainty at step 18200: 24.738379
2025-12-04 17:15:19 INFO     Training average L_kl at step 18200: 24678.017637
2025-12-04 17:15:19 INFO     Training average L_sigma at step 18200: 6.035999
2025-12-04 17:15:19 INFO     Training average mu_mean at step 18200: -0.998279
2025-12-04 17:15:19 INFO     Training average sigma_mean at step 18200: 0.127696
2025-12-04 17:15:19 INFO     Training average regularization at step 18200: 0.006291
2025-12-04 17:15:19 INFO     Training average loss at step 18200: 2.534175
2025-12-04 17:16:09 INFO     Training average positive_fact_loss at step 18300: 0.299126
2025-12-04 17:16:09 INFO     Training average negative_fact_loss at step 18300: 0.277203
2025-12-04 17:16:09 INFO     Training average positive_rule_loss at step 18300: 1.552551
2025-12-04 17:16:09 INFO     Training average negative_rule_loss at step 18300: 2.431996
2025-12-04 17:16:09 INFO     Training average L_uncertainty at step 18300: 24.758399
2025-12-04 17:16:09 INFO     Training average L_kl at step 18300: 24698.230840
2025-12-04 17:16:09 INFO     Training average L_sigma at step 18300: 6.016718
2025-12-04 17:16:09 INFO     Training average mu_mean at step 18300: -0.999978
2025-12-04 17:16:09 INFO     Training average sigma_mean at step 18300: 0.127693
2025-12-04 17:16:09 INFO     Training average regularization at step 18300: 0.006289
2025-12-04 17:16:09 INFO     Training average loss at step 18300: 2.534311
2025-12-04 17:17:08 INFO     Training average positive_fact_loss at step 18400: 0.299030
2025-12-04 17:17:08 INFO     Training average negative_fact_loss at step 18400: 0.277309
2025-12-04 17:17:08 INFO     Training average positive_rule_loss at step 18400: 1.546734
2025-12-04 17:17:08 INFO     Training average negative_rule_loss at step 18400: 2.441702
2025-12-04 17:17:08 INFO     Training average L_uncertainty at step 18400: 24.706947
2025-12-04 17:17:08 INFO     Training average L_kl at step 18400: 24646.761016
2025-12-04 17:17:08 INFO     Training average L_sigma at step 18400: 6.018493
2025-12-04 17:17:08 INFO     Training average mu_mean at step 18400: -0.996165
2025-12-04 17:17:08 INFO     Training average sigma_mean at step 18400: 0.127694
2025-12-04 17:17:08 INFO     Training average regularization at step 18400: 0.006289
2025-12-04 17:17:08 INFO     Training average loss at step 18400: 2.535746
2025-12-04 17:18:03 INFO     Training average positive_fact_loss at step 18500: 0.299838
2025-12-04 17:18:03 INFO     Training average negative_fact_loss at step 18500: 0.277280
2025-12-04 17:18:03 INFO     Training average positive_rule_loss at step 18500: 1.548991
2025-12-04 17:18:03 INFO     Training average negative_rule_loss at step 18500: 2.437132
2025-12-04 17:18:03 INFO     Training average L_uncertainty at step 18500: 24.654716
2025-12-04 17:18:03 INFO     Training average L_kl at step 18500: 24594.396738
2025-12-04 17:18:03 INFO     Training average L_sigma at step 18500: 6.031757
2025-12-04 17:18:03 INFO     Training average mu_mean at step 18500: -0.992672
2025-12-04 17:18:03 INFO     Training average sigma_mean at step 18500: 0.127696
2025-12-04 17:18:03 INFO     Training average regularization at step 18500: 0.006288
2025-12-04 17:18:03 INFO     Training average loss at step 18500: 2.534456
2025-12-04 17:19:03 INFO     Training average positive_fact_loss at step 18600: 0.298444
2025-12-04 17:19:03 INFO     Training average negative_fact_loss at step 18600: 0.277450
2025-12-04 17:19:03 INFO     Training average positive_rule_loss at step 18600: 1.549455
2025-12-04 17:19:03 INFO     Training average negative_rule_loss at step 18600: 2.435359
2025-12-04 17:19:03 INFO     Training average L_uncertainty at step 18600: 24.693080
2025-12-04 17:19:03 INFO     Training average L_kl at step 18600: 24632.813242
2025-12-04 17:19:03 INFO     Training average L_sigma at step 18600: 6.026520
2025-12-04 17:19:03 INFO     Training average mu_mean at step 18600: -0.995133
2025-12-04 17:19:03 INFO     Training average sigma_mean at step 18600: 0.127695
2025-12-04 17:19:03 INFO     Training average regularization at step 18600: 0.006288
2025-12-04 17:19:03 INFO     Training average loss at step 18600: 2.533573
2025-12-04 17:20:00 INFO     Training average positive_fact_loss at step 18700: 0.299680
2025-12-04 17:20:00 INFO     Training average negative_fact_loss at step 18700: 0.277174
2025-12-04 17:20:00 INFO     Training average positive_rule_loss at step 18700: 1.550039
2025-12-04 17:20:00 INFO     Training average negative_rule_loss at step 18700: 2.434361
2025-12-04 17:20:00 INFO     Training average L_uncertainty at step 18700: 24.644774
2025-12-04 17:20:00 INFO     Training average L_kl at step 18700: 24584.805371
2025-12-04 17:20:00 INFO     Training average L_sigma at step 18700: 5.996751
2025-12-04 17:20:00 INFO     Training average mu_mean at step 18700: -0.990160
2025-12-04 17:20:00 INFO     Training average sigma_mean at step 18700: 0.127691
2025-12-04 17:20:00 INFO     Training average regularization at step 18700: 0.006286
2025-12-04 17:20:00 INFO     Training average loss at step 18700: 2.533361
2025-12-04 17:21:00 INFO     Training average positive_fact_loss at step 18800: 0.299015
2025-12-04 17:21:00 INFO     Training average negative_fact_loss at step 18800: 0.277242
2025-12-04 17:21:00 INFO     Training average positive_rule_loss at step 18800: 1.556333
2025-12-04 17:21:00 INFO     Training average negative_rule_loss at step 18800: 2.427992
2025-12-04 17:21:00 INFO     Training average L_uncertainty at step 18800: 24.647845
2025-12-04 17:21:00 INFO     Training average L_kl at step 18800: 24587.587969
2025-12-04 17:21:00 INFO     Training average L_sigma at step 18800: 6.025625
2025-12-04 17:21:00 INFO     Training average mu_mean at step 18800: -0.989507
2025-12-04 17:21:00 INFO     Training average sigma_mean at step 18800: 0.127695
2025-12-04 17:21:00 INFO     Training average regularization at step 18800: 0.006288
2025-12-04 17:21:00 INFO     Training average loss at step 18800: 2.533058
2025-12-04 17:21:46 INFO     Training average positive_fact_loss at step 18900: 0.299013
2025-12-04 17:21:46 INFO     Training average negative_fact_loss at step 18900: 0.277378
2025-12-04 17:21:46 INFO     Training average positive_rule_loss at step 18900: 1.554747
2025-12-04 17:21:46 INFO     Training average negative_rule_loss at step 18900: 2.427222
2025-12-04 17:21:46 INFO     Training average L_uncertainty at step 18900: 24.664423
2025-12-04 17:21:46 INFO     Training average L_kl at step 18900: 24604.334355
2025-12-04 17:21:46 INFO     Training average L_sigma at step 18900: 6.008705
2025-12-04 17:21:46 INFO     Training average mu_mean at step 18900: -0.992010
2025-12-04 17:21:46 INFO     Training average sigma_mean at step 18900: 0.127693
2025-12-04 17:21:46 INFO     Training average regularization at step 18900: 0.006289
2025-12-04 17:21:46 INFO     Training average loss at step 18900: 2.532113
2025-12-04 17:22:46 INFO     Training average positive_fact_loss at step 19000: 0.299178
2025-12-04 17:22:46 INFO     Training average negative_fact_loss at step 19000: 0.277052
2025-12-04 17:22:46 INFO     Training average positive_rule_loss at step 19000: 1.549995
2025-12-04 17:22:46 INFO     Training average negative_rule_loss at step 19000: 2.435229
2025-12-04 17:22:46 INFO     Training average L_uncertainty at step 19000: 24.598924
2025-12-04 17:22:46 INFO     Training average L_kl at step 19000: 24538.952852
2025-12-04 17:22:46 INFO     Training average L_sigma at step 19000: 5.997005
2025-12-04 17:22:46 INFO     Training average mu_mean at step 19000: -0.985577
2025-12-04 17:22:46 INFO     Training average sigma_mean at step 19000: 0.127691
2025-12-04 17:22:46 INFO     Training average regularization at step 19000: 0.006290
2025-12-04 17:22:46 INFO     Training average loss at step 19000: 2.533007
2025-12-04 17:22:46 INFO     Evaluating on Valid Dataset...
2025-12-04 17:22:46 INFO     >>>>> RuleE emb: Evaluating on valid
2025-12-04 17:22:55 INFO     Data : 4274
2025-12-04 17:22:55 INFO     Hit1 : 0.546561
2025-12-04 17:22:55 INFO     Hit3 : 0.782405
2025-12-04 17:22:55 INFO     Hit10: 0.942209
2025-12-04 17:22:55 INFO     MR   : 3.372719
2025-12-04 17:22:55 INFO     MRR  : 0.682663
2025-12-04 17:23:50 INFO     Training average positive_fact_loss at step 19100: 0.298953
2025-12-04 17:23:50 INFO     Training average negative_fact_loss at step 19100: 0.277182
2025-12-04 17:23:50 INFO     Training average positive_rule_loss at step 19100: 1.550655
2025-12-04 17:23:50 INFO     Training average negative_rule_loss at step 19100: 2.432602
2025-12-04 17:23:50 INFO     Training average L_uncertainty at step 19100: 24.575314
2025-12-04 17:23:50 INFO     Training average L_kl at step 19100: 24515.188320
2025-12-04 17:23:50 INFO     Training average L_sigma at step 19100: 6.012470
2025-12-04 17:23:50 INFO     Training average mu_mean at step 19100: -0.983299
2025-12-04 17:23:50 INFO     Training average sigma_mean at step 19100: 0.127694
2025-12-04 17:23:50 INFO     Training average regularization at step 19100: 0.006288
2025-12-04 17:23:50 INFO     Training average loss at step 19100: 2.531737
2025-12-04 17:24:49 INFO     Training average positive_fact_loss at step 19200: 0.298557
2025-12-04 17:24:49 INFO     Training average negative_fact_loss at step 19200: 0.276967
2025-12-04 17:24:49 INFO     Training average positive_rule_loss at step 19200: 1.553541
2025-12-04 17:24:49 INFO     Training average negative_rule_loss at step 19200: 2.430605
2025-12-04 17:24:49 INFO     Training average L_uncertainty at step 19200: 24.570955
2025-12-04 17:24:49 INFO     Training average L_kl at step 19200: 24510.811504
2025-12-04 17:24:49 INFO     Training average L_sigma at step 19200: 6.014177
2025-12-04 17:24:49 INFO     Training average mu_mean at step 19200: -0.983035
2025-12-04 17:24:49 INFO     Training average sigma_mean at step 19200: 0.127694
2025-12-04 17:24:49 INFO     Training average regularization at step 19200: 0.006290
2025-12-04 17:24:49 INFO     Training average loss at step 19200: 2.531835
2025-12-04 17:25:43 INFO     Training average positive_fact_loss at step 19300: 0.299679
2025-12-04 17:25:43 INFO     Training average negative_fact_loss at step 19300: 0.277218
2025-12-04 17:25:43 INFO     Training average positive_rule_loss at step 19300: 1.552817
2025-12-04 17:25:43 INFO     Training average negative_rule_loss at step 19300: 2.431317
2025-12-04 17:25:43 INFO     Training average L_uncertainty at step 19300: 24.554314
2025-12-04 17:25:43 INFO     Training average L_kl at step 19300: 24494.138809
2025-12-04 17:25:43 INFO     Training average L_sigma at step 19300: 6.017357
2025-12-04 17:25:43 INFO     Training average mu_mean at step 19300: -0.981524
2025-12-04 17:25:43 INFO     Training average sigma_mean at step 19300: 0.127694
2025-12-04 17:25:43 INFO     Training average regularization at step 19300: 0.006291
2025-12-04 17:25:43 INFO     Training average loss at step 19300: 2.532350
2025-12-04 17:26:42 INFO     Training average positive_fact_loss at step 19400: 0.298737
2025-12-04 17:26:42 INFO     Training average negative_fact_loss at step 19400: 0.277135
2025-12-04 17:26:42 INFO     Training average positive_rule_loss at step 19400: 1.554245
2025-12-04 17:26:42 INFO     Training average negative_rule_loss at step 19400: 2.429441
2025-12-04 17:26:42 INFO     Training average L_uncertainty at step 19400: 24.518889
2025-12-04 17:26:42 INFO     Training average L_kl at step 19400: 24458.659277
2025-12-04 17:26:42 INFO     Training average L_sigma at step 19400: 6.022902
2025-12-04 17:26:42 INFO     Training average mu_mean at step 19400: -0.978615
2025-12-04 17:26:42 INFO     Training average sigma_mean at step 19400: 0.127695
2025-12-04 17:26:42 INFO     Training average regularization at step 19400: 0.006290
2025-12-04 17:26:42 INFO     Training average loss at step 19400: 2.531258
2025-12-04 17:27:34 INFO     Training average positive_fact_loss at step 19500: 0.299187
2025-12-04 17:27:34 INFO     Training average negative_fact_loss at step 19500: 0.277241
2025-12-04 17:27:34 INFO     Training average positive_rule_loss at step 19500: 1.554015
2025-12-04 17:27:34 INFO     Training average negative_rule_loss at step 19500: 2.428242
2025-12-04 17:27:34 INFO     Training average L_uncertainty at step 19500: 24.526629
2025-12-04 17:27:34 INFO     Training average L_kl at step 19500: 24466.527090
2025-12-04 17:27:34 INFO     Training average L_sigma at step 19500: 6.010067
2025-12-04 17:27:34 INFO     Training average mu_mean at step 19500: -0.978786
2025-12-04 17:27:34 INFO     Training average sigma_mean at step 19500: 0.127693
2025-12-04 17:27:34 INFO     Training average regularization at step 19500: 0.006291
2025-12-04 17:27:34 INFO     Training average loss at step 19500: 2.530900
2025-12-04 17:28:29 INFO     Training average positive_fact_loss at step 19600: 0.299057
2025-12-04 17:28:29 INFO     Training average negative_fact_loss at step 19600: 0.277129
2025-12-04 17:28:29 INFO     Training average positive_rule_loss at step 19600: 1.554599
2025-12-04 17:28:29 INFO     Training average negative_rule_loss at step 19600: 2.429574
2025-12-04 17:28:29 INFO     Training average L_uncertainty at step 19600: 24.476572
2025-12-04 17:28:29 INFO     Training average L_kl at step 19600: 24416.344219
2025-12-04 17:28:29 INFO     Training average L_sigma at step 19600: 6.022679
2025-12-04 17:28:29 INFO     Training average mu_mean at step 19600: -0.974817
2025-12-04 17:28:29 INFO     Training average sigma_mean at step 19600: 0.127694
2025-12-04 17:28:29 INFO     Training average regularization at step 19600: 0.006292
2025-12-04 17:28:29 INFO     Training average loss at step 19600: 2.531238
2025-12-04 17:29:25 INFO     Training average positive_fact_loss at step 19700: 0.298927
2025-12-04 17:29:25 INFO     Training average negative_fact_loss at step 19700: 0.277173
2025-12-04 17:29:25 INFO     Training average positive_rule_loss at step 19700: 1.557025
2025-12-04 17:29:25 INFO     Training average negative_rule_loss at step 19700: 2.426736
2025-12-04 17:29:25 INFO     Training average L_uncertainty at step 19700: 24.490997
2025-12-04 17:29:25 INFO     Training average L_kl at step 19700: 24430.811934
2025-12-04 17:29:25 INFO     Training average L_sigma at step 19700: 6.018356
2025-12-04 17:29:25 INFO     Training average mu_mean at step 19700: -0.976269
2025-12-04 17:29:25 INFO     Training average sigma_mean at step 19700: 0.127694
2025-12-04 17:29:25 INFO     Training average regularization at step 19700: 0.006295
2025-12-04 17:29:25 INFO     Training average loss at step 19700: 2.531136
2025-12-04 17:30:25 INFO     Training average positive_fact_loss at step 19800: 0.299243
2025-12-04 17:30:25 INFO     Training average negative_fact_loss at step 19800: 0.277223
2025-12-04 17:30:25 INFO     Training average positive_rule_loss at step 19800: 1.552550
2025-12-04 17:30:25 INFO     Training average negative_rule_loss at step 19800: 2.434010
2025-12-04 17:30:25 INFO     Training average L_uncertainty at step 19800: 24.405799
2025-12-04 17:30:25 INFO     Training average L_kl at step 19800: 24345.641445
2025-12-04 17:30:25 INFO     Training average L_sigma at step 19800: 6.015616
2025-12-04 17:30:25 INFO     Training average mu_mean at step 19800: -0.969543
2025-12-04 17:30:25 INFO     Training average sigma_mean at step 19800: 0.127693
2025-12-04 17:30:25 INFO     Training average regularization at step 19800: 0.006292
2025-12-04 17:30:25 INFO     Training average loss at step 19800: 2.531863
2025-12-04 17:31:21 INFO     Training average positive_fact_loss at step 19900: 0.298918
2025-12-04 17:31:21 INFO     Training average negative_fact_loss at step 19900: 0.277082
2025-12-04 17:31:21 INFO     Training average positive_rule_loss at step 19900: 1.554323
2025-12-04 17:31:21 INFO     Training average negative_rule_loss at step 19900: 2.428911
2025-12-04 17:31:21 INFO     Training average L_uncertainty at step 19900: 24.421324
2025-12-04 17:31:21 INFO     Training average L_kl at step 19900: 24361.178340
2025-12-04 17:31:21 INFO     Training average L_sigma at step 19900: 6.014474
2025-12-04 17:31:21 INFO     Training average mu_mean at step 19900: -0.970430
2025-12-04 17:31:21 INFO     Training average sigma_mean at step 19900: 0.127694
2025-12-04 17:31:21 INFO     Training average regularization at step 19900: 0.006295
2025-12-04 17:31:21 INFO     Training average loss at step 19900: 2.530125
2025-12-04 17:32:21 INFO     Training average positive_fact_loss at step 20000: 0.299076
2025-12-04 17:32:21 INFO     Training average negative_fact_loss at step 20000: 0.277273
2025-12-04 17:32:21 INFO     Training average positive_rule_loss at step 20000: 1.557689
2025-12-04 17:32:21 INFO     Training average negative_rule_loss at step 20000: 2.425304
2025-12-04 17:32:21 INFO     Training average L_uncertainty at step 20000: 24.423300
2025-12-04 17:32:21 INFO     Training average L_kl at step 20000: 24363.160176
2025-12-04 17:32:21 INFO     Training average L_sigma at step 20000: 6.013875
2025-12-04 17:32:21 INFO     Training average mu_mean at step 20000: -0.970233
2025-12-04 17:32:21 INFO     Training average sigma_mean at step 20000: 0.127694
2025-12-04 17:32:21 INFO     Training average regularization at step 20000: 0.006294
2025-12-04 17:32:21 INFO     Training average loss at step 20000: 2.530198
2025-12-04 17:32:21 INFO     Evaluating on Valid Dataset...
2025-12-04 17:32:21 INFO     >>>>> RuleE emb: Evaluating on valid
2025-12-04 17:32:31 INFO     Data : 4274
2025-12-04 17:32:31 INFO     Hit1 : 0.546561
2025-12-04 17:32:31 INFO     Hit3 : 0.783107
2025-12-04 17:32:31 INFO     Hit10: 0.941975
2025-12-04 17:32:31 INFO     MR   : 3.372953
2025-12-04 17:32:31 INFO     MRR  : 0.682618
2025-12-04 17:33:26 INFO     Training average positive_fact_loss at step 20100: 0.299334
2025-12-04 17:33:26 INFO     Training average negative_fact_loss at step 20100: 0.277085
2025-12-04 17:33:26 INFO     Training average positive_rule_loss at step 20100: 1.557184
2025-12-04 17:33:26 INFO     Training average negative_rule_loss at step 20100: 2.425810
2025-12-04 17:33:26 INFO     Training average L_uncertainty at step 20100: 24.388108
2025-12-04 17:33:26 INFO     Training average L_kl at step 20100: 24327.974023
2025-12-04 17:33:26 INFO     Training average L_sigma at step 20100: 6.013262
2025-12-04 17:33:26 INFO     Training average mu_mean at step 20100: -0.966721
2025-12-04 17:33:26 INFO     Training average sigma_mean at step 20100: 0.127694
2025-12-04 17:33:26 INFO     Training average regularization at step 20100: 0.006294
2025-12-04 17:33:26 INFO     Training average loss at step 20100: 2.529881
2025-12-04 17:34:17 INFO     Training average positive_fact_loss at step 20200: 0.298837
2025-12-04 17:34:17 INFO     Training average negative_fact_loss at step 20200: 0.276987
2025-12-04 17:34:17 INFO     Training average positive_rule_loss at step 20200: 1.557369
2025-12-04 17:34:17 INFO     Training average negative_rule_loss at step 20200: 2.425869
2025-12-04 17:34:17 INFO     Training average L_uncertainty at step 20200: 24.367025
2025-12-04 17:34:17 INFO     Training average L_kl at step 20200: 24306.739668
2025-12-04 17:34:17 INFO     Training average L_sigma at step 20200: 6.028391
2025-12-04 17:34:17 INFO     Training average mu_mean at step 20200: -0.965087
2025-12-04 17:34:17 INFO     Training average sigma_mean at step 20200: 0.127695
2025-12-04 17:34:17 INFO     Training average regularization at step 20200: 0.006296
2025-12-04 17:34:17 INFO     Training average loss at step 20200: 2.529497
2025-12-04 17:35:12 INFO     Training average positive_fact_loss at step 20300: 0.299068
2025-12-04 17:35:12 INFO     Training average negative_fact_loss at step 20300: 0.277022
2025-12-04 17:35:12 INFO     Training average positive_rule_loss at step 20300: 1.555780
2025-12-04 17:35:12 INFO     Training average negative_rule_loss at step 20300: 2.428490
2025-12-04 17:35:12 INFO     Training average L_uncertainty at step 20300: 24.339309
2025-12-04 17:35:12 INFO     Training average L_kl at step 20300: 24279.038223
2025-12-04 17:35:12 INFO     Training average L_sigma at step 20300: 6.026950
2025-12-04 17:35:12 INFO     Training average mu_mean at step 20300: -0.963348
2025-12-04 17:35:12 INFO     Training average sigma_mean at step 20300: 0.127695
2025-12-04 17:35:12 INFO     Training average regularization at step 20300: 0.006296
2025-12-04 17:35:12 INFO     Training average loss at step 20300: 2.529869
2025-12-04 17:36:13 INFO     Training average positive_fact_loss at step 20400: 0.298885
2025-12-04 17:36:13 INFO     Training average negative_fact_loss at step 20400: 0.277229
2025-12-04 17:36:13 INFO     Training average positive_rule_loss at step 20400: 1.565001
2025-12-04 17:36:13 INFO     Training average negative_rule_loss at step 20400: 2.417237
2025-12-04 17:36:13 INFO     Training average L_uncertainty at step 20400: 24.355641
2025-12-04 17:36:13 INFO     Training average L_kl at step 20400: 24295.658535
2025-12-04 17:36:13 INFO     Training average L_sigma at step 20400: 5.998100
2025-12-04 17:36:13 INFO     Training average mu_mean at step 20400: -0.964888
2025-12-04 17:36:13 INFO     Training average sigma_mean at step 20400: 0.127691
2025-12-04 17:36:13 INFO     Training average regularization at step 20400: 0.006297
2025-12-04 17:36:13 INFO     Training average loss at step 20400: 2.529030
2025-12-04 17:37:08 INFO     Training average positive_fact_loss at step 20500: 0.298883
2025-12-04 17:37:08 INFO     Training average negative_fact_loss at step 20500: 0.277198
2025-12-04 17:37:08 INFO     Training average positive_rule_loss at step 20500: 1.558824
2025-12-04 17:37:08 INFO     Training average negative_rule_loss at step 20500: 2.423228
2025-12-04 17:37:08 INFO     Training average L_uncertainty at step 20500: 24.320330
2025-12-04 17:37:08 INFO     Training average L_kl at step 20500: 24260.031719
2025-12-04 17:37:08 INFO     Training average L_sigma at step 20500: 6.029751
2025-12-04 17:37:08 INFO     Training average mu_mean at step 20500: -0.961653
2025-12-04 17:37:08 INFO     Training average sigma_mean at step 20500: 0.127696
2025-12-04 17:37:08 INFO     Training average regularization at step 20500: 0.006297
2025-12-04 17:37:08 INFO     Training average loss at step 20500: 2.528567
2025-12-04 17:38:08 INFO     Training average positive_fact_loss at step 20600: 0.299711
2025-12-04 17:38:08 INFO     Training average negative_fact_loss at step 20600: 0.277020
2025-12-04 17:38:08 INFO     Training average positive_rule_loss at step 20600: 1.558299
2025-12-04 17:38:08 INFO     Training average negative_rule_loss at step 20600: 2.425494
2025-12-04 17:38:08 INFO     Training average L_uncertainty at step 20600: 24.274566
2025-12-04 17:38:08 INFO     Training average L_kl at step 20600: 24214.409687
2025-12-04 17:38:08 INFO     Training average L_sigma at step 20600: 6.015506
2025-12-04 17:38:08 INFO     Training average mu_mean at step 20600: -0.957069
2025-12-04 17:38:08 INFO     Training average sigma_mean at step 20600: 0.127694
2025-12-04 17:38:08 INFO     Training average regularization at step 20600: 0.006296
2025-12-04 17:38:08 INFO     Training average loss at step 20600: 2.529304
2025-12-04 17:39:04 INFO     Training average positive_fact_loss at step 20700: 0.299066
2025-12-04 17:39:04 INFO     Training average negative_fact_loss at step 20700: 0.277051
2025-12-04 17:39:04 INFO     Training average positive_rule_loss at step 20700: 1.559128
2025-12-04 17:39:04 INFO     Training average negative_rule_loss at step 20700: 2.423548
2025-12-04 17:39:04 INFO     Training average L_uncertainty at step 20700: 24.275796
2025-12-04 17:39:04 INFO     Training average L_kl at step 20700: 24215.694707
2025-12-04 17:39:04 INFO     Training average L_sigma at step 20700: 6.009984
2025-12-04 17:39:04 INFO     Training average mu_mean at step 20700: -0.956510
2025-12-04 17:39:04 INFO     Training average sigma_mean at step 20700: 0.127693
2025-12-04 17:39:04 INFO     Training average regularization at step 20700: 0.006296
2025-12-04 17:39:04 INFO     Training average loss at step 20700: 2.528450
2025-12-04 17:40:00 INFO     Training average positive_fact_loss at step 20800: 0.299195
2025-12-04 17:40:00 INFO     Training average negative_fact_loss at step 20800: 0.277227
2025-12-04 17:40:00 INFO     Training average positive_rule_loss at step 20800: 1.562412
2025-12-04 17:40:00 INFO     Training average negative_rule_loss at step 20800: 2.419819
2025-12-04 17:40:00 INFO     Training average L_uncertainty at step 20800: 24.276341
2025-12-04 17:40:00 INFO     Training average L_kl at step 20800: 24216.201270
2025-12-04 17:40:00 INFO     Training average L_sigma at step 20800: 6.013856
2025-12-04 17:40:00 INFO     Training average mu_mean at step 20800: -0.956698
2025-12-04 17:40:00 INFO     Training average sigma_mean at step 20800: 0.127694
2025-12-04 17:40:00 INFO     Training average regularization at step 20800: 0.006294
2025-12-04 17:40:00 INFO     Training average loss at step 20800: 2.528384
2025-12-04 17:40:51 INFO     Training average positive_fact_loss at step 20900: 0.298862
2025-12-04 17:40:51 INFO     Training average negative_fact_loss at step 20900: 0.277011
2025-12-04 17:40:51 INFO     Training average positive_rule_loss at step 20900: 1.561687
2025-12-04 17:40:51 INFO     Training average negative_rule_loss at step 20900: 2.420764
2025-12-04 17:40:51 INFO     Training average L_uncertainty at step 20900: 24.264793
2025-12-04 17:40:51 INFO     Training average L_kl at step 20900: 24204.770879
2025-12-04 17:40:51 INFO     Training average L_sigma at step 20900: 6.002100
2025-12-04 17:40:51 INFO     Training average mu_mean at step 20900: -0.955781
2025-12-04 17:40:51 INFO     Training average sigma_mean at step 20900: 0.127693
2025-12-04 17:40:51 INFO     Training average regularization at step 20900: 0.006296
2025-12-04 17:40:51 INFO     Training average loss at step 20900: 2.528106
2025-12-04 17:41:51 INFO     Training average positive_fact_loss at step 21000: 0.298926
2025-12-04 17:41:51 INFO     Training average negative_fact_loss at step 21000: 0.277092
2025-12-04 17:41:51 INFO     Training average positive_rule_loss at step 21000: 1.561421
2025-12-04 17:41:51 INFO     Training average negative_rule_loss at step 21000: 2.422239
2025-12-04 17:41:51 INFO     Training average L_uncertainty at step 21000: 24.203610
2025-12-04 17:41:51 INFO     Training average L_kl at step 21000: 24143.433906
2025-12-04 17:41:51 INFO     Training average L_sigma at step 21000: 6.017452
2025-12-04 17:41:51 INFO     Training average mu_mean at step 21000: -0.950919
2025-12-04 17:41:51 INFO     Training average sigma_mean at step 21000: 0.127694
2025-12-04 17:41:51 INFO     Training average regularization at step 21000: 0.006296
2025-12-04 17:41:51 INFO     Training average loss at step 21000: 2.528171
2025-12-04 17:41:51 INFO     Evaluating on Valid Dataset...
2025-12-04 17:41:51 INFO     >>>>> RuleE emb: Evaluating on valid
2025-12-04 17:42:01 INFO     Data : 4274
2025-12-04 17:42:01 INFO     Hit1 : 0.545625
2025-12-04 17:42:01 INFO     Hit3 : 0.780533
2025-12-04 17:42:01 INFO     Hit10: 0.942209
2025-12-04 17:42:01 INFO     MR   : 3.383248
2025-12-04 17:42:01 INFO     MRR  : 0.681525
2025-12-04 17:42:57 INFO     Training average positive_fact_loss at step 21100: 0.299173
2025-12-04 17:42:57 INFO     Training average negative_fact_loss at step 21100: 0.277229
2025-12-04 17:42:57 INFO     Training average positive_rule_loss at step 21100: 1.562865
2025-12-04 17:42:57 INFO     Training average negative_rule_loss at step 21100: 2.419973
2025-12-04 17:42:57 INFO     Training average L_uncertainty at step 21100: 24.198910
2025-12-04 17:42:57 INFO     Training average L_kl at step 21100: 24138.770352
2025-12-04 17:42:57 INFO     Training average L_sigma at step 21100: 6.013861
2025-12-04 17:42:57 INFO     Training average mu_mean at step 21100: -0.951064
2025-12-04 17:42:57 INFO     Training average sigma_mean at step 21100: 0.127694
2025-12-04 17:42:57 INFO     Training average regularization at step 21100: 0.006298
2025-12-04 17:42:57 INFO     Training average loss at step 21100: 2.527907
2025-12-04 17:43:57 INFO     Training average positive_fact_loss at step 21200: 0.298306
2025-12-04 17:43:57 INFO     Training average negative_fact_loss at step 21200: 0.277004
2025-12-04 17:43:57 INFO     Training average positive_rule_loss at step 21200: 1.573728
2025-12-04 17:43:57 INFO     Training average negative_rule_loss at step 21200: 2.410158
2025-12-04 17:43:57 INFO     Training average L_uncertainty at step 21200: 24.188077
2025-12-04 17:43:57 INFO     Training average L_kl at step 21200: 24127.938086
2025-12-04 17:43:57 INFO     Training average L_sigma at step 21200: 6.013796
2025-12-04 17:43:57 INFO     Training average mu_mean at step 21200: -0.951153
2025-12-04 17:43:57 INFO     Training average sigma_mean at step 21200: 0.127694
2025-12-04 17:43:57 INFO     Training average regularization at step 21200: 0.006299
2025-12-04 17:43:57 INFO     Training average loss at step 21200: 2.527778
2025-12-04 17:44:53 INFO     Training average positive_fact_loss at step 21300: 0.299313
2025-12-04 17:44:53 INFO     Training average negative_fact_loss at step 21300: 0.276834
2025-12-04 17:44:53 INFO     Training average positive_rule_loss at step 21300: 1.561975
2025-12-04 17:44:53 INFO     Training average negative_rule_loss at step 21300: 2.421808
2025-12-04 17:44:53 INFO     Training average L_uncertainty at step 21300: 24.134856
2025-12-04 17:44:53 INFO     Training average L_kl at step 21300: 24074.662031
2025-12-04 17:44:53 INFO     Training average L_sigma at step 21300: 6.019320
2025-12-04 17:44:53 INFO     Training average mu_mean at step 21300: -0.946500
2025-12-04 17:44:53 INFO     Training average sigma_mean at step 21300: 0.127695
2025-12-04 17:44:53 INFO     Training average regularization at step 21300: 0.006300
2025-12-04 17:44:53 INFO     Training average loss at step 21300: 2.527613
2025-12-04 17:45:52 INFO     Training average positive_fact_loss at step 21400: 0.299391
2025-12-04 17:45:52 INFO     Training average negative_fact_loss at step 21400: 0.277077
2025-12-04 17:45:52 INFO     Training average positive_rule_loss at step 21400: 1.564942
2025-12-04 17:45:52 INFO     Training average negative_rule_loss at step 21400: 2.416681
2025-12-04 17:45:52 INFO     Training average L_uncertainty at step 21400: 24.128128
2025-12-04 17:45:52 INFO     Training average L_kl at step 21400: 24068.003555
2025-12-04 17:45:52 INFO     Training average L_sigma at step 21400: 6.012363
2025-12-04 17:45:52 INFO     Training average mu_mean at step 21400: -0.945182
2025-12-04 17:45:52 INFO     Training average sigma_mean at step 21400: 0.127694
2025-12-04 17:45:52 INFO     Training average regularization at step 21400: 0.006299
2025-12-04 17:45:52 INFO     Training average loss at step 21400: 2.526626
2025-12-04 17:46:39 INFO     Training average positive_fact_loss at step 21500: 0.298996
2025-12-04 17:46:39 INFO     Training average negative_fact_loss at step 21500: 0.276904
2025-12-04 17:46:39 INFO     Training average positive_rule_loss at step 21500: 1.564120
2025-12-04 17:46:39 INFO     Training average negative_rule_loss at step 21500: 2.418066
2025-12-04 17:46:39 INFO     Training average L_uncertainty at step 21500: 24.130377
2025-12-04 17:46:39 INFO     Training average L_kl at step 21500: 24070.231875
2025-12-04 17:46:39 INFO     Training average L_sigma at step 21500: 6.014354
2025-12-04 17:46:39 INFO     Training average mu_mean at step 21500: -0.943856
2025-12-04 17:46:39 INFO     Training average sigma_mean at step 21500: 0.127694
2025-12-04 17:46:39 INFO     Training average regularization at step 21500: 0.006300
2025-12-04 17:46:39 INFO     Training average loss at step 21500: 2.526648
2025-12-04 17:47:39 INFO     Training average positive_fact_loss at step 21600: 0.298747
2025-12-04 17:47:39 INFO     Training average negative_fact_loss at step 21600: 0.277395
2025-12-04 17:47:39 INFO     Training average positive_rule_loss at step 21600: 1.565673
2025-12-04 17:47:39 INFO     Training average negative_rule_loss at step 21600: 2.415405
2025-12-04 17:47:39 INFO     Training average L_uncertainty at step 21600: 24.110181
2025-12-04 17:47:39 INFO     Training average L_kl at step 21600: 24049.946738
2025-12-04 17:47:39 INFO     Training average L_sigma at step 21600: 6.023349
2025-12-04 17:47:39 INFO     Training average mu_mean at step 21600: -0.941957
2025-12-04 17:47:39 INFO     Training average sigma_mean at step 21600: 0.127695
2025-12-04 17:47:39 INFO     Training average regularization at step 21600: 0.006302
2025-12-04 17:47:39 INFO     Training average loss at step 21600: 2.526014
2025-12-04 17:48:35 INFO     Training average positive_fact_loss at step 21700: 0.299277
2025-12-04 17:48:35 INFO     Training average negative_fact_loss at step 21700: 0.277064
2025-12-04 17:48:35 INFO     Training average positive_rule_loss at step 21700: 1.570710
2025-12-04 17:48:35 INFO     Training average negative_rule_loss at step 21700: 2.409272
2025-12-04 17:48:35 INFO     Training average L_uncertainty at step 21700: 24.112820
2025-12-04 17:48:35 INFO     Training average L_kl at step 21700: 24052.628398
2025-12-04 17:48:35 INFO     Training average L_sigma at step 21700: 6.019056
2025-12-04 17:48:35 INFO     Training average mu_mean at step 21700: -0.942302
2025-12-04 17:48:35 INFO     Training average sigma_mean at step 21700: 0.127694
2025-12-04 17:48:35 INFO     Training average regularization at step 21700: 0.006301
2025-12-04 17:48:35 INFO     Training average loss at step 21700: 2.525590
2025-12-04 17:49:35 INFO     Training average positive_fact_loss at step 21800: 0.299012
2025-12-04 17:49:35 INFO     Training average negative_fact_loss at step 21800: 0.277096
2025-12-04 17:49:35 INFO     Training average positive_rule_loss at step 21800: 1.567473
2025-12-04 17:49:35 INFO     Training average negative_rule_loss at step 21800: 2.412505
2025-12-04 17:49:35 INFO     Training average L_uncertainty at step 21800: 24.078200
2025-12-04 17:49:35 INFO     Training average L_kl at step 21800: 24018.142871
2025-12-04 17:49:35 INFO     Training average L_sigma at step 21800: 6.005540
2025-12-04 17:49:35 INFO     Training average mu_mean at step 21800: -0.938713
2025-12-04 17:49:35 INFO     Training average sigma_mean at step 21800: 0.127693
2025-12-04 17:49:35 INFO     Training average regularization at step 21800: 0.006301
2025-12-04 17:49:35 INFO     Training average loss at step 21800: 2.525126
2025-12-04 17:50:30 INFO     Training average positive_fact_loss at step 21900: 0.298532
2025-12-04 17:50:30 INFO     Training average negative_fact_loss at step 21900: 0.277124
2025-12-04 17:50:30 INFO     Training average positive_rule_loss at step 21900: 1.567244
2025-12-04 17:50:30 INFO     Training average negative_rule_loss at step 21900: 2.412558
2025-12-04 17:50:30 INFO     Training average L_uncertainty at step 21900: 24.061564
2025-12-04 17:50:30 INFO     Training average L_kl at step 21900: 24001.331855
2025-12-04 17:50:30 INFO     Training average L_sigma at step 21900: 6.023133
2025-12-04 17:50:30 INFO     Training average mu_mean at step 21900: -0.936555
2025-12-04 17:50:30 INFO     Training average sigma_mean at step 21900: 0.127695
2025-12-04 17:50:30 INFO     Training average regularization at step 21900: 0.006302
2025-12-04 17:50:30 INFO     Training average loss at step 21900: 2.524647
2025-12-04 17:51:30 INFO     Training average positive_fact_loss at step 22000: 0.299466
2025-12-04 17:51:30 INFO     Training average negative_fact_loss at step 22000: 0.277376
2025-12-04 17:51:30 INFO     Training average positive_rule_loss at step 22000: 1.567682
2025-12-04 17:51:30 INFO     Training average negative_rule_loss at step 22000: 2.412066
2025-12-04 17:51:30 INFO     Training average L_uncertainty at step 22000: 24.049626
2025-12-04 17:51:30 INFO     Training average L_kl at step 22000: 23989.505078
2025-12-04 17:51:30 INFO     Training average L_sigma at step 22000: 6.011973
2025-12-04 17:51:30 INFO     Training average mu_mean at step 22000: -0.935469
2025-12-04 17:51:30 INFO     Training average sigma_mean at step 22000: 0.127694
2025-12-04 17:51:30 INFO     Training average regularization at step 22000: 0.006304
2025-12-04 17:51:30 INFO     Training average loss at step 22000: 2.525095
2025-12-04 17:51:30 INFO     Evaluating on Valid Dataset...
2025-12-04 17:51:30 INFO     >>>>> RuleE emb: Evaluating on valid
2025-12-04 17:51:40 INFO     Data : 4274
2025-12-04 17:51:40 INFO     Hit1 : 0.544455
2025-12-04 17:51:40 INFO     Hit3 : 0.783107
2025-12-04 17:51:40 INFO     Hit10: 0.942911
2025-12-04 17:51:40 INFO     MR   : 3.372251
2025-12-04 17:51:40 INFO     MRR  : 0.681625
2025-12-04 17:52:32 INFO     Training average positive_fact_loss at step 22100: 0.299409
2025-12-04 17:52:32 INFO     Training average negative_fact_loss at step 22100: 0.277004
2025-12-04 17:52:32 INFO     Training average positive_rule_loss at step 22100: 1.569457
2025-12-04 17:52:32 INFO     Training average negative_rule_loss at step 22100: 2.410632
2025-12-04 17:52:32 INFO     Training average L_uncertainty at step 22100: 23.993779
2025-12-04 17:52:32 INFO     Training average L_kl at step 22100: 23933.501777
2025-12-04 17:52:32 INFO     Training average L_sigma at step 22100: 6.027591
2025-12-04 17:52:32 INFO     Training average mu_mean at step 22100: -0.930950
2025-12-04 17:52:32 INFO     Training average sigma_mean at step 22100: 0.127696
2025-12-04 17:52:32 INFO     Training average regularization at step 22100: 0.006302
2025-12-04 17:52:32 INFO     Training average loss at step 22100: 2.524491
2025-12-04 17:53:27 INFO     Training average positive_fact_loss at step 22200: 0.299074
2025-12-04 17:53:27 INFO     Training average negative_fact_loss at step 22200: 0.276819
2025-12-04 17:53:27 INFO     Training average positive_rule_loss at step 22200: 1.566333
2025-12-04 17:53:27 INFO     Training average negative_rule_loss at step 22200: 2.416019
2025-12-04 17:53:27 INFO     Training average L_uncertainty at step 22200: 23.967627
2025-12-04 17:53:27 INFO     Training average L_kl at step 22200: 23907.305957
2025-12-04 17:53:27 INFO     Training average L_sigma at step 22200: 6.031950
2025-12-04 17:53:27 INFO     Training average mu_mean at step 22200: -0.929588
2025-12-04 17:53:27 INFO     Training average sigma_mean at step 22200: 0.127696
2025-12-04 17:53:27 INFO     Training average regularization at step 22200: 0.006301
2025-12-04 17:53:27 INFO     Training average loss at step 22200: 2.525100
2025-12-04 17:54:22 INFO     Training average positive_fact_loss at step 22300: 0.298877
2025-12-04 17:54:22 INFO     Training average negative_fact_loss at step 22300: 0.277221
2025-12-04 17:54:22 INFO     Training average positive_rule_loss at step 22300: 1.570993
2025-12-04 17:54:22 INFO     Training average negative_rule_loss at step 22300: 2.408993
2025-12-04 17:54:22 INFO     Training average L_uncertainty at step 22300: 23.970359
2025-12-04 17:54:22 INFO     Training average L_kl at step 22300: 23910.302031
2025-12-04 17:54:22 INFO     Training average L_sigma at step 22300: 6.005604
2025-12-04 17:54:22 INFO     Training average mu_mean at step 22300: -0.929145
2025-12-04 17:54:22 INFO     Training average sigma_mean at step 22300: 0.127693
2025-12-04 17:54:22 INFO     Training average regularization at step 22300: 0.006305
2025-12-04 17:54:22 INFO     Training average loss at step 22300: 2.524050
2025-12-04 17:55:22 INFO     Training average positive_fact_loss at step 22400: 0.299102
2025-12-04 17:55:22 INFO     Training average negative_fact_loss at step 22400: 0.277012
2025-12-04 17:55:22 INFO     Training average positive_rule_loss at step 22400: 1.565956
2025-12-04 17:55:22 INFO     Training average negative_rule_loss at step 22400: 2.418121
2025-12-04 17:55:22 INFO     Training average L_uncertainty at step 22400: 23.895761
2025-12-04 17:55:22 INFO     Training average L_kl at step 22400: 23835.330332
2025-12-04 17:55:22 INFO     Training average L_sigma at step 22400: 6.042948
2025-12-04 17:55:22 INFO     Training average mu_mean at step 22400: -0.924028
2025-12-04 17:55:22 INFO     Training average sigma_mean at step 22400: 0.127697
2025-12-04 17:55:22 INFO     Training average regularization at step 22400: 0.006305
2025-12-04 17:55:22 INFO     Training average loss at step 22400: 2.525358
2025-12-04 17:56:18 INFO     Training average positive_fact_loss at step 22500: 0.298984
2025-12-04 17:56:18 INFO     Training average negative_fact_loss at step 22500: 0.277166
2025-12-04 17:56:18 INFO     Training average positive_rule_loss at step 22500: 1.569243
2025-12-04 17:56:18 INFO     Training average negative_rule_loss at step 22500: 2.411878
2025-12-04 17:56:18 INFO     Training average L_uncertainty at step 22500: 23.901523
2025-12-04 17:56:18 INFO     Training average L_kl at step 22500: 23841.424531
2025-12-04 17:56:18 INFO     Training average L_sigma at step 22500: 6.009740
2025-12-04 17:56:18 INFO     Training average mu_mean at step 22500: -0.924206
2025-12-04 17:56:18 INFO     Training average sigma_mean at step 22500: 0.127694
2025-12-04 17:56:18 INFO     Training average regularization at step 22500: 0.006304
2025-12-04 17:56:18 INFO     Training average loss at step 22500: 2.523955
2025-12-04 17:57:18 INFO     Training average positive_fact_loss at step 22600: 0.299424
2025-12-04 17:57:18 INFO     Training average negative_fact_loss at step 22600: 0.277069
2025-12-04 17:57:18 INFO     Training average positive_rule_loss at step 22600: 1.571907
2025-12-04 17:57:18 INFO     Training average negative_rule_loss at step 22600: 2.406819
2025-12-04 17:57:18 INFO     Training average L_uncertainty at step 22600: 23.910600
2025-12-04 17:57:18 INFO     Training average L_kl at step 22600: 23850.481152
2025-12-04 17:57:18 INFO     Training average L_sigma at step 22600: 6.011752
2025-12-04 17:57:18 INFO     Training average mu_mean at step 22600: -0.924158
2025-12-04 17:57:18 INFO     Training average sigma_mean at step 22600: 0.127693
2025-12-04 17:57:18 INFO     Training average regularization at step 22600: 0.006302
2025-12-04 17:57:18 INFO     Training average loss at step 22600: 2.523017
2025-12-04 17:58:13 INFO     Training average positive_fact_loss at step 22700: 0.299131
2025-12-04 17:58:13 INFO     Training average negative_fact_loss at step 22700: 0.277085
2025-12-04 17:58:13 INFO     Training average positive_rule_loss at step 22700: 1.571113
2025-12-04 17:58:13 INFO     Training average negative_rule_loss at step 22700: 2.408238
2025-12-04 17:58:13 INFO     Training average L_uncertainty at step 22700: 23.892493
2025-12-04 17:58:13 INFO     Training average L_kl at step 22700: 23832.280547
2025-12-04 17:58:13 INFO     Training average L_sigma at step 22700: 6.021101
2025-12-04 17:58:13 INFO     Training average mu_mean at step 22700: -0.921392
2025-12-04 17:58:13 INFO     Training average sigma_mean at step 22700: 0.127695
2025-12-04 17:58:13 INFO     Training average regularization at step 22700: 0.006302
2025-12-04 17:58:13 INFO     Training average loss at step 22700: 2.523011
2025-12-04 17:59:04 INFO     Training average positive_fact_loss at step 22800: 0.299047
2025-12-04 17:59:04 INFO     Training average negative_fact_loss at step 22800: 0.277150
2025-12-04 17:59:04 INFO     Training average positive_rule_loss at step 22800: 1.572407
2025-12-04 17:59:04 INFO     Training average negative_rule_loss at step 22800: 2.407753
2025-12-04 17:59:04 INFO     Training average L_uncertainty at step 22800: 23.863844
2025-12-04 17:59:04 INFO     Training average L_kl at step 22800: 23803.652363
2025-12-04 17:59:04 INFO     Training average L_sigma at step 22800: 6.019082
2025-12-04 17:59:04 INFO     Training average mu_mean at step 22800: -0.919131
2025-12-04 17:59:04 INFO     Training average sigma_mean at step 22800: 0.127695
2025-12-04 17:59:04 INFO     Training average regularization at step 22800: 0.006304
2025-12-04 17:59:04 INFO     Training average loss at step 22800: 2.523122
2025-12-04 18:00:00 INFO     Training average positive_fact_loss at step 22900: 0.298735
2025-12-04 18:00:00 INFO     Training average negative_fact_loss at step 22900: 0.276989
2025-12-04 18:00:00 INFO     Training average positive_rule_loss at step 22900: 1.572437
2025-12-04 18:00:00 INFO     Training average negative_rule_loss at step 22900: 2.406756
2025-12-04 18:00:00 INFO     Training average L_uncertainty at step 22900: 23.852803
2025-12-04 18:00:00 INFO     Training average L_kl at step 22900: 23792.754375
2025-12-04 18:00:00 INFO     Training average L_sigma at step 22900: 6.004790
2025-12-04 18:00:00 INFO     Training average mu_mean at step 22900: -0.917538
2025-12-04 18:00:00 INFO     Training average sigma_mean at step 22900: 0.127693
2025-12-04 18:00:00 INFO     Training average regularization at step 22900: 0.006304
2025-12-04 18:00:00 INFO     Training average loss at step 22900: 2.522291
2025-12-04 18:01:00 INFO     Training average positive_fact_loss at step 23000: 0.299451
2025-12-04 18:01:00 INFO     Training average negative_fact_loss at step 23000: 0.276981
2025-12-04 18:01:00 INFO     Training average positive_rule_loss at step 23000: 1.569279
2025-12-04 18:01:00 INFO     Training average negative_rule_loss at step 23000: 2.413526
2025-12-04 18:01:00 INFO     Training average L_uncertainty at step 23000: 23.776714
2025-12-04 18:01:00 INFO     Training average L_kl at step 23000: 23716.504434
2025-12-04 18:01:00 INFO     Training average L_sigma at step 23000: 6.020795
2025-12-04 18:01:00 INFO     Training average mu_mean at step 23000: -0.912223
2025-12-04 18:01:00 INFO     Training average sigma_mean at step 23000: 0.127695
2025-12-04 18:01:00 INFO     Training average regularization at step 23000: 0.006302
2025-12-04 18:01:00 INFO     Training average loss at step 23000: 2.523688
2025-12-04 18:01:00 INFO     Evaluating on Valid Dataset...
2025-12-04 18:01:00 INFO     >>>>> RuleE emb: Evaluating on valid
2025-12-04 18:01:10 INFO     Data : 4274
2025-12-04 18:01:10 INFO     Hit1 : 0.546795
2025-12-04 18:01:10 INFO     Hit3 : 0.781469
2025-12-04 18:01:10 INFO     Hit10: 0.941975
2025-12-04 18:01:10 INFO     MR   : 3.379270
2025-12-04 18:01:10 INFO     MRR  : 0.682511
2025-12-04 18:02:05 INFO     Training average positive_fact_loss at step 23100: 0.298247
2025-12-04 18:02:05 INFO     Training average negative_fact_loss at step 23100: 0.277109
2025-12-04 18:02:05 INFO     Training average positive_rule_loss at step 23100: 1.574745
2025-12-04 18:02:05 INFO     Training average negative_rule_loss at step 23100: 2.403230
2025-12-04 18:02:05 INFO     Training average L_uncertainty at step 23100: 23.809208
2025-12-04 18:02:05 INFO     Training average L_kl at step 23100: 23748.915234
2025-12-04 18:02:05 INFO     Training average L_sigma at step 23100: 6.029143
2025-12-04 18:02:05 INFO     Training average mu_mean at step 23100: -0.914921
2025-12-04 18:02:05 INFO     Training average sigma_mean at step 23100: 0.127696
2025-12-04 18:02:05 INFO     Training average regularization at step 23100: 0.006303
2025-12-04 18:02:05 INFO     Training average loss at step 23100: 2.521060
2025-12-04 18:03:05 INFO     Training average positive_fact_loss at step 23200: 0.299773
2025-12-04 18:03:05 INFO     Training average negative_fact_loss at step 23200: 0.276823
2025-12-04 18:03:05 INFO     Training average positive_rule_loss at step 23200: 1.572420
2025-12-04 18:03:05 INFO     Training average negative_rule_loss at step 23200: 2.407843
2025-12-04 18:03:05 INFO     Training average L_uncertainty at step 23200: 23.755302
2025-12-04 18:03:05 INFO     Training average L_kl at step 23200: 23695.093711
2025-12-04 18:03:05 INFO     Training average L_sigma at step 23200: 6.020725
2025-12-04 18:03:05 INFO     Training average mu_mean at step 23200: -0.909572
2025-12-04 18:03:05 INFO     Training average sigma_mean at step 23200: 0.127695
2025-12-04 18:03:05 INFO     Training average regularization at step 23200: 0.006307
2025-12-04 18:03:05 INFO     Training average loss at step 23200: 2.522290
2025-12-04 18:04:01 INFO     Training average positive_fact_loss at step 23300: 0.298490
2025-12-04 18:04:01 INFO     Training average negative_fact_loss at step 23300: 0.277064
2025-12-04 18:04:01 INFO     Training average positive_rule_loss at step 23300: 1.576599
2025-12-04 18:04:01 INFO     Training average negative_rule_loss at step 23300: 2.402469
2025-12-04 18:04:01 INFO     Training average L_uncertainty at step 23300: 23.772727
2025-12-04 18:04:01 INFO     Training average L_kl at step 23300: 23712.569258
2025-12-04 18:04:01 INFO     Training average L_sigma at step 23300: 6.015637
2025-12-04 18:04:01 INFO     Training average mu_mean at step 23300: -0.911130
2025-12-04 18:04:01 INFO     Training average sigma_mean at step 23300: 0.127694
2025-12-04 18:04:01 INFO     Training average regularization at step 23300: 0.006306
2025-12-04 18:04:01 INFO     Training average loss at step 23300: 2.521344
2025-12-04 18:04:56 INFO     Training average positive_fact_loss at step 23400: 0.298938
2025-12-04 18:04:56 INFO     Training average negative_fact_loss at step 23400: 0.276693
2025-12-04 18:04:56 INFO     Training average positive_rule_loss at step 23400: 1.577902
2025-12-04 18:04:56 INFO     Training average negative_rule_loss at step 23400: 2.400900
2025-12-04 18:04:56 INFO     Training average L_uncertainty at step 23400: 23.729167
2025-12-04 18:04:56 INFO     Training average L_kl at step 23400: 23668.709863
2025-12-04 18:04:56 INFO     Training average L_sigma at step 23400: 6.045638
2025-12-04 18:04:56 INFO     Training average mu_mean at step 23400: -0.907561
2025-12-04 18:04:56 INFO     Training average sigma_mean at step 23400: 0.127698
2025-12-04 18:04:56 INFO     Training average regularization at step 23400: 0.006307
2025-12-04 18:04:56 INFO     Training average loss at step 23400: 2.520815
2025-12-04 18:05:47 INFO     Training average positive_fact_loss at step 23500: 0.298868
2025-12-04 18:05:47 INFO     Training average negative_fact_loss at step 23500: 0.277068
2025-12-04 18:05:47 INFO     Training average positive_rule_loss at step 23500: 1.576896
2025-12-04 18:05:47 INFO     Training average negative_rule_loss at step 23500: 2.403830
2025-12-04 18:05:47 INFO     Training average L_uncertainty at step 23500: 23.724803
2025-12-04 18:05:47 INFO     Training average L_kl at step 23500: 23664.681406
2025-12-04 18:05:47 INFO     Training average L_sigma at step 23500: 6.012007
2025-12-04 18:05:47 INFO     Training average mu_mean at step 23500: -0.907136
2025-12-04 18:05:47 INFO     Training average sigma_mean at step 23500: 0.127693
2025-12-04 18:05:47 INFO     Training average regularization at step 23500: 0.006309
2025-12-04 18:05:47 INFO     Training average loss at step 23500: 2.521888
2025-12-04 18:06:47 INFO     Training average positive_fact_loss at step 23600: 0.298560
2025-12-04 18:06:47 INFO     Training average negative_fact_loss at step 23600: 0.276763
2025-12-04 18:06:47 INFO     Training average positive_rule_loss at step 23600: 1.576445
2025-12-04 18:06:47 INFO     Training average negative_rule_loss at step 23600: 2.403457
2025-12-04 18:06:47 INFO     Training average L_uncertainty at step 23600: 23.699348
2025-12-04 18:06:47 INFO     Training average L_kl at step 23600: 23639.283730
2025-12-04 18:06:47 INFO     Training average L_sigma at step 23600: 6.006325
2025-12-04 18:06:47 INFO     Training average mu_mean at step 23600: -0.904721
2025-12-04 18:06:47 INFO     Training average sigma_mean at step 23600: 0.127693
2025-12-04 18:06:47 INFO     Training average regularization at step 23600: 0.006310
2025-12-04 18:06:47 INFO     Training average loss at step 23600: 2.520916
2025-12-04 18:07:43 INFO     Training average positive_fact_loss at step 23700: 0.299217
2025-12-04 18:07:43 INFO     Training average negative_fact_loss at step 23700: 0.277477
2025-12-04 18:07:43 INFO     Training average positive_rule_loss at step 23700: 1.573797
2025-12-04 18:07:43 INFO     Training average negative_rule_loss at step 23700: 2.407017
2025-12-04 18:07:43 INFO     Training average L_uncertainty at step 23700: 23.640501
2025-12-04 18:07:43 INFO     Training average L_kl at step 23700: 23580.175469
2025-12-04 18:07:43 INFO     Training average L_sigma at step 23700: 6.032462
2025-12-04 18:07:43 INFO     Training average mu_mean at step 23700: -0.899915
2025-12-04 18:07:43 INFO     Training average sigma_mean at step 23700: 0.127696
2025-12-04 18:07:43 INFO     Training average regularization at step 23700: 0.006310
2025-12-04 18:07:43 INFO     Training average loss at step 23700: 2.521469
2025-12-04 18:08:43 INFO     Training average positive_fact_loss at step 23800: 0.299316
2025-12-04 18:08:43 INFO     Training average negative_fact_loss at step 23800: 0.276936
2025-12-04 18:08:43 INFO     Training average positive_rule_loss at step 23800: 1.580569
2025-12-04 18:08:43 INFO     Training average negative_rule_loss at step 23800: 2.398861
2025-12-04 18:08:43 INFO     Training average L_uncertainty at step 23800: 23.663274
2025-12-04 18:08:43 INFO     Training average L_kl at step 23800: 23603.100078
2025-12-04 18:08:43 INFO     Training average L_sigma at step 23800: 6.017259
2025-12-04 18:08:43 INFO     Training average mu_mean at step 23800: -0.902168
2025-12-04 18:08:43 INFO     Training average sigma_mean at step 23800: 0.127695
2025-12-04 18:08:43 INFO     Training average regularization at step 23800: 0.006310
2025-12-04 18:08:43 INFO     Training average loss at step 23800: 2.520783
2025-12-04 18:09:38 INFO     Training average positive_fact_loss at step 23900: 0.298867
2025-12-04 18:09:38 INFO     Training average negative_fact_loss at step 23900: 0.277008
2025-12-04 18:09:38 INFO     Training average positive_rule_loss at step 23900: 1.577407
2025-12-04 18:09:38 INFO     Training average negative_rule_loss at step 23900: 2.401632
2025-12-04 18:09:38 INFO     Training average L_uncertainty at step 23900: 23.593126
2025-12-04 18:09:38 INFO     Training average L_kl at step 23900: 23532.999961
2025-12-04 18:09:38 INFO     Training average L_sigma at step 23900: 6.012487
2025-12-04 18:09:38 INFO     Training average mu_mean at step 23900: -0.896474
2025-12-04 18:09:38 INFO     Training average sigma_mean at step 23900: 0.127694
2025-12-04 18:09:38 INFO     Training average regularization at step 23900: 0.006309
2025-12-04 18:09:38 INFO     Training average loss at step 23900: 2.519698
2025-12-04 18:10:38 INFO     Training average positive_fact_loss at step 24000: 0.299187
2025-12-04 18:10:38 INFO     Training average negative_fact_loss at step 24000: 0.277004
2025-12-04 18:10:38 INFO     Training average positive_rule_loss at step 24000: 1.581148
2025-12-04 18:10:38 INFO     Training average negative_rule_loss at step 24000: 2.397520
2025-12-04 18:10:38 INFO     Training average L_uncertainty at step 24000: 23.631148
2025-12-04 18:10:38 INFO     Training average L_kl at step 24000: 23570.970566
2025-12-04 18:10:38 INFO     Training average L_sigma at step 24000: 6.017604
2025-12-04 18:10:38 INFO     Training average mu_mean at step 24000: -0.898210
2025-12-04 18:10:38 INFO     Training average sigma_mean at step 24000: 0.127694
2025-12-04 18:10:38 INFO     Training average regularization at step 24000: 0.006312
2025-12-04 18:10:38 INFO     Training average loss at step 24000: 2.520054
2025-12-04 18:10:38 INFO     Evaluating on Valid Dataset...
2025-12-04 18:10:38 INFO     >>>>> RuleE emb: Evaluating on valid
2025-12-04 18:10:48 INFO     Data : 4274
2025-12-04 18:10:48 INFO     Hit1 : 0.545157
2025-12-04 18:10:48 INFO     Hit3 : 0.781001
2025-12-04 18:10:48 INFO     Hit10: 0.941741
2025-12-04 18:10:48 INFO     MR   : 3.375760
2025-12-04 18:10:48 INFO     MRR  : 0.681592
2025-12-04 18:11:34 INFO     Training average positive_fact_loss at step 24100: 0.299172
2025-12-04 18:11:34 INFO     Training average negative_fact_loss at step 24100: 0.277093
2025-12-04 18:11:34 INFO     Training average positive_rule_loss at step 24100: 1.577302
2025-12-04 18:11:34 INFO     Training average negative_rule_loss at step 24100: 2.401902
2025-12-04 18:11:34 INFO     Training average L_uncertainty at step 24100: 23.579377
2025-12-04 18:11:34 INFO     Training average L_kl at step 24100: 23519.130254
2025-12-04 18:11:34 INFO     Training average L_sigma at step 24100: 6.024522
2025-12-04 18:11:34 INFO     Training average mu_mean at step 24100: -0.893721
2025-12-04 18:11:34 INFO     Training average sigma_mean at step 24100: 0.127695
2025-12-04 18:11:34 INFO     Training average regularization at step 24100: 0.006309
2025-12-04 18:11:34 INFO     Training average loss at step 24100: 2.519837
2025-12-04 18:12:34 INFO     Training average positive_fact_loss at step 24200: 0.299185
2025-12-04 18:12:34 INFO     Training average negative_fact_loss at step 24200: 0.277020
2025-12-04 18:12:34 INFO     Training average positive_rule_loss at step 24200: 1.578521
2025-12-04 18:12:34 INFO     Training average negative_rule_loss at step 24200: 2.401356
2025-12-04 18:12:34 INFO     Training average L_uncertainty at step 24200: 23.575155
2025-12-04 18:12:34 INFO     Training average L_kl at step 24200: 23514.971992
2025-12-04 18:12:34 INFO     Training average L_sigma at step 24200: 6.018181
2025-12-04 18:12:34 INFO     Training average mu_mean at step 24200: -0.893009
2025-12-04 18:12:34 INFO     Training average sigma_mean at step 24200: 0.127695
2025-12-04 18:12:34 INFO     Training average regularization at step 24200: 0.006309
2025-12-04 18:12:34 INFO     Training average loss at step 24200: 2.520102
2025-12-04 18:13:30 INFO     Training average positive_fact_loss at step 24300: 0.298981
2025-12-04 18:13:30 INFO     Training average negative_fact_loss at step 24300: 0.277018
2025-12-04 18:13:30 INFO     Training average positive_rule_loss at step 24300: 1.579563
2025-12-04 18:13:30 INFO     Training average negative_rule_loss at step 24300: 2.399588
2025-12-04 18:13:30 INFO     Training average L_uncertainty at step 24300: 23.517216
2025-12-04 18:13:30 INFO     Training average L_kl at step 24300: 23456.938066
2025-12-04 18:13:30 INFO     Training average L_sigma at step 24300: 6.027712
2025-12-04 18:13:30 INFO     Training average mu_mean at step 24300: -0.888252
2025-12-04 18:13:30 INFO     Training average sigma_mean at step 24300: 0.127696
2025-12-04 18:13:30 INFO     Training average regularization at step 24300: 0.006309
2025-12-04 18:13:30 INFO     Training average loss at step 24300: 2.519056
2025-12-04 18:14:30 INFO     Training average positive_fact_loss at step 24400: 0.298783
2025-12-04 18:14:30 INFO     Training average negative_fact_loss at step 24400: 0.276951
2025-12-04 18:14:30 INFO     Training average positive_rule_loss at step 24400: 1.580037
2025-12-04 18:14:30 INFO     Training average negative_rule_loss at step 24400: 2.400113
2025-12-04 18:14:30 INFO     Training average L_uncertainty at step 24400: 23.510202
2025-12-04 18:14:30 INFO     Training average L_kl at step 24400: 23449.882422
2025-12-04 18:14:30 INFO     Training average L_sigma at step 24400: 6.031863
2025-12-04 18:14:30 INFO     Training average mu_mean at step 24400: -0.887548
2025-12-04 18:14:30 INFO     Training average sigma_mean at step 24400: 0.127697
2025-12-04 18:14:30 INFO     Training average regularization at step 24400: 0.006312
2025-12-04 18:14:30 INFO     Training average loss at step 24400: 2.519356
2025-12-04 18:15:25 INFO     Training average positive_fact_loss at step 24500: 0.299202
2025-12-04 18:15:25 INFO     Training average negative_fact_loss at step 24500: 0.277071
2025-12-04 18:15:25 INFO     Training average positive_rule_loss at step 24500: 1.581771
2025-12-04 18:15:25 INFO     Training average negative_rule_loss at step 24500: 2.397380
2025-12-04 18:15:25 INFO     Training average L_uncertainty at step 24500: 23.512967
2025-12-04 18:15:25 INFO     Training average L_kl at step 24500: 23452.882852
2025-12-04 18:15:25 INFO     Training average L_sigma at step 24500: 6.008307
2025-12-04 18:15:25 INFO     Training average mu_mean at step 24500: -0.887574
2025-12-04 18:15:25 INFO     Training average sigma_mean at step 24500: 0.127693
2025-12-04 18:15:25 INFO     Training average regularization at step 24500: 0.006311
2025-12-04 18:15:25 INFO     Training average loss at step 24500: 2.519152
2025-12-04 18:16:25 INFO     Training average positive_fact_loss at step 24600: 0.299394
2025-12-04 18:16:25 INFO     Training average negative_fact_loss at step 24600: 0.277230
2025-12-04 18:16:25 INFO     Training average positive_rule_loss at step 24600: 1.585220
2025-12-04 18:16:25 INFO     Training average negative_rule_loss at step 24600: 2.391434
2025-12-04 18:16:25 INFO     Training average L_uncertainty at step 24600: 23.489904
2025-12-04 18:16:25 INFO     Training average L_kl at step 24600: 23429.621758
2025-12-04 18:16:25 INFO     Training average L_sigma at step 24600: 6.028171
2025-12-04 18:16:25 INFO     Training average mu_mean at step 24600: -0.885031
2025-12-04 18:16:25 INFO     Training average sigma_mean at step 24600: 0.127696
2025-12-04 18:16:25 INFO     Training average regularization at step 24600: 0.006310
2025-12-04 18:16:25 INFO     Training average loss at step 24600: 2.517848
2025-12-04 18:17:17 INFO     Training average positive_fact_loss at step 24700: 0.298829
2025-12-04 18:17:17 INFO     Training average negative_fact_loss at step 24700: 0.277048
2025-12-04 18:17:17 INFO     Training average positive_rule_loss at step 24700: 1.581353
2025-12-04 18:17:17 INFO     Training average negative_rule_loss at step 24700: 2.396186
2025-12-04 18:17:17 INFO     Training average L_uncertainty at step 24700: 23.480255
2025-12-04 18:17:17 INFO     Training average L_kl at step 24700: 23420.171934
2025-12-04 18:17:17 INFO     Training average L_sigma at step 24700: 6.008208
2025-12-04 18:17:17 INFO     Training average mu_mean at step 24700: -0.884153
2025-12-04 18:17:17 INFO     Training average sigma_mean at step 24700: 0.127693
2025-12-04 18:17:17 INFO     Training average regularization at step 24700: 0.006310
2025-12-04 18:17:17 INFO     Training average loss at step 24700: 2.517821
2025-12-04 18:18:12 INFO     Training average positive_fact_loss at step 24800: 0.298801
2025-12-04 18:18:12 INFO     Training average negative_fact_loss at step 24800: 0.276867
2025-12-04 18:18:12 INFO     Training average positive_rule_loss at step 24800: 1.587484
2025-12-04 18:18:12 INFO     Training average negative_rule_loss at step 24800: 2.390356
2025-12-04 18:18:12 INFO     Training average L_uncertainty at step 24800: 23.446501
2025-12-04 18:18:12 INFO     Training average L_kl at step 24800: 23386.321621
2025-12-04 18:18:12 INFO     Training average L_sigma at step 24800: 6.017856
2025-12-04 18:18:12 INFO     Training average mu_mean at step 24800: -0.880778
2025-12-04 18:18:12 INFO     Training average sigma_mean at step 24800: 0.127695
2025-12-04 18:18:12 INFO     Training average regularization at step 24800: 0.006311
2025-12-04 18:18:12 INFO     Training average loss at step 24800: 2.517530
2025-12-04 18:19:08 INFO     Training average positive_fact_loss at step 24900: 0.299192
2025-12-04 18:19:08 INFO     Training average negative_fact_loss at step 24900: 0.277112
2025-12-04 18:19:08 INFO     Training average positive_rule_loss at step 24900: 1.581801
2025-12-04 18:19:08 INFO     Training average negative_rule_loss at step 24900: 2.396330
2025-12-04 18:19:08 INFO     Training average L_uncertainty at step 24900: 23.414271
2025-12-04 18:19:08 INFO     Training average L_kl at step 24900: 23354.202148
2025-12-04 18:19:08 INFO     Training average L_sigma at step 24900: 6.006774
2025-12-04 18:19:08 INFO     Training average mu_mean at step 24900: -0.877890
2025-12-04 18:19:08 INFO     Training average sigma_mean at step 24900: 0.127693
2025-12-04 18:19:08 INFO     Training average regularization at step 24900: 0.006311
2025-12-04 18:19:08 INFO     Training average loss at step 24900: 2.517672
2025-12-04 18:20:08 INFO     Training average positive_fact_loss at step 25000: 0.298744
2025-12-04 18:20:08 INFO     Training average negative_fact_loss at step 25000: 0.276883
2025-12-04 18:20:08 INFO     Training average positive_rule_loss at step 25000: 1.587185
2025-12-04 18:20:08 INFO     Training average negative_rule_loss at step 25000: 2.391055
2025-12-04 18:20:08 INFO     Training average L_uncertainty at step 25000: 23.412044
2025-12-04 18:20:08 INFO     Training average L_kl at step 25000: 23351.799023
2025-12-04 18:20:08 INFO     Training average L_sigma at step 25000: 6.024356
2025-12-04 18:20:08 INFO     Training average mu_mean at step 25000: -0.878147
2025-12-04 18:20:08 INFO     Training average sigma_mean at step 25000: 0.127696
2025-12-04 18:20:08 INFO     Training average regularization at step 25000: 0.006314
2025-12-04 18:20:08 INFO     Training average loss at step 25000: 2.517368
2025-12-04 18:20:08 INFO     Evaluating on Valid Dataset...
2025-12-04 18:20:08 INFO     >>>>> RuleE emb: Evaluating on valid
2025-12-04 18:20:18 INFO     Data : 4274
2025-12-04 18:20:18 INFO     Hit1 : 0.546561
2025-12-04 18:20:18 INFO     Hit3 : 0.781937
2025-12-04 18:20:18 INFO     Hit10: 0.942443
2025-12-04 18:20:18 INFO     MR   : 3.376228
2025-12-04 18:20:18 INFO     MRR  : 0.682641
2025-12-04 18:21:14 INFO     Training average positive_fact_loss at step 25100: 0.298867
2025-12-04 18:21:14 INFO     Training average negative_fact_loss at step 25100: 0.276922
2025-12-04 18:21:14 INFO     Training average positive_rule_loss at step 25100: 1.586544
2025-12-04 18:21:14 INFO     Training average negative_rule_loss at step 25100: 2.390517
2025-12-04 18:21:14 INFO     Training average L_uncertainty at step 25100: 23.366317
2025-12-04 18:21:14 INFO     Training average L_kl at step 25100: 23306.035547
2025-12-04 18:21:14 INFO     Training average L_sigma at step 25100: 6.027978
2025-12-04 18:21:14 INFO     Training average mu_mean at step 25100: -0.874768
2025-12-04 18:21:14 INFO     Training average sigma_mean at step 25100: 0.127696
2025-12-04 18:21:14 INFO     Training average regularization at step 25100: 0.006315
2025-12-04 18:21:14 INFO     Training average loss at step 25100: 2.516404
2025-12-04 18:22:14 INFO     Training average positive_fact_loss at step 25200: 0.298952
2025-12-04 18:22:14 INFO     Training average negative_fact_loss at step 25200: 0.277083
2025-12-04 18:22:14 INFO     Training average positive_rule_loss at step 25200: 1.584019
2025-12-04 18:22:14 INFO     Training average negative_rule_loss at step 25200: 2.393583
2025-12-04 18:22:14 INFO     Training average L_uncertainty at step 25200: 23.340346
2025-12-04 18:22:14 INFO     Training average L_kl at step 25200: 23280.180195
2025-12-04 18:22:14 INFO     Training average L_sigma at step 25200: 6.016415
2025-12-04 18:22:14 INFO     Training average mu_mean at step 25200: -0.871003
2025-12-04 18:22:14 INFO     Training average sigma_mean at step 25200: 0.127695
2025-12-04 18:22:14 INFO     Training average regularization at step 25200: 0.006316
2025-12-04 18:22:14 INFO     Training average loss at step 25200: 2.516538
2025-12-04 18:23:09 INFO     Training average positive_fact_loss at step 25300: 0.299324
2025-12-04 18:23:09 INFO     Training average negative_fact_loss at step 25300: 0.277056
2025-12-04 18:23:09 INFO     Training average positive_rule_loss at step 25300: 1.589612
2025-12-04 18:23:09 INFO     Training average negative_rule_loss at step 25300: 2.386681
2025-12-04 18:23:09 INFO     Training average L_uncertainty at step 25300: 23.362066
2025-12-04 18:23:09 INFO     Training average L_kl at step 25300: 23301.792363
2025-12-04 18:23:09 INFO     Training average L_sigma at step 25300: 6.027264
2025-12-04 18:23:09 INFO     Training average mu_mean at step 25300: -0.872201
2025-12-04 18:23:09 INFO     Training average sigma_mean at step 25300: 0.127696
2025-12-04 18:23:09 INFO     Training average regularization at step 25300: 0.006314
2025-12-04 18:23:09 INFO     Training average loss at step 25300: 2.516271
2025-12-04 18:24:00 INFO     Training average positive_fact_loss at step 25400: 0.299036
2025-12-04 18:24:00 INFO     Training average negative_fact_loss at step 25400: 0.276909
2025-12-04 18:24:00 INFO     Training average positive_rule_loss at step 25400: 1.583590
2025-12-04 18:24:00 INFO     Training average negative_rule_loss at step 25400: 2.395966
2025-12-04 18:24:00 INFO     Training average L_uncertainty at step 25400: 23.298419
2025-12-04 18:24:00 INFO     Training average L_kl at step 25400: 23238.208574
2025-12-04 18:24:00 INFO     Training average L_sigma at step 25400: 6.020941
2025-12-04 18:24:00 INFO     Training average mu_mean at step 25400: -0.867166
2025-12-04 18:24:00 INFO     Training average sigma_mean at step 25400: 0.127695
2025-12-04 18:24:00 INFO     Training average regularization at step 25400: 0.006312
2025-12-04 18:24:00 INFO     Training average loss at step 25400: 2.517047
2025-12-04 18:24:55 INFO     Training average positive_fact_loss at step 25500: 0.299056
2025-12-04 18:24:55 INFO     Training average negative_fact_loss at step 25500: 0.277063
2025-12-04 18:24:55 INFO     Training average positive_rule_loss at step 25500: 1.587757
2025-12-04 18:24:55 INFO     Training average negative_rule_loss at step 25500: 2.388169
2025-12-04 18:24:55 INFO     Training average L_uncertainty at step 25500: 23.293325
2025-12-04 18:24:55 INFO     Training average L_kl at step 25500: 23233.123633
2025-12-04 18:24:55 INFO     Training average L_sigma at step 25500: 6.020055
2025-12-04 18:24:55 INFO     Training average mu_mean at step 25500: -0.866388
2025-12-04 18:24:55 INFO     Training average sigma_mean at step 25500: 0.127694
2025-12-04 18:24:55 INFO     Training average regularization at step 25500: 0.006314
2025-12-04 18:24:55 INFO     Training average loss at step 25500: 2.515270
2025-12-04 18:25:55 INFO     Training average positive_fact_loss at step 25600: 0.298886
2025-12-04 18:25:55 INFO     Training average negative_fact_loss at step 25600: 0.277238
2025-12-04 18:25:55 INFO     Training average positive_rule_loss at step 25600: 1.587280
2025-12-04 18:25:55 INFO     Training average negative_rule_loss at step 25600: 2.391864
2025-12-04 18:25:55 INFO     Training average L_uncertainty at step 25600: 23.269916
2025-12-04 18:25:55 INFO     Training average L_kl at step 25600: 23209.727070
2025-12-04 18:25:55 INFO     Training average L_sigma at step 25600: 6.018779
2025-12-04 18:25:55 INFO     Training average mu_mean at step 25600: -0.864037
2025-12-04 18:25:55 INFO     Training average sigma_mean at step 25600: 0.127695
2025-12-04 18:25:55 INFO     Training average regularization at step 25600: 0.006315
2025-12-04 18:25:55 INFO     Training average loss at step 25600: 2.516648
2025-12-04 18:26:51 INFO     Training average positive_fact_loss at step 25700: 0.298967
2025-12-04 18:26:51 INFO     Training average negative_fact_loss at step 25700: 0.277150
2025-12-04 18:26:51 INFO     Training average positive_rule_loss at step 25700: 1.586011
2025-12-04 18:26:51 INFO     Training average negative_rule_loss at step 25700: 2.391405
2025-12-04 18:26:51 INFO     Training average L_uncertainty at step 25700: 23.237809
2025-12-04 18:26:51 INFO     Training average L_kl at step 25700: 23177.611309
2025-12-04 18:26:51 INFO     Training average L_sigma at step 25700: 6.019668
2025-12-04 18:26:51 INFO     Training average mu_mean at step 25700: -0.861843
2025-12-04 18:26:51 INFO     Training average sigma_mean at step 25700: 0.127695
2025-12-04 18:26:51 INFO     Training average regularization at step 25700: 0.006317
2025-12-04 18:26:51 INFO     Training average loss at step 25700: 2.515461
2025-12-04 18:27:51 INFO     Training average positive_fact_loss at step 25800: 0.299839
2025-12-04 18:27:51 INFO     Training average negative_fact_loss at step 25800: 0.276983
2025-12-04 18:27:51 INFO     Training average positive_rule_loss at step 25800: 1.589048
2025-12-04 18:27:51 INFO     Training average negative_rule_loss at step 25800: 2.387586
2025-12-04 18:27:51 INFO     Training average L_uncertainty at step 25800: 23.237055
2025-12-04 18:27:51 INFO     Training average L_kl at step 25800: 23176.794863
2025-12-04 18:27:51 INFO     Training average L_sigma at step 25800: 6.025890
2025-12-04 18:27:51 INFO     Training average mu_mean at step 25800: -0.860362
2025-12-04 18:27:51 INFO     Training average sigma_mean at step 25800: 0.127695
2025-12-04 18:27:51 INFO     Training average regularization at step 25800: 0.006315
2025-12-04 18:27:51 INFO     Training average loss at step 25800: 2.515414
2025-12-04 18:28:46 INFO     Training average positive_fact_loss at step 25900: 0.298460
2025-12-04 18:28:46 INFO     Training average negative_fact_loss at step 25900: 0.277165
2025-12-04 18:28:46 INFO     Training average positive_rule_loss at step 25900: 1.591948
2025-12-04 18:28:46 INFO     Training average negative_rule_loss at step 25900: 2.384340
2025-12-04 18:28:46 INFO     Training average L_uncertainty at step 25900: 23.246494
2025-12-04 18:28:46 INFO     Training average L_kl at step 25900: 23186.461836
2025-12-04 18:28:46 INFO     Training average L_sigma at step 25900: 6.003071
2025-12-04 18:28:46 INFO     Training average mu_mean at step 25900: -0.860791
2025-12-04 18:28:46 INFO     Training average sigma_mean at step 25900: 0.127693
2025-12-04 18:28:46 INFO     Training average regularization at step 25900: 0.006315
2025-12-04 18:28:46 INFO     Training average loss at step 25900: 2.514736
2025-12-04 18:29:42 INFO     Training average positive_fact_loss at step 26000: 0.299449
2025-12-04 18:29:42 INFO     Training average negative_fact_loss at step 26000: 0.276961
2025-12-04 18:29:42 INFO     Training average positive_rule_loss at step 26000: 1.587508
2025-12-04 18:29:42 INFO     Training average negative_rule_loss at step 26000: 2.389315
2025-12-04 18:29:42 INFO     Training average L_uncertainty at step 26000: 23.178762
2025-12-04 18:29:42 INFO     Training average L_kl at step 26000: 23118.545332
2025-12-04 18:29:42 INFO     Training average L_sigma at step 26000: 6.021604
2025-12-04 18:29:42 INFO     Training average mu_mean at step 26000: -0.854729
2025-12-04 18:29:42 INFO     Training average sigma_mean at step 26000: 0.127694
2025-12-04 18:29:42 INFO     Training average regularization at step 26000: 0.006317
2025-12-04 18:29:42 INFO     Training average loss at step 26000: 2.514721
2025-12-04 18:29:42 INFO     Evaluating on Valid Dataset...
2025-12-04 18:29:42 INFO     >>>>> RuleE emb: Evaluating on valid
2025-12-04 18:29:52 INFO     Data : 4274
2025-12-04 18:29:52 INFO     Hit1 : 0.545157
2025-12-04 18:29:52 INFO     Hit3 : 0.781235
2025-12-04 18:29:52 INFO     Hit10: 0.941273
2025-12-04 18:29:52 INFO     MR   : 3.380206
2025-12-04 18:29:52 INFO     MRR  : 0.681455
2025-12-04 18:30:43 INFO     Training average positive_fact_loss at step 26100: 0.298961
2025-12-04 18:30:43 INFO     Training average negative_fact_loss at step 26100: 0.276938
2025-12-04 18:30:43 INFO     Training average positive_rule_loss at step 26100: 1.589479
2025-12-04 18:30:43 INFO     Training average negative_rule_loss at step 26100: 2.389497
2025-12-04 18:30:43 INFO     Training average L_uncertainty at step 26100: 23.144118
2025-12-04 18:30:43 INFO     Training average L_kl at step 26100: 23083.951543
2025-12-04 18:30:43 INFO     Training average L_sigma at step 26100: 6.016499
2025-12-04 18:30:43 INFO     Training average mu_mean at step 26100: -0.852009
2025-12-04 18:30:43 INFO     Training average sigma_mean at step 26100: 0.127695
2025-12-04 18:30:43 INFO     Training average regularization at step 26100: 0.006315
2025-12-04 18:30:43 INFO     Training average loss at step 26100: 2.515194
2025-12-04 18:31:43 INFO     Training average positive_fact_loss at step 26200: 0.299030
2025-12-04 18:31:43 INFO     Training average negative_fact_loss at step 26200: 0.277015
2025-12-04 18:31:43 INFO     Training average positive_rule_loss at step 26200: 1.593337
2025-12-04 18:31:43 INFO     Training average negative_rule_loss at step 26200: 2.383778
2025-12-04 18:31:43 INFO     Training average L_uncertainty at step 26200: 23.157124
2025-12-04 18:31:43 INFO     Training average L_kl at step 26200: 23097.061660
2025-12-04 18:31:43 INFO     Training average L_sigma at step 26200: 6.006165
2025-12-04 18:31:43 INFO     Training average mu_mean at step 26200: -0.853744
2025-12-04 18:31:43 INFO     Training average sigma_mean at step 26200: 0.127693
2025-12-04 18:31:43 INFO     Training average regularization at step 26200: 0.006316
2025-12-04 18:31:43 INFO     Training average loss at step 26200: 2.514467
2025-12-04 18:32:39 INFO     Training average positive_fact_loss at step 26300: 0.299181
2025-12-04 18:32:39 INFO     Training average negative_fact_loss at step 26300: 0.276910
2025-12-04 18:32:39 INFO     Training average positive_rule_loss at step 26300: 1.591185
2025-12-04 18:32:39 INFO     Training average negative_rule_loss at step 26300: 2.385903
2025-12-04 18:32:39 INFO     Training average L_uncertainty at step 26300: 23.148328
2025-12-04 18:32:39 INFO     Training average L_kl at step 26300: 23088.131758
2025-12-04 18:32:39 INFO     Training average L_sigma at step 26300: 6.019507
2025-12-04 18:32:39 INFO     Training average mu_mean at step 26300: -0.852233
2025-12-04 18:32:39 INFO     Training average sigma_mean at step 26300: 0.127695
2025-12-04 18:32:39 INFO     Training average regularization at step 26300: 0.006314
2025-12-04 18:32:39 INFO     Training average loss at step 26300: 2.514387
2025-12-04 18:33:39 INFO     Training average positive_fact_loss at step 26400: 0.299554
2025-12-04 18:33:39 INFO     Training average negative_fact_loss at step 26400: 0.276988
2025-12-04 18:33:39 INFO     Training average positive_rule_loss at step 26400: 1.590003
2025-12-04 18:33:39 INFO     Training average negative_rule_loss at step 26400: 2.387337
2025-12-04 18:33:39 INFO     Training average L_uncertainty at step 26400: 23.097863
2025-12-04 18:33:39 INFO     Training average L_kl at step 26400: 23037.691484
2025-12-04 18:33:39 INFO     Training average L_sigma at step 26400: 6.017084
2025-12-04 18:33:39 INFO     Training average mu_mean at step 26400: -0.847393
2025-12-04 18:33:39 INFO     Training average sigma_mean at step 26400: 0.127695
2025-12-04 18:33:39 INFO     Training average regularization at step 26400: 0.006314
2025-12-04 18:33:39 INFO     Training average loss at step 26400: 2.514233
2025-12-04 18:34:34 INFO     Training average positive_fact_loss at step 26500: 0.298462
2025-12-04 18:34:34 INFO     Training average negative_fact_loss at step 26500: 0.277073
2025-12-04 18:34:34 INFO     Training average positive_rule_loss at step 26500: 1.594929
2025-12-04 18:34:34 INFO     Training average negative_rule_loss at step 26500: 2.379977
2025-12-04 18:34:34 INFO     Training average L_uncertainty at step 26500: 23.097495
2025-12-04 18:34:34 INFO     Training average L_kl at step 26500: 23037.234004
2025-12-04 18:34:34 INFO     Training average L_sigma at step 26500: 6.025960
2025-12-04 18:34:34 INFO     Training average mu_mean at step 26500: -0.847190
2025-12-04 18:34:34 INFO     Training average sigma_mean at step 26500: 0.127696
2025-12-04 18:34:34 INFO     Training average regularization at step 26500: 0.006315
2025-12-04 18:34:34 INFO     Training average loss at step 26500: 2.512511
2025-12-04 18:35:34 INFO     Training average positive_fact_loss at step 26600: 0.299348
2025-12-04 18:35:34 INFO     Training average negative_fact_loss at step 26600: 0.276940
2025-12-04 18:35:34 INFO     Training average positive_rule_loss at step 26600: 1.596102
2025-12-04 18:35:34 INFO     Training average negative_rule_loss at step 26600: 2.379446
2025-12-04 18:35:34 INFO     Training average L_uncertainty at step 26600: 23.080438
2025-12-04 18:35:34 INFO     Training average L_kl at step 26600: 23020.236230
2025-12-04 18:35:34 INFO     Training average L_sigma at step 26600: 6.020051
2025-12-04 18:35:34 INFO     Training average mu_mean at step 26600: -0.845355
2025-12-04 18:35:34 INFO     Training average sigma_mean at step 26600: 0.127695
2025-12-04 18:35:34 INFO     Training average regularization at step 26600: 0.006317
2025-12-04 18:35:34 INFO     Training average loss at step 26600: 2.513039
2025-12-04 18:36:20 INFO     Training average positive_fact_loss at step 26700: 0.298738
2025-12-04 18:36:20 INFO     Training average negative_fact_loss at step 26700: 0.277086
2025-12-04 18:36:20 INFO     Training average positive_rule_loss at step 26700: 1.596606
2025-12-04 18:36:20 INFO     Training average negative_rule_loss at step 26700: 2.377393
2025-12-04 18:36:20 INFO     Training average L_uncertainty at step 26700: 23.074682
2025-12-04 18:36:20 INFO     Training average L_kl at step 26700: 23014.549883
2025-12-04 18:36:20 INFO     Training average L_sigma at step 26700: 6.013061
2025-12-04 18:36:20 INFO     Training average mu_mean at step 26700: -0.844005
2025-12-04 18:36:20 INFO     Training average sigma_mean at step 26700: 0.127694
2025-12-04 18:36:20 INFO     Training average regularization at step 26700: 0.006315
2025-12-04 18:36:20 INFO     Training average loss at step 26700: 2.511973
2025-12-04 18:37:20 INFO     Training average positive_fact_loss at step 26800: 0.298973
2025-12-04 18:37:20 INFO     Training average negative_fact_loss at step 26800: 0.276876
2025-12-04 18:37:20 INFO     Training average positive_rule_loss at step 26800: 1.592084
2025-12-04 18:37:20 INFO     Training average negative_rule_loss at step 26800: 2.384774
2025-12-04 18:37:20 INFO     Training average L_uncertainty at step 26800: 23.026220
2025-12-04 18:37:20 INFO     Training average L_kl at step 26800: 22965.873379
2025-12-04 18:37:20 INFO     Training average L_sigma at step 26800: 6.034557
2025-12-04 18:37:20 INFO     Training average mu_mean at step 26800: -0.839559
2025-12-04 18:37:20 INFO     Training average sigma_mean at step 26800: 0.127697
2025-12-04 18:37:20 INFO     Training average regularization at step 26800: 0.006317
2025-12-04 18:37:20 INFO     Training average loss at step 26800: 2.512932
2025-12-04 18:38:15 INFO     Training average positive_fact_loss at step 26900: 0.298876
2025-12-04 18:38:15 INFO     Training average negative_fact_loss at step 26900: 0.277219
2025-12-04 18:38:15 INFO     Training average positive_rule_loss at step 26900: 1.595670
2025-12-04 18:38:15 INFO     Training average negative_rule_loss at step 26900: 2.380211
2025-12-04 18:38:15 INFO     Training average L_uncertainty at step 26900: 23.011333
2025-12-04 18:38:15 INFO     Training average L_kl at step 26900: 22951.163574
2025-12-04 18:38:15 INFO     Training average L_sigma at step 26900: 6.016793
2025-12-04 18:38:15 INFO     Training average mu_mean at step 26900: -0.838222
2025-12-04 18:38:15 INFO     Training average sigma_mean at step 26900: 0.127694
2025-12-04 18:38:15 INFO     Training average regularization at step 26900: 0.006317
2025-12-04 18:38:15 INFO     Training average loss at step 26900: 2.512418
2025-12-04 18:39:15 INFO     Training average positive_fact_loss at step 27000: 0.299041
2025-12-04 18:39:15 INFO     Training average negative_fact_loss at step 27000: 0.276817
2025-12-04 18:39:15 INFO     Training average positive_rule_loss at step 27000: 1.593285
2025-12-04 18:39:15 INFO     Training average negative_rule_loss at step 27000: 2.384378
2025-12-04 18:39:15 INFO     Training average L_uncertainty at step 27000: 22.973223
2025-12-04 18:39:15 INFO     Training average L_kl at step 27000: 22912.957813
2025-12-04 18:39:15 INFO     Training average L_sigma at step 27000: 6.026433
2025-12-04 18:39:15 INFO     Training average mu_mean at step 27000: -0.834796
2025-12-04 18:39:15 INFO     Training average sigma_mean at step 27000: 0.127696
2025-12-04 18:39:15 INFO     Training average regularization at step 27000: 0.006317
2025-12-04 18:39:15 INFO     Training average loss at step 27000: 2.512810
2025-12-04 18:39:15 INFO     Evaluating on Valid Dataset...
2025-12-04 18:39:15 INFO     >>>>> RuleE emb: Evaluating on valid
2025-12-04 18:39:25 INFO     Data : 4274
2025-12-04 18:39:25 INFO     Hit1 : 0.543987
2025-12-04 18:39:25 INFO     Hit3 : 0.780066
2025-12-04 18:39:25 INFO     Hit10: 0.941039
2025-12-04 18:39:25 INFO     MR   : 3.390267
2025-12-04 18:39:25 INFO     MRR  : 0.680555
2025-12-04 18:40:20 INFO     Training average positive_fact_loss at step 27100: 0.298848
2025-12-04 18:40:20 INFO     Training average negative_fact_loss at step 27100: 0.276878
2025-12-04 18:40:20 INFO     Training average positive_rule_loss at step 27100: 1.595939
2025-12-04 18:40:20 INFO     Training average negative_rule_loss at step 27100: 2.380509
2025-12-04 18:40:20 INFO     Training average L_uncertainty at step 27100: 22.930977
2025-12-04 18:40:20 INFO     Training average L_kl at step 27100: 22870.649707
2025-12-04 18:40:20 INFO     Training average L_sigma at step 27100: 6.032651
2025-12-04 18:40:20 INFO     Training average mu_mean at step 27100: -0.832604
2025-12-04 18:40:20 INFO     Training average sigma_mean at step 27100: 0.127697
2025-12-04 18:40:20 INFO     Training average regularization at step 27100: 0.006319
2025-12-04 18:40:20 INFO     Training average loss at step 27100: 2.511715
2025-12-04 18:41:20 INFO     Training average positive_fact_loss at step 27200: 0.299167
2025-12-04 18:41:20 INFO     Training average negative_fact_loss at step 27200: 0.277213
2025-12-04 18:41:20 INFO     Training average positive_rule_loss at step 27200: 1.592849
2025-12-04 18:41:20 INFO     Training average negative_rule_loss at step 27200: 2.384945
2025-12-04 18:41:20 INFO     Training average L_uncertainty at step 27200: 22.895436
2025-12-04 18:41:20 INFO     Training average L_kl at step 27200: 22835.146680
2025-12-04 18:41:20 INFO     Training average L_sigma at step 27200: 6.028797
2025-12-04 18:41:20 INFO     Training average mu_mean at step 27200: -0.828982
2025-12-04 18:41:20 INFO     Training average sigma_mean at step 27200: 0.127696
2025-12-04 18:41:20 INFO     Training average regularization at step 27200: 0.006320
2025-12-04 18:41:20 INFO     Training average loss at step 27200: 2.512361
2025-12-04 18:42:12 INFO     Training average positive_fact_loss at step 27300: 0.298820
2025-12-04 18:42:12 INFO     Training average negative_fact_loss at step 27300: 0.276950
2025-12-04 18:42:12 INFO     Training average positive_rule_loss at step 27300: 1.597654
2025-12-04 18:42:12 INFO     Training average negative_rule_loss at step 27300: 2.377327
2025-12-04 18:42:12 INFO     Training average L_uncertainty at step 27300: 22.926975
2025-12-04 18:42:12 INFO     Training average L_kl at step 27300: 22866.903340
2025-12-04 18:42:12 INFO     Training average L_sigma at step 27300: 6.007054
2025-12-04 18:42:12 INFO     Training average mu_mean at step 27300: -0.831521
2025-12-04 18:42:12 INFO     Training average sigma_mean at step 27300: 0.127693
2025-12-04 18:42:12 INFO     Training average regularization at step 27300: 0.006319
2025-12-04 18:42:12 INFO     Training average loss at step 27300: 2.510964
2025-12-04 18:43:07 INFO     Training average positive_fact_loss at step 27400: 0.298803
2025-12-04 18:43:07 INFO     Training average negative_fact_loss at step 27400: 0.277051
2025-12-04 18:43:07 INFO     Training average positive_rule_loss at step 27400: 1.598035
2025-12-04 18:43:07 INFO     Training average negative_rule_loss at step 27400: 2.378817
2025-12-04 18:43:07 INFO     Training average L_uncertainty at step 27400: 22.871938
2025-12-04 18:43:07 INFO     Training average L_kl at step 27400: 22811.513301
2025-12-04 18:43:07 INFO     Training average L_sigma at step 27400: 6.042380
2025-12-04 18:43:07 INFO     Training average mu_mean at step 27400: -0.825416
2025-12-04 18:43:07 INFO     Training average sigma_mean at step 27400: 0.127697
2025-12-04 18:43:07 INFO     Training average regularization at step 27400: 0.006323
2025-12-04 18:43:07 INFO     Training average loss at step 27400: 2.511396
2025-12-04 18:44:02 INFO     Training average positive_fact_loss at step 27500: 0.299423
2025-12-04 18:44:02 INFO     Training average negative_fact_loss at step 27500: 0.276886
2025-12-04 18:44:02 INFO     Training average positive_rule_loss at step 27500: 1.595104
2025-12-04 18:44:02 INFO     Training average negative_rule_loss at step 27500: 2.382860
2025-12-04 18:44:02 INFO     Training average L_uncertainty at step 27500: 22.831171
2025-12-04 18:44:02 INFO     Training average L_kl at step 27500: 22771.100059
2025-12-04 18:44:02 INFO     Training average L_sigma at step 27500: 6.007008
2025-12-04 18:44:02 INFO     Training average mu_mean at step 27500: -0.821829
2025-12-04 18:44:02 INFO     Training average sigma_mean at step 27500: 0.127693
2025-12-04 18:44:02 INFO     Training average regularization at step 27500: 0.006323
2025-12-04 18:44:02 INFO     Training average loss at step 27500: 2.511772
2025-12-04 18:45:02 INFO     Training average positive_fact_loss at step 27600: 0.298448
2025-12-04 18:45:02 INFO     Training average negative_fact_loss at step 27600: 0.277116
2025-12-04 18:45:02 INFO     Training average positive_rule_loss at step 27600: 1.599530
2025-12-04 18:45:02 INFO     Training average negative_rule_loss at step 27600: 2.375553
2025-12-04 18:45:02 INFO     Training average L_uncertainty at step 27600: 22.872762
2025-12-04 18:45:02 INFO     Training average L_kl at step 27600: 22812.507402
2025-12-04 18:45:02 INFO     Training average L_sigma at step 27600: 6.025332
2025-12-04 18:45:02 INFO     Training average mu_mean at step 27600: -0.826035
2025-12-04 18:45:02 INFO     Training average sigma_mean at step 27600: 0.127696
2025-12-04 18:45:02 INFO     Training average regularization at step 27600: 0.006324
2025-12-04 18:45:02 INFO     Training average loss at step 27600: 2.510375
2025-12-04 18:45:57 INFO     Training average positive_fact_loss at step 27700: 0.299068
2025-12-04 18:45:57 INFO     Training average negative_fact_loss at step 27700: 0.276864
2025-12-04 18:45:57 INFO     Training average positive_rule_loss at step 27700: 1.604495
2025-12-04 18:45:57 INFO     Training average negative_rule_loss at step 27700: 2.370287
2025-12-04 18:45:57 INFO     Training average L_uncertainty at step 27700: 22.839481
2025-12-04 18:45:57 INFO     Training average L_kl at step 27700: 22779.364043
2025-12-04 18:45:57 INFO     Training average L_sigma at step 27700: 6.011549
2025-12-04 18:45:57 INFO     Training average mu_mean at step 27700: -0.822225
2025-12-04 18:45:57 INFO     Training average sigma_mean at step 27700: 0.127694
2025-12-04 18:45:57 INFO     Training average regularization at step 27700: 0.006323
2025-12-04 18:45:57 INFO     Training average loss at step 27700: 2.510075
2025-12-04 18:46:57 INFO     Training average positive_fact_loss at step 27800: 0.299581
2025-12-04 18:46:57 INFO     Training average negative_fact_loss at step 27800: 0.276982
2025-12-04 18:46:57 INFO     Training average positive_rule_loss at step 27800: 1.600715
2025-12-04 18:46:57 INFO     Training average negative_rule_loss at step 27800: 2.374510
2025-12-04 18:46:57 INFO     Training average L_uncertainty at step 27800: 22.811085
2025-12-04 18:46:57 INFO     Training average L_kl at step 27800: 22750.793008
2025-12-04 18:46:57 INFO     Training average L_sigma at step 27800: 6.029084
2025-12-04 18:46:57 INFO     Training average mu_mean at step 27800: -0.819555
2025-12-04 18:46:57 INFO     Training average sigma_mean at step 27800: 0.127696
2025-12-04 18:46:58 INFO     Training average regularization at step 27800: 0.006322
2025-12-04 18:46:58 INFO     Training average loss at step 27800: 2.510327
2025-12-04 18:47:53 INFO     Training average positive_fact_loss at step 27900: 0.298229
2025-12-04 18:47:53 INFO     Training average negative_fact_loss at step 27900: 0.277053
2025-12-04 18:47:53 INFO     Training average positive_rule_loss at step 27900: 1.598385
2025-12-04 18:47:53 INFO     Training average negative_rule_loss at step 27900: 2.378453
2025-12-04 18:47:53 INFO     Training average L_uncertainty at step 27900: 22.766681
2025-12-04 18:47:53 INFO     Training average L_kl at step 27900: 22706.486348
2025-12-04 18:47:53 INFO     Training average L_sigma at step 27900: 6.019369
2025-12-04 18:47:53 INFO     Training average mu_mean at step 27900: -0.815498
2025-12-04 18:47:53 INFO     Training average sigma_mean at step 27900: 0.127695
2025-12-04 18:47:53 INFO     Training average regularization at step 27900: 0.006324
2025-12-04 18:47:53 INFO     Training average loss at step 27900: 2.510051
2025-12-04 18:48:44 INFO     Training average positive_fact_loss at step 28000: 0.299068
2025-12-04 18:48:44 INFO     Training average negative_fact_loss at step 28000: 0.276817
2025-12-04 18:48:44 INFO     Training average positive_rule_loss at step 28000: 1.602815
2025-12-04 18:48:44 INFO     Training average negative_rule_loss at step 28000: 2.371906
2025-12-04 18:48:44 INFO     Training average L_uncertainty at step 28000: 22.770515
2025-12-04 18:48:44 INFO     Training average L_kl at step 28000: 22710.298418
2025-12-04 18:48:44 INFO     Training average L_sigma at step 28000: 6.021560
2025-12-04 18:48:44 INFO     Training average mu_mean at step 28000: -0.815541
2025-12-04 18:48:44 INFO     Training average sigma_mean at step 28000: 0.127695
2025-12-04 18:48:44 INFO     Training average regularization at step 28000: 0.006326
2025-12-04 18:48:44 INFO     Training average loss at step 28000: 2.509335
2025-12-04 18:48:44 INFO     Evaluating on Valid Dataset...
2025-12-04 18:48:44 INFO     >>>>> RuleE emb: Evaluating on valid
2025-12-04 18:48:54 INFO     Data : 4274
2025-12-04 18:48:54 INFO     Hit1 : 0.546093
2025-12-04 18:48:54 INFO     Hit3 : 0.780533
2025-12-04 18:48:54 INFO     Hit10: 0.941975
2025-12-04 18:48:54 INFO     MR   : 3.369092
2025-12-04 18:48:54 INFO     MRR  : 0.682264
2025-12-04 18:49:49 INFO     Training average positive_fact_loss at step 28100: 0.299462
2025-12-04 18:49:49 INFO     Training average negative_fact_loss at step 28100: 0.277047
2025-12-04 18:49:49 INFO     Training average positive_rule_loss at step 28100: 1.601597
2025-12-04 18:49:49 INFO     Training average negative_rule_loss at step 28100: 2.373696
2025-12-04 18:49:49 INFO     Training average L_uncertainty at step 28100: 22.733898
2025-12-04 18:49:49 INFO     Training average L_kl at step 28100: 22673.728184
2025-12-04 18:49:49 INFO     Training average L_sigma at step 28100: 6.016818
2025-12-04 18:49:49 INFO     Training average mu_mean at step 28100: -0.812022
2025-12-04 18:49:49 INFO     Training average sigma_mean at step 28100: 0.127695
2025-12-04 18:49:49 INFO     Training average regularization at step 28100: 0.006326
2025-12-04 18:49:49 INFO     Training average loss at step 28100: 2.509566
2025-12-04 18:50:49 INFO     Training average positive_fact_loss at step 28200: 0.298747
2025-12-04 18:50:49 INFO     Training average negative_fact_loss at step 28200: 0.276963
2025-12-04 18:50:49 INFO     Training average positive_rule_loss at step 28200: 1.603491
2025-12-04 18:50:49 INFO     Training average negative_rule_loss at step 28200: 2.372058
2025-12-04 18:50:49 INFO     Training average L_uncertainty at step 28200: 22.730373
2025-12-04 18:50:49 INFO     Training average L_kl at step 28200: 22670.115469
2025-12-04 18:50:49 INFO     Training average L_sigma at step 28200: 6.025652
2025-12-04 18:50:49 INFO     Training average mu_mean at step 28200: -0.811542
2025-12-04 18:50:49 INFO     Training average sigma_mean at step 28200: 0.127696
2025-12-04 18:50:49 INFO     Training average regularization at step 28200: 0.006325
2025-12-04 18:50:49 INFO     Training average loss at step 28200: 2.509258
2025-12-04 18:51:45 INFO     Training average positive_fact_loss at step 28300: 0.299400
2025-12-04 18:51:45 INFO     Training average negative_fact_loss at step 28300: 0.276860
2025-12-04 18:51:45 INFO     Training average positive_rule_loss at step 28300: 1.601017
2025-12-04 18:51:45 INFO     Training average negative_rule_loss at step 28300: 2.374737
2025-12-04 18:51:45 INFO     Training average L_uncertainty at step 28300: 22.672639
2025-12-04 18:51:45 INFO     Training average L_kl at step 28300: 22612.474238
2025-12-04 18:51:45 INFO     Training average L_sigma at step 28300: 6.016365
2025-12-04 18:51:45 INFO     Training average mu_mean at step 28300: -0.805923
2025-12-04 18:51:45 INFO     Training average sigma_mean at step 28300: 0.127695
2025-12-04 18:51:45 INFO     Training average regularization at step 28300: 0.006326
2025-12-04 18:51:45 INFO     Training average loss at step 28300: 2.509060
2025-12-04 18:52:45 INFO     Training average positive_fact_loss at step 28400: 0.297987
2025-12-04 18:52:45 INFO     Training average negative_fact_loss at step 28400: 0.277159
2025-12-04 18:52:45 INFO     Training average positive_rule_loss at step 28400: 1.603423
2025-12-04 18:52:45 INFO     Training average negative_rule_loss at step 28400: 2.372305
2025-12-04 18:52:45 INFO     Training average L_uncertainty at step 28400: 22.678911
2025-12-04 18:52:45 INFO     Training average L_kl at step 28400: 22618.733047
2025-12-04 18:52:45 INFO     Training average L_sigma at step 28400: 6.017701
2025-12-04 18:52:45 INFO     Training average mu_mean at step 28400: -0.806534
2025-12-04 18:52:45 INFO     Training average sigma_mean at step 28400: 0.127695
2025-12-04 18:52:45 INFO     Training average regularization at step 28400: 0.006326
2025-12-04 18:52:45 INFO     Training average loss at step 28400: 2.508552
2025-12-04 18:53:40 INFO     Training average positive_fact_loss at step 28500: 0.299975
2025-12-04 18:53:40 INFO     Training average negative_fact_loss at step 28500: 0.277087
2025-12-04 18:53:40 INFO     Training average positive_rule_loss at step 28500: 1.607870
2025-12-04 18:53:40 INFO     Training average negative_rule_loss at step 28500: 2.366923
2025-12-04 18:53:40 INFO     Training average L_uncertainty at step 28500: 22.657888
2025-12-04 18:53:40 INFO     Training average L_kl at step 28500: 22597.608457
2025-12-04 18:53:40 INFO     Training average L_sigma at step 28500: 6.027819
2025-12-04 18:53:40 INFO     Training average mu_mean at step 28500: -0.804514
2025-12-04 18:53:40 INFO     Training average sigma_mean at step 28500: 0.127696
2025-12-04 18:53:40 INFO     Training average regularization at step 28500: 0.006324
2025-12-04 18:53:40 INFO     Training average loss at step 28500: 2.508831
2025-12-04 18:54:36 INFO     Training average positive_fact_loss at step 28600: 0.298516
2025-12-04 18:54:36 INFO     Training average negative_fact_loss at step 28600: 0.277091
2025-12-04 18:54:36 INFO     Training average positive_rule_loss at step 28600: 1.608506
2025-12-04 18:54:36 INFO     Training average negative_rule_loss at step 28600: 2.364204
2025-12-04 18:54:36 INFO     Training average L_uncertainty at step 28600: 22.668050
2025-12-04 18:54:36 INFO     Training average L_kl at step 28600: 22607.963066
2025-12-04 18:54:36 INFO     Training average L_sigma at step 28600: 6.008525
2025-12-04 18:54:36 INFO     Training average mu_mean at step 28600: -0.805433
2025-12-04 18:54:36 INFO     Training average sigma_mean at step 28600: 0.127694
2025-12-04 18:54:36 INFO     Training average regularization at step 28600: 0.006328
2025-12-04 18:54:36 INFO     Training average loss at step 28600: 2.507167
2025-12-04 18:55:27 INFO     Training average positive_fact_loss at step 28700: 0.298996
2025-12-04 18:55:27 INFO     Training average negative_fact_loss at step 28700: 0.276795
2025-12-04 18:55:27 INFO     Training average positive_rule_loss at step 28700: 1.607922
2025-12-04 18:55:27 INFO     Training average negative_rule_loss at step 28700: 2.365037
2025-12-04 18:55:27 INFO     Training average L_uncertainty at step 28700: 22.629540
2025-12-04 18:55:27 INFO     Training average L_kl at step 28700: 22569.394512
2025-12-04 18:55:27 INFO     Training average L_sigma at step 28700: 6.014430
2025-12-04 18:55:27 INFO     Training average mu_mean at step 28700: -0.800437
2025-12-04 18:55:27 INFO     Training average sigma_mean at step 28700: 0.127694
2025-12-04 18:55:27 INFO     Training average regularization at step 28700: 0.006328
2025-12-04 18:55:27 INFO     Training average loss at step 28700: 2.506999
2025-12-04 18:56:27 INFO     Training average positive_fact_loss at step 28800: 0.299085
2025-12-04 18:56:27 INFO     Training average negative_fact_loss at step 28800: 0.277012
2025-12-04 18:56:27 INFO     Training average positive_rule_loss at step 28800: 1.605817
2025-12-04 18:56:27 INFO     Training average negative_rule_loss at step 28800: 2.368785
2025-12-04 18:56:27 INFO     Training average L_uncertainty at step 28800: 22.600110
2025-12-04 18:56:27 INFO     Training average L_kl at step 28800: 22539.714746
2025-12-04 18:56:27 INFO     Training average L_sigma at step 28800: 6.039470
2025-12-04 18:56:27 INFO     Training average mu_mean at step 28800: -0.797112
2025-12-04 18:56:27 INFO     Training average sigma_mean at step 28800: 0.127697
2025-12-04 18:56:27 INFO     Training average regularization at step 28800: 0.006329
2025-12-04 18:56:27 INFO     Training average loss at step 28800: 2.507680
2025-12-04 18:57:22 INFO     Training average positive_fact_loss at step 28900: 0.299308
2025-12-04 18:57:22 INFO     Training average negative_fact_loss at step 28900: 0.276981
2025-12-04 18:57:22 INFO     Training average positive_rule_loss at step 28900: 1.606748
2025-12-04 18:57:22 INFO     Training average negative_rule_loss at step 28900: 2.365790
2025-12-04 18:57:22 INFO     Training average L_uncertainty at step 28900: 22.583492
2025-12-04 18:57:22 INFO     Training average L_kl at step 28900: 22523.299902
2025-12-04 18:57:22 INFO     Training average L_sigma at step 28900: 6.019083
2025-12-04 18:57:22 INFO     Training average mu_mean at step 28900: -0.794979
2025-12-04 18:57:22 INFO     Training average sigma_mean at step 28900: 0.127695
2025-12-04 18:57:22 INFO     Training average regularization at step 28900: 0.006327
2025-12-04 18:57:22 INFO     Training average loss at step 28900: 2.506576
2025-12-04 18:58:21 INFO     Training average positive_fact_loss at step 29000: 0.298857
2025-12-04 18:58:21 INFO     Training average negative_fact_loss at step 29000: 0.277198
2025-12-04 18:58:21 INFO     Training average positive_rule_loss at step 29000: 1.613157
2025-12-04 18:58:21 INFO     Training average negative_rule_loss at step 29000: 2.361317
2025-12-04 18:58:21 INFO     Training average L_uncertainty at step 29000: 22.571865
2025-12-04 18:58:21 INFO     Training average L_kl at step 29000: 22511.643398
2025-12-04 18:58:21 INFO     Training average L_sigma at step 29000: 6.022038
2025-12-04 18:58:21 INFO     Training average mu_mean at step 29000: -0.794183
2025-12-04 18:58:21 INFO     Training average sigma_mean at step 29000: 0.127696
2025-12-04 18:58:21 INFO     Training average regularization at step 29000: 0.006326
2025-12-04 18:58:21 INFO     Training average loss at step 29000: 2.507310
2025-12-04 18:58:21 INFO     Evaluating on Valid Dataset...
2025-12-04 18:58:21 INFO     >>>>> RuleE emb: Evaluating on valid
2025-12-04 18:58:31 INFO     Data : 4274
2025-12-04 18:58:31 INFO     Hit1 : 0.548900
2025-12-04 18:58:31 INFO     Hit3 : 0.781937
2025-12-04 18:58:31 INFO     Hit10: 0.941975
2025-12-04 18:58:31 INFO     MR   : 3.369443
2025-12-04 18:58:31 INFO     MRR  : 0.683719
2025-12-04 18:59:29 INFO     Training average positive_fact_loss at step 29100: 0.299175
2025-12-04 18:59:29 INFO     Training average negative_fact_loss at step 29100: 0.276994
2025-12-04 18:59:29 INFO     Training average positive_rule_loss at step 29100: 1.607545
2025-12-04 18:59:29 INFO     Training average negative_rule_loss at step 29100: 2.366381
2025-12-04 18:59:29 INFO     Training average L_uncertainty at step 29100: 22.540413
2025-12-04 18:59:29 INFO     Training average L_kl at step 29100: 22480.115234
2025-12-04 18:59:29 INFO     Training average L_sigma at step 29100: 6.029680
2025-12-04 18:59:29 INFO     Training average mu_mean at step 29100: -0.792817
2025-12-04 18:59:29 INFO     Training average sigma_mean at step 29100: 0.127697
2025-12-04 18:59:29 INFO     Training average regularization at step 29100: 0.006326
2025-12-04 18:59:29 INFO     Training average loss at step 29100: 2.506778
2025-12-04 19:00:30 INFO     Training average positive_fact_loss at step 29200: 0.298872
2025-12-04 19:00:30 INFO     Training average negative_fact_loss at step 29200: 0.277069
2025-12-04 19:00:30 INFO     Training average positive_rule_loss at step 29200: 1.605740
2025-12-04 19:00:30 INFO     Training average negative_rule_loss at step 29200: 2.370722
2025-12-04 19:00:30 INFO     Training average L_uncertainty at step 29200: 22.478348
2025-12-04 19:00:30 INFO     Training average L_kl at step 29200: 22418.187500
2025-12-04 19:00:30 INFO     Training average L_sigma at step 29200: 6.015977
2025-12-04 19:00:30 INFO     Training average mu_mean at step 29200: -0.786822
2025-12-04 19:00:30 INFO     Training average sigma_mean at step 29200: 0.127695
2025-12-04 19:00:30 INFO     Training average regularization at step 29200: 0.006330
2025-12-04 19:00:30 INFO     Training average loss at step 29200: 2.507315
2025-12-04 19:01:16 INFO     Training average positive_fact_loss at step 29300: 0.299107
2025-12-04 19:01:16 INFO     Training average negative_fact_loss at step 29300: 0.276812
2025-12-04 19:01:16 INFO     Training average positive_rule_loss at step 29300: 1.605974
2025-12-04 19:01:16 INFO     Training average negative_rule_loss at step 29300: 2.369388
2025-12-04 19:01:16 INFO     Training average L_uncertainty at step 29300: 22.466103
2025-12-04 19:01:16 INFO     Training average L_kl at step 29300: 22405.895664
2025-12-04 19:01:16 INFO     Training average L_sigma at step 29300: 6.020619
2025-12-04 19:01:16 INFO     Training average mu_mean at step 29300: -0.785032
2025-12-04 19:01:16 INFO     Training average sigma_mean at step 29300: 0.127695
2025-12-04 19:01:16 INFO     Training average regularization at step 29300: 0.006328
2025-12-04 19:01:16 INFO     Training average loss at step 29300: 2.506630
2025-12-04 19:02:16 INFO     Training average positive_fact_loss at step 29400: 0.298293
2025-12-04 19:02:16 INFO     Training average negative_fact_loss at step 29400: 0.277022
2025-12-04 19:02:16 INFO     Training average positive_rule_loss at step 29400: 1.609718
2025-12-04 19:02:16 INFO     Training average negative_rule_loss at step 29400: 2.365135
2025-12-04 19:02:16 INFO     Training average L_uncertainty at step 29400: 22.470214
2025-12-04 19:02:16 INFO     Training average L_kl at step 29400: 22409.916543
2025-12-04 19:02:16 INFO     Training average L_sigma at step 29400: 6.029605
2025-12-04 19:02:16 INFO     Training average mu_mean at step 29400: -0.784936
2025-12-04 19:02:16 INFO     Training average sigma_mean at step 29400: 0.127696
2025-12-04 19:02:16 INFO     Training average regularization at step 29400: 0.006331
2025-12-04 19:02:16 INFO     Training average loss at step 29400: 2.506117
2025-12-04 19:03:12 INFO     Training average positive_fact_loss at step 29500: 0.298855
2025-12-04 19:03:12 INFO     Training average negative_fact_loss at step 29500: 0.276736
2025-12-04 19:03:12 INFO     Training average positive_rule_loss at step 29500: 1.607358
2025-12-04 19:03:12 INFO     Training average negative_rule_loss at step 29500: 2.368228
2025-12-04 19:03:12 INFO     Training average L_uncertainty at step 29500: 22.412847
2025-12-04 19:03:12 INFO     Training average L_kl at step 29500: 22352.611680
2025-12-04 19:03:12 INFO     Training average L_sigma at step 29500: 6.023410
2025-12-04 19:03:12 INFO     Training average mu_mean at step 29500: -0.779364
2025-12-04 19:03:12 INFO     Training average sigma_mean at step 29500: 0.127696
2025-12-04 19:03:12 INFO     Training average regularization at step 29500: 0.006331
2025-12-04 19:03:12 INFO     Training average loss at step 29500: 2.506048
2025-12-04 19:04:11 INFO     Training average positive_fact_loss at step 29600: 0.298974
2025-12-04 19:04:11 INFO     Training average negative_fact_loss at step 29600: 0.276864
2025-12-04 19:04:11 INFO     Training average positive_rule_loss at step 29600: 1.612678
2025-12-04 19:04:11 INFO     Training average negative_rule_loss at step 29600: 2.361754
2025-12-04 19:04:11 INFO     Training average L_uncertainty at step 29600: 22.435527
2025-12-04 19:04:11 INFO     Training average L_kl at step 29600: 22375.305625
2025-12-04 19:04:11 INFO     Training average L_sigma at step 29600: 6.022005
2025-12-04 19:04:11 INFO     Training average mu_mean at step 29600: -0.781789
2025-12-04 19:04:11 INFO     Training average sigma_mean at step 29600: 0.127695
2025-12-04 19:04:11 INFO     Training average regularization at step 29600: 0.006331
2025-12-04 19:04:11 INFO     Training average loss at step 29600: 2.505822
2025-12-04 19:05:07 INFO     Training average positive_fact_loss at step 29700: 0.298769
2025-12-04 19:05:07 INFO     Training average negative_fact_loss at step 29700: 0.277065
2025-12-04 19:05:07 INFO     Training average positive_rule_loss at step 29700: 1.613725
2025-12-04 19:05:07 INFO     Training average negative_rule_loss at step 29700: 2.359965
2025-12-04 19:05:07 INFO     Training average L_uncertainty at step 29700: 22.396813
2025-12-04 19:05:07 INFO     Training average L_kl at step 29700: 22336.519180
2025-12-04 19:05:07 INFO     Training average L_sigma at step 29700: 6.029240
2025-12-04 19:05:07 INFO     Training average mu_mean at step 29700: -0.778079
2025-12-04 19:05:07 INFO     Training average sigma_mean at step 29700: 0.127696
2025-12-04 19:05:07 INFO     Training average regularization at step 29700: 0.006331
2025-12-04 19:05:07 INFO     Training average loss at step 29700: 2.505061
2025-12-04 19:06:07 INFO     Training average positive_fact_loss at step 29800: 0.299852
2025-12-04 19:06:07 INFO     Training average negative_fact_loss at step 29800: 0.276961
2025-12-04 19:06:07 INFO     Training average positive_rule_loss at step 29800: 1.610520
2025-12-04 19:06:07 INFO     Training average negative_rule_loss at step 29800: 2.364055
2025-12-04 19:06:07 INFO     Training average L_uncertainty at step 29800: 22.381392
2025-12-04 19:06:07 INFO     Training average L_kl at step 29800: 22321.204531
2025-12-04 19:06:07 INFO     Training average L_sigma at step 29800: 6.018667
2025-12-04 19:06:07 INFO     Training average mu_mean at step 29800: -0.775359
2025-12-04 19:06:07 INFO     Training average sigma_mean at step 29800: 0.127695
2025-12-04 19:06:07 INFO     Training average regularization at step 29800: 0.006333
2025-12-04 19:06:07 INFO     Training average loss at step 29800: 2.505840
2025-12-04 19:06:58 INFO     Training average positive_fact_loss at step 29900: 0.298498
2025-12-04 19:06:58 INFO     Training average negative_fact_loss at step 29900: 0.277266
2025-12-04 19:06:58 INFO     Training average positive_rule_loss at step 29900: 1.614885
2025-12-04 19:06:58 INFO     Training average negative_rule_loss at step 29900: 2.358155
2025-12-04 19:06:58 INFO     Training average L_uncertainty at step 29900: 22.391022
2025-12-04 19:06:58 INFO     Training average L_kl at step 29900: 22330.815801
2025-12-04 19:06:58 INFO     Training average L_sigma at step 29900: 6.020545
2025-12-04 19:06:58 INFO     Training average mu_mean at step 29900: -0.776628
2025-12-04 19:06:58 INFO     Training average sigma_mean at step 29900: 0.127695
2025-12-04 19:06:58 INFO     Training average regularization at step 29900: 0.006333
2025-12-04 19:06:58 INFO     Training average loss at step 29900: 2.504645
2025-12-04 19:07:53 INFO     Training average positive_fact_loss at step 30000: 0.299446
2025-12-04 19:07:53 INFO     Training average negative_fact_loss at step 30000: 0.276939
2025-12-04 19:07:53 INFO     Training average positive_rule_loss at step 30000: 1.614583
2025-12-04 19:07:53 INFO     Training average negative_rule_loss at step 30000: 2.357376
2025-12-04 19:07:53 INFO     Training average L_uncertainty at step 30000: 22.354444
2025-12-04 19:07:53 INFO     Training average L_kl at step 30000: 22294.234297
2025-12-04 19:07:53 INFO     Training average L_sigma at step 30000: 6.020925
2025-12-04 19:07:53 INFO     Training average mu_mean at step 30000: -0.772484
2025-12-04 19:07:53 INFO     Training average sigma_mean at step 30000: 0.127695
2025-12-04 19:07:53 INFO     Training average regularization at step 30000: 0.006333
2025-12-04 19:07:53 INFO     Training average loss at step 30000: 2.504050
2025-12-04 19:07:53 INFO     Evaluating on Valid Dataset...
2025-12-04 19:07:53 INFO     >>>>> RuleE emb: Evaluating on valid
2025-12-04 19:08:03 INFO     Data : 4274
2025-12-04 19:08:03 INFO     Hit1 : 0.545859
2025-12-04 19:08:03 INFO     Hit3 : 0.781937
2025-12-04 19:08:03 INFO     Hit10: 0.941273
2025-12-04 19:08:03 INFO     MR   : 3.372953
2025-12-04 19:08:03 INFO     MRR  : 0.682259
2025-12-04 19:08:03 INFO     Finishing pre-training!
2025-12-04 19:08:03 INFO     Test the results of pre-training
2025-12-04 19:08:03 INFO     >>>>> RuleE emb: Evaluating on valid
2025-12-04 19:08:13 INFO     Data : 4274
2025-12-04 19:08:13 INFO     Hit1 : 0.548900
2025-12-04 19:08:13 INFO     Hit3 : 0.781937
2025-12-04 19:08:13 INFO     Hit10: 0.941975
2025-12-04 19:08:13 INFO     MR   : 3.369443
2025-12-04 19:08:13 INFO     MRR  : 0.683719
2025-12-04 19:08:13 INFO     >>>>> RuleE emb: Evaluating on test
2025-12-04 19:08:25 INFO     Data : 10686
2025-12-04 19:08:25 INFO     Hit1 : 0.538649
2025-12-04 19:08:25 INFO     Hit3 : 0.768669
2025-12-04 19:08:25 INFO     Hit10: 0.937395
2025-12-04 19:08:25 INFO     MR   : 3.502807
2025-12-04 19:08:25 INFO     MRR  : 0.674652
2025-12-04 19:08:25 INFO     Pre-computed rule_mu for grounding: mean=-0.797150, std=0.854650
2025-12-04 19:08:25 INFO     >>>>> RulE: Grounding-Training
2025-12-04 19:08:25 INFO     -------------------------
2025-12-04 19:08:25 INFO     | Iteration: 1/10
2025-12-04 19:08:25 INFO     -------------------------
2025-12-04 19:08:41 INFO     loss:    10 224 4.582504 3026.4
2025-12-04 19:08:41 INFO     Save checkpoint to kinship\grounding.pt
2025-12-04 19:09:06 INFO     loss:    20 224 4.320762 3213.6
2025-12-04 19:09:06 INFO     Save checkpoint to kinship\grounding.pt
2025-12-04 19:09:11 INFO     loss:    30 224 4.261193 2849.6
2025-12-04 19:09:11 INFO     Save checkpoint to kinship\grounding.pt
2025-12-04 19:09:35 INFO     loss:    40 224 4.185942 3307.2
2025-12-04 19:09:35 INFO     Save checkpoint to kinship\grounding.pt
2025-12-04 19:10:09 INFO     loss:    50 224 3.954370 2943.2
2025-12-04 19:10:09 INFO     Save checkpoint to kinship\grounding.pt
2025-12-04 19:10:29 INFO     loss:    60 224 3.915581 2776.8
2025-12-04 19:10:29 INFO     Save checkpoint to kinship\grounding.pt
2025-12-04 19:10:38 INFO     loss:    70 224 3.928960 2412.8
2025-12-04 19:10:38 INFO     Save checkpoint to kinship\grounding.pt
2025-12-04 19:10:58 INFO     loss:    80 224 3.764562 2943.2
2025-12-04 19:10:58 INFO     Save checkpoint to kinship\grounding.pt
2025-12-04 19:11:12 INFO     loss:    90 224 3.686624 3036.8
2025-12-04 19:11:12 INFO     Save checkpoint to kinship\grounding.pt
2025-12-04 19:11:32 INFO     loss:    100 224 4.317377 2683.2
2025-12-04 19:11:32 INFO     Save checkpoint to kinship\grounding.pt
2025-12-04 19:11:46 INFO     loss:    110 224 3.807955 2964.0
2025-12-04 19:11:46 INFO     Save checkpoint to kinship\grounding.pt
2025-12-04 19:12:15 INFO     loss:    120 224 3.532983 3328.0
2025-12-04 19:12:15 INFO     Save checkpoint to kinship\grounding.pt
2025-12-04 19:12:38 INFO     loss:    130 224 4.146391 2870.4
2025-12-04 19:12:38 INFO     Save checkpoint to kinship\grounding.pt
2025-12-04 19:12:52 INFO     loss:    140 224 3.424077 3244.8
2025-12-04 19:12:52 INFO     Save checkpoint to kinship\grounding.pt
2025-12-04 19:13:07 INFO     loss:    150 224 3.368024 3203.2
2025-12-04 19:13:07 INFO     Save checkpoint to kinship\grounding.pt
2025-12-04 19:13:13 INFO     loss:    160 224 3.145596 3244.8
2025-12-04 19:13:13 INFO     Save checkpoint to kinship\grounding.pt
2025-12-04 19:13:22 INFO     loss:    170 224 3.374887 2329.6
2025-12-04 19:13:22 INFO     Save checkpoint to kinship\grounding.pt
2025-12-04 19:13:36 INFO     loss:    180 224 3.326137 2995.2
2025-12-04 19:13:36 INFO     Save checkpoint to kinship\grounding.pt
2025-12-04 19:13:51 INFO     loss:    190 224 3.218332 3068.0
2025-12-04 19:13:51 INFO     Save checkpoint to kinship\grounding.pt
2025-12-04 19:14:09 INFO     loss:    200 224 3.010810 2922.4
2025-12-04 19:14:09 INFO     Save checkpoint to kinship\grounding.pt
2025-12-04 19:14:25 INFO     loss:    210 224 2.958125 2984.8
2025-12-04 19:14:25 INFO     Save checkpoint to kinship\grounding.pt
2025-12-04 19:14:45 INFO     loss:    220 224 2.801902 3328.0
2025-12-04 19:14:45 INFO     Save checkpoint to kinship\grounding.pt
2025-12-04 19:14:52 INFO     >>>>> Predictor: Evaluating on valid
2025-12-04 19:17:46 INFO     Data : 4274
2025-12-04 19:17:46 INFO     Hit1 : 0.523397
2025-12-04 19:17:46 INFO     Hit3 : 0.751521
2025-12-04 19:17:46 INFO     Hit10: 0.931680
2025-12-04 19:17:46 INFO     MR   : 3.561301
2025-12-04 19:17:46 INFO     MRR  : 0.661950
2025-12-04 19:17:46 INFO     Save checkpoint to kinship\grounding.pt
2025-12-04 19:17:47 INFO     -------------------------
2025-12-04 19:17:47 INFO     | Iteration: 2/10
2025-12-04 19:17:47 INFO     -------------------------
2025-12-04 19:18:07 INFO     loss:    10 224 3.335234 3026.4
2025-12-04 19:18:07 INFO     Save checkpoint to kinship\grounding.pt
2025-12-04 19:18:27 INFO     loss:    20 224 2.957519 3213.6
2025-12-04 19:18:27 INFO     Save checkpoint to kinship\grounding.pt
2025-12-04 19:18:31 INFO     loss:    30 224 2.922108 2849.6
2025-12-04 19:18:31 INFO     Save checkpoint to kinship\grounding.pt
2025-12-04 19:18:55 INFO     loss:    40 224 2.802647 3307.2
2025-12-04 19:18:55 INFO     Save checkpoint to kinship\grounding.pt
2025-12-04 19:19:20 INFO     loss:    50 224 3.098825 2943.2
2025-12-04 19:19:20 INFO     Save checkpoint to kinship\grounding.pt
2025-12-04 19:19:41 INFO     loss:    60 224 2.863265 2776.8
2025-12-04 19:19:41 INFO     Save checkpoint to kinship\grounding.pt
2025-12-04 19:19:50 INFO     loss:    70 224 2.767967 2412.8
2025-12-04 19:19:50 INFO     Save checkpoint to kinship\grounding.pt
2025-12-04 19:20:10 INFO     loss:    80 224 2.968664 2943.2
2025-12-04 19:20:10 INFO     Save checkpoint to kinship\grounding.pt
2025-12-04 19:20:24 INFO     loss:    90 224 2.890373 3036.8
2025-12-04 19:20:24 INFO     Save checkpoint to kinship\grounding.pt
2025-12-04 19:20:44 INFO     loss:    100 224 2.155138 2683.2
2025-12-04 19:20:44 INFO     Save checkpoint to kinship\grounding.pt
2025-12-04 19:20:58 INFO     loss:    110 224 3.000424 2964.0
2025-12-04 19:20:58 INFO     Save checkpoint to kinship\grounding.pt
2025-12-04 19:21:27 INFO     loss:    120 224 2.927521 3328.0
2025-12-04 19:21:27 INFO     Save checkpoint to kinship\grounding.pt
2025-12-04 19:21:50 INFO     loss:    130 224 2.023048 2870.4
2025-12-04 19:21:50 INFO     Save checkpoint to kinship\grounding.pt
2025-12-04 19:22:05 INFO     loss:    140 224 3.001494 3244.8
2025-12-04 19:22:05 INFO     Save checkpoint to kinship\grounding.pt
2025-12-04 19:22:19 INFO     loss:    150 224 2.823191 3203.2
2025-12-04 19:22:19 INFO     Save checkpoint to kinship\grounding.pt
2025-12-04 19:22:25 INFO     loss:    160 224 2.467054 3244.8
2025-12-04 19:22:25 INFO     Save checkpoint to kinship\grounding.pt
2025-12-04 19:22:34 INFO     loss:    170 224 3.021567 2329.6
2025-12-04 19:22:34 INFO     Save checkpoint to kinship\grounding.pt
2025-12-04 19:22:48 INFO     loss:    180 224 2.686224 2995.2
2025-12-04 19:22:48 INFO     Save checkpoint to kinship\grounding.pt
2025-12-04 19:23:02 INFO     loss:    190 224 2.945853 3068.0
2025-12-04 19:23:02 INFO     Save checkpoint to kinship\grounding.pt
2025-12-04 19:23:21 INFO     loss:    200 224 2.596626 2922.4
2025-12-04 19:23:21 INFO     Save checkpoint to kinship\grounding.pt
2025-12-04 19:23:37 INFO     loss:    210 224 2.492651 2984.8
2025-12-04 19:23:37 INFO     Save checkpoint to kinship\grounding.pt
2025-12-04 19:23:56 INFO     loss:    220 224 2.395610 3328.0
2025-12-04 19:23:56 INFO     Save checkpoint to kinship\grounding.pt
2025-12-04 19:24:04 INFO     >>>>> Predictor: Evaluating on valid
2025-12-04 19:26:59 INFO     Data : 4274
2025-12-04 19:26:59 INFO     Hit1 : 0.552878
2025-12-04 19:26:59 INFO     Hit3 : 0.787085
2025-12-04 19:26:59 INFO     Hit10: 0.948994
2025-12-04 19:26:59 INFO     MR   : 3.207534
2025-12-04 19:26:59 INFO     MRR  : 0.690942
2025-12-04 19:26:59 INFO     Save checkpoint to kinship\grounding.pt
2025-12-04 19:26:59 INFO     -------------------------
2025-12-04 19:26:59 INFO     | Iteration: 3/10
2025-12-04 19:26:59 INFO     -------------------------
2025-12-04 19:27:19 INFO     loss:    10 224 3.112469 3026.4
2025-12-04 19:27:19 INFO     Save checkpoint to kinship\grounding.pt
2025-12-04 19:27:39 INFO     loss:    20 224 2.753644 3213.6
2025-12-04 19:27:39 INFO     Save checkpoint to kinship\grounding.pt
2025-12-04 19:27:43 INFO     loss:    30 224 2.557391 2849.6
2025-12-04 19:27:43 INFO     Save checkpoint to kinship\grounding.pt
2025-12-04 19:28:07 INFO     loss:    40 224 2.533067 3307.2
2025-12-04 19:28:07 INFO     Save checkpoint to kinship\grounding.pt
2025-12-04 19:28:32 INFO     loss:    50 224 3.002971 2943.2
2025-12-04 19:28:32 INFO     Save checkpoint to kinship\grounding.pt
2025-12-04 19:28:52 INFO     loss:    60 224 2.589134 2776.8
2025-12-04 19:28:52 INFO     Save checkpoint to kinship\grounding.pt
2025-12-04 19:29:01 INFO     loss:    70 224 2.472675 2412.8
2025-12-04 19:29:01 INFO     Save checkpoint to kinship\grounding.pt
2025-12-04 19:29:22 INFO     loss:    80 224 2.833975 2943.2
2025-12-04 19:29:22 INFO     Save checkpoint to kinship\grounding.pt
2025-12-04 19:29:36 INFO     loss:    90 224 2.667311 3036.8
2025-12-04 19:29:36 INFO     Save checkpoint to kinship\grounding.pt
2025-12-04 19:29:56 INFO     loss:    100 224 0.244680 2683.2
2025-12-04 19:29:56 INFO     Save checkpoint to kinship\grounding.pt
2025-12-04 19:30:10 INFO     loss:    110 224 2.496018 2964.0
2025-12-04 19:30:10 INFO     Save checkpoint to kinship\grounding.pt
2025-12-04 19:30:39 INFO     loss:    120 224 2.777449 3328.0
2025-12-04 19:30:39 INFO     Save checkpoint to kinship\grounding.pt
2025-12-04 19:31:01 INFO     loss:    130 224 0.327787 2870.4
2025-12-04 19:31:01 INFO     Save checkpoint to kinship\grounding.pt
2025-12-04 19:31:16 INFO     loss:    140 224 2.894419 3244.8
2025-12-04 19:31:16 INFO     Save checkpoint to kinship\grounding.pt
2025-12-04 19:31:31 INFO     loss:    150 224 2.682756 3203.2
2025-12-04 19:31:31 INFO     Save checkpoint to kinship\grounding.pt
2025-12-04 19:31:37 INFO     loss:    160 224 2.223699 3244.8
2025-12-04 19:31:37 INFO     Save checkpoint to kinship\grounding.pt
2025-12-04 19:31:45 INFO     loss:    170 224 2.938368 2329.6
2025-12-04 19:31:45 INFO     Save checkpoint to kinship\grounding.pt
2025-12-04 19:31:59 INFO     loss:    180 224 2.390512 2995.2
2025-12-04 19:31:59 INFO     Save checkpoint to kinship\grounding.pt
2025-12-04 19:32:14 INFO     loss:    190 224 2.870711 3068.0
2025-12-04 19:32:14 INFO     Save checkpoint to kinship\grounding.pt
2025-12-04 19:32:33 INFO     loss:    200 224 2.440167 2922.4
2025-12-04 19:32:33 INFO     Save checkpoint to kinship\grounding.pt
2025-12-04 19:32:49 INFO     loss:    210 224 2.351005 2984.8
2025-12-04 19:32:49 INFO     Save checkpoint to kinship\grounding.pt
2025-12-04 19:33:08 INFO     loss:    220 224 2.260736 3328.0
2025-12-04 19:33:08 INFO     Save checkpoint to kinship\grounding.pt
2025-12-04 19:33:15 INFO     >>>>> Predictor: Evaluating on valid
2025-12-04 19:36:10 INFO     Data : 4274
2025-12-04 19:36:10 INFO     Hit1 : 0.567618
2025-12-04 19:36:10 INFO     Hit3 : 0.797847
2025-12-04 19:36:10 INFO     Hit10: 0.952737
2025-12-04 19:36:10 INFO     MR   : 3.102480
2025-12-04 19:36:10 INFO     MRR  : 0.701773
2025-12-04 19:36:10 INFO     Save checkpoint to kinship\grounding.pt
2025-12-04 19:36:11 INFO     -------------------------
2025-12-04 19:36:11 INFO     | Iteration: 4/10
2025-12-04 19:36:11 INFO     -------------------------
2025-12-04 19:36:31 INFO     loss:    10 224 3.034820 3026.4
2025-12-04 19:36:31 INFO     Save checkpoint to kinship\grounding.pt
2025-12-04 19:36:50 INFO     loss:    20 224 2.703715 3213.6
2025-12-04 19:36:50 INFO     Save checkpoint to kinship\grounding.pt
2025-12-04 19:36:55 INFO     loss:    30 224 2.391368 2849.6
2025-12-04 19:36:55 INFO     Save checkpoint to kinship\grounding.pt
2025-12-04 19:37:19 INFO     loss:    40 224 2.386887 3307.2
2025-12-04 19:37:19 INFO     Save checkpoint to kinship\grounding.pt
2025-12-04 19:37:44 INFO     loss:    50 224 2.955289 2943.2
2025-12-04 19:37:44 INFO     Save checkpoint to kinship\grounding.pt
2025-12-04 19:38:04 INFO     loss:    60 224 2.475233 2776.8
2025-12-04 19:38:04 INFO     Save checkpoint to kinship\grounding.pt
2025-12-04 19:38:13 INFO     loss:    70 224 2.357219 2412.8
2025-12-04 19:38:13 INFO     Save checkpoint to kinship\grounding.pt
2025-12-04 19:38:33 INFO     loss:    80 224 2.751815 2943.2
2025-12-04 19:38:33 INFO     Save checkpoint to kinship\grounding.pt
2025-12-04 19:38:47 INFO     loss:    90 224 2.546826 3036.8
2025-12-04 19:38:47 INFO     Save checkpoint to kinship\grounding.pt
2025-12-04 19:39:07 INFO     loss:    100 224 0.025224 2683.2
2025-12-04 19:39:07 INFO     Save checkpoint to kinship\grounding.pt
2025-12-04 19:39:21 INFO     loss:    110 224 2.191941 2964.0
2025-12-04 19:39:21 INFO     Save checkpoint to kinship\grounding.pt
2025-12-04 19:39:50 INFO     loss:    120 224 2.678899 3328.0
2025-12-04 19:39:50 INFO     Save checkpoint to kinship\grounding.pt
2025-12-04 19:40:12 INFO     loss:    130 224 0.046956 2870.4
2025-12-04 19:40:12 INFO     Save checkpoint to kinship\grounding.pt
2025-12-04 19:40:27 INFO     loss:    140 224 2.802359 3244.8
2025-12-04 19:40:27 INFO     Save checkpoint to kinship\grounding.pt
2025-12-04 19:40:42 INFO     loss:    150 224 2.603491 3203.2
2025-12-04 19:40:42 INFO     Save checkpoint to kinship\grounding.pt
2025-12-04 19:40:47 INFO     loss:    160 224 2.068452 3244.8
2025-12-04 19:40:47 INFO     Save checkpoint to kinship\grounding.pt
2025-12-04 19:40:56 INFO     loss:    170 224 2.888951 2329.6
2025-12-04 19:40:56 INFO     Save checkpoint to kinship\grounding.pt
2025-12-04 19:41:10 INFO     loss:    180 224 2.209917 2995.2
2025-12-04 19:41:10 INFO     Save checkpoint to kinship\grounding.pt
2025-12-04 19:41:25 INFO     loss:    190 224 2.808443 3068.0
2025-12-04 19:41:25 INFO     Save checkpoint to kinship\grounding.pt
2025-12-04 19:41:43 INFO     loss:    200 224 2.331160 2922.4
2025-12-04 19:41:43 INFO     Save checkpoint to kinship\grounding.pt
2025-12-04 19:41:59 INFO     loss:    210 224 2.247518 2984.8
2025-12-04 19:41:59 INFO     Save checkpoint to kinship\grounding.pt
2025-12-04 19:42:19 INFO     loss:    220 224 2.164314 3328.0
2025-12-04 19:42:19 INFO     Save checkpoint to kinship\grounding.pt
2025-12-04 19:42:26 INFO     >>>>> Predictor: Evaluating on valid
2025-12-04 19:45:21 INFO     Data : 4274
2025-12-04 19:45:21 INFO     Hit1 : 0.559429
2025-12-04 19:45:21 INFO     Hit3 : 0.798315
2025-12-04 19:45:21 INFO     Hit10: 0.954609
2025-12-04 19:45:21 INFO     MR   : 3.085400
2025-12-04 19:45:21 INFO     MRR  : 0.698136
2025-12-04 19:45:21 INFO     -------------------------
2025-12-04 19:45:21 INFO     | Iteration: 5/10
2025-12-04 19:45:21 INFO     -------------------------
2025-12-04 19:45:41 INFO     loss:    10 224 2.969391 3026.4
2025-12-04 19:45:41 INFO     Save checkpoint to kinship\grounding.pt
2025-12-04 19:46:00 INFO     loss:    20 224 2.650773 3213.6
2025-12-04 19:46:00 INFO     Save checkpoint to kinship\grounding.pt
2025-12-04 19:46:05 INFO     loss:    30 224 2.245779 2849.6
2025-12-04 19:46:05 INFO     Save checkpoint to kinship\grounding.pt
2025-12-04 19:46:31 INFO     loss:    40 224 2.243243 3307.2
2025-12-04 19:46:31 INFO     Save checkpoint to kinship\grounding.pt
2025-12-04 19:46:58 INFO     loss:    50 224 2.905814 2943.2
2025-12-04 19:46:58 INFO     Save checkpoint to kinship\grounding.pt
2025-12-04 19:47:19 INFO     loss:    60 224 2.369994 2776.8
2025-12-04 19:47:19 INFO     Save checkpoint to kinship\grounding.pt
2025-12-04 19:47:28 INFO     loss:    70 224 2.260256 2412.8
2025-12-04 19:47:28 INFO     Save checkpoint to kinship\grounding.pt
2025-12-04 19:47:50 INFO     loss:    80 224 2.669704 2943.2
2025-12-04 19:47:50 INFO     Save checkpoint to kinship\grounding.pt
2025-12-04 19:48:05 INFO     loss:    90 224 2.433813 3036.8
2025-12-04 19:48:05 INFO     Save checkpoint to kinship\grounding.pt
2025-12-04 19:48:27 INFO     loss:    100 224 0.005814 2683.2
2025-12-04 19:48:27 INFO     Save checkpoint to kinship\grounding.pt
2025-12-04 19:48:42 INFO     loss:    110 224 1.963518 2964.0
2025-12-04 19:48:42 INFO     Save checkpoint to kinship\grounding.pt
2025-12-04 19:49:12 INFO     loss:    120 224 2.575838 3328.0
2025-12-04 19:49:12 INFO     Save checkpoint to kinship\grounding.pt
2025-12-04 19:49:36 INFO     loss:    130 224 0.011243 2870.4
2025-12-04 19:49:36 INFO     Save checkpoint to kinship\grounding.pt
2025-12-04 19:49:52 INFO     loss:    140 224 2.697994 3244.8
2025-12-04 19:49:52 INFO     Save checkpoint to kinship\grounding.pt
2025-12-04 19:50:09 INFO     loss:    150 224 2.521789 3203.2
2025-12-04 19:50:09 INFO     Save checkpoint to kinship\grounding.pt
2025-12-04 19:50:16 INFO     loss:    160 224 1.914504 3244.8
2025-12-04 19:50:16 INFO     Save checkpoint to kinship\grounding.pt
2025-12-04 19:50:26 INFO     loss:    170 224 2.836884 2329.6
2025-12-04 19:50:26 INFO     Save checkpoint to kinship\grounding.pt
2025-12-04 19:50:42 INFO     loss:    180 224 2.035400 2995.2
2025-12-04 19:50:42 INFO     Save checkpoint to kinship\grounding.pt
2025-12-04 19:50:58 INFO     loss:    190 224 2.744575 3068.0
2025-12-04 19:50:58 INFO     Save checkpoint to kinship\grounding.pt
2025-12-04 19:51:18 INFO     loss:    200 224 2.226707 2922.4
2025-12-04 19:51:18 INFO     Save checkpoint to kinship\grounding.pt
2025-12-04 19:51:36 INFO     loss:    210 224 2.136257 2984.8
2025-12-04 19:51:36 INFO     Save checkpoint to kinship\grounding.pt
2025-12-04 19:51:57 INFO     loss:    220 224 2.064154 3328.0
2025-12-04 19:51:57 INFO     Save checkpoint to kinship\grounding.pt
2025-12-04 19:52:04 INFO     >>>>> Predictor: Evaluating on valid
2025-12-04 19:55:31 INFO     Data : 4274
2025-12-04 19:55:31 INFO     Hit1 : 0.553112
2025-12-04 19:55:31 INFO     Hit3 : 0.790594
2025-12-04 19:55:31 INFO     Hit10: 0.953205
2025-12-04 19:55:31 INFO     MR   : 3.129621
2025-12-04 19:55:31 INFO     MRR  : 0.691291
2025-12-04 19:55:31 INFO     -------------------------
2025-12-04 19:55:31 INFO     | Iteration: 6/10
2025-12-04 19:55:31 INFO     -------------------------
2025-12-04 19:56:02 INFO     loss:    10 224 2.903091 3026.4
2025-12-04 19:56:02 INFO     Save checkpoint to kinship\grounding.pt
2025-12-04 19:56:23 INFO     loss:    20 224 2.581017 3213.6
2025-12-04 19:56:23 INFO     Save checkpoint to kinship\grounding.pt
2025-12-04 19:56:29 INFO     loss:    30 224 2.091724 2849.6
2025-12-04 19:56:29 INFO     Save checkpoint to kinship\grounding.pt
2025-12-04 19:56:54 INFO     loss:    40 224 2.091364 3307.2
2025-12-04 19:56:54 INFO     Save checkpoint to kinship\grounding.pt
2025-12-04 19:57:21 INFO     loss:    50 224 2.853845 2943.2
2025-12-04 19:57:21 INFO     Save checkpoint to kinship\grounding.pt
2025-12-04 19:57:43 INFO     loss:    60 224 2.248161 2776.8
2025-12-04 19:57:43 INFO     Save checkpoint to kinship\grounding.pt
2025-12-04 19:57:53 INFO     loss:    70 224 2.152184 2412.8
2025-12-04 19:57:53 INFO     Save checkpoint to kinship\grounding.pt
2025-12-04 19:58:14 INFO     loss:    80 224 2.589140 2943.2
2025-12-04 19:58:14 INFO     Save checkpoint to kinship\grounding.pt
2025-12-04 19:58:29 INFO     loss:    90 224 2.317261 3036.8
2025-12-04 19:58:29 INFO     Save checkpoint to kinship\grounding.pt
2025-12-04 19:58:51 INFO     loss:    100 224 0.001203 2683.2
2025-12-04 19:58:51 INFO     Save checkpoint to kinship\grounding.pt
2025-12-04 19:59:06 INFO     loss:    110 224 1.733717 2964.0
2025-12-04 19:59:06 INFO     Save checkpoint to kinship\grounding.pt
2025-12-04 19:59:37 INFO     loss:    120 224 2.469880 3328.0
2025-12-04 19:59:37 INFO     Save checkpoint to kinship\grounding.pt
2025-12-04 20:00:05 INFO     loss:    130 224 0.002552 2870.4
2025-12-04 20:00:05 INFO     Save checkpoint to kinship\grounding.pt
2025-12-04 20:00:23 INFO     loss:    140 224 2.577893 3244.8
2025-12-04 20:00:23 INFO     Save checkpoint to kinship\grounding.pt
2025-12-04 20:00:40 INFO     loss:    150 224 2.426644 3203.2
2025-12-04 20:00:40 INFO     Save checkpoint to kinship\grounding.pt
2025-12-04 20:00:47 INFO     loss:    160 224 1.754908 3244.8
2025-12-04 20:00:47 INFO     Save checkpoint to kinship\grounding.pt
2025-12-04 20:00:57 INFO     loss:    170 224 2.778329 2329.6
2025-12-04 20:00:57 INFO     Save checkpoint to kinship\grounding.pt
2025-12-04 20:01:15 INFO     loss:    180 224 1.843910 2995.2
2025-12-04 20:01:15 INFO     Save checkpoint to kinship\grounding.pt
2025-12-04 20:01:31 INFO     loss:    190 224 2.676533 3068.0
2025-12-04 20:01:31 INFO     Save checkpoint to kinship\grounding.pt
2025-12-04 20:01:55 INFO     loss:    200 224 2.120802 2922.4
2025-12-04 20:01:55 INFO     Save checkpoint to kinship\grounding.pt
2025-12-04 20:02:16 INFO     loss:    210 224 2.013338 2984.8
2025-12-04 20:02:16 INFO     Save checkpoint to kinship\grounding.pt
2025-12-04 20:02:39 INFO     loss:    220 224 1.956294 3328.0
2025-12-04 20:02:39 INFO     Save checkpoint to kinship\grounding.pt
2025-12-04 20:02:47 INFO     >>>>> Predictor: Evaluating on valid
2025-12-04 20:06:08 INFO     Data : 4274
2025-12-04 20:06:08 INFO     Hit1 : 0.536032
2025-12-04 20:06:08 INFO     Hit3 : 0.778662
2025-12-04 20:06:08 INFO     Hit10: 0.952270
2025-12-04 20:06:08 INFO     MR   : 3.215723
2025-12-04 20:06:08 INFO     MRR  : 0.677608
2025-12-04 20:06:08 INFO     -------------------------
2025-12-04 20:06:08 INFO     | Iteration: 7/10
2025-12-04 20:06:08 INFO     -------------------------
2025-12-04 20:06:31 INFO     loss:    10 224 2.828672 3026.4
2025-12-04 20:06:31 INFO     Save checkpoint to kinship\grounding.pt
2025-12-04 20:06:54 INFO     loss:    20 224 2.484187 3213.6
2025-12-04 20:06:54 INFO     Save checkpoint to kinship\grounding.pt
2025-12-04 20:06:59 INFO     loss:    30 224 1.930311 2849.6
2025-12-04 20:06:59 INFO     Save checkpoint to kinship\grounding.pt
2025-12-04 20:07:25 INFO     loss:    40 224 1.932263 3307.2
2025-12-04 20:07:25 INFO     Save checkpoint to kinship\grounding.pt
2025-12-04 20:07:55 INFO     loss:    50 224 2.796635 2943.2
2025-12-04 20:07:55 INFO     Save checkpoint to kinship\grounding.pt
2025-12-04 20:08:19 INFO     loss:    60 224 2.113426 2776.8
2025-12-04 20:08:19 INFO     Save checkpoint to kinship\grounding.pt
2025-12-04 20:08:29 INFO     loss:    70 224 2.029576 2412.8
2025-12-04 20:08:29 INFO     Save checkpoint to kinship\grounding.pt
2025-12-04 20:08:53 INFO     loss:    80 224 2.511963 2943.2
2025-12-04 20:08:53 INFO     Save checkpoint to kinship\grounding.pt
2025-12-04 20:09:09 INFO     loss:    90 224 2.189696 3036.8
2025-12-04 20:09:09 INFO     Save checkpoint to kinship\grounding.pt
2025-12-04 20:09:33 INFO     loss:    100 224 0.000195 2683.2
2025-12-04 20:09:33 INFO     Save checkpoint to kinship\grounding.pt
2025-12-04 20:09:47 INFO     loss:    110 224 1.490702 2964.0
2025-12-04 20:09:47 INFO     Save checkpoint to kinship\grounding.pt
2025-12-04 20:10:17 INFO     loss:    120 224 2.360705 3328.0
2025-12-04 20:10:17 INFO     Save checkpoint to kinship\grounding.pt
2025-12-04 20:10:44 INFO     loss:    130 224 0.000492 2870.4
2025-12-04 20:10:44 INFO     Save checkpoint to kinship\grounding.pt
2025-12-04 20:11:01 INFO     loss:    140 224 2.444052 3244.8
2025-12-04 20:11:01 INFO     Save checkpoint to kinship\grounding.pt
2025-12-04 20:11:17 INFO     loss:    150 224 2.318766 3203.2
2025-12-04 20:11:17 INFO     Save checkpoint to kinship\grounding.pt
2025-12-04 20:11:23 INFO     loss:    160 224 1.590456 3244.8
2025-12-04 20:11:23 INFO     Save checkpoint to kinship\grounding.pt
2025-12-04 20:11:32 INFO     loss:    170 224 2.710094 2329.6
2025-12-04 20:11:32 INFO     Save checkpoint to kinship\grounding.pt
2025-12-04 20:11:47 INFO     loss:    180 224 1.639234 2995.2
2025-12-04 20:11:47 INFO     Save checkpoint to kinship\grounding.pt
2025-12-04 20:12:01 INFO     loss:    190 224 2.599815 3068.0
2025-12-04 20:12:01 INFO     Save checkpoint to kinship\grounding.pt
2025-12-04 20:12:21 INFO     loss:    200 224 2.012234 2922.4
2025-12-04 20:12:21 INFO     Save checkpoint to kinship\grounding.pt
2025-12-04 20:12:37 INFO     loss:    210 224 1.875798 2984.8
2025-12-04 20:12:37 INFO     Save checkpoint to kinship\grounding.pt
2025-12-04 20:12:56 INFO     loss:    220 224 1.840357 3328.0
2025-12-04 20:12:56 INFO     Save checkpoint to kinship\grounding.pt
2025-12-04 20:13:03 INFO     >>>>> Predictor: Evaluating on valid
2025-12-04 20:16:05 INFO     Data : 4274
2025-12-04 20:16:05 INFO     Hit1 : 0.514506
2025-12-04 20:16:05 INFO     Hit3 : 0.766261
2025-12-04 20:16:05 INFO     Hit10: 0.949930
2025-12-04 20:16:05 INFO     MR   : 3.327796
2025-12-04 20:16:05 INFO     MRR  : 0.662335
2025-12-04 20:16:05 INFO     -------------------------
2025-12-04 20:16:05 INFO     | Iteration: 8/10
2025-12-04 20:16:05 INFO     -------------------------
2025-12-04 20:16:25 INFO     loss:    10 224 2.742691 3026.4
2025-12-04 20:16:25 INFO     Save checkpoint to kinship\grounding.pt
2025-12-04 20:16:44 INFO     loss:    20 224 2.369065 3213.6
2025-12-04 20:16:44 INFO     Save checkpoint to kinship\grounding.pt
2025-12-04 20:16:49 INFO     loss:    30 224 1.762555 2849.6
2025-12-04 20:16:49 INFO     Save checkpoint to kinship\grounding.pt
2025-12-04 20:17:13 INFO     loss:    40 224 1.765336 3307.2
2025-12-04 20:17:13 INFO     Save checkpoint to kinship\grounding.pt
2025-12-04 20:17:38 INFO     loss:    50 224 2.728470 2943.2
2025-12-04 20:17:38 INFO     Save checkpoint to kinship\grounding.pt
2025-12-04 20:17:59 INFO     loss:    60 224 1.978009 2776.8
2025-12-04 20:17:59 INFO     Save checkpoint to kinship\grounding.pt
2025-12-04 20:18:09 INFO     loss:    70 224 1.894303 2412.8
2025-12-04 20:18:09 INFO     Save checkpoint to kinship\grounding.pt
2025-12-04 20:18:30 INFO     loss:    80 224 2.438553 2943.2
2025-12-04 20:18:30 INFO     Save checkpoint to kinship\grounding.pt
2025-12-04 20:18:45 INFO     loss:    90 224 2.045330 3036.8
2025-12-04 20:18:45 INFO     Save checkpoint to kinship\grounding.pt
2025-12-04 20:19:06 INFO     loss:    100 224 0.000024 2683.2
2025-12-04 20:19:06 INFO     Save checkpoint to kinship\grounding.pt
2025-12-04 20:19:20 INFO     loss:    110 224 1.263897 2964.0
2025-12-04 20:19:20 INFO     Save checkpoint to kinship\grounding.pt
2025-12-04 20:19:50 INFO     loss:    120 224 2.250027 3328.0
2025-12-04 20:19:50 INFO     Save checkpoint to kinship\grounding.pt
2025-12-04 20:20:13 INFO     loss:    130 224 0.000076 2870.4
2025-12-04 20:20:13 INFO     Save checkpoint to kinship\grounding.pt
2025-12-04 20:20:27 INFO     loss:    140 224 2.296500 3244.8
2025-12-04 20:20:27 INFO     Save checkpoint to kinship\grounding.pt
2025-12-04 20:20:42 INFO     loss:    150 224 2.202899 3203.2
2025-12-04 20:20:42 INFO     Save checkpoint to kinship\grounding.pt
2025-12-04 20:20:47 INFO     loss:    160 224 1.429368 3244.8
2025-12-04 20:20:47 INFO     Save checkpoint to kinship\grounding.pt
2025-12-04 20:20:57 INFO     loss:    170 224 2.631824 2329.6
2025-12-04 20:20:57 INFO     Save checkpoint to kinship\grounding.pt
2025-12-04 20:21:14 INFO     loss:    180 224 1.440313 2995.2
2025-12-04 20:21:14 INFO     Save checkpoint to kinship\grounding.pt
2025-12-04 20:21:30 INFO     loss:    190 224 2.508045 3068.0
2025-12-04 20:21:30 INFO     Save checkpoint to kinship\grounding.pt
2025-12-04 20:21:53 INFO     loss:    200 224 1.901428 2922.4
2025-12-04 20:21:53 INFO     Save checkpoint to kinship\grounding.pt
2025-12-04 20:22:12 INFO     loss:    210 224 1.724423 2984.8
2025-12-04 20:22:12 INFO     Save checkpoint to kinship\grounding.pt
2025-12-04 20:22:35 INFO     loss:    220 224 1.717821 3328.0
2025-12-04 20:22:35 INFO     Save checkpoint to kinship\grounding.pt
2025-12-04 20:22:44 INFO     >>>>> Predictor: Evaluating on valid
2025-12-04 20:26:09 INFO     Data : 4274
2025-12-04 20:26:09 INFO     Hit1 : 0.487599
2025-12-04 20:26:09 INFO     Hit3 : 0.750585
2025-12-04 20:26:09 INFO     Hit10: 0.944782
2025-12-04 20:26:09 INFO     MR   : 3.471221
2025-12-04 20:26:09 INFO     MRR  : 0.642795
2025-12-04 20:26:09 INFO     -------------------------
2025-12-04 20:26:09 INFO     | Iteration: 9/10
2025-12-04 20:26:09 INFO     -------------------------
2025-12-04 20:26:32 INFO     loss:    10 224 2.645170 3026.4
2025-12-04 20:26:32 INFO     Save checkpoint to kinship\grounding.pt
2025-12-04 20:26:54 INFO     loss:    20 224 2.237495 3213.6
2025-12-04 20:26:54 INFO     Save checkpoint to kinship\grounding.pt
2025-12-04 20:27:00 INFO     loss:    30 224 1.584594 2849.6
2025-12-04 20:27:00 INFO     Save checkpoint to kinship\grounding.pt
2025-12-04 20:27:28 INFO     loss:    40 224 1.590857 3307.2
2025-12-04 20:27:28 INFO     Save checkpoint to kinship\grounding.pt
2025-12-04 20:27:58 INFO     loss:    50 224 2.645211 2943.2
2025-12-04 20:27:58 INFO     Save checkpoint to kinship\grounding.pt
2025-12-04 20:28:21 INFO     loss:    60 224 1.849027 2776.8
2025-12-04 20:28:21 INFO     Save checkpoint to kinship\grounding.pt
2025-12-04 20:28:32 INFO     loss:    70 224 1.748148 2412.8
2025-12-04 20:28:32 INFO     Save checkpoint to kinship\grounding.pt
2025-12-04 20:28:56 INFO     loss:    80 224 2.362291 2943.2
2025-12-04 20:28:56 INFO     Save checkpoint to kinship\grounding.pt
2025-12-04 20:29:12 INFO     loss:    90 224 1.881037 3036.8
2025-12-04 20:29:12 INFO     Save checkpoint to kinship\grounding.pt
2025-12-04 20:29:36 INFO     loss:    100 224 0.000002 2683.2
2025-12-04 20:29:36 INFO     Save checkpoint to kinship\grounding.pt
2025-12-04 20:29:52 INFO     loss:    110 224 1.088374 2964.0
2025-12-04 20:29:52 INFO     Save checkpoint to kinship\grounding.pt
2025-12-04 20:30:22 INFO     loss:    120 224 2.136766 3328.0
2025-12-04 20:30:22 INFO     Save checkpoint to kinship\grounding.pt
2025-12-04 20:30:51 INFO     loss:    130 224 0.000010 2870.4
2025-12-04 20:30:51 INFO     Save checkpoint to kinship\grounding.pt
2025-12-04 20:31:09 INFO     loss:    140 224 2.139928 3244.8
2025-12-04 20:31:09 INFO     Save checkpoint to kinship\grounding.pt
2025-12-04 20:31:26 INFO     loss:    150 224 2.071784 3203.2
2025-12-04 20:31:26 INFO     Save checkpoint to kinship\grounding.pt
2025-12-04 20:31:32 INFO     loss:    160 224 1.283709 3244.8
2025-12-04 20:31:32 INFO     Save checkpoint to kinship\grounding.pt
2025-12-04 20:31:42 INFO     loss:    170 224 2.542747 2329.6
2025-12-04 20:31:42 INFO     Save checkpoint to kinship\grounding.pt
2025-12-04 20:31:59 INFO     loss:    180 224 1.267524 2995.2
2025-12-04 20:31:59 INFO     Save checkpoint to kinship\grounding.pt
2025-12-04 20:32:16 INFO     loss:    190 224 2.397942 3068.0
2025-12-04 20:32:16 INFO     Save checkpoint to kinship\grounding.pt
2025-12-04 20:32:38 INFO     loss:    200 224 1.790863 2922.4
2025-12-04 20:32:38 INFO     Save checkpoint to kinship\grounding.pt
2025-12-04 20:32:57 INFO     loss:    210 224 1.560288 2984.8
2025-12-04 20:32:57 INFO     Save checkpoint to kinship\grounding.pt
2025-12-04 20:33:20 INFO     loss:    220 224 1.593994 3328.0
2025-12-04 20:33:20 INFO     Save checkpoint to kinship\grounding.pt
2025-12-04 20:33:29 INFO     >>>>> Predictor: Evaluating on valid
2025-12-04 20:36:57 INFO     Data : 4274
2025-12-04 20:36:57 INFO     Hit1 : 0.470051
2025-12-04 20:36:57 INFO     Hit3 : 0.731399
2025-12-04 20:36:57 INFO     Hit10: 0.941273
2025-12-04 20:36:57 INFO     MR   : 3.648573
2025-12-04 20:36:57 INFO     MRR  : 0.627694
2025-12-04 20:36:57 INFO     -------------------------
2025-12-04 20:36:57 INFO     | Iteration: 10/10
2025-12-04 20:36:57 INFO     -------------------------
2025-12-04 20:37:20 INFO     loss:    10 224 2.542730 3026.4
2025-12-04 20:37:20 INFO     Save checkpoint to kinship\grounding.pt
2025-12-04 20:37:42 INFO     loss:    20 224 2.092359 3213.6
2025-12-04 20:37:42 INFO     Save checkpoint to kinship\grounding.pt
2025-12-04 20:37:48 INFO     loss:    30 224 1.404664 2849.6
2025-12-04 20:37:48 INFO     Save checkpoint to kinship\grounding.pt
2025-12-04 20:38:16 INFO     loss:    40 224 1.413569 3307.2
2025-12-04 20:38:16 INFO     Save checkpoint to kinship\grounding.pt
2025-12-04 20:38:46 INFO     loss:    50 224 2.553132 2943.2
2025-12-04 20:38:46 INFO     Save checkpoint to kinship\grounding.pt
2025-12-04 20:39:10 INFO     loss:    60 224 1.731449 2776.8
2025-12-04 20:39:10 INFO     Save checkpoint to kinship\grounding.pt
2025-12-04 20:39:20 INFO     loss:    70 224 1.598905 2412.8
2025-12-04 20:39:20 INFO     Save checkpoint to kinship\grounding.pt
2025-12-04 20:39:40 INFO     loss:    80 224 2.270645 2943.2
2025-12-04 20:39:40 INFO     Save checkpoint to kinship\grounding.pt
2025-12-04 20:39:54 INFO     loss:    90 224 1.705817 3036.8
2025-12-04 20:39:54 INFO     Save checkpoint to kinship\grounding.pt
2025-12-04 20:40:14 INFO     loss:    100 224 0.000000 2683.2
2025-12-04 20:40:14 INFO     Save checkpoint to kinship\grounding.pt
2025-12-04 20:40:28 INFO     loss:    110 224 1.104265 2964.0
2025-12-04 20:40:28 INFO     Save checkpoint to kinship\grounding.pt
2025-12-04 20:40:57 INFO     loss:    120 224 2.070468 3328.0
2025-12-04 20:40:57 INFO     Save checkpoint to kinship\grounding.pt
2025-12-04 20:41:20 INFO     loss:    130 224 0.000001 2870.4
2025-12-04 20:41:20 INFO     Save checkpoint to kinship\grounding.pt
2025-12-04 20:41:35 INFO     loss:    140 224 1.982090 3244.8
2025-12-04 20:41:35 INFO     Save checkpoint to kinship\grounding.pt
2025-12-04 20:41:50 INFO     loss:    150 224 1.941262 3203.2
2025-12-04 20:41:50 INFO     Save checkpoint to kinship\grounding.pt
2025-12-04 20:41:55 INFO     loss:    160 224 1.163069 3244.8
2025-12-04 20:41:55 INFO     Save checkpoint to kinship\grounding.pt
2025-12-04 20:42:04 INFO     loss:    170 224 2.437628 2329.6
2025-12-04 20:42:04 INFO     Save checkpoint to kinship\grounding.pt
2025-12-04 20:42:19 INFO     loss:    180 224 1.128394 2995.2
2025-12-04 20:42:19 INFO     Save checkpoint to kinship\grounding.pt
2025-12-04 20:42:35 INFO     loss:    190 224 2.274570 3068.0
2025-12-04 20:42:35 INFO     Save checkpoint to kinship\grounding.pt
2025-12-04 20:42:57 INFO     loss:    200 224 1.682762 2922.4
2025-12-04 20:42:57 INFO     Save checkpoint to kinship\grounding.pt
2025-12-04 20:43:16 INFO     loss:    210 224 1.391113 2984.8
2025-12-04 20:43:16 INFO     Save checkpoint to kinship\grounding.pt
2025-12-04 20:43:36 INFO     loss:    220 224 1.480764 3328.0
2025-12-04 20:43:36 INFO     Save checkpoint to kinship\grounding.pt
2025-12-04 20:43:43 INFO     >>>>> Predictor: Evaluating on valid
2025-12-04 20:47:02 INFO     Data : 4274
2025-12-04 20:47:02 INFO     Hit1 : 0.448526
2025-12-04 20:47:02 INFO     Hit3 : 0.710576
2025-12-04 20:47:02 INFO     Hit10: 0.934488
2025-12-04 20:47:02 INFO     MR   : 3.904071
2025-12-04 20:47:02 INFO     MRR  : 0.607969
2025-12-04 20:47:02 INFO     -------------------------
2025-12-04 20:47:02 INFO     | Final Test MRR: 0.000000
2025-12-04 20:47:02 INFO     -------------------------
2025-12-04 20:47:02 INFO     >>>>> Predictor: Evaluating on valid
2025-12-04 20:50:19 INFO     Data : 4274
2025-12-04 20:50:19 INFO     Hit1 : 0.447356
2025-12-04 20:50:19 INFO     Hit3 : 0.710810
2025-12-04 20:50:19 INFO     Hit10: 0.935423
2025-12-04 20:50:19 INFO     MR   : 3.901731
2025-12-04 20:50:19 INFO     MRR  : 0.607531
2025-12-04 20:50:19 INFO     >>>>> Predictor: Evaluating on test
2025-12-04 20:57:47 INFO     Data : 10686
2025-12-04 20:57:47 INFO     Hit1 : 0.425510
2025-12-04 20:57:47 INFO     Hit3 : 0.698390
2025-12-04 20:57:47 INFO     Hit10: 0.924855
2025-12-04 20:57:47 INFO     MR   : 4.178083
2025-12-04 20:57:47 INFO     MRR  : 0.591474
2025-12-04 20:57:47 INFO     >>>>> Predictor: Evaluating on test_kge
2025-12-04 21:00:28 INFO     Data : 10686
2025-12-04 21:00:28 INFO     Hit1 : 0.581415
2025-12-04 21:00:28 INFO     Hit3 : 0.805259
2025-12-04 21:00:28 INFO     Hit10: 0.955830
2025-12-04 21:00:28 INFO     MR   : 3.087685
2025-12-04 21:00:28 INFO     MRR  : 0.711318
