2025-12-05 21:59:51 INFO     read 10000 rules from list.
2025-12-05 21:59:51 INFO     Loaded support_counts from ../data/kinship\support_counts.pt
2025-12-05 21:59:51 INFO     Uncertainty modeling initialized: num_rules=10000, num_samples=5, lambda_0=1.0
2025-12-05 21:59:53 INFO     >>>>> ruleE: Pre-training
2025-12-05 22:00:04 INFO     Training average positive_fact_loss at step 0: 2.435418
2025-12-05 22:00:04 INFO     Training average negative_fact_loss at step 0: 0.093185
2025-12-05 22:00:04 INFO     Training average positive_rule_loss at step 0: 0.310430
2025-12-05 22:00:04 INFO     Training average negative_rule_loss at step 0: 7.247868
2025-12-05 22:00:04 INFO     Training average L_uncertainty at step 0: 355.973419
2025-12-05 22:00:04 INFO     Training average L_kl at step 0: 49.220695
2025-12-05 22:00:04 INFO     Training average L_sigma at step 0: 177962.093750
2025-12-05 22:00:04 INFO     Training average mu_mean at step 0: 0.087321
2025-12-05 22:00:04 INFO     Training average sigma_mean at step 0: 1.033485
2025-12-05 22:00:04 INFO     Training average regularization at step 0: 0.004260
2025-12-05 22:00:04 INFO     Training average loss at step 0: 6.115631
2025-12-05 22:00:04 INFO     Evaluating on Valid Dataset...
2025-12-05 22:00:04 INFO     >>>>> RuleE emb: Evaluating on valid
2025-12-05 22:00:14 INFO     Data : 4274
2025-12-05 22:00:14 INFO     Hit1 : 0.000000
2025-12-05 22:00:14 INFO     Hit3 : 0.020590
2025-12-05 22:00:14 INFO     Hit10: 0.098737
2025-12-05 22:00:14 INFO     MR   : 47.676182
2025-12-05 22:00:14 INFO     MRR  : 0.044744
2025-12-05 22:01:07 INFO     Training average positive_fact_loss at step 100: 0.667601
2025-12-05 22:01:07 INFO     Training average negative_fact_loss at step 100: 0.561526
2025-12-05 22:01:07 INFO     Training average positive_rule_loss at step 100: 0.373849
2025-12-05 22:01:07 INFO     Training average negative_rule_loss at step 100: 6.706229
2025-12-05 22:01:07 INFO     Training average L_uncertainty at step 100: 319.653734
2025-12-05 22:01:07 INFO     Training average L_kl at step 100: 336.575384
2025-12-05 22:01:07 INFO     Training average L_sigma at step 100: 159658.570469
2025-12-05 22:01:07 INFO     Training average mu_mean at step 100: -0.067958
2025-12-05 22:01:07 INFO     Training average sigma_mean at step 100: 0.927630
2025-12-05 22:01:07 INFO     Training average regularization at step 100: 0.002473
2025-12-05 22:01:07 INFO     Training average loss at step 100: 5.116037
2025-12-05 22:02:06 INFO     Training average positive_fact_loss at step 200: 0.392925
2025-12-05 22:02:06 INFO     Training average negative_fact_loss at step 200: 0.364280
2025-12-05 22:02:06 INFO     Training average positive_rule_loss at step 200: 1.317700
2025-12-05 22:02:06 INFO     Training average negative_rule_loss at step 200: 3.282522
2025-12-05 22:02:06 INFO     Training average L_uncertainty at step 200: 86.537735
2025-12-05 22:02:06 INFO     Training average L_kl at step 200: 32727.265215
2025-12-05 22:02:06 INFO     Training average L_sigma at step 200: 26905.232688
2025-12-05 22:02:06 INFO     Training average mu_mean at step 200: -1.953499
2025-12-05 22:02:06 INFO     Training average sigma_mean at step 200: 0.263784
2025-12-05 22:02:06 INFO     Training average regularization at step 200: 0.003743
2025-12-05 22:02:06 INFO     Training average loss at step 200: 2.942070
2025-12-05 22:03:01 INFO     Training average positive_fact_loss at step 300: 0.336879
2025-12-05 22:03:01 INFO     Training average negative_fact_loss at step 300: 0.327430
2025-12-05 22:03:01 INFO     Training average positive_rule_loss at step 300: 1.618190
2025-12-05 22:03:01 INFO     Training average negative_rule_loss at step 300: 2.623892
2025-12-05 22:03:01 INFO     Training average L_uncertainty at step 300: 47.626561
2025-12-05 22:03:01 INFO     Training average L_kl at step 300: 46708.858203
2025-12-05 22:03:01 INFO     Training average L_sigma at step 300: 458.850305
2025-12-05 22:03:01 INFO     Training average mu_mean at step 300: -2.508569
2025-12-05 22:03:01 INFO     Training average sigma_mean at step 300: 0.134896
2025-12-05 22:03:01 INFO     Training average regularization at step 300: 0.005087
2025-12-05 22:03:01 INFO     Training average loss at step 300: 2.601163
2025-12-05 22:04:00 INFO     Training average positive_fact_loss at step 400: 0.329306
2025-12-05 22:04:00 INFO     Training average negative_fact_loss at step 400: 0.317985
2025-12-05 22:04:00 INFO     Training average positive_rule_loss at step 400: 1.614139
2025-12-05 22:04:00 INFO     Training average negative_rule_loss at step 400: 2.628727
2025-12-05 22:04:00 INFO     Training average L_uncertainty at step 400: 47.290719
2025-12-05 22:04:00 INFO     Training average L_kl at step 400: 46741.695859
2025-12-05 22:04:00 INFO     Training average L_sigma at step 400: 274.510226
2025-12-05 22:04:00 INFO     Training average mu_mean at step 400: -2.508749
2025-12-05 22:04:00 INFO     Training average sigma_mean at step 400: 0.133841
2025-12-05 22:04:00 INFO     Training average regularization at step 400: 0.005527
2025-12-05 22:04:00 INFO     Training average loss at step 400: 2.592478
2025-12-05 22:04:56 INFO     Training average positive_fact_loss at step 500: 0.325492
2025-12-05 22:04:56 INFO     Training average negative_fact_loss at step 500: 0.312548
2025-12-05 22:04:56 INFO     Training average positive_rule_loss at step 500: 1.618283
2025-12-05 22:04:56 INFO     Training average negative_rule_loss at step 500: 2.622701
2025-12-05 22:04:56 INFO     Training average L_uncertainty at step 500: 47.349107
2025-12-05 22:04:56 INFO     Training average L_kl at step 500: 46805.624414
2025-12-05 22:04:56 INFO     Training average L_sigma at step 500: 271.740112
2025-12-05 22:04:56 INFO     Training average mu_mean at step 500: -2.511260
2025-12-05 22:04:56 INFO     Training average sigma_mean at step 500: 0.133832
2025-12-05 22:04:56 INFO     Training average regularization at step 500: 0.005739
2025-12-05 22:04:56 INFO     Training average loss at step 500: 2.587298
2025-12-05 22:05:57 INFO     Training average positive_fact_loss at step 600: 0.323034
2025-12-05 22:05:57 INFO     Training average negative_fact_loss at step 600: 0.309016
2025-12-05 22:05:57 INFO     Training average positive_rule_loss at step 600: 1.613189
2025-12-05 22:05:57 INFO     Training average negative_rule_loss at step 600: 2.629636
2025-12-05 22:05:57 INFO     Training average L_uncertainty at step 600: 47.306065
2025-12-05 22:05:57 INFO     Training average L_kl at step 600: 46745.641953
2025-12-05 22:05:57 INFO     Training average L_sigma at step 600: 280.210421
2025-12-05 22:05:57 INFO     Training average mu_mean at step 600: -2.508824
2025-12-05 22:05:57 INFO     Training average sigma_mean at step 600: 0.133875
2025-12-05 22:05:57 INFO     Training average regularization at step 600: 0.005855
2025-12-05 22:05:57 INFO     Training average loss at step 600: 2.585210
2025-12-05 22:06:44 INFO     Training average positive_fact_loss at step 700: 0.322696
2025-12-05 22:06:44 INFO     Training average negative_fact_loss at step 700: 0.306232
2025-12-05 22:06:44 INFO     Training average positive_rule_loss at step 700: 1.617466
2025-12-05 22:06:44 INFO     Training average negative_rule_loss at step 700: 2.623357
2025-12-05 22:06:44 INFO     Training average L_uncertainty at step 700: 47.357751
2025-12-05 22:06:44 INFO     Training average L_kl at step 700: 46795.876328
2025-12-05 22:06:44 INFO     Training average L_sigma at step 700: 280.936521
2025-12-05 22:06:44 INFO     Training average mu_mean at step 700: -2.510861
2025-12-05 22:06:44 INFO     Training average sigma_mean at step 700: 0.133895
2025-12-05 22:06:44 INFO     Training average regularization at step 700: 0.005952
2025-12-05 22:06:44 INFO     Training average loss at step 700: 2.582900
2025-12-05 22:07:44 INFO     Training average positive_fact_loss at step 800: 0.320555
2025-12-05 22:07:44 INFO     Training average negative_fact_loss at step 800: 0.304144
2025-12-05 22:07:44 INFO     Training average positive_rule_loss at step 800: 1.612205
2025-12-05 22:07:44 INFO     Training average negative_rule_loss at step 800: 2.630289
2025-12-05 22:07:44 INFO     Training average L_uncertainty at step 800: 47.283729
2025-12-05 22:07:44 INFO     Training average L_kl at step 800: 46707.649727
2025-12-05 22:07:44 INFO     Training average L_sigma at step 800: 288.038372
2025-12-05 22:07:44 INFO     Training average mu_mean at step 800: -2.507344
2025-12-05 22:07:44 INFO     Training average sigma_mean at step 800: 0.133934
2025-12-05 22:07:44 INFO     Training average regularization at step 800: 0.005995
2025-12-05 22:07:44 INFO     Training average loss at step 800: 2.581443
2025-12-05 22:08:40 INFO     Training average positive_fact_loss at step 900: 0.319764
2025-12-05 22:08:40 INFO     Training average negative_fact_loss at step 900: 0.302940
2025-12-05 22:08:40 INFO     Training average positive_rule_loss at step 900: 1.616437
2025-12-05 22:08:40 INFO     Training average negative_rule_loss at step 900: 2.623887
2025-12-05 22:08:40 INFO     Training average L_uncertainty at step 900: 47.263481
2025-12-05 22:08:40 INFO     Training average L_kl at step 900: 46701.521562
2025-12-05 22:08:40 INFO     Training average L_sigma at step 900: 280.978479
2025-12-05 22:08:40 INFO     Training average mu_mean at step 900: -2.507325
2025-12-05 22:08:40 INFO     Training average sigma_mean at step 900: 0.134020
2025-12-05 22:08:40 INFO     Training average regularization at step 900: 0.006033
2025-12-05 22:08:40 INFO     Training average loss at step 900: 2.579337
2025-12-05 22:09:39 INFO     Training average positive_fact_loss at step 1000: 0.319256
2025-12-05 22:09:39 INFO     Training average negative_fact_loss at step 1000: 0.301869
2025-12-05 22:09:39 INFO     Training average positive_rule_loss at step 1000: 1.610623
2025-12-05 22:09:39 INFO     Training average negative_rule_loss at step 1000: 2.631444
2025-12-05 22:09:39 INFO     Training average L_uncertainty at step 1000: 47.135602
2025-12-05 22:09:39 INFO     Training average L_kl at step 1000: 46577.570195
2025-12-05 22:09:39 INFO     Training average L_sigma at step 1000: 279.015007
2025-12-05 22:09:39 INFO     Training average mu_mean at step 1000: -2.502323
2025-12-05 22:09:39 INFO     Training average sigma_mean at step 1000: 0.134044
2025-12-05 22:09:39 INFO     Training average regularization at step 1000: 0.006052
2025-12-05 22:09:39 INFO     Training average loss at step 1000: 2.579054
2025-12-05 22:09:39 INFO     Evaluating on Valid Dataset...
2025-12-05 22:09:39 INFO     >>>>> RuleE emb: Evaluating on valid
2025-12-05 22:09:49 INFO     Data : 4274
2025-12-05 22:09:49 INFO     Hit1 : 0.521993
2025-12-05 22:09:49 INFO     Hit3 : 0.759710
2025-12-05 22:09:49 INFO     Hit10: 0.936125
2025-12-05 22:09:49 INFO     MR   : 3.514506
2025-12-05 22:09:49 INFO     MRR  : 0.663091
2025-12-05 22:11:00 INFO     Training average positive_fact_loss at step 1100: 0.318541
2025-12-05 22:11:00 INFO     Training average negative_fact_loss at step 1100: 0.300369
2025-12-05 22:11:00 INFO     Training average positive_rule_loss at step 1100: 1.615585
2025-12-05 22:11:00 INFO     Training average negative_rule_loss at step 1100: 2.623844
2025-12-05 22:11:00 INFO     Training average L_uncertainty at step 1100: 47.103770
2025-12-05 22:11:00 INFO     Training average L_kl at step 1100: 46555.005234
2025-12-05 22:11:00 INFO     Training average L_sigma at step 1100: 274.381031
2025-12-05 22:11:00 INFO     Training average mu_mean at step 1100: -2.501654
2025-12-05 22:11:00 INFO     Training average sigma_mean at step 1100: 0.134137
2025-12-05 22:11:00 INFO     Training average regularization at step 1100: 0.006078
2025-12-05 22:11:00 INFO     Training average loss at step 1100: 2.576559
2025-12-05 22:12:43 INFO     Training average positive_fact_loss at step 1200: 0.318402
2025-12-05 22:12:43 INFO     Training average negative_fact_loss at step 1200: 0.300235
2025-12-05 22:12:43 INFO     Training average positive_rule_loss at step 1200: 1.609380
2025-12-05 22:12:43 INFO     Training average negative_rule_loss at step 1200: 2.631650
2025-12-05 22:12:43 INFO     Training average L_uncertainty at step 1200: 46.914144
2025-12-05 22:12:43 INFO     Training average L_kl at step 1200: 46369.448516
2025-12-05 22:12:43 INFO     Training average L_sigma at step 1200: 272.346745
2025-12-05 22:12:43 INFO     Training average mu_mean at step 1200: -2.494325
2025-12-05 22:12:43 INFO     Training average sigma_mean at step 1200: 0.134211
2025-12-05 22:12:43 INFO     Training average regularization at step 1200: 0.006083
2025-12-05 22:12:43 INFO     Training average loss at step 1200: 2.576659
2025-12-05 22:14:11 INFO     Training average positive_fact_loss at step 1300: 0.318518
2025-12-05 22:14:11 INFO     Training average negative_fact_loss at step 1300: 0.299069
2025-12-05 22:14:11 INFO     Training average positive_rule_loss at step 1300: 1.613863
2025-12-05 22:14:11 INFO     Training average negative_rule_loss at step 1300: 2.624470
2025-12-05 22:14:11 INFO     Training average L_uncertainty at step 1300: 46.860954
2025-12-05 22:14:11 INFO     Training average L_kl at step 1300: 46330.544023
2025-12-05 22:14:11 INFO     Training average L_sigma at step 1300: 265.203882
2025-12-05 22:14:11 INFO     Training average mu_mean at step 1300: -2.492801
2025-12-05 22:14:11 INFO     Training average sigma_mean at step 1300: 0.134250
2025-12-05 22:14:11 INFO     Training average regularization at step 1300: 0.006090
2025-12-05 22:14:11 INFO     Training average loss at step 1300: 2.574633
2025-12-05 22:15:51 INFO     Training average positive_fact_loss at step 1400: 0.317747
2025-12-05 22:15:51 INFO     Training average negative_fact_loss at step 1400: 0.298206
2025-12-05 22:15:51 INFO     Training average positive_rule_loss at step 1400: 1.607358
2025-12-05 22:15:51 INFO     Training average negative_rule_loss at step 1400: 2.632452
2025-12-05 22:15:51 INFO     Training average L_uncertainty at step 1400: 46.697051
2025-12-05 22:15:51 INFO     Training average L_kl at step 1400: 46159.487695
2025-12-05 22:15:51 INFO     Training average L_sigma at step 1400: 268.780458
2025-12-05 22:15:51 INFO     Training average mu_mean at step 1400: -2.485783
2025-12-05 22:15:51 INFO     Training average sigma_mean at step 1400: 0.134277
2025-12-05 22:15:51 INFO     Training average regularization at step 1400: 0.006097
2025-12-05 22:15:51 INFO     Training average loss at step 1400: 2.574070
2025-12-05 22:17:40 INFO     Training average positive_fact_loss at step 1500: 0.317386
2025-12-05 22:17:40 INFO     Training average negative_fact_loss at step 1500: 0.298160
2025-12-05 22:17:40 INFO     Training average positive_rule_loss at step 1500: 1.611686
2025-12-05 22:17:40 INFO     Training average negative_rule_loss at step 1500: 2.625205
2025-12-05 22:17:40 INFO     Training average L_uncertainty at step 1500: 46.578530
2025-12-05 22:17:40 INFO     Training average L_kl at step 1500: 46044.034922
2025-12-05 22:17:40 INFO     Training average L_sigma at step 1500: 267.246126
2025-12-05 22:17:40 INFO     Training average mu_mean at step 1500: -2.481155
2025-12-05 22:17:40 INFO     Training average sigma_mean at step 1500: 0.134354
2025-12-05 22:17:40 INFO     Training average regularization at step 1500: 0.006102
2025-12-05 22:17:40 INFO     Training average loss at step 1500: 2.572056
2025-12-05 22:19:28 INFO     Training average positive_fact_loss at step 1600: 0.316436
2025-12-05 22:19:28 INFO     Training average negative_fact_loss at step 1600: 0.297492
2025-12-05 22:19:28 INFO     Training average positive_rule_loss at step 1600: 1.605272
2025-12-05 22:19:28 INFO     Training average negative_rule_loss at step 1600: 2.632833
2025-12-05 22:19:28 INFO     Training average L_uncertainty at step 1600: 46.404375
2025-12-05 22:19:28 INFO     Training average L_kl at step 1600: 45864.713008
2025-12-05 22:19:28 INFO     Training average L_sigma at step 1600: 269.829903
2025-12-05 22:19:28 INFO     Training average mu_mean at step 1600: -2.473568
2025-12-05 22:19:28 INFO     Training average sigma_mean at step 1600: 0.134357
2025-12-05 22:19:28 INFO     Training average regularization at step 1600: 0.006122
2025-12-05 22:19:28 INFO     Training average loss at step 1600: 2.571352
2025-12-05 22:20:29 INFO     Training average positive_fact_loss at step 1700: 0.316772
2025-12-05 22:20:29 INFO     Training average negative_fact_loss at step 1700: 0.297130
2025-12-05 22:20:29 INFO     Training average positive_rule_loss at step 1700: 1.609054
2025-12-05 22:20:29 INFO     Training average negative_rule_loss at step 1700: 2.626026
2025-12-05 22:20:29 INFO     Training average L_uncertainty at step 1700: 46.244896
2025-12-05 22:20:29 INFO     Training average L_kl at step 1700: 45716.061016
2025-12-05 22:20:29 INFO     Training average L_sigma at step 1700: 264.416403
2025-12-05 22:20:29 INFO     Training average mu_mean at step 1700: -2.467328
2025-12-05 22:20:29 INFO     Training average sigma_mean at step 1700: 0.134387
2025-12-05 22:20:29 INFO     Training average regularization at step 1700: 0.006119
2025-12-05 22:20:29 INFO     Training average loss at step 1700: 2.569345
2025-12-05 22:21:28 INFO     Training average positive_fact_loss at step 1800: 0.316607
2025-12-05 22:21:28 INFO     Training average negative_fact_loss at step 1800: 0.296919
2025-12-05 22:21:28 INFO     Training average positive_rule_loss at step 1800: 1.602340
2025-12-05 22:21:28 INFO     Training average negative_rule_loss at step 1800: 2.633524
2025-12-05 22:21:28 INFO     Training average L_uncertainty at step 1800: 46.041596
2025-12-05 22:21:28 INFO     Training average L_kl at step 1800: 45512.563828
2025-12-05 22:21:28 INFO     Training average L_sigma at step 1800: 264.515361
2025-12-05 22:21:28 INFO     Training average mu_mean at step 1800: -2.458492
2025-12-05 22:21:28 INFO     Training average sigma_mean at step 1800: 0.134395
2025-12-05 22:21:28 INFO     Training average regularization at step 1800: 0.006123
2025-12-05 22:21:28 INFO     Training average loss at step 1800: 2.568943
2025-12-05 22:22:23 INFO     Training average positive_fact_loss at step 1900: 0.317008
2025-12-05 22:22:23 INFO     Training average negative_fact_loss at step 1900: 0.296060
2025-12-05 22:22:23 INFO     Training average positive_rule_loss at step 1900: 1.605956
2025-12-05 22:22:23 INFO     Training average negative_rule_loss at step 1900: 2.626553
2025-12-05 22:22:23 INFO     Training average L_uncertainty at step 1900: 45.897100
2025-12-05 22:22:23 INFO     Training average L_kl at step 1900: 45380.356719
2025-12-05 22:22:23 INFO     Training average L_sigma at step 1900: 258.370533
2025-12-05 22:22:23 INFO     Training average mu_mean at step 1900: -2.452471
2025-12-05 22:22:23 INFO     Training average sigma_mean at step 1900: 0.134398
2025-12-05 22:22:23 INFO     Training average regularization at step 1900: 0.006129
2025-12-05 22:22:23 INFO     Training average loss at step 1900: 2.566609
2025-12-05 22:23:14 INFO     Training average positive_fact_loss at step 2000: 0.316765
2025-12-05 22:23:14 INFO     Training average negative_fact_loss at step 2000: 0.296090
2025-12-05 22:23:14 INFO     Training average positive_rule_loss at step 2000: 1.598754
2025-12-05 22:23:14 INFO     Training average negative_rule_loss at step 2000: 2.634074
2025-12-05 22:23:14 INFO     Training average L_uncertainty at step 2000: 45.654414
2025-12-05 22:23:14 INFO     Training average L_kl at step 2000: 45141.267500
2025-12-05 22:23:14 INFO     Training average L_sigma at step 2000: 256.571796
2025-12-05 22:23:14 INFO     Training average mu_mean at step 2000: -2.441722
2025-12-05 22:23:14 INFO     Training average sigma_mean at step 2000: 0.134398
2025-12-05 22:23:14 INFO     Training average regularization at step 2000: 0.006125
2025-12-05 22:23:14 INFO     Training average loss at step 2000: 2.565930
2025-12-05 22:23:14 INFO     Evaluating on Valid Dataset...
2025-12-05 22:23:14 INFO     >>>>> RuleE emb: Evaluating on valid
2025-12-05 22:23:24 INFO     Data : 4274
2025-12-05 22:23:24 INFO     Hit1 : 0.535330
2025-12-05 22:23:24 INFO     Hit3 : 0.765325
2025-12-05 22:23:24 INFO     Hit10: 0.940805
2025-12-05 22:23:24 INFO     MR   : 3.433318
2025-12-05 22:23:24 INFO     MRR  : 0.672038
2025-12-05 22:24:21 INFO     Training average positive_fact_loss at step 2100: 0.316239
2025-12-05 22:24:21 INFO     Training average negative_fact_loss at step 2100: 0.295495
2025-12-05 22:24:21 INFO     Training average positive_rule_loss at step 2100: 1.601683
2025-12-05 22:24:21 INFO     Training average negative_rule_loss at step 2100: 2.627464
2025-12-05 22:24:21 INFO     Training average L_uncertainty at step 2100: 45.504583
2025-12-05 22:24:21 INFO     Training average L_kl at step 2100: 45010.190117
2025-12-05 22:24:21 INFO     Training average L_sigma at step 2100: 247.195506
2025-12-05 22:24:21 INFO     Training average mu_mean at step 2100: -2.435073
2025-12-05 22:24:21 INFO     Training average sigma_mean at step 2100: 0.134369
2025-12-05 22:24:21 INFO     Training average regularization at step 2100: 0.006119
2025-12-05 22:24:21 INFO     Training average loss at step 2100: 2.563073
2025-12-05 22:25:20 INFO     Training average positive_fact_loss at step 2200: 0.315981
2025-12-05 22:25:20 INFO     Training average negative_fact_loss at step 2200: 0.295378
2025-12-05 22:25:20 INFO     Training average positive_rule_loss at step 2200: 1.594283
2025-12-05 22:25:20 INFO     Training average negative_rule_loss at step 2200: 2.634463
2025-12-05 22:25:20 INFO     Training average L_uncertainty at step 2200: 45.265273
2025-12-05 22:25:20 INFO     Training average L_kl at step 2200: 44771.190469
2025-12-05 22:25:20 INFO     Training average L_sigma at step 2200: 247.040198
2025-12-05 22:25:20 INFO     Training average mu_mean at step 2200: -2.423695
2025-12-05 22:25:20 INFO     Training average sigma_mean at step 2200: 0.134378
2025-12-05 22:25:20 INFO     Training average regularization at step 2200: 0.006118
2025-12-05 22:25:20 INFO     Training average loss at step 2200: 2.561967
2025-12-05 22:26:15 INFO     Training average positive_fact_loss at step 2300: 0.315867
2025-12-05 22:26:15 INFO     Training average negative_fact_loss at step 2300: 0.295305
2025-12-05 22:26:15 INFO     Training average positive_rule_loss at step 2300: 1.596373
2025-12-05 22:26:15 INFO     Training average negative_rule_loss at step 2300: 2.628043
2025-12-05 22:26:15 INFO     Training average L_uncertainty at step 2300: 45.049022
2025-12-05 22:26:15 INFO     Training average L_kl at step 2300: 44574.322617
2025-12-05 22:26:15 INFO     Training average L_sigma at step 2300: 237.348730
2025-12-05 22:26:15 INFO     Training average mu_mean at step 2300: -2.413532
2025-12-05 22:26:15 INFO     Training average sigma_mean at step 2300: 0.134365
2025-12-05 22:26:15 INFO     Training average regularization at step 2300: 0.006126
2025-12-05 22:26:15 INFO     Training average loss at step 2300: 2.559066
2025-12-05 22:27:15 INFO     Training average positive_fact_loss at step 2400: 0.315408
2025-12-05 22:27:15 INFO     Training average negative_fact_loss at step 2400: 0.295463
2025-12-05 22:27:15 INFO     Training average positive_rule_loss at step 2400: 1.589687
2025-12-05 22:27:15 INFO     Training average negative_rule_loss at step 2400: 2.633555
2025-12-05 22:27:15 INFO     Training average L_uncertainty at step 2400: 44.874616
2025-12-05 22:27:15 INFO     Training average L_kl at step 2400: 44411.465469
2025-12-05 22:27:15 INFO     Training average L_sigma at step 2400: 231.574005
2025-12-05 22:27:15 INFO     Training average mu_mean at step 2400: -2.404306
2025-12-05 22:27:15 INFO     Training average sigma_mean at step 2400: 0.134331
2025-12-05 22:27:15 INFO     Training average regularization at step 2400: 0.006115
2025-12-05 22:27:15 INFO     Training average loss at step 2400: 2.557796
2025-12-05 22:28:10 INFO     Training average positive_fact_loss at step 2500: 0.316035
2025-12-05 22:28:10 INFO     Training average negative_fact_loss at step 2500: 0.294960
2025-12-05 22:28:10 INFO     Training average positive_rule_loss at step 2500: 1.590574
2025-12-05 22:28:10 INFO     Training average negative_rule_loss at step 2500: 2.627800
2025-12-05 22:28:10 INFO     Training average L_uncertainty at step 2500: 44.631261
2025-12-05 22:28:10 INFO     Training average L_kl at step 2500: 44181.290234
2025-12-05 22:28:10 INFO     Training average L_sigma at step 2500: 224.984515
2025-12-05 22:28:10 INFO     Training average mu_mean at step 2500: -2.391714
2025-12-05 22:28:10 INFO     Training average sigma_mean at step 2500: 0.134299
2025-12-05 22:28:10 INFO     Training average regularization at step 2500: 0.006124
2025-12-05 22:28:10 INFO     Training average loss at step 2500: 2.554703
2025-12-05 22:29:04 INFO     Training average positive_fact_loss at step 2600: 0.315904
2025-12-05 22:29:04 INFO     Training average negative_fact_loss at step 2600: 0.294692
2025-12-05 22:29:04 INFO     Training average positive_rule_loss at step 2600: 1.584654
2025-12-05 22:29:04 INFO     Training average negative_rule_loss at step 2600: 2.631747
2025-12-05 22:29:04 INFO     Training average L_uncertainty at step 2600: 44.500378
2025-12-05 22:29:04 INFO     Training average L_kl at step 2600: 44057.911250
2025-12-05 22:29:04 INFO     Training average L_sigma at step 2600: 221.232287
2025-12-05 22:29:04 INFO     Training average mu_mean at step 2600: -2.383250
2025-12-05 22:29:04 INFO     Training average sigma_mean at step 2600: 0.134286
2025-12-05 22:29:04 INFO     Training average regularization at step 2600: 0.006138
2025-12-05 22:29:04 INFO     Training average loss at step 2600: 2.553137
2025-12-05 22:29:55 INFO     Training average positive_fact_loss at step 2700: 0.315752
2025-12-05 22:29:55 INFO     Training average negative_fact_loss at step 2700: 0.294157
2025-12-05 22:29:55 INFO     Training average positive_rule_loss at step 2700: 1.585759
2025-12-05 22:29:55 INFO     Training average negative_rule_loss at step 2700: 2.625268
2025-12-05 22:29:55 INFO     Training average L_uncertainty at step 2700: 44.261557
2025-12-05 22:29:55 INFO     Training average L_kl at step 2700: 43832.783281
2025-12-05 22:29:55 INFO     Training average L_sigma at step 2700: 214.385778
2025-12-05 22:29:55 INFO     Training average mu_mean at step 2700: -2.370225
2025-12-05 22:29:55 INFO     Training average sigma_mean at step 2700: 0.134252
2025-12-05 22:29:55 INFO     Training average regularization at step 2700: 0.006139
2025-12-05 22:29:55 INFO     Training average loss at step 2700: 2.549392
2025-12-05 22:30:55 INFO     Training average positive_fact_loss at step 2800: 0.314972
2025-12-05 22:30:55 INFO     Training average negative_fact_loss at step 2800: 0.294445
2025-12-05 22:30:55 INFO     Training average positive_rule_loss at step 2800: 1.581039
2025-12-05 22:30:55 INFO     Training average negative_rule_loss at step 2800: 2.626794
2025-12-05 22:30:55 INFO     Training average L_uncertainty at step 2800: 44.249194
2025-12-05 22:30:55 INFO     Training average L_kl at step 2800: 43822.588633
2025-12-05 22:30:55 INFO     Training average L_sigma at step 2800: 213.301706
2025-12-05 22:30:55 INFO     Training average mu_mean at step 2800: -2.365673
2025-12-05 22:30:55 INFO     Training average sigma_mean at step 2800: 0.134236
2025-12-05 22:30:55 INFO     Training average regularization at step 2800: 0.006127
2025-12-05 22:30:55 INFO     Training average loss at step 2800: 2.547500
2025-12-05 22:31:49 INFO     Training average positive_fact_loss at step 2900: 0.315408
2025-12-05 22:31:49 INFO     Training average negative_fact_loss at step 2900: 0.294267
2025-12-05 22:31:49 INFO     Training average positive_rule_loss at step 2900: 1.581701
2025-12-05 22:31:49 INFO     Training average negative_rule_loss at step 2900: 2.620657
2025-12-05 22:31:49 INFO     Training average L_uncertainty at step 2900: 43.978698
2025-12-05 22:31:49 INFO     Training average L_kl at step 2900: 43561.670977
2025-12-05 22:31:49 INFO     Training average L_sigma at step 2900: 208.512520
2025-12-05 22:31:49 INFO     Training average mu_mean at step 2900: -2.350595
2025-12-05 22:31:49 INFO     Training average sigma_mean at step 2900: 0.134223
2025-12-05 22:31:49 INFO     Training average regularization at step 2900: 0.006139
2025-12-05 22:31:49 INFO     Training average loss at step 2900: 2.544091
2025-12-05 22:32:49 INFO     Training average positive_fact_loss at step 3000: 0.315407
2025-12-05 22:32:49 INFO     Training average negative_fact_loss at step 3000: 0.294155
2025-12-05 22:32:49 INFO     Training average positive_rule_loss at step 3000: 1.577695
2025-12-05 22:32:49 INFO     Training average negative_rule_loss at step 3000: 2.621485
2025-12-05 22:32:49 INFO     Training average L_uncertainty at step 3000: 44.011927
2025-12-05 22:32:49 INFO     Training average L_kl at step 3000: 43597.015430
2025-12-05 22:32:49 INFO     Training average L_sigma at step 3000: 207.454683
2025-12-05 22:32:49 INFO     Training average mu_mean at step 3000: -2.347890
2025-12-05 22:32:49 INFO     Training average sigma_mean at step 3000: 0.134185
2025-12-05 22:32:49 INFO     Training average regularization at step 3000: 0.006136
2025-12-05 22:32:49 INFO     Training average loss at step 3000: 2.542543
2025-12-05 22:32:49 INFO     Evaluating on Valid Dataset...
2025-12-05 22:32:49 INFO     >>>>> RuleE emb: Evaluating on valid
2025-12-05 22:32:59 INFO     Data : 4274
2025-12-05 22:32:59 INFO     Hit1 : 0.524801
2025-12-05 22:32:59 INFO     Hit3 : 0.764389
2025-12-05 22:32:59 INFO     Hit10: 0.937997
2025-12-05 22:32:59 INFO     MR   : 3.473093
2025-12-05 22:32:59 INFO     MRR  : 0.666265
2025-12-05 22:34:08 INFO     Training average positive_fact_loss at step 3100: 0.315243
2025-12-05 22:34:08 INFO     Training average negative_fact_loss at step 3100: 0.294016
2025-12-05 22:34:08 INFO     Training average positive_rule_loss at step 3100: 1.581472
2025-12-05 22:34:08 INFO     Training average negative_rule_loss at step 3100: 2.612142
2025-12-05 22:34:08 INFO     Training average L_uncertainty at step 3100: 43.864561
2025-12-05 22:34:08 INFO     Training average L_kl at step 3100: 43453.509375
2025-12-05 22:34:08 INFO     Training average L_sigma at step 3100: 205.524905
2025-12-05 22:34:08 INFO     Training average mu_mean at step 3100: -2.338301
2025-12-05 22:34:08 INFO     Training average sigma_mean at step 3100: 0.134186
2025-12-05 22:34:08 INFO     Training average regularization at step 3100: 0.006135
2025-12-05 22:34:08 INFO     Training average loss at step 3100: 2.539165
2025-12-05 22:35:46 INFO     Training average positive_fact_loss at step 3200: 0.315542
2025-12-05 22:35:46 INFO     Training average negative_fact_loss at step 3200: 0.293896
2025-12-05 22:35:46 INFO     Training average positive_rule_loss at step 3200: 1.579519
2025-12-05 22:35:46 INFO     Training average negative_rule_loss at step 3200: 2.611707
2025-12-05 22:35:46 INFO     Training average L_uncertainty at step 3200: 43.895248
2025-12-05 22:35:46 INFO     Training average L_kl at step 3200: 43483.525664
2025-12-05 22:35:46 INFO     Training average L_sigma at step 3200: 205.860109
2025-12-05 22:35:46 INFO     Training average mu_mean at step 3200: -2.336409
2025-12-05 22:35:46 INFO     Training average sigma_mean at step 3200: 0.134170
2025-12-05 22:35:46 INFO     Training average regularization at step 3200: 0.006138
2025-12-05 22:35:46 INFO     Training average loss at step 3200: 2.538156
2025-12-05 22:36:32 INFO     Training average positive_fact_loss at step 3300: 0.315130
2025-12-05 22:36:32 INFO     Training average negative_fact_loss at step 3300: 0.293755
2025-12-05 22:36:32 INFO     Training average positive_rule_loss at step 3300: 1.581756
2025-12-05 22:36:32 INFO     Training average negative_rule_loss at step 3300: 2.605490
2025-12-05 22:36:32 INFO     Training average L_uncertainty at step 3300: 43.633939
2025-12-05 22:36:32 INFO     Training average L_kl at step 3300: 43228.609922
2025-12-05 22:36:32 INFO     Training average L_sigma at step 3300: 202.663767
2025-12-05 22:36:32 INFO     Training average mu_mean at step 3300: -2.322888
2025-12-05 22:36:32 INFO     Training average sigma_mean at step 3300: 0.134169
2025-12-05 22:36:32 INFO     Training average regularization at step 3300: 0.006143
2025-12-05 22:36:32 INFO     Training average loss at step 3300: 2.535111
2025-12-05 22:37:31 INFO     Training average positive_fact_loss at step 3400: 0.315150
2025-12-05 22:37:31 INFO     Training average negative_fact_loss at step 3400: 0.293123
2025-12-05 22:37:31 INFO     Training average positive_rule_loss at step 3400: 1.582030
2025-12-05 22:37:31 INFO     Training average negative_rule_loss at step 3400: 2.601713
2025-12-05 22:37:31 INFO     Training average L_uncertainty at step 3400: 43.826473
2025-12-05 22:37:31 INFO     Training average L_kl at step 3400: 43424.854063
2025-12-05 22:37:31 INFO     Training average L_sigma at step 3400: 200.808420
2025-12-05 22:37:31 INFO     Training average mu_mean at step 3400: -2.328061
2025-12-05 22:37:31 INFO     Training average sigma_mean at step 3400: 0.134148
2025-12-05 22:37:31 INFO     Training average regularization at step 3400: 0.006158
2025-12-05 22:37:31 INFO     Training average loss at step 3400: 2.533645
2025-12-05 22:38:26 INFO     Training average positive_fact_loss at step 3500: 0.315307
2025-12-05 22:38:26 INFO     Training average negative_fact_loss at step 3500: 0.293713
2025-12-05 22:38:26 INFO     Training average positive_rule_loss at step 3500: 1.585617
2025-12-05 22:38:26 INFO     Training average negative_rule_loss at step 3500: 2.594537
2025-12-05 22:38:26 INFO     Training average L_uncertainty at step 3500: 43.613901
2025-12-05 22:38:26 INFO     Training average L_kl at step 3500: 43218.417227
2025-12-05 22:38:26 INFO     Training average L_sigma at step 3500: 197.740819
2025-12-05 22:38:26 INFO     Training average mu_mean at step 3500: -2.317428
2025-12-05 22:38:26 INFO     Training average sigma_mean at step 3500: 0.134142
2025-12-05 22:38:26 INFO     Training average regularization at step 3500: 0.006139
2025-12-05 22:38:26 INFO     Training average loss at step 3500: 2.531568
2025-12-05 22:39:25 INFO     Training average positive_fact_loss at step 3600: 0.315269
2025-12-05 22:39:25 INFO     Training average negative_fact_loss at step 3600: 0.293572
2025-12-05 22:39:25 INFO     Training average positive_rule_loss at step 3600: 1.587401
2025-12-05 22:39:25 INFO     Training average negative_rule_loss at step 3600: 2.589843
2025-12-05 22:39:25 INFO     Training average L_uncertainty at step 3600: 43.809043
2025-12-05 22:39:25 INFO     Training average L_kl at step 3600: 43409.283242
2025-12-05 22:39:25 INFO     Training average L_sigma at step 3600: 199.879012
2025-12-05 22:39:25 INFO     Training average mu_mean at step 3600: -2.323627
2025-12-05 22:39:25 INFO     Training average sigma_mean at step 3600: 0.134142
2025-12-05 22:39:25 INFO     Training average regularization at step 3600: 0.006129
2025-12-05 22:39:25 INFO     Training average loss at step 3600: 2.530600
2025-12-05 22:40:21 INFO     Training average positive_fact_loss at step 3700: 0.314689
2025-12-05 22:40:21 INFO     Training average negative_fact_loss at step 3700: 0.293436
2025-12-05 22:40:21 INFO     Training average positive_rule_loss at step 3700: 1.589809
2025-12-05 22:40:21 INFO     Training average negative_rule_loss at step 3700: 2.584852
2025-12-05 22:40:21 INFO     Training average L_uncertainty at step 3700: 43.575967
2025-12-05 22:40:21 INFO     Training average L_kl at step 3700: 43186.923086
2025-12-05 22:40:21 INFO     Training average L_sigma at step 3700: 194.521126
2025-12-05 22:40:21 INFO     Training average mu_mean at step 3700: -2.313113
2025-12-05 22:40:21 INFO     Training average sigma_mean at step 3700: 0.134118
2025-12-05 22:40:21 INFO     Training average regularization at step 3700: 0.006144
2025-12-05 22:40:21 INFO     Training average loss at step 3700: 2.528265
2025-12-05 22:41:22 INFO     Training average positive_fact_loss at step 3800: 0.314658
2025-12-05 22:41:22 INFO     Training average negative_fact_loss at step 3800: 0.293056
2025-12-05 22:41:22 INFO     Training average positive_rule_loss at step 3800: 1.591588
2025-12-05 22:41:22 INFO     Training average negative_rule_loss at step 3800: 2.581316
2025-12-05 22:41:22 INFO     Training average L_uncertainty at step 3800: 43.753918
2025-12-05 22:41:22 INFO     Training average L_kl at step 3800: 43370.099375
2025-12-05 22:41:22 INFO     Training average L_sigma at step 3800: 191.908279
2025-12-05 22:41:22 INFO     Training average mu_mean at step 3800: -2.319141
2025-12-05 22:41:22 INFO     Training average sigma_mean at step 3800: 0.134112
2025-12-05 22:41:22 INFO     Training average regularization at step 3800: 0.006155
2025-12-05 22:41:22 INFO     Training average loss at step 3800: 2.527726
2025-12-05 22:42:13 INFO     Training average positive_fact_loss at step 3900: 0.314850
2025-12-05 22:42:13 INFO     Training average negative_fact_loss at step 3900: 0.293460
2025-12-05 22:42:13 INFO     Training average positive_rule_loss at step 3900: 1.594195
2025-12-05 22:42:13 INFO     Training average negative_rule_loss at step 3900: 2.576598
2025-12-05 22:42:13 INFO     Training average L_uncertainty at step 3900: 43.504115
2025-12-05 22:42:13 INFO     Training average L_kl at step 3900: 43133.190898
2025-12-05 22:42:13 INFO     Training average L_sigma at step 3900: 185.461100
2025-12-05 22:42:13 INFO     Training average mu_mean at step 3900: -2.308795
2025-12-05 22:42:13 INFO     Training average sigma_mean at step 3900: 0.134083
2025-12-05 22:42:13 INFO     Training average regularization at step 3900: 0.006153
2025-12-05 22:42:13 INFO     Training average loss at step 3900: 2.526217
2025-12-05 22:43:09 INFO     Training average positive_fact_loss at step 4000: 0.314911
2025-12-05 22:43:09 INFO     Training average negative_fact_loss at step 4000: 0.292886
2025-12-05 22:43:09 INFO     Training average positive_rule_loss at step 4000: 1.596373
2025-12-05 22:43:09 INFO     Training average negative_rule_loss at step 4000: 2.572024
2025-12-05 22:43:09 INFO     Training average L_uncertainty at step 4000: 43.702618
2025-12-05 22:43:09 INFO     Training average L_kl at step 4000: 43335.678984
2025-12-05 22:43:09 INFO     Training average L_sigma at step 4000: 183.468414
2025-12-05 22:43:09 INFO     Training average mu_mean at step 4000: -2.316053
2025-12-05 22:43:09 INFO     Training average sigma_mean at step 4000: 0.134088
2025-12-05 22:43:09 INFO     Training average regularization at step 4000: 0.006160
2025-12-05 22:43:09 INFO     Training average loss at step 4000: 2.525364
2025-12-05 22:43:09 INFO     Evaluating on Valid Dataset...
2025-12-05 22:43:09 INFO     >>>>> RuleE emb: Evaluating on valid
2025-12-05 22:43:20 INFO     Data : 4274
2025-12-05 22:43:20 INFO     Hit1 : 0.525269
2025-12-05 22:43:20 INFO     Hit3 : 0.766963
2025-12-05 22:43:20 INFO     Hit10: 0.940337
2025-12-05 22:43:20 INFO     MR   : 3.435423
2025-12-05 22:43:20 INFO     MRR  : 0.667436
2025-12-05 22:44:15 INFO     Training average positive_fact_loss at step 4100: 0.315633
2025-12-05 22:44:15 INFO     Training average negative_fact_loss at step 4100: 0.292721
2025-12-05 22:44:15 INFO     Training average positive_rule_loss at step 4100: 1.598678
2025-12-05 22:44:15 INFO     Training average negative_rule_loss at step 4100: 2.568975
2025-12-05 22:44:15 INFO     Training average L_uncertainty at step 4100: 43.439562
2025-12-05 22:44:15 INFO     Training average L_kl at step 4100: 43083.486250
2025-12-05 22:44:15 INFO     Training average L_sigma at step 4100: 178.036813
2025-12-05 22:44:15 INFO     Training average mu_mean at step 4100: -2.305260
2025-12-05 22:44:15 INFO     Training average sigma_mean at step 4100: 0.134056
2025-12-05 22:44:15 INFO     Training average regularization at step 4100: 0.006150
2025-12-05 22:44:15 INFO     Training average loss at step 4100: 2.524473
2025-12-05 22:45:16 INFO     Training average positive_fact_loss at step 4200: 0.313877
2025-12-05 22:45:16 INFO     Training average negative_fact_loss at step 4200: 0.293055
2025-12-05 22:45:16 INFO     Training average positive_rule_loss at step 4200: 1.601694
2025-12-05 22:45:16 INFO     Training average negative_rule_loss at step 4200: 2.562951
2025-12-05 22:45:16 INFO     Training average L_uncertainty at step 4200: 43.709723
2025-12-05 22:45:16 INFO     Training average L_kl at step 4200: 43358.866211
2025-12-05 22:45:16 INFO     Training average L_sigma at step 4200: 175.427560
2025-12-05 22:45:16 INFO     Training average mu_mean at step 4200: -2.315810
2025-12-05 22:45:16 INFO     Training average sigma_mean at step 4200: 0.134040
2025-12-05 22:45:16 INFO     Training average regularization at step 4200: 0.006147
2025-12-05 22:45:16 INFO     Training average loss at step 4200: 2.523065
2025-12-05 22:46:12 INFO     Training average positive_fact_loss at step 4300: 0.314505
2025-12-05 22:46:12 INFO     Training average negative_fact_loss at step 4300: 0.292966
2025-12-05 22:46:12 INFO     Training average positive_rule_loss at step 4300: 1.603719
2025-12-05 22:46:12 INFO     Training average negative_rule_loss at step 4300: 2.559022
2025-12-05 22:46:12 INFO     Training average L_uncertainty at step 4300: 43.482722
2025-12-05 22:46:12 INFO     Training average L_kl at step 4300: 43137.295391
2025-12-05 22:46:12 INFO     Training average L_sigma at step 4300: 172.712347
2025-12-05 22:46:12 INFO     Training average mu_mean at step 4300: -2.305512
2025-12-05 22:46:12 INFO     Training average sigma_mean at step 4300: 0.134039
2025-12-05 22:46:12 INFO     Training average regularization at step 4300: 0.006159
2025-12-05 22:46:12 INFO     Training average loss at step 4300: 2.521713
2025-12-05 22:47:12 INFO     Training average positive_fact_loss at step 4400: 0.314226
2025-12-05 22:47:12 INFO     Training average negative_fact_loss at step 4400: 0.292590
2025-12-05 22:47:12 INFO     Training average positive_rule_loss at step 4400: 1.606095
2025-12-05 22:47:12 INFO     Training average negative_rule_loss at step 4400: 2.555394
2025-12-05 22:47:12 INFO     Training average L_uncertainty at step 4400: 43.661614
2025-12-05 22:47:12 INFO     Training average L_kl at step 4400: 43318.423438
2025-12-05 22:47:12 INFO     Training average L_sigma at step 4400: 171.594308
2025-12-05 22:47:12 INFO     Training average mu_mean at step 4400: -2.313538
2025-12-05 22:47:12 INFO     Training average sigma_mean at step 4400: 0.134042
2025-12-05 22:47:12 INFO     Training average regularization at step 4400: 0.006159
2025-12-05 22:47:12 INFO     Training average loss at step 4400: 2.521296
2025-12-05 22:48:08 INFO     Training average positive_fact_loss at step 4500: 0.315032
2025-12-05 22:48:08 INFO     Training average negative_fact_loss at step 4500: 0.292991
2025-12-05 22:48:08 INFO     Training average positive_rule_loss at step 4500: 1.608846
2025-12-05 22:48:08 INFO     Training average negative_rule_loss at step 4500: 2.551392
2025-12-05 22:48:08 INFO     Training average L_uncertainty at step 4500: 43.436860
2025-12-05 22:48:08 INFO     Training average L_kl at step 4500: 43100.004062
2025-12-05 22:48:08 INFO     Training average L_sigma at step 4500: 168.427070
2025-12-05 22:48:08 INFO     Training average mu_mean at step 4500: -2.304490
2025-12-05 22:48:08 INFO     Training average sigma_mean at step 4500: 0.134048
2025-12-05 22:48:08 INFO     Training average regularization at step 4500: 0.006159
2025-12-05 22:48:08 INFO     Training average loss at step 4500: 2.520600
2025-12-05 22:48:59 INFO     Training average positive_fact_loss at step 4600: 0.314818
2025-12-05 22:48:59 INFO     Training average negative_fact_loss at step 4600: 0.292425
2025-12-05 22:48:59 INFO     Training average positive_rule_loss at step 4600: 1.610349
2025-12-05 22:48:59 INFO     Training average negative_rule_loss at step 4600: 2.548406
2025-12-05 22:48:59 INFO     Training average L_uncertainty at step 4600: 43.618788
2025-12-05 22:48:59 INFO     Training average L_kl at step 4600: 43288.034688
2025-12-05 22:48:59 INFO     Training average L_sigma at step 4600: 165.375519
2025-12-05 22:48:59 INFO     Training average mu_mean at step 4600: -2.310959
2025-12-05 22:48:59 INFO     Training average sigma_mean at step 4600: 0.134014
2025-12-05 22:48:59 INFO     Training average regularization at step 4600: 0.006161
2025-12-05 22:48:59 INFO     Training average loss at step 4600: 2.520016
2025-12-05 22:49:55 INFO     Training average positive_fact_loss at step 4700: 0.314110
2025-12-05 22:49:55 INFO     Training average negative_fact_loss at step 4700: 0.292587
2025-12-05 22:49:55 INFO     Training average positive_rule_loss at step 4700: 1.613519
2025-12-05 22:49:55 INFO     Training average negative_rule_loss at step 4700: 2.543706
2025-12-05 22:49:55 INFO     Training average L_uncertainty at step 4700: 43.470612
2025-12-05 22:49:55 INFO     Training average L_kl at step 4700: 43142.862500
2025-12-05 22:49:55 INFO     Training average L_sigma at step 4700: 163.873721
2025-12-05 22:49:55 INFO     Training average mu_mean at step 4700: -2.304823
2025-12-05 22:49:55 INFO     Training average sigma_mean at step 4700: 0.134020
2025-12-05 22:49:55 INFO     Training average regularization at step 4700: 0.006168
2025-12-05 22:49:55 INFO     Training average loss at step 4700: 2.518541
2025-12-05 22:50:55 INFO     Training average positive_fact_loss at step 4800: 0.314307
2025-12-05 22:50:55 INFO     Training average negative_fact_loss at step 4800: 0.292509
2025-12-05 22:50:55 INFO     Training average positive_rule_loss at step 4800: 1.615195
2025-12-05 22:50:55 INFO     Training average negative_rule_loss at step 4800: 2.540784
2025-12-05 22:50:55 INFO     Training average L_uncertainty at step 4800: 43.661460
2025-12-05 22:50:55 INFO     Training average L_kl at step 4800: 43332.954805
2025-12-05 22:50:55 INFO     Training average L_sigma at step 4800: 164.251596
2025-12-05 22:50:55 INFO     Training average mu_mean at step 4800: -2.312114
2025-12-05 22:50:55 INFO     Training average sigma_mean at step 4800: 0.134009
2025-12-05 22:50:55 INFO     Training average regularization at step 4800: 0.006166
2025-12-05 22:50:55 INFO     Training average loss at step 4800: 2.518548
2025-12-05 22:51:51 INFO     Training average positive_fact_loss at step 4900: 0.314634
2025-12-05 22:51:51 INFO     Training average negative_fact_loss at step 4900: 0.292520
2025-12-05 22:51:51 INFO     Training average positive_rule_loss at step 4900: 1.615072
2025-12-05 22:51:51 INFO     Training average negative_rule_loss at step 4900: 2.539583
2025-12-05 22:51:51 INFO     Training average L_uncertainty at step 4900: 43.370313
2025-12-05 22:51:51 INFO     Training average L_kl at step 4900: 43047.729844
2025-12-05 22:51:51 INFO     Training average L_sigma at step 4900: 161.290427
2025-12-05 22:51:51 INFO     Training average mu_mean at step 4900: -2.299633
2025-12-05 22:51:51 INFO     Training average sigma_mean at step 4900: 0.133996
2025-12-05 22:51:51 INFO     Training average regularization at step 4900: 0.006162
2025-12-05 22:51:51 INFO     Training average loss at step 4900: 2.517177
2025-12-05 22:52:51 INFO     Training average positive_fact_loss at step 5000: 0.314246
2025-12-05 22:52:51 INFO     Training average negative_fact_loss at step 5000: 0.292783
2025-12-05 22:52:51 INFO     Training average positive_rule_loss at step 5000: 1.617949
2025-12-05 22:52:51 INFO     Training average negative_rule_loss at step 5000: 2.535192
2025-12-05 22:52:51 INFO     Training average L_uncertainty at step 5000: 43.595257
2025-12-05 22:52:51 INFO     Training average L_kl at step 5000: 43274.367852
2025-12-05 22:52:51 INFO     Training average L_sigma at step 5000: 160.443602
2025-12-05 22:52:51 INFO     Training average mu_mean at step 5000: -2.308285
2025-12-05 22:52:51 INFO     Training average sigma_mean at step 5000: 0.134012
2025-12-05 22:52:51 INFO     Training average regularization at step 5000: 0.006155
2025-12-05 22:52:51 INFO     Training average loss at step 5000: 2.517025
2025-12-05 22:52:51 INFO     Evaluating on Valid Dataset...
2025-12-05 22:52:51 INFO     >>>>> RuleE emb: Evaluating on valid
2025-12-05 22:53:01 INFO     Data : 4274
2025-12-05 22:53:01 INFO     Hit1 : 0.525737
2025-12-05 22:53:01 INFO     Hit3 : 0.766729
2025-12-05 22:53:01 INFO     Hit10: 0.940571
2025-12-05 22:53:01 INFO     MR   : 3.445718
2025-12-05 22:53:01 INFO     MRR  : 0.667043
2025-12-05 22:53:57 INFO     Training average positive_fact_loss at step 5100: 0.314940
2025-12-05 22:53:57 INFO     Training average negative_fact_loss at step 5100: 0.292806
2025-12-05 22:53:57 INFO     Training average positive_rule_loss at step 5100: 1.620108
2025-12-05 22:53:57 INFO     Training average negative_rule_loss at step 5100: 2.532312
2025-12-05 22:53:57 INFO     Training average L_uncertainty at step 5100: 43.384995
2025-12-05 22:53:57 INFO     Training average L_kl at step 5100: 43066.850078
2025-12-05 22:53:57 INFO     Training average L_sigma at step 5100: 159.071319
2025-12-05 22:53:57 INFO     Training average mu_mean at step 5100: -2.299907
2025-12-05 22:53:57 INFO     Training average sigma_mean at step 5100: 0.133986
2025-12-05 22:53:57 INFO     Training average regularization at step 5100: 0.006159
2025-12-05 22:53:57 INFO     Training average loss at step 5100: 2.516397
2025-12-05 22:54:53 INFO     Training average positive_fact_loss at step 5200: 0.314267
2025-12-05 22:54:53 INFO     Training average negative_fact_loss at step 5200: 0.291704
2025-12-05 22:54:53 INFO     Training average positive_rule_loss at step 5200: 1.623098
2025-12-05 22:54:53 INFO     Training average negative_rule_loss at step 5200: 2.527392
2025-12-05 22:54:53 INFO     Training average L_uncertainty at step 5200: 43.645976
2025-12-05 22:54:53 INFO     Training average L_kl at step 5200: 43328.052695
2025-12-05 22:54:53 INFO     Training average L_sigma at step 5200: 158.960257
2025-12-05 22:54:53 INFO     Training average mu_mean at step 5200: -2.309780
2025-12-05 22:54:53 INFO     Training average sigma_mean at step 5200: 0.134004
2025-12-05 22:54:53 INFO     Training average regularization at step 5200: 0.006170
2025-12-05 22:54:53 INFO     Training average loss at step 5200: 2.515338
2025-12-05 22:55:45 INFO     Training average positive_fact_loss at step 5300: 0.314491
2025-12-05 22:55:45 INFO     Training average negative_fact_loss at step 5300: 0.292178
2025-12-05 22:55:45 INFO     Training average positive_rule_loss at step 5300: 1.624191
2025-12-05 22:55:45 INFO     Training average negative_rule_loss at step 5300: 2.525359
2025-12-05 22:55:45 INFO     Training average L_uncertainty at step 5300: 43.446183
2025-12-05 22:55:45 INFO     Training average L_kl at step 5300: 43130.231523
2025-12-05 22:55:45 INFO     Training average L_sigma at step 5300: 157.974910
2025-12-05 22:55:45 INFO     Training average mu_mean at step 5300: -2.301403
2025-12-05 22:55:45 INFO     Training average sigma_mean at step 5300: 0.134002
2025-12-05 22:55:45 INFO     Training average regularization at step 5300: 0.006165
2025-12-05 22:55:45 INFO     Training average loss at step 5300: 2.514614
2025-12-05 22:56:45 INFO     Training average positive_fact_loss at step 5400: 0.313995
2025-12-05 22:56:45 INFO     Training average negative_fact_loss at step 5400: 0.292206
2025-12-05 22:56:45 INFO     Training average positive_rule_loss at step 5400: 1.621021
2025-12-05 22:56:45 INFO     Training average negative_rule_loss at step 5400: 2.528383
2025-12-05 22:56:45 INFO     Training average L_uncertainty at step 5400: 43.396590
2025-12-05 22:56:45 INFO     Training average L_kl at step 5400: 43083.691172
2025-12-05 22:56:45 INFO     Training average L_sigma at step 5400: 156.448431
2025-12-05 22:56:45 INFO     Training average mu_mean at step 5400: -2.298286
2025-12-05 22:56:45 INFO     Training average sigma_mean at step 5400: 0.134002
2025-12-05 22:56:45 INFO     Training average regularization at step 5400: 0.006165
2025-12-05 22:56:45 INFO     Training average loss at step 5400: 2.514157
2025-12-05 22:57:40 INFO     Training average positive_fact_loss at step 5500: 0.314517
2025-12-05 22:57:40 INFO     Training average negative_fact_loss at step 5500: 0.292417
2025-12-05 22:57:40 INFO     Training average positive_rule_loss at step 5500: 1.624852
2025-12-05 22:57:40 INFO     Training average negative_rule_loss at step 5500: 2.521907
2025-12-05 22:57:40 INFO     Training average L_uncertainty at step 5500: 43.359877
2025-12-05 22:57:40 INFO     Training average L_kl at step 5500: 43051.597930
2025-12-05 22:57:40 INFO     Training average L_sigma at step 5500: 154.138795
2025-12-05 22:57:40 INFO     Training average mu_mean at step 5500: -2.295980
2025-12-05 22:57:40 INFO     Training average sigma_mean at step 5500: 0.133968
2025-12-05 22:57:40 INFO     Training average regularization at step 5500: 0.006155
2025-12-05 22:57:40 INFO     Training average loss at step 5500: 2.513081
2025-12-05 22:58:40 INFO     Training average positive_fact_loss at step 5600: 0.313721
2025-12-05 22:58:40 INFO     Training average negative_fact_loss at step 5600: 0.292333
2025-12-05 22:58:40 INFO     Training average positive_rule_loss at step 5600: 1.624261
2025-12-05 22:58:40 INFO     Training average negative_rule_loss at step 5600: 2.521387
2025-12-05 22:58:40 INFO     Training average L_uncertainty at step 5600: 43.469377
2025-12-05 22:58:40 INFO     Training average L_kl at step 5600: 43160.766797
2025-12-05 22:58:40 INFO     Training average L_sigma at step 5600: 154.304156
2025-12-05 22:58:40 INFO     Training average mu_mean at step 5600: -2.299785
2025-12-05 22:58:40 INFO     Training average sigma_mean at step 5600: 0.133984
2025-12-05 22:58:40 INFO     Training average regularization at step 5600: 0.006153
2025-12-05 22:58:40 INFO     Training average loss at step 5600: 2.512412
2025-12-05 22:59:35 INFO     Training average positive_fact_loss at step 5700: 0.314910
2025-12-05 22:59:35 INFO     Training average negative_fact_loss at step 5700: 0.292471
2025-12-05 22:59:35 INFO     Training average positive_rule_loss at step 5700: 1.625939
2025-12-05 22:59:35 INFO     Training average negative_rule_loss at step 5700: 2.518059
2025-12-05 22:59:35 INFO     Training average L_uncertainty at step 5700: 43.224458
2025-12-05 22:59:35 INFO     Training average L_kl at step 5700: 42917.026602
2025-12-05 22:59:35 INFO     Training average L_sigma at step 5700: 153.714934
2025-12-05 22:59:35 INFO     Training average mu_mean at step 5700: -2.288711
2025-12-05 22:59:35 INFO     Training average sigma_mean at step 5700: 0.133996
2025-12-05 22:59:35 INFO     Training average regularization at step 5700: 0.006163
2025-12-05 22:59:35 INFO     Training average loss at step 5700: 2.511526
2025-12-05 23:00:34 INFO     Training average positive_fact_loss at step 5800: 0.313983
2025-12-05 23:00:34 INFO     Training average negative_fact_loss at step 5800: 0.292216
2025-12-05 23:00:34 INFO     Training average positive_rule_loss at step 5800: 1.627239
2025-12-05 23:00:34 INFO     Training average negative_rule_loss at step 5800: 2.516388
2025-12-05 23:00:34 INFO     Training average L_uncertainty at step 5800: 43.409835
2025-12-05 23:00:34 INFO     Training average L_kl at step 5800: 43100.368750
2025-12-05 23:00:34 INFO     Training average L_sigma at step 5800: 154.732135
2025-12-05 23:00:34 INFO     Training average mu_mean at step 5800: -2.295863
2025-12-05 23:00:34 INFO     Training average sigma_mean at step 5800: 0.133992
2025-12-05 23:00:34 INFO     Training average regularization at step 5800: 0.006155
2025-12-05 23:00:34 INFO     Training average loss at step 5800: 2.511297
2025-12-05 23:01:20 INFO     Training average positive_fact_loss at step 5900: 0.314958
2025-12-05 23:01:20 INFO     Training average negative_fact_loss at step 5900: 0.291929
2025-12-05 23:01:20 INFO     Training average positive_rule_loss at step 5900: 1.627609
2025-12-05 23:01:20 INFO     Training average negative_rule_loss at step 5900: 2.514250
2025-12-05 23:01:20 INFO     Training average L_uncertainty at step 5900: 43.252326
2025-12-05 23:01:20 INFO     Training average L_kl at step 5900: 42947.489258
2025-12-05 23:01:20 INFO     Training average L_sigma at step 5900: 152.417149
2025-12-05 23:01:20 INFO     Training average mu_mean at step 5900: -2.288471
2025-12-05 23:01:20 INFO     Training average sigma_mean at step 5900: 0.133982
2025-12-05 23:01:20 INFO     Training average regularization at step 5900: 0.006163
2025-12-05 23:01:20 INFO     Training average loss at step 5900: 2.510293
2025-12-05 23:02:20 INFO     Training average positive_fact_loss at step 6000: 0.314344
2025-12-05 23:02:20 INFO     Training average negative_fact_loss at step 6000: 0.292013
2025-12-05 23:02:20 INFO     Training average positive_rule_loss at step 6000: 1.627038
2025-12-05 23:02:20 INFO     Training average negative_rule_loss at step 6000: 2.512932
2025-12-05 23:02:20 INFO     Training average L_uncertainty at step 6000: 43.304157
2025-12-05 23:02:20 INFO     Training average L_kl at step 6000: 43000.261094
2025-12-05 23:02:20 INFO     Training average L_sigma at step 6000: 151.946784
2025-12-05 23:02:20 INFO     Training average mu_mean at step 6000: -2.289502
2025-12-05 23:02:20 INFO     Training average sigma_mean at step 6000: 0.133958
2025-12-05 23:02:20 INFO     Training average regularization at step 6000: 0.006156
2025-12-05 23:02:20 INFO     Training average loss at step 6000: 2.509232
2025-12-05 23:02:20 INFO     Evaluating on Valid Dataset...
2025-12-05 23:02:20 INFO     >>>>> RuleE emb: Evaluating on valid
2025-12-05 23:02:30 INFO     Data : 4274
2025-12-05 23:02:30 INFO     Hit1 : 0.535798
2025-12-05 23:02:30 INFO     Hit3 : 0.767899
2025-12-05 23:02:30 INFO     Hit10: 0.941741
2025-12-05 23:02:30 INFO     MR   : 3.437763
2025-12-05 23:02:30 INFO     MRR  : 0.673017
2025-12-05 23:03:29 INFO     Training average positive_fact_loss at step 6100: 0.313666
2025-12-05 23:03:29 INFO     Training average negative_fact_loss at step 6100: 0.291988
2025-12-05 23:03:29 INFO     Training average positive_rule_loss at step 6100: 1.629172
2025-12-05 23:03:29 INFO     Training average negative_rule_loss at step 6100: 2.508749
2025-12-05 23:03:29 INFO     Training average L_uncertainty at step 6100: 43.203775
2025-12-05 23:03:29 INFO     Training average L_kl at step 6100: 42899.256641
2025-12-05 23:03:29 INFO     Training average L_sigma at step 6100: 152.257951
2025-12-05 23:03:29 INFO     Training average mu_mean at step 6100: -2.283965
2025-12-05 23:03:29 INFO     Training average sigma_mean at step 6100: 0.133998
2025-12-05 23:03:29 INFO     Training average regularization at step 6100: 0.006157
2025-12-05 23:03:29 INFO     Training average loss at step 6100: 2.507556
2025-12-05 23:04:29 INFO     Training average positive_fact_loss at step 6200: 0.314432
2025-12-05 23:04:29 INFO     Training average negative_fact_loss at step 6200: 0.291772
2025-12-05 23:04:29 INFO     Training average positive_rule_loss at step 6200: 1.628698
2025-12-05 23:04:29 INFO     Training average negative_rule_loss at step 6200: 2.508471
2025-12-05 23:04:29 INFO     Training average L_uncertainty at step 6200: 43.270406
2025-12-05 23:04:29 INFO     Training average L_kl at step 6200: 42968.632852
2025-12-05 23:04:29 INFO     Training average L_sigma at step 6200: 150.885832
2025-12-05 23:04:29 INFO     Training average mu_mean at step 6200: -2.285807
2025-12-05 23:04:29 INFO     Training average sigma_mean at step 6200: 0.133972
2025-12-05 23:04:29 INFO     Training average regularization at step 6200: 0.006164
2025-12-05 23:04:29 INFO     Training average loss at step 6200: 2.507661
2025-12-05 23:05:25 INFO     Training average positive_fact_loss at step 6300: 0.313658
2025-12-05 23:05:25 INFO     Training average negative_fact_loss at step 6300: 0.292262
2025-12-05 23:05:25 INFO     Training average positive_rule_loss at step 6300: 1.630102
2025-12-05 23:05:25 INFO     Training average negative_rule_loss at step 6300: 2.505670
2025-12-05 23:05:25 INFO     Training average L_uncertainty at step 6300: 43.153679
2025-12-05 23:05:25 INFO     Training average L_kl at step 6300: 42852.040625
2025-12-05 23:05:25 INFO     Training average L_sigma at step 6300: 150.818080
2025-12-05 23:05:25 INFO     Training average mu_mean at step 6300: -2.280015
2025-12-05 23:05:25 INFO     Training average sigma_mean at step 6300: 0.133974
2025-12-05 23:05:25 INFO     Training average regularization at step 6300: 0.006158
2025-12-05 23:05:25 INFO     Training average loss at step 6300: 2.506464
2025-12-05 23:06:26 INFO     Training average positive_fact_loss at step 6400: 0.313728
2025-12-05 23:06:26 INFO     Training average negative_fact_loss at step 6400: 0.291817
2025-12-05 23:06:26 INFO     Training average positive_rule_loss at step 6400: 1.629893
2025-12-05 23:06:26 INFO     Training average negative_rule_loss at step 6400: 2.503685
2025-12-05 23:06:26 INFO     Training average L_uncertainty at step 6400: 43.255444
2025-12-05 23:06:26 INFO     Training average L_kl at step 6400: 42954.002227
2025-12-05 23:06:26 INFO     Training average L_sigma at step 6400: 150.719934
2025-12-05 23:06:26 INFO     Training average mu_mean at step 6400: -2.282636
2025-12-05 23:06:26 INFO     Training average sigma_mean at step 6400: 0.133983
2025-12-05 23:06:26 INFO     Training average regularization at step 6400: 0.006165
2025-12-05 23:06:26 INFO     Training average loss at step 6400: 2.505493
2025-12-05 23:07:17 INFO     Training average positive_fact_loss at step 6500: 0.314531
2025-12-05 23:07:17 INFO     Training average negative_fact_loss at step 6500: 0.292031
2025-12-05 23:07:17 INFO     Training average positive_rule_loss at step 6500: 1.629212
2025-12-05 23:07:17 INFO     Training average negative_rule_loss at step 6500: 2.503548
2025-12-05 23:07:17 INFO     Training average L_uncertainty at step 6500: 43.013524
2025-12-05 23:07:17 INFO     Training average L_kl at step 6500: 42712.959922
2025-12-05 23:07:17 INFO     Training average L_sigma at step 6500: 150.281153
2025-12-05 23:07:17 INFO     Training average mu_mean at step 6500: -2.271110
2025-12-05 23:07:17 INFO     Training average sigma_mean at step 6500: 0.133979
2025-12-05 23:07:17 INFO     Training average regularization at step 6500: 0.006159
2025-12-05 23:07:17 INFO     Training average loss at step 6500: 2.504861
2025-12-05 23:08:13 INFO     Training average positive_fact_loss at step 6600: 0.314172
2025-12-05 23:08:13 INFO     Training average negative_fact_loss at step 6600: 0.291545
2025-12-05 23:08:13 INFO     Training average positive_rule_loss at step 6600: 1.634831
2025-12-05 23:08:13 INFO     Training average negative_rule_loss at step 6600: 2.496850
2025-12-05 23:08:13 INFO     Training average L_uncertainty at step 6600: 43.299598
2025-12-05 23:08:13 INFO     Training average L_kl at step 6600: 42997.704922
2025-12-05 23:08:13 INFO     Training average L_sigma at step 6600: 150.945310
2025-12-05 23:08:13 INFO     Training average mu_mean at step 6600: -2.282649
2025-12-05 23:08:13 INFO     Training average sigma_mean at step 6600: 0.133986
2025-12-05 23:08:13 INFO     Training average regularization at step 6600: 0.006165
2025-12-05 23:08:13 INFO     Training average loss at step 6600: 2.504763
2025-12-05 23:09:08 INFO     Training average positive_fact_loss at step 6700: 0.314096
2025-12-05 23:09:08 INFO     Training average negative_fact_loss at step 6700: 0.291333
2025-12-05 23:09:08 INFO     Training average positive_rule_loss at step 6700: 1.631934
2025-12-05 23:09:08 INFO     Training average negative_rule_loss at step 6700: 2.496582
2025-12-05 23:09:08 INFO     Training average L_uncertainty at step 6700: 43.159007
2025-12-05 23:09:08 INFO     Training average L_kl at step 6700: 42853.289062
2025-12-05 23:09:08 INFO     Training average L_sigma at step 6700: 152.858060
2025-12-05 23:09:08 INFO     Training average mu_mean at step 6700: -2.275377
2025-12-05 23:09:08 INFO     Training average sigma_mean at step 6700: 0.133954
2025-12-05 23:09:08 INFO     Training average regularization at step 6700: 0.006170
2025-12-05 23:09:08 INFO     Training average loss at step 6700: 2.502620
2025-12-05 23:10:08 INFO     Training average positive_fact_loss at step 6800: 0.313916
2025-12-05 23:10:08 INFO     Training average negative_fact_loss at step 6800: 0.291998
2025-12-05 23:10:08 INFO     Training average positive_rule_loss at step 6800: 1.633702
2025-12-05 23:10:08 INFO     Training average negative_rule_loss at step 6800: 2.493957
2025-12-05 23:10:08 INFO     Training average L_uncertainty at step 6800: 43.201959
2025-12-05 23:10:08 INFO     Training average L_kl at step 6800: 42900.272227
2025-12-05 23:10:08 INFO     Training average L_sigma at step 6800: 150.842294
2025-12-05 23:10:08 INFO     Training average mu_mean at step 6800: -2.275982
2025-12-05 23:10:08 INFO     Training average sigma_mean at step 6800: 0.133961
2025-12-05 23:10:08 INFO     Training average regularization at step 6800: 0.006153
2025-12-05 23:10:08 INFO     Training average loss at step 6800: 2.502545
2025-12-05 23:11:04 INFO     Training average positive_fact_loss at step 6900: 0.313350
2025-12-05 23:11:04 INFO     Training average negative_fact_loss at step 6900: 0.291841
2025-12-05 23:11:04 INFO     Training average positive_rule_loss at step 6900: 1.631742
2025-12-05 23:11:04 INFO     Training average negative_rule_loss at step 6900: 2.495318
2025-12-05 23:11:04 INFO     Training average L_uncertainty at step 6900: 42.997404
2025-12-05 23:11:04 INFO     Training average L_kl at step 6900: 42697.539062
2025-12-05 23:11:04 INFO     Training average L_sigma at step 6900: 149.931349
2025-12-05 23:11:04 INFO     Training average mu_mean at step 6900: -2.265980
2025-12-05 23:11:04 INFO     Training average sigma_mean at step 6900: 0.133964
2025-12-05 23:11:04 INFO     Training average regularization at step 6900: 0.006160
2025-12-05 23:11:04 INFO     Training average loss at step 6900: 2.501277
2025-12-05 23:12:05 INFO     Training average positive_fact_loss at step 7000: 0.314180
2025-12-05 23:12:05 INFO     Training average negative_fact_loss at step 7000: 0.291934
2025-12-05 23:12:05 INFO     Training average positive_rule_loss at step 7000: 1.632944
2025-12-05 23:12:05 INFO     Training average negative_rule_loss at step 7000: 2.491661
2025-12-05 23:12:05 INFO     Training average L_uncertainty at step 7000: 43.141873
2025-12-05 23:12:05 INFO     Training average L_kl at step 7000: 42842.465703
2025-12-05 23:12:05 INFO     Training average L_sigma at step 7000: 149.702965
2025-12-05 23:12:05 INFO     Training average mu_mean at step 7000: -2.270253
2025-12-05 23:12:05 INFO     Training average sigma_mean at step 7000: 0.133973
2025-12-05 23:12:05 INFO     Training average regularization at step 7000: 0.006159
2025-12-05 23:12:05 INFO     Training average loss at step 7000: 2.500944
2025-12-05 23:12:05 INFO     Evaluating on Valid Dataset...
2025-12-05 23:12:05 INFO     >>>>> RuleE emb: Evaluating on valid
2025-12-05 23:12:15 INFO     Data : 4274
2025-12-05 23:12:15 INFO     Hit1 : 0.526673
2025-12-05 23:12:15 INFO     Hit3 : 0.768133
2025-12-05 23:12:15 INFO     Hit10: 0.939167
2025-12-05 23:12:15 INFO     MR   : 3.478007
2025-12-05 23:12:15 INFO     MRR  : 0.667981
2025-12-05 23:13:11 INFO     Training average positive_fact_loss at step 7100: 0.314532
2025-12-05 23:13:11 INFO     Training average negative_fact_loss at step 7100: 0.291548
2025-12-05 23:13:11 INFO     Training average positive_rule_loss at step 7100: 1.633416
2025-12-05 23:13:11 INFO     Training average negative_rule_loss at step 7100: 2.488284
2025-12-05 23:13:11 INFO     Training average L_uncertainty at step 7100: 43.016976
2025-12-05 23:13:11 INFO     Training average L_kl at step 7100: 42718.702617
2025-12-05 23:13:11 INFO     Training average L_sigma at step 7100: 149.135802
2025-12-05 23:13:11 INFO     Training average mu_mean at step 7100: -2.263905
2025-12-05 23:13:11 INFO     Training average sigma_mean at step 7100: 0.133958
2025-12-05 23:13:11 INFO     Training average regularization at step 7100: 0.006160
2025-12-05 23:13:11 INFO     Training average loss at step 7100: 2.499101
2025-12-05 23:14:02 INFO     Training average positive_fact_loss at step 7200: 0.314209
2025-12-05 23:14:02 INFO     Training average negative_fact_loss at step 7200: 0.291825
2025-12-05 23:14:02 INFO     Training average positive_rule_loss at step 7200: 1.632037
2025-12-05 23:14:02 INFO     Training average negative_rule_loss at step 7200: 2.491197
2025-12-05 23:14:02 INFO     Training average L_uncertainty at step 7200: 42.936958
2025-12-05 23:14:02 INFO     Training average L_kl at step 7200: 42639.656133
2025-12-05 23:14:02 INFO     Training average L_sigma at step 7200: 148.649681
2025-12-05 23:14:02 INFO     Training average mu_mean at step 7200: -2.258652
2025-12-05 23:14:02 INFO     Training average sigma_mean at step 7200: 0.133963
2025-12-05 23:14:02 INFO     Training average regularization at step 7200: 0.006159
2025-12-05 23:14:02 INFO     Training average loss at step 7200: 2.499603
2025-12-05 23:14:57 INFO     Training average positive_fact_loss at step 7300: 0.314266
2025-12-05 23:14:57 INFO     Training average negative_fact_loss at step 7300: 0.291490
2025-12-05 23:14:57 INFO     Training average positive_rule_loss at step 7300: 1.634510
2025-12-05 23:14:57 INFO     Training average negative_rule_loss at step 7300: 2.482882
2025-12-05 23:14:57 INFO     Training average L_uncertainty at step 7300: 43.025917
2025-12-05 23:14:57 INFO     Training average L_kl at step 7300: 42726.746562
2025-12-05 23:14:57 INFO     Training average L_sigma at step 7300: 149.584351
2025-12-05 23:14:57 INFO     Training average mu_mean at step 7300: -2.261930
2025-12-05 23:14:57 INFO     Training average sigma_mean at step 7300: 0.133951
2025-12-05 23:14:57 INFO     Training average regularization at step 7300: 0.006163
2025-12-05 23:14:57 INFO     Training average loss at step 7300: 2.496815
2025-12-05 23:15:58 INFO     Training average positive_fact_loss at step 7400: 0.313175
2025-12-05 23:15:58 INFO     Training average negative_fact_loss at step 7400: 0.291288
2025-12-05 23:15:58 INFO     Training average positive_rule_loss at step 7400: 1.634455
2025-12-05 23:15:58 INFO     Training average negative_rule_loss at step 7400: 2.483594
2025-12-05 23:15:58 INFO     Training average L_uncertainty at step 7400: 42.973995
2025-12-05 23:15:58 INFO     Training average L_kl at step 7400: 42676.438867
2025-12-05 23:15:58 INFO     Training average L_sigma at step 7400: 148.777115
2025-12-05 23:15:58 INFO     Training average mu_mean at step 7400: -2.258513
2025-12-05 23:15:58 INFO     Training average sigma_mean at step 7400: 0.133977
2025-12-05 23:15:58 INFO     Training average regularization at step 7400: 0.006160
2025-12-05 23:15:58 INFO     Training average loss at step 7400: 2.496338
2025-12-05 23:16:54 INFO     Training average positive_fact_loss at step 7500: 0.313916
2025-12-05 23:16:54 INFO     Training average negative_fact_loss at step 7500: 0.291799
2025-12-05 23:16:54 INFO     Training average positive_rule_loss at step 7500: 1.633959
2025-12-05 23:16:54 INFO     Training average negative_rule_loss at step 7500: 2.480915
2025-12-05 23:16:54 INFO     Training average L_uncertainty at step 7500: 42.930225
2025-12-05 23:16:54 INFO     Training average L_kl at step 7500: 42635.546992
2025-12-05 23:16:54 INFO     Training average L_sigma at step 7500: 147.337743
2025-12-05 23:16:54 INFO     Training average mu_mean at step 7500: -2.253895
2025-12-05 23:16:54 INFO     Training average sigma_mean at step 7500: 0.133944
2025-12-05 23:16:54 INFO     Training average regularization at step 7500: 0.006164
2025-12-05 23:16:54 INFO     Training average loss at step 7500: 2.495249
2025-12-05 23:17:54 INFO     Training average positive_fact_loss at step 7600: 0.313694
2025-12-05 23:17:54 INFO     Training average negative_fact_loss at step 7600: 0.291954
2025-12-05 23:17:54 INFO     Training average positive_rule_loss at step 7600: 1.634069
2025-12-05 23:17:54 INFO     Training average negative_rule_loss at step 7600: 2.480369
2025-12-05 23:17:54 INFO     Training average L_uncertainty at step 7600: 42.966163
2025-12-05 23:17:54 INFO     Training average L_kl at step 7600: 42670.549570
2025-12-05 23:17:54 INFO     Training average L_sigma at step 7600: 147.805512
2025-12-05 23:17:54 INFO     Training average mu_mean at step 7600: -2.254456
2025-12-05 23:17:54 INFO     Training average sigma_mean at step 7600: 0.133962
2025-12-05 23:17:54 INFO     Training average regularization at step 7600: 0.006157
2025-12-05 23:17:54 INFO     Training average loss at step 7600: 2.495098
2025-12-05 23:18:50 INFO     Training average positive_fact_loss at step 7700: 0.314375
2025-12-05 23:18:50 INFO     Training average negative_fact_loss at step 7700: 0.291528
2025-12-05 23:18:50 INFO     Training average positive_rule_loss at step 7700: 1.634705
2025-12-05 23:18:50 INFO     Training average negative_rule_loss at step 7700: 2.476819
2025-12-05 23:18:50 INFO     Training average L_uncertainty at step 7700: 42.866064
2025-12-05 23:18:50 INFO     Training average L_kl at step 7700: 42571.216172
2025-12-05 23:18:50 INFO     Training average L_sigma at step 7700: 147.422782
2025-12-05 23:18:50 INFO     Training average mu_mean at step 7700: -2.249312
2025-12-05 23:18:50 INFO     Training average sigma_mean at step 7700: 0.133949
2025-12-05 23:18:50 INFO     Training average regularization at step 7700: 0.006160
2025-12-05 23:18:50 INFO     Training average loss at step 7700: 2.493471
2025-12-05 23:19:46 INFO     Training average positive_fact_loss at step 7800: 0.314036
2025-12-05 23:19:46 INFO     Training average negative_fact_loss at step 7800: 0.291567
2025-12-05 23:19:46 INFO     Training average positive_rule_loss at step 7800: 1.634874
2025-12-05 23:19:46 INFO     Training average negative_rule_loss at step 7800: 2.475075
2025-12-05 23:19:46 INFO     Training average L_uncertainty at step 7800: 42.919814
2025-12-05 23:19:46 INFO     Training average L_kl at step 7800: 42624.123828
2025-12-05 23:19:46 INFO     Training average L_sigma at step 7800: 147.843975
2025-12-05 23:19:46 INFO     Training average mu_mean at step 7800: -2.249788
2025-12-05 23:19:46 INFO     Training average sigma_mean at step 7800: 0.133963
2025-12-05 23:19:46 INFO     Training average regularization at step 7800: 0.006163
2025-12-05 23:19:46 INFO     Training average loss at step 7800: 2.492699
2025-12-05 23:20:37 INFO     Training average positive_fact_loss at step 7900: 0.314279
2025-12-05 23:20:37 INFO     Training average negative_fact_loss at step 7900: 0.290775
2025-12-05 23:20:37 INFO     Training average positive_rule_loss at step 7900: 1.637102
2025-12-05 23:20:37 INFO     Training average negative_rule_loss at step 7900: 2.471591
2025-12-05 23:20:37 INFO     Training average L_uncertainty at step 7900: 42.877142
2025-12-05 23:20:37 INFO     Training average L_kl at step 7900: 42582.171445
2025-12-05 23:20:37 INFO     Training average L_sigma at step 7900: 147.484456
2025-12-05 23:20:37 INFO     Training average mu_mean at step 7900: -2.246827
2025-12-05 23:20:37 INFO     Training average sigma_mean at step 7900: 0.133959
2025-12-05 23:20:37 INFO     Training average regularization at step 7900: 0.006165
2025-12-05 23:20:37 INFO     Training average loss at step 7900: 2.491670
2025-12-05 23:21:37 INFO     Training average positive_fact_loss at step 8000: 0.313443
2025-12-05 23:21:37 INFO     Training average negative_fact_loss at step 8000: 0.291490
2025-12-05 23:21:37 INFO     Training average positive_rule_loss at step 8000: 1.634353
2025-12-05 23:21:37 INFO     Training average negative_rule_loss at step 8000: 2.472478
2025-12-05 23:21:37 INFO     Training average L_uncertainty at step 8000: 42.823881
2025-12-05 23:21:37 INFO     Training average L_kl at step 8000: 42530.037773
2025-12-05 23:21:37 INFO     Training average L_sigma at step 8000: 146.920530
2025-12-05 23:21:37 INFO     Training average mu_mean at step 8000: -2.242776
2025-12-05 23:21:37 INFO     Training average sigma_mean at step 8000: 0.133950
2025-12-05 23:21:37 INFO     Training average regularization at step 8000: 0.006152
2025-12-05 23:21:37 INFO     Training average loss at step 8000: 2.490506
2025-12-05 23:21:37 INFO     Evaluating on Valid Dataset...
2025-12-05 23:21:37 INFO     >>>>> RuleE emb: Evaluating on valid
2025-12-05 23:21:47 INFO     Data : 4274
2025-12-05 23:21:47 INFO     Hit1 : 0.534160
2025-12-05 23:21:47 INFO     Hit3 : 0.767665
2025-12-05 23:21:47 INFO     Hit10: 0.939635
2025-12-05 23:21:47 INFO     MR   : 3.423725
2025-12-05 23:21:47 INFO     MRR  : 0.672390
2025-12-05 23:22:43 INFO     Training average positive_fact_loss at step 8100: 0.314230
2025-12-05 23:22:43 INFO     Training average negative_fact_loss at step 8100: 0.291631
2025-12-05 23:22:43 INFO     Training average positive_rule_loss at step 8100: 1.635030
2025-12-05 23:22:43 INFO     Training average negative_rule_loss at step 8100: 2.469854
2025-12-05 23:22:43 INFO     Training average L_uncertainty at step 8100: 42.741097
2025-12-05 23:22:43 INFO     Training average L_kl at step 8100: 42446.640000
2025-12-05 23:22:43 INFO     Training average L_sigma at step 8100: 147.227459
2025-12-05 23:22:43 INFO     Training average mu_mean at step 8100: -2.237682
2025-12-05 23:22:43 INFO     Training average sigma_mean at step 8100: 0.133958
2025-12-05 23:22:43 INFO     Training average regularization at step 8100: 0.006151
2025-12-05 23:22:43 INFO     Training average loss at step 8100: 2.489747
2025-12-05 23:23:44 INFO     Training average positive_fact_loss at step 8200: 0.313321
2025-12-05 23:23:44 INFO     Training average negative_fact_loss at step 8200: 0.291615
2025-12-05 23:23:44 INFO     Training average positive_rule_loss at step 8200: 1.635381
2025-12-05 23:23:44 INFO     Training average negative_rule_loss at step 8200: 2.468055
2025-12-05 23:23:44 INFO     Training average L_uncertainty at step 8200: 42.781657
2025-12-05 23:23:44 INFO     Training average L_kl at step 8200: 42487.278672
2025-12-05 23:23:44 INFO     Training average L_sigma at step 8200: 147.188343
2025-12-05 23:23:44 INFO     Training average mu_mean at step 8200: -2.238011
2025-12-05 23:23:44 INFO     Training average sigma_mean at step 8200: 0.133953
2025-12-05 23:23:44 INFO     Training average regularization at step 8200: 0.006158
2025-12-05 23:23:44 INFO     Training average loss at step 8200: 2.488689
2025-12-05 23:24:40 INFO     Training average positive_fact_loss at step 8300: 0.313626
2025-12-05 23:24:40 INFO     Training average negative_fact_loss at step 8300: 0.291459
2025-12-05 23:24:40 INFO     Training average positive_rule_loss at step 8300: 1.636244
2025-12-05 23:24:40 INFO     Training average negative_rule_loss at step 8300: 2.464739
2025-12-05 23:24:40 INFO     Training average L_uncertainty at step 8300: 42.723196
2025-12-05 23:24:40 INFO     Training average L_kl at step 8300: 42428.902227
2025-12-05 23:24:40 INFO     Training average L_sigma at step 8300: 147.145596
2025-12-05 23:24:40 INFO     Training average mu_mean at step 8300: -2.234181
2025-12-05 23:24:40 INFO     Training average sigma_mean at step 8300: 0.133955
2025-12-05 23:24:40 INFO     Training average regularization at step 8300: 0.006159
2025-12-05 23:24:40 INFO     Training average loss at step 8300: 2.487363
2025-12-05 23:25:40 INFO     Training average positive_fact_loss at step 8400: 0.313784
2025-12-05 23:25:40 INFO     Training average negative_fact_loss at step 8400: 0.291412
2025-12-05 23:25:40 INFO     Training average positive_rule_loss at step 8400: 1.639983
2025-12-05 23:25:40 INFO     Training average negative_rule_loss at step 8400: 2.458874
2025-12-05 23:25:40 INFO     Training average L_uncertainty at step 8400: 42.837883
2025-12-05 23:25:40 INFO     Training average L_kl at step 8400: 42542.640742
2025-12-05 23:25:40 INFO     Training average L_sigma at step 8400: 147.620163
2025-12-05 23:25:40 INFO     Training average mu_mean at step 8400: -2.237844
2025-12-05 23:25:40 INFO     Training average sigma_mean at step 8400: 0.133959
2025-12-05 23:25:40 INFO     Training average regularization at step 8400: 0.006154
2025-12-05 23:25:40 INFO     Training average loss at step 8400: 2.486695
2025-12-05 23:26:27 INFO     Training average positive_fact_loss at step 8500: 0.314298
2025-12-05 23:26:27 INFO     Training average negative_fact_loss at step 8500: 0.290904
2025-12-05 23:26:27 INFO     Training average positive_rule_loss at step 8500: 1.638741
2025-12-05 23:26:27 INFO     Training average negative_rule_loss at step 8500: 2.457969
2025-12-05 23:26:27 INFO     Training average L_uncertainty at step 8500: 42.763753
2025-12-05 23:26:27 INFO     Training average L_kl at step 8500: 42467.993164
2025-12-05 23:26:27 INFO     Training average L_sigma at step 8500: 147.878724
2025-12-05 23:26:27 INFO     Training average mu_mean at step 8500: -2.233038
2025-12-05 23:26:27 INFO     Training average sigma_mean at step 8500: 0.133962
2025-12-05 23:26:27 INFO     Training average regularization at step 8500: 0.006155
2025-12-05 23:26:27 INFO     Training average loss at step 8500: 2.485403
2025-12-05 23:27:27 INFO     Training average positive_fact_loss at step 8600: 0.313682
2025-12-05 23:27:27 INFO     Training average negative_fact_loss at step 8600: 0.291319
2025-12-05 23:27:27 INFO     Training average positive_rule_loss at step 8600: 1.637758
2025-12-05 23:27:27 INFO     Training average negative_rule_loss at step 8600: 2.458423
2025-12-05 23:27:27 INFO     Training average L_uncertainty at step 8600: 42.701981
2025-12-05 23:27:27 INFO     Training average L_kl at step 8600: 42408.855430
2025-12-05 23:27:27 INFO     Training average L_sigma at step 8600: 146.561579
2025-12-05 23:27:27 INFO     Training average mu_mean at step 8600: -2.228913
2025-12-05 23:27:27 INFO     Training average sigma_mean at step 8600: 0.133942
2025-12-05 23:27:27 INFO     Training average regularization at step 8600: 0.006154
2025-12-05 23:27:27 INFO     Training average loss at step 8600: 2.484851
2025-12-05 23:28:23 INFO     Training average positive_fact_loss at step 8700: 0.313169
2025-12-05 23:28:23 INFO     Training average negative_fact_loss at step 8700: 0.290966
2025-12-05 23:28:23 INFO     Training average positive_rule_loss at step 8700: 1.639200
2025-12-05 23:28:23 INFO     Training average negative_rule_loss at step 8700: 2.452286
2025-12-05 23:28:23 INFO     Training average L_uncertainty at step 8700: 42.754590
2025-12-05 23:28:23 INFO     Training average L_kl at step 8700: 42460.027266
2025-12-05 23:28:23 INFO     Training average L_sigma at step 8700: 147.280222
2025-12-05 23:28:23 INFO     Training average mu_mean at step 8700: -2.229088
2025-12-05 23:28:23 INFO     Training average sigma_mean at step 8700: 0.133959
2025-12-05 23:28:23 INFO     Training average regularization at step 8700: 0.006149
2025-12-05 23:28:23 INFO     Training average loss at step 8700: 2.482224
2025-12-05 23:29:23 INFO     Training average positive_fact_loss at step 8800: 0.313849
2025-12-05 23:29:23 INFO     Training average negative_fact_loss at step 8800: 0.291277
2025-12-05 23:29:23 INFO     Training average positive_rule_loss at step 8800: 1.636636
2025-12-05 23:29:23 INFO     Training average negative_rule_loss at step 8800: 2.457209
2025-12-05 23:29:23 INFO     Training average L_uncertainty at step 8800: 42.577518
2025-12-05 23:29:23 INFO     Training average L_kl at step 8800: 42284.290195
2025-12-05 23:29:23 INFO     Training average L_sigma at step 8800: 146.613100
2025-12-05 23:29:23 INFO     Training average mu_mean at step 8800: -2.220336
2025-12-05 23:29:23 INFO     Training average sigma_mean at step 8800: 0.133943
2025-12-05 23:29:23 INFO     Training average regularization at step 8800: 0.006152
2025-12-05 23:29:23 INFO     Training average loss at step 8800: 2.483370
2025-12-05 23:30:20 INFO     Training average positive_fact_loss at step 8900: 0.313493
2025-12-05 23:30:20 INFO     Training average negative_fact_loss at step 8900: 0.292039
2025-12-05 23:30:20 INFO     Training average positive_rule_loss at step 8900: 1.640778
2025-12-05 23:30:20 INFO     Training average negative_rule_loss at step 8900: 2.448754
2025-12-05 23:30:20 INFO     Training average L_uncertainty at step 8900: 42.687336
2025-12-05 23:30:20 INFO     Training average L_kl at step 8900: 42392.428633
2025-12-05 23:30:20 INFO     Training average L_sigma at step 8900: 147.452776
2025-12-05 23:30:20 INFO     Training average mu_mean at step 8900: -2.223030
2025-12-05 23:30:20 INFO     Training average sigma_mean at step 8900: 0.133965
2025-12-05 23:30:20 INFO     Training average regularization at step 8900: 0.006149
2025-12-05 23:30:20 INFO     Training average loss at step 8900: 2.481742
2025-12-05 23:31:20 INFO     Training average positive_fact_loss at step 9000: 0.313605
2025-12-05 23:31:20 INFO     Training average negative_fact_loss at step 9000: 0.291230
2025-12-05 23:31:20 INFO     Training average positive_rule_loss at step 9000: 1.638516
2025-12-05 23:31:20 INFO     Training average negative_rule_loss at step 9000: 2.449793
2025-12-05 23:31:20 INFO     Training average L_uncertainty at step 9000: 42.617197
2025-12-05 23:31:20 INFO     Training average L_kl at step 9000: 42322.429492
2025-12-05 23:31:20 INFO     Training average L_sigma at step 9000: 147.382556
2025-12-05 23:31:20 INFO     Training average mu_mean at step 9000: -2.218516
2025-12-05 23:31:20 INFO     Training average sigma_mean at step 9000: 0.133957
2025-12-05 23:31:20 INFO     Training average regularization at step 9000: 0.006159
2025-12-05 23:31:20 INFO     Training average loss at step 9000: 2.480582
2025-12-05 23:31:20 INFO     Evaluating on Valid Dataset...
2025-12-05 23:31:20 INFO     >>>>> RuleE emb: Evaluating on valid
2025-12-05 23:31:30 INFO     Data : 4274
2025-12-05 23:31:30 INFO     Hit1 : 0.530416
2025-12-05 23:31:30 INFO     Hit3 : 0.759476
2025-12-05 23:31:30 INFO     Hit10: 0.940103
2025-12-05 23:31:30 INFO     MR   : 3.490641
2025-12-05 23:31:30 INFO     MRR  : 0.667178
2025-12-05 23:32:22 INFO     Training average positive_fact_loss at step 9100: 0.314452
2025-12-05 23:32:22 INFO     Training average negative_fact_loss at step 9100: 0.291214
2025-12-05 23:32:22 INFO     Training average positive_rule_loss at step 9100: 1.640238
2025-12-05 23:32:22 INFO     Training average negative_rule_loss at step 9100: 2.444404
2025-12-05 23:32:22 INFO     Training average L_uncertainty at step 9100: 42.650858
2025-12-05 23:32:22 INFO     Training average L_kl at step 9100: 42356.676172
2025-12-05 23:32:22 INFO     Training average L_sigma at step 9100: 147.089829
2025-12-05 23:32:22 INFO     Training average mu_mean at step 9100: -2.217743
2025-12-05 23:32:22 INFO     Training average sigma_mean at step 9100: 0.133948
2025-12-05 23:32:22 INFO     Training average regularization at step 9100: 0.006160
2025-12-05 23:32:22 INFO     Training average loss at step 9100: 2.479266
2025-12-05 23:33:18 INFO     Training average positive_fact_loss at step 9200: 0.313921
2025-12-05 23:33:18 INFO     Training average negative_fact_loss at step 9200: 0.291133
2025-12-05 23:33:18 INFO     Training average positive_rule_loss at step 9200: 1.639567
2025-12-05 23:33:18 INFO     Training average negative_rule_loss at step 9200: 2.445810
2025-12-05 23:33:18 INFO     Training average L_uncertainty at step 9200: 42.599863
2025-12-05 23:33:18 INFO     Training average L_kl at step 9200: 42304.431445
2025-12-05 23:33:18 INFO     Training average L_sigma at step 9200: 147.715045
2025-12-05 23:33:18 INFO     Training average mu_mean at step 9200: -2.214644
2025-12-05 23:33:18 INFO     Training average sigma_mean at step 9200: 0.133943
2025-12-05 23:33:18 INFO     Training average regularization at step 9200: 0.006161
2025-12-05 23:33:18 INFO     Training average loss at step 9200: 2.479177
2025-12-05 23:34:13 INFO     Training average positive_fact_loss at step 9300: 0.314001
2025-12-05 23:34:13 INFO     Training average negative_fact_loss at step 9300: 0.291350
2025-12-05 23:34:13 INFO     Training average positive_rule_loss at step 9300: 1.639316
2025-12-05 23:34:13 INFO     Training average negative_rule_loss at step 9300: 2.442894
2025-12-05 23:34:13 INFO     Training average L_uncertainty at step 9300: 42.484791
2025-12-05 23:34:13 INFO     Training average L_kl at step 9300: 42188.744336
2025-12-05 23:34:13 INFO     Training average L_sigma at step 9300: 148.022379
2025-12-05 23:34:13 INFO     Training average mu_mean at step 9300: -2.207535
2025-12-05 23:34:13 INFO     Training average sigma_mean at step 9300: 0.133979
2025-12-05 23:34:13 INFO     Training average regularization at step 9300: 0.006151
2025-12-05 23:34:13 INFO     Training average loss at step 9300: 2.477386
2025-12-05 23:35:14 INFO     Training average positive_fact_loss at step 9400: 0.313711
2025-12-05 23:35:14 INFO     Training average negative_fact_loss at step 9400: 0.291287
2025-12-05 23:35:14 INFO     Training average positive_rule_loss at step 9400: 1.639618
2025-12-05 23:35:14 INFO     Training average negative_rule_loss at step 9400: 2.439126
2025-12-05 23:35:14 INFO     Training average L_uncertainty at step 9400: 42.579500
2025-12-05 23:35:14 INFO     Training average L_kl at step 9400: 42284.940469
2025-12-05 23:35:14 INFO     Training average L_sigma at step 9400: 147.278597
2025-12-05 23:35:14 INFO     Training average mu_mean at step 9400: -2.209334
2025-12-05 23:35:14 INFO     Training average sigma_mean at step 9400: 0.133963
2025-12-05 23:35:14 INFO     Training average regularization at step 9400: 0.006148
2025-12-05 23:35:14 INFO     Training average loss at step 9400: 2.475757
2025-12-05 23:36:10 INFO     Training average positive_fact_loss at step 9500: 0.313114
2025-12-05 23:36:10 INFO     Training average negative_fact_loss at step 9500: 0.291450
2025-12-05 23:36:10 INFO     Training average positive_rule_loss at step 9500: 1.644098
2025-12-05 23:36:10 INFO     Training average negative_rule_loss at step 9500: 2.435223
2025-12-05 23:36:10 INFO     Training average L_uncertainty at step 9500: 42.576644
2025-12-05 23:36:10 INFO     Training average L_kl at step 9500: 42277.666797
2025-12-05 23:36:10 INFO     Training average L_sigma at step 9500: 149.487759
2025-12-05 23:36:10 INFO     Training average mu_mean at step 9500: -2.208574
2025-12-05 23:36:10 INFO     Training average sigma_mean at step 9500: 0.133974
2025-12-05 23:36:10 INFO     Training average regularization at step 9500: 0.006158
2025-12-05 23:36:10 INFO     Training average loss at step 9500: 2.475831
2025-12-05 23:37:10 INFO     Training average positive_fact_loss at step 9600: 0.313717
2025-12-05 23:37:10 INFO     Training average negative_fact_loss at step 9600: 0.291586
2025-12-05 23:37:10 INFO     Training average positive_rule_loss at step 9600: 1.640017
2025-12-05 23:37:10 INFO     Training average negative_rule_loss at step 9600: 2.434459
2025-12-05 23:37:10 INFO     Training average L_uncertainty at step 9600: 42.591821
2025-12-05 23:37:10 INFO     Training average L_kl at step 9600: 42298.225234
2025-12-05 23:37:10 INFO     Training average L_sigma at step 9600: 146.797232
2025-12-05 23:37:10 INFO     Training average mu_mean at step 9600: -2.205825
2025-12-05 23:37:10 INFO     Training average sigma_mean at step 9600: 0.133949
2025-12-05 23:37:10 INFO     Training average regularization at step 9600: 0.006156
2025-12-05 23:37:10 INFO     Training average loss at step 9600: 2.473821
2025-12-05 23:38:06 INFO     Training average positive_fact_loss at step 9700: 0.313997
2025-12-05 23:38:06 INFO     Training average negative_fact_loss at step 9700: 0.291120
2025-12-05 23:38:06 INFO     Training average positive_rule_loss at step 9700: 1.638357
2025-12-05 23:38:06 INFO     Training average negative_rule_loss at step 9700: 2.435400
2025-12-05 23:38:06 INFO     Training average L_uncertainty at step 9700: 42.406724
2025-12-05 23:38:06 INFO     Training average L_kl at step 9700: 42112.059805
2025-12-05 23:38:06 INFO     Training average L_sigma at step 9700: 147.330930
2025-12-05 23:38:06 INFO     Training average mu_mean at step 9700: -2.195883
2025-12-05 23:38:06 INFO     Training average sigma_mean at step 9700: 0.133965
2025-12-05 23:38:06 INFO     Training average regularization at step 9700: 0.006151
2025-12-05 23:38:06 INFO     Training average loss at step 9700: 2.472808
2025-12-05 23:38:58 INFO     Training average positive_fact_loss at step 9800: 0.313740
2025-12-05 23:38:58 INFO     Training average negative_fact_loss at step 9800: 0.290680
2025-12-05 23:38:58 INFO     Training average positive_rule_loss at step 9800: 1.640907
2025-12-05 23:38:58 INFO     Training average negative_rule_loss at step 9800: 2.428926
2025-12-05 23:38:58 INFO     Training average L_uncertainty at step 9800: 42.492509
2025-12-05 23:38:58 INFO     Training average L_kl at step 9800: 42197.468711
2025-12-05 23:38:58 INFO     Training average L_sigma at step 9800: 147.519339
2025-12-05 23:38:58 INFO     Training average mu_mean at step 9800: -2.197168
2025-12-05 23:38:58 INFO     Training average sigma_mean at step 9800: 0.133965
2025-12-05 23:38:58 INFO     Training average regularization at step 9800: 0.006147
2025-12-05 23:38:58 INFO     Training average loss at step 9800: 2.470751
2025-12-05 23:39:53 INFO     Training average positive_fact_loss at step 9900: 0.314030
2025-12-05 23:39:53 INFO     Training average negative_fact_loss at step 9900: 0.291153
2025-12-05 23:39:53 INFO     Training average positive_rule_loss at step 9900: 1.639778
2025-12-05 23:39:53 INFO     Training average negative_rule_loss at step 9900: 2.429332
2025-12-05 23:39:53 INFO     Training average L_uncertainty at step 9900: 42.489375
2025-12-05 23:39:53 INFO     Training average L_kl at step 9900: 42194.781836
2025-12-05 23:39:53 INFO     Training average L_sigma at step 9900: 147.295487
2025-12-05 23:39:53 INFO     Training average mu_mean at step 9900: -2.195110
2025-12-05 23:39:53 INFO     Training average sigma_mean at step 9900: 0.133966
2025-12-05 23:39:53 INFO     Training average regularization at step 9900: 0.006163
2025-12-05 23:39:53 INFO     Training average loss at step 9900: 2.470778
2025-12-05 23:40:54 INFO     Training average positive_fact_loss at step 10000: 0.313186
2025-12-05 23:40:54 INFO     Training average negative_fact_loss at step 10000: 0.290916
2025-12-05 23:40:54 INFO     Training average positive_rule_loss at step 10000: 1.637589
2025-12-05 23:40:54 INFO     Training average negative_rule_loss at step 10000: 2.430301
2025-12-05 23:40:54 INFO     Training average L_uncertainty at step 10000: 42.326323
2025-12-05 23:40:54 INFO     Training average L_kl at step 10000: 42032.120898
2025-12-05 23:40:54 INFO     Training average L_sigma at step 10000: 147.100222
2025-12-05 23:40:54 INFO     Training average mu_mean at step 10000: -2.185037
2025-12-05 23:40:54 INFO     Training average sigma_mean at step 10000: 0.133967
2025-12-05 23:40:54 INFO     Training average regularization at step 10000: 0.006151
2025-12-05 23:40:54 INFO     Training average loss at step 10000: 2.469126
2025-12-05 23:40:54 INFO     Evaluating on Valid Dataset...
2025-12-05 23:40:54 INFO     >>>>> RuleE emb: Evaluating on valid
2025-12-05 23:41:04 INFO     Data : 4274
2025-12-05 23:41:04 INFO     Hit1 : 0.528545
2025-12-05 23:41:04 INFO     Hit3 : 0.766963
2025-12-05 23:41:04 INFO     Hit10: 0.941975
2025-12-05 23:41:04 INFO     MR   : 3.445250
2025-12-05 23:41:04 INFO     MRR  : 0.668630
2025-12-05 23:42:00 INFO     Training average positive_fact_loss at step 10100: 0.313651
2025-12-05 23:42:00 INFO     Training average negative_fact_loss at step 10100: 0.291379
2025-12-05 23:42:00 INFO     Training average positive_rule_loss at step 10100: 1.638272
2025-12-05 23:42:00 INFO     Training average negative_rule_loss at step 10100: 2.427185
2025-12-05 23:42:00 INFO     Training average L_uncertainty at step 10100: 42.324969
2025-12-05 23:42:00 INFO     Training average L_kl at step 10100: 42029.978477
2025-12-05 23:42:00 INFO     Training average L_sigma at step 10100: 147.494149
2025-12-05 23:42:00 INFO     Training average mu_mean at step 10100: -2.183677
2025-12-05 23:42:00 INFO     Training average sigma_mean at step 10100: 0.133977
2025-12-05 23:42:00 INFO     Training average regularization at step 10100: 0.006154
2025-12-05 23:42:00 INFO     Training average loss at step 10100: 2.468373
2025-12-05 23:43:01 INFO     Training average positive_fact_loss at step 10200: 0.313264
2025-12-05 23:43:01 INFO     Training average negative_fact_loss at step 10200: 0.291273
2025-12-05 23:43:01 INFO     Training average positive_rule_loss at step 10200: 1.638273
2025-12-05 23:43:01 INFO     Training average negative_rule_loss at step 10200: 2.423487
2025-12-05 23:43:01 INFO     Training average L_uncertainty at step 10200: 42.329789
2025-12-05 23:43:01 INFO     Training average L_kl at step 10200: 42035.454414
2025-12-05 23:43:01 INFO     Training average L_sigma at step 10200: 147.166145
2025-12-05 23:43:01 INFO     Training average mu_mean at step 10200: -2.180427
2025-12-05 23:43:01 INFO     Training average sigma_mean at step 10200: 0.133965
2025-12-05 23:43:01 INFO     Training average regularization at step 10200: 0.006153
2025-12-05 23:43:01 INFO     Training average loss at step 10200: 2.466291
2025-12-05 23:43:57 INFO     Training average positive_fact_loss at step 10300: 0.313881
2025-12-05 23:43:57 INFO     Training average negative_fact_loss at step 10300: 0.291238
2025-12-05 23:43:57 INFO     Training average positive_rule_loss at step 10300: 1.638512
2025-12-05 23:43:57 INFO     Training average negative_rule_loss at step 10300: 2.422761
2025-12-05 23:43:57 INFO     Training average L_uncertainty at step 10300: 42.282089
2025-12-05 23:43:57 INFO     Training average L_kl at step 10300: 41987.733359
2025-12-05 23:43:57 INFO     Training average L_sigma at step 10300: 147.176889
2025-12-05 23:43:57 INFO     Training average mu_mean at step 10300: -2.175993
2025-12-05 23:43:57 INFO     Training average sigma_mean at step 10300: 0.133967
2025-12-05 23:43:57 INFO     Training average regularization at step 10300: 0.006156
2025-12-05 23:43:57 INFO     Training average loss at step 10300: 2.466198
2025-12-05 23:44:53 INFO     Training average positive_fact_loss at step 10400: 0.314512
2025-12-05 23:44:53 INFO     Training average negative_fact_loss at step 10400: 0.291397
2025-12-05 23:44:53 INFO     Training average positive_rule_loss at step 10400: 1.637426
2025-12-05 23:44:53 INFO     Training average negative_rule_loss at step 10400: 2.421311
2025-12-05 23:44:53 INFO     Training average L_uncertainty at step 10400: 42.259694
2025-12-05 23:44:53 INFO     Training average L_kl at step 10400: 41964.567695
2025-12-05 23:44:53 INFO     Training average L_sigma at step 10400: 147.562258
2025-12-05 23:44:53 INFO     Training average mu_mean at step 10400: -2.171922
2025-12-05 23:44:53 INFO     Training average sigma_mean at step 10400: 0.133975
2025-12-05 23:44:53 INFO     Training average regularization at step 10400: 0.006164
2025-12-05 23:44:53 INFO     Training average loss at step 10400: 2.465266
2025-12-05 23:45:44 INFO     Training average positive_fact_loss at step 10500: 0.313307
2025-12-05 23:45:44 INFO     Training average negative_fact_loss at step 10500: 0.290627
2025-12-05 23:45:44 INFO     Training average positive_rule_loss at step 10500: 1.638248
2025-12-05 23:45:44 INFO     Training average negative_rule_loss at step 10500: 2.415921
2025-12-05 23:45:44 INFO     Training average L_uncertainty at step 10500: 42.302251
2025-12-05 23:45:44 INFO     Training average L_kl at step 10500: 42007.727734
2025-12-05 23:45:44 INFO     Training average L_sigma at step 10500: 147.260665
2025-12-05 23:45:44 INFO     Training average mu_mean at step 10500: -2.171258
2025-12-05 23:45:44 INFO     Training average sigma_mean at step 10500: 0.133969
2025-12-05 23:45:44 INFO     Training average regularization at step 10500: 0.006158
2025-12-05 23:45:44 INFO     Training average loss at step 10500: 2.462117
2025-12-05 23:46:44 INFO     Training average positive_fact_loss at step 10600: 0.313748
2025-12-05 23:46:44 INFO     Training average negative_fact_loss at step 10600: 0.291186
2025-12-05 23:46:44 INFO     Training average positive_rule_loss at step 10600: 1.637159
2025-12-05 23:46:44 INFO     Training average negative_rule_loss at step 10600: 2.414983
2025-12-05 23:46:44 INFO     Training average L_uncertainty at step 10600: 42.237433
2025-12-05 23:46:44 INFO     Training average L_kl at step 10600: 41942.183711
2025-12-05 23:46:44 INFO     Training average L_sigma at step 10600: 147.623751
2025-12-05 23:46:44 INFO     Training average mu_mean at step 10600: -2.164127
2025-12-05 23:46:44 INFO     Training average sigma_mean at step 10600: 0.133975
2025-12-05 23:46:44 INFO     Training average regularization at step 10600: 0.006159
2025-12-05 23:46:44 INFO     Training average loss at step 10600: 2.461410
2025-12-05 23:47:40 INFO     Training average positive_fact_loss at step 10700: 0.313093
2025-12-05 23:47:40 INFO     Training average negative_fact_loss at step 10700: 0.291180
2025-12-05 23:47:40 INFO     Training average positive_rule_loss at step 10700: 1.637978
2025-12-05 23:47:40 INFO     Training average negative_rule_loss at step 10700: 2.411409
2025-12-05 23:47:40 INFO     Training average L_uncertainty at step 10700: 42.255437
2025-12-05 23:47:40 INFO     Training average L_kl at step 10700: 41959.993828
2025-12-05 23:47:40 INFO     Training average L_sigma at step 10700: 147.720620
2025-12-05 23:47:40 INFO     Training average mu_mean at step 10700: -2.162744
2025-12-05 23:47:40 INFO     Training average sigma_mean at step 10700: 0.133982
2025-12-05 23:47:40 INFO     Training average regularization at step 10700: 0.006152
2025-12-05 23:47:40 INFO     Training average loss at step 10700: 2.459748
2025-12-05 23:48:41 INFO     Training average positive_fact_loss at step 10800: 0.314054
2025-12-05 23:48:41 INFO     Training average negative_fact_loss at step 10800: 0.291085
2025-12-05 23:48:41 INFO     Training average positive_rule_loss at step 10800: 1.637367
2025-12-05 23:48:41 INFO     Training average negative_rule_loss at step 10800: 2.410083
2025-12-05 23:48:41 INFO     Training average L_uncertainty at step 10800: 42.175064
2025-12-05 23:48:41 INFO     Training average L_kl at step 10800: 41880.476836
2025-12-05 23:48:41 INFO     Training average L_sigma at step 10800: 147.292717
2025-12-05 23:48:41 INFO     Training average mu_mean at step 10800: -2.156141
2025-12-05 23:48:41 INFO     Training average sigma_mean at step 10800: 0.133969
2025-12-05 23:48:41 INFO     Training average regularization at step 10800: 0.006163
2025-12-05 23:48:41 INFO     Training average loss at step 10800: 2.458983
2025-12-05 23:49:37 INFO     Training average positive_fact_loss at step 10900: 0.313694
2025-12-05 23:49:37 INFO     Training average negative_fact_loss at step 10900: 0.291192
2025-12-05 23:49:37 INFO     Training average positive_rule_loss at step 10900: 1.636614
2025-12-05 23:49:37 INFO     Training average negative_rule_loss at step 10900: 2.407371
2025-12-05 23:49:37 INFO     Training average L_uncertainty at step 10900: 42.200243
2025-12-05 23:49:37 INFO     Training average L_kl at step 10900: 41903.568555
2025-12-05 23:49:37 INFO     Training average L_sigma at step 10900: 148.336445
2025-12-05 23:49:37 INFO     Training average mu_mean at step 10900: -2.153015
2025-12-05 23:49:37 INFO     Training average sigma_mean at step 10900: 0.133990
2025-12-05 23:49:37 INFO     Training average regularization at step 10900: 0.006165
2025-12-05 23:49:37 INFO     Training average loss at step 10900: 2.457201
2025-12-05 23:50:37 INFO     Training average positive_fact_loss at step 11000: 0.313788
2025-12-05 23:50:37 INFO     Training average negative_fact_loss at step 11000: 0.291459
2025-12-05 23:50:37 INFO     Training average positive_rule_loss at step 11000: 1.637520
2025-12-05 23:50:37 INFO     Training average negative_rule_loss at step 11000: 2.403544
2025-12-05 23:50:37 INFO     Training average L_uncertainty at step 11000: 42.203207
2025-12-05 23:50:37 INFO     Training average L_kl at step 11000: 41908.084687
2025-12-05 23:50:37 INFO     Training average L_sigma at step 11000: 147.560036
2025-12-05 23:50:37 INFO     Training average mu_mean at step 11000: -2.150845
2025-12-05 23:50:37 INFO     Training average sigma_mean at step 11000: 0.133972
2025-12-05 23:50:37 INFO     Training average regularization at step 11000: 0.006153
2025-12-05 23:50:37 INFO     Training average loss at step 11000: 2.455918
2025-12-05 23:50:37 INFO     Evaluating on Valid Dataset...
2025-12-05 23:50:37 INFO     >>>>> RuleE emb: Evaluating on valid
2025-12-05 23:50:48 INFO     Data : 4274
2025-12-05 23:50:48 INFO     Hit1 : 0.525737
2025-12-05 23:50:48 INFO     Hit3 : 0.765091
2025-12-05 23:50:48 INFO     Hit10: 0.942911
2025-12-05 23:50:48 INFO     MR   : 3.446186
2025-12-05 23:50:48 INFO     MRR  : 0.666816
2025-12-05 23:51:34 INFO     Training average positive_fact_loss at step 11100: 0.314117
2025-12-05 23:51:34 INFO     Training average negative_fact_loss at step 11100: 0.290708
2025-12-05 23:51:34 INFO     Training average positive_rule_loss at step 11100: 1.639811
2025-12-05 23:51:34 INFO     Training average negative_rule_loss at step 11100: 2.399744
2025-12-05 23:51:34 INFO     Training average L_uncertainty at step 11100: 42.192470
2025-12-05 23:51:34 INFO     Training average L_kl at step 11100: 41894.993789
2025-12-05 23:51:34 INFO     Training average L_sigma at step 11100: 148.736830
2025-12-05 23:51:34 INFO     Training average mu_mean at step 11100: -2.148037
2025-12-05 23:51:34 INFO     Training average sigma_mean at step 11100: 0.133977
2025-12-05 23:51:34 INFO     Training average regularization at step 11100: 0.006167
2025-12-05 23:51:34 INFO     Training average loss at step 11100: 2.454934
2025-12-05 23:52:34 INFO     Training average positive_fact_loss at step 11200: 0.313350
2025-12-05 23:52:34 INFO     Training average negative_fact_loss at step 11200: 0.291241
2025-12-05 23:52:34 INFO     Training average positive_rule_loss at step 11200: 1.638174
2025-12-05 23:52:34 INFO     Training average negative_rule_loss at step 11200: 2.397243
2025-12-05 23:52:34 INFO     Training average L_uncertainty at step 11200: 42.220891
2025-12-05 23:52:34 INFO     Training average L_kl at step 11200: 41923.555664
2025-12-05 23:52:34 INFO     Training average L_sigma at step 11200: 148.666777
2025-12-05 23:52:34 INFO     Training average mu_mean at step 11200: -2.144838
2025-12-05 23:52:34 INFO     Training average sigma_mean at step 11200: 0.133979
2025-12-05 23:52:34 INFO     Training average regularization at step 11200: 0.006148
2025-12-05 23:52:34 INFO     Training average loss at step 11200: 2.452814
2025-12-05 23:53:31 INFO     Training average positive_fact_loss at step 11300: 0.313485
2025-12-05 23:53:31 INFO     Training average negative_fact_loss at step 11300: 0.290693
2025-12-05 23:53:31 INFO     Training average positive_rule_loss at step 11300: 1.634745
2025-12-05 23:53:31 INFO     Training average negative_rule_loss at step 11300: 2.399280
2025-12-05 23:53:31 INFO     Training average L_uncertainty at step 11300: 42.038547
2025-12-05 23:53:31 INFO     Training average L_kl at step 11300: 41742.124336
2025-12-05 23:53:31 INFO     Training average L_sigma at step 11300: 148.210539
2025-12-05 23:53:31 INFO     Training average mu_mean at step 11300: -2.132138
2025-12-05 23:53:31 INFO     Training average sigma_mean at step 11300: 0.133982
2025-12-05 23:53:31 INFO     Training average regularization at step 11300: 0.006160
2025-12-05 23:53:31 INFO     Training average loss at step 11300: 2.451377
2025-12-05 23:54:31 INFO     Training average positive_fact_loss at step 11400: 0.313253
2025-12-05 23:54:31 INFO     Training average negative_fact_loss at step 11400: 0.291192
2025-12-05 23:54:31 INFO     Training average positive_rule_loss at step 11400: 1.634422
2025-12-05 23:54:31 INFO     Training average negative_rule_loss at step 11400: 2.397068
2025-12-05 23:54:31 INFO     Training average L_uncertainty at step 11400: 42.047407
2025-12-05 23:54:31 INFO     Training average L_kl at step 11400: 41751.295508
2025-12-05 23:54:31 INFO     Training average L_sigma at step 11400: 148.054416
2025-12-05 23:54:31 INFO     Training average mu_mean at step 11400: -2.127692
2025-12-05 23:54:31 INFO     Training average sigma_mean at step 11400: 0.133984
2025-12-05 23:54:31 INFO     Training average regularization at step 11400: 0.006156
2025-12-05 23:54:31 INFO     Training average loss at step 11400: 2.450266
2025-12-05 23:55:27 INFO     Training average positive_fact_loss at step 11500: 0.313486
2025-12-05 23:55:27 INFO     Training average negative_fact_loss at step 11500: 0.291348
2025-12-05 23:55:27 INFO     Training average positive_rule_loss at step 11500: 1.635369
2025-12-05 23:55:27 INFO     Training average negative_rule_loss at step 11500: 2.393530
2025-12-05 23:55:27 INFO     Training average L_uncertainty at step 11500: 42.035911
2025-12-05 23:55:27 INFO     Training average L_kl at step 11500: 41740.962617
2025-12-05 23:55:27 INFO     Training average L_sigma at step 11500: 147.473367
2025-12-05 23:55:27 INFO     Training average mu_mean at step 11500: -2.124318
2025-12-05 23:55:27 INFO     Training average sigma_mean at step 11500: 0.133972
2025-12-05 23:55:27 INFO     Training average regularization at step 11500: 0.006149
2025-12-05 23:55:27 INFO     Training average loss at step 11500: 2.449122
2025-12-05 23:56:28 INFO     Training average positive_fact_loss at step 11600: 0.314494
2025-12-05 23:56:28 INFO     Training average negative_fact_loss at step 11600: 0.291039
2025-12-05 23:56:28 INFO     Training average positive_rule_loss at step 11600: 1.633061
2025-12-05 23:56:28 INFO     Training average negative_rule_loss at step 11600: 2.393354
2025-12-05 23:56:28 INFO     Training average L_uncertainty at step 11600: 41.909058
2025-12-05 23:56:28 INFO     Training average L_kl at step 11600: 41613.054766
2025-12-05 23:56:28 INFO     Training average L_sigma at step 11600: 148.000449
2025-12-05 23:56:28 INFO     Training average mu_mean at step 11600: -2.113709
2025-12-05 23:56:28 INFO     Training average sigma_mean at step 11600: 0.133990
2025-12-05 23:56:28 INFO     Training average regularization at step 11600: 0.006154
2025-12-05 23:56:28 INFO     Training average loss at step 11600: 2.447855
2025-12-05 23:57:19 INFO     Training average positive_fact_loss at step 11700: 0.313457
2025-12-05 23:57:19 INFO     Training average negative_fact_loss at step 11700: 0.290972
2025-12-05 23:57:19 INFO     Training average positive_rule_loss at step 11700: 1.636354
2025-12-05 23:57:19 INFO     Training average negative_rule_loss at step 11700: 2.384300
2025-12-05 23:57:19 INFO     Training average L_uncertainty at step 11700: 42.037705
2025-12-05 23:57:19 INFO     Training average L_kl at step 11700: 41740.430703
2025-12-05 23:57:19 INFO     Training average L_sigma at step 11700: 148.635993
2025-12-05 23:57:19 INFO     Training average mu_mean at step 11700: -2.115291
2025-12-05 23:57:19 INFO     Training average sigma_mean at step 11700: 0.133996
2025-12-05 23:57:19 INFO     Training average regularization at step 11700: 0.006151
2025-12-05 23:57:19 INFO     Training average loss at step 11700: 2.444806
2025-12-05 23:58:15 INFO     Training average positive_fact_loss at step 11800: 0.313655
2025-12-05 23:58:15 INFO     Training average negative_fact_loss at step 11800: 0.290681
2025-12-05 23:58:15 INFO     Training average positive_rule_loss at step 11800: 1.634178
2025-12-05 23:58:15 INFO     Training average negative_rule_loss at step 11800: 2.387915
2025-12-05 23:58:15 INFO     Training average L_uncertainty at step 11800: 41.888741
2025-12-05 23:58:15 INFO     Training average L_kl at step 11800: 41592.527773
2025-12-05 23:58:15 INFO     Training average L_sigma at step 11800: 148.105896
2025-12-05 23:58:15 INFO     Training average mu_mean at step 11800: -2.105277
2025-12-05 23:58:15 INFO     Training average sigma_mean at step 11800: 0.133990
2025-12-05 23:58:15 INFO     Training average regularization at step 11800: 0.006157
2025-12-05 23:58:15 INFO     Training average loss at step 11800: 2.445038
2025-12-05 23:59:11 INFO     Training average positive_fact_loss at step 11900: 0.313455
2025-12-05 23:59:11 INFO     Training average negative_fact_loss at step 11900: 0.290593
2025-12-05 23:59:11 INFO     Training average positive_rule_loss at step 11900: 1.632392
2025-12-05 23:59:11 INFO     Training average negative_rule_loss at step 11900: 2.385754
2025-12-05 23:59:11 INFO     Training average L_uncertainty at step 11900: 41.838405
2025-12-05 23:59:11 INFO     Training average L_kl at step 11900: 41540.720586
2025-12-05 23:59:11 INFO     Training average L_sigma at step 11900: 148.841384
2025-12-05 23:59:11 INFO     Training average mu_mean at step 11900: -2.096840
2025-12-05 23:59:11 INFO     Training average sigma_mean at step 11900: 0.134009
2025-12-05 23:59:11 INFO     Training average regularization at step 11900: 0.006154
2025-12-05 23:59:11 INFO     Training average loss at step 11900: 2.442766
2025-12-06 00:00:11 INFO     Training average positive_fact_loss at step 12000: 0.313256
2025-12-06 00:00:11 INFO     Training average negative_fact_loss at step 12000: 0.291062
2025-12-06 00:00:11 INFO     Training average positive_rule_loss at step 12000: 1.634913
2025-12-06 00:00:11 INFO     Training average negative_rule_loss at step 12000: 2.379624
2025-12-06 00:00:11 INFO     Training average L_uncertainty at step 12000: 41.846525
2025-12-06 00:00:11 INFO     Training average L_kl at step 12000: 41551.622344
2025-12-06 00:00:11 INFO     Training average L_sigma at step 12000: 147.450535
2025-12-06 00:00:11 INFO     Training average mu_mean at step 12000: -2.092768
2025-12-06 00:00:11 INFO     Training average sigma_mean at step 12000: 0.133983
2025-12-06 00:00:11 INFO     Training average regularization at step 12000: 0.006156
2025-12-06 00:00:11 INFO     Training average loss at step 12000: 2.441123
2025-12-06 00:00:11 INFO     Evaluating on Valid Dataset...
2025-12-06 00:00:11 INFO     >>>>> RuleE emb: Evaluating on valid
2025-12-06 00:00:22 INFO     Data : 4274
2025-12-06 00:00:22 INFO     Hit1 : 0.524801
2025-12-06 00:00:22 INFO     Hit3 : 0.764389
2025-12-06 00:00:22 INFO     Hit10: 0.938465
2025-12-06 00:00:22 INFO     MR   : 3.455545
2025-12-06 00:00:22 INFO     MRR  : 0.667373
2025-12-06 00:01:17 INFO     Training average positive_fact_loss at step 12100: 0.313452
2025-12-06 00:01:17 INFO     Training average negative_fact_loss at step 12100: 0.291184
2025-12-06 00:01:17 INFO     Training average positive_rule_loss at step 12100: 1.634646
2025-12-06 00:01:17 INFO     Training average negative_rule_loss at step 12100: 2.376059
2025-12-06 00:01:17 INFO     Training average L_uncertainty at step 12100: 41.862434
2025-12-06 00:01:17 INFO     Training average L_kl at step 12100: 41562.778711
2025-12-06 00:01:17 INFO     Training average L_sigma at step 12100: 149.826539
2025-12-06 00:01:17 INFO     Training average mu_mean at step 12100: -2.091498
2025-12-06 00:01:17 INFO     Training average sigma_mean at step 12100: 0.133992
2025-12-06 00:01:17 INFO     Training average regularization at step 12100: 0.006149
2025-12-06 00:01:17 INFO     Training average loss at step 12100: 2.439407
2025-12-06 00:02:18 INFO     Training average positive_fact_loss at step 12200: 0.313076
2025-12-06 00:02:18 INFO     Training average negative_fact_loss at step 12200: 0.291175
2025-12-06 00:02:18 INFO     Training average positive_rule_loss at step 12200: 1.633850
2025-12-06 00:02:18 INFO     Training average negative_rule_loss at step 12200: 2.374120
2025-12-06 00:02:18 INFO     Training average L_uncertainty at step 12200: 41.852950
2025-12-06 00:02:18 INFO     Training average L_kl at step 12200: 41556.921016
2025-12-06 00:02:18 INFO     Training average L_sigma at step 12200: 148.013434
2025-12-06 00:02:18 INFO     Training average mu_mean at step 12200: -2.083949
2025-12-06 00:02:18 INFO     Training average sigma_mean at step 12200: 0.133994
2025-12-06 00:02:18 INFO     Training average regularization at step 12200: 0.006158
2025-12-06 00:02:18 INFO     Training average loss at step 12200: 2.437828
2025-12-06 00:03:14 INFO     Training average positive_fact_loss at step 12300: 0.314047
2025-12-06 00:03:14 INFO     Training average negative_fact_loss at step 12300: 0.291094
2025-12-06 00:03:14 INFO     Training average positive_rule_loss at step 12300: 1.632097
2025-12-06 00:03:14 INFO     Training average negative_rule_loss at step 12300: 2.372237
2025-12-06 00:03:14 INFO     Training average L_uncertainty at step 12300: 41.776917
2025-12-06 00:03:14 INFO     Training average L_kl at step 12300: 41480.955938
2025-12-06 00:03:14 INFO     Training average L_sigma at step 12300: 147.979507
2025-12-06 00:03:14 INFO     Training average mu_mean at step 12300: -2.073573
2025-12-06 00:03:14 INFO     Training average sigma_mean at step 12300: 0.133992
2025-12-06 00:03:14 INFO     Training average regularization at step 12300: 0.006151
2025-12-06 00:03:14 INFO     Training average loss at step 12300: 2.436220
2025-12-06 00:04:05 INFO     Training average positive_fact_loss at step 12400: 0.314102
2025-12-06 00:04:05 INFO     Training average negative_fact_loss at step 12400: 0.290513
2025-12-06 00:04:05 INFO     Training average positive_rule_loss at step 12400: 1.637945
2025-12-06 00:04:05 INFO     Training average negative_rule_loss at step 12400: 2.365231
2025-12-06 00:04:05 INFO     Training average L_uncertainty at step 12400: 41.825411
2025-12-06 00:04:05 INFO     Training average L_kl at step 12400: 41523.028867
2025-12-06 00:04:05 INFO     Training average L_sigma at step 12400: 151.189989
2025-12-06 00:04:05 INFO     Training average mu_mean at step 12400: -2.075107
2025-12-06 00:04:05 INFO     Training average sigma_mean at step 12400: 0.134003
2025-12-06 00:04:05 INFO     Training average regularization at step 12400: 0.006149
2025-12-06 00:04:05 INFO     Training average loss at step 12400: 2.435520
2025-12-06 00:05:00 INFO     Training average positive_fact_loss at step 12500: 0.313641
2025-12-06 00:05:00 INFO     Training average negative_fact_loss at step 12500: 0.290971
2025-12-06 00:05:00 INFO     Training average positive_rule_loss at step 12500: 1.631798
2025-12-06 00:05:00 INFO     Training average negative_rule_loss at step 12500: 2.366947
2025-12-06 00:05:00 INFO     Training average L_uncertainty at step 12500: 41.694194
2025-12-06 00:05:00 INFO     Training average L_kl at step 12500: 41397.954375
2025-12-06 00:05:00 INFO     Training average L_sigma at step 12500: 148.118977
2025-12-06 00:05:00 INFO     Training average mu_mean at step 12500: -2.060312
2025-12-06 00:05:00 INFO     Training average sigma_mean at step 12500: 0.133998
2025-12-06 00:05:00 INFO     Training average regularization at step 12500: 0.006151
2025-12-06 00:05:00 INFO     Training average loss at step 12500: 2.432912
2025-12-06 00:06:01 INFO     Training average positive_fact_loss at step 12600: 0.313675
2025-12-06 00:06:01 INFO     Training average negative_fact_loss at step 12600: 0.290996
2025-12-06 00:06:01 INFO     Training average positive_rule_loss at step 12600: 1.636216
2025-12-06 00:06:01 INFO     Training average negative_rule_loss at step 12600: 2.362551
2025-12-06 00:06:01 INFO     Training average L_uncertainty at step 12600: 41.720405
2025-12-06 00:06:01 INFO     Training average L_kl at step 12600: 41423.135664
2025-12-06 00:06:01 INFO     Training average L_sigma at step 12600: 148.633917
2025-12-06 00:06:01 INFO     Training average mu_mean at step 12600: -2.060264
2025-12-06 00:06:01 INFO     Training average sigma_mean at step 12600: 0.133999
2025-12-06 00:06:01 INFO     Training average regularization at step 12600: 0.006146
2025-12-06 00:06:01 INFO     Training average loss at step 12600: 2.433027
2025-12-06 00:06:57 INFO     Training average positive_fact_loss at step 12700: 0.313365
2025-12-06 00:06:57 INFO     Training average negative_fact_loss at step 12700: 0.291186
2025-12-06 00:06:57 INFO     Training average positive_rule_loss at step 12700: 1.630510
2025-12-06 00:06:57 INFO     Training average negative_rule_loss at step 12700: 2.362355
2025-12-06 00:06:57 INFO     Training average L_uncertainty at step 12700: 41.582580
2025-12-06 00:06:57 INFO     Training average L_kl at step 12700: 41285.771445
2025-12-06 00:06:57 INFO     Training average L_sigma at step 12700: 148.403269
2025-12-06 00:06:57 INFO     Training average mu_mean at step 12700: -2.043426
2025-12-06 00:06:57 INFO     Training average sigma_mean at step 12700: 0.134000
2025-12-06 00:06:57 INFO     Training average regularization at step 12700: 0.006143
2025-12-06 00:06:57 INFO     Training average loss at step 12700: 2.429598
2025-12-06 00:07:57 INFO     Training average positive_fact_loss at step 12800: 0.313968
2025-12-06 00:07:57 INFO     Training average negative_fact_loss at step 12800: 0.291412
2025-12-06 00:07:57 INFO     Training average positive_rule_loss at step 12800: 1.632561
2025-12-06 00:07:57 INFO     Training average negative_rule_loss at step 12800: 2.361049
2025-12-06 00:07:57 INFO     Training average L_uncertainty at step 12800: 41.613031
2025-12-06 00:07:57 INFO     Training average L_kl at step 12800: 41317.001328
2025-12-06 00:07:57 INFO     Training average L_sigma at step 12800: 148.013976
2025-12-06 00:07:57 INFO     Training average mu_mean at step 12800: -2.042625
2025-12-06 00:07:57 INFO     Training average sigma_mean at step 12800: 0.133989
2025-12-06 00:07:57 INFO     Training average regularization at step 12800: 0.006137
2025-12-06 00:07:57 INFO     Training average loss at step 12800: 2.430471
2025-12-06 00:08:52 INFO     Training average positive_fact_loss at step 12900: 0.313566
2025-12-06 00:08:52 INFO     Training average negative_fact_loss at step 12900: 0.291175
2025-12-06 00:08:52 INFO     Training average positive_rule_loss at step 12900: 1.630820
2025-12-06 00:08:52 INFO     Training average negative_rule_loss at step 12900: 2.358205
2025-12-06 00:08:52 INFO     Training average L_uncertainty at step 12900: 41.523068
2025-12-06 00:08:52 INFO     Training average L_kl at step 12900: 41226.706328
2025-12-06 00:08:52 INFO     Training average L_sigma at step 12900: 148.180188
2025-12-06 00:08:52 INFO     Training average mu_mean at step 12900: -2.031615
2025-12-06 00:08:52 INFO     Training average sigma_mean at step 12900: 0.133998
2025-12-06 00:08:52 INFO     Training average regularization at step 12900: 0.006145
2025-12-06 00:08:52 INFO     Training average loss at step 12900: 2.427597
2025-12-06 00:09:48 INFO     Training average positive_fact_loss at step 13000: 0.313881
2025-12-06 00:09:48 INFO     Training average negative_fact_loss at step 13000: 0.290481
2025-12-06 00:09:48 INFO     Training average positive_rule_loss at step 13000: 1.637202
2025-12-06 00:09:48 INFO     Training average negative_rule_loss at step 13000: 2.346531
2025-12-06 00:09:48 INFO     Training average L_uncertainty at step 13000: 41.564885
2025-12-06 00:09:48 INFO     Training average L_kl at step 13000: 41270.056680
2025-12-06 00:09:48 INFO     Training average L_sigma at step 13000: 147.413408
2025-12-06 00:09:48 INFO     Training average mu_mean at step 13000: -2.029712
2025-12-06 00:09:48 INFO     Training average sigma_mean at step 13000: 0.133969
2025-12-06 00:09:48 INFO     Training average regularization at step 13000: 0.006142
2025-12-06 00:09:48 INFO     Training average loss at step 13000: 2.424885
2025-12-06 00:09:48 INFO     Evaluating on Valid Dataset...
2025-12-06 00:09:48 INFO     >>>>> RuleE emb: Evaluating on valid
2025-12-06 00:09:58 INFO     Data : 4274
2025-12-06 00:09:58 INFO     Hit1 : 0.542115
2025-12-06 00:09:58 INFO     Hit3 : 0.765559
2025-12-06 00:09:58 INFO     Hit10: 0.940805
2025-12-06 00:09:58 INFO     MR   : 3.418577
2025-12-06 00:09:58 INFO     MRR  : 0.675441
2025-12-06 00:10:51 INFO     Training average positive_fact_loss at step 13100: 0.313861
2025-12-06 00:10:51 INFO     Training average negative_fact_loss at step 13100: 0.290871
2025-12-06 00:10:51 INFO     Training average positive_rule_loss at step 13100: 1.631076
2025-12-06 00:10:51 INFO     Training average negative_rule_loss at step 13100: 2.351925
2025-12-06 00:10:51 INFO     Training average L_uncertainty at step 13100: 41.490797
2025-12-06 00:10:51 INFO     Training average L_kl at step 13100: 41189.049609
2025-12-06 00:10:51 INFO     Training average L_sigma at step 13100: 150.872624
2025-12-06 00:10:51 INFO     Training average mu_mean at step 13100: -2.021840
2025-12-06 00:10:51 INFO     Training average sigma_mean at step 13100: 0.134026
2025-12-06 00:10:51 INFO     Training average regularization at step 13100: 0.006143
2025-12-06 00:10:51 INFO     Training average loss at step 13100: 2.424482
2025-12-06 00:11:51 INFO     Training average positive_fact_loss at step 13200: 0.313082
2025-12-06 00:11:51 INFO     Training average negative_fact_loss at step 13200: 0.290703
2025-12-06 00:11:51 INFO     Training average positive_rule_loss at step 13200: 1.632401
2025-12-06 00:11:51 INFO     Training average negative_rule_loss at step 13200: 2.347034
2025-12-06 00:11:51 INFO     Training average L_uncertainty at step 13200: 41.460661
2025-12-06 00:11:51 INFO     Training average L_kl at step 13200: 41164.233945
2025-12-06 00:11:51 INFO     Training average L_sigma at step 13200: 148.212403
2025-12-06 00:11:51 INFO     Training average mu_mean at step 13200: -2.012642
2025-12-06 00:11:51 INFO     Training average sigma_mean at step 13200: 0.134001
2025-12-06 00:11:51 INFO     Training average regularization at step 13200: 0.006148
2025-12-06 00:11:51 INFO     Training average loss at step 13200: 2.422140
2025-12-06 00:12:47 INFO     Training average positive_fact_loss at step 13300: 0.313336
2025-12-06 00:12:47 INFO     Training average negative_fact_loss at step 13300: 0.291065
2025-12-06 00:12:47 INFO     Training average positive_rule_loss at step 13300: 1.632754
2025-12-06 00:12:47 INFO     Training average negative_rule_loss at step 13300: 2.342965
2025-12-06 00:12:47 INFO     Training average L_uncertainty at step 13300: 41.418837
2025-12-06 00:12:47 INFO     Training average L_kl at step 13300: 41123.363164
2025-12-06 00:12:47 INFO     Training average L_sigma at step 13300: 147.736054
2025-12-06 00:12:47 INFO     Training average mu_mean at step 13300: -2.003562
2025-12-06 00:12:47 INFO     Training average sigma_mean at step 13300: 0.133993
2025-12-06 00:12:47 INFO     Training average regularization at step 13300: 0.006144
2025-12-06 00:12:47 INFO     Training average loss at step 13300: 2.420460
2025-12-06 00:13:47 INFO     Training average positive_fact_loss at step 13400: 0.313107
2025-12-06 00:13:47 INFO     Training average negative_fact_loss at step 13400: 0.290990
2025-12-06 00:13:47 INFO     Training average positive_rule_loss at step 13400: 1.630651
2025-12-06 00:13:47 INFO     Training average negative_rule_loss at step 13400: 2.346789
2025-12-06 00:13:47 INFO     Training average L_uncertainty at step 13400: 41.236707
2025-12-06 00:13:47 INFO     Training average L_kl at step 13400: 40940.282813
2025-12-06 00:13:47 INFO     Training average L_sigma at step 13400: 148.211118
2025-12-06 00:13:47 INFO     Training average mu_mean at step 13400: -1.993218
2025-12-06 00:13:47 INFO     Training average sigma_mean at step 13400: 0.134005
2025-12-06 00:13:47 INFO     Training average regularization at step 13400: 0.006140
2025-12-06 00:13:47 INFO     Training average loss at step 13400: 2.420619
2025-12-06 00:14:43 INFO     Training average positive_fact_loss at step 13500: 0.313679
2025-12-06 00:14:43 INFO     Training average negative_fact_loss at step 13500: 0.290946
2025-12-06 00:14:43 INFO     Training average positive_rule_loss at step 13500: 1.631465
2025-12-06 00:14:43 INFO     Training average negative_rule_loss at step 13500: 2.341301
2025-12-06 00:14:43 INFO     Training average L_uncertainty at step 13500: 41.227518
2025-12-06 00:14:43 INFO     Training average L_kl at step 13500: 40929.706055
2025-12-06 00:14:43 INFO     Training average L_sigma at step 13500: 148.904860
2025-12-06 00:14:43 INFO     Training average mu_mean at step 13500: -1.986145
2025-12-06 00:14:43 INFO     Training average sigma_mean at step 13500: 0.134016
2025-12-06 00:14:43 INFO     Training average regularization at step 13500: 0.006139
2025-12-06 00:14:43 INFO     Training average loss at step 13500: 2.418517
2025-12-06 00:15:43 INFO     Training average positive_fact_loss at step 13600: 0.313102
2025-12-06 00:15:43 INFO     Training average negative_fact_loss at step 13600: 0.290802
2025-12-06 00:15:43 INFO     Training average positive_rule_loss at step 13600: 1.637160
2025-12-06 00:15:43 INFO     Training average negative_rule_loss at step 13600: 2.331023
2025-12-06 00:15:43 INFO     Training average L_uncertainty at step 13600: 41.283619
2025-12-06 00:15:43 INFO     Training average L_kl at step 13600: 40983.861289
2025-12-06 00:15:43 INFO     Training average L_sigma at step 13600: 149.877952
2025-12-06 00:15:43 INFO     Training average mu_mean at step 13600: -1.987502
2025-12-06 00:15:43 INFO     Training average sigma_mean at step 13600: 0.134030
2025-12-06 00:15:43 INFO     Training average regularization at step 13600: 0.006157
2025-12-06 00:15:43 INFO     Training average loss at step 13600: 2.416052
2025-12-06 00:16:29 INFO     Training average positive_fact_loss at step 13700: 0.314318
2025-12-06 00:16:29 INFO     Training average negative_fact_loss at step 13700: 0.290493
2025-12-06 00:16:29 INFO     Training average positive_rule_loss at step 13700: 1.633844
2025-12-06 00:16:29 INFO     Training average negative_rule_loss at step 13700: 2.331494
2025-12-06 00:16:29 INFO     Training average L_uncertainty at step 13700: 41.235909
2025-12-06 00:16:29 INFO     Training average L_kl at step 13700: 40939.404648
2025-12-06 00:16:29 INFO     Training average L_sigma at step 13700: 148.251012
2025-12-06 00:16:29 INFO     Training average mu_mean at step 13700: -1.976760
2025-12-06 00:16:29 INFO     Training average sigma_mean at step 13700: 0.134000
2025-12-06 00:16:29 INFO     Training average regularization at step 13700: 0.006150
2025-12-06 00:16:29 INFO     Training average loss at step 13700: 2.414932
2025-12-06 00:17:30 INFO     Training average positive_fact_loss at step 13800: 0.313202
2025-12-06 00:17:30 INFO     Training average negative_fact_loss at step 13800: 0.290596
2025-12-06 00:17:30 INFO     Training average positive_rule_loss at step 13800: 1.631248
2025-12-06 00:17:30 INFO     Training average negative_rule_loss at step 13800: 2.333338
2025-12-06 00:17:30 INFO     Training average L_uncertainty at step 13800: 41.051080
2025-12-06 00:17:30 INFO     Training average L_kl at step 13800: 40754.784219
2025-12-06 00:17:30 INFO     Training average L_sigma at step 13800: 148.147208
2025-12-06 00:17:30 INFO     Training average mu_mean at step 13800: -1.961999
2025-12-06 00:17:30 INFO     Training average sigma_mean at step 13800: 0.133999
2025-12-06 00:17:30 INFO     Training average regularization at step 13800: 0.006148
2025-12-06 00:17:30 INFO     Training average loss at step 13800: 2.413493
2025-12-06 00:18:26 INFO     Training average positive_fact_loss at step 13900: 0.313695
2025-12-06 00:18:26 INFO     Training average negative_fact_loss at step 13900: 0.290874
2025-12-06 00:18:26 INFO     Training average positive_rule_loss at step 13900: 1.633610
2025-12-06 00:18:26 INFO     Training average negative_rule_loss at step 13900: 2.327669
2025-12-06 00:18:26 INFO     Training average L_uncertainty at step 13900: 41.068845
2025-12-06 00:18:26 INFO     Training average L_kl at step 13900: 40771.574492
2025-12-06 00:18:26 INFO     Training average L_sigma at step 13900: 148.634107
2025-12-06 00:18:26 INFO     Training average mu_mean at step 13900: -1.958508
2025-12-06 00:18:26 INFO     Training average sigma_mean at step 13900: 0.134009
2025-12-06 00:18:26 INFO     Training average regularization at step 13900: 0.006145
2025-12-06 00:18:26 INFO     Training average loss at step 13900: 2.412275
2025-12-06 00:19:26 INFO     Training average positive_fact_loss at step 14000: 0.313763
2025-12-06 00:19:26 INFO     Training average negative_fact_loss at step 14000: 0.291035
2025-12-06 00:19:26 INFO     Training average positive_rule_loss at step 14000: 1.635772
2025-12-06 00:19:26 INFO     Training average negative_rule_loss at step 14000: 2.320978
2025-12-06 00:19:26 INFO     Training average L_uncertainty at step 14000: 41.051060
2025-12-06 00:19:26 INFO     Training average L_kl at step 14000: 40753.589883
2025-12-06 00:19:26 INFO     Training average L_sigma at step 14000: 148.733970
2025-12-06 00:19:26 INFO     Training average mu_mean at step 14000: -1.954442
2025-12-06 00:19:26 INFO     Training average sigma_mean at step 14000: 0.134014
2025-12-06 00:19:26 INFO     Training average regularization at step 14000: 0.006149
2025-12-06 00:19:26 INFO     Training average loss at step 14000: 2.410076
2025-12-06 00:19:26 INFO     Evaluating on Valid Dataset...
2025-12-06 00:19:26 INFO     >>>>> RuleE emb: Evaluating on valid
2025-12-06 00:19:36 INFO     Data : 4274
2025-12-06 00:19:36 INFO     Hit1 : 0.529013
2025-12-06 00:19:36 INFO     Hit3 : 0.762050
2025-12-06 00:19:36 INFO     Hit10: 0.938465
2025-12-06 00:19:36 INFO     MR   : 3.475667
2025-12-06 00:19:36 INFO     MRR  : 0.668209
2025-12-06 00:20:32 INFO     Training average positive_fact_loss at step 14100: 0.313009
2025-12-06 00:20:32 INFO     Training average negative_fact_loss at step 14100: 0.291129
2025-12-06 00:20:32 INFO     Training average positive_rule_loss at step 14100: 1.633838
2025-12-06 00:20:32 INFO     Training average negative_rule_loss at step 14100: 2.324352
2025-12-06 00:20:32 INFO     Training average L_uncertainty at step 14100: 40.923150
2025-12-06 00:20:32 INFO     Training average L_kl at step 14100: 40626.334922
2025-12-06 00:20:32 INFO     Training average L_sigma at step 14100: 148.406091
2025-12-06 00:20:32 INFO     Training average mu_mean at step 14100: -1.942214
2025-12-06 00:20:32 INFO     Training average sigma_mean at step 14100: 0.134005
2025-12-06 00:20:32 INFO     Training average regularization at step 14100: 0.006138
2025-12-06 00:20:32 INFO     Training average loss at step 14100: 2.410072
2025-12-06 00:21:32 INFO     Training average positive_fact_loss at step 14200: 0.314029
2025-12-06 00:21:32 INFO     Training average negative_fact_loss at step 14200: 0.291292
2025-12-06 00:21:32 INFO     Training average positive_rule_loss at step 14200: 1.637888
2025-12-06 00:21:32 INFO     Training average negative_rule_loss at step 14200: 2.314894
2025-12-06 00:21:32 INFO     Training average L_uncertainty at step 14200: 40.884462
2025-12-06 00:21:32 INFO     Training average L_kl at step 14200: 40586.790469
2025-12-06 00:21:32 INFO     Training average L_sigma at step 14200: 148.834958
2025-12-06 00:21:32 INFO     Training average mu_mean at step 14200: -1.937262
2025-12-06 00:21:32 INFO     Training average sigma_mean at step 14200: 0.134015
2025-12-06 00:21:32 INFO     Training average regularization at step 14200: 0.006128
2025-12-06 00:21:32 INFO     Training average loss at step 14200: 2.407833
2025-12-06 00:22:24 INFO     Training average positive_fact_loss at step 14300: 0.314220
2025-12-06 00:22:24 INFO     Training average negative_fact_loss at step 14300: 0.290705
2025-12-06 00:22:24 INFO     Training average positive_rule_loss at step 14300: 1.635257
2025-12-06 00:22:24 INFO     Training average negative_rule_loss at step 14300: 2.316178
2025-12-06 00:22:24 INFO     Training average L_uncertainty at step 14300: 40.803380
2025-12-06 00:22:24 INFO     Training average L_kl at step 14300: 40504.240977
2025-12-06 00:22:24 INFO     Training average L_sigma at step 14300: 149.568624
2025-12-06 00:22:24 INFO     Training average mu_mean at step 14300: -1.931483
2025-12-06 00:22:24 INFO     Training average sigma_mean at step 14300: 0.134001
2025-12-06 00:22:24 INFO     Training average regularization at step 14300: 0.006136
2025-12-06 00:22:24 INFO     Training average loss at step 14300: 2.406726
2025-12-06 00:23:20 INFO     Training average positive_fact_loss at step 14400: 0.314021
2025-12-06 00:23:20 INFO     Training average negative_fact_loss at step 14400: 0.290818
2025-12-06 00:23:20 INFO     Training average positive_rule_loss at step 14400: 1.633877
2025-12-06 00:23:20 INFO     Training average negative_rule_loss at step 14400: 2.320965
2025-12-06 00:23:20 INFO     Training average L_uncertainty at step 14400: 40.629360
2025-12-06 00:23:20 INFO     Training average L_kl at step 14400: 40332.002383
2025-12-06 00:23:20 INFO     Training average L_sigma at step 14400: 148.677934
2025-12-06 00:23:20 INFO     Training average mu_mean at step 14400: -1.916222
2025-12-06 00:23:20 INFO     Training average sigma_mean at step 14400: 0.134001
2025-12-06 00:23:20 INFO     Training average regularization at step 14400: 0.006130
2025-12-06 00:23:20 INFO     Training average loss at step 14400: 2.407859
2025-12-06 00:24:16 INFO     Training average positive_fact_loss at step 14500: 0.313075
2025-12-06 00:24:16 INFO     Training average negative_fact_loss at step 14500: 0.290303
2025-12-06 00:24:16 INFO     Training average positive_rule_loss at step 14500: 1.634708
2025-12-06 00:24:16 INFO     Training average negative_rule_loss at step 14500: 2.314643
2025-12-06 00:24:16 INFO     Training average L_uncertainty at step 14500: 40.527218
2025-12-06 00:24:16 INFO     Training average L_kl at step 14500: 40230.862422
2025-12-06 00:24:16 INFO     Training average L_sigma at step 14500: 148.177076
2025-12-06 00:24:16 INFO     Training average mu_mean at step 14500: -1.908071
2025-12-06 00:24:16 INFO     Training average sigma_mean at step 14500: 0.134002
2025-12-06 00:24:16 INFO     Training average regularization at step 14500: 0.006138
2025-12-06 00:24:16 INFO     Training average loss at step 14500: 2.404084
2025-12-06 00:25:16 INFO     Training average positive_fact_loss at step 14600: 0.312745
2025-12-06 00:25:16 INFO     Training average negative_fact_loss at step 14600: 0.290632
2025-12-06 00:25:16 INFO     Training average positive_rule_loss at step 14600: 1.638355
2025-12-06 00:25:16 INFO     Training average negative_rule_loss at step 14600: 2.305217
2025-12-06 00:25:16 INFO     Training average L_uncertainty at step 14600: 40.656850
2025-12-06 00:25:16 INFO     Training average L_kl at step 14600: 40359.809570
2025-12-06 00:25:16 INFO     Training average L_sigma at step 14600: 148.519517
2025-12-06 00:25:16 INFO     Training average mu_mean at step 14600: -1.908631
2025-12-06 00:25:16 INFO     Training average sigma_mean at step 14600: 0.134005
2025-12-06 00:25:16 INFO     Training average regularization at step 14600: 0.006136
2025-12-06 00:25:16 INFO     Training average loss at step 14600: 2.401582
2025-12-06 00:26:12 INFO     Training average positive_fact_loss at step 14700: 0.313568
2025-12-06 00:26:12 INFO     Training average negative_fact_loss at step 14700: 0.291399
2025-12-06 00:26:12 INFO     Training average positive_rule_loss at step 14700: 1.642338
2025-12-06 00:26:12 INFO     Training average negative_rule_loss at step 14700: 2.303273
2025-12-06 00:26:12 INFO     Training average L_uncertainty at step 14700: 40.434195
2025-12-06 00:26:12 INFO     Training average L_kl at step 14700: 40135.552578
2025-12-06 00:26:12 INFO     Training average L_sigma at step 14700: 149.320292
2025-12-06 00:26:12 INFO     Training average mu_mean at step 14700: -1.898680
2025-12-06 00:26:12 INFO     Training average sigma_mean at step 14700: 0.134006
2025-12-06 00:26:12 INFO     Training average regularization at step 14700: 0.006133
2025-12-06 00:26:12 INFO     Training average loss at step 14700: 2.402726
2025-12-06 00:27:12 INFO     Training average positive_fact_loss at step 14800: 0.313894
2025-12-06 00:27:12 INFO     Training average negative_fact_loss at step 14800: 0.291174
2025-12-06 00:27:12 INFO     Training average positive_rule_loss at step 14800: 1.640844
2025-12-06 00:27:12 INFO     Training average negative_rule_loss at step 14800: 2.305186
2025-12-06 00:27:12 INFO     Training average L_uncertainty at step 14800: 40.288789
2025-12-06 00:27:12 INFO     Training average L_kl at step 14800: 39988.795898
2025-12-06 00:27:12 INFO     Training average L_sigma at step 14800: 149.995349
2025-12-06 00:27:12 INFO     Training average mu_mean at step 14800: -1.894164
2025-12-06 00:27:12 INFO     Training average sigma_mean at step 14800: 0.134026
2025-12-06 00:27:12 INFO     Training average regularization at step 14800: 0.006136
2025-12-06 00:27:12 INFO     Training average loss at step 14800: 2.402552
2025-12-06 00:28:08 INFO     Training average positive_fact_loss at step 14900: 0.313861
2025-12-06 00:28:08 INFO     Training average negative_fact_loss at step 14900: 0.290668
2025-12-06 00:28:08 INFO     Training average positive_rule_loss at step 14900: 1.637834
2025-12-06 00:28:08 INFO     Training average negative_rule_loss at step 14900: 2.303470
2025-12-06 00:28:08 INFO     Training average L_uncertainty at step 14900: 40.175123
2025-12-06 00:28:08 INFO     Training average L_kl at step 14900: 39877.766445
2025-12-06 00:28:08 INFO     Training average L_sigma at step 14900: 148.677440
2025-12-06 00:28:08 INFO     Training average mu_mean at step 14900: -1.876585
2025-12-06 00:28:08 INFO     Training average sigma_mean at step 14900: 0.134017
2025-12-06 00:28:08 INFO     Training average regularization at step 14900: 0.006141
2025-12-06 00:28:08 INFO     Training average loss at step 14900: 2.399583
2025-12-06 00:28:59 INFO     Training average positive_fact_loss at step 15000: 0.314083
2025-12-06 00:28:59 INFO     Training average negative_fact_loss at step 15000: 0.290774
2025-12-06 00:28:59 INFO     Training average positive_rule_loss at step 15000: 1.638154
2025-12-06 00:28:59 INFO     Training average negative_rule_loss at step 15000: 2.301771
2025-12-06 00:28:59 INFO     Training average L_uncertainty at step 15000: 40.122353
2025-12-06 00:28:59 INFO     Training average L_kl at step 15000: 39824.363242
2025-12-06 00:28:59 INFO     Training average L_sigma at step 15000: 148.993922
2025-12-06 00:28:59 INFO     Training average mu_mean at step 15000: -1.870665
2025-12-06 00:28:59 INFO     Training average sigma_mean at step 15000: 0.134018
2025-12-06 00:28:59 INFO     Training average regularization at step 15000: 0.006138
2025-12-06 00:28:59 INFO     Training average loss at step 15000: 2.398896
2025-12-06 00:28:59 INFO     Evaluating on Valid Dataset...
2025-12-06 00:28:59 INFO     >>>>> RuleE emb: Evaluating on valid
2025-12-06 00:29:09 INFO     Data : 4274
2025-12-06 00:29:09 INFO     Hit1 : 0.524333
2025-12-06 00:29:09 INFO     Hit3 : 0.766261
2025-12-06 00:29:09 INFO     Hit10: 0.941273
2025-12-06 00:29:09 INFO     MR   : 3.438465
2025-12-06 00:29:09 INFO     MRR  : 0.666726
2025-12-06 00:30:05 INFO     Training average positive_fact_loss at step 15100: 0.313507
2025-12-06 00:30:05 INFO     Training average negative_fact_loss at step 15100: 0.290727
2025-12-06 00:30:05 INFO     Training average positive_rule_loss at step 15100: 1.638747
2025-12-06 00:30:05 INFO     Training average negative_rule_loss at step 15100: 2.299909
2025-12-06 00:30:05 INFO     Training average L_uncertainty at step 15100: 39.946799
2025-12-06 00:30:05 INFO     Training average L_kl at step 15100: 39647.914531
2025-12-06 00:30:05 INFO     Training average L_sigma at step 15100: 149.441526
2025-12-06 00:30:05 INFO     Training average mu_mean at step 15100: -1.859747
2025-12-06 00:30:05 INFO     Training average sigma_mean at step 15100: 0.134021
2025-12-06 00:30:05 INFO     Training average regularization at step 15100: 0.006133
2025-12-06 00:30:05 INFO     Training average loss at step 15100: 2.397419
2025-12-06 00:31:06 INFO     Training average positive_fact_loss at step 15200: 0.312627
2025-12-06 00:31:06 INFO     Training average negative_fact_loss at step 15200: 0.290847
2025-12-06 00:31:06 INFO     Training average positive_rule_loss at step 15200: 1.641222
2025-12-06 00:31:06 INFO     Training average negative_rule_loss at step 15200: 2.293797
2025-12-06 00:31:06 INFO     Training average L_uncertainty at step 15200: 40.006234
2025-12-06 00:31:06 INFO     Training average L_kl at step 15200: 39709.540391
2025-12-06 00:31:06 INFO     Training average L_sigma at step 15200: 148.346058
2025-12-06 00:31:06 INFO     Training average mu_mean at step 15200: -1.858822
2025-12-06 00:31:06 INFO     Training average sigma_mean at step 15200: 0.134006
2025-12-06 00:31:06 INFO     Training average regularization at step 15200: 0.006143
2025-12-06 00:31:06 INFO     Training average loss at step 15200: 2.395408
2025-12-06 00:32:01 INFO     Training average positive_fact_loss at step 15300: 0.314207
2025-12-06 00:32:01 INFO     Training average negative_fact_loss at step 15300: 0.290978
2025-12-06 00:32:01 INFO     Training average positive_rule_loss at step 15300: 1.643780
2025-12-06 00:32:01 INFO     Training average negative_rule_loss at step 15300: 2.287936
2025-12-06 00:32:01 INFO     Training average L_uncertainty at step 15300: 39.829989
2025-12-06 00:32:01 INFO     Training average L_kl at step 15300: 39530.928008
2025-12-06 00:32:01 INFO     Training average L_sigma at step 15300: 149.529700
2025-12-06 00:32:01 INFO     Training average mu_mean at step 15300: -1.847805
2025-12-06 00:32:01 INFO     Training average sigma_mean at step 15300: 0.134023
2025-12-06 00:32:01 INFO     Training average regularization at step 15300: 0.006136
2025-12-06 00:32:01 INFO     Training average loss at step 15300: 2.394077
2025-12-06 00:33:01 INFO     Training average positive_fact_loss at step 15400: 0.313309
2025-12-06 00:33:01 INFO     Training average negative_fact_loss at step 15400: 0.291005
2025-12-06 00:33:01 INFO     Training average positive_rule_loss at step 15400: 1.641437
2025-12-06 00:33:01 INFO     Training average negative_rule_loss at step 15400: 2.291699
2025-12-06 00:33:01 INFO     Training average L_uncertainty at step 15400: 39.734475
2025-12-06 00:33:01 INFO     Training average L_kl at step 15400: 39436.166602
2025-12-06 00:33:01 INFO     Training average L_sigma at step 15400: 149.153159
2025-12-06 00:33:01 INFO     Training average mu_mean at step 15400: -1.839316
2025-12-06 00:33:01 INFO     Training average sigma_mean at step 15400: 0.134028
2025-12-06 00:33:01 INFO     Training average regularization at step 15400: 0.006130
2025-12-06 00:33:01 INFO     Training average loss at step 15400: 2.394059
2025-12-06 00:33:57 INFO     Training average positive_fact_loss at step 15500: 0.313886
2025-12-06 00:33:57 INFO     Training average negative_fact_loss at step 15500: 0.290897
2025-12-06 00:33:57 INFO     Training average positive_rule_loss at step 15500: 1.642101
2025-12-06 00:33:57 INFO     Training average negative_rule_loss at step 15500: 2.285983
2025-12-06 00:33:57 INFO     Training average L_uncertainty at step 15500: 39.630439
2025-12-06 00:33:57 INFO     Training average L_kl at step 15500: 39332.885352
2025-12-06 00:33:57 INFO     Training average L_sigma at step 15500: 148.776121
2025-12-06 00:33:57 INFO     Training average mu_mean at step 15500: -1.829252
2025-12-06 00:33:57 INFO     Training average sigma_mean at step 15500: 0.134010
2025-12-06 00:33:57 INFO     Training average regularization at step 15500: 0.006131
2025-12-06 00:33:57 INFO     Training average loss at step 15500: 2.391456
2025-12-06 00:34:52 INFO     Training average positive_fact_loss at step 15600: 0.313835
2025-12-06 00:34:52 INFO     Training average negative_fact_loss at step 15600: 0.290876
2025-12-06 00:34:52 INFO     Training average positive_rule_loss at step 15600: 1.642808
2025-12-06 00:34:52 INFO     Training average negative_rule_loss at step 15600: 2.284503
2025-12-06 00:34:52 INFO     Training average L_uncertainty at step 15600: 39.566814
2025-12-06 00:34:52 INFO     Training average L_kl at step 15600: 39269.759297
2025-12-06 00:34:52 INFO     Training average L_sigma at step 15600: 148.526733
2025-12-06 00:34:52 INFO     Training average mu_mean at step 15600: -1.822286
2025-12-06 00:34:52 INFO     Training average sigma_mean at step 15600: 0.134004
2025-12-06 00:34:52 INFO     Training average regularization at step 15600: 0.006131
2025-12-06 00:34:52 INFO     Training average loss at step 15600: 2.390843
2025-12-06 00:35:44 INFO     Training average positive_fact_loss at step 15700: 0.313638
2025-12-06 00:35:44 INFO     Training average negative_fact_loss at step 15700: 0.290488
2025-12-06 00:35:44 INFO     Training average positive_rule_loss at step 15700: 1.642452
2025-12-06 00:35:44 INFO     Training average negative_rule_loss at step 15700: 2.282690
2025-12-06 00:35:44 INFO     Training average L_uncertainty at step 15700: 39.408249
2025-12-06 00:35:44 INFO     Training average L_kl at step 15700: 39110.474922
2025-12-06 00:35:44 INFO     Training average L_sigma at step 15700: 148.886133
2025-12-06 00:35:44 INFO     Training average mu_mean at step 15700: -1.810905
2025-12-06 00:35:44 INFO     Training average sigma_mean at step 15700: 0.134011
2025-12-06 00:35:44 INFO     Training average regularization at step 15700: 0.006132
2025-12-06 00:35:44 INFO     Training average loss at step 15700: 2.388991
2025-12-06 00:36:44 INFO     Training average positive_fact_loss at step 15800: 0.313477
2025-12-06 00:36:44 INFO     Training average negative_fact_loss at step 15800: 0.290825
2025-12-06 00:36:44 INFO     Training average positive_rule_loss at step 15800: 1.640139
2025-12-06 00:36:44 INFO     Training average negative_rule_loss at step 15800: 2.285557
2025-12-06 00:36:44 INFO     Training average L_uncertainty at step 15800: 39.258077
2025-12-06 00:36:44 INFO     Training average L_kl at step 15800: 38960.220000
2025-12-06 00:36:44 INFO     Training average L_sigma at step 15800: 148.927582
2025-12-06 00:36:44 INFO     Training average mu_mean at step 15800: -1.799249
2025-12-06 00:36:44 INFO     Training average sigma_mean at step 15800: 0.134024
2025-12-06 00:36:44 INFO     Training average regularization at step 15800: 0.006117
2025-12-06 00:36:44 INFO     Training average loss at step 15800: 2.388891
2025-12-06 00:37:40 INFO     Training average positive_fact_loss at step 15900: 0.312725
2025-12-06 00:37:40 INFO     Training average negative_fact_loss at step 15900: 0.290567
2025-12-06 00:37:40 INFO     Training average positive_rule_loss at step 15900: 1.642737
2025-12-06 00:37:40 INFO     Training average negative_rule_loss at step 15900: 2.278222
2025-12-06 00:37:40 INFO     Training average L_uncertainty at step 15900: 39.192933
2025-12-06 00:37:40 INFO     Training average L_kl at step 15900: 38893.648438
2025-12-06 00:37:40 INFO     Training average L_sigma at step 15900: 149.641476
2025-12-06 00:37:40 INFO     Training average mu_mean at step 15900: -1.792015
2025-12-06 00:37:40 INFO     Training average sigma_mean at step 15900: 0.134017
2025-12-06 00:37:40 INFO     Training average regularization at step 15900: 0.006137
2025-12-06 00:37:40 INFO     Training average loss at step 15900: 2.385841
2025-12-06 00:38:41 INFO     Training average positive_fact_loss at step 16000: 0.314050
2025-12-06 00:38:41 INFO     Training average negative_fact_loss at step 16000: 0.291245
2025-12-06 00:38:41 INFO     Training average positive_rule_loss at step 16000: 1.642951
2025-12-06 00:38:41 INFO     Training average negative_rule_loss at step 16000: 2.278784
2025-12-06 00:38:41 INFO     Training average L_uncertainty at step 16000: 39.049856
2025-12-06 00:38:41 INFO     Training average L_kl at step 16000: 38751.828477
2025-12-06 00:38:41 INFO     Training average L_sigma at step 16000: 149.013034
2025-12-06 00:38:41 INFO     Training average mu_mean at step 16000: -1.782694
2025-12-06 00:38:41 INFO     Training average sigma_mean at step 16000: 0.134019
2025-12-06 00:38:41 INFO     Training average regularization at step 16000: 0.006124
2025-12-06 00:38:41 INFO     Training average loss at step 16000: 2.386788
2025-12-06 00:38:41 INFO     Evaluating on Valid Dataset...
2025-12-06 00:38:41 INFO     >>>>> RuleE emb: Evaluating on valid
2025-12-06 00:38:51 INFO     Data : 4274
2025-12-06 00:38:51 INFO     Hit1 : 0.521526
2025-12-06 00:38:51 INFO     Hit3 : 0.758774
2025-12-06 00:38:51 INFO     Hit10: 0.941273
2025-12-06 00:38:51 INFO     MR   : 3.492279
2025-12-06 00:38:51 INFO     MRR  : 0.663335
2025-12-06 00:39:47 INFO     Training average positive_fact_loss at step 16100: 0.313762
2025-12-06 00:39:47 INFO     Training average negative_fact_loss at step 16100: 0.290953
2025-12-06 00:39:47 INFO     Training average positive_rule_loss at step 16100: 1.639640
2025-12-06 00:39:47 INFO     Training average negative_rule_loss at step 16100: 2.279417
2025-12-06 00:39:47 INFO     Training average L_uncertainty at step 16100: 38.818560
2025-12-06 00:39:47 INFO     Training average L_kl at step 16100: 38520.326055
2025-12-06 00:39:47 INFO     Training average L_sigma at step 16100: 149.116039
2025-12-06 00:39:47 INFO     Training average mu_mean at step 16100: -1.765956
2025-12-06 00:39:47 INFO     Training average sigma_mean at step 16100: 0.134024
2025-12-06 00:39:47 INFO     Training average regularization at step 16100: 0.006136
2025-12-06 00:39:47 INFO     Training average loss at step 16100: 2.384478
2025-12-06 00:40:49 INFO     Training average positive_fact_loss at step 16200: 0.313920
2025-12-06 00:40:49 INFO     Training average negative_fact_loss at step 16200: 0.290804
2025-12-06 00:40:49 INFO     Training average positive_rule_loss at step 16200: 1.639246
2025-12-06 00:40:49 INFO     Training average negative_rule_loss at step 16200: 2.280582
2025-12-06 00:40:49 INFO     Training average L_uncertainty at step 16200: 38.771332
2025-12-06 00:40:49 INFO     Training average L_kl at step 16200: 38473.471563
2025-12-06 00:40:49 INFO     Training average L_sigma at step 16200: 148.929029
2025-12-06 00:40:49 INFO     Training average mu_mean at step 16200: -1.758360
2025-12-06 00:40:49 INFO     Training average sigma_mean at step 16200: 0.134023
2025-12-06 00:40:49 INFO     Training average regularization at step 16200: 0.006128
2025-12-06 00:40:49 INFO     Training average loss at step 16200: 2.384718
2025-12-06 00:41:37 INFO     Training average positive_fact_loss at step 16300: 0.313428
2025-12-06 00:41:37 INFO     Training average negative_fact_loss at step 16300: 0.290495
2025-12-06 00:41:37 INFO     Training average positive_rule_loss at step 16300: 1.641304
2025-12-06 00:41:37 INFO     Training average negative_rule_loss at step 16300: 2.273964
2025-12-06 00:41:37 INFO     Training average L_uncertainty at step 16300: 38.603633
2025-12-06 00:41:37 INFO     Training average L_kl at step 16300: 38305.619297
2025-12-06 00:41:37 INFO     Training average L_sigma at step 16300: 149.005852
2025-12-06 00:41:37 INFO     Training average mu_mean at step 16300: -1.747013
2025-12-06 00:41:37 INFO     Training average sigma_mean at step 16300: 0.134020
2025-12-06 00:41:37 INFO     Training average regularization at step 16300: 0.006126
2025-12-06 00:41:37 INFO     Training average loss at step 16300: 2.381532
2025-12-06 00:42:38 INFO     Training average positive_fact_loss at step 16400: 0.313472
2025-12-06 00:42:38 INFO     Training average negative_fact_loss at step 16400: 0.290806
2025-12-06 00:42:38 INFO     Training average positive_rule_loss at step 16400: 1.641889
2025-12-06 00:42:38 INFO     Training average negative_rule_loss at step 16400: 2.270586
2025-12-06 00:42:38 INFO     Training average L_uncertainty at step 16400: 38.627141
2025-12-06 00:42:38 INFO     Training average L_kl at step 16400: 38329.340742
2025-12-06 00:42:38 INFO     Training average L_sigma at step 16400: 148.899205
2025-12-06 00:42:38 INFO     Training average mu_mean at step 16400: -1.740974
2025-12-06 00:42:38 INFO     Training average sigma_mean at step 16400: 0.134020
2025-12-06 00:42:38 INFO     Training average regularization at step 16400: 0.006131
2025-12-06 00:42:38 INFO     Training average loss at step 16400: 2.380389
2025-12-06 00:43:35 INFO     Training average positive_fact_loss at step 16500: 0.313902
2025-12-06 00:43:35 INFO     Training average negative_fact_loss at step 16500: 0.290625
2025-12-06 00:43:35 INFO     Training average positive_rule_loss at step 16500: 1.637647
2025-12-06 00:43:35 INFO     Training average negative_rule_loss at step 16500: 2.276174
2025-12-06 00:43:35 INFO     Training average L_uncertainty at step 16500: 38.315159
2025-12-06 00:43:35 INFO     Training average L_kl at step 16500: 38017.418789
2025-12-06 00:43:35 INFO     Training average L_sigma at step 16500: 148.869146
2025-12-06 00:43:35 INFO     Training average mu_mean at step 16500: -1.721597
2025-12-06 00:43:35 INFO     Training average sigma_mean at step 16500: 0.134012
2025-12-06 00:43:35 INFO     Training average regularization at step 16500: 0.006131
2025-12-06 00:43:35 INFO     Training average loss at step 16500: 2.380251
2025-12-06 00:44:36 INFO     Training average positive_fact_loss at step 16600: 0.313007
2025-12-06 00:44:36 INFO     Training average negative_fact_loss at step 16600: 0.290694
2025-12-06 00:44:36 INFO     Training average positive_rule_loss at step 16600: 1.640438
2025-12-06 00:44:36 INFO     Training average negative_rule_loss at step 16600: 2.267910
2025-12-06 00:44:36 INFO     Training average L_uncertainty at step 16600: 38.305660
2025-12-06 00:44:36 INFO     Training average L_kl at step 16600: 38009.261328
2025-12-06 00:44:36 INFO     Training average L_sigma at step 16600: 148.198330
2025-12-06 00:44:36 INFO     Training average mu_mean at step 16600: -1.715029
2025-12-06 00:44:36 INFO     Training average sigma_mean at step 16600: 0.134000
2025-12-06 00:44:36 INFO     Training average regularization at step 16600: 0.006128
2025-12-06 00:44:36 INFO     Training average loss at step 16600: 2.377070
2025-12-06 00:45:31 INFO     Training average positive_fact_loss at step 16700: 0.313023
2025-12-06 00:45:31 INFO     Training average negative_fact_loss at step 16700: 0.291007
2025-12-06 00:45:31 INFO     Training average positive_rule_loss at step 16700: 1.638995
2025-12-06 00:45:31 INFO     Training average negative_rule_loss at step 16700: 2.264008
2025-12-06 00:45:31 INFO     Training average L_uncertainty at step 16700: 38.188216
2025-12-06 00:45:31 INFO     Training average L_kl at step 16700: 37888.803672
2025-12-06 00:45:31 INFO     Training average L_sigma at step 16700: 149.705057
2025-12-06 00:45:31 INFO     Training average mu_mean at step 16700: -1.701044
2025-12-06 00:45:31 INFO     Training average sigma_mean at step 16700: 0.134029
2025-12-06 00:45:31 INFO     Training average regularization at step 16700: 0.006129
2025-12-06 00:45:31 INFO     Training average loss at step 16700: 2.374210
2025-12-06 00:46:32 INFO     Training average positive_fact_loss at step 16800: 0.313302
2025-12-06 00:46:32 INFO     Training average negative_fact_loss at step 16800: 0.290517
2025-12-06 00:46:32 INFO     Training average positive_rule_loss at step 16800: 1.638180
2025-12-06 00:46:32 INFO     Training average negative_rule_loss at step 16800: 2.266750
2025-12-06 00:46:32 INFO     Training average L_uncertainty at step 16800: 38.014457
2025-12-06 00:46:32 INFO     Training average L_kl at step 16800: 37714.794531
2025-12-06 00:46:32 INFO     Training average L_sigma at step 16800: 149.830033
2025-12-06 00:46:32 INFO     Training average mu_mean at step 16800: -1.687873
2025-12-06 00:46:32 INFO     Training average sigma_mean at step 16800: 0.134026
2025-12-06 00:46:32 INFO     Training average regularization at step 16800: 0.006133
2025-12-06 00:46:32 INFO     Training average loss at step 16800: 2.374551
2025-12-06 00:47:24 INFO     Training average positive_fact_loss at step 16900: 0.313815
2025-12-06 00:47:24 INFO     Training average negative_fact_loss at step 16900: 0.290584
2025-12-06 00:47:24 INFO     Training average positive_rule_loss at step 16900: 1.637135
2025-12-06 00:47:24 INFO     Training average negative_rule_loss at step 16900: 2.262420
2025-12-06 00:47:24 INFO     Training average L_uncertainty at step 16900: 37.941183
2025-12-06 00:47:24 INFO     Training average L_kl at step 16900: 37642.649766
2025-12-06 00:47:24 INFO     Training average L_sigma at step 16900: 149.265630
2025-12-06 00:47:24 INFO     Training average mu_mean at step 16900: -1.673568
2025-12-06 00:47:24 INFO     Training average sigma_mean at step 16900: 0.134020
2025-12-06 00:47:24 INFO     Training average regularization at step 16900: 0.006126
2025-12-06 00:47:24 INFO     Training average loss at step 16900: 2.371926
2025-12-06 00:48:20 INFO     Training average positive_fact_loss at step 17000: 0.313580
2025-12-06 00:48:20 INFO     Training average negative_fact_loss at step 17000: 0.290373
2025-12-06 00:48:20 INFO     Training average positive_rule_loss at step 17000: 1.635831
2025-12-06 00:48:20 INFO     Training average negative_rule_loss at step 17000: 2.259060
2025-12-06 00:48:20 INFO     Training average L_uncertainty at step 17000: 37.849678
2025-12-06 00:48:20 INFO     Training average L_kl at step 17000: 37552.936055
2025-12-06 00:48:20 INFO     Training average L_sigma at step 17000: 148.369990
2025-12-06 00:48:20 INFO     Training average mu_mean at step 17000: -1.660188
2025-12-06 00:48:20 INFO     Training average sigma_mean at step 17000: 0.134002
2025-12-06 00:48:20 INFO     Training average regularization at step 17000: 0.006132
2025-12-06 00:48:20 INFO     Training average loss at step 17000: 2.369103
2025-12-06 00:48:20 INFO     Evaluating on Valid Dataset...
2025-12-06 00:48:20 INFO     >>>>> RuleE emb: Evaluating on valid
2025-12-06 00:48:30 INFO     Data : 4274
2025-12-06 00:48:30 INFO     Hit1 : 0.531352
2025-12-06 00:48:30 INFO     Hit3 : 0.762752
2025-12-06 00:48:30 INFO     Hit10: 0.940103
2025-12-06 00:48:30 INFO     MR   : 3.461628
2025-12-06 00:48:30 INFO     MRR  : 0.668576
2025-12-06 00:49:27 INFO     Training average positive_fact_loss at step 17100: 0.313501
2025-12-06 00:49:27 INFO     Training average negative_fact_loss at step 17100: 0.290749
2025-12-06 00:49:27 INFO     Training average positive_rule_loss at step 17100: 1.637107
2025-12-06 00:49:27 INFO     Training average negative_rule_loss at step 17100: 2.254850
2025-12-06 00:49:27 INFO     Training average L_uncertainty at step 17100: 37.704975
2025-12-06 00:49:27 INFO     Training average L_kl at step 17100: 37404.678711
2025-12-06 00:49:27 INFO     Training average L_sigma at step 17100: 150.146969
2025-12-06 00:49:27 INFO     Training average mu_mean at step 17100: -1.645535
2025-12-06 00:49:27 INFO     Training average sigma_mean at step 17100: 0.134034
2025-12-06 00:49:27 INFO     Training average regularization at step 17100: 0.006135
2025-12-06 00:49:27 INFO     Training average loss at step 17100: 2.367353
2025-12-06 00:50:27 INFO     Training average positive_fact_loss at step 17200: 0.312641
2025-12-06 00:50:27 INFO     Training average negative_fact_loss at step 17200: 0.290513
2025-12-06 00:50:27 INFO     Training average positive_rule_loss at step 17200: 1.632296
2025-12-06 00:50:27 INFO     Training average negative_rule_loss at step 17200: 2.259470
2025-12-06 00:50:27 INFO     Training average L_uncertainty at step 17200: 37.583753
2025-12-06 00:50:27 INFO     Training average L_kl at step 17200: 37285.908438
2025-12-06 00:50:27 INFO     Training average L_sigma at step 17200: 148.921507
2025-12-06 00:50:27 INFO     Training average mu_mean at step 17200: -1.629113
2025-12-06 00:50:27 INFO     Training average sigma_mean at step 17200: 0.134010
2025-12-06 00:50:27 INFO     Training average regularization at step 17200: 0.006136
2025-12-06 00:50:27 INFO     Training average loss at step 17200: 2.366347
2025-12-06 00:51:23 INFO     Training average positive_fact_loss at step 17300: 0.313298
2025-12-06 00:51:23 INFO     Training average negative_fact_loss at step 17300: 0.290762
2025-12-06 00:51:23 INFO     Training average positive_rule_loss at step 17300: 1.632526
2025-12-06 00:51:23 INFO     Training average negative_rule_loss at step 17300: 2.250849
2025-12-06 00:51:23 INFO     Training average L_uncertainty at step 17300: 37.506089
2025-12-06 00:51:23 INFO     Training average L_kl at step 17300: 37207.167656
2025-12-06 00:51:23 INFO     Training average L_sigma at step 17300: 149.459561
2025-12-06 00:51:23 INFO     Training average mu_mean at step 17300: -1.611456
2025-12-06 00:51:23 INFO     Training average sigma_mean at step 17300: 0.134019
2025-12-06 00:51:23 INFO     Training average regularization at step 17300: 0.006138
2025-12-06 00:51:23 INFO     Training average loss at step 17300: 2.362373
2025-12-06 00:52:24 INFO     Training average positive_fact_loss at step 17400: 0.312820
2025-12-06 00:52:24 INFO     Training average negative_fact_loss at step 17400: 0.291073
2025-12-06 00:52:24 INFO     Training average positive_rule_loss at step 17400: 1.629966
2025-12-06 00:52:24 INFO     Training average negative_rule_loss at step 17400: 2.249445
2025-12-06 00:52:24 INFO     Training average L_uncertainty at step 17400: 37.430752
2025-12-06 00:52:24 INFO     Training average L_kl at step 17400: 37132.915703
2025-12-06 00:52:24 INFO     Training average L_sigma at step 17400: 148.917128
2025-12-06 00:52:24 INFO     Training average mu_mean at step 17400: -1.594997
2025-12-06 00:52:24 INFO     Training average sigma_mean at step 17400: 0.134018
2025-12-06 00:52:24 INFO     Training average regularization at step 17400: 0.006123
2025-12-06 00:52:24 INFO     Training average loss at step 17400: 2.360067
2025-12-06 00:53:21 INFO     Change learning_rate to 0.000010 at step 17500
2025-12-06 00:53:21 INFO     Training average positive_fact_loss at step 17500: 0.314345
2025-12-06 00:53:21 INFO     Training average negative_fact_loss at step 17500: 0.290452
2025-12-06 00:53:21 INFO     Training average positive_rule_loss at step 17500: 1.628658
2025-12-06 00:53:21 INFO     Training average negative_rule_loss at step 17500: 2.246490
2025-12-06 00:53:21 INFO     Training average L_uncertainty at step 17500: 37.321591
2025-12-06 00:53:21 INFO     Training average L_kl at step 17500: 37023.547070
2025-12-06 00:53:21 INFO     Training average L_sigma at step 17500: 149.021166
2025-12-06 00:53:21 INFO     Training average mu_mean at step 17500: -1.577142
2025-12-06 00:53:21 INFO     Training average sigma_mean at step 17500: 0.134022
2025-12-06 00:53:21 INFO     Training average regularization at step 17500: 0.006131
2025-12-06 00:53:21 INFO     Training average loss at step 17500: 2.358069
2025-12-06 00:54:12 INFO     Training average positive_fact_loss at step 17600: 0.295913
2025-12-06 00:54:12 INFO     Training average negative_fact_loss at step 17600: 0.288631
2025-12-06 00:54:12 INFO     Training average positive_rule_loss at step 17600: 1.631330
2025-12-06 00:54:12 INFO     Training average negative_rule_loss at step 17600: 2.242840
2025-12-06 00:54:12 INFO     Training average L_uncertainty at step 17600: 37.217727
2025-12-06 00:54:12 INFO     Training average L_kl at step 17600: 36922.344297
2025-12-06 00:54:12 INFO     Training average L_sigma at step 17600: 147.690388
2025-12-06 00:54:12 INFO     Training average mu_mean at step 17600: -1.565380
2025-12-06 00:54:12 INFO     Training average sigma_mean at step 17600: 0.134014
2025-12-06 00:54:12 INFO     Training average regularization at step 17600: 0.006180
2025-12-06 00:54:12 INFO     Training average loss at step 17600: 2.347190
2025-12-06 00:55:08 INFO     Training average positive_fact_loss at step 17700: 0.298602
2025-12-06 00:55:08 INFO     Training average negative_fact_loss at step 17700: 0.281138
2025-12-06 00:55:08 INFO     Training average positive_rule_loss at step 17700: 1.627153
2025-12-06 00:55:08 INFO     Training average negative_rule_loss at step 17700: 2.242921
2025-12-06 00:55:08 INFO     Training average L_uncertainty at step 17700: 37.092527
2025-12-06 00:55:08 INFO     Training average L_kl at step 17700: 36797.246719
2025-12-06 00:55:08 INFO     Training average L_sigma at step 17700: 147.639201
2025-12-06 00:55:08 INFO     Training average mu_mean at step 17700: -1.558487
2025-12-06 00:55:08 INFO     Training average sigma_mean at step 17700: 0.134023
2025-12-06 00:55:08 INFO     Training average regularization at step 17700: 0.006250
2025-12-06 00:55:08 INFO     Training average loss at step 17700: 2.342435
2025-12-06 00:56:09 INFO     Training average positive_fact_loss at step 17800: 0.298264
2025-12-06 00:56:09 INFO     Training average negative_fact_loss at step 17800: 0.279736
2025-12-06 00:56:09 INFO     Training average positive_rule_loss at step 17800: 1.627043
2025-12-06 00:56:09 INFO     Training average negative_rule_loss at step 17800: 2.244396
2025-12-06 00:56:09 INFO     Training average L_uncertainty at step 17800: 37.101864
2025-12-06 00:56:09 INFO     Training average L_kl at step 17800: 36806.349141
2025-12-06 00:56:09 INFO     Training average L_sigma at step 17800: 147.756611
2025-12-06 00:56:09 INFO     Training average mu_mean at step 17800: -1.557055
2025-12-06 00:56:09 INFO     Training average sigma_mean at step 17800: 0.134029
2025-12-06 00:56:09 INFO     Training average regularization at step 17800: 0.006268
2025-12-06 00:56:09 INFO     Training average loss at step 17800: 2.342293
2025-12-06 00:57:05 INFO     Training average positive_fact_loss at step 17900: 0.299414
2025-12-06 00:57:05 INFO     Training average negative_fact_loss at step 17900: 0.279358
2025-12-06 00:57:05 INFO     Training average positive_rule_loss at step 17900: 1.627983
2025-12-06 00:57:05 INFO     Training average negative_rule_loss at step 17900: 2.241313
2025-12-06 00:57:05 INFO     Training average L_uncertainty at step 17900: 37.157216
2025-12-06 00:57:05 INFO     Training average L_kl at step 17900: 36862.874219
2025-12-06 00:57:05 INFO     Training average L_sigma at step 17900: 147.170126
2025-12-06 00:57:05 INFO     Training average mu_mean at step 17900: -1.558172
2025-12-06 00:57:05 INFO     Training average sigma_mean at step 17900: 0.134014
2025-12-06 00:57:05 INFO     Training average regularization at step 17900: 0.006275
2025-12-06 00:57:05 INFO     Training average loss at step 17900: 2.341780
2025-12-06 00:58:06 INFO     Training average positive_fact_loss at step 18000: 0.299965
2025-12-06 00:58:06 INFO     Training average negative_fact_loss at step 18000: 0.279016
2025-12-06 00:58:06 INFO     Training average positive_rule_loss at step 18000: 1.624753
2025-12-06 00:58:06 INFO     Training average negative_rule_loss at step 18000: 2.247593
2025-12-06 00:58:06 INFO     Training average L_uncertainty at step 18000: 37.099425
2025-12-06 00:58:06 INFO     Training average L_kl at step 18000: 36806.229180
2025-12-06 00:58:06 INFO     Training average L_sigma at step 18000: 146.597149
2025-12-06 00:58:06 INFO     Training average mu_mean at step 18000: -1.553572
2025-12-06 00:58:06 INFO     Training average sigma_mean at step 18000: 0.133999
2025-12-06 00:58:06 INFO     Training average regularization at step 18000: 0.006276
2025-12-06 00:58:06 INFO     Training average loss at step 18000: 2.343238
2025-12-06 00:58:06 INFO     Evaluating on Valid Dataset...
2025-12-06 00:58:06 INFO     >>>>> RuleE emb: Evaluating on valid
2025-12-06 00:58:16 INFO     Data : 4274
2025-12-06 00:58:16 INFO     Hit1 : 0.546093
2025-12-06 00:58:16 INFO     Hit3 : 0.776790
2025-12-06 00:58:16 INFO     Hit10: 0.941039
2025-12-06 00:58:16 INFO     MR   : 3.371315
2025-12-06 00:58:16 INFO     MRR  : 0.681893
2025-12-06 00:59:16 INFO     Training average positive_fact_loss at step 18100: 0.298897
2025-12-06 00:59:16 INFO     Training average negative_fact_loss at step 18100: 0.278605
2025-12-06 00:59:16 INFO     Training average positive_rule_loss at step 18100: 1.628182
2025-12-06 00:59:16 INFO     Training average negative_rule_loss at step 18100: 2.240093
2025-12-06 00:59:16 INFO     Training average L_uncertainty at step 18100: 37.147332
2025-12-06 00:59:16 INFO     Training average L_kl at step 18100: 36852.903359
2025-12-06 00:59:16 INFO     Training average L_sigma at step 18100: 147.213566
2025-12-06 00:59:16 INFO     Training average mu_mean at step 18100: -1.554109
2025-12-06 00:59:16 INFO     Training average sigma_mean at step 18100: 0.134018
2025-12-06 00:59:16 INFO     Training average regularization at step 18100: 0.006277
2025-12-06 00:59:16 INFO     Training average loss at step 18100: 2.340607
2025-12-06 01:00:13 INFO     Training average positive_fact_loss at step 18200: 0.299799
2025-12-06 01:00:13 INFO     Training average negative_fact_loss at step 18200: 0.278400
2025-12-06 01:00:13 INFO     Training average positive_rule_loss at step 18200: 1.627075
2025-12-06 01:00:13 INFO     Training average negative_rule_loss at step 18200: 2.240346
2025-12-06 01:00:13 INFO     Training average L_uncertainty at step 18200: 37.103470
2025-12-06 01:00:13 INFO     Training average L_kl at step 18200: 36808.209844
2025-12-06 01:00:13 INFO     Training average L_sigma at step 18200: 147.629332
2025-12-06 01:00:13 INFO     Training average mu_mean at step 18200: -1.551303
2025-12-06 01:00:13 INFO     Training average sigma_mean at step 18200: 0.134029
2025-12-06 01:00:13 INFO     Training average regularization at step 18200: 0.006275
2025-12-06 01:00:13 INFO     Training average loss at step 18200: 2.340395
2025-12-06 01:01:05 INFO     Training average positive_fact_loss at step 18300: 0.299423
2025-12-06 01:01:05 INFO     Training average negative_fact_loss at step 18300: 0.278189
2025-12-06 01:01:05 INFO     Training average positive_rule_loss at step 18300: 1.629531
2025-12-06 01:01:05 INFO     Training average negative_rule_loss at step 18300: 2.237527
2025-12-06 01:01:05 INFO     Training average L_uncertainty at step 18300: 37.169429
2025-12-06 01:01:05 INFO     Training average L_kl at step 18300: 36874.138164
2025-12-06 01:01:05 INFO     Training average L_sigma at step 18300: 147.644644
2025-12-06 01:01:05 INFO     Training average mu_mean at step 18300: -1.554506
2025-12-06 01:01:05 INFO     Training average sigma_mean at step 18300: 0.134028
2025-12-06 01:01:05 INFO     Training average regularization at step 18300: 0.006271
2025-12-06 01:01:05 INFO     Training average loss at step 18300: 2.340114
2025-12-06 01:02:06 INFO     Training average positive_fact_loss at step 18400: 0.299355
2025-12-06 01:02:06 INFO     Training average negative_fact_loss at step 18400: 0.278200
2025-12-06 01:02:06 INFO     Training average positive_rule_loss at step 18400: 1.624678
2025-12-06 01:02:06 INFO     Training average negative_rule_loss at step 18400: 2.246307
2025-12-06 01:02:06 INFO     Training average L_uncertainty at step 18400: 37.100867
2025-12-06 01:02:06 INFO     Training average L_kl at step 18400: 36806.710977
2025-12-06 01:02:06 INFO     Training average L_sigma at step 18400: 147.077110
2025-12-06 01:02:06 INFO     Training average mu_mean at step 18400: -1.549128
2025-12-06 01:02:06 INFO     Training average sigma_mean at step 18400: 0.134014
2025-12-06 01:02:06 INFO     Training average regularization at step 18400: 0.006269
2025-12-06 01:02:06 INFO     Training average loss at step 18400: 2.341841
2025-12-06 01:03:02 INFO     Training average positive_fact_loss at step 18500: 0.300107
2025-12-06 01:03:02 INFO     Training average negative_fact_loss at step 18500: 0.278073
2025-12-06 01:03:02 INFO     Training average positive_rule_loss at step 18500: 1.624716
2025-12-06 01:03:02 INFO     Training average negative_rule_loss at step 18500: 2.243254
2025-12-06 01:03:02 INFO     Training average L_uncertainty at step 18500: 37.022287
2025-12-06 01:03:02 INFO     Training average L_kl at step 18500: 36727.088086
2025-12-06 01:03:02 INFO     Training average L_sigma at step 18500: 147.598839
2025-12-06 01:03:02 INFO     Training average mu_mean at step 18500: -1.543546
2025-12-06 01:03:02 INFO     Training average sigma_mean at step 18500: 0.134029
2025-12-06 01:03:02 INFO     Training average regularization at step 18500: 0.006264
2025-12-06 01:03:02 INFO     Training average loss at step 18500: 2.340407
2025-12-06 01:04:02 INFO     Training average positive_fact_loss at step 18600: 0.298711
2025-12-06 01:04:02 INFO     Training average negative_fact_loss at step 18600: 0.278127
2025-12-06 01:04:02 INFO     Training average positive_rule_loss at step 18600: 1.626515
2025-12-06 01:04:02 INFO     Training average negative_rule_loss at step 18600: 2.240722
2025-12-06 01:04:02 INFO     Training average L_uncertainty at step 18600: 37.189989
2025-12-06 01:04:02 INFO     Training average L_kl at step 18600: 36895.109375
2025-12-06 01:04:02 INFO     Training average L_sigma at step 18600: 147.438816
2025-12-06 01:04:02 INFO     Training average mu_mean at step 18600: -1.551213
2025-12-06 01:04:02 INFO     Training average sigma_mean at step 18600: 0.134024
2025-12-06 01:04:02 INFO     Training average regularization at step 18600: 0.006262
2025-12-06 01:04:02 INFO     Training average loss at step 18600: 2.339870
2025-12-06 01:04:59 INFO     Training average positive_fact_loss at step 18700: 0.299879
2025-12-06 01:04:59 INFO     Training average negative_fact_loss at step 18700: 0.277796
2025-12-06 01:04:59 INFO     Training average positive_rule_loss at step 18700: 1.624657
2025-12-06 01:04:59 INFO     Training average negative_rule_loss at step 18700: 2.240759
2025-12-06 01:04:59 INFO     Training average L_uncertainty at step 18700: 37.053566
2025-12-06 01:04:59 INFO     Training average L_kl at step 18700: 36760.433945
2025-12-06 01:04:59 INFO     Training average L_sigma at step 18700: 146.565142
2025-12-06 01:04:59 INFO     Training average mu_mean at step 18700: -1.541834
2025-12-06 01:04:59 INFO     Training average sigma_mean at step 18700: 0.134001
2025-12-06 01:04:59 INFO     Training average regularization at step 18700: 0.006258
2025-12-06 01:04:59 INFO     Training average loss at step 18700: 2.338964
2025-12-06 01:05:59 INFO     Training average positive_fact_loss at step 18800: 0.299336
2025-12-06 01:05:59 INFO     Training average negative_fact_loss at step 18800: 0.277757
2025-12-06 01:05:59 INFO     Training average positive_rule_loss at step 18800: 1.631906
2025-12-06 01:05:59 INFO     Training average negative_rule_loss at step 18800: 2.234407
2025-12-06 01:05:59 INFO     Training average L_uncertainty at step 18800: 37.114157
2025-12-06 01:05:59 INFO     Training average L_kl at step 18800: 36820.440156
2025-12-06 01:05:59 INFO     Training average L_sigma at step 18800: 146.857375
2025-12-06 01:05:59 INFO     Training average mu_mean at step 18800: -1.544101
2025-12-06 01:05:59 INFO     Training average sigma_mean at step 18800: 0.134008
2025-12-06 01:05:59 INFO     Training average regularization at step 18800: 0.006257
2025-12-06 01:05:59 INFO     Training average loss at step 18800: 2.339303
2025-12-06 01:06:47 INFO     Training average positive_fact_loss at step 18900: 0.299214
2025-12-06 01:06:47 INFO     Training average negative_fact_loss at step 18900: 0.277868
2025-12-06 01:06:47 INFO     Training average positive_rule_loss at step 18900: 1.629273
2025-12-06 01:06:47 INFO     Training average negative_rule_loss at step 18900: 2.233280
2025-12-06 01:06:47 INFO     Training average L_uncertainty at step 18900: 37.215541
2025-12-06 01:06:47 INFO     Training average L_kl at step 18900: 36921.595039
2025-12-06 01:06:47 INFO     Training average L_sigma at step 18900: 146.971924
2025-12-06 01:06:47 INFO     Training average mu_mean at step 18900: -1.551160
2025-12-06 01:06:47 INFO     Training average sigma_mean at step 18900: 0.134010
2025-12-06 01:06:47 INFO     Training average regularization at step 18900: 0.006255
2025-12-06 01:06:47 INFO     Training average loss at step 18900: 2.337720
2025-12-06 01:07:48 INFO     Training average positive_fact_loss at step 19000: 0.299377
2025-12-06 01:07:48 INFO     Training average negative_fact_loss at step 19000: 0.277419
2025-12-06 01:07:48 INFO     Training average positive_rule_loss at step 19000: 1.623651
2025-12-06 01:07:48 INFO     Training average negative_rule_loss at step 19000: 2.242273
2025-12-06 01:07:48 INFO     Training average L_uncertainty at step 19000: 37.072086
2025-12-06 01:07:48 INFO     Training average L_kl at step 19000: 36778.749297
2025-12-06 01:07:48 INFO     Training average L_sigma at step 19000: 146.667441
2025-12-06 01:07:48 INFO     Training average mu_mean at step 19000: -1.541221
2025-12-06 01:07:48 INFO     Training average sigma_mean at step 19000: 0.134004
2025-12-06 01:07:48 INFO     Training average regularization at step 19000: 0.006255
2025-12-06 01:07:48 INFO     Training average loss at step 19000: 2.338831
2025-12-06 01:07:48 INFO     Evaluating on Valid Dataset...
2025-12-06 01:07:48 INFO     >>>>> RuleE emb: Evaluating on valid
2025-12-06 01:07:58 INFO     Data : 4274
2025-12-06 01:07:58 INFO     Hit1 : 0.542349
2025-12-06 01:07:58 INFO     Hit3 : 0.773046
2025-12-06 01:07:58 INFO     Hit10: 0.941741
2025-12-06 01:07:58 INFO     MR   : 3.391437
2025-12-06 01:07:58 INFO     MRR  : 0.679209
2025-12-06 01:08:54 INFO     Training average positive_fact_loss at step 19100: 0.299230
2025-12-06 01:08:54 INFO     Training average negative_fact_loss at step 19100: 0.277544
2025-12-06 01:08:54 INFO     Training average positive_rule_loss at step 19100: 1.624630
2025-12-06 01:08:54 INFO     Training average negative_rule_loss at step 19100: 2.238969
2025-12-06 01:08:54 INFO     Training average L_uncertainty at step 19100: 37.103052
2025-12-06 01:08:54 INFO     Training average L_kl at step 19100: 36809.751328
2025-12-06 01:08:54 INFO     Training average L_sigma at step 19100: 146.649576
2025-12-06 01:08:54 INFO     Training average mu_mean at step 19100: -1.540812
2025-12-06 01:08:54 INFO     Training average sigma_mean at step 19100: 0.134003
2025-12-06 01:08:54 INFO     Training average regularization at step 19100: 0.006251
2025-12-06 01:08:54 INFO     Training average loss at step 19100: 2.337746
2025-12-06 01:09:55 INFO     Training average positive_fact_loss at step 19200: 0.298695
2025-12-06 01:09:55 INFO     Training average negative_fact_loss at step 19200: 0.277322
2025-12-06 01:09:55 INFO     Training average positive_rule_loss at step 19200: 1.624438
2025-12-06 01:09:55 INFO     Training average negative_rule_loss at step 19200: 2.239694
2025-12-06 01:09:55 INFO     Training average L_uncertainty at step 19200: 37.070247
2025-12-06 01:09:55 INFO     Training average L_kl at step 19200: 36775.802695
2025-12-06 01:09:55 INFO     Training average L_sigma at step 19200: 147.221317
2025-12-06 01:09:55 INFO     Training average mu_mean at step 19200: -1.536849
2025-12-06 01:09:55 INFO     Training average sigma_mean at step 19200: 0.134021
2025-12-06 01:09:55 INFO     Training average regularization at step 19200: 0.006250
2025-12-06 01:09:55 INFO     Training average loss at step 19200: 2.337535
2025-12-06 01:10:51 INFO     Training average positive_fact_loss at step 19300: 0.299866
2025-12-06 01:10:51 INFO     Training average negative_fact_loss at step 19300: 0.277499
2025-12-06 01:10:51 INFO     Training average positive_rule_loss at step 19300: 1.624347
2025-12-06 01:10:51 INFO     Training average negative_rule_loss at step 19300: 2.238882
2025-12-06 01:10:51 INFO     Training average L_uncertainty at step 19300: 37.119116
2025-12-06 01:10:51 INFO     Training average L_kl at step 19300: 36825.043125
2025-12-06 01:10:51 INFO     Training average L_sigma at step 19300: 147.035567
2025-12-06 01:10:51 INFO     Training average mu_mean at step 19300: -1.538334
2025-12-06 01:10:51 INFO     Training average sigma_mean at step 19300: 0.134013
2025-12-06 01:10:51 INFO     Training average regularization at step 19300: 0.006250
2025-12-06 01:10:51 INFO     Training average loss at step 19300: 2.337905
2025-12-06 01:11:52 INFO     Training average positive_fact_loss at step 19400: 0.298955
2025-12-06 01:11:52 INFO     Training average negative_fact_loss at step 19400: 0.277358
2025-12-06 01:11:52 INFO     Training average positive_rule_loss at step 19400: 1.623737
2025-12-06 01:11:52 INFO     Training average negative_rule_loss at step 19400: 2.239701
2025-12-06 01:11:52 INFO     Training average L_uncertainty at step 19400: 37.032122
2025-12-06 01:11:52 INFO     Training average L_kl at step 19400: 36737.233555
2025-12-06 01:11:52 INFO     Training average L_sigma at step 19400: 147.443006
2025-12-06 01:11:52 INFO     Training average mu_mean at step 19400: -1.532524
2025-12-06 01:11:52 INFO     Training average sigma_mean at step 19400: 0.134025
2025-12-06 01:11:52 INFO     Training average regularization at step 19400: 0.006247
2025-12-06 01:11:52 INFO     Training average loss at step 19400: 2.337219
2025-12-06 01:12:43 INFO     Training average positive_fact_loss at step 19500: 0.299348
2025-12-06 01:12:43 INFO     Training average negative_fact_loss at step 19500: 0.277455
2025-12-06 01:12:43 INFO     Training average positive_rule_loss at step 19500: 1.624090
2025-12-06 01:12:43 INFO     Training average negative_rule_loss at step 19500: 2.236574
2025-12-06 01:12:43 INFO     Training average L_uncertainty at step 19500: 37.132118
2025-12-06 01:12:43 INFO     Training average L_kl at step 19500: 36838.810391
2025-12-06 01:12:43 INFO     Training average L_sigma at step 19500: 146.652735
2025-12-06 01:12:43 INFO     Training average mu_mean at step 19500: -1.536194
2025-12-06 01:12:43 INFO     Training average sigma_mean at step 19500: 0.134004
2025-12-06 01:12:43 INFO     Training average regularization at step 19500: 0.006247
2025-12-06 01:12:43 INFO     Training average loss at step 19500: 2.336376
2025-12-06 01:13:40 INFO     Training average positive_fact_loss at step 19600: 0.299220
2025-12-06 01:13:40 INFO     Training average negative_fact_loss at step 19600: 0.277308
2025-12-06 01:13:40 INFO     Training average positive_rule_loss at step 19600: 1.622778
2025-12-06 01:13:40 INFO     Training average negative_rule_loss at step 19600: 2.239725
2025-12-06 01:13:40 INFO     Training average L_uncertainty at step 19600: 37.023853
2025-12-06 01:13:40 INFO     Training average L_kl at step 19600: 36729.094336
2025-12-06 01:13:40 INFO     Training average L_sigma at step 19600: 147.378403
2025-12-06 01:13:40 INFO     Training average mu_mean at step 19600: -1.528655
2025-12-06 01:13:40 INFO     Training average sigma_mean at step 19600: 0.134024
2025-12-06 01:13:40 INFO     Training average regularization at step 19600: 0.006246
2025-12-06 01:13:40 INFO     Training average loss at step 19600: 2.336833
2025-12-06 01:14:36 INFO     Training average positive_fact_loss at step 19700: 0.299074
2025-12-06 01:14:36 INFO     Training average negative_fact_loss at step 19700: 0.277311
2025-12-06 01:14:36 INFO     Training average positive_rule_loss at step 19700: 1.623229
2025-12-06 01:14:36 INFO     Training average negative_rule_loss at step 19700: 2.238836
2025-12-06 01:14:36 INFO     Training average L_uncertainty at step 19700: 37.092898
2025-12-06 01:14:36 INFO     Training average L_kl at step 19700: 36799.179961
2025-12-06 01:14:36 INFO     Training average L_sigma at step 19700: 146.858036
2025-12-06 01:14:36 INFO     Training average mu_mean at step 19700: -1.531837
2025-12-06 01:14:36 INFO     Training average sigma_mean at step 19700: 0.134010
2025-12-06 01:14:36 INFO     Training average regularization at step 19700: 0.006248
2025-12-06 01:14:36 INFO     Training average loss at step 19700: 2.336752
2025-12-06 01:15:36 INFO     Training average positive_fact_loss at step 19800: 0.299359
2025-12-06 01:15:36 INFO     Training average negative_fact_loss at step 19800: 0.277329
2025-12-06 01:15:36 INFO     Training average positive_rule_loss at step 19800: 1.621836
2025-12-06 01:15:36 INFO     Training average negative_rule_loss at step 19800: 2.242577
2025-12-06 01:15:36 INFO     Training average L_uncertainty at step 19800: 36.984850
2025-12-06 01:15:36 INFO     Training average L_kl at step 19800: 36691.023438
2025-12-06 01:15:36 INFO     Training average L_sigma at step 19800: 146.912592
2025-12-06 01:15:36 INFO     Training average mu_mean at step 19800: -1.525175
2025-12-06 01:15:36 INFO     Training average sigma_mean at step 19800: 0.134011
2025-12-06 01:15:36 INFO     Training average regularization at step 19800: 0.006244
2025-12-06 01:15:36 INFO     Training average loss at step 19800: 2.337749
2025-12-06 01:16:32 INFO     Training average positive_fact_loss at step 19900: 0.299064
2025-12-06 01:16:32 INFO     Training average negative_fact_loss at step 19900: 0.277203
2025-12-06 01:16:32 INFO     Training average positive_rule_loss at step 19900: 1.621621
2025-12-06 01:16:32 INFO     Training average negative_rule_loss at step 19900: 2.239521
2025-12-06 01:16:32 INFO     Training average L_uncertainty at step 19900: 37.015393
2025-12-06 01:16:32 INFO     Training average L_kl at step 19900: 36720.902109
2025-12-06 01:16:32 INFO     Training average L_sigma at step 19900: 147.244745
2025-12-06 01:16:32 INFO     Training average mu_mean at step 19900: -1.525538
2025-12-06 01:16:32 INFO     Training average sigma_mean at step 19900: 0.134019
2025-12-06 01:16:32 INFO     Training average regularization at step 19900: 0.006245
2025-12-06 01:16:32 INFO     Training average loss at step 19900: 2.335996
2025-12-06 01:17:33 INFO     Training average positive_fact_loss at step 20000: 0.299240
2025-12-06 01:17:33 INFO     Training average negative_fact_loss at step 20000: 0.277324
2025-12-06 01:17:33 INFO     Training average positive_rule_loss at step 20000: 1.624168
2025-12-06 01:17:33 INFO     Training average negative_rule_loss at step 20000: 2.235640
2025-12-06 01:17:33 INFO     Training average L_uncertainty at step 20000: 37.092975
2025-12-06 01:17:33 INFO     Training average L_kl at step 20000: 36798.550117
2025-12-06 01:17:33 INFO     Training average L_sigma at step 20000: 147.211540
2025-12-06 01:17:33 INFO     Training average mu_mean at step 20000: -1.528487
2025-12-06 01:17:33 INFO     Training average sigma_mean at step 20000: 0.134021
2025-12-06 01:17:33 INFO     Training average regularization at step 20000: 0.006244
2025-12-06 01:17:33 INFO     Training average loss at step 20000: 2.335708
2025-12-06 01:17:33 INFO     Evaluating on Valid Dataset...
2025-12-06 01:17:33 INFO     >>>>> RuleE emb: Evaluating on valid
2025-12-06 01:17:43 INFO     Data : 4274
2025-12-06 01:17:43 INFO     Hit1 : 0.542349
2025-12-06 01:17:43 INFO     Hit3 : 0.772812
2025-12-06 01:17:43 INFO     Hit10: 0.941741
2025-12-06 01:17:43 INFO     MR   : 3.384885
2025-12-06 01:17:43 INFO     MRR  : 0.679657
2025-12-06 01:18:40 INFO     Training average positive_fact_loss at step 20100: 0.299433
2025-12-06 01:18:40 INFO     Training average negative_fact_loss at step 20100: 0.277168
2025-12-06 01:18:40 INFO     Training average positive_rule_loss at step 20100: 1.620101
2025-12-06 01:18:40 INFO     Training average negative_rule_loss at step 20100: 2.239926
2025-12-06 01:18:40 INFO     Training average L_uncertainty at step 20100: 37.009407
2025-12-06 01:18:40 INFO     Training average L_kl at step 20100: 36716.360078
2025-12-06 01:18:40 INFO     Training average L_sigma at step 20100: 146.522895
2025-12-06 01:18:40 INFO     Training average mu_mean at step 20100: -1.521196
2025-12-06 01:18:40 INFO     Training average sigma_mean at step 20100: 0.134000
2025-12-06 01:18:40 INFO     Training average regularization at step 20100: 0.006242
2025-12-06 01:18:40 INFO     Training average loss at step 20100: 2.335584
2025-12-06 01:19:31 INFO     Training average positive_fact_loss at step 20200: 0.298958
2025-12-06 01:19:31 INFO     Training average negative_fact_loss at step 20200: 0.277019
2025-12-06 01:19:31 INFO     Training average positive_rule_loss at step 20200: 1.622185
2025-12-06 01:19:31 INFO     Training average negative_rule_loss at step 20200: 2.237450
2025-12-06 01:19:31 INFO     Training average L_uncertainty at step 20200: 37.015546
2025-12-06 01:19:31 INFO     Training average L_kl at step 20200: 36720.813516
2025-12-06 01:19:31 INFO     Training average L_sigma at step 20200: 147.365574
2025-12-06 01:19:31 INFO     Training average mu_mean at step 20200: -1.520835
2025-12-06 01:19:31 INFO     Training average sigma_mean at step 20200: 0.134024
2025-12-06 01:19:31 INFO     Training average regularization at step 20200: 0.006243
2025-12-06 01:19:31 INFO     Training average loss at step 20200: 2.335096
2025-12-06 01:20:28 INFO     Training average positive_fact_loss at step 20300: 0.299170
2025-12-06 01:20:28 INFO     Training average negative_fact_loss at step 20300: 0.277101
2025-12-06 01:20:28 INFO     Training average positive_rule_loss at step 20300: 1.619918
2025-12-06 01:20:28 INFO     Training average negative_rule_loss at step 20300: 2.241231
2025-12-06 01:20:28 INFO     Training average L_uncertainty at step 20300: 37.005715
2025-12-06 01:20:28 INFO     Training average L_kl at step 20300: 36711.051562
2025-12-06 01:20:28 INFO     Training average L_sigma at step 20300: 147.330721
2025-12-06 01:20:28 INFO     Training average mu_mean at step 20300: -1.519259
2025-12-06 01:20:28 INFO     Training average sigma_mean at step 20300: 0.134023
2025-12-06 01:20:28 INFO     Training average regularization at step 20300: 0.006243
2025-12-06 01:20:28 INFO     Training average loss at step 20300: 2.335970
2025-12-06 01:21:28 INFO     Training average positive_fact_loss at step 20400: 0.298961
2025-12-06 01:21:28 INFO     Training average negative_fact_loss at step 20400: 0.277256
2025-12-06 01:21:28 INFO     Training average positive_rule_loss at step 20400: 1.625021
2025-12-06 01:21:28 INFO     Training average negative_rule_loss at step 20400: 2.231598
2025-12-06 01:21:28 INFO     Training average L_uncertainty at step 20400: 37.063272
2025-12-06 01:21:28 INFO     Training average L_kl at step 20400: 36769.921250
2025-12-06 01:21:28 INFO     Training average L_sigma at step 20400: 146.674390
2025-12-06 01:21:28 INFO     Training average mu_mean at step 20400: -1.521244
2025-12-06 01:21:28 INFO     Training average sigma_mean at step 20400: 0.134004
2025-12-06 01:21:28 INFO     Training average regularization at step 20400: 0.006243
2025-12-06 01:21:28 INFO     Training average loss at step 20400: 2.333851
2025-12-06 01:22:24 INFO     Training average positive_fact_loss at step 20500: 0.299011
2025-12-06 01:22:24 INFO     Training average negative_fact_loss at step 20500: 0.277220
2025-12-06 01:22:24 INFO     Training average positive_rule_loss at step 20500: 1.621612
2025-12-06 01:22:24 INFO     Training average negative_rule_loss at step 20500: 2.235882
2025-12-06 01:22:24 INFO     Training average L_uncertainty at step 20500: 37.079918
2025-12-06 01:22:24 INFO     Training average L_kl at step 20500: 36785.366172
2025-12-06 01:22:24 INFO     Training average L_sigma at step 20500: 147.275094
2025-12-06 01:22:24 INFO     Training average mu_mean at step 20500: -1.521741
2025-12-06 01:22:24 INFO     Training average sigma_mean at step 20500: 0.134020
2025-12-06 01:22:24 INFO     Training average regularization at step 20500: 0.006242
2025-12-06 01:22:24 INFO     Training average loss at step 20500: 2.334345
2025-12-06 01:23:26 INFO     Training average positive_fact_loss at step 20600: 0.299773
2025-12-06 01:23:26 INFO     Training average negative_fact_loss at step 20600: 0.277006
2025-12-06 01:23:26 INFO     Training average positive_rule_loss at step 20600: 1.619911
2025-12-06 01:23:26 INFO     Training average negative_rule_loss at step 20600: 2.239275
2025-12-06 01:23:26 INFO     Training average L_uncertainty at step 20600: 36.969245
2025-12-06 01:23:26 INFO     Training average L_kl at step 20600: 36674.919727
2025-12-06 01:23:26 INFO     Training average L_sigma at step 20600: 147.161879
2025-12-06 01:23:26 INFO     Training average mu_mean at step 20600: -1.513851
2025-12-06 01:23:26 INFO     Training average sigma_mean at step 20600: 0.134018
2025-12-06 01:23:26 INFO     Training average regularization at step 20600: 0.006240
2025-12-06 01:23:26 INFO     Training average loss at step 20600: 2.335130
2025-12-06 01:24:23 INFO     Training average positive_fact_loss at step 20700: 0.299179
2025-12-06 01:24:23 INFO     Training average negative_fact_loss at step 20700: 0.277069
2025-12-06 01:24:23 INFO     Training average positive_rule_loss at step 20700: 1.620086
2025-12-06 01:24:23 INFO     Training average negative_rule_loss at step 20700: 2.237664
2025-12-06 01:24:23 INFO     Training average L_uncertainty at step 20700: 36.997802
2025-12-06 01:24:23 INFO     Training average L_kl at step 20700: 36703.619375
2025-12-06 01:24:23 INFO     Training average L_sigma at step 20700: 147.090220
2025-12-06 01:24:23 INFO     Training average mu_mean at step 20700: -1.513137
2025-12-06 01:24:23 INFO     Training average sigma_mean at step 20700: 0.134016
2025-12-06 01:24:23 INFO     Training average regularization at step 20700: 0.006239
2025-12-06 01:24:23 INFO     Training average loss at step 20700: 2.334232
2025-12-06 01:25:19 INFO     Training average positive_fact_loss at step 20800: 0.299303
2025-12-06 01:25:19 INFO     Training average negative_fact_loss at step 20800: 0.277184
2025-12-06 01:25:19 INFO     Training average positive_rule_loss at step 20800: 1.621676
2025-12-06 01:25:19 INFO     Training average negative_rule_loss at step 20800: 2.235349
2025-12-06 01:25:19 INFO     Training average L_uncertainty at step 20800: 37.041741
2025-12-06 01:25:19 INFO     Training average L_kl at step 20800: 36747.947695
2025-12-06 01:25:19 INFO     Training average L_sigma at step 20800: 146.895667
2025-12-06 01:25:19 INFO     Training average mu_mean at step 20800: -1.514615
2025-12-06 01:25:19 INFO     Training average sigma_mean at step 20800: 0.134011
2025-12-06 01:25:19 INFO     Training average regularization at step 20800: 0.006237
2025-12-06 01:25:19 INFO     Training average loss at step 20800: 2.334118
2025-12-06 01:26:11 INFO     Training average positive_fact_loss at step 20900: 0.298943
2025-12-06 01:26:11 INFO     Training average negative_fact_loss at step 20900: 0.277017
2025-12-06 01:26:11 INFO     Training average positive_rule_loss at step 20900: 1.621120
2025-12-06 01:26:11 INFO     Training average negative_rule_loss at step 20900: 2.235689
2025-12-06 01:26:11 INFO     Training average L_uncertainty at step 20900: 37.038973
2025-12-06 01:26:11 INFO     Training average L_kl at step 20900: 36745.148984
2025-12-06 01:26:11 INFO     Training average L_sigma at step 20900: 146.911178
2025-12-06 01:26:11 INFO     Training average mu_mean at step 20900: -1.513304
2025-12-06 01:26:11 INFO     Training average sigma_mean at step 20900: 0.134012
2025-12-06 01:26:11 INFO     Training average regularization at step 20900: 0.006238
2025-12-06 01:26:11 INFO     Training average loss at step 20900: 2.333739
2025-12-06 01:27:12 INFO     Training average positive_fact_loss at step 21000: 0.299057
2025-12-06 01:27:12 INFO     Training average negative_fact_loss at step 21000: 0.277057
2025-12-06 01:27:12 INFO     Training average positive_rule_loss at step 21000: 1.619089
2025-12-06 01:27:12 INFO     Training average negative_rule_loss at step 21000: 2.237971
2025-12-06 01:27:12 INFO     Training average L_uncertainty at step 21000: 37.011661
2025-12-06 01:27:12 INFO     Training average L_kl at step 21000: 36717.489844
2025-12-06 01:27:12 INFO     Training average L_sigma at step 21000: 147.084516
2025-12-06 01:27:12 INFO     Training average mu_mean at step 21000: -1.509910
2025-12-06 01:27:12 INFO     Training average sigma_mean at step 21000: 0.134016
2025-12-06 01:27:12 INFO     Training average regularization at step 21000: 0.006237
2025-12-06 01:27:12 INFO     Training average loss at step 21000: 2.333860
2025-12-06 01:27:12 INFO     Evaluating on Valid Dataset...
2025-12-06 01:27:12 INFO     >>>>> RuleE emb: Evaluating on valid
2025-12-06 01:27:22 INFO     Data : 4274
2025-12-06 01:27:22 INFO     Hit1 : 0.541179
2025-12-06 01:27:22 INFO     Hit3 : 0.773280
2025-12-06 01:27:22 INFO     Hit10: 0.941273
2025-12-06 01:27:22 INFO     MR   : 3.392606
2025-12-06 01:27:22 INFO     MRR  : 0.679080
2025-12-06 01:28:18 INFO     Training average positive_fact_loss at step 21100: 0.299247
2025-12-06 01:28:18 INFO     Training average negative_fact_loss at step 21100: 0.277215
2025-12-06 01:28:18 INFO     Training average positive_rule_loss at step 21100: 1.621104
2025-12-06 01:28:18 INFO     Training average negative_rule_loss at step 21100: 2.235795
2025-12-06 01:28:18 INFO     Training average L_uncertainty at step 21100: 37.002924
2025-12-06 01:28:18 INFO     Training average L_kl at step 21100: 36708.975742
2025-12-06 01:28:18 INFO     Training average L_sigma at step 21100: 146.973441
2025-12-06 01:28:18 INFO     Training average mu_mean at step 21100: -1.508506
2025-12-06 01:28:18 INFO     Training average sigma_mean at step 21100: 0.134012
2025-12-06 01:28:18 INFO     Training average regularization at step 21100: 0.006239
2025-12-06 01:28:18 INFO     Training average loss at step 21100: 2.333928
2025-12-06 01:29:19 INFO     Training average positive_fact_loss at step 21200: 0.298418
2025-12-06 01:29:19 INFO     Training average negative_fact_loss at step 21200: 0.276960
2025-12-06 01:29:19 INFO     Training average positive_rule_loss at step 21200: 1.629495
2025-12-06 01:29:19 INFO     Training average negative_rule_loss at step 21200: 2.227411
2025-12-06 01:29:19 INFO     Training average L_uncertainty at step 21200: 37.037556
2025-12-06 01:29:19 INFO     Training average L_kl at step 21200: 36743.054961
2025-12-06 01:29:19 INFO     Training average L_sigma at step 21200: 147.249756
2025-12-06 01:29:19 INFO     Training average mu_mean at step 21200: -1.512917
2025-12-06 01:29:19 INFO     Training average sigma_mean at step 21200: 0.134018
2025-12-06 01:29:19 INFO     Training average regularization at step 21200: 0.006240
2025-12-06 01:29:19 INFO     Training average loss at step 21200: 2.333495
2025-12-06 01:30:16 INFO     Training average positive_fact_loss at step 21300: 0.299343
2025-12-06 01:30:16 INFO     Training average negative_fact_loss at step 21300: 0.276767
2025-12-06 01:30:16 INFO     Training average positive_rule_loss at step 21300: 1.617321
2025-12-06 01:30:16 INFO     Training average negative_rule_loss at step 21300: 2.239090
2025-12-06 01:30:16 INFO     Training average L_uncertainty at step 21300: 36.895913
2025-12-06 01:30:16 INFO     Training average L_kl at step 21300: 36601.654062
2025-12-06 01:30:16 INFO     Training average L_sigma at step 21300: 147.128755
2025-12-06 01:30:16 INFO     Training average mu_mean at step 21300: -1.503462
2025-12-06 01:30:16 INFO     Training average sigma_mean at step 21300: 0.134014
2025-12-06 01:30:16 INFO     Training average regularization at step 21300: 0.006241
2025-12-06 01:30:16 INFO     Training average loss at step 21300: 2.333189
2025-12-06 01:31:17 INFO     Training average positive_fact_loss at step 21400: 0.299471
2025-12-06 01:31:17 INFO     Training average negative_fact_loss at step 21400: 0.277023
2025-12-06 01:31:17 INFO     Training average positive_rule_loss at step 21400: 1.619477
2025-12-06 01:31:17 INFO     Training average negative_rule_loss at step 21400: 2.233908
2025-12-06 01:31:17 INFO     Training average L_uncertainty at step 21400: 36.967040
2025-12-06 01:31:17 INFO     Training average L_kl at step 21400: 36672.946406
2025-12-06 01:31:17 INFO     Training average L_sigma at step 21400: 147.045841
2025-12-06 01:31:17 INFO     Training average mu_mean at step 21400: -1.504266
2025-12-06 01:31:17 INFO     Training average sigma_mean at step 21400: 0.134016
2025-12-06 01:31:17 INFO     Training average regularization at step 21400: 0.006239
2025-12-06 01:31:17 INFO     Training average loss at step 21400: 2.332080
2025-12-06 01:32:04 INFO     Training average positive_fact_loss at step 21500: 0.299056
2025-12-06 01:32:04 INFO     Training average negative_fact_loss at step 21500: 0.276838
2025-12-06 01:32:04 INFO     Training average positive_rule_loss at step 21500: 1.618637
2025-12-06 01:32:04 INFO     Training average negative_rule_loss at step 21500: 2.235777
2025-12-06 01:32:04 INFO     Training average L_uncertainty at step 21500: 36.989577
2025-12-06 01:32:04 INFO     Training average L_kl at step 21500: 36695.564336
2025-12-06 01:32:04 INFO     Training average L_sigma at step 21500: 147.005597
2025-12-06 01:32:04 INFO     Training average mu_mean at step 21500: -1.503572
2025-12-06 01:32:04 INFO     Training average sigma_mean at step 21500: 0.134014
2025-12-06 01:32:04 INFO     Training average regularization at step 21500: 0.006240
2025-12-06 01:32:04 INFO     Training average loss at step 21500: 2.332363
2025-12-06 01:33:05 INFO     Training average positive_fact_loss at step 21600: 0.298813
2025-12-06 01:33:05 INFO     Training average negative_fact_loss at step 21600: 0.277286
2025-12-06 01:33:05 INFO     Training average positive_rule_loss at step 21600: 1.619141
2025-12-06 01:33:05 INFO     Training average negative_rule_loss at step 21600: 2.233471
2025-12-06 01:33:05 INFO     Training average L_uncertainty at step 21600: 36.974166
2025-12-06 01:33:05 INFO     Training average L_kl at step 21600: 36680.017852
2025-12-06 01:33:05 INFO     Training average L_sigma at step 21600: 147.073417
2025-12-06 01:33:05 INFO     Training average mu_mean at step 21600: -1.500161
2025-12-06 01:33:05 INFO     Training average sigma_mean at step 21600: 0.134016
2025-12-06 01:33:05 INFO     Training average regularization at step 21600: 0.006241
2025-12-06 01:33:05 INFO     Training average loss at step 21600: 2.331520
2025-12-06 01:34:01 INFO     Training average positive_fact_loss at step 21700: 0.299349
2025-12-06 01:34:01 INFO     Training average negative_fact_loss at step 21700: 0.277008
2025-12-06 01:34:01 INFO     Training average positive_rule_loss at step 21700: 1.623229
2025-12-06 01:34:01 INFO     Training average negative_rule_loss at step 21700: 2.226948
2025-12-06 01:34:01 INFO     Training average L_uncertainty at step 21700: 37.074563
2025-12-06 01:34:01 INFO     Training average L_kl at step 21700: 36780.540625
2025-12-06 01:34:01 INFO     Training average L_sigma at step 21700: 147.010496
2025-12-06 01:34:01 INFO     Training average mu_mean at step 21700: -1.506094
2025-12-06 01:34:01 INFO     Training average sigma_mean at step 21700: 0.134013
2025-12-06 01:34:01 INFO     Training average regularization at step 21700: 0.006240
2025-12-06 01:34:01 INFO     Training average loss at step 21700: 2.330730
2025-12-06 01:35:02 INFO     Training average positive_fact_loss at step 21800: 0.299065
2025-12-06 01:35:02 INFO     Training average negative_fact_loss at step 21800: 0.276990
2025-12-06 01:35:02 INFO     Training average positive_rule_loss at step 21800: 1.619530
2025-12-06 01:35:02 INFO     Training average negative_rule_loss at step 21800: 2.230263
2025-12-06 01:35:02 INFO     Training average L_uncertainty at step 21800: 37.010577
2025-12-06 01:35:02 INFO     Training average L_kl at step 21800: 36716.795469
2025-12-06 01:35:02 INFO     Training average L_sigma at step 21800: 146.890228
2025-12-06 01:35:02 INFO     Training average mu_mean at step 21800: -1.499442
2025-12-06 01:35:02 INFO     Training average sigma_mean at step 21800: 0.134009
2025-12-06 01:35:02 INFO     Training average regularization at step 21800: 0.006239
2025-12-06 01:35:02 INFO     Training average loss at step 21800: 2.330195
2025-12-06 01:35:58 INFO     Training average positive_fact_loss at step 21900: 0.298621
2025-12-06 01:35:58 INFO     Training average negative_fact_loss at step 21900: 0.277049
2025-12-06 01:35:58 INFO     Training average positive_rule_loss at step 21900: 1.619521
2025-12-06 01:35:58 INFO     Training average negative_rule_loss at step 21900: 2.230816
2025-12-06 01:35:58 INFO     Training average L_uncertainty at step 21900: 37.040787
2025-12-06 01:35:58 INFO     Training average L_kl at step 21900: 36746.224258
2025-12-06 01:35:58 INFO     Training average L_sigma at step 21900: 147.280443
2025-12-06 01:35:58 INFO     Training average mu_mean at step 21900: -1.499991
2025-12-06 01:35:58 INFO     Training average sigma_mean at step 21900: 0.134021
2025-12-06 01:35:58 INFO     Training average regularization at step 21900: 0.006241
2025-12-06 01:35:58 INFO     Training average loss at step 21900: 2.330367
2025-12-06 01:36:59 INFO     Training average positive_fact_loss at step 22000: 0.299499
2025-12-06 01:36:59 INFO     Training average negative_fact_loss at step 22000: 0.277275
2025-12-06 01:36:59 INFO     Training average positive_rule_loss at step 22000: 1.619325
2025-12-06 01:36:59 INFO     Training average negative_rule_loss at step 22000: 2.230612
2025-12-06 01:36:59 INFO     Training average L_uncertainty at step 22000: 37.021645
2025-12-06 01:36:59 INFO     Training average L_kl at step 22000: 36727.586445
2025-12-06 01:36:59 INFO     Training average L_sigma at step 22000: 147.028237
2025-12-06 01:36:59 INFO     Training average mu_mean at step 22000: -1.497137
2025-12-06 01:36:59 INFO     Training average sigma_mean at step 22000: 0.134014
2025-12-06 01:36:59 INFO     Training average regularization at step 22000: 0.006242
2025-12-06 01:36:59 INFO     Training average loss at step 22000: 2.330662
2025-12-06 01:36:59 INFO     Evaluating on Valid Dataset...
2025-12-06 01:36:59 INFO     >>>>> RuleE emb: Evaluating on valid
2025-12-06 01:37:09 INFO     Data : 4274
2025-12-06 01:37:09 INFO     Hit1 : 0.540711
2025-12-06 01:37:09 INFO     Hit3 : 0.772812
2025-12-06 01:37:09 INFO     Hit10: 0.940805
2025-12-06 01:37:09 INFO     MR   : 3.389799
2025-12-06 01:37:09 INFO     MRR  : 0.678600
2025-12-06 01:38:00 INFO     Training average positive_fact_loss at step 22100: 0.299501
2025-12-06 01:38:00 INFO     Training average negative_fact_loss at step 22100: 0.276913
2025-12-06 01:38:00 INFO     Training average positive_rule_loss at step 22100: 1.618126
2025-12-06 01:38:00 INFO     Training average negative_rule_loss at step 22100: 2.231155
2025-12-06 01:38:00 INFO     Training average L_uncertainty at step 22100: 36.924106
2025-12-06 01:38:00 INFO     Training average L_kl at step 22100: 36629.419805
2025-12-06 01:38:00 INFO     Training average L_sigma at step 22100: 147.342443
2025-12-06 01:38:00 INFO     Training average mu_mean at step 22100: -1.490013
2025-12-06 01:38:00 INFO     Training average sigma_mean at step 22100: 0.134024
2025-12-06 01:38:00 INFO     Training average regularization at step 22100: 0.006240
2025-12-06 01:38:00 INFO     Training average loss at step 22100: 2.329860
2025-12-06 01:38:56 INFO     Training average positive_fact_loss at step 22200: 0.299108
2025-12-06 01:38:56 INFO     Training average negative_fact_loss at step 22200: 0.276751
2025-12-06 01:38:56 INFO     Training average positive_rule_loss at step 22200: 1.616049
2025-12-06 01:38:56 INFO     Training average negative_rule_loss at step 22200: 2.235446
2025-12-06 01:38:56 INFO     Training average L_uncertainty at step 22200: 36.963167
2025-12-06 01:38:56 INFO     Training average L_kl at step 22200: 36668.392188
2025-12-06 01:38:56 INFO     Training average L_sigma at step 22200: 147.386428
2025-12-06 01:38:56 INFO     Training average mu_mean at step 22200: -1.491526
2025-12-06 01:38:56 INFO     Training average sigma_mean at step 22200: 0.134025
2025-12-06 01:38:56 INFO     Training average regularization at step 22200: 0.006239
2025-12-06 01:38:56 INFO     Training average loss at step 22200: 2.330805
2025-12-06 01:39:53 INFO     Training average positive_fact_loss at step 22300: 0.298920
2025-12-06 01:39:53 INFO     Training average negative_fact_loss at step 22300: 0.277093
2025-12-06 01:39:53 INFO     Training average positive_rule_loss at step 22300: 1.617862
2025-12-06 01:39:53 INFO     Training average negative_rule_loss at step 22300: 2.231216
2025-12-06 01:39:53 INFO     Training average L_uncertainty at step 22300: 36.960423
2025-12-06 01:39:53 INFO     Training average L_kl at step 22300: 36666.187187
2025-12-06 01:39:53 INFO     Training average L_sigma at step 22300: 147.117392
2025-12-06 01:39:53 INFO     Training average mu_mean at step 22300: -1.490456
2025-12-06 01:39:53 INFO     Training average sigma_mean at step 22300: 0.134017
2025-12-06 01:39:53 INFO     Training average regularization at step 22300: 0.006242
2025-12-06 01:39:53 INFO     Training average loss at step 22300: 2.329668
2025-12-06 01:40:53 INFO     Training average positive_fact_loss at step 22400: 0.299116
2025-12-06 01:40:53 INFO     Training average negative_fact_loss at step 22400: 0.276925
2025-12-06 01:40:53 INFO     Training average positive_rule_loss at step 22400: 1.614680
2025-12-06 01:40:53 INFO     Training average negative_rule_loss at step 22400: 2.240213
2025-12-06 01:40:53 INFO     Training average L_uncertainty at step 22400: 36.824332
2025-12-06 01:40:53 INFO     Training average L_kl at step 22400: 36529.123008
2025-12-06 01:40:53 INFO     Training average L_sigma at step 22400: 147.603954
2025-12-06 01:40:53 INFO     Training average mu_mean at step 22400: -1.482642
2025-12-06 01:40:53 INFO     Training average sigma_mean at step 22400: 0.134030
2025-12-06 01:40:53 INFO     Training average regularization at step 22400: 0.006242
2025-12-06 01:40:53 INFO     Training average loss at step 22400: 2.332182
2025-12-06 01:41:49 INFO     Training average positive_fact_loss at step 22500: 0.299075
2025-12-06 01:41:49 INFO     Training average negative_fact_loss at step 22500: 0.277030
2025-12-06 01:41:49 INFO     Training average positive_rule_loss at step 22500: 1.618125
2025-12-06 01:41:49 INFO     Training average negative_rule_loss at step 22500: 2.231977
2025-12-06 01:41:49 INFO     Training average L_uncertainty at step 22500: 36.915219
2025-12-06 01:41:49 INFO     Training average L_kl at step 22500: 36620.877969
2025-12-06 01:41:49 INFO     Training average L_sigma at step 22500: 147.169588
2025-12-06 01:41:49 INFO     Training average mu_mean at step 22500: -1.486276
2025-12-06 01:41:49 INFO     Training average sigma_mean at step 22500: 0.134019
2025-12-06 01:41:49 INFO     Training average regularization at step 22500: 0.006241
2025-12-06 01:41:49 INFO     Training average loss at step 22500: 2.330090
2025-12-06 01:42:49 INFO     Training average positive_fact_loss at step 22600: 0.299433
2025-12-06 01:42:49 INFO     Training average negative_fact_loss at step 22600: 0.276966
2025-12-06 01:42:49 INFO     Training average positive_rule_loss at step 22600: 1.617611
2025-12-06 01:42:49 INFO     Training average negative_rule_loss at step 22600: 2.228584
2025-12-06 01:42:49 INFO     Training average L_uncertainty at step 22600: 36.984050
2025-12-06 01:42:49 INFO     Training average L_kl at step 22600: 36690.198398
2025-12-06 01:42:49 INFO     Training average L_sigma at step 22600: 146.924756
2025-12-06 01:42:49 INFO     Training average mu_mean at step 22600: -1.487813
2025-12-06 01:42:49 INFO     Training average sigma_mean at step 22600: 0.134012
2025-12-06 01:42:49 INFO     Training average regularization at step 22600: 0.006239
2025-12-06 01:42:49 INFO     Training average loss at step 22600: 2.328488
2025-12-06 01:43:45 INFO     Training average positive_fact_loss at step 22700: 0.299169
2025-12-06 01:43:45 INFO     Training average negative_fact_loss at step 22700: 0.276968
2025-12-06 01:43:45 INFO     Training average positive_rule_loss at step 22700: 1.617786
2025-12-06 01:43:45 INFO     Training average negative_rule_loss at step 22700: 2.228393
2025-12-06 01:43:45 INFO     Training average L_uncertainty at step 22700: 37.010126
2025-12-06 01:43:45 INFO     Training average L_kl at step 22700: 36715.766641
2025-12-06 01:43:45 INFO     Training average L_sigma at step 22700: 147.178734
2025-12-06 01:43:45 INFO     Training average mu_mean at step 22700: -1.487466
2025-12-06 01:43:45 INFO     Training average sigma_mean at step 22700: 0.134017
2025-12-06 01:43:45 INFO     Training average regularization at step 22700: 0.006239
2025-12-06 01:43:45 INFO     Training average loss at step 22700: 2.328428
2025-12-06 01:44:36 INFO     Training average positive_fact_loss at step 22800: 0.299078
2025-12-06 01:44:36 INFO     Training average negative_fact_loss at step 22800: 0.277035
2025-12-06 01:44:36 INFO     Training average positive_rule_loss at step 22800: 1.615072
2025-12-06 01:44:36 INFO     Training average negative_rule_loss at step 22800: 2.232013
2025-12-06 01:44:36 INFO     Training average L_uncertainty at step 22800: 36.912580
2025-12-06 01:44:36 INFO     Training average L_kl at step 22800: 36618.728086
2025-12-06 01:44:36 INFO     Training average L_sigma at step 22800: 146.924937
2025-12-06 01:44:36 INFO     Training average mu_mean at step 22800: -1.479897
2025-12-06 01:44:36 INFO     Training average sigma_mean at step 22800: 0.134011
2025-12-06 01:44:36 INFO     Training average regularization at step 22800: 0.006241
2025-12-06 01:44:36 INFO     Training average loss at step 22800: 2.328577
2025-12-06 01:45:32 INFO     Training average positive_fact_loss at step 22900: 0.298828
2025-12-06 01:45:32 INFO     Training average negative_fact_loss at step 22900: 0.276868
2025-12-06 01:45:32 INFO     Training average positive_rule_loss at step 22900: 1.616885
2025-12-06 01:45:32 INFO     Training average negative_rule_loss at step 22900: 2.228693
2025-12-06 01:45:32 INFO     Training average L_uncertainty at step 22900: 37.000123
2025-12-06 01:45:32 INFO     Training average L_kl at step 22900: 36706.305430
2025-12-06 01:45:32 INFO     Training average L_sigma at step 22900: 146.908038
2025-12-06 01:45:32 INFO     Training average mu_mean at step 22900: -1.483947
2025-12-06 01:45:32 INFO     Training average sigma_mean at step 22900: 0.134012
2025-12-06 01:45:32 INFO     Training average regularization at step 22900: 0.006241
2025-12-06 01:45:32 INFO     Training average loss at step 22900: 2.327878
2025-12-06 01:46:33 INFO     Training average positive_fact_loss at step 23000: 0.299482
2025-12-06 01:46:33 INFO     Training average negative_fact_loss at step 23000: 0.276869
2025-12-06 01:46:33 INFO     Training average positive_rule_loss at step 23000: 1.614016
2025-12-06 01:46:33 INFO     Training average negative_rule_loss at step 23000: 2.235576
2025-12-06 01:46:33 INFO     Training average L_uncertainty at step 23000: 36.840595
2025-12-06 01:46:33 INFO     Training average L_kl at step 23000: 36545.846953
2025-12-06 01:46:33 INFO     Training average L_sigma at step 23000: 147.372918
2025-12-06 01:46:33 INFO     Training average mu_mean at step 23000: -1.473697
2025-12-06 01:46:33 INFO     Training average sigma_mean at step 23000: 0.134024
2025-12-06 01:46:33 INFO     Training average regularization at step 23000: 0.006239
2025-12-06 01:46:33 INFO     Training average loss at step 23000: 2.329732
2025-12-06 01:46:33 INFO     Evaluating on Valid Dataset...
2025-12-06 01:46:33 INFO     >>>>> RuleE emb: Evaluating on valid
2025-12-06 01:46:43 INFO     Data : 4274
2025-12-06 01:46:43 INFO     Hit1 : 0.538138
2025-12-06 01:46:43 INFO     Hit3 : 0.773514
2025-12-06 01:46:43 INFO     Hit10: 0.940337
2025-12-06 01:46:43 INFO     MR   : 3.402433
2025-12-06 01:46:43 INFO     MRR  : 0.676769
2025-12-06 01:47:39 INFO     Training average positive_fact_loss at step 23100: 0.298284
2025-12-06 01:47:39 INFO     Training average negative_fact_loss at step 23100: 0.276992
2025-12-06 01:47:39 INFO     Training average positive_rule_loss at step 23100: 1.616031
2025-12-06 01:47:39 INFO     Training average negative_rule_loss at step 23100: 2.228740
2025-12-06 01:47:39 INFO     Training average L_uncertainty at step 23100: 36.930167
2025-12-06 01:47:39 INFO     Training average L_kl at step 23100: 36635.280117
2025-12-06 01:47:39 INFO     Training average L_sigma at step 23100: 147.442744
2025-12-06 01:47:39 INFO     Training average mu_mean at step 23100: -1.478267
2025-12-06 01:47:39 INFO     Training average sigma_mean at step 23100: 0.134027
2025-12-06 01:47:39 INFO     Training average regularization at step 23100: 0.006239
2025-12-06 01:47:39 INFO     Training average loss at step 23100: 2.327053
2025-12-06 01:48:40 INFO     Training average positive_fact_loss at step 23200: 0.299873
2025-12-06 01:48:40 INFO     Training average negative_fact_loss at step 23200: 0.276702
2025-12-06 01:48:40 INFO     Training average positive_rule_loss at step 23200: 1.615020
2025-12-06 01:48:40 INFO     Training average negative_rule_loss at step 23200: 2.231023
2025-12-06 01:48:40 INFO     Training average L_uncertainty at step 23200: 36.909522
2025-12-06 01:48:40 INFO     Training average L_kl at step 23200: 36615.279375
2025-12-06 01:48:40 INFO     Training average L_sigma at step 23200: 147.120430
2025-12-06 01:48:40 INFO     Training average mu_mean at step 23200: -1.475596
2025-12-06 01:48:40 INFO     Training average sigma_mean at step 23200: 0.134017
2025-12-06 01:48:40 INFO     Training average regularization at step 23200: 0.006243
2025-12-06 01:48:40 INFO     Training average loss at step 23200: 2.328281
2025-12-06 01:49:36 INFO     Training average positive_fact_loss at step 23300: 0.298484
2025-12-06 01:49:36 INFO     Training average negative_fact_loss at step 23300: 0.276962
2025-12-06 01:49:36 INFO     Training average positive_rule_loss at step 23300: 1.620382
2025-12-06 01:49:36 INFO     Training average negative_rule_loss at step 23300: 2.224792
2025-12-06 01:49:36 INFO     Training average L_uncertainty at step 23300: 36.972007
2025-12-06 01:49:36 INFO     Training average L_kl at step 23300: 36677.440078
2025-12-06 01:49:36 INFO     Training average L_sigma at step 23300: 147.282533
2025-12-06 01:49:36 INFO     Training average mu_mean at step 23300: -1.479645
2025-12-06 01:49:36 INFO     Training average sigma_mean at step 23300: 0.134021
2025-12-06 01:49:36 INFO     Training average regularization at step 23300: 0.006242
2025-12-06 01:49:36 INFO     Training average loss at step 23300: 2.327467
2025-12-06 01:50:31 INFO     Training average positive_fact_loss at step 23400: 0.298947
2025-12-06 01:50:31 INFO     Training average negative_fact_loss at step 23400: 0.276571
2025-12-06 01:50:31 INFO     Training average positive_rule_loss at step 23400: 1.617332
2025-12-06 01:50:31 INFO     Training average negative_rule_loss at step 23400: 2.226453
2025-12-06 01:50:31 INFO     Training average L_uncertainty at step 23400: 36.857119
2025-12-06 01:50:31 INFO     Training average L_kl at step 23400: 36562.112695
2025-12-06 01:50:31 INFO     Training average L_sigma at step 23400: 147.502273
2025-12-06 01:50:31 INFO     Training average mu_mean at step 23400: -1.472252
2025-12-06 01:50:31 INFO     Training average sigma_mean at step 23400: 0.134028
2025-12-06 01:50:31 INFO     Training average regularization at step 23400: 0.006242
2025-12-06 01:50:31 INFO     Training average loss at step 23400: 2.326466
2025-12-06 01:51:22 INFO     Training average positive_fact_loss at step 23500: 0.298927
2025-12-06 01:51:23 INFO     Training average negative_fact_loss at step 23500: 0.276934
2025-12-06 01:51:23 INFO     Training average positive_rule_loss at step 23500: 1.615817
2025-12-06 01:51:23 INFO     Training average negative_rule_loss at step 23500: 2.228707
2025-12-06 01:51:23 INFO     Training average L_uncertainty at step 23500: 36.952764
2025-12-06 01:51:23 INFO     Training average L_kl at step 23500: 36657.140938
2025-12-06 01:51:23 INFO     Training average L_sigma at step 23500: 147.810356
2025-12-06 01:51:23 INFO     Training average mu_mean at step 23500: -1.475423
2025-12-06 01:51:23 INFO     Training average sigma_mean at step 23500: 0.134032
2025-12-06 01:51:23 INFO     Training average regularization at step 23500: 0.006245
2025-12-06 01:51:23 INFO     Training average loss at step 23500: 2.327296
2025-12-06 01:52:23 INFO     Training average positive_fact_loss at step 23600: 0.298608
2025-12-06 01:52:23 INFO     Training average negative_fact_loss at step 23600: 0.276656
2025-12-06 01:52:23 INFO     Training average positive_rule_loss at step 23600: 1.614255
2025-12-06 01:52:23 INFO     Training average negative_rule_loss at step 23600: 2.228993
2025-12-06 01:52:23 INFO     Training average L_uncertainty at step 23600: 36.918094
2025-12-06 01:52:23 INFO     Training average L_kl at step 23600: 36624.060430
2025-12-06 01:52:23 INFO     Training average L_sigma at step 23600: 147.015804
2025-12-06 01:52:23 INFO     Training average mu_mean at step 23600: -1.470500
2025-12-06 01:52:23 INFO     Training average sigma_mean at step 23600: 0.134014
2025-12-06 01:52:23 INFO     Training average regularization at step 23600: 0.006246
2025-12-06 01:52:23 INFO     Training average loss at step 23600: 2.326256
2025-12-06 01:53:19 INFO     Training average positive_fact_loss at step 23700: 0.299264
2025-12-06 01:53:19 INFO     Training average negative_fact_loss at step 23700: 0.277325
2025-12-06 01:53:19 INFO     Training average positive_rule_loss at step 23700: 1.611866
2025-12-06 01:53:19 INFO     Training average negative_rule_loss at step 23700: 2.232823
2025-12-06 01:53:19 INFO     Training average L_uncertainty at step 23700: 36.844172
2025-12-06 01:53:19 INFO     Training average L_kl at step 23700: 36549.515586
2025-12-06 01:53:19 INFO     Training average L_sigma at step 23700: 147.327354
2025-12-06 01:53:19 INFO     Training average mu_mean at step 23700: -1.464834
2025-12-06 01:53:19 INFO     Training average sigma_mean at step 23700: 0.134024
2025-12-06 01:53:19 INFO     Training average regularization at step 23700: 0.006245
2025-12-06 01:53:19 INFO     Training average loss at step 23700: 2.327416
2025-12-06 01:54:19 INFO     Training average positive_fact_loss at step 23800: 0.299331
2025-12-06 01:54:19 INFO     Training average negative_fact_loss at step 23800: 0.276781
2025-12-06 01:54:19 INFO     Training average positive_rule_loss at step 23800: 1.618513
2025-12-06 01:54:19 INFO     Training average negative_rule_loss at step 23800: 2.224206
2025-12-06 01:54:19 INFO     Training average L_uncertainty at step 23800: 36.950525
2025-12-06 01:54:19 INFO     Training average L_kl at step 23800: 36656.288711
2025-12-06 01:54:19 INFO     Training average L_sigma at step 23800: 147.117207
2025-12-06 01:54:19 INFO     Training average mu_mean at step 23800: -1.469807
2025-12-06 01:54:19 INFO     Training average sigma_mean at step 23800: 0.134017
2025-12-06 01:54:19 INFO     Training average regularization at step 23800: 0.006246
2025-12-06 01:54:19 INFO     Training average loss at step 23800: 2.326513
2025-12-06 01:55:15 INFO     Training average positive_fact_loss at step 23900: 0.298896
2025-12-06 01:55:15 INFO     Training average negative_fact_loss at step 23900: 0.276890
2025-12-06 01:55:15 INFO     Training average positive_rule_loss at step 23900: 1.613209
2025-12-06 01:55:15 INFO     Training average negative_rule_loss at step 23900: 2.227876
2025-12-06 01:55:15 INFO     Training average L_uncertainty at step 23900: 36.832168
2025-12-06 01:55:15 INFO     Training average L_kl at step 23900: 36538.756133
2025-12-06 01:55:15 INFO     Training average L_sigma at step 23900: 146.705134
2025-12-06 01:55:15 INFO     Training average mu_mean at step 23900: -1.462334
2025-12-06 01:55:15 INFO     Training average sigma_mean at step 23900: 0.134007
2025-12-06 01:55:15 INFO     Training average regularization at step 23900: 0.006244
2025-12-06 01:55:15 INFO     Training average loss at step 23900: 2.325177
2025-12-06 01:56:15 INFO     Training average positive_fact_loss at step 24000: 0.299272
2025-12-06 01:56:15 INFO     Training average negative_fact_loss at step 24000: 0.276897
2025-12-06 01:56:15 INFO     Training average positive_rule_loss at step 24000: 1.616099
2025-12-06 01:56:15 INFO     Training average negative_rule_loss at step 24000: 2.224685
2025-12-06 01:56:15 INFO     Training average L_uncertainty at step 24000: 36.912014
2025-12-06 01:56:15 INFO     Training average L_kl at step 24000: 36617.545586
2025-12-06 01:56:15 INFO     Training average L_sigma at step 24000: 147.233421
2025-12-06 01:56:15 INFO     Training average mu_mean at step 24000: -1.465525
2025-12-06 01:56:15 INFO     Training average sigma_mean at step 24000: 0.134017
2025-12-06 01:56:15 INFO     Training average regularization at step 24000: 0.006247
2025-12-06 01:56:15 INFO     Training average loss at step 24000: 2.325459
2025-12-06 01:56:15 INFO     Evaluating on Valid Dataset...
2025-12-06 01:56:15 INFO     >>>>> RuleE emb: Evaluating on valid
2025-12-06 01:56:25 INFO     Data : 4274
2025-12-06 01:56:25 INFO     Hit1 : 0.539541
2025-12-06 01:56:25 INFO     Hit3 : 0.773514
2025-12-06 01:56:25 INFO     Hit10: 0.941039
2025-12-06 01:56:25 INFO     MR   : 3.392840
2025-12-06 01:56:25 INFO     MRR  : 0.677741
2025-12-06 01:57:12 INFO     Training average positive_fact_loss at step 24100: 0.299205
2025-12-06 01:57:12 INFO     Training average negative_fact_loss at step 24100: 0.276936
2025-12-06 01:57:12 INFO     Training average positive_rule_loss at step 24100: 1.612609
2025-12-06 01:57:12 INFO     Training average negative_rule_loss at step 24100: 2.228166
2025-12-06 01:57:12 INFO     Training average L_uncertainty at step 24100: 36.905698
2025-12-06 01:57:12 INFO     Training average L_kl at step 24100: 36611.517305
2025-12-06 01:57:12 INFO     Training average L_sigma at step 24100: 147.089225
2025-12-06 01:57:12 INFO     Training average mu_mean at step 24100: -1.462365
2025-12-06 01:57:12 INFO     Training average sigma_mean at step 24100: 0.134018
2025-12-06 01:57:12 INFO     Training average regularization at step 24100: 0.006244
2025-12-06 01:57:12 INFO     Training average loss at step 24100: 2.325419
2025-12-06 01:58:12 INFO     Training average positive_fact_loss at step 24200: 0.299175
2025-12-06 01:58:12 INFO     Training average negative_fact_loss at step 24200: 0.276921
2025-12-06 01:58:12 INFO     Training average positive_rule_loss at step 24200: 1.613805
2025-12-06 01:58:12 INFO     Training average negative_rule_loss at step 24200: 2.227991
2025-12-06 01:58:12 INFO     Training average L_uncertainty at step 24200: 36.908996
2025-12-06 01:58:12 INFO     Training average L_kl at step 24200: 36614.897773
2025-12-06 01:58:12 INFO     Training average L_sigma at step 24200: 147.048059
2025-12-06 01:58:12 INFO     Training average mu_mean at step 24200: -1.461385
2025-12-06 01:58:12 INFO     Training average sigma_mean at step 24200: 0.134016
2025-12-06 01:58:12 INFO     Training average regularization at step 24200: 0.006244
2025-12-06 01:58:12 INFO     Training average loss at step 24200: 2.325917
2025-12-06 01:59:08 INFO     Training average positive_fact_loss at step 24300: 0.299035
2025-12-06 01:59:08 INFO     Training average negative_fact_loss at step 24300: 0.276884
2025-12-06 01:59:08 INFO     Training average positive_rule_loss at step 24300: 1.614321
2025-12-06 01:59:08 INFO     Training average negative_rule_loss at step 24300: 2.225511
2025-12-06 01:59:08 INFO     Training average L_uncertainty at step 24300: 36.868738
2025-12-06 01:59:08 INFO     Training average L_kl at step 24300: 36573.700664
2025-12-06 01:59:08 INFO     Training average L_sigma at step 24300: 147.517791
2025-12-06 01:59:08 INFO     Training average mu_mean at step 24300: -1.457889
2025-12-06 01:59:08 INFO     Training average sigma_mean at step 24300: 0.134028
2025-12-06 01:59:08 INFO     Training average regularization at step 24300: 0.006244
2025-12-06 01:59:08 INFO     Training average loss at step 24300: 2.324726
2025-12-06 02:00:09 INFO     Training average positive_fact_loss at step 24400: 0.298810
2025-12-06 02:00:09 INFO     Training average negative_fact_loss at step 24400: 0.276788
2025-12-06 02:00:09 INFO     Training average positive_rule_loss at step 24400: 1.612369
2025-12-06 02:00:09 INFO     Training average negative_rule_loss at step 24400: 2.228189
2025-12-06 02:00:09 INFO     Training average L_uncertainty at step 24400: 36.858664
2025-12-06 02:00:09 INFO     Training average L_kl at step 24400: 36564.009844
2025-12-06 02:00:09 INFO     Training average L_sigma at step 24400: 147.326415
2025-12-06 02:00:09 INFO     Training average mu_mean at step 24400: -1.455779
2025-12-06 02:00:09 INFO     Training average sigma_mean at step 24400: 0.134023
2025-12-06 02:00:09 INFO     Training average regularization at step 24400: 0.006247
2025-12-06 02:00:09 INFO     Training average loss at step 24400: 2.324901
2025-12-06 02:01:04 INFO     Training average positive_fact_loss at step 24500: 0.299201
2025-12-06 02:01:04 INFO     Training average negative_fact_loss at step 24500: 0.276937
2025-12-06 02:01:04 INFO     Training average positive_rule_loss at step 24500: 1.612706
2025-12-06 02:01:04 INFO     Training average negative_rule_loss at step 24500: 2.226443
2025-12-06 02:01:04 INFO     Training average L_uncertainty at step 24500: 36.904540
2025-12-06 02:01:04 INFO     Training average L_kl at step 24500: 36611.429492
2025-12-06 02:01:04 INFO     Training average L_sigma at step 24500: 146.554371
2025-12-06 02:01:04 INFO     Training average mu_mean at step 24500: -1.456560
2025-12-06 02:01:04 INFO     Training average sigma_mean at step 24500: 0.134001
2025-12-06 02:01:04 INFO     Training average regularization at step 24500: 0.006245
2025-12-06 02:01:04 INFO     Training average loss at step 24500: 2.324603
2025-12-06 02:02:04 INFO     Training average positive_fact_loss at step 24600: 0.299488
2025-12-06 02:02:04 INFO     Training average negative_fact_loss at step 24600: 0.277091
2025-12-06 02:02:04 INFO     Training average positive_rule_loss at step 24600: 1.616949
2025-12-06 02:02:04 INFO     Training average negative_rule_loss at step 24600: 2.220017
2025-12-06 02:02:04 INFO     Training average L_uncertainty at step 24600: 36.894411
2025-12-06 02:02:04 INFO     Training average L_kl at step 24600: 36599.787422
2025-12-06 02:02:04 INFO     Training average L_sigma at step 24600: 147.310866
2025-12-06 02:02:04 INFO     Training average mu_mean at step 24600: -1.454808
2025-12-06 02:02:04 INFO     Training average sigma_mean at step 24600: 0.134021
2025-12-06 02:02:04 INFO     Training average regularization at step 24600: 0.006245
2025-12-06 02:02:04 INFO     Training average loss at step 24600: 2.323701
2025-12-06 02:02:55 INFO     Training average positive_fact_loss at step 24700: 0.298871
2025-12-06 02:02:55 INFO     Training average negative_fact_loss at step 24700: 0.276893
2025-12-06 02:02:55 INFO     Training average positive_rule_loss at step 24700: 1.613281
2025-12-06 02:02:55 INFO     Training average negative_rule_loss at step 24700: 2.224003
2025-12-06 02:02:55 INFO     Training average L_uncertainty at step 24700: 36.937509
2025-12-06 02:02:55 INFO     Training average L_kl at step 24700: 36643.117266
2025-12-06 02:02:55 INFO     Training average L_sigma at step 24700: 147.194860
2025-12-06 02:02:55 INFO     Training average mu_mean at step 24700: -1.458233
2025-12-06 02:02:55 INFO     Training average sigma_mean at step 24700: 0.134016
2025-12-06 02:02:55 INFO     Training average regularization at step 24700: 0.006245
2025-12-06 02:02:55 INFO     Training average loss at step 24700: 2.323582
2025-12-06 02:03:51 INFO     Training average positive_fact_loss at step 24800: 0.298787
2025-12-06 02:03:51 INFO     Training average negative_fact_loss at step 24800: 0.276723
2025-12-06 02:03:51 INFO     Training average positive_rule_loss at step 24800: 1.615604
2025-12-06 02:03:51 INFO     Training average negative_rule_loss at step 24800: 2.220540
2025-12-06 02:03:51 INFO     Training average L_uncertainty at step 24800: 36.863121
2025-12-06 02:03:51 INFO     Training average L_kl at step 24800: 36569.009844
2025-12-06 02:03:51 INFO     Training average L_sigma at step 24800: 147.054721
2025-12-06 02:03:51 INFO     Training average mu_mean at step 24800: -1.450288
2025-12-06 02:03:51 INFO     Training average sigma_mean at step 24800: 0.134016
2025-12-06 02:03:51 INFO     Training average regularization at step 24800: 0.006246
2025-12-06 02:03:51 INFO     Training average loss at step 24800: 2.322662
2025-12-06 02:04:47 INFO     Training average positive_fact_loss at step 24900: 0.299248
2025-12-06 02:04:47 INFO     Training average negative_fact_loss at step 24900: 0.276967
2025-12-06 02:04:47 INFO     Training average positive_rule_loss at step 24900: 1.611194
2025-12-06 02:04:47 INFO     Training average negative_rule_loss at step 24900: 2.226594
2025-12-06 02:04:47 INFO     Training average L_uncertainty at step 24900: 36.872507
2025-12-06 02:04:47 INFO     Training average L_kl at step 24900: 36578.770312
2025-12-06 02:04:47 INFO     Training average L_sigma at step 24900: 146.867616
2025-12-06 02:04:47 INFO     Training average mu_mean at step 24900: -1.449592
2025-12-06 02:04:47 INFO     Training average sigma_mean at step 24900: 0.134011
2025-12-06 02:04:47 INFO     Training average regularization at step 24900: 0.006246
2025-12-06 02:04:47 INFO     Training average loss at step 24900: 2.323866
2025-12-06 02:05:48 INFO     Training average positive_fact_loss at step 25000: 0.298708
2025-12-06 02:05:48 INFO     Training average negative_fact_loss at step 25000: 0.276728
2025-12-06 02:05:48 INFO     Training average positive_rule_loss at step 25000: 1.614691
2025-12-06 02:05:48 INFO     Training average negative_rule_loss at step 25000: 2.221018
2025-12-06 02:05:48 INFO     Training average L_uncertainty at step 25000: 36.910045
2025-12-06 02:05:48 INFO     Training average L_kl at step 25000: 36614.858984
2025-12-06 02:05:48 INFO     Training average L_sigma at step 25000: 147.592033
2025-12-06 02:05:48 INFO     Training average mu_mean at step 25000: -1.450516
2025-12-06 02:05:48 INFO     Training average sigma_mean at step 25000: 0.134031
2025-12-06 02:05:48 INFO     Training average regularization at step 25000: 0.006249
2025-12-06 02:05:48 INFO     Training average loss at step 25000: 2.322551
2025-12-06 02:05:48 INFO     Evaluating on Valid Dataset...
2025-12-06 02:05:48 INFO     >>>>> RuleE emb: Evaluating on valid
2025-12-06 02:05:58 INFO     Data : 4274
2025-12-06 02:05:58 INFO     Hit1 : 0.540243
2025-12-06 02:05:58 INFO     Hit3 : 0.772578
2025-12-06 02:05:58 INFO     Hit10: 0.941273
2025-12-06 02:05:58 INFO     MR   : 3.396584
2025-12-06 02:05:58 INFO     MRR  : 0.677861
2025-12-06 02:06:53 INFO     Training average positive_fact_loss at step 25100: 0.298952
2025-12-06 02:06:53 INFO     Training average negative_fact_loss at step 25100: 0.276746
2025-12-06 02:06:53 INFO     Training average positive_rule_loss at step 25100: 1.614661
2025-12-06 02:06:53 INFO     Training average negative_rule_loss at step 25100: 2.219993
2025-12-06 02:06:53 INFO     Training average L_uncertainty at step 25100: 36.864314
2025-12-06 02:06:53 INFO     Training average L_kl at step 25100: 36569.723672
2025-12-06 02:06:53 INFO     Training average L_sigma at step 25100: 147.294346
2025-12-06 02:06:53 INFO     Training average mu_mean at step 25100: -1.447362
2025-12-06 02:06:53 INFO     Training average sigma_mean at step 25100: 0.134022
2025-12-06 02:06:53 INFO     Training average regularization at step 25100: 0.006250
2025-12-06 02:06:53 INFO     Training average loss at step 25100: 2.322019
2025-12-06 02:07:53 INFO     Training average positive_fact_loss at step 25200: 0.298939
2025-12-06 02:07:53 INFO     Training average negative_fact_loss at step 25200: 0.276960
2025-12-06 02:07:53 INFO     Training average positive_rule_loss at step 25200: 1.610825
2025-12-06 02:07:53 INFO     Training average negative_rule_loss at step 25200: 2.224188
2025-12-06 02:07:53 INFO     Training average L_uncertainty at step 25200: 36.813233
2025-12-06 02:07:53 INFO     Training average L_kl at step 25200: 36519.531758
2025-12-06 02:07:53 INFO     Training average L_sigma at step 25200: 146.849944
2025-12-06 02:07:53 INFO     Training average mu_mean at step 25200: -1.441595
2025-12-06 02:07:53 INFO     Training average sigma_mean at step 25200: 0.134011
2025-12-06 02:07:53 INFO     Training average regularization at step 25200: 0.006251
2025-12-06 02:07:53 INFO     Training average loss at step 25200: 2.322147
2025-12-06 02:08:49 INFO     Training average positive_fact_loss at step 25300: 0.299389
2025-12-06 02:08:49 INFO     Training average negative_fact_loss at step 25300: 0.276895
2025-12-06 02:08:49 INFO     Training average positive_rule_loss at step 25300: 1.614798
2025-12-06 02:08:49 INFO     Training average negative_rule_loss at step 25300: 2.218634
2025-12-06 02:08:49 INFO     Training average L_uncertainty at step 25300: 36.920733
2025-12-06 02:08:49 INFO     Training average L_kl at step 25300: 36625.761016
2025-12-06 02:08:49 INFO     Training average L_sigma at step 25300: 147.485025
2025-12-06 02:08:49 INFO     Training average mu_mean at step 25300: -1.446628
2025-12-06 02:08:49 INFO     Training average sigma_mean at step 25300: 0.134025
2025-12-06 02:08:49 INFO     Training average regularization at step 25300: 0.006248
2025-12-06 02:08:49 INFO     Training average loss at step 25300: 2.321868
2025-12-06 02:09:40 INFO     Training average positive_fact_loss at step 25400: 0.299032
2025-12-06 02:09:40 INFO     Training average negative_fact_loss at step 25400: 0.276779
2025-12-06 02:09:40 INFO     Training average positive_rule_loss at step 25400: 1.610325
2025-12-06 02:09:40 INFO     Training average negative_rule_loss at step 25400: 2.226267
2025-12-06 02:09:40 INFO     Training average L_uncertainty at step 25400: 36.837675
2025-12-06 02:09:40 INFO     Training average L_kl at step 25400: 36543.321289
2025-12-06 02:09:40 INFO     Training average L_sigma at step 25400: 147.176060
2025-12-06 02:09:40 INFO     Training average mu_mean at step 25400: -1.440512
2025-12-06 02:09:40 INFO     Training average sigma_mean at step 25400: 0.134019
2025-12-06 02:09:40 INFO     Training average regularization at step 25400: 0.006247
2025-12-06 02:09:40 INFO     Training average loss at step 25400: 2.322962
2025-12-06 02:10:36 INFO     Training average positive_fact_loss at step 25500: 0.299085
2025-12-06 02:10:36 INFO     Training average negative_fact_loss at step 25500: 0.276898
2025-12-06 02:10:36 INFO     Training average positive_rule_loss at step 25500: 1.611072
2025-12-06 02:10:36 INFO     Training average negative_rule_loss at step 25500: 2.220087
2025-12-06 02:10:36 INFO     Training average L_uncertainty at step 25500: 36.844261
2025-12-06 02:10:36 INFO     Training average L_kl at step 25500: 36549.615195
2025-12-06 02:10:36 INFO     Training average L_sigma at step 25500: 147.322089
2025-12-06 02:10:36 INFO     Training average mu_mean at step 25500: -1.438868
2025-12-06 02:10:36 INFO     Training average sigma_mean at step 25500: 0.134023
2025-12-06 02:10:36 INFO     Training average regularization at step 25500: 0.006249
2025-12-06 02:10:36 INFO     Training average loss at step 25500: 2.320352
2025-12-06 02:11:36 INFO     Training average positive_fact_loss at step 25600: 0.298856
2025-12-06 02:11:36 INFO     Training average negative_fact_loss at step 25600: 0.277051
2025-12-06 02:11:36 INFO     Training average positive_rule_loss at step 25600: 1.609294
2025-12-06 02:11:36 INFO     Training average negative_rule_loss at step 25600: 2.225590
2025-12-06 02:11:36 INFO     Training average L_uncertainty at step 25600: 36.825550
2025-12-06 02:11:36 INFO     Training average L_kl at step 25600: 36531.815664
2025-12-06 02:11:36 INFO     Training average L_sigma at step 25600: 146.866580
2025-12-06 02:11:36 INFO     Training average mu_mean at step 25600: -1.435353
2025-12-06 02:11:36 INFO     Training average sigma_mean at step 25600: 0.134010
2025-12-06 02:11:36 INFO     Training average regularization at step 25600: 0.006250
2025-12-06 02:11:36 INFO     Training average loss at step 25600: 2.322122
2025-12-06 02:12:32 INFO     Training average positive_fact_loss at step 25700: 0.299041
2025-12-06 02:12:32 INFO     Training average negative_fact_loss at step 25700: 0.277004
2025-12-06 02:12:32 INFO     Training average positive_rule_loss at step 25700: 1.609680
2025-12-06 02:12:32 INFO     Training average negative_rule_loss at step 25700: 2.222422
2025-12-06 02:12:32 INFO     Training average L_uncertainty at step 25700: 36.860907
2025-12-06 02:12:32 INFO     Training average L_kl at step 25700: 36566.736172
2025-12-06 02:12:32 INFO     Training average L_sigma at step 25700: 147.084522
2025-12-06 02:12:32 INFO     Training average mu_mean at step 25700: -1.435900
2025-12-06 02:12:32 INFO     Training average sigma_mean at step 25700: 0.134016
2025-12-06 02:12:32 INFO     Training average regularization at step 25700: 0.006252
2025-12-06 02:12:32 INFO     Training average loss at step 25700: 2.320908
2025-12-06 02:13:32 INFO     Training average positive_fact_loss at step 25800: 0.299833
2025-12-06 02:13:32 INFO     Training average negative_fact_loss at step 25800: 0.276807
2025-12-06 02:13:32 INFO     Training average positive_rule_loss at step 25800: 1.610819
2025-12-06 02:13:32 INFO     Training average negative_rule_loss at step 25800: 2.219752
2025-12-06 02:13:32 INFO     Training average L_uncertainty at step 25800: 36.883814
2025-12-06 02:13:32 INFO     Training average L_kl at step 25800: 36589.576406
2025-12-06 02:13:32 INFO     Training average L_sigma at step 25800: 147.117741
2025-12-06 02:13:32 INFO     Training average mu_mean at step 25800: -1.435408
2025-12-06 02:13:32 INFO     Training average sigma_mean at step 25800: 0.134014
2025-12-06 02:13:32 INFO     Training average regularization at step 25800: 0.006250
2025-12-06 02:13:32 INFO     Training average loss at step 25800: 2.320507
2025-12-06 02:14:28 INFO     Training average positive_fact_loss at step 25900: 0.298480
2025-12-06 02:14:28 INFO     Training average negative_fact_loss at step 25900: 0.277008
2025-12-06 02:14:28 INFO     Training average positive_rule_loss at step 25900: 1.612648
2025-12-06 02:14:28 INFO     Training average negative_rule_loss at step 25900: 2.217545
2025-12-06 02:14:28 INFO     Training average L_uncertainty at step 25900: 36.915434
2025-12-06 02:14:28 INFO     Training average L_kl at step 25900: 36622.202070
2025-12-06 02:14:28 INFO     Training average L_sigma at step 25900: 146.615128
2025-12-06 02:14:28 INFO     Training average mu_mean at step 25900: -1.436027
2025-12-06 02:14:28 INFO     Training average sigma_mean at step 25900: 0.134002
2025-12-06 02:14:28 INFO     Training average regularization at step 25900: 0.006249
2025-12-06 02:14:28 INFO     Training average loss at step 25900: 2.319836
2025-12-06 02:15:23 INFO     Training average positive_fact_loss at step 26000: 0.299456
2025-12-06 02:15:23 INFO     Training average negative_fact_loss at step 26000: 0.276819
2025-12-06 02:15:23 INFO     Training average positive_rule_loss at step 26000: 1.608332
2025-12-06 02:15:23 INFO     Training average negative_rule_loss at step 26000: 2.222447
2025-12-06 02:15:23 INFO     Training average L_uncertainty at step 26000: 36.862530
2025-12-06 02:15:23 INFO     Training average L_kl at step 26000: 36568.298320
2025-12-06 02:15:23 INFO     Training average L_sigma at step 26000: 147.114769
2025-12-06 02:15:23 INFO     Training average mu_mean at step 26000: -1.431711
2025-12-06 02:15:23 INFO     Training average sigma_mean at step 26000: 0.134014
2025-12-06 02:15:23 INFO     Training average regularization at step 26000: 0.006251
2025-12-06 02:15:23 INFO     Training average loss at step 26000: 2.320366
2025-12-06 02:15:23 INFO     Evaluating on Valid Dataset...
2025-12-06 02:15:23 INFO     >>>>> RuleE emb: Evaluating on valid
2025-12-06 02:15:33 INFO     Data : 4274
2025-12-06 02:15:33 INFO     Hit1 : 0.542349
2025-12-06 02:15:33 INFO     Hit3 : 0.774918
2025-12-06 02:15:33 INFO     Hit10: 0.941507
2025-12-06 02:15:33 INFO     MR   : 3.386055
2025-12-06 02:15:33 INFO     MRR  : 0.679267
2025-12-06 02:16:25 INFO     Training average positive_fact_loss at step 26100: 0.298966
2025-12-06 02:16:25 INFO     Training average negative_fact_loss at step 26100: 0.276787
2025-12-06 02:16:25 INFO     Training average positive_rule_loss at step 26100: 1.609190
2025-12-06 02:16:25 INFO     Training average negative_rule_loss at step 26100: 2.221968
2025-12-06 02:16:25 INFO     Training average L_uncertainty at step 26100: 36.811600
2025-12-06 02:16:25 INFO     Training average L_kl at step 26100: 36517.376914
2025-12-06 02:16:25 INFO     Training average L_sigma at step 26100: 147.110645
2025-12-06 02:16:25 INFO     Training average mu_mean at step 26100: -1.427036
2025-12-06 02:16:25 INFO     Training average sigma_mean at step 26100: 0.134016
2025-12-06 02:16:25 INFO     Training average regularization at step 26100: 0.006250
2025-12-06 02:16:25 INFO     Training average loss at step 26100: 2.320140
2025-12-06 02:17:25 INFO     Training average positive_fact_loss at step 26200: 0.299084
2025-12-06 02:17:25 INFO     Training average negative_fact_loss at step 26200: 0.276846
2025-12-06 02:17:25 INFO     Training average positive_rule_loss at step 26200: 1.612325
2025-12-06 02:17:25 INFO     Training average negative_rule_loss at step 26200: 2.217457
2025-12-06 02:17:25 INFO     Training average L_uncertainty at step 26200: 36.896510
2025-12-06 02:17:25 INFO     Training average L_kl at step 26200: 36603.134102
2025-12-06 02:17:25 INFO     Training average L_sigma at step 26200: 146.687174
2025-12-06 02:17:25 INFO     Training average mu_mean at step 26200: -1.432602
2025-12-06 02:17:25 INFO     Training average sigma_mean at step 26200: 0.134005
2025-12-06 02:17:25 INFO     Training average regularization at step 26200: 0.006250
2025-12-06 02:17:25 INFO     Training average loss at step 26200: 2.319796
2025-12-06 02:18:21 INFO     Training average positive_fact_loss at step 26300: 0.299178
2025-12-06 02:18:21 INFO     Training average negative_fact_loss at step 26300: 0.276755
2025-12-06 02:18:21 INFO     Training average positive_rule_loss at step 26300: 1.609337
2025-12-06 02:18:21 INFO     Training average negative_rule_loss at step 26300: 2.220015
2025-12-06 02:18:21 INFO     Training average L_uncertainty at step 26300: 36.868037
2025-12-06 02:18:21 INFO     Training average L_kl at step 26300: 36574.083711
2025-12-06 02:18:21 INFO     Training average L_sigma at step 26300: 146.975831
2025-12-06 02:18:21 INFO     Training average mu_mean at step 26300: -1.428010
2025-12-06 02:18:21 INFO     Training average sigma_mean at step 26300: 0.134014
2025-12-06 02:18:21 INFO     Training average regularization at step 26300: 0.006248
2025-12-06 02:18:21 INFO     Training average loss at step 26300: 2.319495
2025-12-06 02:19:21 INFO     Training average positive_fact_loss at step 26400: 0.299617
2025-12-06 02:19:21 INFO     Training average negative_fact_loss at step 26400: 0.276805
2025-12-06 02:19:21 INFO     Training average positive_rule_loss at step 26400: 1.607143
2025-12-06 02:19:21 INFO     Training average negative_rule_loss at step 26400: 2.222499
2025-12-06 02:19:21 INFO     Training average L_uncertainty at step 26400: 36.833996
2025-12-06 02:19:21 INFO     Training average L_kl at step 26400: 36539.580313
2025-12-06 02:19:21 INFO     Training average L_sigma at step 26400: 147.206901
2025-12-06 02:19:21 INFO     Training average mu_mean at step 26400: -1.424127
2025-12-06 02:19:21 INFO     Training average sigma_mean at step 26400: 0.134020
2025-12-06 02:19:21 INFO     Training average regularization at step 26400: 0.006248
2025-12-06 02:19:21 INFO     Training average loss at step 26400: 2.319782
2025-12-06 02:20:17 INFO     Training average positive_fact_loss at step 26500: 0.298421
2025-12-06 02:20:17 INFO     Training average negative_fact_loss at step 26500: 0.276919
2025-12-06 02:20:17 INFO     Training average positive_rule_loss at step 26500: 1.612396
2025-12-06 02:20:17 INFO     Training average negative_rule_loss at step 26500: 2.213887
2025-12-06 02:20:17 INFO     Training average L_uncertainty at step 26500: 36.885930
2025-12-06 02:20:17 INFO     Training average L_kl at step 26500: 36591.303086
2025-12-06 02:20:17 INFO     Training average L_sigma at step 26500: 147.312590
2025-12-06 02:20:17 INFO     Training average mu_mean at step 26500: -1.427031
2025-12-06 02:20:17 INFO     Training average sigma_mean at step 26500: 0.134023
2025-12-06 02:20:17 INFO     Training average regularization at step 26500: 0.006250
2025-12-06 02:20:17 INFO     Training average loss at step 26500: 2.317719
2025-12-06 02:21:17 INFO     Training average positive_fact_loss at step 26600: 0.299355
2025-12-06 02:21:17 INFO     Training average negative_fact_loss at step 26600: 0.276742
2025-12-06 02:21:17 INFO     Training average positive_rule_loss at step 26600: 1.608383
2025-12-06 02:21:17 INFO     Training average negative_rule_loss at step 26600: 2.217039
2025-12-06 02:21:17 INFO     Training average L_uncertainty at step 26600: 36.836606
2025-12-06 02:21:17 INFO     Training average L_kl at step 26600: 36542.524648
2025-12-06 02:21:17 INFO     Training average L_sigma at step 26600: 147.039871
2025-12-06 02:21:17 INFO     Training average mu_mean at step 26600: -1.421968
2025-12-06 02:21:17 INFO     Training average sigma_mean at step 26600: 0.134015
2025-12-06 02:21:17 INFO     Training average regularization at step 26600: 0.006251
2025-12-06 02:21:17 INFO     Training average loss at step 26600: 2.317521
2025-12-06 02:22:03 INFO     Training average positive_fact_loss at step 26700: 0.298805
2025-12-06 02:22:03 INFO     Training average negative_fact_loss at step 26700: 0.276941
2025-12-06 02:22:03 INFO     Training average positive_rule_loss at step 26700: 1.612511
2025-12-06 02:22:03 INFO     Training average negative_rule_loss at step 26700: 2.211506
2025-12-06 02:22:03 INFO     Training average L_uncertainty at step 26700: 36.911331
2025-12-06 02:22:03 INFO     Training average L_kl at step 26700: 36617.465742
2025-12-06 02:22:03 INFO     Training average L_sigma at step 26700: 146.931767
2025-12-06 02:22:03 INFO     Training average mu_mean at step 26700: -1.424523
2025-12-06 02:22:03 INFO     Training average sigma_mean at step 26700: 0.134010
2025-12-06 02:22:03 INFO     Training average regularization at step 26700: 0.006249
2025-12-06 02:22:03 INFO     Training average loss at step 26700: 2.316865
2025-12-06 02:23:04 INFO     Training average positive_fact_loss at step 26800: 0.298994
2025-12-06 02:23:04 INFO     Training average negative_fact_loss at step 26800: 0.276734
2025-12-06 02:23:04 INFO     Training average positive_rule_loss at step 26800: 1.607672
2025-12-06 02:23:04 INFO     Training average negative_rule_loss at step 26800: 2.219590
2025-12-06 02:23:04 INFO     Training average L_uncertainty at step 26800: 36.834310
2025-12-06 02:23:04 INFO     Training average L_kl at step 26800: 36538.910039
2025-12-06 02:23:04 INFO     Training average L_sigma at step 26800: 147.699201
2025-12-06 02:23:04 INFO     Training average mu_mean at step 26800: -1.419246
2025-12-06 02:23:04 INFO     Training average sigma_mean at step 26800: 0.134033
2025-12-06 02:23:04 INFO     Training average regularization at step 26800: 0.006251
2025-12-06 02:23:04 INFO     Training average loss at step 26800: 2.318248
2025-12-06 02:24:00 INFO     Training average positive_fact_loss at step 26900: 0.298859
2025-12-06 02:24:00 INFO     Training average negative_fact_loss at step 26900: 0.277076
2025-12-06 02:24:00 INFO     Training average positive_rule_loss at step 26900: 1.609608
2025-12-06 02:24:00 INFO     Training average negative_rule_loss at step 26900: 2.216258
2025-12-06 02:24:00 INFO     Training average L_uncertainty at step 26900: 36.850584
2025-12-06 02:24:00 INFO     Training average L_kl at step 26900: 36556.273906
2025-12-06 02:24:00 INFO     Training average L_sigma at step 26900: 147.154419
2025-12-06 02:24:00 INFO     Training average mu_mean at step 26900: -1.418066
2025-12-06 02:24:00 INFO     Training average sigma_mean at step 26900: 0.134018
2025-12-06 02:24:00 INFO     Training average regularization at step 26900: 0.006252
2025-12-06 02:24:00 INFO     Training average loss at step 26900: 2.317704
2025-12-06 02:25:00 INFO     Training average positive_fact_loss at step 27000: 0.299086
2025-12-06 02:25:00 INFO     Training average negative_fact_loss at step 27000: 0.276677
2025-12-06 02:25:00 INFO     Training average positive_rule_loss at step 27000: 1.605338
2025-12-06 02:25:00 INFO     Training average negative_rule_loss at step 27000: 2.220651
2025-12-06 02:25:00 INFO     Training average L_uncertainty at step 27000: 36.821686
2025-12-06 02:25:00 INFO     Training average L_kl at step 27000: 36527.045625
2025-12-06 02:25:00 INFO     Training average L_sigma at step 27000: 147.319423
2025-12-06 02:25:00 INFO     Training average mu_mean at step 27000: -1.413313
2025-12-06 02:25:00 INFO     Training average sigma_mean at step 27000: 0.134022
2025-12-06 02:25:00 INFO     Training average regularization at step 27000: 0.006251
2025-12-06 02:25:00 INFO     Training average loss at step 27000: 2.317593
2025-12-06 02:25:00 INFO     Evaluating on Valid Dataset...
2025-12-06 02:25:00 INFO     >>>>> RuleE emb: Evaluating on valid
2025-12-06 02:25:10 INFO     Data : 4274
2025-12-06 02:25:10 INFO     Hit1 : 0.539775
2025-12-06 02:25:10 INFO     Hit3 : 0.772110
2025-12-06 02:25:10 INFO     Hit10: 0.940103
2025-12-06 02:25:10 INFO     MR   : 3.408985
2025-12-06 02:25:10 INFO     MRR  : 0.677680
2025-12-06 02:26:06 INFO     Training average positive_fact_loss at step 27100: 0.298887
2025-12-06 02:26:06 INFO     Training average negative_fact_loss at step 27100: 0.276719
2025-12-06 02:26:06 INFO     Training average positive_rule_loss at step 27100: 1.607422
2025-12-06 02:26:06 INFO     Training average negative_rule_loss at step 27100: 2.216229
2025-12-06 02:26:06 INFO     Training average L_uncertainty at step 27100: 36.836612
2025-12-06 02:26:06 INFO     Training average L_kl at step 27100: 36540.738711
2025-12-06 02:26:06 INFO     Training average L_sigma at step 27100: 147.935840
2025-12-06 02:26:06 INFO     Training average mu_mean at step 27100: -1.413017
2025-12-06 02:26:06 INFO     Training average sigma_mean at step 27100: 0.134039
2025-12-06 02:26:06 INFO     Training average regularization at step 27100: 0.006253
2025-12-06 02:26:06 INFO     Training average loss at step 27100: 2.316392
2025-12-06 02:27:06 INFO     Training average positive_fact_loss at step 27200: 0.299195
2025-12-06 02:27:06 INFO     Training average negative_fact_loss at step 27200: 0.277037
2025-12-06 02:27:06 INFO     Training average positive_rule_loss at step 27200: 1.605491
2025-12-06 02:27:06 INFO     Training average negative_rule_loss at step 27200: 2.221068
2025-12-06 02:27:06 INFO     Training average L_uncertainty at step 27200: 36.803961
2025-12-06 02:27:06 INFO     Training average L_kl at step 27200: 36509.499492
2025-12-06 02:27:06 INFO     Training average L_sigma at step 27200: 147.229917
2025-12-06 02:27:06 INFO     Training average mu_mean at step 27200: -1.410157
2025-12-06 02:27:06 INFO     Training average sigma_mean at step 27200: 0.134017
2025-12-06 02:27:06 INFO     Training average regularization at step 27200: 0.006254
2025-12-06 02:27:06 INFO     Training average loss at step 27200: 2.318061
2025-12-06 02:27:57 INFO     Training average positive_fact_loss at step 27300: 0.298827
2025-12-06 02:27:57 INFO     Training average negative_fact_loss at step 27300: 0.276807
2025-12-06 02:27:57 INFO     Training average positive_rule_loss at step 27300: 1.607926
2025-12-06 02:27:57 INFO     Training average negative_rule_loss at step 27300: 2.213899
2025-12-06 02:27:57 INFO     Training average L_uncertainty at step 27300: 36.838157
2025-12-06 02:27:57 INFO     Training average L_kl at step 27300: 36544.693867
2025-12-06 02:27:57 INFO     Training average L_sigma at step 27300: 146.730627
2025-12-06 02:27:57 INFO     Training average mu_mean at step 27300: -1.411107
2025-12-06 02:27:57 INFO     Training average sigma_mean at step 27300: 0.134007
2025-12-06 02:27:57 INFO     Training average regularization at step 27300: 0.006253
2025-12-06 02:27:57 INFO     Training average loss at step 27300: 2.315497
2025-12-06 02:28:53 INFO     Training average positive_fact_loss at step 27400: 0.298821
2025-12-06 02:28:53 INFO     Training average negative_fact_loss at step 27400: 0.276891
2025-12-06 02:28:53 INFO     Training average positive_rule_loss at step 27400: 1.607360
2025-12-06 02:28:53 INFO     Training average negative_rule_loss at step 27400: 2.217022
2025-12-06 02:28:53 INFO     Training average L_uncertainty at step 27400: 36.809461
2025-12-06 02:28:53 INFO     Training average L_kl at step 27400: 36514.861563
2025-12-06 02:28:53 INFO     Training average L_sigma at step 27400: 147.298738
2025-12-06 02:28:53 INFO     Training average mu_mean at step 27400: -1.407671
2025-12-06 02:28:53 INFO     Training average sigma_mean at step 27400: 0.134022
2025-12-06 02:28:53 INFO     Training average regularization at step 27400: 0.006258
2025-12-06 02:28:53 INFO     Training average loss at step 27400: 2.316733
2025-12-06 02:29:49 INFO     Training average positive_fact_loss at step 27500: 0.299450
2025-12-06 02:29:49 INFO     Training average negative_fact_loss at step 27500: 0.276720
2025-12-06 02:29:49 INFO     Training average positive_rule_loss at step 27500: 1.604508
2025-12-06 02:29:49 INFO     Training average negative_rule_loss at step 27500: 2.220555
2025-12-06 02:29:49 INFO     Training average L_uncertainty at step 27500: 36.747319
2025-12-06 02:29:49 INFO     Training average L_kl at step 27500: 36453.654727
2025-12-06 02:29:49 INFO     Training average L_sigma at step 27500: 146.831093
2025-12-06 02:29:49 INFO     Training average mu_mean at step 27500: -1.403350
2025-12-06 02:29:49 INFO     Training average sigma_mean at step 27500: 0.134008
2025-12-06 02:29:49 INFO     Training average regularization at step 27500: 0.006258
2025-12-06 02:29:49 INFO     Training average loss at step 27500: 2.317116
2025-12-06 02:30:49 INFO     Training average positive_fact_loss at step 27600: 0.298467
2025-12-06 02:30:49 INFO     Training average negative_fact_loss at step 27600: 0.276971
2025-12-06 02:30:49 INFO     Training average positive_rule_loss at step 27600: 1.607450
2025-12-06 02:30:49 INFO     Training average negative_rule_loss at step 27600: 2.215180
2025-12-06 02:30:49 INFO     Training average L_uncertainty at step 27600: 36.832365
2025-12-06 02:30:49 INFO     Training average L_kl at step 27600: 36537.722539
2025-12-06 02:30:49 INFO     Training average L_sigma at step 27600: 147.320571
2025-12-06 02:30:49 INFO     Training average mu_mean at step 27600: -1.407248
2025-12-06 02:30:49 INFO     Training average sigma_mean at step 27600: 0.134023
2025-12-06 02:30:49 INFO     Training average regularization at step 27600: 0.006258
2025-12-06 02:30:49 INFO     Training average loss at step 27600: 2.315789
2025-12-06 02:31:45 INFO     Training average positive_fact_loss at step 27700: 0.298996
2025-12-06 02:31:45 INFO     Training average negative_fact_loss at step 27700: 0.276672
2025-12-06 02:31:45 INFO     Training average positive_rule_loss at step 27700: 1.611214
2025-12-06 02:31:45 INFO     Training average negative_rule_loss at step 27700: 2.207797
2025-12-06 02:31:45 INFO     Training average L_uncertainty at step 27700: 36.895467
2025-12-06 02:31:45 INFO     Training average L_kl at step 27700: 36601.228125
2025-12-06 02:31:45 INFO     Training average L_sigma at step 27700: 147.118361
2025-12-06 02:31:45 INFO     Training average mu_mean at step 27700: -1.408413
2025-12-06 02:31:45 INFO     Training average sigma_mean at step 27700: 0.134016
2025-12-06 02:31:45 INFO     Training average regularization at step 27700: 0.006257
2025-12-06 02:31:45 INFO     Training average loss at step 27700: 2.314283
2025-12-06 02:32:45 INFO     Training average positive_fact_loss at step 27800: 0.299664
2025-12-06 02:32:45 INFO     Training average negative_fact_loss at step 27800: 0.276806
2025-12-06 02:32:45 INFO     Training average positive_rule_loss at step 27800: 1.608803
2025-12-06 02:32:45 INFO     Training average negative_rule_loss at step 27800: 2.211987
2025-12-06 02:32:45 INFO     Training average L_uncertainty at step 27800: 36.853942
2025-12-06 02:32:45 INFO     Training average L_kl at step 27800: 36559.623867
2025-12-06 02:32:45 INFO     Training average L_sigma at step 27800: 147.158101
2025-12-06 02:32:45 INFO     Training average mu_mean at step 27800: -1.405268
2025-12-06 02:32:45 INFO     Training average sigma_mean at step 27800: 0.134016
2025-12-06 02:32:45 INFO     Training average regularization at step 27800: 0.006256
2025-12-06 02:32:45 INFO     Training average loss at step 27800: 2.315448
2025-12-06 02:33:41 INFO     Training average positive_fact_loss at step 27900: 0.298290
2025-12-06 02:33:41 INFO     Training average negative_fact_loss at step 27900: 0.276902
2025-12-06 02:33:41 INFO     Training average positive_rule_loss at step 27900: 1.604415
2025-12-06 02:33:41 INFO     Training average negative_rule_loss at step 27900: 2.216462
2025-12-06 02:33:41 INFO     Training average L_uncertainty at step 27900: 36.800958
2025-12-06 02:33:41 INFO     Training average L_kl at step 27900: 36507.043281
2025-12-06 02:33:41 INFO     Training average L_sigma at step 27900: 146.956555
2025-12-06 02:33:41 INFO     Training average mu_mean at step 27900: -1.399811
2025-12-06 02:33:41 INFO     Training average sigma_mean at step 27900: 0.134012
2025-12-06 02:33:41 INFO     Training average regularization at step 27900: 0.006259
2025-12-06 02:33:41 INFO     Training average loss at step 27900: 2.314696
2025-12-06 02:34:32 INFO     Training average positive_fact_loss at step 28000: 0.299081
2025-12-06 02:34:32 INFO     Training average negative_fact_loss at step 28000: 0.276637
2025-12-06 02:34:32 INFO     Training average positive_rule_loss at step 28000: 1.608202
2025-12-06 02:34:32 INFO     Training average negative_rule_loss at step 28000: 2.210487
2025-12-06 02:34:32 INFO     Training average L_uncertainty at step 28000: 36.853200
2025-12-06 02:34:32 INFO     Training average L_kl at step 28000: 36559.829141
2025-12-06 02:34:32 INFO     Training average L_sigma at step 28000: 146.684581
2025-12-06 02:34:32 INFO     Training average mu_mean at step 28000: -1.400552
2025-12-06 02:34:32 INFO     Training average sigma_mean at step 28000: 0.134002
2025-12-06 02:34:32 INFO     Training average regularization at step 28000: 0.006260
2025-12-06 02:34:32 INFO     Training average loss at step 28000: 2.314024
2025-12-06 02:34:32 INFO     Evaluating on Valid Dataset...
2025-12-06 02:34:32 INFO     >>>>> RuleE emb: Evaluating on valid
2025-12-06 02:34:42 INFO     Data : 4274
2025-12-06 02:34:42 INFO     Hit1 : 0.542349
2025-12-06 02:34:42 INFO     Hit3 : 0.773046
2025-12-06 02:34:42 INFO     Hit10: 0.941975
2025-12-06 02:34:42 INFO     MR   : 3.388161
2025-12-06 02:34:42 INFO     MRR  : 0.679100
2025-12-06 02:35:38 INFO     Training average positive_fact_loss at step 28100: 0.299481
2025-12-06 02:35:38 INFO     Training average negative_fact_loss at step 28100: 0.276904
2025-12-06 02:35:38 INFO     Training average positive_rule_loss at step 28100: 1.606185
2025-12-06 02:35:38 INFO     Training average negative_rule_loss at step 28100: 2.212132
2025-12-06 02:35:38 INFO     Training average L_uncertainty at step 28100: 36.851310
2025-12-06 02:35:38 INFO     Training average L_kl at step 28100: 36556.903398
2025-12-06 02:35:38 INFO     Training average L_sigma at step 28100: 147.202320
2025-12-06 02:35:38 INFO     Training average mu_mean at step 28100: -1.398709
2025-12-06 02:35:38 INFO     Training average sigma_mean at step 28100: 0.134018
2025-12-06 02:35:38 INFO     Training average regularization at step 28100: 0.006260
2025-12-06 02:35:38 INFO     Training average loss at step 28100: 2.314166
2025-12-06 02:36:39 INFO     Training average positive_fact_loss at step 28200: 0.298719
2025-12-06 02:36:39 INFO     Training average negative_fact_loss at step 28200: 0.276808
2025-12-06 02:36:39 INFO     Training average positive_rule_loss at step 28200: 1.607454
2025-12-06 02:36:39 INFO     Training average negative_rule_loss at step 28200: 2.210625
2025-12-06 02:36:39 INFO     Training average L_uncertainty at step 28200: 36.856455
2025-12-06 02:36:39 INFO     Training average L_kl at step 28200: 36562.311641
2025-12-06 02:36:39 INFO     Training average L_sigma at step 28200: 147.071061
2025-12-06 02:36:39 INFO     Training average mu_mean at step 28200: -1.398051
2025-12-06 02:36:39 INFO     Training average sigma_mean at step 28200: 0.134015
2025-12-06 02:36:39 INFO     Training average regularization at step 28200: 0.006259
2025-12-06 02:36:39 INFO     Training average loss at step 28200: 2.313631
2025-12-06 02:37:35 INFO     Training average positive_fact_loss at step 28300: 0.299471
2025-12-06 02:37:35 INFO     Training average negative_fact_loss at step 28300: 0.276733
2025-12-06 02:37:35 INFO     Training average positive_rule_loss at step 28300: 1.604179
2025-12-06 02:37:35 INFO     Training average negative_rule_loss at step 28300: 2.214634
2025-12-06 02:37:35 INFO     Training average L_uncertainty at step 28300: 36.768241
2025-12-06 02:37:35 INFO     Training average L_kl at step 28300: 36473.793164
2025-12-06 02:37:35 INFO     Training average L_sigma at step 28300: 147.223005
2025-12-06 02:37:35 INFO     Training average mu_mean at step 28300: -1.391196
2025-12-06 02:37:35 INFO     Training average sigma_mean at step 28300: 0.134020
2025-12-06 02:37:35 INFO     Training average regularization at step 28300: 0.006260
2025-12-06 02:37:35 INFO     Training average loss at step 28300: 2.314074
2025-12-06 02:38:36 INFO     Training average positive_fact_loss at step 28400: 0.298014
2025-12-06 02:38:36 INFO     Training average negative_fact_loss at step 28400: 0.276971
2025-12-06 02:38:36 INFO     Training average positive_rule_loss at step 28400: 1.606571
2025-12-06 02:38:36 INFO     Training average negative_rule_loss at step 28400: 2.211762
2025-12-06 02:38:36 INFO     Training average L_uncertainty at step 28400: 36.839015
2025-12-06 02:38:36 INFO     Training average L_kl at step 28400: 36545.616875
2025-12-06 02:38:36 INFO     Training average L_sigma at step 28400: 146.698381
2025-12-06 02:38:36 INFO     Training average mu_mean at step 28400: -1.394634
2025-12-06 02:38:36 INFO     Training average sigma_mean at step 28400: 0.134005
2025-12-06 02:38:36 INFO     Training average regularization at step 28400: 0.006260
2025-12-06 02:38:36 INFO     Training average loss at step 28400: 2.313436
2025-12-06 02:39:32 INFO     Training average positive_fact_loss at step 28500: 0.300021
2025-12-06 02:39:32 INFO     Training average negative_fact_loss at step 28500: 0.276917
2025-12-06 02:39:32 INFO     Training average positive_rule_loss at step 28500: 1.611589
2025-12-06 02:39:32 INFO     Training average negative_rule_loss at step 28500: 2.206490
2025-12-06 02:39:32 INFO     Training average L_uncertainty at step 28500: 36.817989
2025-12-06 02:39:32 INFO     Training average L_kl at step 28500: 36522.295781
2025-12-06 02:39:32 INFO     Training average L_sigma at step 28500: 147.845826
2025-12-06 02:39:32 INFO     Training average mu_mean at step 28500: -1.394044
2025-12-06 02:39:32 INFO     Training average sigma_mean at step 28500: 0.134030
2025-12-06 02:39:32 INFO     Training average regularization at step 28500: 0.006258
2025-12-06 02:39:32 INFO     Training average loss at step 28500: 2.314221
2025-12-06 02:40:28 INFO     Training average positive_fact_loss at step 28600: 0.298496
2025-12-06 02:40:28 INFO     Training average negative_fact_loss at step 28600: 0.276946
2025-12-06 02:40:28 INFO     Training average positive_rule_loss at step 28600: 1.609824
2025-12-06 02:40:28 INFO     Training average negative_rule_loss at step 28600: 2.204780
2025-12-06 02:40:28 INFO     Training average L_uncertainty at step 28600: 36.870131
2025-12-06 02:40:28 INFO     Training average L_kl at step 28600: 36576.567148
2025-12-06 02:40:28 INFO     Training average L_sigma at step 28600: 146.780764
2025-12-06 02:40:28 INFO     Training average mu_mean at step 28600: -1.396326
2025-12-06 02:40:28 INFO     Training average sigma_mean at step 28600: 0.134008
2025-12-06 02:40:28 INFO     Training average regularization at step 28600: 0.006262
2025-12-06 02:40:28 INFO     Training average loss at step 28600: 2.311895
2025-12-06 02:41:19 INFO     Training average positive_fact_loss at step 28700: 0.299028
2025-12-06 02:41:19 INFO     Training average negative_fact_loss at step 28700: 0.276590
2025-12-06 02:41:19 INFO     Training average positive_rule_loss at step 28700: 1.608670
2025-12-06 02:41:19 INFO     Training average negative_rule_loss at step 28700: 2.203838
2025-12-06 02:41:19 INFO     Training average L_uncertainty at step 28700: 36.863602
2025-12-06 02:41:19 INFO     Training average L_kl at step 28700: 36570.141094
2025-12-06 02:41:19 INFO     Training average L_sigma at step 28700: 146.729378
2025-12-06 02:41:19 INFO     Training average mu_mean at step 28700: -1.391799
2025-12-06 02:41:19 INFO     Training average sigma_mean at step 28700: 0.134005
2025-12-06 02:41:19 INFO     Training average regularization at step 28700: 0.006262
2025-12-06 02:41:19 INFO     Training average loss at step 28700: 2.310916
2025-12-06 02:42:20 INFO     Training average positive_fact_loss at step 28800: 0.299102
2025-12-06 02:42:20 INFO     Training average negative_fact_loss at step 28800: 0.276840
2025-12-06 02:42:20 INFO     Training average positive_rule_loss at step 28800: 1.605105
2025-12-06 02:42:20 INFO     Training average negative_rule_loss at step 28800: 2.210789
2025-12-06 02:42:20 INFO     Training average L_uncertainty at step 28800: 36.805202
2025-12-06 02:42:20 INFO     Training average L_kl at step 28800: 36510.138320
2025-12-06 02:42:20 INFO     Training average L_sigma at step 28800: 147.531031
2025-12-06 02:42:20 INFO     Training average mu_mean at step 28800: -1.385127
2025-12-06 02:42:20 INFO     Training average sigma_mean at step 28800: 0.134028
2025-12-06 02:42:20 INFO     Training average regularization at step 28800: 0.006263
2025-12-06 02:42:20 INFO     Training average loss at step 28800: 2.312597
2025-12-06 02:43:17 INFO     Training average positive_fact_loss at step 28900: 0.299337
2025-12-06 02:43:17 INFO     Training average negative_fact_loss at step 28900: 0.276798
2025-12-06 02:43:17 INFO     Training average positive_rule_loss at step 28900: 1.605979
2025-12-06 02:43:17 INFO     Training average negative_rule_loss at step 28900: 2.205602
2025-12-06 02:43:17 INFO     Training average L_uncertainty at step 28900: 36.866064
2025-12-06 02:43:17 INFO     Training average L_kl at step 28900: 36572.340000
2025-12-06 02:43:17 INFO     Training average L_sigma at step 28900: 146.861481
2025-12-06 02:43:17 INFO     Training average mu_mean at step 28900: -1.386537
2025-12-06 02:43:17 INFO     Training average sigma_mean at step 28900: 0.134010
2025-12-06 02:43:17 INFO     Training average regularization at step 28900: 0.006261
2025-12-06 02:43:17 INFO     Training average loss at step 28900: 2.310718
2025-12-06 02:44:17 INFO     Training average positive_fact_loss at step 29000: 0.298867
2025-12-06 02:44:17 INFO     Training average negative_fact_loss at step 29000: 0.277030
2025-12-06 02:44:17 INFO     Training average positive_rule_loss at step 29000: 1.608821
2025-12-06 02:44:17 INFO     Training average negative_rule_loss at step 29000: 2.203822
2025-12-06 02:44:17 INFO     Training average L_uncertainty at step 29000: 36.844888
2025-12-06 02:44:17 INFO     Training average L_kl at step 29000: 36550.281680
2025-12-06 02:44:17 INFO     Training average L_sigma at step 29000: 147.302285
2025-12-06 02:44:17 INFO     Training average mu_mean at step 29000: -1.384393
2025-12-06 02:44:17 INFO     Training average sigma_mean at step 29000: 0.134022
2025-12-06 02:44:17 INFO     Training average regularization at step 29000: 0.006260
2025-12-06 02:44:17 INFO     Training average loss at step 29000: 2.311065
2025-12-06 02:44:17 INFO     Evaluating on Valid Dataset...
2025-12-06 02:44:17 INFO     >>>>> RuleE emb: Evaluating on valid
2025-12-06 02:44:27 INFO     Data : 4274
2025-12-06 02:44:27 INFO     Hit1 : 0.545157
2025-12-06 02:44:27 INFO     Hit3 : 0.772578
2025-12-06 02:44:27 INFO     Hit10: 0.941975
2025-12-06 02:44:27 INFO     MR   : 3.381142
2025-12-06 02:44:27 INFO     MRR  : 0.680960
2025-12-06 02:45:24 INFO     Training average positive_fact_loss at step 29100: 0.299214
2025-12-06 02:45:24 INFO     Training average negative_fact_loss at step 29100: 0.276817
2025-12-06 02:45:24 INFO     Training average positive_rule_loss at step 29100: 1.605555
2025-12-06 02:45:24 INFO     Training average negative_rule_loss at step 29100: 2.207671
2025-12-06 02:45:24 INFO     Training average L_uncertainty at step 29100: 36.828537
2025-12-06 02:45:24 INFO     Training average L_kl at step 29100: 36533.265078
2025-12-06 02:45:24 INFO     Training average L_sigma at step 29100: 147.635076
2025-12-06 02:45:24 INFO     Training average mu_mean at step 29100: -1.383662
2025-12-06 02:45:24 INFO     Training average sigma_mean at step 29100: 0.134031
2025-12-06 02:45:24 INFO     Training average regularization at step 29100: 0.006260
2025-12-06 02:45:24 INFO     Training average loss at step 29100: 2.311375
2025-12-06 02:46:24 INFO     Training average positive_fact_loss at step 29200: 0.298838
2025-12-06 02:46:24 INFO     Training average negative_fact_loss at step 29200: 0.276913
2025-12-06 02:46:24 INFO     Training average positive_rule_loss at step 29200: 1.602273
2025-12-06 02:46:24 INFO     Training average negative_rule_loss at step 29200: 2.212080
2025-12-06 02:46:24 INFO     Training average L_uncertainty at step 29200: 36.783697
2025-12-06 02:46:24 INFO     Training average L_kl at step 29200: 36489.360352
2025-12-06 02:46:24 INFO     Training average L_sigma at step 29200: 147.167294
2025-12-06 02:46:24 INFO     Training average mu_mean at step 29200: -1.377624
2025-12-06 02:46:24 INFO     Training average sigma_mean at step 29200: 0.134018
2025-12-06 02:46:24 INFO     Training average regularization at step 29200: 0.006264
2025-12-06 02:46:24 INFO     Training average loss at step 29200: 2.311667
2025-12-06 02:47:10 INFO     Training average positive_fact_loss at step 29300: 0.299151
2025-12-06 02:47:10 INFO     Training average negative_fact_loss at step 29300: 0.276619
2025-12-06 02:47:10 INFO     Training average positive_rule_loss at step 29300: 1.602818
2025-12-06 02:47:10 INFO     Training average negative_rule_loss at step 29300: 2.209753
2025-12-06 02:47:10 INFO     Training average L_uncertainty at step 29300: 36.827630
2025-12-06 02:47:10 INFO     Training average L_kl at step 29300: 36534.033281
2025-12-06 02:47:10 INFO     Training average L_sigma at step 29300: 146.797333
2025-12-06 02:47:10 INFO     Training average mu_mean at step 29300: -1.378213
2025-12-06 02:47:10 INFO     Training average sigma_mean at step 29300: 0.134008
2025-12-06 02:47:10 INFO     Training average regularization at step 29300: 0.006263
2025-12-06 02:47:10 INFO     Training average loss at step 29300: 2.310916
2025-12-06 02:48:11 INFO     Training average positive_fact_loss at step 29400: 0.298325
2025-12-06 02:48:11 INFO     Training average negative_fact_loss at step 29400: 0.276837
2025-12-06 02:48:11 INFO     Training average positive_rule_loss at step 29400: 1.604152
2025-12-06 02:48:11 INFO     Training average negative_rule_loss at step 29400: 2.207491
2025-12-06 02:48:11 INFO     Training average L_uncertainty at step 29400: 36.839422
2025-12-06 02:48:11 INFO     Training average L_kl at step 29400: 36544.745156
2025-12-06 02:48:11 INFO     Training average L_sigma at step 29400: 147.337657
2025-12-06 02:48:11 INFO     Training average mu_mean at step 29400: -1.376670
2025-12-06 02:48:11 INFO     Training average sigma_mean at step 29400: 0.134023
2025-12-06 02:48:11 INFO     Training average regularization at step 29400: 0.006264
2025-12-06 02:48:11 INFO     Training average loss at step 29400: 2.310185
2025-12-06 02:49:07 INFO     Training average positive_fact_loss at step 29500: 0.298857
2025-12-06 02:49:07 INFO     Training average negative_fact_loss at step 29500: 0.276557
2025-12-06 02:49:07 INFO     Training average positive_rule_loss at step 29500: 1.602574
2025-12-06 02:49:07 INFO     Training average negative_rule_loss at step 29500: 2.209982
2025-12-06 02:49:07 INFO     Training average L_uncertainty at step 29500: 36.791512
2025-12-06 02:49:07 INFO     Training average L_kl at step 29500: 36497.355273
2025-12-06 02:49:07 INFO     Training average L_sigma at step 29500: 147.077803
2025-12-06 02:49:07 INFO     Training average mu_mean at step 29500: -1.371685
2025-12-06 02:49:07 INFO     Training average sigma_mean at step 29500: 0.134017
2025-12-06 02:49:07 INFO     Training average regularization at step 29500: 0.006265
2025-12-06 02:49:07 INFO     Training average loss at step 29500: 2.310625
2025-12-06 02:50:07 INFO     Training average positive_fact_loss at step 29600: 0.298979
2025-12-06 02:50:07 INFO     Training average negative_fact_loss at step 29600: 0.276710
2025-12-06 02:50:07 INFO     Training average positive_rule_loss at step 29600: 1.606288
2025-12-06 02:50:07 INFO     Training average negative_rule_loss at step 29600: 2.203822
2025-12-06 02:50:07 INFO     Training average L_uncertainty at step 29600: 36.864266
2025-12-06 02:50:07 INFO     Training average L_kl at step 29600: 36570.565781
2025-12-06 02:50:07 INFO     Training average L_sigma at step 29600: 146.849302
2025-12-06 02:50:07 INFO     Training average mu_mean at step 29600: -1.377849
2025-12-06 02:50:07 INFO     Training average sigma_mean at step 29600: 0.134007
2025-12-06 02:50:07 INFO     Training average regularization at step 29600: 0.006265
2025-12-06 02:50:07 INFO     Training average loss at step 29600: 2.309758
2025-12-06 02:51:02 INFO     Training average positive_fact_loss at step 29700: 0.298765
2025-12-06 02:51:02 INFO     Training average negative_fact_loss at step 29700: 0.276848
2025-12-06 02:51:02 INFO     Training average positive_rule_loss at step 29700: 1.604230
2025-12-06 02:51:02 INFO     Training average negative_rule_loss at step 29700: 2.203692
2025-12-06 02:51:02 INFO     Training average L_uncertainty at step 29700: 36.826469
2025-12-06 02:51:02 INFO     Training average L_kl at step 29700: 36532.116562
2025-12-06 02:51:02 INFO     Training average L_sigma at step 29700: 147.175323
2025-12-06 02:51:02 INFO     Training average mu_mean at step 29700: -1.372391
2025-12-06 02:51:02 INFO     Training average sigma_mean at step 29700: 0.134019
2025-12-06 02:51:02 INFO     Training average regularization at step 29700: 0.006265
2025-12-06 02:51:02 INFO     Training average loss at step 29700: 2.308512
2025-12-06 02:52:03 INFO     Training average positive_fact_loss at step 29800: 0.299868
2025-12-06 02:52:03 INFO     Training average negative_fact_loss at step 29800: 0.276802
2025-12-06 02:52:03 INFO     Training average positive_rule_loss at step 29800: 1.603817
2025-12-06 02:52:03 INFO     Training average negative_rule_loss at step 29800: 2.207056
2025-12-06 02:52:03 INFO     Training average L_uncertainty at step 29800: 36.841337
2025-12-06 02:52:03 INFO     Training average L_kl at step 29800: 36546.561758
2025-12-06 02:52:03 INFO     Training average L_sigma at step 29800: 147.386613
2025-12-06 02:52:03 INFO     Training average mu_mean at step 29800: -1.370707
2025-12-06 02:52:03 INFO     Training average sigma_mean at step 29800: 0.134023
2025-12-06 02:52:03 INFO     Training average regularization at step 29800: 0.006267
2025-12-06 02:52:03 INFO     Training average loss at step 29800: 2.310563
2025-12-06 02:52:54 INFO     Training average positive_fact_loss at step 29900: 0.298522
2025-12-06 02:52:54 INFO     Training average negative_fact_loss at step 29900: 0.277075
2025-12-06 02:52:54 INFO     Training average positive_rule_loss at step 29900: 1.605724
2025-12-06 02:52:54 INFO     Training average negative_rule_loss at step 29900: 2.201689
2025-12-06 02:52:54 INFO     Training average L_uncertainty at step 29900: 36.870480
2025-12-06 02:52:54 INFO     Training average L_kl at step 29900: 36576.554297
2025-12-06 02:52:54 INFO     Training average L_sigma at step 29900: 146.962117
2025-12-06 02:52:54 INFO     Training average mu_mean at step 29900: -1.373052
2025-12-06 02:52:54 INFO     Training average sigma_mean at step 29900: 0.134012
2025-12-06 02:52:54 INFO     Training average regularization at step 29900: 0.006267
2025-12-06 02:52:54 INFO     Training average loss at step 29900: 2.308383
2025-12-06 02:53:50 INFO     Training average positive_fact_loss at step 30000: 0.299449
2025-12-06 02:53:50 INFO     Training average negative_fact_loss at step 30000: 0.276769
2025-12-06 02:53:50 INFO     Training average positive_rule_loss at step 30000: 1.604268
2025-12-06 02:53:50 INFO     Training average negative_rule_loss at step 30000: 2.201335
2025-12-06 02:53:50 INFO     Training average L_uncertainty at step 30000: 36.862190
2025-12-06 02:53:50 INFO     Training average L_kl at step 30000: 36568.010078
2025-12-06 02:53:50 INFO     Training average L_sigma at step 30000: 147.088708
2025-12-06 02:53:50 INFO     Training average mu_mean at step 30000: -1.369641
2025-12-06 02:53:50 INFO     Training average sigma_mean at step 30000: 0.134016
2025-12-06 02:53:50 INFO     Training average regularization at step 30000: 0.006267
2025-12-06 02:53:50 INFO     Training average loss at step 30000: 2.307764
2025-12-06 02:53:50 INFO     Evaluating on Valid Dataset...
2025-12-06 02:53:50 INFO     >>>>> RuleE emb: Evaluating on valid
2025-12-06 02:54:00 INFO     Data : 4274
2025-12-06 02:54:00 INFO     Hit1 : 0.540243
2025-12-06 02:54:00 INFO     Hit3 : 0.773982
2025-12-06 02:54:00 INFO     Hit10: 0.941273
2025-12-06 02:54:00 INFO     MR   : 3.387693
2025-12-06 02:54:00 INFO     MRR  : 0.678713
2025-12-06 02:54:56 INFO     Training average positive_fact_loss at step 30100: 0.298733
2025-12-06 02:54:56 INFO     Training average negative_fact_loss at step 30100: 0.276886
2025-12-06 02:54:56 INFO     Training average positive_rule_loss at step 30100: 1.603401
2025-12-06 02:54:56 INFO     Training average negative_rule_loss at step 30100: 2.204414
2025-12-06 02:54:56 INFO     Training average L_uncertainty at step 30100: 36.831987
2025-12-06 02:54:56 INFO     Training average L_kl at step 30100: 36537.166914
2025-12-06 02:54:56 INFO     Training average L_sigma at step 30100: 147.409412
2025-12-06 02:54:56 INFO     Training average mu_mean at step 30100: -1.365409
2025-12-06 02:54:56 INFO     Training average sigma_mean at step 30100: 0.134023
2025-12-06 02:54:56 INFO     Training average regularization at step 30100: 0.006267
2025-12-06 02:54:56 INFO     Training average loss at step 30100: 2.308480
2025-12-06 02:55:56 INFO     Training average positive_fact_loss at step 30200: 0.299483
2025-12-06 02:55:56 INFO     Training average negative_fact_loss at step 30200: 0.276772
2025-12-06 02:55:56 INFO     Training average positive_rule_loss at step 30200: 1.605523
2025-12-06 02:55:56 INFO     Training average negative_rule_loss at step 30200: 2.199623
2025-12-06 02:55:56 INFO     Training average L_uncertainty at step 30200: 36.809499
2025-12-06 02:55:56 INFO     Training average L_kl at step 30200: 36514.509883
2025-12-06 02:55:56 INFO     Training average L_sigma at step 30200: 147.493551
2025-12-06 02:55:56 INFO     Training average mu_mean at step 30200: -1.364121
2025-12-06 02:55:56 INFO     Training average sigma_mean at step 30200: 0.134027
2025-12-06 02:55:56 INFO     Training average regularization at step 30200: 0.006265
2025-12-06 02:55:56 INFO     Training average loss at step 30200: 2.307394
2025-12-06 02:56:52 INFO     Training average positive_fact_loss at step 30300: 0.298730
2025-12-06 02:56:52 INFO     Training average negative_fact_loss at step 30300: 0.276925
2025-12-06 02:56:52 INFO     Training average positive_rule_loss at step 30300: 1.601812
2025-12-06 02:56:52 INFO     Training average negative_rule_loss at step 30300: 2.204812
2025-12-06 02:56:52 INFO     Training average L_uncertainty at step 30300: 36.781206
2025-12-06 02:56:52 INFO     Training average L_kl at step 30300: 36486.400000
2025-12-06 02:56:52 INFO     Training average L_sigma at step 30300: 147.401960
2025-12-06 02:56:52 INFO     Training average mu_mean at step 30300: -1.358371
2025-12-06 02:56:52 INFO     Training average sigma_mean at step 30300: 0.134025
2025-12-06 02:56:52 INFO     Training average regularization at step 30300: 0.006264
2025-12-06 02:56:52 INFO     Training average loss at step 30300: 2.307747
2025-12-06 02:57:52 INFO     Training average positive_fact_loss at step 30400: 0.299701
2025-12-06 02:57:52 INFO     Training average negative_fact_loss at step 30400: 0.276743
2025-12-06 02:57:52 INFO     Training average positive_rule_loss at step 30400: 1.605853
2025-12-06 02:57:52 INFO     Training average negative_rule_loss at step 30400: 2.197879
2025-12-06 02:57:52 INFO     Training average L_uncertainty at step 30400: 36.918206
2025-12-06 02:57:52 INFO     Training average L_kl at step 30400: 36624.875234
2025-12-06 02:57:52 INFO     Training average L_sigma at step 30400: 146.664514
2025-12-06 02:57:52 INFO     Training average mu_mean at step 30400: -1.366704
2025-12-06 02:57:52 INFO     Training average sigma_mean at step 30400: 0.134004
2025-12-06 02:57:52 INFO     Training average regularization at step 30400: 0.006265
2025-12-06 02:57:52 INFO     Training average loss at step 30400: 2.307108
2025-12-06 02:58:48 INFO     Training average positive_fact_loss at step 30500: 0.298934
2025-12-06 02:58:48 INFO     Training average negative_fact_loss at step 30500: 0.276712
2025-12-06 02:58:48 INFO     Training average positive_rule_loss at step 30500: 1.600324
2025-12-06 02:58:48 INFO     Training average negative_rule_loss at step 30500: 2.205494
2025-12-06 02:58:48 INFO     Training average L_uncertainty at step 30500: 36.812263
2025-12-06 02:58:48 INFO     Training average L_kl at step 30500: 36517.568359
2025-12-06 02:58:48 INFO     Training average L_sigma at step 30500: 147.346487
2025-12-06 02:58:48 INFO     Training average mu_mean at step 30500: -1.356661
2025-12-06 02:58:48 INFO     Training average sigma_mean at step 30500: 0.134022
2025-12-06 02:58:48 INFO     Training average regularization at step 30500: 0.006263
2025-12-06 02:58:48 INFO     Training average loss at step 30500: 2.307432
2025-12-06 02:59:39 INFO     Training average positive_fact_loss at step 30600: 0.298779
2025-12-06 02:59:39 INFO     Training average negative_fact_loss at step 30600: 0.276881
2025-12-06 02:59:39 INFO     Training average positive_rule_loss at step 30600: 1.603118
2025-12-06 02:59:39 INFO     Training average negative_rule_loss at step 30600: 2.203352
2025-12-06 02:59:39 INFO     Training average L_uncertainty at step 30600: 36.795028
2025-12-06 02:59:39 INFO     Training average L_kl at step 30600: 36501.171836
2025-12-06 02:59:39 INFO     Training average L_sigma at step 30600: 146.927553
2025-12-06 02:59:39 INFO     Training average mu_mean at step 30600: -1.356085
2025-12-06 02:59:39 INFO     Training average sigma_mean at step 30600: 0.134011
2025-12-06 02:59:39 INFO     Training average regularization at step 30600: 0.006265
2025-12-06 02:59:39 INFO     Training average loss at step 30600: 2.307714
2025-12-06 03:00:36 INFO     Training average positive_fact_loss at step 30700: 0.298798
2025-12-06 03:00:36 INFO     Training average negative_fact_loss at step 30700: 0.276840
2025-12-06 03:00:36 INFO     Training average positive_rule_loss at step 30700: 1.603494
2025-12-06 03:00:36 INFO     Training average negative_rule_loss at step 30700: 2.199664
2025-12-06 03:00:36 INFO     Training average L_uncertainty at step 30700: 36.861522
2025-12-06 03:00:36 INFO     Training average L_kl at step 30700: 36566.329141
2025-12-06 03:00:36 INFO     Training average L_sigma at step 30700: 147.595467
2025-12-06 03:00:36 INFO     Training average mu_mean at step 30700: -1.358647
2025-12-06 03:00:36 INFO     Training average sigma_mean at step 30700: 0.134027
2025-12-06 03:00:36 INFO     Training average regularization at step 30700: 0.006266
2025-12-06 03:00:36 INFO     Training average loss at step 30700: 2.306249
2025-12-06 03:01:36 INFO     Training average positive_fact_loss at step 30800: 0.298734
2025-12-06 03:01:36 INFO     Training average negative_fact_loss at step 30800: 0.276816
2025-12-06 03:01:36 INFO     Training average positive_rule_loss at step 30800: 1.603281
2025-12-06 03:01:36 INFO     Training average negative_rule_loss at step 30800: 2.197430
2025-12-06 03:01:36 INFO     Training average L_uncertainty at step 30800: 36.830426
2025-12-06 03:01:36 INFO     Training average L_kl at step 30800: 36535.991719
2025-12-06 03:01:36 INFO     Training average L_sigma at step 30800: 147.216389
2025-12-06 03:01:36 INFO     Training average mu_mean at step 30800: -1.353249
2025-12-06 03:01:36 INFO     Training average sigma_mean at step 30800: 0.134020
2025-12-06 03:01:36 INFO     Training average regularization at step 30800: 0.006266
2025-12-06 03:01:36 INFO     Training average loss at step 30800: 2.304889
2025-12-06 03:02:32 INFO     Training average positive_fact_loss at step 30900: 0.298835
2025-12-06 03:02:32 INFO     Training average negative_fact_loss at step 30900: 0.276691
2025-12-06 03:02:32 INFO     Training average positive_rule_loss at step 30900: 1.606013
2025-12-06 03:02:32 INFO     Training average negative_rule_loss at step 30900: 2.195848
2025-12-06 03:02:32 INFO     Training average L_uncertainty at step 30900: 36.858421
2025-12-06 03:02:32 INFO     Training average L_kl at step 30900: 36563.273867
2025-12-06 03:02:32 INFO     Training average L_sigma at step 30900: 147.572771
2025-12-06 03:02:32 INFO     Training average mu_mean at step 30900: -1.354627
2025-12-06 03:02:32 INFO     Training average sigma_mean at step 30900: 0.134026
2025-12-06 03:02:32 INFO     Training average regularization at step 30900: 0.006268
2025-12-06 03:02:32 INFO     Training average loss at step 30900: 2.305537
2025-12-06 03:03:32 INFO     Training average positive_fact_loss at step 31000: 0.299419
2025-12-06 03:03:32 INFO     Training average negative_fact_loss at step 31000: 0.276740
2025-12-06 03:03:32 INFO     Training average positive_rule_loss at step 31000: 1.602963
2025-12-06 03:03:32 INFO     Training average negative_rule_loss at step 31000: 2.198264
2025-12-06 03:03:32 INFO     Training average L_uncertainty at step 31000: 36.826951
2025-12-06 03:03:32 INFO     Training average L_kl at step 31000: 36532.365742
2025-12-06 03:03:32 INFO     Training average L_sigma at step 31000: 147.291570
2025-12-06 03:03:32 INFO     Training average mu_mean at step 31000: -1.350308
2025-12-06 03:03:32 INFO     Training average sigma_mean at step 31000: 0.134023
2025-12-06 03:03:32 INFO     Training average regularization at step 31000: 0.006268
2025-12-06 03:03:32 INFO     Training average loss at step 31000: 2.305442
2025-12-06 03:03:32 INFO     Evaluating on Valid Dataset...
2025-12-06 03:03:32 INFO     >>>>> RuleE emb: Evaluating on valid
2025-12-06 03:03:42 INFO     Data : 4274
2025-12-06 03:03:42 INFO     Hit1 : 0.541179
2025-12-06 03:03:42 INFO     Hit3 : 0.773046
2025-12-06 03:03:42 INFO     Hit10: 0.940571
2025-12-06 03:03:42 INFO     MR   : 3.393776
2025-12-06 03:03:42 INFO     MRR  : 0.678481
2025-12-06 03:04:38 INFO     Training average positive_fact_loss at step 31100: 0.299132
2025-12-06 03:04:38 INFO     Training average negative_fact_loss at step 31100: 0.276988
2025-12-06 03:04:38 INFO     Training average positive_rule_loss at step 31100: 1.602959
2025-12-06 03:04:38 INFO     Training average negative_rule_loss at step 31100: 2.197124
2025-12-06 03:04:38 INFO     Training average L_uncertainty at step 31100: 36.874606
2025-12-06 03:04:38 INFO     Training average L_kl at step 31100: 36580.688320
2025-12-06 03:04:38 INFO     Training average L_sigma at step 31100: 146.958002
2025-12-06 03:04:38 INFO     Training average mu_mean at step 31100: -1.351313
2025-12-06 03:04:38 INFO     Training average sigma_mean at step 31100: 0.134013
2025-12-06 03:04:38 INFO     Training average regularization at step 31100: 0.006269
2025-12-06 03:04:38 INFO     Training average loss at step 31100: 2.304994
2025-12-06 03:05:33 INFO     Training average positive_fact_loss at step 31200: 0.298642
2025-12-06 03:05:33 INFO     Training average negative_fact_loss at step 31200: 0.276712
2025-12-06 03:05:33 INFO     Training average positive_rule_loss at step 31200: 1.599713
2025-12-06 03:05:33 INFO     Training average negative_rule_loss at step 31200: 2.202213
2025-12-06 03:05:33 INFO     Training average L_uncertainty at step 31200: 36.799931
2025-12-06 03:05:33 INFO     Training average L_kl at step 31200: 36505.589180
2025-12-06 03:05:33 INFO     Training average L_sigma at step 31200: 147.170133
2025-12-06 03:05:33 INFO     Training average mu_mean at step 31200: -1.344777
2025-12-06 03:05:33 INFO     Training average sigma_mean at step 31200: 0.134019
2025-12-06 03:05:33 INFO     Training average regularization at step 31200: 0.006269
2025-12-06 03:05:33 INFO     Training average loss at step 31200: 2.305310
2025-12-06 03:06:25 INFO     Training average positive_fact_loss at step 31300: 0.299285
2025-12-06 03:06:25 INFO     Training average negative_fact_loss at step 31300: 0.276801
2025-12-06 03:06:25 INFO     Training average positive_rule_loss at step 31300: 1.606382
2025-12-06 03:06:25 INFO     Training average negative_rule_loss at step 31300: 2.191468
2025-12-06 03:06:25 INFO     Training average L_uncertainty at step 31300: 36.911688
2025-12-06 03:06:25 INFO     Training average L_kl at step 31300: 36616.598164
2025-12-06 03:06:25 INFO     Training average L_sigma at step 31300: 147.544257
2025-12-06 03:06:25 INFO     Training average mu_mean at step 31300: -1.351082
2025-12-06 03:06:25 INFO     Training average sigma_mean at step 31300: 0.134027
2025-12-06 03:06:25 INFO     Training average regularization at step 31300: 0.006270
2025-12-06 03:06:25 INFO     Training average loss at step 31300: 2.303973
2025-12-06 03:07:25 INFO     Training average positive_fact_loss at step 31400: 0.298805
2025-12-06 03:07:25 INFO     Training average negative_fact_loss at step 31400: 0.276881
2025-12-06 03:07:25 INFO     Training average positive_rule_loss at step 31400: 1.600774
2025-12-06 03:07:25 INFO     Training average negative_rule_loss at step 31400: 2.200947
2025-12-06 03:07:25 INFO     Training average L_uncertainty at step 31400: 36.792352
2025-12-06 03:07:25 INFO     Training average L_kl at step 31400: 36498.255078
2025-12-06 03:07:25 INFO     Training average L_sigma at step 31400: 147.047622
2025-12-06 03:07:25 INFO     Training average mu_mean at step 31400: -1.341810
2025-12-06 03:07:25 INFO     Training average sigma_mean at step 31400: 0.134016
2025-12-06 03:07:25 INFO     Training average regularization at step 31400: 0.006269
2025-12-06 03:07:25 INFO     Training average loss at step 31400: 2.305350
2025-12-06 03:08:21 INFO     Training average positive_fact_loss at step 31500: 0.299096
2025-12-06 03:08:21 INFO     Training average negative_fact_loss at step 31500: 0.276846
2025-12-06 03:08:21 INFO     Training average positive_rule_loss at step 31500: 1.605430
2025-12-06 03:08:21 INFO     Training average negative_rule_loss at step 31500: 2.193078
2025-12-06 03:08:21 INFO     Training average L_uncertainty at step 31500: 36.857546
2025-12-06 03:08:21 INFO     Training average L_kl at step 31500: 36563.281797
2025-12-06 03:08:21 INFO     Training average L_sigma at step 31500: 147.131282
2025-12-06 03:08:21 INFO     Training average mu_mean at step 31500: -1.345353
2025-12-06 03:08:21 INFO     Training average sigma_mean at step 31500: 0.134017
2025-12-06 03:08:21 INFO     Training average regularization at step 31500: 0.006270
2025-12-06 03:08:21 INFO     Training average loss at step 31500: 2.304067
2025-12-06 03:09:21 INFO     Training average positive_fact_loss at step 31600: 0.299180
2025-12-06 03:09:21 INFO     Training average negative_fact_loss at step 31600: 0.276813
2025-12-06 03:09:21 INFO     Training average positive_rule_loss at step 31600: 1.602793
2025-12-06 03:09:21 INFO     Training average negative_rule_loss at step 31600: 2.194814
2025-12-06 03:09:21 INFO     Training average L_uncertainty at step 31600: 36.893192
2025-12-06 03:09:21 INFO     Training average L_kl at step 31600: 36597.907461
2025-12-06 03:09:21 INFO     Training average L_sigma at step 31600: 147.641446
2025-12-06 03:09:21 INFO     Training average mu_mean at step 31600: -1.344442
2025-12-06 03:09:21 INFO     Training average sigma_mean at step 31600: 0.134030
2025-12-06 03:09:21 INFO     Training average regularization at step 31600: 0.006270
2025-12-06 03:09:21 INFO     Training average loss at step 31600: 2.303750
2025-12-06 03:10:17 INFO     Training average positive_fact_loss at step 31700: 0.298511
2025-12-06 03:10:17 INFO     Training average negative_fact_loss at step 31700: 0.276832
2025-12-06 03:10:17 INFO     Training average positive_rule_loss at step 31700: 1.601807
2025-12-06 03:10:17 INFO     Training average negative_rule_loss at step 31700: 2.195933
2025-12-06 03:10:17 INFO     Training average L_uncertainty at step 31700: 36.841937
2025-12-06 03:10:17 INFO     Training average L_kl at step 31700: 36547.606797
2025-12-06 03:10:17 INFO     Training average L_sigma at step 31700: 147.164094
2025-12-06 03:10:17 INFO     Training average mu_mean at step 31700: -1.339389
2025-12-06 03:10:17 INFO     Training average sigma_mean at step 31700: 0.134017
2025-12-06 03:10:17 INFO     Training average regularization at step 31700: 0.006270
2025-12-06 03:10:17 INFO     Training average loss at step 31700: 2.303336
2025-12-06 03:11:17 INFO     Training average positive_fact_loss at step 31800: 0.298711
2025-12-06 03:11:17 INFO     Training average negative_fact_loss at step 31800: 0.276704
2025-12-06 03:11:17 INFO     Training average positive_rule_loss at step 31800: 1.607863
2025-12-06 03:11:17 INFO     Training average negative_rule_loss at step 31800: 2.187747
2025-12-06 03:11:17 INFO     Training average L_uncertainty at step 31800: 36.863327
2025-12-06 03:11:17 INFO     Training average L_kl at step 31800: 36567.939102
2025-12-06 03:11:17 INFO     Training average L_sigma at step 31800: 147.693140
2025-12-06 03:11:17 INFO     Training average mu_mean at step 31800: -1.340612
2025-12-06 03:11:17 INFO     Training average sigma_mean at step 31800: 0.134030
2025-12-06 03:11:17 INFO     Training average regularization at step 31800: 0.006271
2025-12-06 03:11:17 INFO     Training average loss at step 31800: 2.302373
2025-12-06 03:12:04 INFO     Training average positive_fact_loss at step 31900: 0.299372
2025-12-06 03:12:04 INFO     Training average negative_fact_loss at step 31900: 0.276776
2025-12-06 03:12:04 INFO     Training average positive_rule_loss at step 31900: 1.602973
2025-12-06 03:12:04 INFO     Training average negative_rule_loss at step 31900: 2.192396
2025-12-06 03:12:04 INFO     Training average L_uncertainty at step 31900: 36.879714
2025-12-06 03:12:04 INFO     Training average L_kl at step 31900: 36586.590039
2025-12-06 03:12:04 INFO     Training average L_sigma at step 31900: 146.561313
2025-12-06 03:12:04 INFO     Training average mu_mean at step 31900: -1.339421
2025-12-06 03:12:04 INFO     Training average sigma_mean at step 31900: 0.134002
2025-12-06 03:12:04 INFO     Training average regularization at step 31900: 0.006272
2025-12-06 03:12:04 INFO     Training average loss at step 31900: 2.302669
2025-12-06 03:13:04 INFO     Training average positive_fact_loss at step 32000: 0.298834
2025-12-06 03:13:04 INFO     Training average negative_fact_loss at step 32000: 0.276590
2025-12-06 03:13:04 INFO     Training average positive_rule_loss at step 32000: 1.603565
2025-12-06 03:13:04 INFO     Training average negative_rule_loss at step 32000: 2.192188
2025-12-06 03:13:04 INFO     Training average L_uncertainty at step 32000: 36.902979
2025-12-06 03:13:04 INFO     Training average L_kl at step 32000: 36608.505625
2025-12-06 03:13:04 INFO     Training average L_sigma at step 32000: 147.235975
2025-12-06 03:13:04 INFO     Training average mu_mean at step 32000: -1.338112
2025-12-06 03:13:04 INFO     Training average sigma_mean at step 32000: 0.134021
2025-12-06 03:13:04 INFO     Training average regularization at step 32000: 0.006271
2025-12-06 03:13:04 INFO     Training average loss at step 32000: 2.302568
2025-12-06 03:13:04 INFO     Evaluating on Valid Dataset...
2025-12-06 03:13:04 INFO     >>>>> RuleE emb: Evaluating on valid
2025-12-06 03:13:14 INFO     Data : 4274
2025-12-06 03:13:14 INFO     Hit1 : 0.540711
2025-12-06 03:13:14 INFO     Hit3 : 0.775152
2025-12-06 03:13:14 INFO     Hit10: 0.940571
2025-12-06 03:13:14 INFO     MR   : 3.394478
2025-12-06 03:13:14 INFO     MRR  : 0.678423
2025-12-06 03:14:10 INFO     Training average positive_fact_loss at step 32100: 0.298921
2025-12-06 03:14:10 INFO     Training average negative_fact_loss at step 32100: 0.277006
2025-12-06 03:14:10 INFO     Training average positive_rule_loss at step 32100: 1.602751
2025-12-06 03:14:10 INFO     Training average negative_rule_loss at step 32100: 2.190110
2025-12-06 03:14:10 INFO     Training average L_uncertainty at step 32100: 36.883688
2025-12-06 03:14:10 INFO     Training average L_kl at step 32100: 36589.502852
2025-12-06 03:14:10 INFO     Training average L_sigma at step 32100: 147.091514
2025-12-06 03:14:10 INFO     Training average mu_mean at step 32100: -1.334962
2025-12-06 03:14:10 INFO     Training average sigma_mean at step 32100: 0.134017
2025-12-06 03:14:10 INFO     Training average regularization at step 32100: 0.006272
2025-12-06 03:14:10 INFO     Training average loss at step 32100: 2.301317
2025-12-06 03:15:10 INFO     Training average positive_fact_loss at step 32200: 0.299089
2025-12-06 03:15:10 INFO     Training average negative_fact_loss at step 32200: 0.276584
2025-12-06 03:15:10 INFO     Training average positive_rule_loss at step 32200: 1.599907
2025-12-06 03:15:10 INFO     Training average negative_rule_loss at step 32200: 2.195752
2025-12-06 03:15:10 INFO     Training average L_uncertainty at step 32200: 36.848498
2025-12-06 03:15:10 INFO     Training average L_kl at step 32200: 36554.427891
2025-12-06 03:15:10 INFO     Training average L_sigma at step 32200: 147.033958
2025-12-06 03:15:10 INFO     Training average mu_mean at step 32200: -1.329421
2025-12-06 03:15:10 INFO     Training average sigma_mean at step 32200: 0.134015
2025-12-06 03:15:10 INFO     Training average regularization at step 32200: 0.006270
2025-12-06 03:15:10 INFO     Training average loss at step 32200: 2.302481
2025-12-06 03:16:06 INFO     Training average positive_fact_loss at step 32300: 0.299056
2025-12-06 03:16:06 INFO     Training average negative_fact_loss at step 32300: 0.276967
2025-12-06 03:16:06 INFO     Training average positive_rule_loss at step 32300: 1.602306
2025-12-06 03:16:06 INFO     Training average negative_rule_loss at step 32300: 2.191877
2025-12-06 03:16:06 INFO     Training average L_uncertainty at step 32300: 36.864652
2025-12-06 03:16:06 INFO     Training average L_kl at step 32300: 36570.276680
2025-12-06 03:16:06 INFO     Training average L_sigma at step 32300: 147.187004
2025-12-06 03:16:06 INFO     Training average mu_mean at step 32300: -1.329719
2025-12-06 03:16:06 INFO     Training average sigma_mean at step 32300: 0.134019
2025-12-06 03:16:06 INFO     Training average regularization at step 32300: 0.006270
2025-12-06 03:16:06 INFO     Training average loss at step 32300: 2.301968
2025-12-06 03:17:06 INFO     Training average positive_fact_loss at step 32400: 0.299325
2025-12-06 03:17:06 INFO     Training average negative_fact_loss at step 32400: 0.276508
2025-12-06 03:17:06 INFO     Training average positive_rule_loss at step 32400: 1.599047
2025-12-06 03:17:06 INFO     Training average negative_rule_loss at step 32400: 2.194375
2025-12-06 03:17:06 INFO     Training average L_uncertainty at step 32400: 36.814408
2025-12-06 03:17:06 INFO     Training average L_kl at step 32400: 36519.854922
2025-12-06 03:17:06 INFO     Training average L_sigma at step 32400: 147.275747
2025-12-06 03:17:06 INFO     Training average mu_mean at step 32400: -1.325334
2025-12-06 03:17:06 INFO     Training average sigma_mean at step 32400: 0.134021
2025-12-06 03:17:06 INFO     Training average regularization at step 32400: 0.006272
2025-12-06 03:17:06 INFO     Training average loss at step 32400: 2.301342
2025-12-06 03:17:57 INFO     Training average positive_fact_loss at step 32500: 0.298667
2025-12-06 03:17:57 INFO     Training average negative_fact_loss at step 32500: 0.276908
2025-12-06 03:17:57 INFO     Training average positive_rule_loss at step 32500: 1.602764
2025-12-06 03:17:57 INFO     Training average negative_rule_loss at step 32500: 2.187876
2025-12-06 03:17:57 INFO     Training average L_uncertainty at step 32500: 36.894061
2025-12-06 03:17:57 INFO     Training average L_kl at step 32500: 36599.750938
2025-12-06 03:17:57 INFO     Training average L_sigma at step 32500: 147.154187
2025-12-06 03:17:57 INFO     Training average mu_mean at step 32500: -1.328632
2025-12-06 03:17:57 INFO     Training average sigma_mean at step 32500: 0.134018
2025-12-06 03:17:57 INFO     Training average regularization at step 32500: 0.006272
2025-12-06 03:17:57 INFO     Training average loss at step 32500: 2.300062
2025-12-06 03:18:53 INFO     Training average positive_fact_loss at step 32600: 0.298774
2025-12-06 03:18:53 INFO     Training average negative_fact_loss at step 32600: 0.276809
2025-12-06 03:18:53 INFO     Training average positive_rule_loss at step 32600: 1.601929
2025-12-06 03:18:53 INFO     Training average negative_rule_loss at step 32600: 2.189626
2025-12-06 03:18:53 INFO     Training average L_uncertainty at step 32600: 36.892776
2025-12-06 03:18:53 INFO     Training average L_kl at step 32600: 36597.907773
2025-12-06 03:18:53 INFO     Training average L_sigma at step 32600: 147.433329
2025-12-06 03:18:53 INFO     Training average mu_mean at step 32600: -1.327000
2025-12-06 03:18:53 INFO     Training average sigma_mean at step 32600: 0.134026
2025-12-06 03:18:53 INFO     Training average regularization at step 32600: 0.006274
2025-12-06 03:18:53 INFO     Training average loss at step 32600: 2.300521
2025-12-06 03:19:49 INFO     Training average positive_fact_loss at step 32700: 0.299365
2025-12-06 03:19:49 INFO     Training average negative_fact_loss at step 32700: 0.276711
2025-12-06 03:19:49 INFO     Training average positive_rule_loss at step 32700: 1.601113
2025-12-06 03:19:49 INFO     Training average negative_rule_loss at step 32700: 2.190604
2025-12-06 03:19:49 INFO     Training average L_uncertainty at step 32700: 36.880517
2025-12-06 03:19:49 INFO     Training average L_kl at step 32700: 36586.021289
2025-12-06 03:19:49 INFO     Training average L_sigma at step 32700: 147.246978
2025-12-06 03:19:49 INFO     Training average mu_mean at step 32700: -1.323031
2025-12-06 03:19:49 INFO     Training average sigma_mean at step 32700: 0.134018
2025-12-06 03:19:49 INFO     Training average regularization at step 32700: 0.006275
2025-12-06 03:19:49 INFO     Training average loss at step 32700: 2.300813
2025-12-06 03:20:51 INFO     Training average positive_fact_loss at step 32800: 0.298784
2025-12-06 03:20:51 INFO     Training average negative_fact_loss at step 32800: 0.276842
2025-12-06 03:20:51 INFO     Training average positive_rule_loss at step 32800: 1.609400
2025-12-06 03:20:51 INFO     Training average negative_rule_loss at step 32800: 2.178595
2025-12-06 03:20:51 INFO     Training average L_uncertainty at step 32800: 36.925713
2025-12-06 03:20:51 INFO     Training average L_kl at step 32800: 36631.444023
2025-12-06 03:20:51 INFO     Training average L_sigma at step 32800: 147.133797
2025-12-06 03:20:51 INFO     Training average mu_mean at step 32800: -1.324523
2025-12-06 03:20:51 INFO     Training average sigma_mean at step 32800: 0.134017
2025-12-06 03:20:51 INFO     Training average regularization at step 32800: 0.006271
2025-12-06 03:20:51 INFO     Training average loss at step 32800: 2.298859
2025-12-06 03:21:48 INFO     Training average positive_fact_loss at step 32900: 0.299027
2025-12-06 03:21:48 INFO     Training average negative_fact_loss at step 32900: 0.276586
2025-12-06 03:21:48 INFO     Training average positive_rule_loss at step 32900: 1.602880
2025-12-06 03:21:48 INFO     Training average negative_rule_loss at step 32900: 2.185230
2025-12-06 03:21:48 INFO     Training average L_uncertainty at step 32900: 36.928446
2025-12-06 03:21:48 INFO     Training average L_kl at step 32900: 36634.042539
2025-12-06 03:21:48 INFO     Training average L_sigma at step 32900: 147.200709
2025-12-06 03:21:48 INFO     Training average mu_mean at step 32900: -1.325397
2025-12-06 03:21:48 INFO     Training average sigma_mean at step 32900: 0.134019
2025-12-06 03:21:48 INFO     Training average regularization at step 32900: 0.006270
2025-12-06 03:21:48 INFO     Training average loss at step 32900: 2.298917
2025-12-06 03:22:50 INFO     Training average positive_fact_loss at step 33000: 0.298330
2025-12-06 03:22:50 INFO     Training average negative_fact_loss at step 33000: 0.277011
2025-12-06 03:22:50 INFO     Training average positive_rule_loss at step 33000: 1.598945
2025-12-06 03:22:50 INFO     Training average negative_rule_loss at step 33000: 2.192659
2025-12-06 03:22:50 INFO     Training average L_uncertainty at step 33000: 36.853476
2025-12-06 03:22:50 INFO     Training average L_kl at step 33000: 36558.612578
2025-12-06 03:22:50 INFO     Training average L_sigma at step 33000: 147.430928
2025-12-06 03:22:50 INFO     Training average mu_mean at step 33000: -1.317850
2025-12-06 03:22:50 INFO     Training average sigma_mean at step 33000: 0.134024
2025-12-06 03:22:50 INFO     Training average regularization at step 33000: 0.006272
2025-12-06 03:22:50 INFO     Training average loss at step 33000: 2.300305
2025-12-06 03:22:50 INFO     Evaluating on Valid Dataset...
2025-12-06 03:22:50 INFO     >>>>> RuleE emb: Evaluating on valid
2025-12-06 03:23:01 INFO     Data : 4274
2025-12-06 03:23:01 INFO     Hit1 : 0.538606
2025-12-06 03:23:01 INFO     Hit3 : 0.772578
2025-12-06 03:23:01 INFO     Hit10: 0.941741
2025-12-06 03:23:01 INFO     MR   : 3.397286
2025-12-06 03:23:01 INFO     MRR  : 0.677369
2025-12-06 03:23:59 INFO     Training average positive_fact_loss at step 33100: 0.299456
2025-12-06 03:23:59 INFO     Training average negative_fact_loss at step 33100: 0.276689
2025-12-06 03:23:59 INFO     Training average positive_rule_loss at step 33100: 1.599599
2025-12-06 03:23:59 INFO     Training average negative_rule_loss at step 33100: 2.190117
2025-12-06 03:23:59 INFO     Training average L_uncertainty at step 33100: 36.840878
2025-12-06 03:23:59 INFO     Training average L_kl at step 33100: 36547.322578
2025-12-06 03:23:59 INFO     Training average L_sigma at step 33100: 146.776891
2025-12-06 03:23:59 INFO     Training average mu_mean at step 33100: -1.313774
2025-12-06 03:23:59 INFO     Training average sigma_mean at step 33100: 0.134008
2025-12-06 03:23:59 INFO     Training average regularization at step 33100: 0.006273
2025-12-06 03:23:59 INFO     Training average loss at step 33100: 2.299726
2025-12-06 03:24:53 INFO     Training average positive_fact_loss at step 33200: 0.299035
2025-12-06 03:24:53 INFO     Training average negative_fact_loss at step 33200: 0.276754
2025-12-06 03:24:53 INFO     Training average positive_rule_loss at step 33200: 1.604852
2025-12-06 03:24:53 INFO     Training average negative_rule_loss at step 33200: 2.183484
2025-12-06 03:24:53 INFO     Training average L_uncertainty at step 33200: 36.865653
2025-12-06 03:24:53 INFO     Training average L_kl at step 33200: 36570.277500
2025-12-06 03:24:53 INFO     Training average L_sigma at step 33200: 147.686891
2025-12-06 03:24:53 INFO     Training average mu_mean at step 33200: -1.314815
2025-12-06 03:24:53 INFO     Training average sigma_mean at step 33200: 0.134033
2025-12-06 03:24:53 INFO     Training average regularization at step 33200: 0.006273
2025-12-06 03:24:53 INFO     Training average loss at step 33200: 2.298933
2025-12-06 03:25:52 INFO     Training average positive_fact_loss at step 33300: 0.298811
2025-12-06 03:25:52 INFO     Training average negative_fact_loss at step 33300: 0.276879
2025-12-06 03:25:52 INFO     Training average positive_rule_loss at step 33300: 1.601946
2025-12-06 03:25:52 INFO     Training average negative_rule_loss at step 33300: 2.185463
2025-12-06 03:25:52 INFO     Training average L_uncertainty at step 33300: 36.901955
2025-12-06 03:25:52 INFO     Training average L_kl at step 33300: 36606.906602
2025-12-06 03:25:52 INFO     Training average L_sigma at step 33300: 147.523146
2025-12-06 03:25:52 INFO     Training average mu_mean at step 33300: -1.318169
2025-12-06 03:25:52 INFO     Training average sigma_mean at step 33300: 0.134027
2025-12-06 03:25:52 INFO     Training average regularization at step 33300: 0.006272
2025-12-06 03:25:52 INFO     Training average loss at step 33300: 2.298528
2025-12-06 03:26:53 INFO     Training average positive_fact_loss at step 33400: 0.299144
2025-12-06 03:26:53 INFO     Training average negative_fact_loss at step 33400: 0.276747
2025-12-06 03:26:53 INFO     Training average positive_rule_loss at step 33400: 1.606307
2025-12-06 03:26:53 INFO     Training average negative_rule_loss at step 33400: 2.180671
2025-12-06 03:26:53 INFO     Training average L_uncertainty at step 33400: 36.866424
2025-12-06 03:26:53 INFO     Training average L_kl at step 33400: 36570.424648
2025-12-06 03:26:53 INFO     Training average L_sigma at step 33400: 147.998943
2025-12-06 03:26:53 INFO     Training average mu_mean at step 33400: -1.312391
2025-12-06 03:26:53 INFO     Training average sigma_mean at step 33400: 0.134039
2025-12-06 03:26:53 INFO     Training average regularization at step 33400: 0.006274
2025-12-06 03:26:53 INFO     Training average loss at step 33400: 2.298307
2025-12-06 03:27:49 INFO     Training average positive_fact_loss at step 33500: 0.298540
2025-12-06 03:27:49 INFO     Training average negative_fact_loss at step 33500: 0.276792
2025-12-06 03:27:49 INFO     Training average positive_rule_loss at step 33500: 1.601436
2025-12-06 03:27:49 INFO     Training average negative_rule_loss at step 33500: 2.183627
2025-12-06 03:27:49 INFO     Training average L_uncertainty at step 33500: 36.906722
2025-12-06 03:27:49 INFO     Training average L_kl at step 33500: 36612.101445
2025-12-06 03:27:49 INFO     Training average L_sigma at step 33500: 147.309505
2025-12-06 03:27:49 INFO     Training average mu_mean at step 33500: -1.313223
2025-12-06 03:27:49 INFO     Training average sigma_mean at step 33500: 0.134021
2025-12-06 03:27:49 INFO     Training average regularization at step 33500: 0.006276
2025-12-06 03:27:49 INFO     Training average loss at step 33500: 2.297194
2025-12-06 03:28:50 INFO     Training average positive_fact_loss at step 33600: 0.299247
2025-12-06 03:28:50 INFO     Training average negative_fact_loss at step 33600: 0.276771
2025-12-06 03:28:50 INFO     Training average positive_rule_loss at step 33600: 1.600024
2025-12-06 03:28:50 INFO     Training average negative_rule_loss at step 33600: 2.184951
2025-12-06 03:28:50 INFO     Training average L_uncertainty at step 33600: 36.862278
2025-12-06 03:28:50 INFO     Training average L_kl at step 33600: 36567.915625
2025-12-06 03:28:50 INFO     Training average L_sigma at step 33600: 147.180331
2025-12-06 03:28:50 INFO     Training average mu_mean at step 33600: -1.306517
2025-12-06 03:28:50 INFO     Training average sigma_mean at step 33600: 0.134019
2025-12-06 03:28:50 INFO     Training average regularization at step 33600: 0.006277
2025-12-06 03:28:50 INFO     Training average loss at step 33600: 2.297361
2025-12-06 03:29:46 INFO     Training average positive_fact_loss at step 33700: 0.298705
2025-12-06 03:29:46 INFO     Training average negative_fact_loss at step 33700: 0.276644
2025-12-06 03:29:46 INFO     Training average positive_rule_loss at step 33700: 1.602524
2025-12-06 03:29:46 INFO     Training average negative_rule_loss at step 33700: 2.180598
2025-12-06 03:29:46 INFO     Training average L_uncertainty at step 33700: 36.911377
2025-12-06 03:29:46 INFO     Training average L_kl at step 33700: 36616.456563
2025-12-06 03:29:46 INFO     Training average L_sigma at step 33700: 147.459421
2025-12-06 03:29:46 INFO     Training average mu_mean at step 33700: -1.307102
2025-12-06 03:29:46 INFO     Training average sigma_mean at step 33700: 0.134027
2025-12-06 03:29:46 INFO     Training average regularization at step 33700: 0.006278
2025-12-06 03:29:46 INFO     Training average loss at step 33700: 2.296247
2025-12-06 03:30:42 INFO     Training average positive_fact_loss at step 33800: 0.299177
2025-12-06 03:30:42 INFO     Training average negative_fact_loss at step 33800: 0.276570
2025-12-06 03:30:42 INFO     Training average positive_rule_loss at step 33800: 1.599320
2025-12-06 03:30:42 INFO     Training average negative_rule_loss at step 33800: 2.185666
2025-12-06 03:30:42 INFO     Training average L_uncertainty at step 33800: 36.908261
2025-12-06 03:30:42 INFO     Training average L_kl at step 33800: 36612.808477
2025-12-06 03:30:42 INFO     Training average L_sigma at step 33800: 147.725394
2025-12-06 03:30:42 INFO     Training average mu_mean at step 33800: -1.304453
2025-12-06 03:30:42 INFO     Training average sigma_mean at step 33800: 0.134035
2025-12-06 03:30:42 INFO     Training average regularization at step 33800: 0.006278
2025-12-06 03:30:42 INFO     Training average loss at step 33800: 2.297369
2025-12-06 03:31:33 INFO     Training average positive_fact_loss at step 33900: 0.298760
2025-12-06 03:31:33 INFO     Training average negative_fact_loss at step 33900: 0.276901
2025-12-06 03:31:33 INFO     Training average positive_rule_loss at step 33900: 1.601313
2025-12-06 03:31:33 INFO     Training average negative_rule_loss at step 33900: 2.180875
2025-12-06 03:31:33 INFO     Training average L_uncertainty at step 33900: 36.938407
2025-12-06 03:31:33 INFO     Training average L_kl at step 33900: 36643.301602
2025-12-06 03:31:33 INFO     Training average L_sigma at step 33900: 147.551788
2025-12-06 03:31:33 INFO     Training average mu_mean at step 33900: -1.304890
2025-12-06 03:31:33 INFO     Training average sigma_mean at step 33900: 0.134030
2025-12-06 03:31:33 INFO     Training average regularization at step 33900: 0.006279
2025-12-06 03:31:33 INFO     Training average loss at step 33900: 2.296019
2025-12-06 03:32:33 INFO     Training average positive_fact_loss at step 34000: 0.298964
2025-12-06 03:32:33 INFO     Training average negative_fact_loss at step 34000: 0.276825
2025-12-06 03:32:33 INFO     Training average positive_rule_loss at step 34000: 1.600825
2025-12-06 03:32:33 INFO     Training average negative_rule_loss at step 34000: 2.181449
2025-12-06 03:32:33 INFO     Training average L_uncertainty at step 34000: 36.899919
2025-12-06 03:32:33 INFO     Training average L_kl at step 34000: 36605.855195
2025-12-06 03:32:33 INFO     Training average L_sigma at step 34000: 147.030668
2025-12-06 03:32:33 INFO     Training average mu_mean at step 34000: -1.299895
2025-12-06 03:32:33 INFO     Training average sigma_mean at step 34000: 0.134015
2025-12-06 03:32:33 INFO     Training average regularization at step 34000: 0.006279
2025-12-06 03:32:33 INFO     Training average loss at step 34000: 2.296010
2025-12-06 03:32:33 INFO     Evaluating on Valid Dataset...
2025-12-06 03:32:33 INFO     >>>>> RuleE emb: Evaluating on valid
2025-12-06 03:32:43 INFO     Data : 4274
2025-12-06 03:32:43 INFO     Hit1 : 0.541881
2025-12-06 03:32:43 INFO     Hit3 : 0.772110
2025-12-06 03:32:43 INFO     Hit10: 0.941039
2025-12-06 03:32:43 INFO     MR   : 3.391203
2025-12-06 03:32:43 INFO     MRR  : 0.678807
2025-12-06 03:33:39 INFO     Training average positive_fact_loss at step 34100: 0.298968
2025-12-06 03:33:39 INFO     Training average negative_fact_loss at step 34100: 0.276576
2025-12-06 03:33:39 INFO     Training average positive_rule_loss at step 34100: 1.601694
2025-12-06 03:33:39 INFO     Training average negative_rule_loss at step 34100: 2.179590
2025-12-06 03:33:39 INFO     Training average L_uncertainty at step 34100: 36.936376
2025-12-06 03:33:39 INFO     Training average L_kl at step 34100: 36641.368047
2025-12-06 03:33:39 INFO     Training average L_sigma at step 34100: 147.503103
2025-12-06 03:33:39 INFO     Training average mu_mean at step 34100: -1.300934
2025-12-06 03:33:39 INFO     Training average sigma_mean at step 34100: 0.134026
2025-12-06 03:33:39 INFO     Training average regularization at step 34100: 0.006279
2025-12-06 03:33:39 INFO     Training average loss at step 34100: 2.295502
2025-12-06 03:34:39 INFO     Training average positive_fact_loss at step 34200: 0.298663
2025-12-06 03:34:39 INFO     Training average negative_fact_loss at step 34200: 0.276767
2025-12-06 03:34:39 INFO     Training average positive_rule_loss at step 34200: 1.602255
2025-12-06 03:34:39 INFO     Training average negative_rule_loss at step 34200: 2.177605
2025-12-06 03:34:39 INFO     Training average L_uncertainty at step 34200: 36.959306
2025-12-06 03:34:39 INFO     Training average L_kl at step 34200: 36665.162578
2025-12-06 03:34:39 INFO     Training average L_sigma at step 34200: 147.070499
2025-12-06 03:34:39 INFO     Training average mu_mean at step 34200: -1.301165
2025-12-06 03:34:39 INFO     Training average sigma_mean at step 34200: 0.134015
2025-12-06 03:34:39 INFO     Training average regularization at step 34200: 0.006278
2025-12-06 03:34:39 INFO     Training average loss at step 34200: 2.294801
2025-12-06 03:35:35 INFO     Training average positive_fact_loss at step 34300: 0.299167
2025-12-06 03:35:35 INFO     Training average negative_fact_loss at step 34300: 0.277048
2025-12-06 03:35:35 INFO     Training average positive_rule_loss at step 34300: 1.598240
2025-12-06 03:35:35 INFO     Training average negative_rule_loss at step 34300: 2.183779
2025-12-06 03:35:35 INFO     Training average L_uncertainty at step 34300: 36.910849
2025-12-06 03:35:35 INFO     Training average L_kl at step 34300: 36617.131875
2025-12-06 03:35:35 INFO     Training average L_sigma at step 34300: 146.857693
2025-12-06 03:35:35 INFO     Training average mu_mean at step 34300: -1.295180
2025-12-06 03:35:35 INFO     Training average sigma_mean at step 34300: 0.134008
2025-12-06 03:35:35 INFO     Training average regularization at step 34300: 0.006278
2025-12-06 03:35:35 INFO     Training average loss at step 34300: 2.296128
2025-12-06 03:36:35 INFO     Training average positive_fact_loss at step 34400: 0.299395
2025-12-06 03:36:35 INFO     Training average negative_fact_loss at step 34400: 0.276660
2025-12-06 03:36:35 INFO     Training average positive_rule_loss at step 34400: 1.599381
2025-12-06 03:36:35 INFO     Training average negative_rule_loss at step 34400: 2.182965
2025-12-06 03:36:35 INFO     Training average L_uncertainty at step 34400: 36.894375
2025-12-06 03:36:35 INFO     Training average L_kl at step 34400: 36599.766484
2025-12-06 03:36:35 INFO     Training average L_sigma at step 34400: 147.303286
2025-12-06 03:36:35 INFO     Training average mu_mean at step 34400: -1.292319
2025-12-06 03:36:35 INFO     Training average sigma_mean at step 34400: 0.134022
2025-12-06 03:36:35 INFO     Training average regularization at step 34400: 0.006279
2025-12-06 03:36:35 INFO     Training average loss at step 34400: 2.296163
2025-12-06 03:37:22 INFO     Training average positive_fact_loss at step 34500: 0.299139
2025-12-06 03:37:22 INFO     Training average negative_fact_loss at step 34500: 0.276805
2025-12-06 03:37:22 INFO     Training average positive_rule_loss at step 34500: 1.599924
2025-12-06 03:37:22 INFO     Training average negative_rule_loss at step 34500: 2.180187
2025-12-06 03:37:22 INFO     Training average L_uncertainty at step 34500: 36.928144
2025-12-06 03:37:22 INFO     Training average L_kl at step 34500: 36633.701133
2025-12-06 03:37:22 INFO     Training average L_sigma at step 34500: 147.221022
2025-12-06 03:37:22 INFO     Training average mu_mean at step 34500: -1.294107
2025-12-06 03:37:22 INFO     Training average sigma_mean at step 34500: 0.134022
2025-12-06 03:37:22 INFO     Training average regularization at step 34500: 0.006278
2025-12-06 03:37:22 INFO     Training average loss at step 34500: 2.295089
2025-12-06 03:38:22 INFO     Training average positive_fact_loss at step 34600: 0.298634
2025-12-06 03:38:22 INFO     Training average negative_fact_loss at step 34600: 0.276709
2025-12-06 03:38:22 INFO     Training average positive_rule_loss at step 34600: 1.603830
2025-12-06 03:38:22 INFO     Training average negative_rule_loss at step 34600: 2.172877
2025-12-06 03:38:22 INFO     Training average L_uncertainty at step 34600: 36.981154
2025-12-06 03:38:22 INFO     Training average L_kl at step 34600: 36686.423945
2025-12-06 03:38:22 INFO     Training average L_sigma at step 34600: 147.364012
2025-12-06 03:38:22 INFO     Training average mu_mean at step 34600: -1.295202
2025-12-06 03:38:22 INFO     Training average sigma_mean at step 34600: 0.134025
2025-12-06 03:38:22 INFO     Training average regularization at step 34600: 0.006278
2025-12-06 03:38:22 INFO     Training average loss at step 34600: 2.293246
2025-12-06 03:39:18 INFO     Training average positive_fact_loss at step 34700: 0.298674
2025-12-06 03:39:18 INFO     Training average negative_fact_loss at step 34700: 0.276729
2025-12-06 03:39:18 INFO     Training average positive_rule_loss at step 34700: 1.603284
2025-12-06 03:39:18 INFO     Training average negative_rule_loss at step 34700: 2.174018
2025-12-06 03:39:18 INFO     Training average L_uncertainty at step 34700: 37.004013
2025-12-06 03:39:18 INFO     Training average L_kl at step 34700: 36709.877930
2025-12-06 03:39:18 INFO     Training average L_sigma at step 34700: 147.066699
2025-12-06 03:39:18 INFO     Training average mu_mean at step 34700: -1.294654
2025-12-06 03:39:18 INFO     Training average sigma_mean at step 34700: 0.134010
2025-12-06 03:39:18 INFO     Training average regularization at step 34700: 0.006279
2025-12-06 03:39:18 INFO     Training average loss at step 34700: 2.293644
2025-12-06 03:40:19 INFO     Training average positive_fact_loss at step 34800: 0.298660
2025-12-06 03:40:19 INFO     Training average negative_fact_loss at step 34800: 0.276912
2025-12-06 03:40:19 INFO     Training average positive_rule_loss at step 34800: 1.602037
2025-12-06 03:40:19 INFO     Training average negative_rule_loss at step 34800: 2.173896
2025-12-06 03:40:19 INFO     Training average L_uncertainty at step 34800: 36.962695
2025-12-06 03:40:19 INFO     Training average L_kl at step 34800: 36667.701484
2025-12-06 03:40:19 INFO     Training average L_sigma at step 34800: 147.495754
2025-12-06 03:40:19 INFO     Training average mu_mean at step 34800: -1.289720
2025-12-06 03:40:19 INFO     Training average sigma_mean at step 34800: 0.134026
2025-12-06 03:40:19 INFO     Training average regularization at step 34800: 0.006279
2025-12-06 03:40:19 INFO     Training average loss at step 34800: 2.292919
2025-12-06 03:41:15 INFO     Training average positive_fact_loss at step 34900: 0.300006
2025-12-06 03:41:15 INFO     Training average negative_fact_loss at step 34900: 0.276873
2025-12-06 03:41:15 INFO     Training average positive_rule_loss at step 34900: 1.603503
2025-12-06 03:41:15 INFO     Training average negative_rule_loss at step 34900: 2.171609
2025-12-06 03:41:15 INFO     Training average L_uncertainty at step 34900: 37.001375
2025-12-06 03:41:15 INFO     Training average L_kl at step 34900: 36706.741445
2025-12-06 03:41:15 INFO     Training average L_sigma at step 34900: 147.316074
2025-12-06 03:41:15 INFO     Training average mu_mean at step 34900: -1.289821
2025-12-06 03:41:15 INFO     Training average sigma_mean at step 34900: 0.134022
2025-12-06 03:41:15 INFO     Training average regularization at step 34900: 0.006280
2025-12-06 03:41:15 INFO     Training average loss at step 34900: 2.293279
2025-12-06 03:42:16 INFO     Training average positive_fact_loss at step 35000: 0.298657
2025-12-06 03:42:16 INFO     Training average negative_fact_loss at step 35000: 0.276835
2025-12-06 03:42:16 INFO     Training average positive_rule_loss at step 35000: 1.597794
2025-12-06 03:42:16 INFO     Training average negative_rule_loss at step 35000: 2.180621
2025-12-06 03:42:16 INFO     Training average L_uncertainty at step 35000: 36.907018
2025-12-06 03:42:16 INFO     Training average L_kl at step 35000: 36612.448672
2025-12-06 03:42:16 INFO     Training average L_sigma at step 35000: 147.283729
2025-12-06 03:42:16 INFO     Training average mu_mean at step 35000: -1.281449
2025-12-06 03:42:16 INFO     Training average sigma_mean at step 35000: 0.134021
2025-12-06 03:42:16 INFO     Training average regularization at step 35000: 0.006278
2025-12-06 03:42:16 INFO     Training average loss at step 35000: 2.293953
2025-12-06 03:42:16 INFO     Evaluating on Valid Dataset...
2025-12-06 03:42:16 INFO     >>>>> RuleE emb: Evaluating on valid
2025-12-06 03:42:26 INFO     Data : 4274
2025-12-06 03:42:26 INFO     Hit1 : 0.540711
2025-12-06 03:42:26 INFO     Hit3 : 0.773280
2025-12-06 03:42:26 INFO     Hit10: 0.941039
2025-12-06 03:42:26 INFO     MR   : 3.392840
2025-12-06 03:42:26 INFO     MRR  : 0.678430
2025-12-06 03:42:26 INFO     Finishing pre-training!
2025-12-06 03:42:26 INFO     Test the results of pre-training
2025-12-06 03:42:26 INFO     >>>>> RuleE emb: Evaluating on valid
2025-12-06 03:42:36 INFO     Data : 4274
2025-12-06 03:42:36 INFO     Hit1 : 0.546093
2025-12-06 03:42:36 INFO     Hit3 : 0.776790
2025-12-06 03:42:36 INFO     Hit10: 0.941039
2025-12-06 03:42:36 INFO     MR   : 3.371315
2025-12-06 03:42:36 INFO     MRR  : 0.681893
2025-12-06 03:42:36 INFO     >>>>> RuleE emb: Evaluating on test
2025-12-06 03:42:48 INFO     Data : 10686
2025-12-06 03:42:48 INFO     Hit1 : 0.540801
2025-12-06 03:42:48 INFO     Hit3 : 0.769886
2025-12-06 03:42:48 INFO     Hit10: 0.936552
2025-12-06 03:42:48 INFO     MR   : 3.482688
2025-12-06 03:42:48 INFO     MRR  : 0.676602
2025-12-06 03:42:48 INFO     Pre-computed rule_mu for grounding: mean=-1.541579, std=1.378138
2025-12-06 03:42:48 INFO     >>>>> RulE: Grounding-Training
2025-12-06 03:42:48 INFO     -------------------------
2025-12-06 03:42:48 INFO     | Iteration: 1/10
2025-12-06 03:42:48 INFO     -------------------------
2025-12-06 03:43:05 INFO     loss:    10 224 4.539427 3026.4
2025-12-06 03:43:25 INFO     loss:    20 224 4.122125 3213.6
2025-12-06 03:43:29 INFO     loss:    30 224 4.228318 2849.6
2025-12-06 03:43:53 INFO     loss:    40 224 4.314412 3307.2
2025-12-06 03:44:20 INFO     loss:    50 224 3.792858 2943.2
2025-12-06 03:44:40 INFO     loss:    60 224 3.689869 2776.8
2025-12-06 03:44:48 INFO     loss:    70 224 4.015339 2412.8
2025-12-06 03:45:08 INFO     loss:    80 224 3.705707 2943.2
2025-12-06 03:45:22 INFO     loss:    90 224 3.485458 3036.8
2025-12-06 03:45:42 INFO     loss:    100 224 4.439487 2683.2
2025-12-06 03:45:56 INFO     loss:    110 224 3.883005 2964.0
2025-12-06 03:46:24 INFO     loss:    120 224 3.448617 3328.0
2025-12-06 03:46:47 INFO     loss:    130 224 4.313786 2870.4
2025-12-06 03:47:02 INFO     loss:    140 224 3.287915 3244.8
2025-12-06 03:47:16 INFO     loss:    150 224 3.243353 3203.2
2025-12-06 03:47:22 INFO     loss:    160 224 2.855853 3244.8
2025-12-06 03:47:30 INFO     loss:    170 224 3.290966 2329.6
2025-12-06 03:47:44 INFO     loss:    180 224 3.212725 2995.2
2025-12-06 03:47:59 INFO     loss:    190 224 2.994051 3068.0
2025-12-06 03:48:18 INFO     loss:    200 224 2.848272 2922.4
2025-12-06 03:48:33 INFO     loss:    210 224 2.865027 2984.8
2025-12-06 03:48:53 INFO     loss:    220 224 2.567725 3328.0
2025-12-06 03:49:00 INFO     >>>>> Predictor: Evaluating on valid
2025-12-06 03:51:55 INFO     Data : 4274
2025-12-06 03:51:55 INFO     Hit1 : 0.497894
2025-12-06 03:51:55 INFO     Hit3 : 0.748011
2025-12-06 03:51:55 INFO     Hit10: 0.939167
2025-12-06 03:51:55 INFO     MR   : 3.532054
2025-12-06 03:51:55 INFO     MRR  : 0.646859
2025-12-06 03:51:55 INFO     Save checkpoint to kinship\grounding.pt
2025-12-06 03:51:56 INFO     -------------------------
2025-12-06 03:51:56 INFO     | Iteration: 2/10
2025-12-06 03:51:56 INFO     -------------------------
2025-12-06 03:52:17 INFO     loss:    10 224 3.275277 3026.4
2025-12-06 03:52:35 INFO     loss:    20 224 2.818750 3213.6
2025-12-06 03:52:40 INFO     loss:    30 224 2.792446 2849.6
2025-12-06 03:53:04 INFO     loss:    40 224 2.679990 3307.2
2025-12-06 03:53:29 INFO     loss:    50 224 3.095072 2943.2
2025-12-06 03:53:49 INFO     loss:    60 224 2.717594 2776.8
2025-12-06 03:53:57 INFO     loss:    70 224 2.738559 2412.8
2025-12-06 03:54:17 INFO     loss:    80 224 2.953178 2943.2
2025-12-06 03:54:31 INFO     loss:    90 224 2.804448 3036.8
2025-12-06 03:54:51 INFO     loss:    100 224 2.123934 2683.2
2025-12-06 03:55:05 INFO     loss:    110 224 2.945717 2964.0
2025-12-06 03:55:34 INFO     loss:    120 224 2.881735 3328.0
2025-12-06 03:55:57 INFO     loss:    130 224 2.036063 2870.4
2025-12-06 03:56:11 INFO     loss:    140 224 2.934129 3244.8
2025-12-06 03:56:25 INFO     loss:    150 224 2.751204 3203.2
2025-12-06 03:56:31 INFO     loss:    160 224 2.259623 3244.8
2025-12-06 03:56:39 INFO     loss:    170 224 2.959116 2329.6
2025-12-06 03:56:53 INFO     loss:    180 224 2.513698 2995.2
2025-12-06 03:57:07 INFO     loss:    190 224 2.845106 3068.0
2025-12-06 03:57:26 INFO     loss:    200 224 2.497453 2922.4
2025-12-06 03:57:41 INFO     loss:    210 224 2.422960 2984.8
2025-12-06 03:58:01 INFO     loss:    220 224 2.321752 3328.0
2025-12-06 03:58:08 INFO     >>>>> Predictor: Evaluating on valid
2025-12-06 04:01:04 INFO     Data : 4274
2025-12-06 04:01:04 INFO     Hit1 : 0.546093
2025-12-06 04:01:04 INFO     Hit3 : 0.789658
2025-12-06 04:01:04 INFO     Hit10: 0.951802
2025-12-06 04:01:04 INFO     MR   : 3.175714
2025-12-06 04:01:04 INFO     MRR  : 0.687311
2025-12-06 04:01:04 INFO     Save checkpoint to kinship\grounding.pt
2025-12-06 04:01:04 INFO     -------------------------
2025-12-06 04:01:04 INFO     | Iteration: 3/10
2025-12-06 04:01:04 INFO     -------------------------
2025-12-06 04:01:25 INFO     loss:    10 224 3.098588 3026.4
2025-12-06 04:01:44 INFO     loss:    20 224 2.720524 3213.6
2025-12-06 04:01:48 INFO     loss:    30 224 2.456476 2849.6
2025-12-06 04:02:12 INFO     loss:    40 224 2.444779 3307.2
2025-12-06 04:02:37 INFO     loss:    50 224 3.014566 2943.2
2025-12-06 04:02:57 INFO     loss:    60 224 2.494724 2776.8
2025-12-06 04:03:05 INFO     loss:    70 224 2.489151 2412.8
2025-12-06 04:03:25 INFO     loss:    80 224 2.846454 2943.2
2025-12-06 04:03:39 INFO     loss:    90 224 2.590495 3036.8
2025-12-06 04:03:59 INFO     loss:    100 224 0.234612 2683.2
2025-12-06 04:04:13 INFO     loss:    110 224 2.290212 2964.0
2025-12-06 04:04:42 INFO     loss:    120 224 2.741575 3328.0
2025-12-06 04:05:05 INFO     loss:    130 224 0.304183 2870.4
2025-12-06 04:05:20 INFO     loss:    140 224 2.819933 3244.8
2025-12-06 04:05:34 INFO     loss:    150 224 2.635413 3203.2
2025-12-06 04:05:39 INFO     loss:    160 224 2.049291 3244.8
2025-12-06 04:05:48 INFO     loss:    170 224 2.906099 2329.6
2025-12-06 04:06:02 INFO     loss:    180 224 2.286541 2995.2
2025-12-06 04:06:16 INFO     loss:    190 224 2.728879 3068.0
2025-12-06 04:06:35 INFO     loss:    200 224 2.346247 2922.4
2025-12-06 04:06:50 INFO     loss:    210 224 2.289201 2984.8
2025-12-06 04:07:10 INFO     loss:    220 224 2.179029 3328.0
2025-12-06 04:07:17 INFO     >>>>> Predictor: Evaluating on valid
2025-12-06 04:10:12 INFO     Data : 4274
2025-12-06 04:10:12 INFO     Hit1 : 0.547964
2025-12-06 04:10:12 INFO     Hit3 : 0.792466
2025-12-06 04:10:12 INFO     Hit10: 0.953673
2025-12-06 04:10:12 INFO     MR   : 3.154656
2025-12-06 04:10:12 INFO     MRR  : 0.688784
2025-12-06 04:10:12 INFO     Save checkpoint to kinship\grounding.pt
2025-12-06 04:10:12 INFO     -------------------------
2025-12-06 04:10:12 INFO     | Iteration: 4/10
2025-12-06 04:10:12 INFO     -------------------------
2025-12-06 04:10:33 INFO     loss:    10 224 3.042633 3026.4
2025-12-06 04:10:52 INFO     loss:    20 224 2.658356 3213.6
2025-12-06 04:10:56 INFO     loss:    30 224 2.269679 2849.6
2025-12-06 04:11:20 INFO     loss:    40 224 2.254564 3307.2
2025-12-06 04:11:45 INFO     loss:    50 224 2.944571 2943.2
2025-12-06 04:12:05 INFO     loss:    60 224 2.362793 2776.8
2025-12-06 04:12:13 INFO     loss:    70 224 2.335849 2412.8
2025-12-06 04:12:33 INFO     loss:    80 224 2.752493 2943.2
2025-12-06 04:12:47 INFO     loss:    90 224 2.441074 3036.8
2025-12-06 04:13:07 INFO     loss:    100 224 0.031252 2683.2
2025-12-06 04:13:21 INFO     loss:    110 224 1.947108 2964.0
2025-12-06 04:13:50 INFO     loss:    120 224 2.631162 3328.0
2025-12-06 04:14:13 INFO     loss:    130 224 0.048808 2870.4
2025-12-06 04:14:27 INFO     loss:    140 224 2.713944 3244.8
2025-12-06 04:14:41 INFO     loss:    150 224 2.543733 3203.2
2025-12-06 04:14:47 INFO     loss:    160 224 1.868949 3244.8
2025-12-06 04:14:55 INFO     loss:    170 224 2.866333 2329.6
2025-12-06 04:15:09 INFO     loss:    180 224 2.119369 2995.2
2025-12-06 04:15:23 INFO     loss:    190 224 2.634547 3068.0
2025-12-06 04:15:42 INFO     loss:    200 224 2.225990 2922.4
2025-12-06 04:15:58 INFO     loss:    210 224 2.164622 2984.8
2025-12-06 04:16:18 INFO     loss:    220 224 2.039511 3328.0
2025-12-06 04:16:24 INFO     >>>>> Predictor: Evaluating on valid
2025-12-06 04:19:20 INFO     Data : 4274
2025-12-06 04:19:20 INFO     Hit1 : 0.534160
2025-12-06 04:19:20 INFO     Hit3 : 0.780066
2025-12-06 04:19:20 INFO     Hit10: 0.952270
2025-12-06 04:19:20 INFO     MR   : 3.210342
2025-12-06 04:19:20 INFO     MRR  : 0.677912
2025-12-06 04:19:20 INFO     -------------------------
2025-12-06 04:19:20 INFO     | Iteration: 5/10
2025-12-06 04:19:20 INFO     -------------------------
2025-12-06 04:19:41 INFO     loss:    10 224 2.989522 3026.4
2025-12-06 04:20:00 INFO     loss:    20 224 2.571710 3213.6
2025-12-06 04:20:04 INFO     loss:    30 224 2.100905 2849.6
2025-12-06 04:20:28 INFO     loss:    40 224 2.068219 3307.2
2025-12-06 04:20:53 INFO     loss:    50 224 2.876961 2943.2
2025-12-06 04:21:13 INFO     loss:    60 224 2.232516 2776.8
2025-12-06 04:21:21 INFO     loss:    70 224 2.178136 2412.8
2025-12-06 04:21:41 INFO     loss:    80 224 2.656040 2943.2
2025-12-06 04:21:55 INFO     loss:    90 224 2.298893 3036.8
2025-12-06 04:22:15 INFO     loss:    100 224 0.007556 2683.2
2025-12-06 04:22:29 INFO     loss:    110 224 1.676783 2964.0
2025-12-06 04:22:58 INFO     loss:    120 224 2.527108 3328.0
2025-12-06 04:23:21 INFO     loss:    130 224 0.012545 2870.4
2025-12-06 04:23:35 INFO     loss:    140 224 2.598106 3244.8
2025-12-06 04:23:49 INFO     loss:    150 224 2.449844 3203.2
2025-12-06 04:23:55 INFO     loss:    160 224 1.682431 3244.8
2025-12-06 04:24:03 INFO     loss:    170 224 2.820920 2329.6
2025-12-06 04:24:17 INFO     loss:    180 224 1.936115 2995.2
2025-12-06 04:24:32 INFO     loss:    190 224 2.509394 3068.0
2025-12-06 04:24:50 INFO     loss:    200 224 2.108120 2922.4
2025-12-06 04:25:06 INFO     loss:    210 224 2.036078 2984.8
2025-12-06 04:25:26 INFO     loss:    220 224 1.893952 3328.0
2025-12-06 04:25:33 INFO     >>>>> Predictor: Evaluating on valid
2025-12-06 04:28:28 INFO     Data : 4274
2025-12-06 04:28:28 INFO     Hit1 : 0.514740
2025-12-06 04:28:28 INFO     Hit3 : 0.761816
2025-12-06 04:28:28 INFO     Hit10: 0.948994
2025-12-06 04:28:28 INFO     MR   : 3.328498
2025-12-06 04:28:28 INFO     MRR  : 0.662024
2025-12-06 04:28:28 INFO     -------------------------
2025-12-06 04:28:28 INFO     | Iteration: 6/10
2025-12-06 04:28:28 INFO     -------------------------
2025-12-06 04:28:49 INFO     loss:    10 224 2.932739 3026.4
2025-12-06 04:29:07 INFO     loss:    20 224 2.463052 3213.6
2025-12-06 04:29:12 INFO     loss:    30 224 1.935432 2849.6
2025-12-06 04:29:36 INFO     loss:    40 224 1.887848 3307.2
2025-12-06 04:30:01 INFO     loss:    50 224 2.807834 2943.2
2025-12-06 04:30:21 INFO     loss:    60 224 2.099752 2776.8
2025-12-06 04:30:29 INFO     loss:    70 224 2.027163 2412.8
2025-12-06 04:30:49 INFO     loss:    80 224 2.558169 2943.2
2025-12-06 04:31:03 INFO     loss:    90 224 2.151935 3036.8
2025-12-06 04:31:23 INFO     loss:    100 224 0.001722 2683.2
2025-12-06 04:31:37 INFO     loss:    110 224 1.431925 2964.0
2025-12-06 04:32:06 INFO     loss:    120 224 2.427543 3328.0
2025-12-06 04:32:29 INFO     loss:    130 224 0.003062 2870.4
2025-12-06 04:32:43 INFO     loss:    140 224 2.467818 3244.8
2025-12-06 04:32:57 INFO     loss:    150 224 2.346451 3203.2
2025-12-06 04:33:03 INFO     loss:    160 224 1.498585 3244.8
2025-12-06 04:33:11 INFO     loss:    170 224 2.772191 2329.6
2025-12-06 04:33:25 INFO     loss:    180 224 1.731895 2995.2
2025-12-06 04:33:40 INFO     loss:    190 224 2.332636 3068.0
2025-12-06 04:33:58 INFO     loss:    200 224 1.986755 2922.4
2025-12-06 04:34:14 INFO     loss:    210 224 1.897276 2984.8
2025-12-06 04:34:33 INFO     loss:    220 224 1.751209 3328.0
2025-12-06 04:34:40 INFO     >>>>> Predictor: Evaluating on valid
2025-12-06 04:37:32 INFO     Data : 4274
2025-12-06 04:37:32 INFO     Hit1 : 0.485026
2025-12-06 04:37:32 INFO     Hit3 : 0.741226
2025-12-06 04:37:32 INFO     Hit10: 0.946420
2025-12-06 04:37:32 INFO     MR   : 3.482452
2025-12-06 04:37:32 INFO     MRR  : 0.640337
2025-12-06 04:37:32 INFO     -------------------------
2025-12-06 04:37:32 INFO     | Iteration: 7/10
2025-12-06 04:37:32 INFO     -------------------------
2025-12-06 04:37:52 INFO     loss:    10 224 2.866369 3026.4
2025-12-06 04:38:11 INFO     loss:    20 224 2.354431 3213.6
2025-12-06 04:38:16 INFO     loss:    30 224 1.764355 2849.6
2025-12-06 04:38:39 INFO     loss:    40 224 1.705891 3307.2
2025-12-06 04:39:04 INFO     loss:    50 224 2.735649 2943.2
2025-12-06 04:39:23 INFO     loss:    60 224 1.968421 2776.8
2025-12-06 04:39:32 INFO     loss:    70 224 1.883395 2412.8
2025-12-06 04:39:51 INFO     loss:    80 224 2.464753 2943.2
2025-12-06 04:40:05 INFO     loss:    90 224 1.996185 3036.8
2025-12-06 04:40:25 INFO     loss:    100 224 0.000332 2683.2
2025-12-06 04:40:39 INFO     loss:    110 224 1.226406 2964.0
2025-12-06 04:41:07 INFO     loss:    120 224 2.330264 3328.0
2025-12-06 04:41:30 INFO     loss:    130 224 0.000682 2870.4
2025-12-06 04:41:44 INFO     loss:    140 224 2.326842 3244.8
2025-12-06 04:41:58 INFO     loss:    150 224 2.236935 3203.2
2025-12-06 04:42:04 INFO     loss:    160 224 1.331826 3244.8
2025-12-06 04:42:12 INFO     loss:    170 224 2.712725 2329.6
2025-12-06 04:42:26 INFO     loss:    180 224 1.527897 2995.2
2025-12-06 04:42:40 INFO     loss:    190 224 2.172563 3068.0
2025-12-06 04:42:59 INFO     loss:    200 224 1.864126 2922.4
2025-12-06 04:43:14 INFO     loss:    210 224 1.740047 2984.8
2025-12-06 04:43:34 INFO     loss:    220 224 1.614957 3328.0
2025-12-06 04:43:40 INFO     >>>>> Predictor: Evaluating on valid
2025-12-06 04:46:33 INFO     Data : 4274
2025-12-06 04:46:33 INFO     Hit1 : 0.457885
2025-12-06 04:46:33 INFO     Hit3 : 0.726954
2025-12-06 04:46:33 INFO     Hit10: 0.939401
2025-12-06 04:46:33 INFO     MR   : 3.622602
2025-12-06 04:46:33 INFO     MRR  : 0.621211
2025-12-06 04:46:33 INFO     -------------------------
2025-12-06 04:46:33 INFO     | Iteration: 8/10
2025-12-06 04:46:33 INFO     -------------------------
2025-12-06 04:46:53 INFO     loss:    10 224 2.792325 3026.4
2025-12-06 04:47:12 INFO     loss:    20 224 2.217346 3213.6
2025-12-06 04:47:16 INFO     loss:    30 224 1.578569 2849.6
2025-12-06 04:47:40 INFO     loss:    40 224 1.523307 3307.2
2025-12-06 04:48:04 INFO     loss:    50 224 2.658849 2943.2
2025-12-06 04:48:24 INFO     loss:    60 224 1.838479 2776.8
2025-12-06 04:48:32 INFO     loss:    70 224 1.741952 2412.8
2025-12-06 04:48:52 INFO     loss:    80 224 2.355386 2943.2
2025-12-06 04:49:06 INFO     loss:    90 224 1.835460 3036.8
2025-12-06 04:49:25 INFO     loss:    100 224 0.000063 2683.2
2025-12-06 04:49:39 INFO     loss:    110 224 1.053342 2964.0
2025-12-06 04:50:07 INFO     loss:    120 224 2.207853 3328.0
2025-12-06 04:50:30 INFO     loss:    130 224 0.000141 2870.4
2025-12-06 04:50:45 INFO     loss:    140 224 2.184899 3244.8
2025-12-06 04:50:59 INFO     loss:    150 224 2.121710 3203.2
2025-12-06 04:51:04 INFO     loss:    160 224 1.198308 3244.8
2025-12-06 04:51:12 INFO     loss:    170 224 2.629099 2329.6
2025-12-06 04:51:26 INFO     loss:    180 224 1.350012 2995.2
2025-12-06 04:51:40 INFO     loss:    190 224 2.178317 3068.0
2025-12-06 04:51:59 INFO     loss:    200 224 1.747565 2922.4
2025-12-06 04:52:14 INFO     loss:    210 224 1.559670 2984.8
2025-12-06 04:52:33 INFO     loss:    220 224 1.485476 3328.0
2025-12-06 04:52:40 INFO     >>>>> Predictor: Evaluating on valid
2025-12-06 04:55:32 INFO     Data : 4274
2025-12-06 04:55:32 INFO     Hit1 : 0.431914
2025-12-06 04:55:32 INFO     Hit3 : 0.707300
2025-12-06 04:55:32 INFO     Hit10: 0.929574
2025-12-06 04:55:32 INFO     MR   : 3.897052
2025-12-06 04:55:32 INFO     MRR  : 0.599113
2025-12-06 04:55:32 INFO     -------------------------
2025-12-06 04:55:32 INFO     | Iteration: 9/10
2025-12-06 04:55:32 INFO     -------------------------
2025-12-06 04:55:53 INFO     loss:    10 224 2.714803 3026.4
2025-12-06 04:56:12 INFO     loss:    20 224 2.131524 3213.6
2025-12-06 04:56:16 INFO     loss:    30 224 1.399792 2849.6
2025-12-06 04:56:40 INFO     loss:    40 224 1.342360 3307.2
2025-12-06 04:57:04 INFO     loss:    50 224 2.573435 2943.2
2025-12-06 04:57:24 INFO     loss:    60 224 1.713196 2776.8
2025-12-06 04:57:32 INFO     loss:    70 224 1.605923 2412.8
2025-12-06 04:57:51 INFO     loss:    80 224 2.215820 2943.2
2025-12-06 04:58:05 INFO     loss:    90 224 1.668864 3036.8
2025-12-06 04:58:25 INFO     loss:    100 224 0.000013 2683.2
2025-12-06 04:58:39 INFO     loss:    110 224 0.941372 2964.0
2025-12-06 04:59:07 INFO     loss:    120 224 2.183416 3328.0
2025-12-06 04:59:30 INFO     loss:    130 224 0.000033 2870.4
2025-12-06 04:59:44 INFO     loss:    140 224 2.051173 3244.8
2025-12-06 04:59:58 INFO     loss:    150 224 2.034799 3203.2
2025-12-06 05:00:03 INFO     loss:    160 224 1.100629 3244.8
2025-12-06 05:00:12 INFO     loss:    170 224 2.521973 2329.6
2025-12-06 05:00:25 INFO     loss:    180 224 1.202320 2995.2
2025-12-06 05:00:40 INFO     loss:    190 224 1.884548 3068.0
2025-12-06 05:00:58 INFO     loss:    200 224 1.641523 2922.4
2025-12-06 05:01:13 INFO     loss:    210 224 1.408115 2984.8
2025-12-06 05:01:33 INFO     loss:    220 224 1.366108 3328.0
2025-12-06 05:01:39 INFO     >>>>> Predictor: Evaluating on valid
2025-12-06 05:04:31 INFO     Data : 4274
2025-12-06 05:04:31 INFO     Hit1 : 0.421151
2025-12-06 05:04:31 INFO     Hit3 : 0.701451
2025-12-06 05:04:31 INFO     Hit10: 0.927234
2025-12-06 05:04:31 INFO     MR   : 4.045625
2025-12-06 05:04:31 INFO     MRR  : 0.590619
2025-12-06 05:04:31 INFO     -------------------------
2025-12-06 05:04:31 INFO     | Iteration: 10/10
2025-12-06 05:04:31 INFO     -------------------------
2025-12-06 05:04:52 INFO     loss:    10 224 2.637668 3026.4
2025-12-06 05:05:10 INFO     loss:    20 224 2.040024 3213.6
2025-12-06 05:05:15 INFO     loss:    30 224 1.243885 2849.6
2025-12-06 05:05:38 INFO     loss:    40 224 1.347741 3307.2
2025-12-06 05:06:03 INFO     loss:    50 224 2.475861 2943.2
2025-12-06 05:06:22 INFO     loss:    60 224 1.592770 2776.8
2025-12-06 05:06:30 INFO     loss:    70 224 1.475674 2412.8
2025-12-06 05:06:50 INFO     loss:    80 224 2.095260 2943.2
2025-12-06 05:07:04 INFO     loss:    90 224 1.510002 3036.8
2025-12-06 05:07:23 INFO     loss:    100 224 0.000003 2683.2
2025-12-06 05:07:37 INFO     loss:    110 224 0.954073 2964.0
2025-12-06 05:08:05 INFO     loss:    120 224 2.049684 3328.0
2025-12-06 05:08:28 INFO     loss:    130 224 0.000008 2870.4
2025-12-06 05:08:42 INFO     loss:    140 224 1.929422 3244.8
2025-12-06 05:08:56 INFO     loss:    150 224 1.907562 3203.2
2025-12-06 05:09:01 INFO     loss:    160 224 1.028725 3244.8
2025-12-06 05:09:10 INFO     loss:    170 224 2.427798 2329.6
2025-12-06 05:09:24 INFO     loss:    180 224 1.084033 2995.2
2025-12-06 05:09:38 INFO     loss:    190 224 1.957693 3068.0
2025-12-06 05:09:56 INFO     loss:    200 224 1.557876 2922.4
2025-12-06 05:10:12 INFO     loss:    210 224 1.325925 2984.8
2025-12-06 05:10:31 INFO     loss:    220 224 1.265255 3328.0
2025-12-06 05:10:37 INFO     >>>>> Predictor: Evaluating on valid
2025-12-06 05:13:29 INFO     Data : 4274
2025-12-06 05:13:29 INFO     Hit1 : 0.403603
2025-12-06 05:13:29 INFO     Hit3 : 0.683669
2025-12-06 05:13:29 INFO     Hit10: 0.921151
2025-12-06 05:13:29 INFO     MR   : 4.298081
2025-12-06 05:13:29 INFO     MRR  : 0.575212
2025-12-06 05:13:29 INFO     -------------------------
2025-12-06 05:13:29 INFO     | Final Test MRR: 0.000000
2025-12-06 05:13:29 INFO     -------------------------
2025-12-06 05:13:29 INFO     >>>>> Predictor: Evaluating on valid
2025-12-06 05:16:21 INFO     Data : 4274
2025-12-06 05:16:21 INFO     Hit1 : 0.547964
2025-12-06 05:16:21 INFO     Hit3 : 0.792466
2025-12-06 05:16:21 INFO     Hit10: 0.953673
2025-12-06 05:16:21 INFO     MR   : 3.154656
2025-12-06 05:16:21 INFO     MRR  : 0.688784
2025-12-06 05:16:21 INFO     >>>>> Predictor: Evaluating on test
2025-12-06 05:23:48 INFO     Data : 10686
2025-12-06 05:23:48 INFO     Hit1 : 0.515909
2025-12-06 05:23:48 INFO     Hit3 : 0.767172
2025-12-06 05:23:48 INFO     Hit10: 0.948437
2025-12-06 05:23:48 INFO     MR   : 3.361688
2025-12-06 05:23:48 INFO     MRR  : 0.663292
2025-12-06 05:23:48 INFO     >>>>> Predictor: Evaluating on test_kge
2025-12-06 05:26:26 INFO     Data : 10686
2025-12-06 05:26:26 INFO     Hit1 : 0.614449
2025-12-06 05:26:26 INFO     Hit3 : 0.824630
2025-12-06 05:26:26 INFO     Hit10: 0.956298
2025-12-06 05:26:26 INFO     MR   : 2.914655
2025-12-06 05:26:26 INFO     MRR  : 0.735858
