2025-12-08 11:28:06 INFO     read 10000 rules from list.
2025-12-08 11:28:06 INFO     Loaded support_counts from ../data/kinship\support_counts.pt
2025-12-08 11:28:06 INFO     Uncertainty modeling initialized: num_rules=10000, num_samples=5, lambda_0=1.5
2025-12-08 11:28:09 INFO     >>>>> ruleE: Pre-training
2025-12-08 11:28:20 INFO     Training average positive_fact_loss at step 0: 2.435418
2025-12-08 11:28:20 INFO     Training average negative_fact_loss at step 0: 0.093185
2025-12-08 11:28:20 INFO     Training average positive_rule_loss at step 0: 0.362169
2025-12-08 11:28:20 INFO     Training average negative_rule_loss at step 0: 8.455845
2025-12-08 11:28:20 INFO     Training average L_uncertainty at step 0: 116.229713
2025-12-08 11:28:20 INFO     Training average L_kl at step 0: 49.220695
2025-12-08 11:28:20 INFO     Training average L_sigma at step 0: 116180.492188
2025-12-08 11:28:20 INFO     Training average mu_mean at step 0: 0.087321
2025-12-08 11:28:20 INFO     Training average sigma_mean at step 0: 1.033485
2025-12-08 11:28:20 INFO     Training average regularization at step 0: 0.004260
2025-12-08 11:28:20 INFO     Training average loss at step 0: 5.793798
2025-12-08 11:28:20 INFO     Evaluating on Valid Dataset...
2025-12-08 11:28:20 INFO     >>>>> RuleE emb: Evaluating on valid
2025-12-08 11:28:30 INFO     Data : 4274
2025-12-08 11:28:30 INFO     Hit1 : 0.000000
2025-12-08 11:28:30 INFO     Hit3 : 0.020590
2025-12-08 11:28:30 INFO     Hit10: 0.098737
2025-12-08 11:28:30 INFO     MR   : 47.673491
2025-12-08 11:28:30 INFO     MRR  : 0.044835
2025-12-08 11:29:24 INFO     Training average positive_fact_loss at step 100: 0.668693
2025-12-08 11:29:24 INFO     Training average negative_fact_loss at step 100: 0.562444
2025-12-08 11:29:24 INFO     Training average positive_rule_loss at step 100: 0.413184
2025-12-08 11:29:24 INFO     Training average negative_rule_loss at step 100: 8.008582
2025-12-08 11:29:24 INFO     Training average L_uncertainty at step 100: 109.588370
2025-12-08 11:29:24 INFO     Training average L_kl at step 100: 58.228742
2025-12-08 11:29:24 INFO     Training average L_sigma at step 100: 109530.135625
2025-12-08 11:29:24 INFO     Training average mu_mean at step 100: -0.013384
2025-12-08 11:29:24 INFO     Training average sigma_mean at step 100: 0.983851
2025-12-08 11:29:24 INFO     Training average regularization at step 100: 0.002471
2025-12-08 11:29:24 INFO     Training average loss at step 100: 4.938511
2025-12-08 11:30:25 INFO     Training average positive_fact_loss at step 200: 0.403531
2025-12-08 11:30:25 INFO     Training average negative_fact_loss at step 200: 0.376435
2025-12-08 11:30:25 INFO     Training average positive_rule_loss at step 200: 1.261388
2025-12-08 11:30:25 INFO     Training average negative_rule_loss at step 200: 4.668413
2025-12-08 11:30:25 INFO     Training average L_uncertainty at step 200: 71.194192
2025-12-08 11:30:25 INFO     Training average L_kl at step 200: 21390.464354
2025-12-08 11:30:25 INFO     Training average L_sigma at step 200: 49803.724004
2025-12-08 11:30:25 INFO     Training average mu_mean at step 200: -1.567668
2025-12-08 11:30:25 INFO     Training average sigma_mean at step 200: 0.570480
2025-12-08 11:30:25 INFO     Training average regularization at step 200: 0.003718
2025-12-08 11:30:25 INFO     Training average loss at step 200: 3.429795
2025-12-08 11:31:21 INFO     Training average positive_fact_loss at step 300: 0.338001
2025-12-08 11:31:21 INFO     Training average negative_fact_loss at step 300: 0.329564
2025-12-08 11:31:21 INFO     Training average positive_rule_loss at step 300: 2.086104
2025-12-08 11:31:21 INFO     Training average negative_rule_loss at step 300: 2.808647
2025-12-08 11:31:21 INFO     Training average L_uncertainty at step 300: 62.267067
2025-12-08 11:31:21 INFO     Training average L_kl at step 300: 59629.246172
2025-12-08 11:31:21 INFO     Training average L_sigma at step 300: 2637.818071
2025-12-08 11:31:21 INFO     Training average mu_mean at step 300: -3.099072
2025-12-08 11:31:21 INFO     Training average sigma_mean at step 300: 0.224999
2025-12-08 11:31:21 INFO     Training average regularization at step 300: 0.005190
2025-12-08 11:31:21 INFO     Training average loss at step 300: 2.848615
2025-12-08 11:32:21 INFO     Training average positive_fact_loss at step 400: 0.329232
2025-12-08 11:32:21 INFO     Training average negative_fact_loss at step 400: 0.318251
2025-12-08 11:32:21 INFO     Training average positive_rule_loss at step 400: 2.098592
2025-12-08 11:32:21 INFO     Training average negative_rule_loss at step 400: 2.787830
2025-12-08 11:32:21 INFO     Training average L_uncertainty at step 400: 59.645050
2025-12-08 11:32:21 INFO     Training average L_kl at step 400: 58598.289375
2025-12-08 11:32:21 INFO     Training average L_sigma at step 400: 1046.757741
2025-12-08 11:32:21 INFO     Training average mu_mean at step 400: -3.083995
2025-12-08 11:32:21 INFO     Training average sigma_mean at step 400: 0.212641
2025-12-08 11:32:21 INFO     Training average regularization at step 400: 0.005659
2025-12-08 11:32:21 INFO     Training average loss at step 400: 2.832257
2025-12-08 11:33:17 INFO     Training average positive_fact_loss at step 500: 0.325273
2025-12-08 11:33:17 INFO     Training average negative_fact_loss at step 500: 0.312377
2025-12-08 11:33:17 INFO     Training average positive_rule_loss at step 500: 2.102648
2025-12-08 11:33:17 INFO     Training average negative_rule_loss at step 500: 2.781570
2025-12-08 11:33:17 INFO     Training average L_uncertainty at step 500: 59.133188
2025-12-08 11:33:17 INFO     Training average L_kl at step 500: 58306.197344
2025-12-08 11:33:17 INFO     Training average L_sigma at step 500: 826.987279
2025-12-08 11:33:17 INFO     Training average mu_mean at step 500: -3.080064
2025-12-08 11:33:17 INFO     Training average sigma_mean at step 500: 0.211625
2025-12-08 11:33:17 INFO     Training average regularization at step 500: 0.005876
2025-12-08 11:33:17 INFO     Training average loss at step 500: 2.825943
2025-12-08 11:34:17 INFO     Training average positive_fact_loss at step 600: 0.322791
2025-12-08 11:34:17 INFO     Training average negative_fact_loss at step 600: 0.308732
2025-12-08 11:34:17 INFO     Training average positive_rule_loss at step 600: 2.098821
2025-12-08 11:34:17 INFO     Training average negative_rule_loss at step 600: 2.785818
2025-12-08 11:34:17 INFO     Training average L_uncertainty at step 600: 58.922612
2025-12-08 11:34:17 INFO     Training average L_kl at step 600: 58145.705508
2025-12-08 11:34:17 INFO     Training average L_sigma at step 600: 776.903890
2025-12-08 11:34:17 INFO     Training average mu_mean at step 600: -3.075881
2025-12-08 11:34:17 INFO     Training average sigma_mean at step 600: 0.211436
2025-12-08 11:34:17 INFO     Training average regularization at step 600: 0.005989
2025-12-08 11:34:17 INFO     Training average loss at step 600: 2.822992
2025-12-08 11:35:04 INFO     Training average positive_fact_loss at step 700: 0.322450
2025-12-08 11:35:04 INFO     Training average negative_fact_loss at step 700: 0.305906
2025-12-08 11:35:04 INFO     Training average positive_rule_loss at step 700: 2.101944
2025-12-08 11:35:04 INFO     Training average negative_rule_loss at step 700: 2.781853
2025-12-08 11:35:04 INFO     Training average L_uncertainty at step 700: 59.045465
2025-12-08 11:35:04 INFO     Training average L_kl at step 700: 58283.205625
2025-12-08 11:35:04 INFO     Training average L_sigma at step 700: 762.257281
2025-12-08 11:35:04 INFO     Training average mu_mean at step 700: -3.080371
2025-12-08 11:35:04 INFO     Training average sigma_mean at step 700: 0.211355
2025-12-08 11:35:04 INFO     Training average regularization at step 700: 0.006081
2025-12-08 11:35:04 INFO     Training average loss at step 700: 2.821203
2025-12-08 11:36:05 INFO     Training average positive_fact_loss at step 800: 0.320316
2025-12-08 11:36:05 INFO     Training average negative_fact_loss at step 800: 0.303871
2025-12-08 11:36:05 INFO     Training average positive_rule_loss at step 800: 2.098072
2025-12-08 11:36:05 INFO     Training average negative_rule_loss at step 800: 2.786441
2025-12-08 11:36:05 INFO     Training average L_uncertainty at step 800: 59.026227
2025-12-08 11:36:05 INFO     Training average L_kl at step 800: 58266.521641
2025-12-08 11:36:05 INFO     Training average L_sigma at step 800: 759.702490
2025-12-08 11:36:05 INFO     Training average mu_mean at step 800: -3.079536
2025-12-08 11:36:05 INFO     Training average sigma_mean at step 800: 0.211292
2025-12-08 11:36:05 INFO     Training average regularization at step 800: 0.006120
2025-12-08 11:36:05 INFO     Training average loss at step 800: 2.819496
2025-12-08 11:37:00 INFO     Training average positive_fact_loss at step 900: 0.319492
2025-12-08 11:37:00 INFO     Training average negative_fact_loss at step 900: 0.302698
2025-12-08 11:37:00 INFO     Training average positive_rule_loss at step 900: 2.101254
2025-12-08 11:37:00 INFO     Training average negative_rule_loss at step 900: 2.782488
2025-12-08 11:37:00 INFO     Training average L_uncertainty at step 900: 59.115118
2025-12-08 11:37:00 INFO     Training average L_kl at step 900: 58357.745625
2025-12-08 11:37:00 INFO     Training average L_sigma at step 900: 757.370033
2025-12-08 11:37:00 INFO     Training average mu_mean at step 900: -3.082514
2025-12-08 11:37:00 INFO     Training average sigma_mean at step 900: 0.211414
2025-12-08 11:37:00 INFO     Training average regularization at step 900: 0.006155
2025-12-08 11:37:00 INFO     Training average loss at step 900: 2.818236
2025-12-08 11:38:01 INFO     Training average positive_fact_loss at step 1000: 0.319059
2025-12-08 11:38:01 INFO     Training average negative_fact_loss at step 1000: 0.301577
2025-12-08 11:38:01 INFO     Training average positive_rule_loss at step 1000: 2.096670
2025-12-08 11:38:01 INFO     Training average negative_rule_loss at step 1000: 2.787966
2025-12-08 11:38:01 INFO     Training average L_uncertainty at step 1000: 59.038940
2025-12-08 11:38:01 INFO     Training average L_kl at step 1000: 58293.414336
2025-12-08 11:38:01 INFO     Training average L_sigma at step 1000: 745.523098
2025-12-08 11:38:01 INFO     Training average mu_mean at step 1000: -3.080093
2025-12-08 11:38:01 INFO     Training average sigma_mean at step 1000: 0.211296
2025-12-08 11:38:01 INFO     Training average regularization at step 1000: 0.006172
2025-12-08 11:38:01 INFO     Training average loss at step 1000: 2.817848
2025-12-08 11:38:01 INFO     Evaluating on Valid Dataset...
2025-12-08 11:38:01 INFO     >>>>> RuleE emb: Evaluating on valid
2025-12-08 11:38:11 INFO     Data : 4274
2025-12-08 11:38:11 INFO     Hit1 : 0.519186
2025-12-08 11:38:11 INFO     Hit3 : 0.757838
2025-12-08 11:38:11 INFO     Hit10: 0.936125
2025-12-08 11:38:11 INFO     MR   : 3.523631
2025-12-08 11:38:11 INFO     MRR  : 0.660863
2025-12-08 11:39:09 INFO     Training average positive_fact_loss at step 1100: 0.318287
2025-12-08 11:39:09 INFO     Training average negative_fact_loss at step 1100: 0.300152
2025-12-08 11:39:09 INFO     Training average positive_rule_loss at step 1100: 2.101027
2025-12-08 11:39:09 INFO     Training average negative_rule_loss at step 1100: 2.782588
2025-12-08 11:39:09 INFO     Training average L_uncertainty at step 1100: 59.152631
2025-12-08 11:39:09 INFO     Training average L_kl at step 1100: 58412.477813
2025-12-08 11:39:09 INFO     Training average L_sigma at step 1100: 740.150713
2025-12-08 11:39:09 INFO     Training average mu_mean at step 1100: -3.083958
2025-12-08 11:39:09 INFO     Training average sigma_mean at step 1100: 0.211465
2025-12-08 11:39:09 INFO     Training average regularization at step 1100: 0.006197
2025-12-08 11:39:09 INFO     Training average loss at step 1100: 2.816377
2025-12-08 11:40:09 INFO     Training average positive_fact_loss at step 1200: 0.318262
2025-12-08 11:40:09 INFO     Training average negative_fact_loss at step 1200: 0.300045
2025-12-08 11:40:09 INFO     Training average positive_rule_loss at step 1200: 2.096026
2025-12-08 11:40:09 INFO     Training average negative_rule_loss at step 1200: 2.788507
2025-12-08 11:40:09 INFO     Training average L_uncertainty at step 1200: 58.982056
2025-12-08 11:40:09 INFO     Training average L_kl at step 1200: 58248.152422
2025-12-08 11:40:09 INFO     Training average L_sigma at step 1200: 733.900638
2025-12-08 11:40:09 INFO     Training average mu_mean at step 1200: -3.078801
2025-12-08 11:40:09 INFO     Training average sigma_mean at step 1200: 0.211649
2025-12-08 11:40:09 INFO     Training average regularization at step 1200: 0.006201
2025-12-08 11:40:09 INFO     Training average loss at step 1200: 2.816603
2025-12-08 11:41:00 INFO     Training average positive_fact_loss at step 1300: 0.318390
2025-12-08 11:41:00 INFO     Training average negative_fact_loss at step 1300: 0.298897
2025-12-08 11:41:00 INFO     Training average positive_rule_loss at step 1300: 2.100191
2025-12-08 11:41:00 INFO     Training average negative_rule_loss at step 1300: 2.783311
2025-12-08 11:41:00 INFO     Training average L_uncertainty at step 1300: 59.076116
2025-12-08 11:41:00 INFO     Training average L_kl at step 1300: 58366.177695
2025-12-08 11:41:00 INFO     Training average L_sigma at step 1300: 709.935331
2025-12-08 11:41:00 INFO     Training average mu_mean at step 1300: -3.082462
2025-12-08 11:41:00 INFO     Training average sigma_mean at step 1300: 0.211637
2025-12-08 11:41:00 INFO     Training average regularization at step 1300: 0.006207
2025-12-08 11:41:00 INFO     Training average loss at step 1300: 2.815677
2025-12-08 11:41:57 INFO     Training average positive_fact_loss at step 1400: 0.317592
2025-12-08 11:41:57 INFO     Training average negative_fact_loss at step 1400: 0.298017
2025-12-08 11:41:57 INFO     Training average positive_rule_loss at step 1400: 2.095045
2025-12-08 11:41:57 INFO     Training average negative_rule_loss at step 1400: 2.789349
2025-12-08 11:41:57 INFO     Training average L_uncertainty at step 1400: 58.946521
2025-12-08 11:41:57 INFO     Training average L_kl at step 1400: 58258.717187
2025-12-08 11:41:57 INFO     Training average L_sigma at step 1400: 687.801373
2025-12-08 11:41:57 INFO     Training average mu_mean at step 1400: -3.078611
2025-12-08 11:41:57 INFO     Training average sigma_mean at step 1400: 0.211560
2025-12-08 11:41:57 INFO     Training average regularization at step 1400: 0.006215
2025-12-08 11:41:57 INFO     Training average loss at step 1400: 2.815163
2025-12-08 11:42:52 INFO     Training average positive_fact_loss at step 1500: 0.317280
2025-12-08 11:42:52 INFO     Training average negative_fact_loss at step 1500: 0.298030
2025-12-08 11:42:52 INFO     Training average positive_rule_loss at step 1500: 2.099107
2025-12-08 11:42:52 INFO     Training average negative_rule_loss at step 1500: 2.784140
2025-12-08 11:42:52 INFO     Training average L_uncertainty at step 1500: 58.905521
2025-12-08 11:42:52 INFO     Training average L_kl at step 1500: 58231.393594
2025-12-08 11:42:52 INFO     Training average L_sigma at step 1500: 674.124042
2025-12-08 11:42:52 INFO     Training average mu_mean at step 1500: -3.078051
2025-12-08 11:42:52 INFO     Training average sigma_mean at step 1500: 0.211925
2025-12-08 11:42:52 INFO     Training average regularization at step 1500: 0.006218
2025-12-08 11:42:52 INFO     Training average loss at step 1500: 2.814402
2025-12-08 11:43:53 INFO     Training average positive_fact_loss at step 1600: 0.316324
2025-12-08 11:43:53 INFO     Training average negative_fact_loss at step 1600: 0.297285
2025-12-08 11:43:53 INFO     Training average positive_rule_loss at step 1600: 2.094056
2025-12-08 11:43:53 INFO     Training average negative_rule_loss at step 1600: 2.789992
2025-12-08 11:43:53 INFO     Training average L_uncertainty at step 1600: 58.795224
2025-12-08 11:43:53 INFO     Training average L_kl at step 1600: 58144.997930
2025-12-08 11:43:53 INFO     Training average L_sigma at step 1600: 650.223524
2025-12-08 11:43:53 INFO     Training average mu_mean at step 1600: -3.074739
2025-12-08 11:43:53 INFO     Training average sigma_mean at step 1600: 0.211882
2025-12-08 11:43:53 INFO     Training average regularization at step 1600: 0.006236
2025-12-08 11:43:53 INFO     Training average loss at step 1600: 2.813860
2025-12-08 11:44:49 INFO     Training average positive_fact_loss at step 1700: 0.316677
2025-12-08 11:44:49 INFO     Training average negative_fact_loss at step 1700: 0.297021
2025-12-08 11:44:49 INFO     Training average positive_rule_loss at step 1700: 2.097906
2025-12-08 11:44:49 INFO     Training average negative_rule_loss at step 1700: 2.784980
2025-12-08 11:44:49 INFO     Training average L_uncertainty at step 1700: 58.720457
2025-12-08 11:44:49 INFO     Training average L_kl at step 1700: 58086.361875
2025-12-08 11:44:49 INFO     Training average L_sigma at step 1700: 634.092121
2025-12-08 11:44:49 INFO     Training average mu_mean at step 1700: -3.073033
2025-12-08 11:44:49 INFO     Training average sigma_mean at step 1700: 0.212120
2025-12-08 11:44:49 INFO     Training average regularization at step 1700: 0.006232
2025-12-08 11:44:49 INFO     Training average loss at step 1700: 2.813244
2025-12-08 11:45:49 INFO     Training average positive_fact_loss at step 1800: 0.316555
2025-12-08 11:45:49 INFO     Training average negative_fact_loss at step 1800: 0.296865
2025-12-08 11:45:49 INFO     Training average positive_rule_loss at step 1800: 2.092143
2025-12-08 11:45:49 INFO     Training average negative_rule_loss at step 1800: 2.791480
2025-12-08 11:45:49 INFO     Training average L_uncertainty at step 1800: 58.498386
2025-12-08 11:45:49 INFO     Training average L_kl at step 1800: 57885.387266
2025-12-08 11:45:49 INFO     Training average L_sigma at step 1800: 612.996225
2025-12-08 11:45:49 INFO     Training average mu_mean at step 1800: -3.066100
2025-12-08 11:45:49 INFO     Training average sigma_mean at step 1800: 0.212089
2025-12-08 11:45:49 INFO     Training average regularization at step 1800: 0.006235
2025-12-08 11:45:49 INFO     Training average loss at step 1800: 2.813255
2025-12-08 11:46:45 INFO     Training average positive_fact_loss at step 1900: 0.316951
2025-12-08 11:46:45 INFO     Training average negative_fact_loss at step 1900: 0.295985
2025-12-08 11:46:45 INFO     Training average positive_rule_loss at step 1900: 2.096309
2025-12-08 11:46:45 INFO     Training average negative_rule_loss at step 1900: 2.785932
2025-12-08 11:46:45 INFO     Training average L_uncertainty at step 1900: 58.506121
2025-12-08 11:46:45 INFO     Training average L_kl at step 1900: 57902.876953
2025-12-08 11:46:45 INFO     Training average L_sigma at step 1900: 603.241090
2025-12-08 11:46:45 INFO     Training average mu_mean at step 1900: -3.066567
2025-12-08 11:46:45 INFO     Training average sigma_mean at step 1900: 0.212189
2025-12-08 11:46:45 INFO     Training average regularization at step 1900: 0.006242
2025-12-08 11:46:45 INFO     Training average loss at step 1900: 2.812336
2025-12-08 11:47:36 INFO     Training average positive_fact_loss at step 2000: 0.316722
2025-12-08 11:47:36 INFO     Training average negative_fact_loss at step 2000: 0.295992
2025-12-08 11:47:36 INFO     Training average positive_rule_loss at step 2000: 2.089723
2025-12-08 11:47:36 INFO     Training average negative_rule_loss at step 2000: 2.793242
2025-12-08 11:47:36 INFO     Training average L_uncertainty at step 2000: 58.200327
2025-12-08 11:47:36 INFO     Training average L_kl at step 2000: 57606.562578
2025-12-08 11:47:36 INFO     Training average L_sigma at step 2000: 593.761739
2025-12-08 11:47:36 INFO     Training average mu_mean at step 2000: -3.056459
2025-12-08 11:47:36 INFO     Training average sigma_mean at step 2000: 0.212156
2025-12-08 11:47:36 INFO     Training average regularization at step 2000: 0.006236
2025-12-08 11:47:36 INFO     Training average loss at step 2000: 2.812276
2025-12-08 11:47:36 INFO     Evaluating on Valid Dataset...
2025-12-08 11:47:36 INFO     >>>>> RuleE emb: Evaluating on valid
2025-12-08 11:47:47 INFO     Data : 4274
2025-12-08 11:47:47 INFO     Hit1 : 0.531820
2025-12-08 11:47:47 INFO     Hit3 : 0.766729
2025-12-08 11:47:47 INFO     Hit10: 0.939401
2025-12-08 11:47:47 INFO     MR   : 3.425363
2025-12-08 11:47:47 INFO     MRR  : 0.670435
2025-12-08 11:48:44 INFO     Training average positive_fact_loss at step 2100: 0.316155
2025-12-08 11:48:44 INFO     Training average negative_fact_loss at step 2100: 0.295469
2025-12-08 11:48:44 INFO     Training average positive_rule_loss at step 2100: 2.093784
2025-12-08 11:48:44 INFO     Training average negative_rule_loss at step 2100: 2.787571
2025-12-08 11:48:44 INFO     Training average L_uncertainty at step 2100: 58.218596
2025-12-08 11:48:44 INFO     Training average L_kl at step 2100: 57632.846055
2025-12-08 11:48:44 INFO     Training average L_sigma at step 2100: 585.747144
2025-12-08 11:48:44 INFO     Training average mu_mean at step 2100: -3.056864
2025-12-08 11:48:44 INFO     Training average sigma_mean at step 2100: 0.212131
2025-12-08 11:48:44 INFO     Training average regularization at step 2100: 0.006231
2025-12-08 11:48:44 INFO     Training average loss at step 2100: 2.810938
2025-12-08 11:49:45 INFO     Training average positive_fact_loss at step 2200: 0.315939
2025-12-08 11:49:45 INFO     Training average negative_fact_loss at step 2200: 0.295293
2025-12-08 11:49:45 INFO     Training average positive_rule_loss at step 2200: 2.086439
2025-12-08 11:49:45 INFO     Training average negative_rule_loss at step 2200: 2.795475
2025-12-08 11:49:45 INFO     Training average L_uncertainty at step 2200: 57.859343
2025-12-08 11:49:45 INFO     Training average L_kl at step 2200: 57272.880430
2025-12-08 11:49:45 INFO     Training average L_sigma at step 2200: 586.459838
2025-12-08 11:49:45 INFO     Training average mu_mean at step 2200: -3.044548
2025-12-08 11:49:45 INFO     Training average sigma_mean at step 2200: 0.212205
2025-12-08 11:49:45 INFO     Training average regularization at step 2200: 0.006229
2025-12-08 11:49:45 INFO     Training average loss at step 2200: 2.810662
2025-12-08 11:50:40 INFO     Training average positive_fact_loss at step 2300: 0.315753
2025-12-08 11:50:40 INFO     Training average negative_fact_loss at step 2300: 0.295263
2025-12-08 11:50:40 INFO     Training average positive_rule_loss at step 2300: 2.089908
2025-12-08 11:50:40 INFO     Training average negative_rule_loss at step 2300: 2.790124
2025-12-08 11:50:40 INFO     Training average L_uncertainty at step 2300: 57.745183
2025-12-08 11:50:40 INFO     Training average L_kl at step 2300: 57158.666836
2025-12-08 11:50:40 INFO     Training average L_sigma at step 2300: 586.512901
2025-12-08 11:50:40 INFO     Training average mu_mean at step 2300: -3.040152
2025-12-08 11:50:40 INFO     Training average sigma_mean at step 2300: 0.212326
2025-12-08 11:50:40 INFO     Training average regularization at step 2300: 0.006238
2025-12-08 11:50:40 INFO     Training average loss at step 2300: 2.809506
2025-12-08 11:51:41 INFO     Training average positive_fact_loss at step 2400: 0.315378
2025-12-08 11:51:41 INFO     Training average negative_fact_loss at step 2400: 0.295372
2025-12-08 11:51:41 INFO     Training average positive_rule_loss at step 2400: 2.082533
2025-12-08 11:51:41 INFO     Training average negative_rule_loss at step 2400: 2.797737
2025-12-08 11:51:41 INFO     Training average L_uncertainty at step 2400: 57.424157
2025-12-08 11:51:41 INFO     Training average L_kl at step 2400: 56845.011133
2025-12-08 11:51:41 INFO     Training average L_sigma at step 2400: 579.143187
2025-12-08 11:51:41 INFO     Training average mu_mean at step 2400: -3.028743
2025-12-08 11:51:41 INFO     Training average sigma_mean at step 2400: 0.212230
2025-12-08 11:51:41 INFO     Training average regularization at step 2400: 0.006228
2025-12-08 11:51:41 INFO     Training average loss at step 2400: 2.809162
2025-12-08 11:52:37 INFO     Training average positive_fact_loss at step 2500: 0.315943
2025-12-08 11:52:37 INFO     Training average negative_fact_loss at step 2500: 0.294846
2025-12-08 11:52:37 INFO     Training average positive_rule_loss at step 2500: 2.084593
2025-12-08 11:52:37 INFO     Training average negative_rule_loss at step 2500: 2.793440
2025-12-08 11:52:37 INFO     Training average L_uncertainty at step 2500: 57.235801
2025-12-08 11:52:37 INFO     Training average L_kl at step 2500: 56658.368320
2025-12-08 11:52:37 INFO     Training average L_sigma at step 2500: 577.430009
2025-12-08 11:52:37 INFO     Training average mu_mean at step 2500: -3.021222
2025-12-08 11:52:37 INFO     Training average sigma_mean at step 2500: 0.212262
2025-12-08 11:52:37 INFO     Training average regularization at step 2500: 0.006237
2025-12-08 11:52:37 INFO     Training average loss at step 2500: 2.807885
2025-12-08 11:53:32 INFO     Training average positive_fact_loss at step 2600: 0.315878
2025-12-08 11:53:32 INFO     Training average negative_fact_loss at step 2600: 0.294571
2025-12-08 11:53:32 INFO     Training average positive_rule_loss at step 2600: 2.076217
2025-12-08 11:53:32 INFO     Training average negative_rule_loss at step 2600: 2.801548
2025-12-08 11:53:32 INFO     Training average L_uncertainty at step 2600: 56.850300
2025-12-08 11:53:32 INFO     Training average L_kl at step 2600: 56276.443008
2025-12-08 11:53:32 INFO     Training average L_sigma at step 2600: 573.853605
2025-12-08 11:53:32 INFO     Training average mu_mean at step 2600: -3.006680
2025-12-08 11:53:32 INFO     Training average sigma_mean at step 2600: 0.212295
2025-12-08 11:53:32 INFO     Training average regularization at step 2600: 0.006249
2025-12-08 11:53:32 INFO     Training average loss at step 2600: 2.807205
2025-12-08 11:54:24 INFO     Training average positive_fact_loss at step 2700: 0.315672
2025-12-08 11:54:24 INFO     Training average negative_fact_loss at step 2700: 0.294064
2025-12-08 11:54:24 INFO     Training average positive_rule_loss at step 2700: 2.077731
2025-12-08 11:54:24 INFO     Training average negative_rule_loss at step 2700: 2.797128
2025-12-08 11:54:24 INFO     Training average L_uncertainty at step 2700: 56.651393
2025-12-08 11:54:24 INFO     Training average L_kl at step 2700: 56079.911797
2025-12-08 11:54:24 INFO     Training average L_sigma at step 2700: 571.478638
2025-12-08 11:54:24 INFO     Training average mu_mean at step 2700: -2.998091
2025-12-08 11:54:24 INFO     Training average sigma_mean at step 2700: 0.212341
2025-12-08 11:54:24 INFO     Training average regularization at step 2700: 0.006250
2025-12-08 11:54:24 INFO     Training average loss at step 2700: 2.805199
2025-12-08 11:55:25 INFO     Training average positive_fact_loss at step 2800: 0.314897
2025-12-08 11:55:25 INFO     Training average negative_fact_loss at step 2800: 0.294356
2025-12-08 11:55:25 INFO     Training average positive_rule_loss at step 2800: 2.068581
2025-12-08 11:55:25 INFO     Training average negative_rule_loss at step 2800: 2.804897
2025-12-08 11:55:25 INFO     Training average L_uncertainty at step 2800: 56.345328
2025-12-08 11:55:25 INFO     Training average L_kl at step 2800: 55783.039844
2025-12-08 11:55:25 INFO     Training average L_sigma at step 2800: 562.285414
2025-12-08 11:55:25 INFO     Training average mu_mean at step 2800: -2.984840
2025-12-08 11:55:25 INFO     Training average sigma_mean at step 2800: 0.212212
2025-12-08 11:55:25 INFO     Training average regularization at step 2800: 0.006237
2025-12-08 11:55:25 INFO     Training average loss at step 2800: 2.803948
2025-12-08 11:56:20 INFO     Training average positive_fact_loss at step 2900: 0.315365
2025-12-08 11:56:20 INFO     Training average negative_fact_loss at step 2900: 0.294187
2025-12-08 11:56:20 INFO     Training average positive_rule_loss at step 2900: 2.067298
2025-12-08 11:56:20 INFO     Training average negative_rule_loss at step 2900: 2.802381
2025-12-08 11:56:20 INFO     Training average L_uncertainty at step 2900: 56.001173
2025-12-08 11:56:20 INFO     Training average L_kl at step 2900: 55439.454141
2025-12-08 11:56:20 INFO     Training average L_sigma at step 2900: 561.716569
2025-12-08 11:56:20 INFO     Training average mu_mean at step 2900: -2.969668
2025-12-08 11:56:20 INFO     Training average sigma_mean at step 2900: 0.212280
2025-12-08 11:56:20 INFO     Training average regularization at step 2900: 0.006249
2025-12-08 11:56:20 INFO     Training average loss at step 2900: 2.801865
2025-12-08 11:57:21 INFO     Training average positive_fact_loss at step 3000: 0.315321
2025-12-08 11:57:21 INFO     Training average negative_fact_loss at step 3000: 0.294012
2025-12-08 11:57:21 INFO     Training average positive_rule_loss at step 3000: 2.056919
2025-12-08 11:57:21 INFO     Training average negative_rule_loss at step 3000: 2.810015
2025-12-08 11:57:21 INFO     Training average L_uncertainty at step 3000: 55.772109
2025-12-08 11:57:21 INFO     Training average L_kl at step 3000: 55219.570000
2025-12-08 11:57:21 INFO     Training average L_sigma at step 3000: 552.536115
2025-12-08 11:57:21 INFO     Training average mu_mean at step 3000: -2.957368
2025-12-08 11:57:21 INFO     Training average sigma_mean at step 3000: 0.212087
2025-12-08 11:57:21 INFO     Training average regularization at step 3000: 0.006245
2025-12-08 11:57:21 INFO     Training average loss at step 3000: 2.800151
2025-12-08 11:57:21 INFO     Evaluating on Valid Dataset...
2025-12-08 11:57:21 INFO     >>>>> RuleE emb: Evaluating on valid
2025-12-08 11:57:31 INFO     Data : 4274
2025-12-08 11:57:31 INFO     Hit1 : 0.522695
2025-12-08 11:57:31 INFO     Hit3 : 0.769771
2025-12-08 11:57:31 INFO     Hit10: 0.941039
2025-12-08 11:57:31 INFO     MR   : 3.435657
2025-12-08 11:57:31 INFO     MRR  : 0.665854
2025-12-08 11:58:27 INFO     Training average positive_fact_loss at step 3100: 0.315204
2025-12-08 11:58:27 INFO     Training average negative_fact_loss at step 3100: 0.293909
2025-12-08 11:58:27 INFO     Training average positive_rule_loss at step 3100: 2.056309
2025-12-08 11:58:27 INFO     Training average negative_rule_loss at step 3100: 2.805163
2025-12-08 11:58:27 INFO     Training average L_uncertainty at step 3100: 55.565841
2025-12-08 11:58:27 INFO     Training average L_kl at step 3100: 55014.763906
2025-12-08 11:58:27 INFO     Training average L_sigma at step 3100: 551.074806
2025-12-08 11:58:27 INFO     Training average mu_mean at step 3100: -2.945260
2025-12-08 11:58:27 INFO     Training average sigma_mean at step 3100: 0.212039
2025-12-08 11:58:27 INFO     Training average regularization at step 3100: 0.006243
2025-12-08 11:58:27 INFO     Training average loss at step 3100: 2.797102
2025-12-08 11:59:27 INFO     Training average positive_fact_loss at step 3200: 0.315467
2025-12-08 11:59:27 INFO     Training average negative_fact_loss at step 3200: 0.293782
2025-12-08 11:59:27 INFO     Training average positive_rule_loss at step 3200: 2.047328
2025-12-08 11:59:27 INFO     Training average negative_rule_loss at step 3200: 2.810320
2025-12-08 11:59:27 INFO     Training average L_uncertainty at step 3200: 55.321150
2025-12-08 11:59:27 INFO     Training average L_kl at step 3200: 54775.421953
2025-12-08 11:59:27 INFO     Training average L_sigma at step 3200: 545.725938
2025-12-08 11:59:27 INFO     Training average mu_mean at step 3200: -2.931379
2025-12-08 11:59:27 INFO     Training average sigma_mean at step 3200: 0.211872
2025-12-08 11:59:27 INFO     Training average regularization at step 3200: 0.006244
2025-12-08 11:59:27 INFO     Training average loss at step 3200: 2.795014
2025-12-08 12:00:14 INFO     Training average positive_fact_loss at step 3300: 0.315060
2025-12-08 12:00:14 INFO     Training average negative_fact_loss at step 3300: 0.293649
2025-12-08 12:00:14 INFO     Training average positive_rule_loss at step 3300: 2.044955
2025-12-08 12:00:14 INFO     Training average negative_rule_loss at step 3300: 2.806765
2025-12-08 12:00:14 INFO     Training average L_uncertainty at step 3300: 54.975105
2025-12-08 12:00:14 INFO     Training average L_kl at step 3300: 54429.110195
2025-12-08 12:00:14 INFO     Training average L_sigma at step 3300: 545.992899
2025-12-08 12:00:14 INFO     Training average mu_mean at step 3300: -2.913633
2025-12-08 12:00:14 INFO     Training average sigma_mean at step 3300: 0.211861
2025-12-08 12:00:14 INFO     Training average regularization at step 3300: 0.006249
2025-12-08 12:00:14 INFO     Training average loss at step 3300: 2.791439
2025-12-08 12:01:14 INFO     Training average positive_fact_loss at step 3400: 0.315080
2025-12-08 12:01:14 INFO     Training average negative_fact_loss at step 3400: 0.292991
2025-12-08 12:01:14 INFO     Training average positive_rule_loss at step 3400: 2.037077
2025-12-08 12:01:14 INFO     Training average negative_rule_loss at step 3400: 2.808785
2025-12-08 12:01:14 INFO     Training average L_uncertainty at step 3400: 54.983727
2025-12-08 12:01:14 INFO     Training average L_kl at step 3400: 54437.611367
2025-12-08 12:01:14 INFO     Training average L_sigma at step 3400: 546.113618
2025-12-08 12:01:14 INFO     Training average mu_mean at step 3400: -2.906995
2025-12-08 12:01:14 INFO     Training average sigma_mean at step 3400: 0.211737
2025-12-08 12:01:14 INFO     Training average regularization at step 3400: 0.006263
2025-12-08 12:01:14 INFO     Training average loss at step 3400: 2.788213
2025-12-08 12:02:10 INFO     Training average positive_fact_loss at step 3500: 0.315176
2025-12-08 12:02:10 INFO     Training average negative_fact_loss at step 3500: 0.293547
2025-12-08 12:02:10 INFO     Training average positive_rule_loss at step 3500: 2.036920
2025-12-08 12:02:10 INFO     Training average negative_rule_loss at step 3500: 2.801980
2025-12-08 12:02:10 INFO     Training average L_uncertainty at step 3500: 54.799161
2025-12-08 12:02:10 INFO     Training average L_kl at step 3500: 54254.680391
2025-12-08 12:02:10 INFO     Training average L_sigma at step 3500: 544.478267
2025-12-08 12:02:10 INFO     Training average mu_mean at step 3500: -2.894652
2025-12-08 12:02:10 INFO     Training average sigma_mean at step 3500: 0.211701
2025-12-08 12:02:10 INFO     Training average regularization at step 3500: 0.006242
2025-12-08 12:02:10 INFO     Training average loss at step 3500: 2.784852
2025-12-08 12:03:10 INFO     Training average positive_fact_loss at step 3600: 0.315153
2025-12-08 12:03:10 INFO     Training average negative_fact_loss at step 3600: 0.293478
2025-12-08 12:03:10 INFO     Training average positive_rule_loss at step 3600: 2.032048
2025-12-08 12:03:10 INFO     Training average negative_rule_loss at step 3600: 2.800614
2025-12-08 12:03:10 INFO     Training average L_uncertainty at step 3600: 54.873140
2025-12-08 12:03:10 INFO     Training average L_kl at step 3600: 54327.979805
2025-12-08 12:03:10 INFO     Training average L_sigma at step 3600: 545.157822
2025-12-08 12:03:10 INFO     Training average mu_mean at step 3600: -2.891104
2025-12-08 12:03:10 INFO     Training average sigma_mean at step 3600: 0.211682
2025-12-08 12:03:10 INFO     Training average regularization at step 3600: 0.006231
2025-12-08 12:03:10 INFO     Training average loss at step 3600: 2.781751
2025-12-08 12:04:07 INFO     Training average positive_fact_loss at step 3700: 0.314626
2025-12-08 12:04:07 INFO     Training average negative_fact_loss at step 3700: 0.293339
2025-12-08 12:04:07 INFO     Training average positive_rule_loss at step 3700: 2.032760
2025-12-08 12:04:07 INFO     Training average negative_rule_loss at step 3700: 2.794156
2025-12-08 12:04:07 INFO     Training average L_uncertainty at step 3700: 54.669357
2025-12-08 12:04:07 INFO     Training average L_kl at step 3700: 54132.062305
2025-12-08 12:04:07 INFO     Training average L_sigma at step 3700: 537.291648
2025-12-08 12:04:07 INFO     Training average mu_mean at step 3700: -2.879214
2025-12-08 12:04:07 INFO     Training average sigma_mean at step 3700: 0.211540
2025-12-08 12:04:07 INFO     Training average regularization at step 3700: 0.006244
2025-12-08 12:04:07 INFO     Training average loss at step 3700: 2.778354
2025-12-08 12:05:08 INFO     Training average positive_fact_loss at step 3800: 0.314571
2025-12-08 12:05:08 INFO     Training average negative_fact_loss at step 3800: 0.292932
2025-12-08 12:05:08 INFO     Training average positive_rule_loss at step 3800: 2.031189
2025-12-08 12:05:08 INFO     Training average negative_rule_loss at step 3800: 2.790910
2025-12-08 12:05:08 INFO     Training average L_uncertainty at step 3800: 54.813221
2025-12-08 12:05:08 INFO     Training average L_kl at step 3800: 54283.381602
2025-12-08 12:05:08 INFO     Training average L_sigma at step 3800: 529.836406
2025-12-08 12:05:08 INFO     Training average mu_mean at step 3800: -2.879256
2025-12-08 12:05:08 INFO     Training average sigma_mean at step 3800: 0.211409
2025-12-08 12:05:08 INFO     Training average regularization at step 3800: 0.006256
2025-12-08 12:05:08 INFO     Training average loss at step 3800: 2.775870
2025-12-08 12:05:59 INFO     Training average positive_fact_loss at step 3900: 0.314798
2025-12-08 12:05:59 INFO     Training average negative_fact_loss at step 3900: 0.293296
2025-12-08 12:05:59 INFO     Training average positive_rule_loss at step 3900: 2.033676
2025-12-08 12:05:59 INFO     Training average negative_rule_loss at step 3900: 2.783713
2025-12-08 12:05:59 INFO     Training average L_uncertainty at step 3900: 54.579135
2025-12-08 12:05:59 INFO     Training average L_kl at step 3900: 54053.054219
2025-12-08 12:05:59 INFO     Training average L_sigma at step 3900: 526.078248
2025-12-08 12:05:59 INFO     Training average mu_mean at step 3900: -2.868904
2025-12-08 12:05:59 INFO     Training average sigma_mean at step 3900: 0.211322
2025-12-08 12:05:59 INFO     Training average regularization at step 3900: 0.006253
2025-12-08 12:05:59 INFO     Training average loss at step 3900: 2.773574
2025-12-08 12:06:55 INFO     Training average positive_fact_loss at step 4000: 0.314813
2025-12-08 12:06:55 INFO     Training average negative_fact_loss at step 4000: 0.292672
2025-12-08 12:06:55 INFO     Training average positive_rule_loss at step 4000: 2.032735
2025-12-08 12:06:55 INFO     Training average negative_rule_loss at step 4000: 2.779810
2025-12-08 12:06:55 INFO     Training average L_uncertainty at step 4000: 54.806526
2025-12-08 12:06:55 INFO     Training average L_kl at step 4000: 54279.088789
2025-12-08 12:06:55 INFO     Training average L_sigma at step 4000: 527.434666
2025-12-08 12:06:55 INFO     Training average mu_mean at step 4000: -2.873211
2025-12-08 12:06:55 INFO     Training average sigma_mean at step 4000: 0.211314
2025-12-08 12:06:55 INFO     Training average regularization at step 4000: 0.006258
2025-12-08 12:06:55 INFO     Training average loss at step 4000: 2.771079
2025-12-08 12:06:55 INFO     Evaluating on Valid Dataset...
2025-12-08 12:06:55 INFO     >>>>> RuleE emb: Evaluating on valid
2025-12-08 12:07:05 INFO     Data : 4274
2025-12-08 12:07:05 INFO     Hit1 : 0.528545
2025-12-08 12:07:05 INFO     Hit3 : 0.767899
2025-12-08 12:07:05 INFO     Hit10: 0.942443
2025-12-08 12:07:05 INFO     MR   : 3.401965
2025-12-08 12:07:05 INFO     MRR  : 0.670250
2025-12-08 12:08:02 INFO     Training average positive_fact_loss at step 4100: 0.315523
2025-12-08 12:08:02 INFO     Training average negative_fact_loss at step 4100: 0.292576
2025-12-08 12:08:02 INFO     Training average positive_rule_loss at step 4100: 2.036197
2025-12-08 12:08:02 INFO     Training average negative_rule_loss at step 4100: 2.773877
2025-12-08 12:08:02 INFO     Training average L_uncertainty at step 4100: 54.537064
2025-12-08 12:08:02 INFO     Training average L_kl at step 4100: 54017.685469
2025-12-08 12:08:02 INFO     Training average L_sigma at step 4100: 519.375767
2025-12-08 12:08:02 INFO     Training average mu_mean at step 4100: -2.862747
2025-12-08 12:08:02 INFO     Training average sigma_mean at step 4100: 0.211161
2025-12-08 12:08:02 INFO     Training average regularization at step 4100: 0.006247
2025-12-08 12:08:02 INFO     Training average loss at step 4100: 2.769871
2025-12-08 12:09:02 INFO     Training average positive_fact_loss at step 4200: 0.313809
2025-12-08 12:09:02 INFO     Training average negative_fact_loss at step 4200: 0.292901
2025-12-08 12:09:02 INFO     Training average positive_rule_loss at step 4200: 2.037544
2025-12-08 12:09:02 INFO     Training average negative_rule_loss at step 4200: 2.766882
2025-12-08 12:09:02 INFO     Training average L_uncertainty at step 4200: 54.976642
2025-12-08 12:09:02 INFO     Training average L_kl at step 4200: 54464.389023
2025-12-08 12:09:02 INFO     Training average L_sigma at step 4200: 512.250689
2025-12-08 12:09:02 INFO     Training average mu_mean at step 4200: -2.875793
2025-12-08 12:09:02 INFO     Training average sigma_mean at step 4200: 0.211027
2025-12-08 12:09:02 INFO     Training average regularization at step 4200: 0.006243
2025-12-08 12:09:02 INFO     Training average loss at step 4200: 2.766787
2025-12-08 12:09:58 INFO     Training average positive_fact_loss at step 4300: 0.314364
2025-12-08 12:09:58 INFO     Training average negative_fact_loss at step 4300: 0.292825
2025-12-08 12:09:58 INFO     Training average positive_rule_loss at step 4300: 2.040712
2025-12-08 12:09:58 INFO     Training average negative_rule_loss at step 4300: 2.761437
2025-12-08 12:09:58 INFO     Training average L_uncertainty at step 4300: 54.703254
2025-12-08 12:09:58 INFO     Training average L_kl at step 4300: 54188.044609
2025-12-08 12:09:58 INFO     Training average L_sigma at step 4300: 515.206646
2025-12-08 12:09:58 INFO     Training average mu_mean at step 4300: -2.865012
2025-12-08 12:09:58 INFO     Training average sigma_mean at step 4300: 0.211089
2025-12-08 12:09:58 INFO     Training average regularization at step 4300: 0.006253
2025-12-08 12:09:58 INFO     Training average loss at step 4300: 2.765626
2025-12-08 12:10:59 INFO     Training average positive_fact_loss at step 4400: 0.314143
2025-12-08 12:10:59 INFO     Training average negative_fact_loss at step 4400: 0.292425
2025-12-08 12:10:59 INFO     Training average positive_rule_loss at step 4400: 2.041505
2025-12-08 12:10:59 INFO     Training average negative_rule_loss at step 4400: 2.757455
2025-12-08 12:10:59 INFO     Training average L_uncertainty at step 4400: 54.948626
2025-12-08 12:10:59 INFO     Training average L_kl at step 4400: 54429.023672
2025-12-08 12:10:59 INFO     Training average L_sigma at step 4400: 519.599916
2025-12-08 12:10:59 INFO     Training average mu_mean at step 4400: -2.873413
2025-12-08 12:10:59 INFO     Training average sigma_mean at step 4400: 0.211170
2025-12-08 12:10:59 INFO     Training average regularization at step 4400: 0.006252
2025-12-08 12:10:59 INFO     Training average loss at step 4400: 2.763965
2025-12-08 12:11:55 INFO     Training average positive_fact_loss at step 4500: 0.314991
2025-12-08 12:11:55 INFO     Training average negative_fact_loss at step 4500: 0.292815
2025-12-08 12:11:55 INFO     Training average positive_rule_loss at step 4500: 2.045872
2025-12-08 12:11:55 INFO     Training average negative_rule_loss at step 4500: 2.750873
2025-12-08 12:11:55 INFO     Training average L_uncertainty at step 4500: 54.734192
2025-12-08 12:11:55 INFO     Training average L_kl at step 4500: 54217.856797
2025-12-08 12:11:55 INFO     Training average L_sigma at step 4500: 516.332133
2025-12-08 12:11:55 INFO     Training average mu_mean at step 4500: -2.866460
2025-12-08 12:11:55 INFO     Training average sigma_mean at step 4500: 0.211098
2025-12-08 12:11:55 INFO     Training average regularization at step 4500: 0.006251
2025-12-08 12:11:55 INFO     Training average loss at step 4500: 2.763261
2025-12-08 12:12:46 INFO     Training average positive_fact_loss at step 4600: 0.314708
2025-12-08 12:12:46 INFO     Training average negative_fact_loss at step 4600: 0.292279
2025-12-08 12:12:46 INFO     Training average positive_rule_loss at step 4600: 2.047058
2025-12-08 12:12:46 INFO     Training average negative_rule_loss at step 4600: 2.748007
2025-12-08 12:12:46 INFO     Training average L_uncertainty at step 4600: 54.905778
2025-12-08 12:12:46 INFO     Training average L_kl at step 4600: 54396.690000
2025-12-08 12:12:46 INFO     Training average L_sigma at step 4600: 509.085479
2025-12-08 12:12:46 INFO     Training average mu_mean at step 4600: -2.870963
2025-12-08 12:12:46 INFO     Training average sigma_mean at step 4600: 0.210944
2025-12-08 12:12:46 INFO     Training average regularization at step 4600: 0.006253
2025-12-08 12:12:46 INFO     Training average loss at step 4600: 2.762185
2025-12-08 12:13:41 INFO     Training average positive_fact_loss at step 4700: 0.314033
2025-12-08 12:13:41 INFO     Training average negative_fact_loss at step 4700: 0.292322
2025-12-08 12:13:41 INFO     Training average positive_rule_loss at step 4700: 2.050807
2025-12-08 12:13:41 INFO     Training average negative_rule_loss at step 4700: 2.741158
2025-12-08 12:13:41 INFO     Training average L_uncertainty at step 4700: 54.895374
2025-12-08 12:13:41 INFO     Training average L_kl at step 4700: 54381.444805
2025-12-08 12:13:41 INFO     Training average L_sigma at step 4700: 513.927130
2025-12-08 12:13:41 INFO     Training average mu_mean at step 4700: -2.870740
2025-12-08 12:13:41 INFO     Training average sigma_mean at step 4700: 0.211035
2025-12-08 12:13:41 INFO     Training average regularization at step 4700: 0.006260
2025-12-08 12:13:41 INFO     Training average loss at step 4700: 2.760315
2025-12-08 12:14:42 INFO     Training average positive_fact_loss at step 4800: 0.314193
2025-12-08 12:14:42 INFO     Training average negative_fact_loss at step 4800: 0.292307
2025-12-08 12:14:42 INFO     Training average positive_rule_loss at step 4800: 2.052132
2025-12-08 12:14:42 INFO     Training average negative_rule_loss at step 4800: 2.738289
2025-12-08 12:14:42 INFO     Training average L_uncertainty at step 4800: 55.126439
2025-12-08 12:14:42 INFO     Training average L_kl at step 4800: 54614.900156
2025-12-08 12:14:42 INFO     Training average L_sigma at step 4800: 511.535803
2025-12-08 12:14:42 INFO     Training average mu_mean at step 4800: -2.877770
2025-12-08 12:14:42 INFO     Training average sigma_mean at step 4800: 0.210865
2025-12-08 12:14:42 INFO     Training average regularization at step 4800: 0.006256
2025-12-08 12:14:42 INFO     Training average loss at step 4800: 2.759843
2025-12-08 12:15:37 INFO     Training average positive_fact_loss at step 4900: 0.314537
2025-12-08 12:15:37 INFO     Training average negative_fact_loss at step 4900: 0.292374
2025-12-08 12:15:37 INFO     Training average positive_rule_loss at step 4900: 2.053369
2025-12-08 12:15:37 INFO     Training average negative_rule_loss at step 4900: 2.735862
2025-12-08 12:15:37 INFO     Training average L_uncertainty at step 4900: 54.736125
2025-12-08 12:15:37 INFO     Training average L_kl at step 4900: 54228.158125
2025-12-08 12:15:37 INFO     Training average L_sigma at step 4900: 507.964113
2025-12-08 12:15:37 INFO     Training average mu_mean at step 4900: -2.864998
2025-12-08 12:15:37 INFO     Training average sigma_mean at step 4900: 0.210895
2025-12-08 12:15:37 INFO     Training average regularization at step 4900: 0.006251
2025-12-08 12:15:37 INFO     Training average loss at step 4900: 2.759058
2025-12-08 12:16:37 INFO     Training average positive_fact_loss at step 5000: 0.314149
2025-12-08 12:16:37 INFO     Training average negative_fact_loss at step 5000: 0.292562
2025-12-08 12:16:37 INFO     Training average positive_rule_loss at step 5000: 2.056140
2025-12-08 12:16:37 INFO     Training average negative_rule_loss at step 5000: 2.730598
2025-12-08 12:16:37 INFO     Training average L_uncertainty at step 5000: 55.083940
2025-12-08 12:16:37 INFO     Training average L_kl at step 5000: 54572.860039
2025-12-08 12:16:37 INFO     Training average L_sigma at step 5000: 511.077394
2025-12-08 12:16:37 INFO     Training average mu_mean at step 5000: -2.876102
2025-12-08 12:16:37 INFO     Training average sigma_mean at step 5000: 0.211016
2025-12-08 12:16:37 INFO     Training average regularization at step 5000: 0.006243
2025-12-08 12:16:37 INFO     Training average loss at step 5000: 2.758052
2025-12-08 12:16:37 INFO     Evaluating on Valid Dataset...
2025-12-08 12:16:37 INFO     >>>>> RuleE emb: Evaluating on valid
2025-12-08 12:16:48 INFO     Data : 4274
2025-12-08 12:16:48 INFO     Hit1 : 0.536734
2025-12-08 12:16:48 INFO     Hit3 : 0.766729
2025-12-08 12:16:48 INFO     Hit10: 0.942911
2025-12-08 12:16:48 INFO     MR   : 3.405475
2025-12-08 12:16:48 INFO     MRR  : 0.673113
2025-12-08 12:17:45 INFO     Training average positive_fact_loss at step 5100: 0.314819
2025-12-08 12:17:45 INFO     Training average negative_fact_loss at step 5100: 0.292586
2025-12-08 12:17:45 INFO     Training average positive_rule_loss at step 5100: 2.057981
2025-12-08 12:17:45 INFO     Training average negative_rule_loss at step 5100: 2.728415
2025-12-08 12:17:45 INFO     Training average L_uncertainty at step 5100: 54.777010
2025-12-08 12:17:45 INFO     Training average L_kl at step 5100: 54268.273867
2025-12-08 12:17:45 INFO     Training average L_sigma at step 5100: 508.733859
2025-12-08 12:17:45 INFO     Training average mu_mean at step 5100: -2.866299
2025-12-08 12:17:45 INFO     Training average sigma_mean at step 5100: 0.210819
2025-12-08 12:17:45 INFO     Training average regularization at step 5100: 0.006247
2025-12-08 12:17:45 INFO     Training average loss at step 5100: 2.757924
2025-12-08 12:18:41 INFO     Training average positive_fact_loss at step 5200: 0.314157
2025-12-08 12:18:41 INFO     Training average negative_fact_loss at step 5200: 0.291567
2025-12-08 12:18:41 INFO     Training average positive_rule_loss at step 5200: 2.061751
2025-12-08 12:18:41 INFO     Training average negative_rule_loss at step 5200: 2.721350
2025-12-08 12:18:41 INFO     Training average L_uncertainty at step 5200: 55.330765
2025-12-08 12:18:41 INFO     Training average L_kl at step 5200: 54816.415742
2025-12-08 12:18:41 INFO     Training average L_sigma at step 5200: 514.346830
2025-12-08 12:18:41 INFO     Training average mu_mean at step 5200: -2.883980
2025-12-08 12:18:41 INFO     Training average sigma_mean at step 5200: 0.210867
2025-12-08 12:18:41 INFO     Training average regularization at step 5200: 0.006257
2025-12-08 12:18:41 INFO     Training average loss at step 5200: 2.756000
2025-12-08 12:19:33 INFO     Training average positive_fact_loss at step 5300: 0.314434
2025-12-08 12:19:33 INFO     Training average negative_fact_loss at step 5300: 0.291954
2025-12-08 12:19:33 INFO     Training average positive_rule_loss at step 5300: 2.063398
2025-12-08 12:19:33 INFO     Training average negative_rule_loss at step 5300: 2.719222
2025-12-08 12:19:33 INFO     Training average L_uncertainty at step 5300: 55.118395
2025-12-08 12:19:33 INFO     Training average L_kl at step 5300: 54601.545977
2025-12-08 12:19:33 INFO     Training average L_sigma at step 5300: 516.846188
2025-12-08 12:19:33 INFO     Training average mu_mean at step 5300: -2.877176
2025-12-08 12:19:33 INFO     Training average sigma_mean at step 5300: 0.210783
2025-12-08 12:19:33 INFO     Training average regularization at step 5300: 0.006252
2025-12-08 12:19:33 INFO     Training average loss at step 5300: 2.755875
2025-12-08 12:20:33 INFO     Training average positive_fact_loss at step 5400: 0.313783
2025-12-08 12:20:33 INFO     Training average negative_fact_loss at step 5400: 0.292037
2025-12-08 12:20:33 INFO     Training average positive_rule_loss at step 5400: 2.061286
2025-12-08 12:20:33 INFO     Training average negative_rule_loss at step 5400: 2.722188
2025-12-08 12:20:33 INFO     Training average L_uncertainty at step 5400: 54.756716
2025-12-08 12:20:33 INFO     Training average L_kl at step 5400: 54241.815273
2025-12-08 12:20:33 INFO     Training average L_sigma at step 5400: 514.898310
2025-12-08 12:20:33 INFO     Training average mu_mean at step 5400: -2.865246
2025-12-08 12:20:33 INFO     Training average sigma_mean at step 5400: 0.211014
2025-12-08 12:20:33 INFO     Training average regularization at step 5400: 0.006252
2025-12-08 12:20:33 INFO     Training average loss at step 5400: 2.755656
2025-12-08 12:21:29 INFO     Training average positive_fact_loss at step 5500: 0.314426
2025-12-08 12:21:29 INFO     Training average negative_fact_loss at step 5500: 0.292198
2025-12-08 12:21:29 INFO     Training average positive_rule_loss at step 5500: 2.064942
2025-12-08 12:21:29 INFO     Training average negative_rule_loss at step 5500: 2.714792
2025-12-08 12:21:29 INFO     Training average L_uncertainty at step 5500: 54.940189
2025-12-08 12:21:29 INFO     Training average L_kl at step 5500: 54437.595859
2025-12-08 12:21:29 INFO     Training average L_sigma at step 5500: 502.590688
2025-12-08 12:21:29 INFO     Training average mu_mean at step 5500: -2.870968
2025-12-08 12:21:29 INFO     Training average sigma_mean at step 5500: 0.210693
2025-12-08 12:21:29 INFO     Training average regularization at step 5500: 0.006243
2025-12-08 12:21:29 INFO     Training average loss at step 5500: 2.754362
2025-12-08 12:22:29 INFO     Training average positive_fact_loss at step 5600: 0.313614
2025-12-08 12:22:29 INFO     Training average negative_fact_loss at step 5600: 0.292126
2025-12-08 12:22:29 INFO     Training average positive_rule_loss at step 5600: 2.065007
2025-12-08 12:22:29 INFO     Training average negative_rule_loss at step 5600: 2.714387
2025-12-08 12:22:29 INFO     Training average L_uncertainty at step 5600: 55.027846
2025-12-08 12:22:29 INFO     Training average L_kl at step 5600: 54522.405156
2025-12-08 12:22:29 INFO     Training average L_sigma at step 5600: 505.438465
2025-12-08 12:22:29 INFO     Training average mu_mean at step 5600: -2.873686
2025-12-08 12:22:29 INFO     Training average sigma_mean at step 5600: 0.210835
2025-12-08 12:22:29 INFO     Training average regularization at step 5600: 0.006240
2025-12-08 12:22:29 INFO     Training average loss at step 5600: 2.753835
2025-12-08 12:23:25 INFO     Training average positive_fact_loss at step 5700: 0.314774
2025-12-08 12:23:25 INFO     Training average negative_fact_loss at step 5700: 0.292282
2025-12-08 12:23:25 INFO     Training average positive_rule_loss at step 5700: 2.066790
2025-12-08 12:23:25 INFO     Training average negative_rule_loss at step 5700: 2.710113
2025-12-08 12:23:25 INFO     Training average L_uncertainty at step 5700: 54.769825
2025-12-08 12:23:25 INFO     Training average L_kl at step 5700: 54261.649336
2025-12-08 12:23:25 INFO     Training average L_sigma at step 5700: 508.172931
2025-12-08 12:23:25 INFO     Training average mu_mean at step 5700: -2.864790
2025-12-08 12:23:25 INFO     Training average sigma_mean at step 5700: 0.210844
2025-12-08 12:23:25 INFO     Training average regularization at step 5700: 0.006250
2025-12-08 12:23:25 INFO     Training average loss at step 5700: 2.753000
2025-12-08 12:24:26 INFO     Training average positive_fact_loss at step 5800: 0.313855
2025-12-08 12:24:26 INFO     Training average negative_fact_loss at step 5800: 0.292000
2025-12-08 12:24:26 INFO     Training average positive_rule_loss at step 5800: 2.069260
2025-12-08 12:24:26 INFO     Training average negative_rule_loss at step 5800: 2.708953
2025-12-08 12:24:26 INFO     Training average L_uncertainty at step 5800: 55.021005
2025-12-08 12:24:26 INFO     Training average L_kl at step 5800: 54511.182852
2025-12-08 12:24:26 INFO     Training average L_sigma at step 5800: 509.819028
2025-12-08 12:24:26 INFO     Training average mu_mean at step 5800: -2.872988
2025-12-08 12:24:26 INFO     Training average sigma_mean at step 5800: 0.210773
2025-12-08 12:24:26 INFO     Training average regularization at step 5800: 0.006243
2025-12-08 12:24:26 INFO     Training average loss at step 5800: 2.753297
2025-12-08 12:25:13 INFO     Training average positive_fact_loss at step 5900: 0.314868
2025-12-08 12:25:13 INFO     Training average negative_fact_loss at step 5900: 0.291742
2025-12-08 12:25:13 INFO     Training average positive_rule_loss at step 5900: 2.068462
2025-12-08 12:25:13 INFO     Training average negative_rule_loss at step 5900: 2.707391
2025-12-08 12:25:13 INFO     Training average L_uncertainty at step 5900: 54.754616
2025-12-08 12:25:13 INFO     Training average L_kl at step 5900: 54246.557305
2025-12-08 12:25:13 INFO     Training average L_sigma at step 5900: 508.056362
2025-12-08 12:25:13 INFO     Training average mu_mean at step 5900: -2.864370
2025-12-08 12:25:13 INFO     Training average sigma_mean at step 5900: 0.210914
2025-12-08 12:25:13 INFO     Training average regularization at step 5900: 0.006252
2025-12-08 12:25:13 INFO     Training average loss at step 5900: 2.752239
2025-12-08 12:26:13 INFO     Training average positive_fact_loss at step 6000: 0.314192
2025-12-08 12:26:13 INFO     Training average negative_fact_loss at step 6000: 0.291813
2025-12-08 12:26:13 INFO     Training average positive_rule_loss at step 6000: 2.069200
2025-12-08 12:26:13 INFO     Training average negative_rule_loss at step 6000: 2.704790
2025-12-08 12:26:13 INFO     Training average L_uncertainty at step 6000: 54.899379
2025-12-08 12:26:13 INFO     Training average L_kl at step 6000: 54396.480195
2025-12-08 12:26:13 INFO     Training average L_sigma at step 6000: 502.896241
2025-12-08 12:26:13 INFO     Training average mu_mean at step 6000: -2.868420
2025-12-08 12:26:13 INFO     Training average sigma_mean at step 6000: 0.210686
2025-12-08 12:26:13 INFO     Training average regularization at step 6000: 0.006245
2025-12-08 12:26:13 INFO     Training average loss at step 6000: 2.751142
2025-12-08 12:26:13 INFO     Evaluating on Valid Dataset...
2025-12-08 12:26:13 INFO     >>>>> RuleE emb: Evaluating on valid
2025-12-08 12:26:23 INFO     Data : 4274
2025-12-08 12:26:23 INFO     Hit1 : 0.534862
2025-12-08 12:26:23 INFO     Hit3 : 0.768133
2025-12-08 12:26:23 INFO     Hit10: 0.939869
2025-12-08 12:26:23 INFO     MR   : 3.423725
2025-12-08 12:26:23 INFO     MRR  : 0.672414
2025-12-08 12:27:19 INFO     Training average positive_fact_loss at step 6100: 0.313563
2025-12-08 12:27:19 INFO     Training average negative_fact_loss at step 6100: 0.291795
2025-12-08 12:27:19 INFO     Training average positive_rule_loss at step 6100: 2.070966
2025-12-08 12:27:19 INFO     Training average negative_rule_loss at step 6100: 2.701334
2025-12-08 12:27:19 INFO     Training average L_uncertainty at step 6100: 54.811603
2025-12-08 12:27:19 INFO     Training average L_kl at step 6100: 54300.339609
2025-12-08 12:27:19 INFO     Training average L_sigma at step 6100: 511.260696
2025-12-08 12:27:19 INFO     Training average mu_mean at step 6100: -2.864957
2025-12-08 12:27:19 INFO     Training average sigma_mean at step 6100: 0.210978
2025-12-08 12:27:19 INFO     Training average regularization at step 6100: 0.006247
2025-12-08 12:27:19 INFO     Training average loss at step 6100: 2.749887
2025-12-08 12:28:20 INFO     Training average positive_fact_loss at step 6200: 0.314286
2025-12-08 12:28:20 INFO     Training average negative_fact_loss at step 6200: 0.291574
2025-12-08 12:28:20 INFO     Training average positive_rule_loss at step 6200: 2.070556
2025-12-08 12:28:20 INFO     Training average negative_rule_loss at step 6200: 2.701066
2025-12-08 12:28:20 INFO     Training average L_uncertainty at step 6200: 54.847898
2025-12-08 12:28:20 INFO     Training average L_kl at step 6200: 54345.282188
2025-12-08 12:28:20 INFO     Training average L_sigma at step 6200: 502.613055
2025-12-08 12:28:20 INFO     Training average mu_mean at step 6200: -2.865826
2025-12-08 12:28:20 INFO     Training average sigma_mean at step 6200: 0.210757
2025-12-08 12:28:20 INFO     Training average regularization at step 6200: 0.006253
2025-12-08 12:28:20 INFO     Training average loss at step 6200: 2.749842
2025-12-08 12:29:16 INFO     Training average positive_fact_loss at step 6300: 0.313536
2025-12-08 12:29:16 INFO     Training average negative_fact_loss at step 6300: 0.292074
2025-12-08 12:29:16 INFO     Training average positive_rule_loss at step 6300: 2.072202
2025-12-08 12:29:16 INFO     Training average negative_rule_loss at step 6300: 2.698425
2025-12-08 12:29:16 INFO     Training average L_uncertainty at step 6300: 54.753109
2025-12-08 12:29:16 INFO     Training average L_kl at step 6300: 54254.212461
2025-12-08 12:29:16 INFO     Training average L_sigma at step 6300: 498.893597
2025-12-08 12:29:16 INFO     Training average mu_mean at step 6300: -2.862648
2025-12-08 12:29:16 INFO     Training average sigma_mean at step 6300: 0.210772
2025-12-08 12:29:16 INFO     Training average regularization at step 6300: 0.006247
2025-12-08 12:29:16 INFO     Training average loss at step 6300: 2.749118
2025-12-08 12:30:17 INFO     Training average positive_fact_loss at step 6400: 0.313669
2025-12-08 12:30:17 INFO     Training average negative_fact_loss at step 6400: 0.291633
2025-12-08 12:30:17 INFO     Training average positive_rule_loss at step 6400: 2.072995
2025-12-08 12:30:17 INFO     Training average negative_rule_loss at step 6400: 2.695369
2025-12-08 12:30:17 INFO     Training average L_uncertainty at step 6400: 54.935340
2025-12-08 12:30:17 INFO     Training average L_kl at step 6400: 54432.808633
2025-12-08 12:30:17 INFO     Training average L_sigma at step 6400: 502.528555
2025-12-08 12:30:17 INFO     Training average mu_mean at step 6400: -2.867549
2025-12-08 12:30:17 INFO     Training average sigma_mean at step 6400: 0.210859
2025-12-08 12:30:17 INFO     Training average regularization at step 6400: 0.006253
2025-12-08 12:30:17 INFO     Training average loss at step 6400: 2.748022
2025-12-08 12:31:08 INFO     Training average positive_fact_loss at step 6500: 0.314430
2025-12-08 12:31:08 INFO     Training average negative_fact_loss at step 6500: 0.291834
2025-12-08 12:31:08 INFO     Training average positive_rule_loss at step 6500: 2.070988
2025-12-08 12:31:08 INFO     Training average negative_rule_loss at step 6500: 2.697875
2025-12-08 12:31:08 INFO     Training average L_uncertainty at step 6500: 54.475577
2025-12-08 12:31:08 INFO     Training average L_kl at step 6500: 53974.465078
2025-12-08 12:31:08 INFO     Training average L_sigma at step 6500: 501.109193
2025-12-08 12:31:08 INFO     Training average mu_mean at step 6500: -2.851406
2025-12-08 12:31:08 INFO     Training average sigma_mean at step 6500: 0.210801
2025-12-08 12:31:08 INFO     Training average regularization at step 6500: 0.006248
2025-12-08 12:31:08 INFO     Training average loss at step 6500: 2.748287
2025-12-08 12:32:04 INFO     Training average positive_fact_loss at step 6600: 0.314072
2025-12-08 12:32:04 INFO     Training average negative_fact_loss at step 6600: 0.291354
2025-12-08 12:32:04 INFO     Training average positive_rule_loss at step 6600: 2.077359
2025-12-08 12:32:04 INFO     Training average negative_rule_loss at step 6600: 2.689450
2025-12-08 12:32:04 INFO     Training average L_uncertainty at step 6600: 55.172419
2025-12-08 12:32:04 INFO     Training average L_kl at step 6600: 54668.684687
2025-12-08 12:32:04 INFO     Training average L_sigma at step 6600: 503.731265
2025-12-08 12:32:04 INFO     Training average mu_mean at step 6600: -2.874157
2025-12-08 12:32:04 INFO     Training average sigma_mean at step 6600: 0.210889
2025-12-08 12:32:04 INFO     Training average regularization at step 6600: 0.006253
2025-12-08 12:32:04 INFO     Training average loss at step 6600: 2.747543
2025-12-08 12:33:00 INFO     Training average positive_fact_loss at step 6700: 0.313957
2025-12-08 12:33:00 INFO     Training average negative_fact_loss at step 6700: 0.291165
2025-12-08 12:33:00 INFO     Training average positive_rule_loss at step 6700: 2.074508
2025-12-08 12:33:00 INFO     Training average negative_rule_loss at step 6700: 2.690384
2025-12-08 12:33:00 INFO     Training average L_uncertainty at step 6700: 54.959559
2025-12-08 12:33:00 INFO     Training average L_kl at step 6700: 54440.158086
2025-12-08 12:33:00 INFO     Training average L_sigma at step 6700: 519.398448
2025-12-08 12:33:00 INFO     Training average mu_mean at step 6700: -2.865631
2025-12-08 12:33:00 INFO     Training average sigma_mean at step 6700: 0.210528
2025-12-08 12:33:00 INFO     Training average regularization at step 6700: 0.006259
2025-12-08 12:33:00 INFO     Training average loss at step 6700: 2.746225
2025-12-08 12:34:00 INFO     Training average positive_fact_loss at step 6800: 0.313782
2025-12-08 12:34:00 INFO     Training average negative_fact_loss at step 6800: 0.291801
2025-12-08 12:34:00 INFO     Training average positive_rule_loss at step 6800: 2.075057
2025-12-08 12:34:00 INFO     Training average negative_rule_loss at step 6800: 2.687887
2025-12-08 12:34:00 INFO     Training average L_uncertainty at step 6800: 54.946297
2025-12-08 12:34:00 INFO     Training average L_kl at step 6800: 54436.305391
2025-12-08 12:34:00 INFO     Training average L_sigma at step 6800: 509.988910
2025-12-08 12:34:00 INFO     Training average mu_mean at step 6800: -2.864384
2025-12-08 12:34:00 INFO     Training average sigma_mean at step 6800: 0.210638
2025-12-08 12:34:00 INFO     Training average regularization at step 6800: 0.006241
2025-12-08 12:34:00 INFO     Training average loss at step 6800: 2.745451
2025-12-08 12:34:56 INFO     Training average positive_fact_loss at step 6900: 0.313239
2025-12-08 12:34:56 INFO     Training average negative_fact_loss at step 6900: 0.291663
2025-12-08 12:34:56 INFO     Training average positive_rule_loss at step 6900: 2.073978
2025-12-08 12:34:56 INFO     Training average negative_rule_loss at step 6900: 2.689676
2025-12-08 12:34:56 INFO     Training average L_uncertainty at step 6900: 54.715747
2025-12-08 12:34:56 INFO     Training average L_kl at step 6900: 54206.217773
2025-12-08 12:34:56 INFO     Training average L_sigma at step 6900: 509.526835
2025-12-08 12:34:56 INFO     Training average mu_mean at step 6900: -2.856141
2025-12-08 12:34:56 INFO     Training average sigma_mean at step 6900: 0.210743
2025-12-08 12:34:56 INFO     Training average regularization at step 6900: 0.006250
2025-12-08 12:34:56 INFO     Training average loss at step 6900: 2.745244
2025-12-08 12:35:56 INFO     Training average positive_fact_loss at step 7000: 0.314080
2025-12-08 12:35:56 INFO     Training average negative_fact_loss at step 7000: 0.291738
2025-12-08 12:35:56 INFO     Training average positive_rule_loss at step 7000: 2.073660
2025-12-08 12:35:56 INFO     Training average negative_rule_loss at step 7000: 2.687431
2025-12-08 12:35:56 INFO     Training average L_uncertainty at step 7000: 54.868117
2025-12-08 12:35:56 INFO     Training average L_kl at step 7000: 54356.564688
2025-12-08 12:35:56 INFO     Training average L_sigma at step 7000: 511.549717
2025-12-08 12:35:56 INFO     Training average mu_mean at step 7000: -2.859244
2025-12-08 12:35:56 INFO     Training average sigma_mean at step 7000: 0.210855
2025-12-08 12:35:56 INFO     Training average regularization at step 7000: 0.006248
2025-12-08 12:35:56 INFO     Training average loss at step 7000: 2.744571
2025-12-08 12:35:56 INFO     Evaluating on Valid Dataset...
2025-12-08 12:35:56 INFO     >>>>> RuleE emb: Evaluating on valid
2025-12-08 12:36:07 INFO     Data : 4274
2025-12-08 12:36:07 INFO     Hit1 : 0.531352
2025-12-08 12:36:07 INFO     Hit3 : 0.766027
2025-12-08 12:36:07 INFO     Hit10: 0.941039
2025-12-08 12:36:07 INFO     MR   : 3.453439
2025-12-08 12:36:07 INFO     MRR  : 0.670114
2025-12-08 12:37:03 INFO     Training average positive_fact_loss at step 7100: 0.314398
2025-12-08 12:37:03 INFO     Training average negative_fact_loss at step 7100: 0.291344
2025-12-08 12:37:03 INFO     Training average positive_rule_loss at step 7100: 2.073574
2025-12-08 12:37:03 INFO     Training average negative_rule_loss at step 7100: 2.684762
2025-12-08 12:37:03 INFO     Training average L_uncertainty at step 7100: 54.770062
2025-12-08 12:37:03 INFO     Training average L_kl at step 7100: 54265.151680
2025-12-08 12:37:03 INFO     Training average L_sigma at step 7100: 504.907209
2025-12-08 12:37:03 INFO     Training average mu_mean at step 7100: -2.855319
2025-12-08 12:37:03 INFO     Training average sigma_mean at step 7100: 0.210776
2025-12-08 12:37:03 INFO     Training average regularization at step 7100: 0.006250
2025-12-08 12:37:03 INFO     Training average loss at step 7100: 2.743059
2025-12-08 12:37:54 INFO     Training average positive_fact_loss at step 7200: 0.314116
2025-12-08 12:37:54 INFO     Training average negative_fact_loss at step 7200: 0.291645
2025-12-08 12:37:54 INFO     Training average positive_rule_loss at step 7200: 2.072344
2025-12-08 12:37:54 INFO     Training average negative_rule_loss at step 7200: 2.688719
2025-12-08 12:37:54 INFO     Training average L_uncertainty at step 7200: 54.497866
2025-12-08 12:37:54 INFO     Training average L_kl at step 7200: 53997.430273
2025-12-08 12:37:54 INFO     Training average L_sigma at step 7200: 500.433097
2025-12-08 12:37:54 INFO     Training average mu_mean at step 7200: -2.844739
2025-12-08 12:37:54 INFO     Training average sigma_mean at step 7200: 0.210787
2025-12-08 12:37:54 INFO     Training average regularization at step 7200: 0.006248
2025-12-08 12:37:54 INFO     Training average loss at step 7200: 2.744159
2025-12-08 12:38:51 INFO     Training average positive_fact_loss at step 7300: 0.314079
2025-12-08 12:38:51 INFO     Training average negative_fact_loss at step 7300: 0.291300
2025-12-08 12:38:51 INFO     Training average positive_rule_loss at step 7300: 2.073834
2025-12-08 12:38:51 INFO     Training average negative_rule_loss at step 7300: 2.680685
2025-12-08 12:38:51 INFO     Training average L_uncertainty at step 7300: 54.912651
2025-12-08 12:38:51 INFO     Training average L_kl at step 7300: 54404.221797
2025-12-08 12:38:51 INFO     Training average L_sigma at step 7300: 508.426261
2025-12-08 12:38:51 INFO     Training average mu_mean at step 7300: -2.857821
2025-12-08 12:38:51 INFO     Training average sigma_mean at step 7300: 0.210605
2025-12-08 12:38:51 INFO     Training average regularization at step 7300: 0.006251
2025-12-08 12:38:51 INFO     Training average loss at step 7300: 2.741113
2025-12-08 12:40:05 INFO     Training average positive_fact_loss at step 7400: 0.313084
2025-12-08 12:40:05 INFO     Training average negative_fact_loss at step 7400: 0.291163
2025-12-08 12:40:05 INFO     Training average positive_rule_loss at step 7400: 2.072573
2025-12-08 12:40:05 INFO     Training average negative_rule_loss at step 7400: 2.682539
2025-12-08 12:40:05 INFO     Training average L_uncertainty at step 7400: 54.625279
2025-12-08 12:40:05 INFO     Training average L_kl at step 7400: 54117.598789
2025-12-08 12:40:05 INFO     Training average L_sigma at step 7400: 507.677619
2025-12-08 12:40:05 INFO     Training average mu_mean at step 7400: -2.847326
2025-12-08 12:40:05 INFO     Training average sigma_mean at step 7400: 0.210825
2025-12-08 12:40:05 INFO     Training average regularization at step 7400: 0.006250
2025-12-08 12:40:05 INFO     Training average loss at step 7400: 2.740555
2025-12-08 12:41:02 INFO     Training average positive_fact_loss at step 7500: 0.313802
2025-12-08 12:41:02 INFO     Training average negative_fact_loss at step 7500: 0.291585
2025-12-08 12:41:02 INFO     Training average positive_rule_loss at step 7500: 2.071635
2025-12-08 12:41:02 INFO     Training average negative_rule_loss at step 7500: 2.680311
2025-12-08 12:41:02 INFO     Training average L_uncertainty at step 7500: 54.684879
2025-12-08 12:41:02 INFO     Training average L_kl at step 7500: 54187.930898
2025-12-08 12:41:02 INFO     Training average L_sigma at step 7500: 496.945092
2025-12-08 12:41:02 INFO     Training average mu_mean at step 7500: -2.846382
2025-12-08 12:41:02 INFO     Training average sigma_mean at step 7500: 0.210620
2025-12-08 12:41:02 INFO     Training average regularization at step 7500: 0.006253
2025-12-08 12:41:02 INFO     Training average loss at step 7500: 2.739604
2025-12-08 12:42:02 INFO     Training average positive_fact_loss at step 7600: 0.313546
2025-12-08 12:42:02 INFO     Training average negative_fact_loss at step 7600: 0.291739
2025-12-08 12:42:02 INFO     Training average positive_rule_loss at step 7600: 2.069427
2025-12-08 12:42:02 INFO     Training average negative_rule_loss at step 7600: 2.682802
2025-12-08 12:42:02 INFO     Training average L_uncertainty at step 7600: 54.586792
2025-12-08 12:42:02 INFO     Training average L_kl at step 7600: 54084.870547
2025-12-08 12:42:02 INFO     Training average L_sigma at step 7600: 501.918134
2025-12-08 12:42:02 INFO     Training average mu_mean at step 7600: -2.841929
2025-12-08 12:42:02 INFO     Training average sigma_mean at step 7600: 0.210758
2025-12-08 12:42:02 INFO     Training average regularization at step 7600: 0.006247
2025-12-08 12:42:02 INFO     Training average loss at step 7600: 2.739591
2025-12-08 12:42:58 INFO     Training average positive_fact_loss at step 7700: 0.314211
2025-12-08 12:42:58 INFO     Training average negative_fact_loss at step 7700: 0.291348
2025-12-08 12:42:58 INFO     Training average positive_rule_loss at step 7700: 2.069602
2025-12-08 12:42:58 INFO     Training average negative_rule_loss at step 7700: 2.679363
2025-12-08 12:42:58 INFO     Training average L_uncertainty at step 7700: 54.548927
2025-12-08 12:42:58 INFO     Training average L_kl at step 7700: 54047.633672
2025-12-08 12:42:58 INFO     Training average L_sigma at step 7700: 501.290316
2025-12-08 12:42:58 INFO     Training average mu_mean at step 7700: -2.839607
2025-12-08 12:42:58 INFO     Training average sigma_mean at step 7700: 0.210766
2025-12-08 12:42:58 INFO     Training average regularization at step 7700: 0.006249
2025-12-08 12:42:58 INFO     Training average loss at step 7700: 2.738060
2025-12-08 12:43:53 INFO     Training average positive_fact_loss at step 7800: 0.313946
2025-12-08 12:43:53 INFO     Training average negative_fact_loss at step 7800: 0.291420
2025-12-08 12:43:53 INFO     Training average positive_rule_loss at step 7800: 2.068237
2025-12-08 12:43:53 INFO     Training average negative_rule_loss at step 7800: 2.679055
2025-12-08 12:43:53 INFO     Training average L_uncertainty at step 7800: 54.576196
2025-12-08 12:43:53 INFO     Training average L_kl at step 7800: 54076.070000
2025-12-08 12:43:53 INFO     Training average L_sigma at step 7800: 500.123050
2025-12-08 12:43:53 INFO     Training average mu_mean at step 7800: -2.838380
2025-12-08 12:43:53 INFO     Training average sigma_mean at step 7800: 0.210744
2025-12-08 12:43:53 INFO     Training average regularization at step 7800: 0.006253
2025-12-08 12:43:53 INFO     Training average loss at step 7800: 2.737158
2025-12-08 12:44:43 INFO     Training average positive_fact_loss at step 7900: 0.314187
2025-12-08 12:44:43 INFO     Training average negative_fact_loss at step 7900: 0.290602
2025-12-08 12:44:43 INFO     Training average positive_rule_loss at step 7900: 2.069930
2025-12-08 12:44:43 INFO     Training average negative_rule_loss at step 7900: 2.676098
2025-12-08 12:44:43 INFO     Training average L_uncertainty at step 7900: 54.628325
2025-12-08 12:44:43 INFO     Training average L_kl at step 7900: 54129.522266
2025-12-08 12:44:43 INFO     Training average L_sigma at step 7900: 498.799948
2025-12-08 12:44:43 INFO     Training average mu_mean at step 7900: -2.838523
2025-12-08 12:44:43 INFO     Training average sigma_mean at step 7900: 0.210739
2025-12-08 12:44:43 INFO     Training average regularization at step 7900: 0.006254
2025-12-08 12:44:43 INFO     Training average loss at step 7900: 2.736291
2025-12-08 12:45:44 INFO     Training average positive_fact_loss at step 8000: 0.313312
2025-12-08 12:45:44 INFO     Training average negative_fact_loss at step 8000: 0.291301
2025-12-08 12:45:44 INFO     Training average positive_rule_loss at step 8000: 2.065299
2025-12-08 12:45:44 INFO     Training average negative_rule_loss at step 8000: 2.678256
2025-12-08 12:45:44 INFO     Training average L_uncertainty at step 8000: 54.481656
2025-12-08 12:45:44 INFO     Training average L_kl at step 8000: 53985.452617
2025-12-08 12:45:44 INFO     Training average L_sigma at step 8000: 496.201030
2025-12-08 12:45:44 INFO     Training average mu_mean at step 8000: -2.831271
2025-12-08 12:45:44 INFO     Training average sigma_mean at step 8000: 0.210742
2025-12-08 12:45:44 INFO     Training average regularization at step 8000: 0.006241
2025-12-08 12:45:44 INFO     Training average loss at step 8000: 2.734806
2025-12-08 12:45:44 INFO     Evaluating on Valid Dataset...
2025-12-08 12:45:44 INFO     >>>>> RuleE emb: Evaluating on valid
2025-12-08 12:45:54 INFO     Data : 4274
2025-12-08 12:45:54 INFO     Hit1 : 0.532990
2025-12-08 12:45:54 INFO     Hit3 : 0.765559
2025-12-08 12:45:54 INFO     Hit10: 0.942677
2025-12-08 12:45:54 INFO     MR   : 3.418811
2025-12-08 12:45:54 INFO     MRR  : 0.671242
2025-12-08 12:46:50 INFO     Training average positive_fact_loss at step 8100: 0.314130
2025-12-08 12:46:50 INFO     Training average negative_fact_loss at step 8100: 0.291458
2025-12-08 12:46:50 INFO     Training average positive_rule_loss at step 8100: 2.065085
2025-12-08 12:46:50 INFO     Training average negative_rule_loss at step 8100: 2.677176
2025-12-08 12:46:50 INFO     Training average L_uncertainty at step 8100: 54.360702
2025-12-08 12:46:50 INFO     Training average L_kl at step 8100: 53864.466016
2025-12-08 12:46:50 INFO     Training average L_sigma at step 8100: 496.233205
2025-12-08 12:46:50 INFO     Training average mu_mean at step 8100: -2.825569
2025-12-08 12:46:50 INFO     Training average sigma_mean at step 8100: 0.210745
2025-12-08 12:46:50 INFO     Training average regularization at step 8100: 0.006240
2025-12-08 12:46:50 INFO     Training average loss at step 8100: 2.734525
2025-12-08 12:47:52 INFO     Training average positive_fact_loss at step 8200: 0.313201
2025-12-08 12:47:52 INFO     Training average negative_fact_loss at step 8200: 0.291470
2025-12-08 12:47:52 INFO     Training average positive_rule_loss at step 8200: 2.063498
2025-12-08 12:47:52 INFO     Training average negative_rule_loss at step 8200: 2.677251
2025-12-08 12:47:52 INFO     Training average L_uncertainty at step 8200: 54.414777
2025-12-08 12:47:52 INFO     Training average L_kl at step 8200: 53919.429258
2025-12-08 12:47:52 INFO     Training average L_sigma at step 8200: 495.344753
2025-12-08 12:47:52 INFO     Training average mu_mean at step 8200: -2.824941
2025-12-08 12:47:52 INFO     Training average sigma_mean at step 8200: 0.210669
2025-12-08 12:47:52 INFO     Training average regularization at step 8200: 0.006247
2025-12-08 12:47:52 INFO     Training average loss at step 8200: 2.733371
2025-12-08 12:48:48 INFO     Training average positive_fact_loss at step 8300: 0.313467
2025-12-08 12:48:48 INFO     Training average negative_fact_loss at step 8300: 0.291335
2025-12-08 12:48:48 INFO     Training average positive_rule_loss at step 8300: 2.063643
2025-12-08 12:48:48 INFO     Training average negative_rule_loss at step 8300: 2.674067
2025-12-08 12:48:48 INFO     Training average L_uncertainty at step 8300: 54.389084
2025-12-08 12:48:48 INFO     Training average L_kl at step 8300: 53892.054688
2025-12-08 12:48:48 INFO     Training average L_sigma at step 8300: 497.027051
2025-12-08 12:48:48 INFO     Training average mu_mean at step 8300: -2.822393
2025-12-08 12:48:48 INFO     Training average sigma_mean at step 8300: 0.210749
2025-12-08 12:48:48 INFO     Training average regularization at step 8300: 0.006247
2025-12-08 12:48:48 INFO     Training average loss at step 8300: 2.731892
2025-12-08 12:49:48 INFO     Training average positive_fact_loss at step 8400: 0.313667
2025-12-08 12:49:48 INFO     Training average negative_fact_loss at step 8400: 0.291227
2025-12-08 12:49:48 INFO     Training average positive_rule_loss at step 8400: 2.064881
2025-12-08 12:49:48 INFO     Training average negative_rule_loss at step 8400: 2.669270
2025-12-08 12:49:48 INFO     Training average L_uncertainty at step 8400: 54.594648
2025-12-08 12:49:48 INFO     Training average L_kl at step 8400: 54092.769141
2025-12-08 12:49:48 INFO     Training average L_sigma at step 8400: 501.876239
2025-12-08 12:49:48 INFO     Training average mu_mean at step 8400: -2.827417
2025-12-08 12:49:48 INFO     Training average sigma_mean at step 8400: 0.210727
2025-12-08 12:49:48 INFO     Training average regularization at step 8400: 0.006245
2025-12-08 12:49:48 INFO     Training average loss at step 8400: 2.730362
2025-12-08 12:50:35 INFO     Training average positive_fact_loss at step 8500: 0.314197
2025-12-08 12:50:35 INFO     Training average negative_fact_loss at step 8500: 0.290714
2025-12-08 12:50:35 INFO     Training average positive_rule_loss at step 8500: 2.064015
2025-12-08 12:50:35 INFO     Training average negative_rule_loss at step 8500: 2.668391
2025-12-08 12:50:35 INFO     Training average L_uncertainty at step 8500: 54.560608
2025-12-08 12:50:35 INFO     Training average L_kl at step 8500: 54056.553984
2025-12-08 12:50:35 INFO     Training average L_sigma at step 8500: 504.051571
2025-12-08 12:50:35 INFO     Training average mu_mean at step 8500: -2.823997
2025-12-08 12:50:35 INFO     Training average sigma_mean at step 8500: 0.210796
2025-12-08 12:50:35 INFO     Training average regularization at step 8500: 0.006243
2025-12-08 12:50:35 INFO     Training average loss at step 8500: 2.729463
2025-12-08 12:51:36 INFO     Training average positive_fact_loss at step 8600: 0.313553
2025-12-08 12:51:36 INFO     Training average negative_fact_loss at step 8600: 0.291195
2025-12-08 12:51:36 INFO     Training average positive_rule_loss at step 8600: 2.062149
2025-12-08 12:51:36 INFO     Training average negative_rule_loss at step 8600: 2.668691
2025-12-08 12:51:36 INFO     Training average L_uncertainty at step 8600: 54.510800
2025-12-08 12:51:36 INFO     Training average L_kl at step 8600: 54013.246172
2025-12-08 12:51:36 INFO     Training average L_sigma at step 8600: 497.551008
2025-12-08 12:51:36 INFO     Training average mu_mean at step 8600: -2.819549
2025-12-08 12:51:36 INFO     Training average sigma_mean at step 8600: 0.210670
2025-12-08 12:51:36 INFO     Training average regularization at step 8600: 0.006243
2025-12-08 12:51:36 INFO     Training average loss at step 8600: 2.728547
2025-12-08 12:52:32 INFO     Training average positive_fact_loss at step 8700: 0.313065
2025-12-08 12:52:32 INFO     Training average negative_fact_loss at step 8700: 0.290824
2025-12-08 12:52:32 INFO     Training average positive_rule_loss at step 8700: 2.062306
2025-12-08 12:52:32 INFO     Training average negative_rule_loss at step 8700: 2.663123
2025-12-08 12:52:32 INFO     Training average L_uncertainty at step 8700: 54.698898
2025-12-08 12:52:32 INFO     Training average L_kl at step 8700: 54201.851055
2025-12-08 12:52:32 INFO     Training average L_sigma at step 8700: 497.043867
2025-12-08 12:52:32 INFO     Training average mu_mean at step 8700: -2.823624
2025-12-08 12:52:32 INFO     Training average sigma_mean at step 8700: 0.210671
2025-12-08 12:52:32 INFO     Training average regularization at step 8700: 0.006239
2025-12-08 12:52:32 INFO     Training average loss at step 8700: 2.725597
2025-12-08 12:53:33 INFO     Training average positive_fact_loss at step 8800: 0.313704
2025-12-08 12:53:33 INFO     Training average negative_fact_loss at step 8800: 0.291138
2025-12-08 12:53:33 INFO     Training average positive_rule_loss at step 8800: 2.059529
2025-12-08 12:53:33 INFO     Training average negative_rule_loss at step 8800: 2.668022
2025-12-08 12:53:33 INFO     Training average L_uncertainty at step 8800: 54.317704
2025-12-08 12:53:33 INFO     Training average L_kl at step 8800: 53824.577266
2025-12-08 12:53:33 INFO     Training average L_sigma at step 8800: 493.123893
2025-12-08 12:53:33 INFO     Training average mu_mean at step 8800: -2.808884
2025-12-08 12:53:33 INFO     Training average sigma_mean at step 8800: 0.210680
2025-12-08 12:53:33 INFO     Training average regularization at step 8800: 0.006241
2025-12-08 12:53:33 INFO     Training average loss at step 8800: 2.726755
2025-12-08 12:54:29 INFO     Training average positive_fact_loss at step 8900: 0.313385
2025-12-08 12:54:29 INFO     Training average negative_fact_loss at step 8900: 0.291874
2025-12-08 12:54:29 INFO     Training average positive_rule_loss at step 8900: 2.061555
2025-12-08 12:54:29 INFO     Training average negative_rule_loss at step 8900: 2.660974
2025-12-08 12:54:29 INFO     Training average L_uncertainty at step 8900: 54.550937
2025-12-08 12:54:29 INFO     Training average L_kl at step 8900: 54053.776445
2025-12-08 12:54:29 INFO     Training average L_sigma at step 8900: 497.157781
2025-12-08 12:54:29 INFO     Training average mu_mean at step 8900: -2.814238
2025-12-08 12:54:29 INFO     Training average sigma_mean at step 8900: 0.210726
2025-12-08 12:54:29 INFO     Training average regularization at step 8900: 0.006237
2025-12-08 12:54:29 INFO     Training average loss at step 8900: 2.724682
2025-12-08 12:55:30 INFO     Training average positive_fact_loss at step 9000: 0.313499
2025-12-08 12:55:30 INFO     Training average negative_fact_loss at step 9000: 0.291104
2025-12-08 12:55:30 INFO     Training average positive_rule_loss at step 9000: 2.057981
2025-12-08 12:55:30 INFO     Training average negative_rule_loss at step 9000: 2.662817
2025-12-08 12:55:30 INFO     Training average L_uncertainty at step 9000: 54.501269
2025-12-08 12:55:30 INFO     Training average L_kl at step 9000: 54003.669570
2025-12-08 12:55:30 INFO     Training average L_sigma at step 9000: 497.597060
2025-12-08 12:55:30 INFO     Training average mu_mean at step 9000: -2.809584
2025-12-08 12:55:30 INFO     Training average sigma_mean at step 9000: 0.210713
2025-12-08 12:55:30 INFO     Training average regularization at step 9000: 0.006245
2025-12-08 12:55:30 INFO     Training average loss at step 9000: 2.723447
2025-12-08 12:55:30 INFO     Evaluating on Valid Dataset...
2025-12-08 12:55:30 INFO     >>>>> RuleE emb: Evaluating on valid
2025-12-08 12:55:40 INFO     Data : 4274
2025-12-08 12:55:40 INFO     Hit1 : 0.527609
2025-12-08 12:55:40 INFO     Hit3 : 0.762284
2025-12-08 12:55:40 INFO     Hit10: 0.941741
2025-12-08 12:55:40 INFO     MR   : 3.469818
2025-12-08 12:55:40 INFO     MRR  : 0.665867
2025-12-08 12:56:31 INFO     Training average positive_fact_loss at step 9100: 0.314379
2025-12-08 12:56:31 INFO     Training average negative_fact_loss at step 9100: 0.291041
2025-12-08 12:56:31 INFO     Training average positive_rule_loss at step 9100: 2.058788
2025-12-08 12:56:31 INFO     Training average negative_rule_loss at step 9100: 2.656427
2025-12-08 12:56:31 INFO     Training average L_uncertainty at step 9100: 54.660803
2025-12-08 12:56:31 INFO     Training average L_kl at step 9100: 54165.134063
2025-12-08 12:56:31 INFO     Training average L_sigma at step 9100: 495.666258
2025-12-08 12:56:31 INFO     Training average mu_mean at step 9100: -2.812091
2025-12-08 12:56:31 INFO     Training average sigma_mean at step 9100: 0.210668
2025-12-08 12:56:31 INFO     Training average regularization at step 9100: 0.006247
2025-12-08 12:56:31 INFO     Training average loss at step 9100: 2.721225
2025-12-08 12:57:28 INFO     Training average positive_fact_loss at step 9200: 0.313776
2025-12-08 12:57:28 INFO     Training average negative_fact_loss at step 9200: 0.290979
2025-12-08 12:57:28 INFO     Training average positive_rule_loss at step 9200: 2.054437
2025-12-08 12:57:28 INFO     Training average negative_rule_loss at step 9200: 2.662786
2025-12-08 12:57:28 INFO     Training average L_uncertainty at step 9200: 54.444111
2025-12-08 12:57:28 INFO     Training average L_kl at step 9200: 53947.487773
2025-12-08 12:57:28 INFO     Training average L_sigma at step 9200: 496.621093
2025-12-08 12:57:28 INFO     Training average mu_mean at step 9200: -2.802337
2025-12-08 12:57:28 INFO     Training average sigma_mean at step 9200: 0.210565
2025-12-08 12:57:28 INFO     Training average regularization at step 9200: 0.006248
2025-12-08 12:57:28 INFO     Training average loss at step 9200: 2.721681
2025-12-08 12:58:24 INFO     Training average positive_fact_loss at step 9300: 0.313870
2025-12-08 12:58:24 INFO     Training average negative_fact_loss at step 9300: 0.291115
2025-12-08 12:58:24 INFO     Training average positive_rule_loss at step 9300: 2.053989
2025-12-08 12:58:24 INFO     Training average negative_rule_loss at step 9300: 2.658398
2025-12-08 12:58:24 INFO     Training average L_uncertainty at step 9300: 54.314827
2025-12-08 12:58:24 INFO     Training average L_kl at step 9300: 53808.139570
2025-12-08 12:58:24 INFO     Training average L_sigma at step 9300: 506.685107
2025-12-08 12:58:24 INFO     Training average mu_mean at step 9300: -2.795594
2025-12-08 12:58:24 INFO     Training average sigma_mean at step 9300: 0.210807
2025-12-08 12:58:24 INFO     Training average regularization at step 9300: 0.006239
2025-12-08 12:58:24 INFO     Training average loss at step 9300: 2.719240
2025-12-08 12:59:25 INFO     Training average positive_fact_loss at step 9400: 0.313581
2025-12-08 12:59:25 INFO     Training average negative_fact_loss at step 9400: 0.291128
2025-12-08 12:59:25 INFO     Training average positive_rule_loss at step 9400: 2.052693
2025-12-08 12:59:25 INFO     Training average negative_rule_loss at step 9400: 2.654863
2025-12-08 12:59:25 INFO     Training average L_uncertainty at step 9400: 54.632997
2025-12-08 12:59:25 INFO     Training average L_kl at step 9400: 54135.047148
2025-12-08 12:59:25 INFO     Training average L_sigma at step 9400: 497.947286
2025-12-08 12:59:25 INFO     Training average mu_mean at step 9400: -2.801986
2025-12-08 12:59:25 INFO     Training average sigma_mean at step 9400: 0.210751
2025-12-08 12:59:25 INFO     Training average regularization at step 9400: 0.006235
2025-12-08 12:59:25 INFO     Training average loss at step 9400: 2.717000
2025-12-08 13:00:21 INFO     Training average positive_fact_loss at step 9500: 0.312981
2025-12-08 13:00:21 INFO     Training average negative_fact_loss at step 9500: 0.291282
2025-12-08 13:00:21 INFO     Training average positive_rule_loss at step 9500: 2.054992
2025-12-08 13:00:21 INFO     Training average negative_rule_loss at step 9500: 2.651573
2025-12-08 13:00:21 INFO     Training average L_uncertainty at step 9500: 54.707700
2025-12-08 13:00:21 INFO     Training average L_kl at step 9500: 54199.700977
2025-12-08 13:00:21 INFO     Training average L_sigma at step 9500: 507.995853
2025-12-08 13:00:21 INFO     Training average mu_mean at step 9500: -2.803125
2025-12-08 13:00:21 INFO     Training average sigma_mean at step 9500: 0.210847
2025-12-08 13:00:21 INFO     Training average regularization at step 9500: 0.006245
2025-12-08 13:00:21 INFO     Training average loss at step 9500: 2.716366
2025-12-08 13:01:22 INFO     Training average positive_fact_loss at step 9600: 0.313551
2025-12-08 13:01:22 INFO     Training average negative_fact_loss at step 9600: 0.291401
2025-12-08 13:01:22 INFO     Training average positive_rule_loss at step 9600: 2.050213
2025-12-08 13:01:22 INFO     Training average negative_rule_loss at step 9600: 2.650705
2025-12-08 13:01:22 INFO     Training average L_uncertainty at step 9600: 54.658140
2025-12-08 13:01:22 INFO     Training average L_kl at step 9600: 54157.448438
2025-12-08 13:01:22 INFO     Training average L_sigma at step 9600: 500.688466
2025-12-08 13:01:22 INFO     Training average mu_mean at step 9600: -2.796984
2025-12-08 13:01:22 INFO     Training average sigma_mean at step 9600: 0.210819
2025-12-08 13:01:22 INFO     Training average regularization at step 9600: 0.006242
2025-12-08 13:01:22 INFO     Training average loss at step 9600: 2.713835
2025-12-08 13:02:18 INFO     Training average positive_fact_loss at step 9700: 0.313986
2025-12-08 13:02:18 INFO     Training average negative_fact_loss at step 9700: 0.291030
2025-12-08 13:02:18 INFO     Training average positive_rule_loss at step 9700: 2.047283
2025-12-08 13:02:18 INFO     Training average negative_rule_loss at step 9700: 2.653420
2025-12-08 13:02:18 INFO     Training average L_uncertainty at step 9700: 54.306289
2025-12-08 13:02:18 INFO     Training average L_kl at step 9700: 53809.828125
2025-12-08 13:02:18 INFO     Training average L_sigma at step 9700: 496.458174
2025-12-08 13:02:18 INFO     Training average mu_mean at step 9700: -2.782026
2025-12-08 13:02:18 INFO     Training average sigma_mean at step 9700: 0.210730
2025-12-08 13:02:18 INFO     Training average regularization at step 9700: 0.006234
2025-12-08 13:02:18 INFO     Training average loss at step 9700: 2.713400
2025-12-08 13:03:10 INFO     Training average positive_fact_loss at step 9800: 0.313633
2025-12-08 13:03:10 INFO     Training average negative_fact_loss at step 9800: 0.290497
2025-12-08 13:03:10 INFO     Training average positive_rule_loss at step 9800: 2.047964
2025-12-08 13:03:10 INFO     Training average negative_rule_loss at step 9800: 2.645997
2025-12-08 13:03:10 INFO     Training average L_uncertainty at step 9800: 54.646010
2025-12-08 13:03:10 INFO     Training average L_kl at step 9800: 54146.876914
2025-12-08 13:03:10 INFO     Training average L_sigma at step 9800: 499.130711
2025-12-08 13:03:10 INFO     Training average mu_mean at step 9800: -2.789404
2025-12-08 13:03:10 INFO     Training average sigma_mean at step 9800: 0.210795
2025-12-08 13:03:10 INFO     Training average regularization at step 9800: 0.006232
2025-12-08 13:03:10 INFO     Training average loss at step 9800: 2.709923
2025-12-08 13:04:06 INFO     Training average positive_fact_loss at step 9900: 0.313923
2025-12-08 13:04:06 INFO     Training average negative_fact_loss at step 9900: 0.291014
2025-12-08 13:04:06 INFO     Training average positive_rule_loss at step 9900: 2.046853
2025-12-08 13:04:06 INFO     Training average negative_rule_loss at step 9900: 2.646491
2025-12-08 13:04:06 INFO     Training average L_uncertainty at step 9900: 54.590449
2025-12-08 13:04:06 INFO     Training average L_kl at step 9900: 54091.730703
2025-12-08 13:04:06 INFO     Training average L_sigma at step 9900: 498.715887
2025-12-08 13:04:06 INFO     Training average mu_mean at step 9900: -2.785127
2025-12-08 13:04:06 INFO     Training average sigma_mean at step 9900: 0.210801
2025-12-08 13:04:06 INFO     Training average regularization at step 9900: 0.006248
2025-12-08 13:04:06 INFO     Training average loss at step 9900: 2.709979
2025-12-08 13:05:07 INFO     Training average positive_fact_loss at step 10000: 0.313074
2025-12-08 13:05:07 INFO     Training average negative_fact_loss at step 10000: 0.290748
2025-12-08 13:05:07 INFO     Training average positive_rule_loss at step 10000: 2.042603
2025-12-08 13:05:07 INFO     Training average negative_rule_loss at step 10000: 2.648586
2025-12-08 13:05:07 INFO     Training average L_uncertainty at step 10000: 54.303416
2025-12-08 13:05:07 INFO     Training average L_kl at step 10000: 53806.126914
2025-12-08 13:05:07 INFO     Training average L_sigma at step 10000: 497.286237
2025-12-08 13:05:07 INFO     Training average mu_mean at step 10000: -2.771710
2025-12-08 13:05:07 INFO     Training average sigma_mean at step 10000: 0.210838
2025-12-08 13:05:07 INFO     Training average regularization at step 10000: 0.006236
2025-12-08 13:05:07 INFO     Training average loss at step 10000: 2.708046
2025-12-08 13:05:07 INFO     Evaluating on Valid Dataset...
2025-12-08 13:05:07 INFO     >>>>> RuleE emb: Evaluating on valid
2025-12-08 13:05:17 INFO     Data : 4274
2025-12-08 13:05:17 INFO     Hit1 : 0.535096
2025-12-08 13:05:17 INFO     Hit3 : 0.767899
2025-12-08 13:05:17 INFO     Hit10: 0.943847
2025-12-08 13:05:17 INFO     MR   : 3.418343
2025-12-08 13:05:17 INFO     MRR  : 0.673356
2025-12-08 13:06:15 INFO     Training average positive_fact_loss at step 10100: 0.313531
2025-12-08 13:06:15 INFO     Training average negative_fact_loss at step 10100: 0.291176
2025-12-08 13:06:15 INFO     Training average positive_rule_loss at step 10100: 2.042927
2025-12-08 13:06:15 INFO     Training average negative_rule_loss at step 10100: 2.645695
2025-12-08 13:06:15 INFO     Training average L_uncertainty at step 10100: 54.387473
2025-12-08 13:06:15 INFO     Training average L_kl at step 10100: 53883.254766
2025-12-08 13:06:15 INFO     Training average L_sigma at step 10100: 504.215398
2025-12-08 13:06:15 INFO     Training average mu_mean at step 10100: -2.771578
2025-12-08 13:06:15 INFO     Training average sigma_mean at step 10100: 0.210925
2025-12-08 13:06:15 INFO     Training average regularization at step 10100: 0.006241
2025-12-08 13:06:15 INFO     Training average loss at step 10100: 2.707293
2025-12-08 13:07:16 INFO     Training average positive_fact_loss at step 10200: 0.313175
2025-12-08 13:07:16 INFO     Training average negative_fact_loss at step 10200: 0.291177
2025-12-08 13:07:16 INFO     Training average positive_rule_loss at step 10200: 2.042824
2025-12-08 13:07:16 INFO     Training average negative_rule_loss at step 10200: 2.639229
2025-12-08 13:07:16 INFO     Training average L_uncertainty at step 10200: 54.631920
2025-12-08 13:07:16 INFO     Training average L_kl at step 10200: 54133.567617
2025-12-08 13:07:16 INFO     Training average L_sigma at step 10200: 498.350076
2025-12-08 13:07:16 INFO     Training average mu_mean at step 10200: -2.775703
2025-12-08 13:07:16 INFO     Training average sigma_mean at step 10200: 0.210843
2025-12-08 13:07:16 INFO     Training average regularization at step 10200: 0.006239
2025-12-08 13:07:16 INFO     Training average loss at step 10200: 2.704074
2025-12-08 13:08:12 INFO     Training average positive_fact_loss at step 10300: 0.313803
2025-12-08 13:08:12 INFO     Training average negative_fact_loss at step 10300: 0.291096
2025-12-08 13:08:12 INFO     Training average positive_rule_loss at step 10300: 2.042662
2025-12-08 13:08:12 INFO     Training average negative_rule_loss at step 10300: 2.639089
2025-12-08 13:08:12 INFO     Training average L_uncertainty at step 10300: 54.489665
2025-12-08 13:08:12 INFO     Training average L_kl at step 10300: 53992.933555
2025-12-08 13:08:12 INFO     Training average L_sigma at step 10300: 496.728636
2025-12-08 13:08:12 INFO     Training average mu_mean at step 10300: -2.767659
2025-12-08 13:08:12 INFO     Training average sigma_mean at step 10300: 0.210793
2025-12-08 13:08:12 INFO     Training average regularization at step 10300: 0.006242
2025-12-08 13:08:12 INFO     Training average loss at step 10300: 2.704057
2025-12-08 13:09:08 INFO     Training average positive_fact_loss at step 10400: 0.314480
2025-12-08 13:09:08 INFO     Training average negative_fact_loss at step 10400: 0.291213
2025-12-08 13:09:08 INFO     Training average positive_rule_loss at step 10400: 2.036710
2025-12-08 13:09:08 INFO     Training average negative_rule_loss at step 10400: 2.641796
2025-12-08 13:09:08 INFO     Training average L_uncertainty at step 10400: 54.425695
2025-12-08 13:09:08 INFO     Training average L_kl at step 10400: 53926.173945
2025-12-08 13:09:08 INFO     Training average L_sigma at step 10400: 499.518792
2025-12-08 13:09:08 INFO     Training average mu_mean at step 10400: -2.760495
2025-12-08 13:09:08 INFO     Training average sigma_mean at step 10400: 0.210884
2025-12-08 13:09:08 INFO     Training average regularization at step 10400: 0.006247
2025-12-08 13:09:08 INFO     Training average loss at step 10400: 2.702771
2025-12-08 13:10:00 INFO     Training average positive_fact_loss at step 10500: 0.313180
2025-12-08 13:10:00 INFO     Training average negative_fact_loss at step 10500: 0.290540
2025-12-08 13:10:00 INFO     Training average positive_rule_loss at step 10500: 2.038566
2025-12-08 13:10:00 INFO     Training average negative_rule_loss at step 10500: 2.634002
2025-12-08 13:10:00 INFO     Training average L_uncertainty at step 10500: 54.715564
2025-12-08 13:10:00 INFO     Training average L_kl at step 10500: 54219.263047
2025-12-08 13:10:00 INFO     Training average L_sigma at step 10500: 496.298858
2025-12-08 13:10:00 INFO     Training average mu_mean at step 10500: -2.767308
2025-12-08 13:10:00 INFO     Training average sigma_mean at step 10500: 0.210847
2025-12-08 13:10:00 INFO     Training average regularization at step 10500: 0.006241
2025-12-08 13:10:00 INFO     Training average loss at step 10500: 2.699100
2025-12-08 13:11:00 INFO     Training average positive_fact_loss at step 10600: 0.313655
2025-12-08 13:11:00 INFO     Training average negative_fact_loss at step 10600: 0.291062
2025-12-08 13:11:00 INFO     Training average positive_rule_loss at step 10600: 2.035570
2025-12-08 13:11:00 INFO     Training average negative_rule_loss at step 10600: 2.633020
2025-12-08 13:11:00 INFO     Training average L_uncertainty at step 10600: 54.559775
2025-12-08 13:11:00 INFO     Training average L_kl at step 10600: 54054.477852
2025-12-08 13:11:00 INFO     Training average L_sigma at step 10600: 505.294647
2025-12-08 13:11:00 INFO     Training average mu_mean at step 10600: -2.756829
2025-12-08 13:11:00 INFO     Training average sigma_mean at step 10600: 0.210974
2025-12-08 13:11:00 INFO     Training average regularization at step 10600: 0.006244
2025-12-08 13:11:00 INFO     Training average loss at step 10600: 2.697457
2025-12-08 13:11:57 INFO     Training average positive_fact_loss at step 10700: 0.312991
2025-12-08 13:11:57 INFO     Training average negative_fact_loss at step 10700: 0.290972
2025-12-08 13:11:57 INFO     Training average positive_rule_loss at step 10700: 2.036411
2025-12-08 13:11:57 INFO     Training average negative_rule_loss at step 10700: 2.628636
2025-12-08 13:11:57 INFO     Training average L_uncertainty at step 10700: 54.735239
2025-12-08 13:11:57 INFO     Training average L_kl at step 10700: 54232.107734
2025-12-08 13:11:57 INFO     Training average L_sigma at step 10700: 503.128798
2025-12-08 13:11:57 INFO     Training average mu_mean at step 10700: -2.759556
2025-12-08 13:11:57 INFO     Training average sigma_mean at step 10700: 0.210998
2025-12-08 13:11:57 INFO     Training average regularization at step 10700: 0.006236
2025-12-08 13:11:57 INFO     Training average loss at step 10700: 2.695476
2025-12-08 13:12:58 INFO     Training average positive_fact_loss at step 10800: 0.313992
2025-12-08 13:12:58 INFO     Training average negative_fact_loss at step 10800: 0.290948
2025-12-08 13:12:58 INFO     Training average positive_rule_loss at step 10800: 2.032793
2025-12-08 13:12:58 INFO     Training average negative_rule_loss at step 10800: 2.627279
2025-12-08 13:12:58 INFO     Training average L_uncertainty at step 10800: 54.712141
2025-12-08 13:12:58 INFO     Training average L_kl at step 10800: 54212.545391
2025-12-08 13:12:58 INFO     Training average L_sigma at step 10800: 499.592863
2025-12-08 13:12:58 INFO     Training average mu_mean at step 10800: -2.754188
2025-12-08 13:12:58 INFO     Training average sigma_mean at step 10800: 0.210895
2025-12-08 13:12:58 INFO     Training average regularization at step 10800: 0.006247
2025-12-08 13:12:58 INFO     Training average loss at step 10800: 2.693466
2025-12-08 13:13:54 INFO     Training average positive_fact_loss at step 10900: 0.313547
2025-12-08 13:13:54 INFO     Training average negative_fact_loss at step 10900: 0.290992
2025-12-08 13:13:54 INFO     Training average positive_rule_loss at step 10900: 2.030962
2025-12-08 13:13:54 INFO     Training average negative_rule_loss at step 10900: 2.627012
2025-12-08 13:13:54 INFO     Training average L_uncertainty at step 10900: 54.689531
2025-12-08 13:13:54 INFO     Training average L_kl at step 10900: 54182.170000
2025-12-08 13:13:54 INFO     Training average L_sigma at step 10900: 507.357967
2025-12-08 13:13:54 INFO     Training average mu_mean at step 10900: -2.747293
2025-12-08 13:13:54 INFO     Training average sigma_mean at step 10900: 0.211046
2025-12-08 13:13:54 INFO     Training average regularization at step 10900: 0.006248
2025-12-08 13:13:54 INFO     Training average loss at step 10900: 2.692194
2025-12-08 13:14:54 INFO     Training average positive_fact_loss at step 11000: 0.313690
2025-12-08 13:14:54 INFO     Training average negative_fact_loss at step 11000: 0.291304
2025-12-08 13:14:54 INFO     Training average positive_rule_loss at step 11000: 2.032740
2025-12-08 13:14:54 INFO     Training average negative_rule_loss at step 11000: 2.620109
2025-12-08 13:14:54 INFO     Training average L_uncertainty at step 11000: 54.980518
2025-12-08 13:14:54 INFO     Training average L_kl at step 11000: 54481.617227
2025-12-08 13:14:54 INFO     Training average L_sigma at step 11000: 498.897856
2025-12-08 13:14:54 INFO     Training average mu_mean at step 11000: -2.754953
2025-12-08 13:14:54 INFO     Training average sigma_mean at step 11000: 0.210881
2025-12-08 13:14:54 INFO     Training average regularization at step 11000: 0.006236
2025-12-08 13:14:54 INFO     Training average loss at step 11000: 2.690138
2025-12-08 13:14:54 INFO     Evaluating on Valid Dataset...
2025-12-08 13:14:54 INFO     >>>>> RuleE emb: Evaluating on valid
2025-12-08 13:15:04 INFO     Data : 4274
2025-12-08 13:15:04 INFO     Hit1 : 0.527141
2025-12-08 13:15:04 INFO     Hit3 : 0.764857
2025-12-08 13:15:04 INFO     Hit10: 0.945952
2025-12-08 13:15:04 INFO     MR   : 3.420449
2025-12-08 13:15:04 INFO     MRR  : 0.667951
2025-12-08 13:15:51 INFO     Training average positive_fact_loss at step 11100: 0.313999
2025-12-08 13:15:51 INFO     Training average negative_fact_loss at step 11100: 0.290583
2025-12-08 13:15:51 INFO     Training average positive_rule_loss at step 11100: 2.033810
2025-12-08 13:15:51 INFO     Training average negative_rule_loss at step 11100: 2.616957
2025-12-08 13:15:51 INFO     Training average L_uncertainty at step 11100: 55.023337
2025-12-08 13:15:51 INFO     Training average L_kl at step 11100: 54514.049414
2025-12-08 13:15:51 INFO     Training average L_sigma at step 11100: 509.285359
2025-12-08 13:15:51 INFO     Training average mu_mean at step 11100: -2.753476
2025-12-08 13:15:51 INFO     Training average sigma_mean at step 11100: 0.210903
2025-12-08 13:15:51 INFO     Training average regularization at step 11100: 0.006252
2025-12-08 13:15:51 INFO     Training average loss at step 11100: 2.688950
2025-12-08 13:16:51 INFO     Training average positive_fact_loss at step 11200: 0.313251
2025-12-08 13:16:51 INFO     Training average negative_fact_loss at step 11200: 0.291082
2025-12-08 13:16:51 INFO     Training average positive_rule_loss at step 11200: 2.030154
2025-12-08 13:16:51 INFO     Training average negative_rule_loss at step 11200: 2.615948
2025-12-08 13:16:51 INFO     Training average L_uncertainty at step 11200: 55.100539
2025-12-08 13:16:51 INFO     Training average L_kl at step 11200: 54587.192187
2025-12-08 13:16:51 INFO     Training average L_sigma at step 11200: 513.344741
2025-12-08 13:16:51 INFO     Training average mu_mean at step 11200: -2.750798
2025-12-08 13:16:51 INFO     Training average sigma_mean at step 11200: 0.210929
2025-12-08 13:16:51 INFO     Training average regularization at step 11200: 0.006233
2025-12-08 13:16:51 INFO     Training average loss at step 11200: 2.686551
2025-12-08 13:17:48 INFO     Training average positive_fact_loss at step 11300: 0.313382
2025-12-08 13:17:48 INFO     Training average negative_fact_loss at step 11300: 0.290478
2025-12-08 13:17:48 INFO     Training average positive_rule_loss at step 11300: 2.026729
2025-12-08 13:17:48 INFO     Training average negative_rule_loss at step 11300: 2.618019
2025-12-08 13:17:48 INFO     Training average L_uncertainty at step 11300: 54.818984
2025-12-08 13:17:48 INFO     Training average L_kl at step 11300: 54309.083867
2025-12-08 13:17:48 INFO     Training average L_sigma at step 11300: 509.897728
2025-12-08 13:17:48 INFO     Training average mu_mean at step 11300: -2.735778
2025-12-08 13:17:48 INFO     Training average sigma_mean at step 11300: 0.211076
2025-12-08 13:17:48 INFO     Training average regularization at step 11300: 0.006244
2025-12-08 13:17:48 INFO     Training average loss at step 11300: 2.685367
2025-12-08 13:18:48 INFO     Training average positive_fact_loss at step 11400: 0.313164
2025-12-08 13:18:48 INFO     Training average negative_fact_loss at step 11400: 0.291056
2025-12-08 13:18:48 INFO     Training average positive_rule_loss at step 11400: 2.025959
2025-12-08 13:18:48 INFO     Training average negative_rule_loss at step 11400: 2.615554
2025-12-08 13:18:48 INFO     Training average L_uncertainty at step 11400: 54.894044
2025-12-08 13:18:48 INFO     Training average L_kl at step 11400: 54388.062500
2025-12-08 13:18:48 INFO     Training average L_sigma at step 11400: 505.979465
2025-12-08 13:18:48 INFO     Training average mu_mean at step 11400: -2.733041
2025-12-08 13:18:48 INFO     Training average sigma_mean at step 11400: 0.211023
2025-12-08 13:18:48 INFO     Training average regularization at step 11400: 0.006240
2025-12-08 13:18:48 INFO     Training average loss at step 11400: 2.684000
2025-12-08 13:19:44 INFO     Training average positive_fact_loss at step 11500: 0.313400
2025-12-08 13:19:44 INFO     Training average negative_fact_loss at step 11500: 0.291159
2025-12-08 13:19:44 INFO     Training average positive_rule_loss at step 11500: 2.025697
2025-12-08 13:19:44 INFO     Training average negative_rule_loss at step 11500: 2.612501
2025-12-08 13:19:44 INFO     Training average L_uncertainty at step 11500: 54.972056
2025-12-08 13:19:44 INFO     Training average L_kl at step 11500: 54469.728477
2025-12-08 13:19:44 INFO     Training average L_sigma at step 11500: 502.324582
2025-12-08 13:19:44 INFO     Training average mu_mean at step 11500: -2.732602
2025-12-08 13:19:44 INFO     Training average sigma_mean at step 11500: 0.210945
2025-12-08 13:19:44 INFO     Training average regularization at step 11500: 0.006233
2025-12-08 13:19:44 INFO     Training average loss at step 11500: 2.682584
2025-12-08 13:20:45 INFO     Training average positive_fact_loss at step 11600: 0.314346
2025-12-08 13:20:45 INFO     Training average negative_fact_loss at step 11600: 0.290881
2025-12-08 13:20:45 INFO     Training average positive_rule_loss at step 11600: 2.023611
2025-12-08 13:20:45 INFO     Training average negative_rule_loss at step 11600: 2.610543
2025-12-08 13:20:45 INFO     Training average L_uncertainty at step 11600: 54.819096
2025-12-08 13:20:45 INFO     Training average L_kl at step 11600: 54310.418594
2025-12-08 13:20:45 INFO     Training average L_sigma at step 11600: 508.674256
2025-12-08 13:20:45 INFO     Training average mu_mean at step 11600: -2.722554
2025-12-08 13:20:45 INFO     Training average sigma_mean at step 11600: 0.211099
2025-12-08 13:20:45 INFO     Training average regularization at step 11600: 0.006240
2025-12-08 13:20:45 INFO     Training average loss at step 11600: 2.680750
2025-12-08 13:21:37 INFO     Training average positive_fact_loss at step 11700: 0.313352
2025-12-08 13:21:37 INFO     Training average negative_fact_loss at step 11700: 0.290812
2025-12-08 13:21:37 INFO     Training average positive_rule_loss at step 11700: 2.027486
2025-12-08 13:21:37 INFO     Training average negative_rule_loss at step 11700: 2.599564
2025-12-08 13:21:37 INFO     Training average L_uncertainty at step 11700: 55.342108
2025-12-08 13:21:37 INFO     Training average L_kl at step 11700: 54832.435508
2025-12-08 13:21:37 INFO     Training average L_sigma at step 11700: 509.669766
2025-12-08 13:21:37 INFO     Training average mu_mean at step 11700: -2.735755
2025-12-08 13:21:37 INFO     Training average sigma_mean at step 11700: 0.211032
2025-12-08 13:21:37 INFO     Training average regularization at step 11700: 0.006236
2025-12-08 13:21:37 INFO     Training average loss at step 11700: 2.677185
2025-12-08 13:22:33 INFO     Training average positive_fact_loss at step 11800: 0.313624
2025-12-08 13:22:33 INFO     Training average negative_fact_loss at step 11800: 0.290464
2025-12-08 13:22:33 INFO     Training average positive_rule_loss at step 11800: 2.020606
2025-12-08 13:22:33 INFO     Training average negative_rule_loss at step 11800: 2.609881
2025-12-08 13:22:33 INFO     Training average L_uncertainty at step 11800: 54.914698
2025-12-08 13:22:33 INFO     Training average L_kl at step 11800: 54406.724102
2025-12-08 13:22:33 INFO     Training average L_sigma at step 11800: 507.971632
2025-12-08 13:22:33 INFO     Training average mu_mean at step 11800: -2.716835
2025-12-08 13:22:33 INFO     Training average sigma_mean at step 11800: 0.210969
2025-12-08 13:22:33 INFO     Training average regularization at step 11800: 0.006243
2025-12-08 13:22:33 INFO     Training average loss at step 11800: 2.678446
2025-12-08 13:23:30 INFO     Training average positive_fact_loss at step 11900: 0.313318
2025-12-08 13:23:30 INFO     Training average negative_fact_loss at step 11900: 0.290498
2025-12-08 13:23:30 INFO     Training average positive_rule_loss at step 11900: 2.020846
2025-12-08 13:23:30 INFO     Training average negative_rule_loss at step 11900: 2.602752
2025-12-08 13:23:30 INFO     Training average L_uncertainty at step 11900: 54.982398
2025-12-08 13:23:30 INFO     Training average L_kl at step 11900: 54464.361133
2025-12-08 13:23:30 INFO     Training average L_sigma at step 11900: 518.033629
2025-12-08 13:23:30 INFO     Training average mu_mean at step 11900: -2.713547
2025-12-08 13:23:30 INFO     Training average sigma_mean at step 11900: 0.211280
2025-12-08 13:23:30 INFO     Training average regularization at step 11900: 0.006240
2025-12-08 13:23:30 INFO     Training average loss at step 11900: 2.674930
2025-12-08 13:24:30 INFO     Training average positive_fact_loss at step 12000: 0.313192
2025-12-08 13:24:30 INFO     Training average negative_fact_loss at step 12000: 0.290900
2025-12-08 13:24:30 INFO     Training average positive_rule_loss at step 12000: 2.022276
2025-12-08 13:24:30 INFO     Training average negative_rule_loss at step 12000: 2.598401
2025-12-08 13:24:30 INFO     Training average L_uncertainty at step 12000: 55.289093
2025-12-08 13:24:30 INFO     Training average L_kl at step 12000: 54780.584336
2025-12-08 13:24:30 INFO     Training average L_sigma at step 12000: 508.505488
2025-12-08 13:24:30 INFO     Training average mu_mean at step 12000: -2.719183
2025-12-08 13:24:30 INFO     Training average sigma_mean at step 12000: 0.210958
2025-12-08 13:24:30 INFO     Training average regularization at step 12000: 0.006243
2025-12-08 13:24:30 INFO     Training average loss at step 12000: 2.673917
2025-12-08 13:24:30 INFO     Evaluating on Valid Dataset...
2025-12-08 13:24:30 INFO     >>>>> RuleE emb: Evaluating on valid
2025-12-08 13:24:41 INFO     Data : 4274
2025-12-08 13:24:41 INFO     Hit1 : 0.531118
2025-12-08 13:24:41 INFO     Hit3 : 0.769303
2025-12-08 13:24:41 INFO     Hit10: 0.941741
2025-12-08 13:24:41 INFO     MR   : 3.424895
2025-12-08 13:24:41 INFO     MRR  : 0.670960
2025-12-08 13:25:37 INFO     Training average positive_fact_loss at step 12100: 0.313354
2025-12-08 13:25:37 INFO     Training average negative_fact_loss at step 12100: 0.291017
2025-12-08 13:25:37 INFO     Training average positive_rule_loss at step 12100: 2.022059
2025-12-08 13:25:37 INFO     Training average negative_rule_loss at step 12100: 2.594158
2025-12-08 13:25:37 INFO     Training average L_uncertainty at step 12100: 55.326764
2025-12-08 13:25:37 INFO     Training average L_kl at step 12100: 54806.558711
2025-12-08 13:25:37 INFO     Training average L_sigma at step 12100: 520.203451
2025-12-08 13:25:37 INFO     Training average mu_mean at step 12100: -2.719351
2025-12-08 13:25:37 INFO     Training average sigma_mean at step 12100: 0.211083
2025-12-08 13:25:37 INFO     Training average regularization at step 12100: 0.006236
2025-12-08 13:25:37 INFO     Training average loss at step 12100: 2.671857
2025-12-08 13:26:38 INFO     Training average positive_fact_loss at step 12200: 0.312950
2025-12-08 13:26:38 INFO     Training average negative_fact_loss at step 12200: 0.290974
2025-12-08 13:26:38 INFO     Training average positive_rule_loss at step 12200: 2.021043
2025-12-08 13:26:38 INFO     Training average negative_rule_loss at step 12200: 2.589901
2025-12-08 13:26:38 INFO     Training average L_uncertainty at step 12200: 55.502815
2025-12-08 13:26:38 INFO     Training average L_kl at step 12200: 54984.502266
2025-12-08 13:26:38 INFO     Training average L_sigma at step 12200: 518.309728
2025-12-08 13:26:38 INFO     Training average mu_mean at step 12200: -2.718551
2025-12-08 13:26:38 INFO     Training average sigma_mean at step 12200: 0.211180
2025-12-08 13:26:38 INFO     Training average regularization at step 12200: 0.006244
2025-12-08 13:26:38 INFO     Training average loss at step 12200: 2.669181
2025-12-08 13:27:34 INFO     Training average positive_fact_loss at step 12300: 0.313935
2025-12-08 13:27:34 INFO     Training average negative_fact_loss at step 12300: 0.290924
2025-12-08 13:27:34 INFO     Training average positive_rule_loss at step 12300: 2.019210
2025-12-08 13:27:34 INFO     Training average negative_rule_loss at step 12300: 2.587823
2025-12-08 13:27:34 INFO     Training average L_uncertainty at step 12300: 55.258326
2025-12-08 13:27:34 INFO     Training average L_kl at step 12300: 54743.821250
2025-12-08 13:27:34 INFO     Training average L_sigma at step 12300: 514.502112
2025-12-08 13:27:34 INFO     Training average mu_mean at step 12300: -2.703580
2025-12-08 13:27:34 INFO     Training average sigma_mean at step 12300: 0.211118
2025-12-08 13:27:34 INFO     Training average regularization at step 12300: 0.006239
2025-12-08 13:27:34 INFO     Training average loss at step 12300: 2.667443
2025-12-08 13:28:26 INFO     Training average positive_fact_loss at step 12400: 0.313956
2025-12-08 13:28:26 INFO     Training average negative_fact_loss at step 12400: 0.290267
2025-12-08 13:28:26 INFO     Training average positive_rule_loss at step 12400: 2.025137
2025-12-08 13:28:26 INFO     Training average negative_rule_loss at step 12400: 2.581607
2025-12-08 13:28:26 INFO     Training average L_uncertainty at step 12400: 55.617376
2025-12-08 13:28:26 INFO     Training average L_kl at step 12400: 55091.615664
2025-12-08 13:28:26 INFO     Training average L_sigma at step 12400: 525.757522
2025-12-08 13:28:26 INFO     Training average mu_mean at step 12400: -2.715985
2025-12-08 13:28:26 INFO     Training average sigma_mean at step 12400: 0.211117
2025-12-08 13:28:26 INFO     Training average regularization at step 12400: 0.006236
2025-12-08 13:28:26 INFO     Training average loss at step 12400: 2.667338
2025-12-08 13:29:22 INFO     Training average positive_fact_loss at step 12500: 0.313481
2025-12-08 13:29:22 INFO     Training average negative_fact_loss at step 12500: 0.290817
2025-12-08 13:29:22 INFO     Training average positive_rule_loss at step 12500: 2.015475
2025-12-08 13:29:22 INFO     Training average negative_rule_loss at step 12500: 2.586532
2025-12-08 13:29:22 INFO     Training average L_uncertainty at step 12500: 55.186942
2025-12-08 13:29:22 INFO     Training average L_kl at step 12500: 54666.188672
2025-12-08 13:29:22 INFO     Training average L_sigma at step 12500: 520.750834
2025-12-08 13:29:22 INFO     Training average mu_mean at step 12500: -2.694606
2025-12-08 13:29:22 INFO     Training average sigma_mean at step 12500: 0.211219
2025-12-08 13:29:22 INFO     Training average regularization at step 12500: 0.006238
2025-12-08 13:29:22 INFO     Training average loss at step 12500: 2.664578
2025-12-08 13:30:23 INFO     Training average positive_fact_loss at step 12600: 0.313573
2025-12-08 13:30:23 INFO     Training average negative_fact_loss at step 12600: 0.290714
2025-12-08 13:30:23 INFO     Training average positive_rule_loss at step 12600: 2.019472
2025-12-08 13:30:23 INFO     Training average negative_rule_loss at step 12600: 2.580860
2025-12-08 13:30:23 INFO     Training average L_uncertainty at step 12600: 55.510215
2025-12-08 13:30:23 INFO     Training average L_kl at step 12600: 54986.324727
2025-12-08 13:30:23 INFO     Training average L_sigma at step 12600: 523.887225
2025-12-08 13:30:23 INFO     Training average mu_mean at step 12600: -2.700719
2025-12-08 13:30:23 INFO     Training average sigma_mean at step 12600: 0.211332
2025-12-08 13:30:23 INFO     Training average regularization at step 12600: 0.006236
2025-12-08 13:30:23 INFO     Training average loss at step 12600: 2.664056
2025-12-08 13:31:20 INFO     Training average positive_fact_loss at step 12700: 0.313233
2025-12-08 13:31:20 INFO     Training average negative_fact_loss at step 12700: 0.291087
2025-12-08 13:31:20 INFO     Training average positive_rule_loss at step 12700: 2.015126
2025-12-08 13:31:20 INFO     Training average negative_rule_loss at step 12700: 2.579767
2025-12-08 13:31:20 INFO     Training average L_uncertainty at step 12700: 55.227100
2025-12-08 13:31:20 INFO     Training average L_kl at step 12700: 54711.361563
2025-12-08 13:31:20 INFO     Training average L_sigma at step 12700: 515.735641
2025-12-08 13:31:20 INFO     Training average mu_mean at step 12700: -2.683726
2025-12-08 13:31:20 INFO     Training average sigma_mean at step 12700: 0.211161
2025-12-08 13:31:20 INFO     Training average regularization at step 12700: 0.006231
2025-12-08 13:31:20 INFO     Training average loss at step 12700: 2.661065
2025-12-08 13:32:21 INFO     Training average positive_fact_loss at step 12800: 0.313879
2025-12-08 13:32:21 INFO     Training average negative_fact_loss at step 12800: 0.291207
2025-12-08 13:32:21 INFO     Training average positive_rule_loss at step 12800: 2.016377
2025-12-08 13:32:21 INFO     Training average negative_rule_loss at step 12800: 2.578207
2025-12-08 13:32:21 INFO     Training average L_uncertainty at step 12800: 55.499152
2025-12-08 13:32:21 INFO     Training average L_kl at step 12800: 54984.793164
2025-12-08 13:32:21 INFO     Training average L_sigma at step 12800: 514.356639
2025-12-08 13:32:21 INFO     Training average mu_mean at step 12800: -2.691201
2025-12-08 13:32:21 INFO     Training average sigma_mean at step 12800: 0.211098
2025-12-08 13:32:21 INFO     Training average regularization at step 12800: 0.006225
2025-12-08 13:32:21 INFO     Training average loss at step 12800: 2.661559
2025-12-08 13:33:17 INFO     Training average positive_fact_loss at step 12900: 0.313451
2025-12-08 13:33:17 INFO     Training average negative_fact_loss at step 12900: 0.290992
2025-12-08 13:33:17 INFO     Training average positive_rule_loss at step 12900: 2.013991
2025-12-08 13:33:17 INFO     Training average negative_rule_loss at step 12900: 2.576071
2025-12-08 13:33:17 INFO     Training average L_uncertainty at step 12900: 55.364816
2025-12-08 13:33:17 INFO     Training average L_kl at step 12900: 54836.712344
2025-12-08 13:33:17 INFO     Training average L_sigma at step 12900: 528.100597
2025-12-08 13:33:17 INFO     Training average mu_mean at step 12900: -2.679788
2025-12-08 13:33:17 INFO     Training average sigma_mean at step 12900: 0.211289
2025-12-08 13:33:17 INFO     Training average regularization at step 12900: 0.006232
2025-12-08 13:33:17 INFO     Training average loss at step 12900: 2.658850
2025-12-08 13:34:13 INFO     Training average positive_fact_loss at step 13000: 0.313751
2025-12-08 13:34:13 INFO     Training average negative_fact_loss at step 13000: 0.290305
2025-12-08 13:34:13 INFO     Training average positive_rule_loss at step 13000: 2.019923
2025-12-08 13:34:13 INFO     Training average negative_rule_loss at step 13000: 2.563379
2025-12-08 13:34:13 INFO     Training average L_uncertainty at step 13000: 55.719793
2025-12-08 13:34:13 INFO     Training average L_kl at step 13000: 55201.638672
2025-12-08 13:34:13 INFO     Training average L_sigma at step 13000: 518.151624
2025-12-08 13:34:13 INFO     Training average mu_mean at step 13000: -2.689170
2025-12-08 13:34:13 INFO     Training average sigma_mean at step 13000: 0.211211
2025-12-08 13:34:13 INFO     Training average regularization at step 13000: 0.006232
2025-12-08 13:34:13 INFO     Training average loss at step 13000: 2.655631
2025-12-08 13:34:13 INFO     Evaluating on Valid Dataset...
2025-12-08 13:34:13 INFO     >>>>> RuleE emb: Evaluating on valid
2025-12-08 13:34:23 INFO     Data : 4274
2025-12-08 13:34:23 INFO     Hit1 : 0.543987
2025-12-08 13:34:23 INFO     Hit3 : 0.769069
2025-12-08 13:34:23 INFO     Hit10: 0.944782
2025-12-08 13:34:23 INFO     MR   : 3.391437
2025-12-08 13:34:23 INFO     MRR  : 0.678143
2025-12-08 13:35:17 INFO     Training average positive_fact_loss at step 13100: 0.313763
2025-12-08 13:35:17 INFO     Training average negative_fact_loss at step 13100: 0.290678
2025-12-08 13:35:17 INFO     Training average positive_rule_loss at step 13100: 2.013766
2025-12-08 13:35:17 INFO     Training average negative_rule_loss at step 13100: 2.571076
2025-12-08 13:35:17 INFO     Training average L_uncertainty at step 13100: 55.479439
2025-12-08 13:35:17 INFO     Training average L_kl at step 13100: 54952.408633
2025-12-08 13:35:17 INFO     Training average L_sigma at step 13100: 527.028159
2025-12-08 13:35:17 INFO     Training average mu_mean at step 13100: -2.677921
2025-12-08 13:35:17 INFO     Training average sigma_mean at step 13100: 0.211087
2025-12-08 13:35:17 INFO     Training average regularization at step 13100: 0.006233
2025-12-08 13:35:17 INFO     Training average loss at step 13100: 2.656354
2025-12-08 13:36:18 INFO     Training average positive_fact_loss at step 13200: 0.312943
2025-12-08 13:36:18 INFO     Training average negative_fact_loss at step 13200: 0.290552
2025-12-08 13:36:18 INFO     Training average positive_rule_loss at step 13200: 2.013704
2025-12-08 13:36:18 INFO     Training average negative_rule_loss at step 13200: 2.566063
2025-12-08 13:36:18 INFO     Training average L_uncertainty at step 13200: 55.753298
2025-12-08 13:36:18 INFO     Training average L_kl at step 13200: 55231.647187
2025-12-08 13:36:18 INFO     Training average L_sigma at step 13200: 521.647979
2025-12-08 13:36:18 INFO     Training average mu_mean at step 13200: -2.677815
2025-12-08 13:36:18 INFO     Training average sigma_mean at step 13200: 0.211245
2025-12-08 13:36:18 INFO     Training average regularization at step 13200: 0.006239
2025-12-08 13:36:18 INFO     Training average loss at step 13200: 2.653623
2025-12-08 13:37:14 INFO     Training average positive_fact_loss at step 13300: 0.313200
2025-12-08 13:37:14 INFO     Training average negative_fact_loss at step 13300: 0.290879
2025-12-08 13:37:14 INFO     Training average positive_rule_loss at step 13300: 2.012977
2025-12-08 13:37:14 INFO     Training average negative_rule_loss at step 13300: 2.562124
2025-12-08 13:37:14 INFO     Training average L_uncertainty at step 13300: 55.587918
2025-12-08 13:37:14 INFO     Training average L_kl at step 13300: 55068.473047
2025-12-08 13:37:14 INFO     Training average L_sigma at step 13300: 519.442567
2025-12-08 13:37:14 INFO     Training average mu_mean at step 13300: -2.665898
2025-12-08 13:37:14 INFO     Training average sigma_mean at step 13300: 0.211226
2025-12-08 13:37:14 INFO     Training average regularization at step 13300: 0.006235
2025-12-08 13:37:14 INFO     Training average loss at step 13300: 2.651413
2025-12-08 13:38:14 INFO     Training average positive_fact_loss at step 13400: 0.312938
2025-12-08 13:38:14 INFO     Training average negative_fact_loss at step 13400: 0.290800
2025-12-08 13:38:14 INFO     Training average positive_rule_loss at step 13400: 2.012018
2025-12-08 13:38:14 INFO     Training average negative_rule_loss at step 13400: 2.565831
2025-12-08 13:38:14 INFO     Training average L_uncertainty at step 13400: 55.516343
2025-12-08 13:38:14 INFO     Training average L_kl at step 13400: 54996.191367
2025-12-08 13:38:14 INFO     Training average L_sigma at step 13400: 520.148668
2025-12-08 13:38:14 INFO     Training average mu_mean at step 13400: -2.661062
2025-12-08 13:38:14 INFO     Training average sigma_mean at step 13400: 0.211277
2025-12-08 13:38:14 INFO     Training average regularization at step 13400: 0.006232
2025-12-08 13:38:14 INFO     Training average loss at step 13400: 2.652541
2025-12-08 13:39:11 INFO     Training average positive_fact_loss at step 13500: 0.313603
2025-12-08 13:39:11 INFO     Training average negative_fact_loss at step 13500: 0.290821
2025-12-08 13:39:11 INFO     Training average positive_rule_loss at step 13500: 2.013087
2025-12-08 13:39:11 INFO     Training average negative_rule_loss at step 13500: 2.556847
2025-12-08 13:39:11 INFO     Training average L_uncertainty at step 13500: 55.687362
2025-12-08 13:39:11 INFO     Training average L_kl at step 13500: 55158.465391
2025-12-08 13:39:11 INFO     Training average L_sigma at step 13500: 528.894251
2025-12-08 13:39:11 INFO     Training average mu_mean at step 13500: -2.661807
2025-12-08 13:39:11 INFO     Training average sigma_mean at step 13500: 0.211493
2025-12-08 13:39:11 INFO     Training average regularization at step 13500: 0.006231
2025-12-08 13:39:11 INFO     Training average loss at step 13500: 2.649097
2025-12-08 13:40:11 INFO     Training average positive_fact_loss at step 13600: 0.313013
2025-12-08 13:40:11 INFO     Training average negative_fact_loss at step 13600: 0.290614
2025-12-08 13:40:11 INFO     Training average positive_rule_loss at step 13600: 2.015454
2025-12-08 13:40:11 INFO     Training average negative_rule_loss at step 13600: 2.551684
2025-12-08 13:40:11 INFO     Training average L_uncertainty at step 13600: 55.830532
2025-12-08 13:40:11 INFO     Training average L_kl at step 13600: 55301.172031
2025-12-08 13:40:11 INFO     Training average L_sigma at step 13600: 529.357100
2025-12-08 13:40:11 INFO     Training average mu_mean at step 13600: -2.667431
2025-12-08 13:40:11 INFO     Training average sigma_mean at step 13600: 0.211390
2025-12-08 13:40:11 INFO     Training average regularization at step 13600: 0.006250
2025-12-08 13:40:11 INFO     Training average loss at step 13600: 2.647463
2025-12-08 13:40:59 INFO     Training average positive_fact_loss at step 13700: 0.314170
2025-12-08 13:40:59 INFO     Training average negative_fact_loss at step 13700: 0.290309
2025-12-08 13:40:59 INFO     Training average positive_rule_loss at step 13700: 2.013447
2025-12-08 13:40:59 INFO     Training average negative_rule_loss at step 13700: 2.548720
2025-12-08 13:40:59 INFO     Training average L_uncertainty at step 13700: 55.938051
2025-12-08 13:40:59 INFO     Training average L_kl at step 13700: 55408.189258
2025-12-08 13:40:59 INFO     Training average L_sigma at step 13700: 529.858419
2025-12-08 13:40:59 INFO     Training average mu_mean at step 13700: -2.663018
2025-12-08 13:40:59 INFO     Training average sigma_mean at step 13700: 0.211402
2025-12-08 13:40:59 INFO     Training average regularization at step 13700: 0.006244
2025-12-08 13:40:59 INFO     Training average loss at step 13700: 2.645504
2025-12-08 13:41:59 INFO     Training average positive_fact_loss at step 13800: 0.313023
2025-12-08 13:41:59 INFO     Training average negative_fact_loss at step 13800: 0.290422
2025-12-08 13:41:59 INFO     Training average positive_rule_loss at step 13800: 2.009608
2025-12-08 13:41:59 INFO     Training average negative_rule_loss at step 13800: 2.552696
2025-12-08 13:41:59 INFO     Training average L_uncertainty at step 13800: 55.672148
2025-12-08 13:41:59 INFO     Training average L_kl at step 13800: 55143.167969
2025-12-08 13:41:59 INFO     Training average L_sigma at step 13800: 528.977528
2025-12-08 13:41:59 INFO     Training average mu_mean at step 13800: -2.643948
2025-12-08 13:41:59 INFO     Training average sigma_mean at step 13800: 0.211337
2025-12-08 13:41:59 INFO     Training average regularization at step 13800: 0.006242
2025-12-08 13:41:59 INFO     Training average loss at step 13800: 2.644788
2025-12-08 13:42:56 INFO     Training average positive_fact_loss at step 13900: 0.313605
2025-12-08 13:42:56 INFO     Training average negative_fact_loss at step 13900: 0.290716
2025-12-08 13:42:56 INFO     Training average positive_rule_loss at step 13900: 2.010843
2025-12-08 13:42:56 INFO     Training average negative_rule_loss at step 13900: 2.545635
2025-12-08 13:42:56 INFO     Training average L_uncertainty at step 13900: 55.864718
2025-12-08 13:42:56 INFO     Training average L_kl at step 13900: 55339.535820
2025-12-08 13:42:56 INFO     Training average L_sigma at step 13900: 525.179678
2025-12-08 13:42:56 INFO     Training average mu_mean at step 13900: -2.645535
2025-12-08 13:42:56 INFO     Training average sigma_mean at step 13900: 0.211364
2025-12-08 13:42:56 INFO     Training average regularization at step 13900: 0.006239
2025-12-08 13:42:56 INFO     Training average loss at step 13900: 2.642503
2025-12-08 13:43:56 INFO     Training average positive_fact_loss at step 14000: 0.313571
2025-12-08 13:43:56 INFO     Training average negative_fact_loss at step 14000: 0.290840
2025-12-08 13:43:56 INFO     Training average positive_rule_loss at step 14000: 2.012440
2025-12-08 13:43:56 INFO     Training average negative_rule_loss at step 14000: 2.539001
2025-12-08 13:43:56 INFO     Training average L_uncertainty at step 14000: 56.090791
2025-12-08 13:43:56 INFO     Training average L_kl at step 14000: 55563.717266
2025-12-08 13:43:56 INFO     Training average L_sigma at step 14000: 527.071454
2025-12-08 13:43:56 INFO     Training average mu_mean at step 14000: -2.649698
2025-12-08 13:43:56 INFO     Training average sigma_mean at step 14000: 0.211357
2025-12-08 13:43:56 INFO     Training average regularization at step 14000: 0.006244
2025-12-08 13:43:56 INFO     Training average loss at step 14000: 2.640261
2025-12-08 13:43:56 INFO     Evaluating on Valid Dataset...
2025-12-08 13:43:56 INFO     >>>>> RuleE emb: Evaluating on valid
2025-12-08 13:44:07 INFO     Data : 4274
2025-12-08 13:44:07 INFO     Hit1 : 0.534394
2025-12-08 13:44:07 INFO     Hit3 : 0.766027
2025-12-08 13:44:07 INFO     Hit10: 0.941039
2025-12-08 13:44:07 INFO     MR   : 3.439635
2025-12-08 13:44:07 INFO     MRR  : 0.671594
2025-12-08 13:45:02 INFO     Training average positive_fact_loss at step 14100: 0.312918
2025-12-08 13:45:02 INFO     Training average negative_fact_loss at step 14100: 0.291016
2025-12-08 13:45:02 INFO     Training average positive_rule_loss at step 14100: 2.011483
2025-12-08 13:45:02 INFO     Training average negative_rule_loss at step 14100: 2.541797
2025-12-08 13:45:02 INFO     Training average L_uncertainty at step 14100: 55.932117
2025-12-08 13:45:02 INFO     Training average L_kl at step 14100: 55404.929883
2025-12-08 13:45:02 INFO     Training average L_sigma at step 14100: 527.184553
2025-12-08 13:45:02 INFO     Training average mu_mean at step 14100: -2.638699
2025-12-08 13:45:02 INFO     Training average sigma_mean at step 14100: 0.211422
2025-12-08 13:45:02 INFO     Training average regularization at step 14100: 0.006233
2025-12-08 13:45:02 INFO     Training average loss at step 14100: 2.640772
2025-12-08 13:46:03 INFO     Training average positive_fact_loss at step 14200: 0.313863
2025-12-08 13:46:03 INFO     Training average negative_fact_loss at step 14200: 0.291095
2025-12-08 13:46:03 INFO     Training average positive_rule_loss at step 14200: 2.014051
2025-12-08 13:46:03 INFO     Training average negative_rule_loss at step 14200: 2.531893
2025-12-08 13:46:03 INFO     Training average L_uncertainty at step 14200: 56.079147
2025-12-08 13:46:03 INFO     Training average L_kl at step 14200: 55552.719375
2025-12-08 13:46:03 INFO     Training average L_sigma at step 14200: 526.424914
2025-12-08 13:46:03 INFO     Training average mu_mean at step 14200: -2.640246
2025-12-08 13:46:03 INFO     Training average sigma_mean at step 14200: 0.211366
2025-12-08 13:46:03 INFO     Training average regularization at step 14200: 0.006224
2025-12-08 13:46:03 INFO     Training average loss at step 14200: 2.637754
2025-12-08 13:46:55 INFO     Training average positive_fact_loss at step 14300: 0.314098
2025-12-08 13:46:55 INFO     Training average negative_fact_loss at step 14300: 0.290474
2025-12-08 13:46:55 INFO     Training average positive_rule_loss at step 14300: 2.010350
2025-12-08 13:46:55 INFO     Training average negative_rule_loss at step 14300: 2.533742
2025-12-08 13:46:55 INFO     Training average L_uncertainty at step 14300: 56.123442
2025-12-08 13:46:55 INFO     Training average L_kl at step 14300: 55587.390898
2025-12-08 13:46:55 INFO     Training average L_sigma at step 14300: 536.048146
2025-12-08 13:46:55 INFO     Training average mu_mean at step 14300: -2.639067
2025-12-08 13:46:55 INFO     Training average sigma_mean at step 14300: 0.211423
2025-12-08 13:46:55 INFO     Training average regularization at step 14300: 0.006230
2025-12-08 13:46:55 INFO     Training average loss at step 14300: 2.636686
2025-12-08 13:47:51 INFO     Training average positive_fact_loss at step 14400: 0.313867
2025-12-08 13:47:51 INFO     Training average negative_fact_loss at step 14400: 0.290672
2025-12-08 13:47:51 INFO     Training average positive_rule_loss at step 14400: 2.009253
2025-12-08 13:47:51 INFO     Training average negative_rule_loss at step 14400: 2.538269
2025-12-08 13:47:51 INFO     Training average L_uncertainty at step 14400: 55.929261
2025-12-08 13:47:51 INFO     Training average L_kl at step 14400: 55395.224453
2025-12-08 13:47:51 INFO     Training average L_sigma at step 14400: 534.033702
2025-12-08 13:47:51 INFO     Training average mu_mean at step 14400: -2.620297
2025-12-08 13:47:51 INFO     Training average sigma_mean at step 14400: 0.211427
2025-12-08 13:47:51 INFO     Training average regularization at step 14400: 0.006225
2025-12-08 13:47:51 INFO     Training average loss at step 14400: 2.638185
2025-12-08 13:48:48 INFO     Training average positive_fact_loss at step 14500: 0.312918
2025-12-08 13:48:48 INFO     Training average negative_fact_loss at step 14500: 0.290107
2025-12-08 13:48:48 INFO     Training average positive_rule_loss at step 14500: 2.009239
2025-12-08 13:48:48 INFO     Training average negative_rule_loss at step 14500: 2.529171
2025-12-08 13:48:48 INFO     Training average L_uncertainty at step 14500: 56.133153
2025-12-08 13:48:48 INFO     Training average L_kl at step 14500: 55605.053828
2025-12-08 13:48:48 INFO     Training average L_sigma at step 14500: 528.096686
2025-12-08 13:48:48 INFO     Training average mu_mean at step 14500: -2.622681
2025-12-08 13:48:48 INFO     Training average sigma_mean at step 14500: 0.211339
2025-12-08 13:48:48 INFO     Training average regularization at step 14500: 0.006232
2025-12-08 13:48:48 INFO     Training average loss at step 14500: 2.633083
2025-12-08 13:49:48 INFO     Training average positive_fact_loss at step 14600: 0.312586
2025-12-08 13:49:48 INFO     Training average negative_fact_loss at step 14600: 0.290441
2025-12-08 13:49:48 INFO     Training average positive_rule_loss at step 14600: 2.010659
2025-12-08 13:49:48 INFO     Training average negative_rule_loss at step 14600: 2.524039
2025-12-08 13:49:48 INFO     Training average L_uncertainty at step 14600: 56.307061
2025-12-08 13:49:48 INFO     Training average L_kl at step 14600: 55776.364062
2025-12-08 13:49:48 INFO     Training average L_sigma at step 14600: 530.694688
2025-12-08 13:49:48 INFO     Training average mu_mean at step 14600: -2.622959
2025-12-08 13:49:48 INFO     Training average sigma_mean at step 14600: 0.211445
2025-12-08 13:49:48 INFO     Training average regularization at step 14600: 0.006233
2025-12-08 13:49:48 INFO     Training average loss at step 14600: 2.631403
2025-12-08 13:50:45 INFO     Training average positive_fact_loss at step 14700: 0.313437
2025-12-08 13:50:45 INFO     Training average negative_fact_loss at step 14700: 0.291227
2025-12-08 13:50:45 INFO     Training average positive_rule_loss at step 14700: 2.016019
2025-12-08 13:50:45 INFO     Training average negative_rule_loss at step 14700: 2.519287
2025-12-08 13:50:45 INFO     Training average L_uncertainty at step 14700: 56.389368
2025-12-08 13:50:45 INFO     Training average L_kl at step 14700: 55857.764687
2025-12-08 13:50:45 INFO     Training average L_sigma at step 14700: 531.600549
2025-12-08 13:50:45 INFO     Training average mu_mean at step 14700: -2.624723
2025-12-08 13:50:45 INFO     Training average sigma_mean at step 14700: 0.211374
2025-12-08 13:50:45 INFO     Training average regularization at step 14700: 0.006228
2025-12-08 13:50:45 INFO     Training average loss at step 14700: 2.632602
2025-12-08 13:51:45 INFO     Training average positive_fact_loss at step 14800: 0.313736
2025-12-08 13:51:45 INFO     Training average negative_fact_loss at step 14800: 0.291039
2025-12-08 13:51:45 INFO     Training average positive_rule_loss at step 14800: 2.011619
2025-12-08 13:51:45 INFO     Training average negative_rule_loss at step 14800: 2.523641
2025-12-08 13:51:45 INFO     Training average L_uncertainty at step 14800: 56.227275
2025-12-08 13:51:45 INFO     Training average L_kl at step 14800: 55680.019453
2025-12-08 13:51:45 INFO     Training average L_sigma at step 14800: 547.252928
2025-12-08 13:51:45 INFO     Training average mu_mean at step 14800: -2.616905
2025-12-08 13:51:45 INFO     Training average sigma_mean at step 14800: 0.211514
2025-12-08 13:51:45 INFO     Training average regularization at step 14800: 0.006231
2025-12-08 13:51:45 INFO     Training average loss at step 14800: 2.632476
2025-12-08 13:52:41 INFO     Training average positive_fact_loss at step 14900: 0.313698
2025-12-08 13:52:41 INFO     Training average negative_fact_loss at step 14900: 0.290506
2025-12-08 13:52:41 INFO     Training average positive_rule_loss at step 14900: 2.007922
2025-12-08 13:52:41 INFO     Training average negative_rule_loss at step 14900: 2.520024
2025-12-08 13:52:41 INFO     Training average L_uncertainty at step 14900: 56.282565
2025-12-08 13:52:41 INFO     Training average L_kl at step 14900: 55748.657383
2025-12-08 13:52:41 INFO     Training average L_sigma at step 14900: 533.905073
2025-12-08 13:52:41 INFO     Training average mu_mean at step 14900: -2.604178
2025-12-08 13:52:41 INFO     Training average sigma_mean at step 14900: 0.211463
2025-12-08 13:52:41 INFO     Training average regularization at step 14900: 0.006237
2025-12-08 13:52:41 INFO     Training average loss at step 14900: 2.628595
2025-12-08 13:53:33 INFO     Training average positive_fact_loss at step 15000: 0.313965
2025-12-08 13:53:33 INFO     Training average negative_fact_loss at step 15000: 0.290518
2025-12-08 13:53:33 INFO     Training average positive_rule_loss at step 15000: 2.007845
2025-12-08 13:53:33 INFO     Training average negative_rule_loss at step 15000: 2.518319
2025-12-08 13:53:33 INFO     Training average L_uncertainty at step 15000: 56.289839
2025-12-08 13:53:33 INFO     Training average L_kl at step 15000: 55750.628164
2025-12-08 13:53:33 INFO     Training average L_sigma at step 15000: 539.208204
2025-12-08 13:53:33 INFO     Training average mu_mean at step 15000: -2.600317
2025-12-08 13:53:33 INFO     Training average sigma_mean at step 15000: 0.211607
2025-12-08 13:53:33 INFO     Training average regularization at step 15000: 0.006234
2025-12-08 13:53:33 INFO     Training average loss at step 15000: 2.627847
2025-12-08 13:53:33 INFO     Evaluating on Valid Dataset...
2025-12-08 13:53:33 INFO     >>>>> RuleE emb: Evaluating on valid
2025-12-08 13:53:43 INFO     Data : 4274
2025-12-08 13:53:43 INFO     Hit1 : 0.525737
2025-12-08 13:53:43 INFO     Hit3 : 0.766963
2025-12-08 13:53:43 INFO     Hit10: 0.943145
2025-12-08 13:53:43 INFO     MR   : 3.416706
2025-12-08 13:53:43 INFO     MRR  : 0.668163
2025-12-08 13:54:40 INFO     Training average positive_fact_loss at step 15100: 0.313317
2025-12-08 13:54:40 INFO     Training average negative_fact_loss at step 15100: 0.290547
2025-12-08 13:54:40 INFO     Training average positive_rule_loss at step 15100: 2.008933
2025-12-08 13:54:40 INFO     Training average negative_rule_loss at step 15100: 2.513596
2025-12-08 13:54:40 INFO     Training average L_uncertainty at step 15100: 56.343355
2025-12-08 13:54:40 INFO     Training average L_kl at step 15100: 55808.392852
2025-12-08 13:54:40 INFO     Training average L_sigma at step 15100: 534.959589
2025-12-08 13:54:40 INFO     Training average mu_mean at step 15100: -2.597528
2025-12-08 13:54:40 INFO     Training average sigma_mean at step 15100: 0.211502
2025-12-08 13:54:40 INFO     Training average regularization at step 15100: 0.006227
2025-12-08 13:54:40 INFO     Training average loss at step 15100: 2.625767
2025-12-08 13:55:41 INFO     Training average positive_fact_loss at step 15200: 0.312443
2025-12-08 13:55:41 INFO     Training average negative_fact_loss at step 15200: 0.290638
2025-12-08 13:55:41 INFO     Training average positive_rule_loss at step 15200: 2.009358
2025-12-08 13:55:41 INFO     Training average negative_rule_loss at step 15200: 2.510659
2025-12-08 13:55:41 INFO     Training average L_uncertainty at step 15200: 56.463899
2025-12-08 13:55:41 INFO     Training average L_kl at step 15200: 55929.614375
2025-12-08 13:55:41 INFO     Training average L_sigma at step 15200: 534.282444
2025-12-08 13:55:41 INFO     Training average mu_mean at step 15200: -2.595619
2025-12-08 13:55:41 INFO     Training average sigma_mean at step 15200: 0.211488
2025-12-08 13:55:41 INFO     Training average regularization at step 15200: 0.006237
2025-12-08 13:55:41 INFO     Training average loss at step 15200: 2.624250
2025-12-08 13:56:36 INFO     Training average positive_fact_loss at step 15300: 0.314055
2025-12-08 13:56:36 INFO     Training average negative_fact_loss at step 15300: 0.290777
2025-12-08 13:56:36 INFO     Training average positive_rule_loss at step 15300: 2.012071
2025-12-08 13:56:36 INFO     Training average negative_rule_loss at step 15300: 2.501641
2025-12-08 13:56:36 INFO     Training average L_uncertainty at step 15300: 56.660591
2025-12-08 13:56:36 INFO     Training average L_kl at step 15300: 56119.150117
2025-12-08 13:56:36 INFO     Training average L_sigma at step 15300: 541.438362
2025-12-08 13:56:36 INFO     Training average mu_mean at step 15300: -2.599747
2025-12-08 13:56:36 INFO     Training average sigma_mean at step 15300: 0.211640
2025-12-08 13:56:36 INFO     Training average regularization at step 15300: 0.006230
2025-12-08 13:56:36 INFO     Training average loss at step 15300: 2.622163
2025-12-08 13:57:37 INFO     Training average positive_fact_loss at step 15400: 0.313136
2025-12-08 13:57:37 INFO     Training average negative_fact_loss at step 15400: 0.290803
2025-12-08 13:57:37 INFO     Training average positive_rule_loss at step 15400: 2.009389
2025-12-08 13:57:37 INFO     Training average negative_rule_loss at step 15400: 2.504745
2025-12-08 13:57:37 INFO     Training average L_uncertainty at step 15400: 56.646420
2025-12-08 13:57:37 INFO     Training average L_kl at step 15400: 56111.644492
2025-12-08 13:57:37 INFO     Training average L_sigma at step 15400: 534.772509
2025-12-08 13:57:37 INFO     Training average mu_mean at step 15400: -2.590475
2025-12-08 13:57:37 INFO     Training average sigma_mean at step 15400: 0.211513
2025-12-08 13:57:37 INFO     Training average regularization at step 15400: 0.006223
2025-12-08 13:57:37 INFO     Training average loss at step 15400: 2.621907
2025-12-08 13:58:33 INFO     Training average positive_fact_loss at step 15500: 0.313755
2025-12-08 13:58:33 INFO     Training average negative_fact_loss at step 15500: 0.290668
2025-12-08 13:58:33 INFO     Training average positive_rule_loss at step 15500: 2.009359
2025-12-08 13:58:33 INFO     Training average negative_rule_loss at step 15500: 2.497948
2025-12-08 13:58:33 INFO     Training average L_uncertainty at step 15500: 56.724930
2025-12-08 13:58:33 INFO     Training average L_kl at step 15500: 56187.725859
2025-12-08 13:58:33 INFO     Training average L_sigma at step 15500: 537.201898
2025-12-08 13:58:33 INFO     Training average mu_mean at step 15500: -2.587597
2025-12-08 13:58:33 INFO     Training average sigma_mean at step 15500: 0.211582
2025-12-08 13:58:33 INFO     Training average regularization at step 15500: 0.006224
2025-12-08 13:58:33 INFO     Training average loss at step 15500: 2.618813
2025-12-08 13:59:29 INFO     Training average positive_fact_loss at step 15600: 0.313638
2025-12-08 13:59:29 INFO     Training average negative_fact_loss at step 15600: 0.290621
2025-12-08 13:59:29 INFO     Training average positive_rule_loss at step 15600: 2.010071
2025-12-08 13:59:29 INFO     Training average negative_rule_loss at step 15600: 2.496606
2025-12-08 13:59:29 INFO     Training average L_uncertainty at step 15600: 56.706586
2025-12-08 13:59:29 INFO     Training average L_kl at step 15600: 56163.198828
2025-12-08 13:59:29 INFO     Training average L_sigma at step 15600: 543.383882
2025-12-08 13:59:29 INFO     Training average mu_mean at step 15600: -2.581735
2025-12-08 13:59:29 INFO     Training average sigma_mean at step 15600: 0.211648
2025-12-08 13:59:29 INFO     Training average regularization at step 15600: 0.006223
2025-12-08 13:59:29 INFO     Training average loss at step 15600: 2.618397
2025-12-08 14:00:21 INFO     Training average positive_fact_loss at step 15700: 0.313499
2025-12-08 14:00:21 INFO     Training average negative_fact_loss at step 15700: 0.290274
2025-12-08 14:00:21 INFO     Training average positive_rule_loss at step 15700: 2.009372
2025-12-08 14:00:21 INFO     Training average negative_rule_loss at step 15700: 2.493118
2025-12-08 14:00:21 INFO     Training average L_uncertainty at step 15700: 56.876042
2025-12-08 14:00:21 INFO     Training average L_kl at step 15700: 56337.143047
2025-12-08 14:00:21 INFO     Training average L_sigma at step 15700: 538.896570
2025-12-08 14:00:21 INFO     Training average mu_mean at step 15700: -2.581158
2025-12-08 14:00:21 INFO     Training average sigma_mean at step 15700: 0.211537
2025-12-08 14:00:21 INFO     Training average regularization at step 15700: 0.006224
2025-12-08 14:00:21 INFO     Training average loss at step 15700: 2.616232
2025-12-08 14:01:23 INFO     Training average positive_fact_loss at step 15800: 0.313284
2025-12-08 14:01:23 INFO     Training average negative_fact_loss at step 15800: 0.290635
2025-12-08 14:01:23 INFO     Training average positive_rule_loss at step 15800: 2.006229
2025-12-08 14:01:23 INFO     Training average negative_rule_loss at step 15800: 2.495134
2025-12-08 14:01:23 INFO     Training average L_uncertainty at step 15800: 56.817963
2025-12-08 14:01:23 INFO     Training average L_kl at step 15800: 56276.790977
2025-12-08 14:01:23 INFO     Training average L_sigma at step 15800: 541.169296
2025-12-08 14:01:23 INFO     Training average mu_mean at step 15800: -2.569897
2025-12-08 14:01:23 INFO     Training average sigma_mean at step 15800: 0.211667
2025-12-08 14:01:23 INFO     Training average regularization at step 15800: 0.006208
2025-12-08 14:01:23 INFO     Training average loss at step 15800: 2.615667
2025-12-08 14:02:19 INFO     Training average positive_fact_loss at step 15900: 0.312559
2025-12-08 14:02:19 INFO     Training average negative_fact_loss at step 15900: 0.290328
2025-12-08 14:02:19 INFO     Training average positive_rule_loss at step 15900: 2.007507
2025-12-08 14:02:19 INFO     Training average negative_rule_loss at step 15900: 2.489473
2025-12-08 14:02:19 INFO     Training average L_uncertainty at step 15900: 56.883091
2025-12-08 14:02:19 INFO     Training average L_kl at step 15900: 56344.190078
2025-12-08 14:02:19 INFO     Training average L_sigma at step 15900: 538.898528
2025-12-08 14:02:19 INFO     Training average mu_mean at step 15900: -2.565375
2025-12-08 14:02:19 INFO     Training average sigma_mean at step 15900: 0.211590
2025-12-08 14:02:19 INFO     Training average regularization at step 15900: 0.006229
2025-12-08 14:02:19 INFO     Training average loss at step 15900: 2.613046
2025-12-08 14:03:21 INFO     Training average positive_fact_loss at step 16000: 0.313865
2025-12-08 14:03:21 INFO     Training average negative_fact_loss at step 16000: 0.291020
2025-12-08 14:03:21 INFO     Training average positive_rule_loss at step 16000: 2.009959
2025-12-08 14:03:21 INFO     Training average negative_rule_loss at step 16000: 2.487314
2025-12-08 14:03:21 INFO     Training average L_uncertainty at step 16000: 57.051936
2025-12-08 14:03:21 INFO     Training average L_kl at step 16000: 56511.839102
2025-12-08 14:03:21 INFO     Training average L_sigma at step 16000: 540.094016
2025-12-08 14:03:21 INFO     Training average mu_mean at step 16000: -2.570398
2025-12-08 14:03:21 INFO     Training average sigma_mean at step 16000: 0.211608
2025-12-08 14:03:21 INFO     Training average regularization at step 16000: 0.006217
2025-12-08 14:03:21 INFO     Training average loss at step 16000: 2.614348
2025-12-08 14:03:21 INFO     Evaluating on Valid Dataset...
2025-12-08 14:03:21 INFO     >>>>> RuleE emb: Evaluating on valid
2025-12-08 14:03:32 INFO     Data : 4274
2025-12-08 14:03:32 INFO     Hit1 : 0.524333
2025-12-08 14:03:32 INFO     Hit3 : 0.761582
2025-12-08 14:03:32 INFO     Hit10: 0.941273
2025-12-08 14:03:32 INFO     MR   : 3.469116
2025-12-08 14:03:32 INFO     MRR  : 0.665206
2025-12-08 14:04:28 INFO     Training average positive_fact_loss at step 16100: 0.313619
2025-12-08 14:04:28 INFO     Training average negative_fact_loss at step 16100: 0.290710
2025-12-08 14:04:28 INFO     Training average positive_rule_loss at step 16100: 2.005232
2025-12-08 14:04:28 INFO     Training average negative_rule_loss at step 16100: 2.486507
2025-12-08 14:04:28 INFO     Training average L_uncertainty at step 16100: 57.043862
2025-12-08 14:04:28 INFO     Training average L_kl at step 16100: 56500.748164
2025-12-08 14:04:28 INFO     Training average L_sigma at step 16100: 543.111259
2025-12-08 14:04:28 INFO     Training average mu_mean at step 16100: -2.558958
2025-12-08 14:04:28 INFO     Training average sigma_mean at step 16100: 0.211676
2025-12-08 14:04:28 INFO     Training average regularization at step 16100: 0.006228
2025-12-08 14:04:28 INFO     Training average loss at step 16100: 2.611306
2025-12-08 14:05:30 INFO     Training average positive_fact_loss at step 16200: 0.313704
2025-12-08 14:05:30 INFO     Training average negative_fact_loss at step 16200: 0.290550
2025-12-08 14:05:30 INFO     Training average positive_rule_loss at step 16200: 2.004115
2025-12-08 14:05:30 INFO     Training average negative_rule_loss at step 16200: 2.490031
2025-12-08 14:05:30 INFO     Training average L_uncertainty at step 16200: 57.091901
2025-12-08 14:05:30 INFO     Training average L_kl at step 16200: 56547.864727
2025-12-08 14:05:30 INFO     Training average L_sigma at step 16200: 544.033931
2025-12-08 14:05:30 INFO     Training average mu_mean at step 16200: -2.552038
2025-12-08 14:05:30 INFO     Training average sigma_mean at step 16200: 0.211649
2025-12-08 14:05:30 INFO     Training average regularization at step 16200: 0.006220
2025-12-08 14:05:30 INFO     Training average loss at step 16200: 2.612512
2025-12-08 14:06:18 INFO     Training average positive_fact_loss at step 16300: 0.313254
2025-12-08 14:06:18 INFO     Training average negative_fact_loss at step 16300: 0.290286
2025-12-08 14:06:18 INFO     Training average positive_rule_loss at step 16300: 2.008227
2025-12-08 14:06:18 INFO     Training average negative_rule_loss at step 16300: 2.477477
2025-12-08 14:06:18 INFO     Training average L_uncertainty at step 16300: 57.152760
2025-12-08 14:06:18 INFO     Training average L_kl at step 16300: 56611.084180
2025-12-08 14:06:18 INFO     Training average L_sigma at step 16300: 541.672964
2025-12-08 14:06:18 INFO     Training average mu_mean at step 16300: -2.554949
2025-12-08 14:06:18 INFO     Training average sigma_mean at step 16300: 0.211659
2025-12-08 14:06:18 INFO     Training average regularization at step 16300: 0.006219
2025-12-08 14:06:18 INFO     Training average loss at step 16300: 2.607994
2025-12-08 14:07:19 INFO     Training average positive_fact_loss at step 16400: 0.313386
2025-12-08 14:07:19 INFO     Training average negative_fact_loss at step 16400: 0.290575
2025-12-08 14:07:19 INFO     Training average positive_rule_loss at step 16400: 2.005328
2025-12-08 14:07:19 INFO     Training average negative_rule_loss at step 16400: 2.481638
2025-12-08 14:07:19 INFO     Training average L_uncertainty at step 16400: 57.015535
2025-12-08 14:07:19 INFO     Training average L_kl at step 16400: 56473.610859
2025-12-08 14:07:19 INFO     Training average L_sigma at step 16400: 541.921734
2025-12-08 14:07:19 INFO     Training average mu_mean at step 16400: -2.546072
2025-12-08 14:07:19 INFO     Training average sigma_mean at step 16400: 0.211620
2025-12-08 14:07:19 INFO     Training average regularization at step 16400: 0.006224
2025-12-08 14:07:19 INFO     Training average loss at step 16400: 2.608703
2025-12-08 14:08:16 INFO     Training average positive_fact_loss at step 16500: 0.313690
2025-12-08 14:08:16 INFO     Training average negative_fact_loss at step 16500: 0.290400
2025-12-08 14:08:16 INFO     Training average positive_rule_loss at step 16500: 2.004671
2025-12-08 14:08:16 INFO     Training average negative_rule_loss at step 16500: 2.482110
2025-12-08 14:08:16 INFO     Training average L_uncertainty at step 16500: 57.078651
2025-12-08 14:08:16 INFO     Training average L_kl at step 16500: 56534.442070
2025-12-08 14:08:16 INFO     Training average L_sigma at step 16500: 544.206346
2025-12-08 14:08:16 INFO     Training average mu_mean at step 16500: -2.539939
2025-12-08 14:08:16 INFO     Training average sigma_mean at step 16500: 0.211657
2025-12-08 14:08:16 INFO     Training average regularization at step 16500: 0.006223
2025-12-08 14:08:16 INFO     Training average loss at step 16500: 2.608737
2025-12-08 14:09:18 INFO     Training average positive_fact_loss at step 16600: 0.312870
2025-12-08 14:09:18 INFO     Training average negative_fact_loss at step 16600: 0.290427
2025-12-08 14:09:18 INFO     Training average positive_rule_loss at step 16600: 2.007187
2025-12-08 14:09:18 INFO     Training average negative_rule_loss at step 16600: 2.474198
2025-12-08 14:09:18 INFO     Training average L_uncertainty at step 16600: 57.343114
2025-12-08 14:09:18 INFO     Training average L_kl at step 16600: 56803.267891
2025-12-08 14:09:18 INFO     Training average L_sigma at step 16600: 539.843680
2025-12-08 14:09:18 INFO     Training average mu_mean at step 16600: -2.543909
2025-12-08 14:09:18 INFO     Training average sigma_mean at step 16600: 0.211519
2025-12-08 14:09:18 INFO     Training average regularization at step 16600: 0.006219
2025-12-08 14:09:18 INFO     Training average loss at step 16600: 2.605904
2025-12-08 14:10:14 INFO     Training average positive_fact_loss at step 16700: 0.312803
2025-12-08 14:10:14 INFO     Training average negative_fact_loss at step 16700: 0.290805
2025-12-08 14:10:14 INFO     Training average positive_rule_loss at step 16700: 2.005001
2025-12-08 14:10:14 INFO     Training average negative_rule_loss at step 16700: 2.470520
2025-12-08 14:10:14 INFO     Training average L_uncertainty at step 16700: 57.262266
2025-12-08 14:10:14 INFO     Training average L_kl at step 16700: 56717.063984
2025-12-08 14:10:14 INFO     Training average L_sigma at step 16700: 545.199465
2025-12-08 14:10:14 INFO     Training average mu_mean at step 16700: -2.534685
2025-12-08 14:10:14 INFO     Training average sigma_mean at step 16700: 0.211655
2025-12-08 14:10:14 INFO     Training average regularization at step 16700: 0.006220
2025-12-08 14:10:14 INFO     Training average loss at step 16700: 2.603046
2025-12-08 14:11:16 INFO     Training average positive_fact_loss at step 16800: 0.313151
2025-12-08 14:11:16 INFO     Training average negative_fact_loss at step 16800: 0.290280
2025-12-08 14:11:16 INFO     Training average positive_rule_loss at step 16800: 2.005190
2025-12-08 14:11:16 INFO     Training average negative_rule_loss at step 16800: 2.474453
2025-12-08 14:11:16 INFO     Training average L_uncertainty at step 16800: 57.193525
2025-12-08 14:11:16 INFO     Training average L_kl at step 16800: 56649.646562
2025-12-08 14:11:16 INFO     Training average L_sigma at step 16800: 543.875255
2025-12-08 14:11:16 INFO     Training average mu_mean at step 16800: -2.534066
2025-12-08 14:11:16 INFO     Training average sigma_mean at step 16800: 0.211661
2025-12-08 14:11:16 INFO     Training average regularization at step 16800: 0.006226
2025-12-08 14:11:16 INFO     Training average loss at step 16800: 2.604957
2025-12-08 14:12:08 INFO     Training average positive_fact_loss at step 16900: 0.313673
2025-12-08 14:12:08 INFO     Training average negative_fact_loss at step 16900: 0.290327
2025-12-08 14:12:08 INFO     Training average positive_rule_loss at step 16900: 2.003603
2025-12-08 14:12:08 INFO     Training average negative_rule_loss at step 16900: 2.470151
2025-12-08 14:12:08 INFO     Training average L_uncertainty at step 16900: 57.364326
2025-12-08 14:12:08 INFO     Training average L_kl at step 16900: 56823.276680
2025-12-08 14:12:08 INFO     Training average L_sigma at step 16900: 541.047010
2025-12-08 14:12:08 INFO     Training average mu_mean at step 16900: -2.528924
2025-12-08 14:12:08 INFO     Training average sigma_mean at step 16900: 0.211607
2025-12-08 14:12:08 INFO     Training average regularization at step 16900: 0.006219
2025-12-08 14:12:08 INFO     Training average loss at step 16900: 2.602460
2025-12-08 14:13:06 INFO     Training average positive_fact_loss at step 17000: 0.313376
2025-12-08 14:13:06 INFO     Training average negative_fact_loss at step 17000: 0.290149
2025-12-08 14:13:06 INFO     Training average positive_rule_loss at step 17000: 2.002663
2025-12-08 14:13:06 INFO     Training average negative_rule_loss at step 17000: 2.465759
2025-12-08 14:13:06 INFO     Training average L_uncertainty at step 17000: 57.407706
2025-12-08 14:13:06 INFO     Training average L_kl at step 17000: 56865.456484
2025-12-08 14:13:06 INFO     Training average L_sigma at step 17000: 542.247143
2025-12-08 14:13:06 INFO     Training average mu_mean at step 17000: -2.523875
2025-12-08 14:13:06 INFO     Training average sigma_mean at step 17000: 0.211609
2025-12-08 14:13:06 INFO     Training average regularization at step 17000: 0.006223
2025-12-08 14:13:06 INFO     Training average loss at step 17000: 2.599605
2025-12-08 14:13:06 INFO     Evaluating on Valid Dataset...
2025-12-08 14:13:06 INFO     >>>>> RuleE emb: Evaluating on valid
2025-12-08 14:13:16 INFO     Data : 4274
2025-12-08 14:13:16 INFO     Hit1 : 0.530884
2025-12-08 14:13:16 INFO     Hit3 : 0.766729
2025-12-08 14:13:16 INFO     Hit10: 0.939635
2025-12-08 14:13:16 INFO     MR   : 3.425597
2025-12-08 14:13:16 INFO     MRR  : 0.670069
2025-12-08 14:14:13 INFO     Training average positive_fact_loss at step 17100: 0.313292
2025-12-08 14:14:13 INFO     Training average negative_fact_loss at step 17100: 0.290535
2025-12-08 14:14:13 INFO     Training average positive_rule_loss at step 17100: 2.005784
2025-12-08 14:14:13 INFO     Training average negative_rule_loss at step 17100: 2.461693
2025-12-08 14:14:13 INFO     Training average L_uncertainty at step 17100: 57.451974
2025-12-08 14:14:13 INFO     Training average L_kl at step 17100: 56905.038594
2025-12-08 14:14:13 INFO     Training average L_sigma at step 17100: 546.932122
2025-12-08 14:14:13 INFO     Training average mu_mean at step 17100: -2.524013
2025-12-08 14:14:13 INFO     Training average sigma_mean at step 17100: 0.211661
2025-12-08 14:14:13 INFO     Training average regularization at step 17100: 0.006228
2025-12-08 14:14:13 INFO     Training average loss at step 17100: 2.599331
2025-12-08 14:15:14 INFO     Training average positive_fact_loss at step 17200: 0.312520
2025-12-08 14:15:14 INFO     Training average negative_fact_loss at step 17200: 0.290282
2025-12-08 14:15:14 INFO     Training average positive_rule_loss at step 17200: 2.002672
2025-12-08 14:15:14 INFO     Training average negative_rule_loss at step 17200: 2.468431
2025-12-08 14:15:14 INFO     Training average L_uncertainty at step 17200: 57.380962
2025-12-08 14:15:14 INFO     Training average L_kl at step 17200: 56837.620078
2025-12-08 14:15:14 INFO     Training average L_sigma at step 17200: 543.339448
2025-12-08 14:15:14 INFO     Training average mu_mean at step 17200: -2.516608
2025-12-08 14:15:14 INFO     Training average sigma_mean at step 17200: 0.211613
2025-12-08 14:15:14 INFO     Training average regularization at step 17200: 0.006228
2025-12-08 14:15:14 INFO     Training average loss at step 17200: 2.600561
2025-12-08 14:16:11 INFO     Training average positive_fact_loss at step 17300: 0.313203
2025-12-08 14:16:11 INFO     Training average negative_fact_loss at step 17300: 0.290534
2025-12-08 14:16:11 INFO     Training average positive_rule_loss at step 17300: 2.003200
2025-12-08 14:16:11 INFO     Training average negative_rule_loss at step 17300: 2.457686
2025-12-08 14:16:11 INFO     Training average L_uncertainty at step 17300: 57.606370
2025-12-08 14:16:11 INFO     Training average L_kl at step 17300: 57064.063359
2025-12-08 14:16:11 INFO     Training average L_sigma at step 17300: 542.303534
2025-12-08 14:16:11 INFO     Training average mu_mean at step 17300: -2.517252
2025-12-08 14:16:11 INFO     Training average sigma_mean at step 17300: 0.211626
2025-12-08 14:16:11 INFO     Training average regularization at step 17300: 0.006229
2025-12-08 14:16:11 INFO     Training average loss at step 17300: 2.596146
2025-12-08 14:17:13 INFO     Training average positive_fact_loss at step 17400: 0.312637
2025-12-08 14:17:13 INFO     Training average negative_fact_loss at step 17400: 0.290833
2025-12-08 14:17:13 INFO     Training average positive_rule_loss at step 17400: 2.001117
2025-12-08 14:17:13 INFO     Training average negative_rule_loss at step 17400: 2.458911
2025-12-08 14:17:13 INFO     Training average L_uncertainty at step 17400: 57.521699
2025-12-08 14:17:13 INFO     Training average L_kl at step 17400: 56977.107617
2025-12-08 14:17:13 INFO     Training average L_sigma at step 17400: 544.588832
2025-12-08 14:17:13 INFO     Training average mu_mean at step 17400: -2.509882
2025-12-08 14:17:13 INFO     Training average sigma_mean at step 17400: 0.211645
2025-12-08 14:17:13 INFO     Training average regularization at step 17400: 0.006214
2025-12-08 14:17:13 INFO     Training average loss at step 17400: 2.595484
2025-12-08 14:18:10 INFO     Change learning_rate to 0.000010 at step 17500
2025-12-08 14:18:10 INFO     Training average positive_fact_loss at step 17500: 0.314206
2025-12-08 14:18:10 INFO     Training average negative_fact_loss at step 17500: 0.290207
2025-12-08 14:18:10 INFO     Training average positive_rule_loss at step 17500: 2.002083
2025-12-08 14:18:10 INFO     Training average negative_rule_loss at step 17500: 2.456247
2025-12-08 14:18:10 INFO     Training average L_uncertainty at step 17500: 57.592458
2025-12-08 14:18:10 INFO     Training average L_kl at step 17500: 57045.986211
2025-12-08 14:18:10 INFO     Training average L_sigma at step 17500: 546.468670
2025-12-08 14:18:10 INFO     Training average mu_mean at step 17500: -2.504953
2025-12-08 14:18:10 INFO     Training average sigma_mean at step 17500: 0.211682
2025-12-08 14:18:10 INFO     Training average regularization at step 17500: 0.006222
2025-12-08 14:18:10 INFO     Training average loss at step 17500: 2.595186
2025-12-08 14:19:02 INFO     Training average positive_fact_loss at step 17600: 0.295799
2025-12-08 14:19:02 INFO     Training average negative_fact_loss at step 17600: 0.288307
2025-12-08 14:19:02 INFO     Training average positive_rule_loss at step 17600: 2.005492
2025-12-08 14:19:02 INFO     Training average negative_rule_loss at step 17600: 2.458248
2025-12-08 14:19:02 INFO     Training average L_uncertainty at step 17600: 57.280634
2025-12-08 14:19:02 INFO     Training average L_kl at step 17600: 56753.050937
2025-12-08 14:19:02 INFO     Training average L_sigma at step 17600: 527.580164
2025-12-08 14:19:02 INFO     Training average mu_mean at step 17600: -2.499875
2025-12-08 14:19:02 INFO     Training average sigma_mean at step 17600: 0.211661
2025-12-08 14:19:02 INFO     Training average regularization at step 17600: 0.006269
2025-12-08 14:19:02 INFO     Training average loss at step 17600: 2.587472
2025-12-08 14:19:59 INFO     Training average positive_fact_loss at step 17700: 0.298569
2025-12-08 14:19:59 INFO     Training average negative_fact_loss at step 17700: 0.280814
2025-12-08 14:19:59 INFO     Training average positive_rule_loss at step 17700: 2.001120
2025-12-08 14:19:59 INFO     Training average negative_rule_loss at step 17700: 2.455981
2025-12-08 14:19:59 INFO     Training average L_uncertainty at step 17700: 57.267754
2025-12-08 14:19:59 INFO     Training average L_kl at step 17700: 56744.684258
2025-12-08 14:19:59 INFO     Training average L_sigma at step 17700: 523.066288
2025-12-08 14:19:59 INFO     Training average mu_mean at step 17700: -2.501192
2025-12-08 14:19:59 INFO     Training average sigma_mean at step 17700: 0.211645
2025-12-08 14:19:59 INFO     Training average regularization at step 17700: 0.006337
2025-12-08 14:19:59 INFO     Training average loss at step 17700: 2.581846
2025-12-08 14:21:00 INFO     Training average positive_fact_loss at step 17800: 0.298160
2025-12-08 14:21:00 INFO     Training average negative_fact_loss at step 17800: 0.279462
2025-12-08 14:21:00 INFO     Training average positive_rule_loss at step 17800: 2.002393
2025-12-08 14:21:00 INFO     Training average negative_rule_loss at step 17800: 2.454597
2025-12-08 14:21:00 INFO     Training average L_uncertainty at step 17800: 57.225900
2025-12-08 14:21:00 INFO     Training average L_kl at step 17800: 56702.521719
2025-12-08 14:21:00 INFO     Training average L_sigma at step 17800: 523.375227
2025-12-08 14:21:00 INFO     Training average mu_mean at step 17800: -2.498823
2025-12-08 14:21:00 INFO     Training average sigma_mean at step 17800: 0.211635
2025-12-08 14:21:00 INFO     Training average regularization at step 17800: 0.006353
2025-12-08 14:21:00 INFO     Training average loss at step 17800: 2.580885
2025-12-08 14:21:57 INFO     Training average positive_fact_loss at step 17900: 0.299293
2025-12-08 14:21:57 INFO     Training average negative_fact_loss at step 17900: 0.279102
2025-12-08 14:21:57 INFO     Training average positive_rule_loss at step 17900: 2.000948
2025-12-08 14:21:57 INFO     Training average negative_rule_loss at step 17900: 2.453546
2025-12-08 14:21:57 INFO     Training average L_uncertainty at step 17900: 57.361846
2025-12-08 14:21:57 INFO     Training average L_kl at step 17900: 56838.372969
2025-12-08 14:21:57 INFO     Training average L_sigma at step 17900: 523.470365
2025-12-08 14:21:57 INFO     Training average mu_mean at step 17900: -2.502928
2025-12-08 14:21:57 INFO     Training average sigma_mean at step 17900: 0.211601
2025-12-08 14:21:57 INFO     Training average regularization at step 17900: 0.006360
2025-12-08 14:21:57 INFO     Training average loss at step 17900: 2.580166
2025-12-08 14:22:58 INFO     Training average positive_fact_loss at step 18000: 0.299910
2025-12-08 14:22:58 INFO     Training average negative_fact_loss at step 18000: 0.278740
2025-12-08 14:22:58 INFO     Training average positive_rule_loss at step 18000: 1.999114
2025-12-08 14:22:58 INFO     Training average negative_rule_loss at step 18000: 2.460552
2025-12-08 14:22:58 INFO     Training average L_uncertainty at step 18000: 57.315196
2025-12-08 14:22:58 INFO     Training average L_kl at step 18000: 56796.252344
2025-12-08 14:22:58 INFO     Training average L_sigma at step 18000: 518.940926
2025-12-08 14:22:58 INFO     Training average mu_mean at step 18000: -2.498874
2025-12-08 14:22:58 INFO     Training average sigma_mean at step 18000: 0.211463
2025-12-08 14:22:58 INFO     Training average regularization at step 18000: 0.006361
2025-12-08 14:22:58 INFO     Training average loss at step 18000: 2.582834
2025-12-08 14:22:58 INFO     Evaluating on Valid Dataset...
2025-12-08 14:22:58 INFO     >>>>> RuleE emb: Evaluating on valid
2025-12-08 14:23:09 INFO     Data : 4274
2025-12-08 14:23:09 INFO     Hit1 : 0.545625
2025-12-08 14:23:09 INFO     Hit3 : 0.778428
2025-12-08 14:23:09 INFO     Hit10: 0.943145
2025-12-08 14:23:09 INFO     MR   : 3.363360
2025-12-08 14:23:09 INFO     MRR  : 0.680919
2025-12-08 14:24:08 INFO     Training average positive_fact_loss at step 18100: 0.298731
2025-12-08 14:24:08 INFO     Training average negative_fact_loss at step 18100: 0.278391
2025-12-08 14:24:08 INFO     Training average positive_rule_loss at step 18100: 2.002245
2025-12-08 14:24:08 INFO     Training average negative_rule_loss at step 18100: 2.453285
2025-12-08 14:24:08 INFO     Training average L_uncertainty at step 18100: 57.259182
2025-12-08 14:24:08 INFO     Training average L_kl at step 18100: 56735.920508
2025-12-08 14:24:08 INFO     Training average L_sigma at step 18100: 523.258200
2025-12-08 14:24:08 INFO     Training average mu_mean at step 18100: -2.495982
2025-12-08 14:24:08 INFO     Training average sigma_mean at step 18100: 0.211525
2025-12-08 14:24:08 INFO     Training average regularization at step 18100: 0.006361
2025-12-08 14:24:08 INFO     Training average loss at step 18100: 2.579946
2025-12-08 14:25:04 INFO     Training average positive_fact_loss at step 18200: 0.299714
2025-12-08 14:25:04 INFO     Training average negative_fact_loss at step 18200: 0.278163
2025-12-08 14:25:04 INFO     Training average positive_rule_loss at step 18200: 1.999973
2025-12-08 14:25:04 INFO     Training average negative_rule_loss at step 18200: 2.453041
2025-12-08 14:25:04 INFO     Training average L_uncertainty at step 18200: 57.342246
2025-12-08 14:25:04 INFO     Training average L_kl at step 18200: 56814.837344
2025-12-08 14:25:04 INFO     Training average L_sigma at step 18200: 527.405859
2025-12-08 14:25:04 INFO     Training average mu_mean at step 18200: -2.499204
2025-12-08 14:25:04 INFO     Training average sigma_mean at step 18200: 0.211588
2025-12-08 14:25:04 INFO     Training average regularization at step 18200: 0.006358
2025-12-08 14:25:04 INFO     Training average loss at step 18200: 2.579146
2025-12-08 14:25:57 INFO     Training average positive_fact_loss at step 18300: 0.299326
2025-12-08 14:25:57 INFO     Training average negative_fact_loss at step 18300: 0.277986
2025-12-08 14:25:57 INFO     Training average positive_rule_loss at step 18300: 2.002302
2025-12-08 14:25:57 INFO     Training average negative_rule_loss at step 18300: 2.451245
2025-12-08 14:25:57 INFO     Training average L_uncertainty at step 18300: 57.436666
2025-12-08 14:25:57 INFO     Training average L_kl at step 18300: 56901.727930
2025-12-08 14:25:57 INFO     Training average L_sigma at step 18300: 534.935751
2025-12-08 14:25:57 INFO     Training average mu_mean at step 18300: -2.502619
2025-12-08 14:25:57 INFO     Training average sigma_mean at step 18300: 0.211729
2025-12-08 14:25:57 INFO     Training average regularization at step 18300: 0.006354
2025-12-08 14:25:57 INFO     Training average loss at step 18300: 2.579221
2025-12-08 14:26:58 INFO     Training average positive_fact_loss at step 18400: 0.299210
2025-12-08 14:26:58 INFO     Training average negative_fact_loss at step 18400: 0.277993
2025-12-08 14:26:58 INFO     Training average positive_rule_loss at step 18400: 2.001098
2025-12-08 14:26:58 INFO     Training average negative_rule_loss at step 18400: 2.458392
2025-12-08 14:26:58 INFO     Training average L_uncertainty at step 18400: 57.296418
2025-12-08 14:26:58 INFO     Training average L_kl at step 18400: 56768.574687
2025-12-08 14:26:58 INFO     Training average L_sigma at step 18400: 527.840549
2025-12-08 14:26:58 INFO     Training average mu_mean at step 18400: -2.497654
2025-12-08 14:26:58 INFO     Training average sigma_mean at step 18400: 0.211539
2025-12-08 14:26:58 INFO     Training average regularization at step 18400: 0.006352
2025-12-08 14:26:58 INFO     Training average loss at step 18400: 2.581995
2025-12-08 14:27:55 INFO     Training average positive_fact_loss at step 18500: 0.300007
2025-12-08 14:27:55 INFO     Training average negative_fact_loss at step 18500: 0.277875
2025-12-08 14:27:55 INFO     Training average positive_rule_loss at step 18500: 1.999541
2025-12-08 14:27:55 INFO     Training average negative_rule_loss at step 18500: 2.453175
2025-12-08 14:27:55 INFO     Training average L_uncertainty at step 18500: 57.298801
2025-12-08 14:27:55 INFO     Training average L_kl at step 18500: 56765.956680
2025-12-08 14:27:55 INFO     Training average L_sigma at step 18500: 532.841819
2025-12-08 14:27:55 INFO     Training average mu_mean at step 18500: -2.497250
2025-12-08 14:27:55 INFO     Training average sigma_mean at step 18500: 0.211629
2025-12-08 14:27:55 INFO     Training average regularization at step 18500: 0.006348
2025-12-08 14:27:55 INFO     Training average loss at step 18500: 2.578945
2025-12-08 14:28:57 INFO     Training average positive_fact_loss at step 18600: 0.298613
2025-12-08 14:28:57 INFO     Training average negative_fact_loss at step 18600: 0.277892
2025-12-08 14:28:57 INFO     Training average positive_rule_loss at step 18600: 2.001738
2025-12-08 14:28:57 INFO     Training average negative_rule_loss at step 18600: 2.453007
2025-12-08 14:28:57 INFO     Training average L_uncertainty at step 18600: 57.374066
2025-12-08 14:28:57 INFO     Training average L_kl at step 18600: 56842.594023
2025-12-08 14:28:57 INFO     Training average L_sigma at step 18600: 531.468876
2025-12-08 14:28:57 INFO     Training average mu_mean at step 18600: -2.500026
2025-12-08 14:28:57 INFO     Training average sigma_mean at step 18600: 0.211573
2025-12-08 14:28:57 INFO     Training average regularization at step 18600: 0.006345
2025-12-08 14:28:57 INFO     Training average loss at step 18600: 2.579344
2025-12-08 14:29:54 INFO     Training average positive_fact_loss at step 18700: 0.299785
2025-12-08 14:29:54 INFO     Training average negative_fact_loss at step 18700: 0.277604
2025-12-08 14:29:54 INFO     Training average positive_rule_loss at step 18700: 1.999479
2025-12-08 14:29:54 INFO     Training average negative_rule_loss at step 18700: 2.451919
2025-12-08 14:29:54 INFO     Training average L_uncertainty at step 18700: 57.381230
2025-12-08 14:29:54 INFO     Training average L_kl at step 18700: 56855.985742
2025-12-08 14:29:54 INFO     Training average L_sigma at step 18700: 525.241696
2025-12-08 14:29:54 INFO     Training average mu_mean at step 18700: -2.498087
2025-12-08 14:29:54 INFO     Training average sigma_mean at step 18700: 0.211400
2025-12-08 14:29:54 INFO     Training average regularization at step 18700: 0.006341
2025-12-08 14:29:54 INFO     Training average loss at step 18700: 2.578116
2025-12-08 14:30:55 INFO     Training average positive_fact_loss at step 18800: 0.299233
2025-12-08 14:30:55 INFO     Training average negative_fact_loss at step 18800: 0.277570
2025-12-08 14:30:55 INFO     Training average positive_rule_loss at step 18800: 2.009167
2025-12-08 14:30:55 INFO     Training average negative_rule_loss at step 18800: 2.447973
2025-12-08 14:30:55 INFO     Training average L_uncertainty at step 18800: 57.315418
2025-12-08 14:30:55 INFO     Training average L_kl at step 18800: 56785.387227
2025-12-08 14:30:55 INFO     Training average L_sigma at step 18800: 530.027889
2025-12-08 14:30:55 INFO     Training average mu_mean at step 18800: -2.496248
2025-12-08 14:30:55 INFO     Training average sigma_mean at step 18800: 0.211501
2025-12-08 14:30:55 INFO     Training average regularization at step 18800: 0.006340
2025-12-08 14:30:55 INFO     Training average loss at step 18800: 2.580626
2025-12-08 14:31:43 INFO     Training average positive_fact_loss at step 18900: 0.299094
2025-12-08 14:31:43 INFO     Training average negative_fact_loss at step 18900: 0.277663
2025-12-08 14:31:43 INFO     Training average positive_rule_loss at step 18900: 2.004564
2025-12-08 14:31:43 INFO     Training average negative_rule_loss at step 18900: 2.445621
2025-12-08 14:31:43 INFO     Training average L_uncertainty at step 18900: 57.583831
2025-12-08 14:31:43 INFO     Training average L_kl at step 18900: 57050.123164
2025-12-08 14:31:43 INFO     Training average L_sigma at step 18900: 533.705093
2025-12-08 14:31:43 INFO     Training average mu_mean at step 18900: -2.510934
2025-12-08 14:31:43 INFO     Training average sigma_mean at step 18900: 0.211552
2025-12-08 14:31:43 INFO     Training average regularization at step 18900: 0.006338
2025-12-08 14:31:43 INFO     Training average loss at step 18900: 2.577393
2025-12-08 14:32:44 INFO     Training average positive_fact_loss at step 19000: 0.299263
2025-12-08 14:32:44 INFO     Training average negative_fact_loss at step 19000: 0.277254
2025-12-08 14:32:44 INFO     Training average positive_rule_loss at step 19000: 1.999461
2025-12-08 14:32:44 INFO     Training average negative_rule_loss at step 19000: 2.453805
2025-12-08 14:32:44 INFO     Training average L_uncertainty at step 19000: 57.398919
2025-12-08 14:32:44 INFO     Training average L_kl at step 19000: 56868.570039
2025-12-08 14:32:44 INFO     Training average L_sigma at step 19000: 530.346146
2025-12-08 14:32:44 INFO     Training average mu_mean at step 19000: -2.502823
2025-12-08 14:32:44 INFO     Training average sigma_mean at step 19000: 0.211460
2025-12-08 14:32:44 INFO     Training average regularization at step 19000: 0.006337
2025-12-08 14:32:44 INFO     Training average loss at step 19000: 2.578628
2025-12-08 14:32:44 INFO     Evaluating on Valid Dataset...
2025-12-08 14:32:44 INFO     >>>>> RuleE emb: Evaluating on valid
2025-12-08 14:32:54 INFO     Data : 4274
2025-12-08 14:32:54 INFO     Hit1 : 0.547029
2025-12-08 14:32:54 INFO     Hit3 : 0.777258
2025-12-08 14:32:54 INFO     Hit10: 0.942911
2025-12-08 14:32:54 INFO     MR   : 3.368039
2025-12-08 14:32:54 INFO     MRR  : 0.681477
2025-12-08 14:33:53 INFO     Training average positive_fact_loss at step 19100: 0.299118
2025-12-08 14:33:53 INFO     Training average negative_fact_loss at step 19100: 0.277331
2025-12-08 14:33:53 INFO     Training average positive_rule_loss at step 19100: 2.000090
2025-12-08 14:33:53 INFO     Training average negative_rule_loss at step 19100: 2.451398
2025-12-08 14:33:53 INFO     Training average L_uncertainty at step 19100: 57.369503
2025-12-08 14:33:53 INFO     Training average L_kl at step 19100: 56840.682617
2025-12-08 14:33:53 INFO     Training average L_sigma at step 19100: 528.817890
2025-12-08 14:33:53 INFO     Training average mu_mean at step 19100: -2.499762
2025-12-08 14:33:53 INFO     Training average sigma_mean at step 19100: 0.211417
2025-12-08 14:33:53 INFO     Training average regularization at step 19100: 0.006333
2025-12-08 14:33:53 INFO     Training average loss at step 19100: 2.577671
2025-12-08 14:34:54 INFO     Training average positive_fact_loss at step 19200: 0.298626
2025-12-08 14:34:54 INFO     Training average negative_fact_loss at step 19200: 0.277116
2025-12-08 14:34:54 INFO     Training average positive_rule_loss at step 19200: 2.000719
2025-12-08 14:34:54 INFO     Training average negative_rule_loss at step 19200: 2.452320
2025-12-08 14:34:54 INFO     Training average L_uncertainty at step 19200: 57.352209
2025-12-08 14:34:54 INFO     Training average L_kl at step 19200: 56819.462813
2025-12-08 14:34:54 INFO     Training average L_sigma at step 19200: 532.742744
2025-12-08 14:34:54 INFO     Training average mu_mean at step 19200: -2.496966
2025-12-08 14:34:54 INFO     Training average sigma_mean at step 19200: 0.211503
2025-12-08 14:34:54 INFO     Training average regularization at step 19200: 0.006332
2025-12-08 14:34:54 INFO     Training average loss at step 19200: 2.578075
2025-12-08 14:35:51 INFO     Training average positive_fact_loss at step 19300: 0.299751
2025-12-08 14:35:51 INFO     Training average negative_fact_loss at step 19300: 0.277327
2025-12-08 14:35:51 INFO     Training average positive_rule_loss at step 19300: 2.000380
2025-12-08 14:35:51 INFO     Training average negative_rule_loss at step 19300: 2.452169
2025-12-08 14:35:51 INFO     Training average L_uncertainty at step 19300: 57.416940
2025-12-08 14:35:51 INFO     Training average L_kl at step 19300: 56884.114141
2025-12-08 14:35:51 INFO     Training average L_sigma at step 19300: 532.823327
2025-12-08 14:35:51 INFO     Training average mu_mean at step 19300: -2.500129
2025-12-08 14:35:51 INFO     Training average sigma_mean at step 19300: 0.211488
2025-12-08 14:35:51 INFO     Training average regularization at step 19300: 0.006332
2025-12-08 14:35:51 INFO     Training average loss at step 19300: 2.578562
2025-12-08 14:36:53 INFO     Training average positive_fact_loss at step 19400: 0.298856
2025-12-08 14:36:53 INFO     Training average negative_fact_loss at step 19400: 0.277186
2025-12-08 14:36:53 INFO     Training average positive_rule_loss at step 19400: 2.001629
2025-12-08 14:36:53 INFO     Training average negative_rule_loss at step 19400: 2.451715
2025-12-08 14:36:53 INFO     Training average L_uncertainty at step 19400: 57.313564
2025-12-08 14:36:53 INFO     Training average L_kl at step 19400: 56778.743555
2025-12-08 14:36:53 INFO     Training average L_sigma at step 19400: 534.817710
2025-12-08 14:36:53 INFO     Training average mu_mean at step 19400: -2.495226
2025-12-08 14:36:53 INFO     Training average sigma_mean at step 19400: 0.211532
2025-12-08 14:36:53 INFO     Training average regularization at step 19400: 0.006329
2025-12-08 14:36:53 INFO     Training average loss at step 19400: 2.578335
2025-12-08 14:37:45 INFO     Training average positive_fact_loss at step 19500: 0.299295
2025-12-08 14:37:45 INFO     Training average negative_fact_loss at step 19500: 0.277260
2025-12-08 14:37:45 INFO     Training average positive_rule_loss at step 19500: 1.999463
2025-12-08 14:37:45 INFO     Training average negative_rule_loss at step 19500: 2.450043
2025-12-08 14:37:45 INFO     Training average L_uncertainty at step 19500: 57.392729
2025-12-08 14:37:45 INFO     Training average L_kl at step 19500: 56859.686484
2025-12-08 14:37:45 INFO     Training average L_sigma at step 19500: 533.040153
2025-12-08 14:37:45 INFO     Training average mu_mean at step 19500: -2.497176
2025-12-08 14:37:45 INFO     Training average sigma_mean at step 19500: 0.211479
2025-12-08 14:37:45 INFO     Training average regularization at step 19500: 0.006328
2025-12-08 14:37:45 INFO     Training average loss at step 19500: 2.576751
2025-12-08 14:38:41 INFO     Training average positive_fact_loss at step 19600: 0.299086
2025-12-08 14:38:41 INFO     Training average negative_fact_loss at step 19600: 0.277142
2025-12-08 14:38:41 INFO     Training average positive_rule_loss at step 19600: 2.001558
2025-12-08 14:38:41 INFO     Training average negative_rule_loss at step 19600: 2.450980
2025-12-08 14:38:41 INFO     Training average L_uncertainty at step 19600: 57.449845
2025-12-08 14:38:41 INFO     Training average L_kl at step 19600: 56910.760977
2025-12-08 14:38:41 INFO     Training average L_sigma at step 19600: 539.080887
2025-12-08 14:38:41 INFO     Training average mu_mean at step 19600: -2.498689
2025-12-08 14:38:41 INFO     Training average sigma_mean at step 19600: 0.211609
2025-12-08 14:38:41 INFO     Training average regularization at step 19600: 0.006327
2025-12-08 14:38:41 INFO     Training average loss at step 19600: 2.578161
2025-12-08 14:39:38 INFO     Training average positive_fact_loss at step 19700: 0.299008
2025-12-08 14:39:38 INFO     Training average negative_fact_loss at step 19700: 0.277129
2025-12-08 14:39:38 INFO     Training average positive_rule_loss at step 19700: 1.999315
2025-12-08 14:39:38 INFO     Training average negative_rule_loss at step 19700: 2.454095
2025-12-08 14:39:38 INFO     Training average L_uncertainty at step 19700: 57.329109
2025-12-08 14:39:38 INFO     Training average L_kl at step 19700: 56794.805195
2025-12-08 14:39:38 INFO     Training average L_sigma at step 19700: 534.301239
2025-12-08 14:39:38 INFO     Training average mu_mean at step 19700: -2.493591
2025-12-08 14:39:38 INFO     Training average sigma_mean at step 19700: 0.211486
2025-12-08 14:39:38 INFO     Training average regularization at step 19700: 0.006329
2025-12-08 14:39:38 INFO     Training average loss at step 19700: 2.578432
2025-12-08 14:40:38 INFO     Training average positive_fact_loss at step 19800: 0.299225
2025-12-08 14:40:38 INFO     Training average negative_fact_loss at step 19800: 0.277140
2025-12-08 14:40:38 INFO     Training average positive_rule_loss at step 19800: 2.000070
2025-12-08 14:40:38 INFO     Training average negative_rule_loss at step 19800: 2.455567
2025-12-08 14:40:38 INFO     Training average L_uncertainty at step 19800: 57.274601
2025-12-08 14:40:38 INFO     Training average L_kl at step 19800: 56741.038437
2025-12-08 14:40:38 INFO     Training average L_sigma at step 19800: 533.559648
2025-12-08 14:40:38 INFO     Training average mu_mean at step 19800: -2.491944
2025-12-08 14:40:38 INFO     Training average sigma_mean at step 19800: 0.211466
2025-12-08 14:40:38 INFO     Training average regularization at step 19800: 0.006325
2025-12-08 14:40:38 INFO     Training average loss at step 19800: 2.579601
2025-12-08 14:41:34 INFO     Training average positive_fact_loss at step 19900: 0.298990
2025-12-08 14:41:34 INFO     Training average negative_fact_loss at step 19900: 0.277013
2025-12-08 14:41:34 INFO     Training average positive_rule_loss at step 19900: 2.001116
2025-12-08 14:41:34 INFO     Training average negative_rule_loss at step 19900: 2.449982
2025-12-08 14:41:34 INFO     Training average L_uncertainty at step 19900: 57.419117
2025-12-08 14:41:34 INFO     Training average L_kl at step 19900: 56883.240625
2025-12-08 14:41:34 INFO     Training average L_sigma at step 19900: 535.873565
2025-12-08 14:41:34 INFO     Training average mu_mean at step 19900: -2.496844
2025-12-08 14:41:34 INFO     Training average sigma_mean at step 19900: 0.211518
2025-12-08 14:41:34 INFO     Training average regularization at step 19900: 0.006326
2025-12-08 14:41:34 INFO     Training average loss at step 19900: 2.577296
2025-12-08 14:42:34 INFO     Training average positive_fact_loss at step 20000: 0.299112
2025-12-08 14:42:34 INFO     Training average negative_fact_loss at step 20000: 0.277153
2025-12-08 14:42:34 INFO     Training average positive_rule_loss at step 20000: 2.001232
2025-12-08 14:42:34 INFO     Training average negative_rule_loss at step 20000: 2.448891
2025-12-08 14:42:34 INFO     Training average L_uncertainty at step 20000: 57.431278
2025-12-08 14:42:34 INFO     Training average L_kl at step 20000: 56892.301172
2025-12-08 14:42:34 INFO     Training average L_sigma at step 20000: 538.974026
2025-12-08 14:42:34 INFO     Training average mu_mean at step 20000: -2.497093
2025-12-08 14:42:34 INFO     Training average sigma_mean at step 20000: 0.211577
2025-12-08 14:42:34 INFO     Training average regularization at step 20000: 0.006324
2025-12-08 14:42:34 INFO     Training average loss at step 20000: 2.576949
2025-12-08 14:42:34 INFO     Evaluating on Valid Dataset...
2025-12-08 14:42:34 INFO     >>>>> RuleE emb: Evaluating on valid
2025-12-08 14:42:45 INFO     Data : 4274
2025-12-08 14:42:45 INFO     Hit1 : 0.542817
2025-12-08 14:42:45 INFO     Hit3 : 0.778194
2025-12-08 14:42:45 INFO     Hit10: 0.942911
2025-12-08 14:42:45 INFO     MR   : 3.363828
2025-12-08 14:42:45 INFO     MRR  : 0.679427
2025-12-08 14:43:41 INFO     Training average positive_fact_loss at step 20100: 0.299354
2025-12-08 14:43:41 INFO     Training average negative_fact_loss at step 20100: 0.276983
2025-12-08 14:43:41 INFO     Training average positive_rule_loss at step 20100: 1.997482
2025-12-08 14:43:41 INFO     Training average negative_rule_loss at step 20100: 2.452202
2025-12-08 14:43:41 INFO     Training average L_uncertainty at step 20100: 57.329775
2025-12-08 14:43:41 INFO     Training average L_kl at step 20100: 56793.994141
2025-12-08 14:43:41 INFO     Training average L_sigma at step 20100: 535.777745
2025-12-08 14:43:41 INFO     Training average mu_mean at step 20100: -2.491753
2025-12-08 14:43:41 INFO     Training average sigma_mean at step 20100: 0.211498
2025-12-08 14:43:41 INFO     Training average regularization at step 20100: 0.006323
2025-12-08 14:43:41 INFO     Training average loss at step 20100: 2.576663
2025-12-08 14:44:32 INFO     Training average positive_fact_loss at step 20200: 0.298867
2025-12-08 14:44:32 INFO     Training average negative_fact_loss at step 20200: 0.276843
2025-12-08 14:44:32 INFO     Training average positive_rule_loss at step 20200: 2.000889
2025-12-08 14:44:32 INFO     Training average negative_rule_loss at step 20200: 2.449054
2025-12-08 14:44:32 INFO     Training average L_uncertainty at step 20200: 57.383929
2025-12-08 14:44:32 INFO     Training average L_kl at step 20200: 56848.031797
2025-12-08 14:44:32 INFO     Training average L_sigma at step 20200: 535.893846
2025-12-08 14:44:32 INFO     Training average mu_mean at step 20200: -2.492290
2025-12-08 14:44:32 INFO     Training average sigma_mean at step 20200: 0.211502
2025-12-08 14:44:32 INFO     Training average regularization at step 20200: 0.006324
2025-12-08 14:44:32 INFO     Training average loss at step 20200: 2.576534
2025-12-08 14:45:28 INFO     Training average positive_fact_loss at step 20300: 0.299066
2025-12-08 14:45:28 INFO     Training average negative_fact_loss at step 20300: 0.276893
2025-12-08 14:45:28 INFO     Training average positive_rule_loss at step 20300: 2.001735
2025-12-08 14:45:28 INFO     Training average negative_rule_loss at step 20300: 2.452869
2025-12-08 14:45:28 INFO     Training average L_uncertainty at step 20300: 57.413274
2025-12-08 14:45:28 INFO     Training average L_kl at step 20300: 56873.735625
2025-12-08 14:45:28 INFO     Training average L_sigma at step 20300: 539.535742
2025-12-08 14:45:28 INFO     Training average mu_mean at step 20300: -2.494789
2025-12-08 14:45:28 INFO     Training average sigma_mean at step 20300: 0.211586
2025-12-08 14:45:28 INFO     Training average regularization at step 20300: 0.006323
2025-12-08 14:45:28 INFO     Training average loss at step 20300: 2.579018
2025-12-08 14:46:28 INFO     Training average positive_fact_loss at step 20400: 0.298826
2025-12-08 14:46:28 INFO     Training average negative_fact_loss at step 20400: 0.277071
2025-12-08 14:46:28 INFO     Training average positive_rule_loss at step 20400: 2.003360
2025-12-08 14:46:28 INFO     Training average negative_rule_loss at step 20400: 2.443315
2025-12-08 14:46:28 INFO     Training average L_uncertainty at step 20400: 57.462305
2025-12-08 14:46:28 INFO     Training average L_kl at step 20400: 56935.170430
2025-12-08 14:46:28 INFO     Training average L_sigma at step 20400: 527.131617
2025-12-08 14:46:28 INFO     Training average mu_mean at step 20400: -2.496584
2025-12-08 14:46:28 INFO     Training average sigma_mean at step 20400: 0.211263
2025-12-08 14:46:28 INFO     Training average regularization at step 20400: 0.006323
2025-12-08 14:46:28 INFO     Training average loss at step 20400: 2.575071
2025-12-08 14:47:24 INFO     Training average positive_fact_loss at step 20500: 0.298935
2025-12-08 14:47:24 INFO     Training average negative_fact_loss at step 20500: 0.277028
2025-12-08 14:47:24 INFO     Training average positive_rule_loss at step 20500: 1.999989
2025-12-08 14:47:24 INFO     Training average negative_rule_loss at step 20500: 2.448239
2025-12-08 14:47:24 INFO     Training average L_uncertainty at step 20500: 57.537270
2025-12-08 14:47:24 INFO     Training average L_kl at step 20500: 56998.526172
2025-12-08 14:47:24 INFO     Training average L_sigma at step 20500: 538.740954
2025-12-08 14:47:24 INFO     Training average mu_mean at step 20500: -2.499356
2025-12-08 14:47:24 INFO     Training average sigma_mean at step 20500: 0.211543
2025-12-08 14:47:24 INFO     Training average regularization at step 20500: 0.006322
2025-12-08 14:47:24 INFO     Training average loss at step 20500: 2.575954
2025-12-08 14:48:25 INFO     Training average positive_fact_loss at step 20600: 0.299656
2025-12-08 14:48:25 INFO     Training average negative_fact_loss at step 20600: 0.276839
2025-12-08 14:48:25 INFO     Training average positive_rule_loss at step 20600: 1.998864
2025-12-08 14:48:25 INFO     Training average negative_rule_loss at step 20600: 2.451661
2025-12-08 14:48:25 INFO     Training average L_uncertainty at step 20600: 57.399825
2025-12-08 14:48:25 INFO     Training average L_kl at step 20600: 56861.665938
2025-12-08 14:48:25 INFO     Training average L_sigma at step 20600: 538.156488
2025-12-08 14:48:25 INFO     Training average mu_mean at step 20600: -2.492828
2025-12-08 14:48:25 INFO     Training average sigma_mean at step 20600: 0.211540
2025-12-08 14:48:25 INFO     Training average regularization at step 20600: 0.006320
2025-12-08 14:48:25 INFO     Training average loss at step 20600: 2.577230
2025-12-08 14:49:20 INFO     Training average positive_fact_loss at step 20700: 0.299075
2025-12-08 14:49:20 INFO     Training average negative_fact_loss at step 20700: 0.276886
2025-12-08 14:49:20 INFO     Training average positive_rule_loss at step 20700: 2.000044
2025-12-08 14:49:20 INFO     Training average negative_rule_loss at step 20700: 2.447422
2025-12-08 14:49:20 INFO     Training average L_uncertainty at step 20700: 57.468294
2025-12-08 14:49:20 INFO     Training average L_kl at step 20700: 56926.362500
2025-12-08 14:49:20 INFO     Training average L_sigma at step 20700: 541.928962
2025-12-08 14:49:20 INFO     Training average mu_mean at step 20700: -2.493559
2025-12-08 14:49:20 INFO     Training average sigma_mean at step 20700: 0.211626
2025-12-08 14:49:20 INFO     Training average regularization at step 20700: 0.006319
2025-12-08 14:49:20 INFO     Training average loss at step 20700: 2.575502
2025-12-08 14:50:16 INFO     Training average positive_fact_loss at step 20800: 0.299221
2025-12-08 14:50:16 INFO     Training average negative_fact_loss at step 20800: 0.277016
2025-12-08 14:50:16 INFO     Training average positive_rule_loss at step 20800: 2.000997
2025-12-08 14:50:16 INFO     Training average negative_rule_loss at step 20800: 2.449828
2025-12-08 14:50:16 INFO     Training average L_uncertainty at step 20800: 57.409035
2025-12-08 14:50:16 INFO     Training average L_kl at step 20800: 56875.623750
2025-12-08 14:50:16 INFO     Training average L_sigma at step 20800: 533.408660
2025-12-08 14:50:16 INFO     Training average mu_mean at step 20800: -2.491926
2025-12-08 14:50:16 INFO     Training average sigma_mean at step 20800: 0.211433
2025-12-08 14:50:16 INFO     Training average regularization at step 20800: 0.006317
2025-12-08 14:50:16 INFO     Training average loss at step 20800: 2.577258
2025-12-08 14:51:07 INFO     Training average positive_fact_loss at step 20900: 0.298808
2025-12-08 14:51:07 INFO     Training average negative_fact_loss at step 20900: 0.276812
2025-12-08 14:51:07 INFO     Training average positive_rule_loss at step 20900: 2.000680
2025-12-08 14:51:07 INFO     Training average negative_rule_loss at step 20900: 2.447141
2025-12-08 14:51:07 INFO     Training average L_uncertainty at step 20900: 57.497596
2025-12-08 14:51:07 INFO     Training average L_kl at step 20900: 56961.858398
2025-12-08 14:51:07 INFO     Training average L_sigma at step 20900: 535.735231
2025-12-08 14:51:07 INFO     Training average mu_mean at step 20900: -2.494982
2025-12-08 14:51:07 INFO     Training average sigma_mean at step 20900: 0.211480
2025-12-08 14:51:07 INFO     Training average regularization at step 20900: 0.006318
2025-12-08 14:51:07 INFO     Training average loss at step 20900: 2.575537
2025-12-08 14:52:07 INFO     Training average positive_fact_loss at step 21000: 0.298949
2025-12-08 14:52:07 INFO     Training average negative_fact_loss at step 21000: 0.276882
2025-12-08 14:52:07 INFO     Training average positive_rule_loss at step 21000: 1.998408
2025-12-08 14:52:07 INFO     Training average negative_rule_loss at step 21000: 2.450827
2025-12-08 14:52:07 INFO     Training average L_uncertainty at step 21000: 57.486169
2025-12-08 14:52:07 INFO     Training average L_kl at step 21000: 56948.570117
2025-12-08 14:52:07 INFO     Training average L_sigma at step 21000: 537.596306
2025-12-08 14:52:07 INFO     Training average mu_mean at step 21000: -2.493310
2025-12-08 14:52:07 INFO     Training average sigma_mean at step 21000: 0.211517
2025-12-08 14:52:07 INFO     Training average regularization at step 21000: 0.006317
2025-12-08 14:52:07 INFO     Training average loss at step 21000: 2.576337
2025-12-08 14:52:07 INFO     Evaluating on Valid Dataset...
2025-12-08 14:52:07 INFO     >>>>> RuleE emb: Evaluating on valid
2025-12-08 14:52:17 INFO     Data : 4274
2025-12-08 14:52:17 INFO     Hit1 : 0.544221
2025-12-08 14:52:17 INFO     Hit3 : 0.773046
2025-12-08 14:52:17 INFO     Hit10: 0.941975
2025-12-08 14:52:17 INFO     MR   : 3.382780
2025-12-08 14:52:17 INFO     MRR  : 0.679368
2025-12-08 14:53:13 INFO     Training average positive_fact_loss at step 21100: 0.299139
2025-12-08 14:53:13 INFO     Training average negative_fact_loss at step 21100: 0.276990
2025-12-08 14:53:13 INFO     Training average positive_rule_loss at step 21100: 1.999514
2025-12-08 14:53:13 INFO     Training average negative_rule_loss at step 21100: 2.448566
2025-12-08 14:53:13 INFO     Training average L_uncertainty at step 21100: 57.430664
2025-12-08 14:53:13 INFO     Training average L_kl at step 21100: 56897.805234
2025-12-08 14:53:13 INFO     Training average L_sigma at step 21100: 532.855820
2025-12-08 14:53:13 INFO     Training average mu_mean at step 21100: -2.490111
2025-12-08 14:53:13 INFO     Training average sigma_mean at step 21100: 0.211410
2025-12-08 14:53:13 INFO     Training average regularization at step 21100: 0.006319
2025-12-08 14:53:13 INFO     Training average loss at step 21100: 2.575854
2025-12-08 14:54:13 INFO     Training average positive_fact_loss at step 21200: 0.298276
2025-12-08 14:54:13 INFO     Training average negative_fact_loss at step 21200: 0.276773
2025-12-08 14:54:13 INFO     Training average positive_rule_loss at step 21200: 2.005857
2025-12-08 14:54:13 INFO     Training average negative_rule_loss at step 21200: 2.442920
2025-12-08 14:54:13 INFO     Training average L_uncertainty at step 21200: 57.537354
2025-12-08 14:54:13 INFO     Training average L_kl at step 21200: 56997.786328
2025-12-08 14:54:13 INFO     Training average L_sigma at step 21200: 539.565074
2025-12-08 14:54:13 INFO     Training average mu_mean at step 21200: -2.496671
2025-12-08 14:54:13 INFO     Training average sigma_mean at step 21200: 0.211564
2025-12-08 14:54:13 INFO     Training average regularization at step 21200: 0.006320
2025-12-08 14:54:13 INFO     Training average loss at step 21200: 2.575771
2025-12-08 14:55:09 INFO     Training average positive_fact_loss at step 21300: 0.299287
2025-12-08 14:55:09 INFO     Training average negative_fact_loss at step 21300: 0.276575
2025-12-08 14:55:09 INFO     Training average positive_rule_loss at step 21300: 1.998463
2025-12-08 14:55:09 INFO     Training average negative_rule_loss at step 21300: 2.452052
2025-12-08 14:55:09 INFO     Training average L_uncertainty at step 21300: 57.408307
2025-12-08 14:55:09 INFO     Training average L_kl at step 21300: 56866.231016
2025-12-08 14:55:09 INFO     Training average L_sigma at step 21300: 542.073198
2025-12-08 14:55:09 INFO     Training average mu_mean at step 21300: -2.491746
2025-12-08 14:55:09 INFO     Training average sigma_mean at step 21300: 0.211620
2025-12-08 14:55:09 INFO     Training average regularization at step 21300: 0.006321
2025-12-08 14:55:09 INFO     Training average loss at step 21300: 2.576917
2025-12-08 14:56:09 INFO     Training average positive_fact_loss at step 21400: 0.299375
2025-12-08 14:56:09 INFO     Training average negative_fact_loss at step 21400: 0.276851
2025-12-08 14:56:09 INFO     Training average positive_rule_loss at step 21400: 1.999408
2025-12-08 14:56:09 INFO     Training average negative_rule_loss at step 21400: 2.445161
2025-12-08 14:56:09 INFO     Training average L_uncertainty at step 21400: 57.453495
2025-12-08 14:56:09 INFO     Training average L_kl at step 21400: 56918.809023
2025-12-08 14:56:09 INFO     Training average L_sigma at step 21400: 534.683027
2025-12-08 14:56:09 INFO     Training average mu_mean at step 21400: -2.492054
2025-12-08 14:56:09 INFO     Training average sigma_mean at step 21400: 0.211457
2025-12-08 14:56:09 INFO     Training average regularization at step 21400: 0.006318
2025-12-08 14:56:09 INFO     Training average loss at step 21400: 2.574170
2025-12-08 14:56:55 INFO     Training average positive_fact_loss at step 21500: 0.298927
2025-12-08 14:56:55 INFO     Training average negative_fact_loss at step 21500: 0.276652
2025-12-08 14:56:55 INFO     Training average positive_rule_loss at step 21500: 1.999381
2025-12-08 14:56:55 INFO     Training average negative_rule_loss at step 21500: 2.448367
2025-12-08 14:56:55 INFO     Training average L_uncertainty at step 21500: 57.543549
2025-12-08 14:56:55 INFO     Training average L_kl at step 21500: 57005.942500
2025-12-08 14:56:55 INFO     Training average L_sigma at step 21500: 537.603350
2025-12-08 14:56:55 INFO     Training average mu_mean at step 21500: -2.494147
2025-12-08 14:56:55 INFO     Training average sigma_mean at step 21500: 0.211528
2025-12-08 14:56:55 INFO     Training average regularization at step 21500: 0.006320
2025-12-08 14:56:55 INFO     Training average loss at step 21500: 2.575526
2025-12-08 14:57:56 INFO     Training average positive_fact_loss at step 21600: 0.298742
2025-12-08 14:57:56 INFO     Training average negative_fact_loss at step 21600: 0.277096
2025-12-08 14:57:56 INFO     Training average positive_rule_loss at step 21600: 1.999822
2025-12-08 14:57:56 INFO     Training average negative_rule_loss at step 21600: 2.446452
2025-12-08 14:57:56 INFO     Training average L_uncertainty at step 21600: 57.495136
2025-12-08 14:57:56 INFO     Training average L_kl at step 21600: 56957.664648
2025-12-08 14:57:56 INFO     Training average L_sigma at step 21600: 537.468378
2025-12-08 14:57:56 INFO     Training average mu_mean at step 21600: -2.491046
2025-12-08 14:57:56 INFO     Training average sigma_mean at step 21600: 0.211531
2025-12-08 14:57:56 INFO     Training average regularization at step 21600: 0.006321
2025-12-08 14:57:56 INFO     Training average loss at step 21600: 2.574872
2025-12-08 14:58:51 INFO     Training average positive_fact_loss at step 21700: 0.299241
2025-12-08 14:58:51 INFO     Training average negative_fact_loss at step 21700: 0.276783
2025-12-08 14:58:51 INFO     Training average positive_rule_loss at step 21700: 2.005638
2025-12-08 14:58:51 INFO     Training average negative_rule_loss at step 21700: 2.438583
2025-12-08 14:58:51 INFO     Training average L_uncertainty at step 21700: 57.658241
2025-12-08 14:58:51 INFO     Training average L_kl at step 21700: 57119.193750
2025-12-08 14:58:51 INFO     Training average L_sigma at step 21700: 539.044058
2025-12-08 14:58:51 INFO     Training average mu_mean at step 21700: -2.499994
2025-12-08 14:58:51 INFO     Training average sigma_mean at step 21700: 0.211566
2025-12-08 14:58:51 INFO     Training average regularization at step 21700: 0.006319
2025-12-08 14:58:51 INFO     Training average loss at step 21700: 2.574100
2025-12-08 14:59:52 INFO     Training average positive_fact_loss at step 21800: 0.298882
2025-12-08 14:59:52 INFO     Training average negative_fact_loss at step 21800: 0.276794
2025-12-08 14:59:52 INFO     Training average positive_rule_loss at step 21800: 2.001530
2025-12-08 14:59:52 INFO     Training average negative_rule_loss at step 21800: 2.440778
2025-12-08 14:59:52 INFO     Training average L_uncertainty at step 21800: 57.522848
2025-12-08 14:59:52 INFO     Training average L_kl at step 21800: 56984.971797
2025-12-08 14:59:52 INFO     Training average L_sigma at step 21800: 537.872928
2025-12-08 14:59:52 INFO     Training average mu_mean at step 21800: -2.494324
2025-12-08 14:59:52 INFO     Training average sigma_mean at step 21800: 0.211537
2025-12-08 14:59:52 INFO     Training average regularization at step 21800: 0.006319
2025-12-08 14:59:52 INFO     Training average loss at step 21800: 2.572834
2025-12-08 15:00:48 INFO     Training average positive_fact_loss at step 21900: 0.298535
2025-12-08 15:00:48 INFO     Training average negative_fact_loss at step 21900: 0.276856
2025-12-08 15:00:48 INFO     Training average positive_rule_loss at step 21900: 2.000415
2025-12-08 15:00:48 INFO     Training average negative_rule_loss at step 21900: 2.443918
2025-12-08 15:00:48 INFO     Training average L_uncertainty at step 21900: 57.614552
2025-12-08 15:00:48 INFO     Training average L_kl at step 21900: 57077.581641
2025-12-08 15:00:48 INFO     Training average L_sigma at step 21900: 536.968065
2025-12-08 15:00:48 INFO     Training average mu_mean at step 21900: -2.497606
2025-12-08 15:00:48 INFO     Training average sigma_mean at step 21900: 0.211515
2025-12-08 15:00:48 INFO     Training average regularization at step 21900: 0.006320
2025-12-08 15:00:48 INFO     Training average loss at step 21900: 2.573797
2025-12-08 15:01:48 INFO     Training average positive_fact_loss at step 22000: 0.299392
2025-12-08 15:01:48 INFO     Training average negative_fact_loss at step 22000: 0.277070
2025-12-08 15:01:48 INFO     Training average positive_rule_loss at step 22000: 2.002369
2025-12-08 15:01:48 INFO     Training average negative_rule_loss at step 22000: 2.443492
2025-12-08 15:01:48 INFO     Training average L_uncertainty at step 22000: 57.593813
2025-12-08 15:01:48 INFO     Training average L_kl at step 22000: 57055.925703
2025-12-08 15:01:48 INFO     Training average L_sigma at step 22000: 537.884695
2025-12-08 15:01:48 INFO     Training average mu_mean at step 22000: -2.495466
2025-12-08 15:01:48 INFO     Training average sigma_mean at step 22000: 0.211535
2025-12-08 15:01:48 INFO     Training average regularization at step 22000: 0.006322
2025-12-08 15:01:48 INFO     Training average loss at step 22000: 2.575077
2025-12-08 15:01:48 INFO     Evaluating on Valid Dataset...
2025-12-08 15:01:48 INFO     >>>>> RuleE emb: Evaluating on valid
2025-12-08 15:01:58 INFO     Data : 4274
2025-12-08 15:01:58 INFO     Hit1 : 0.544221
2025-12-08 15:01:58 INFO     Hit3 : 0.775620
2025-12-08 15:01:58 INFO     Hit10: 0.942209
2025-12-08 15:01:58 INFO     MR   : 3.365466
2025-12-08 15:01:58 INFO     MRR  : 0.680077
2025-12-08 15:02:49 INFO     Training average positive_fact_loss at step 22100: 0.299352
2025-12-08 15:02:49 INFO     Training average negative_fact_loss at step 22100: 0.276715
2025-12-08 15:02:49 INFO     Training average positive_rule_loss at step 22100: 1.999675
2025-12-08 15:02:49 INFO     Training average negative_rule_loss at step 22100: 2.444598
2025-12-08 15:02:49 INFO     Training average L_uncertainty at step 22100: 57.490195
2025-12-08 15:02:49 INFO     Training average L_kl at step 22100: 56950.431953
2025-12-08 15:02:49 INFO     Training average L_sigma at step 22100: 539.760915
2025-12-08 15:02:49 INFO     Training average mu_mean at step 22100: -2.491854
2025-12-08 15:02:49 INFO     Training average sigma_mean at step 22100: 0.211588
2025-12-08 15:02:49 INFO     Training average regularization at step 22100: 0.006320
2025-12-08 15:02:49 INFO     Training average loss at step 22100: 2.573981
2025-12-08 15:03:45 INFO     Training average positive_fact_loss at step 22200: 0.299039
2025-12-08 15:03:45 INFO     Training average negative_fact_loss at step 22200: 0.276559
2025-12-08 15:03:45 INFO     Training average positive_rule_loss at step 22200: 2.000430
2025-12-08 15:03:45 INFO     Training average negative_rule_loss at step 22200: 2.445884
2025-12-08 15:03:45 INFO     Training average L_uncertainty at step 22200: 57.515569
2025-12-08 15:03:45 INFO     Training average L_kl at step 22200: 56974.929219
2025-12-08 15:03:45 INFO     Training average L_sigma at step 22200: 540.636467
2025-12-08 15:03:45 INFO     Training average mu_mean at step 22200: -2.491534
2025-12-08 15:03:45 INFO     Training average sigma_mean at step 22200: 0.211617
2025-12-08 15:03:45 INFO     Training average regularization at step 22200: 0.006319
2025-12-08 15:03:45 INFO     Training average loss at step 22200: 2.574790
2025-12-08 15:04:41 INFO     Training average positive_fact_loss at step 22300: 0.298797
2025-12-08 15:04:41 INFO     Training average negative_fact_loss at step 22300: 0.276915
2025-12-08 15:04:41 INFO     Training average positive_rule_loss at step 22300: 1.999407
2025-12-08 15:04:41 INFO     Training average negative_rule_loss at step 22300: 2.445522
2025-12-08 15:04:41 INFO     Training average L_uncertainty at step 22300: 57.449039
2025-12-08 15:04:41 INFO     Training average L_kl at step 22300: 56912.861250
2025-12-08 15:04:41 INFO     Training average L_sigma at step 22300: 536.174955
2025-12-08 15:04:41 INFO     Training average mu_mean at step 22300: -2.488060
2025-12-08 15:04:41 INFO     Training average sigma_mean at step 22300: 0.211509
2025-12-08 15:04:41 INFO     Training average regularization at step 22300: 0.006322
2025-12-08 15:04:41 INFO     Training average loss at step 22300: 2.574091
2025-12-08 15:05:41 INFO     Training average positive_fact_loss at step 22400: 0.299024
2025-12-08 15:05:41 INFO     Training average negative_fact_loss at step 22400: 0.276713
2025-12-08 15:05:41 INFO     Training average positive_rule_loss at step 22400: 1.998628
2025-12-08 15:05:41 INFO     Training average negative_rule_loss at step 22400: 2.450739
2025-12-08 15:05:41 INFO     Training average L_uncertainty at step 22400: 57.354367
2025-12-08 15:05:41 INFO     Training average L_kl at step 22400: 56814.473047
2025-12-08 15:05:41 INFO     Training average L_sigma at step 22400: 539.891391
2025-12-08 15:05:41 INFO     Training average mu_mean at step 22400: -2.483500
2025-12-08 15:05:41 INFO     Training average sigma_mean at step 22400: 0.211597
2025-12-08 15:05:41 INFO     Training average regularization at step 22400: 0.006322
2025-12-08 15:05:41 INFO     Training average loss at step 22400: 2.576228
2025-12-08 15:06:37 INFO     Training average positive_fact_loss at step 22500: 0.298985
2025-12-08 15:06:37 INFO     Training average negative_fact_loss at step 22500: 0.276861
2025-12-08 15:06:37 INFO     Training average positive_rule_loss at step 22500: 2.001612
2025-12-08 15:06:37 INFO     Training average negative_rule_loss at step 22500: 2.444872
2025-12-08 15:06:37 INFO     Training average L_uncertainty at step 22500: 57.486782
2025-12-08 15:06:37 INFO     Training average L_kl at step 22500: 56946.201836
2025-12-08 15:06:37 INFO     Training average L_sigma at step 22500: 540.577122
2025-12-08 15:06:37 INFO     Training average mu_mean at step 22500: -2.488790
2025-12-08 15:06:37 INFO     Training average sigma_mean at step 22500: 0.211604
2025-12-08 15:06:37 INFO     Training average regularization at step 22500: 0.006321
2025-12-08 15:06:37 INFO     Training average loss at step 22500: 2.574973
2025-12-08 15:07:38 INFO     Training average positive_fact_loss at step 22600: 0.299317
2025-12-08 15:07:38 INFO     Training average negative_fact_loss at step 22600: 0.276780
2025-12-08 15:07:38 INFO     Training average positive_rule_loss at step 22600: 1.998834
2025-12-08 15:07:38 INFO     Training average negative_rule_loss at step 22600: 2.443234
2025-12-08 15:07:38 INFO     Training average L_uncertainty at step 22600: 57.522674
2025-12-08 15:07:38 INFO     Training average L_kl at step 22600: 56986.469180
2025-12-08 15:07:38 INFO     Training average L_sigma at step 22600: 536.201830
2025-12-08 15:07:38 INFO     Training average mu_mean at step 22600: -2.489762
2025-12-08 15:07:38 INFO     Training average sigma_mean at step 22600: 0.211502
2025-12-08 15:07:38 INFO     Training average regularization at step 22600: 0.006319
2025-12-08 15:07:38 INFO     Training average loss at step 22600: 2.572924
2025-12-08 15:08:34 INFO     Training average positive_fact_loss at step 22700: 0.299056
2025-12-08 15:08:34 INFO     Training average negative_fact_loss at step 22700: 0.276793
2025-12-08 15:08:34 INFO     Training average positive_rule_loss at step 22700: 2.000577
2025-12-08 15:08:34 INFO     Training average negative_rule_loss at step 22700: 2.439962
2025-12-08 15:08:34 INFO     Training average L_uncertainty at step 22700: 57.621187
2025-12-08 15:08:34 INFO     Training average L_kl at step 22700: 57086.279375
2025-12-08 15:08:34 INFO     Training average L_sigma at step 22700: 534.905346
2025-12-08 15:08:34 INFO     Training average mu_mean at step 22700: -2.492594
2025-12-08 15:08:34 INFO     Training average sigma_mean at step 22700: 0.211489
2025-12-08 15:08:34 INFO     Training average regularization at step 22700: 0.006319
2025-12-08 15:08:34 INFO     Training average loss at step 22700: 2.572134
2025-12-08 15:09:25 INFO     Training average positive_fact_loss at step 22800: 0.298993
2025-12-08 15:09:25 INFO     Training average negative_fact_loss at step 22800: 0.276828
2025-12-08 15:09:25 INFO     Training average positive_rule_loss at step 22800: 1.999374
2025-12-08 15:09:25 INFO     Training average negative_rule_loss at step 22800: 2.446098
2025-12-08 15:09:25 INFO     Training average L_uncertainty at step 22800: 57.549023
2025-12-08 15:09:25 INFO     Training average L_kl at step 22800: 57011.753945
2025-12-08 15:09:25 INFO     Training average L_sigma at step 22800: 537.266165
2025-12-08 15:09:25 INFO     Training average mu_mean at step 22800: -2.490100
2025-12-08 15:09:25 INFO     Training average sigma_mean at step 22800: 0.211543
2025-12-08 15:09:25 INFO     Training average regularization at step 22800: 0.006321
2025-12-08 15:09:25 INFO     Training average loss at step 22800: 2.574516
2025-12-08 15:10:20 INFO     Training average positive_fact_loss at step 22900: 0.298672
2025-12-08 15:10:20 INFO     Training average negative_fact_loss at step 22900: 0.276673
2025-12-08 15:10:20 INFO     Training average positive_rule_loss at step 22900: 2.000469
2025-12-08 15:10:20 INFO     Training average negative_rule_loss at step 22900: 2.442495
2025-12-08 15:10:20 INFO     Training average L_uncertainty at step 22900: 57.535656
2025-12-08 15:10:20 INFO     Training average L_kl at step 22900: 57002.463438
2025-12-08 15:10:20 INFO     Training average L_sigma at step 22900: 533.190066
2025-12-08 15:10:20 INFO     Training average mu_mean at step 22900: -2.488729
2025-12-08 15:10:20 INFO     Training average sigma_mean at step 22900: 0.211452
2025-12-08 15:10:20 INFO     Training average regularization at step 22900: 0.006320
2025-12-08 15:10:20 INFO     Training average loss at step 22900: 2.573011
2025-12-08 15:11:21 INFO     Training average positive_fact_loss at step 23000: 0.299446
2025-12-08 15:11:21 INFO     Training average negative_fact_loss at step 23000: 0.276669
2025-12-08 15:11:21 INFO     Training average positive_rule_loss at step 23000: 1.998920
2025-12-08 15:11:21 INFO     Training average negative_rule_loss at step 23000: 2.449722
2025-12-08 15:11:21 INFO     Training average L_uncertainty at step 23000: 57.360380
2025-12-08 15:11:21 INFO     Training average L_kl at step 23000: 56821.108828
2025-12-08 15:11:21 INFO     Training average L_sigma at step 23000: 539.268469
2025-12-08 15:11:21 INFO     Training average mu_mean at step 23000: -2.481319
2025-12-08 15:11:21 INFO     Training average sigma_mean at step 23000: 0.211593
2025-12-08 15:11:21 INFO     Training average regularization at step 23000: 0.006318
2025-12-08 15:11:21 INFO     Training average loss at step 23000: 2.576057
2025-12-08 15:11:21 INFO     Evaluating on Valid Dataset...
2025-12-08 15:11:21 INFO     >>>>> RuleE emb: Evaluating on valid
2025-12-08 15:11:31 INFO     Data : 4274
2025-12-08 15:11:31 INFO     Hit1 : 0.540711
2025-12-08 15:11:31 INFO     Hit3 : 0.775854
2025-12-08 15:11:31 INFO     Hit10: 0.941507
2025-12-08 15:11:31 INFO     MR   : 3.378568
2025-12-08 15:11:31 INFO     MRR  : 0.677705
2025-12-08 15:12:26 INFO     Training average positive_fact_loss at step 23100: 0.298073
2025-12-08 15:12:26 INFO     Training average negative_fact_loss at step 23100: 0.276787
2025-12-08 15:12:26 INFO     Training average positive_rule_loss at step 23100: 2.001167
2025-12-08 15:12:26 INFO     Training average negative_rule_loss at step 23100: 2.443130
2025-12-08 15:12:26 INFO     Training average L_uncertainty at step 23100: 57.507532
2025-12-08 15:12:26 INFO     Training average L_kl at step 23100: 56969.729844
2025-12-08 15:12:26 INFO     Training average L_sigma at step 23100: 537.799119
2025-12-08 15:12:26 INFO     Training average mu_mean at step 23100: -2.487893
2025-12-08 15:12:26 INFO     Training average sigma_mean at step 23100: 0.211566
2025-12-08 15:12:26 INFO     Training average regularization at step 23100: 0.006319
2025-12-08 15:12:26 INFO     Training average loss at step 23100: 2.573405
2025-12-08 15:13:26 INFO     Training average positive_fact_loss at step 23200: 0.299783
2025-12-08 15:13:26 INFO     Training average negative_fact_loss at step 23200: 0.276491
2025-12-08 15:13:26 INFO     Training average positive_rule_loss at step 23200: 1.998952
2025-12-08 15:13:26 INFO     Training average negative_rule_loss at step 23200: 2.446335
2025-12-08 15:13:26 INFO     Training average L_uncertainty at step 23200: 57.475620
2025-12-08 15:13:26 INFO     Training average L_kl at step 23200: 56939.989219
2025-12-08 15:13:26 INFO     Training average L_sigma at step 23200: 535.628688
2025-12-08 15:13:26 INFO     Training average mu_mean at step 23200: -2.484990
2025-12-08 15:13:26 INFO     Training average sigma_mean at step 23200: 0.211516
2025-12-08 15:13:26 INFO     Training average regularization at step 23200: 0.006323
2025-12-08 15:13:26 INFO     Training average loss at step 23200: 2.574579
2025-12-08 15:14:22 INFO     Training average positive_fact_loss at step 23300: 0.298394
2025-12-08 15:14:22 INFO     Training average negative_fact_loss at step 23300: 0.276770
2025-12-08 15:14:22 INFO     Training average positive_rule_loss at step 23300: 2.002397
2025-12-08 15:14:22 INFO     Training average negative_rule_loss at step 23300: 2.440942
2025-12-08 15:14:22 INFO     Training average L_uncertainty at step 23300: 57.616456
2025-12-08 15:14:22 INFO     Training average L_kl at step 23300: 57081.837617
2025-12-08 15:14:22 INFO     Training average L_sigma at step 23300: 534.615000
2025-12-08 15:14:22 INFO     Training average mu_mean at step 23300: -2.490248
2025-12-08 15:14:22 INFO     Training average sigma_mean at step 23300: 0.211488
2025-12-08 15:14:22 INFO     Training average regularization at step 23300: 0.006322
2025-12-08 15:14:22 INFO     Training average loss at step 23300: 2.573189
2025-12-08 15:15:17 INFO     Training average positive_fact_loss at step 23400: 0.298844
2025-12-08 15:15:17 INFO     Training average negative_fact_loss at step 23400: 0.276367
2025-12-08 15:15:17 INFO     Training average positive_rule_loss at step 23400: 2.001427
2025-12-08 15:15:17 INFO     Training average negative_rule_loss at step 23400: 2.437810
2025-12-08 15:15:17 INFO     Training average L_uncertainty at step 23400: 57.573072
2025-12-08 15:15:17 INFO     Training average L_kl at step 23400: 57031.964453
2025-12-08 15:15:17 INFO     Training average L_sigma at step 23400: 541.104501
2025-12-08 15:15:17 INFO     Training average mu_mean at step 23400: -2.490353
2025-12-08 15:15:17 INFO     Training average sigma_mean at step 23400: 0.211642
2025-12-08 15:15:17 INFO     Training average regularization at step 23400: 0.006322
2025-12-08 15:15:17 INFO     Training average loss at step 23400: 2.571119
2025-12-08 15:16:09 INFO     Training average positive_fact_loss at step 23500: 0.298811
2025-12-08 15:16:09 INFO     Training average negative_fact_loss at step 23500: 0.276735
2025-12-08 15:16:09 INFO     Training average positive_rule_loss at step 23500: 1.999888
2025-12-08 15:16:09 INFO     Training average negative_rule_loss at step 23500: 2.446194
2025-12-08 15:16:09 INFO     Training average L_uncertainty at step 23500: 57.544696
2025-12-08 15:16:09 INFO     Training average L_kl at step 23500: 57008.222188
2025-12-08 15:16:09 INFO     Training average L_sigma at step 23500: 536.471034
2025-12-08 15:16:09 INFO     Training average mu_mean at step 23500: -2.488849
2025-12-08 15:16:09 INFO     Training average sigma_mean at step 23500: 0.211533
2025-12-08 15:16:09 INFO     Training average regularization at step 23500: 0.006325
2025-12-08 15:16:09 INFO     Training average loss at step 23500: 2.574684
2025-12-08 15:17:09 INFO     Training average positive_fact_loss at step 23600: 0.298541
2025-12-08 15:17:09 INFO     Training average negative_fact_loss at step 23600: 0.276470
2025-12-08 15:17:09 INFO     Training average positive_rule_loss at step 23600: 1.999822
2025-12-08 15:17:09 INFO     Training average negative_rule_loss at step 23600: 2.441577
2025-12-08 15:17:09 INFO     Training average L_uncertainty at step 23600: 57.600962
2025-12-08 15:17:09 INFO     Training average L_kl at step 23600: 57064.967891
2025-12-08 15:17:09 INFO     Training average L_sigma at step 23600: 535.991715
2025-12-08 15:17:09 INFO     Training average mu_mean at step 23600: -2.489088
2025-12-08 15:17:09 INFO     Training average sigma_mean at step 23600: 0.211527
2025-12-08 15:17:09 INFO     Training average regularization at step 23600: 0.006325
2025-12-08 15:17:09 INFO     Training average loss at step 23600: 2.572131
2025-12-08 15:18:04 INFO     Training average positive_fact_loss at step 23700: 0.299069
2025-12-08 15:18:04 INFO     Training average negative_fact_loss at step 23700: 0.277134
2025-12-08 15:18:04 INFO     Training average positive_rule_loss at step 23700: 1.996962
2025-12-08 15:18:04 INFO     Training average negative_rule_loss at step 23700: 2.451532
2025-12-08 15:18:04 INFO     Training average L_uncertainty at step 23700: 57.350381
2025-12-08 15:18:04 INFO     Training average L_kl at step 23700: 56810.630273
2025-12-08 15:18:04 INFO     Training average L_sigma at step 23700: 539.748455
2025-12-08 15:18:04 INFO     Training average mu_mean at step 23700: -2.479276
2025-12-08 15:18:04 INFO     Training average sigma_mean at step 23700: 0.211619
2025-12-08 15:18:04 INFO     Training average regularization at step 23700: 0.006325
2025-12-08 15:18:04 INFO     Training average loss at step 23700: 2.576023
2025-12-08 15:19:04 INFO     Training average positive_fact_loss at step 23800: 0.299209
2025-12-08 15:19:04 INFO     Training average negative_fact_loss at step 23800: 0.276602
2025-12-08 15:19:04 INFO     Training average positive_rule_loss at step 23800: 2.003970
2025-12-08 15:19:04 INFO     Training average negative_rule_loss at step 23800: 2.436455
2025-12-08 15:19:04 INFO     Training average L_uncertainty at step 23800: 57.626869
2025-12-08 15:19:04 INFO     Training average L_kl at step 23800: 57092.096406
2025-12-08 15:19:04 INFO     Training average L_sigma at step 23800: 534.769792
2025-12-08 15:19:04 INFO     Training average mu_mean at step 23800: -2.488939
2025-12-08 15:19:04 INFO     Training average sigma_mean at step 23800: 0.211508
2025-12-08 15:19:04 INFO     Training average regularization at step 23800: 0.006326
2025-12-08 15:19:04 INFO     Training average loss at step 23800: 2.572071
2025-12-08 15:20:01 INFO     Training average positive_fact_loss at step 23900: 0.298844
2025-12-08 15:20:01 INFO     Training average negative_fact_loss at step 23900: 0.276691
2025-12-08 15:20:01 INFO     Training average positive_rule_loss at step 23900: 1.998970
2025-12-08 15:20:01 INFO     Training average negative_rule_loss at step 23900: 2.440972
2025-12-08 15:20:01 INFO     Training average L_uncertainty at step 23900: 57.472377
2025-12-08 15:20:01 INFO     Training average L_kl at step 23900: 56937.515625
2025-12-08 15:20:01 INFO     Training average L_sigma at step 23900: 534.858104
2025-12-08 15:20:01 INFO     Training average mu_mean at step 23900: -2.484048
2025-12-08 15:20:01 INFO     Training average sigma_mean at step 23900: 0.211523
2025-12-08 15:20:01 INFO     Training average regularization at step 23900: 0.006325
2025-12-08 15:20:01 INFO     Training average loss at step 23900: 2.571535
2025-12-08 15:21:01 INFO     Training average positive_fact_loss at step 24000: 0.299102
2025-12-08 15:21:01 INFO     Training average negative_fact_loss at step 24000: 0.276669
2025-12-08 15:21:01 INFO     Training average positive_rule_loss at step 24000: 1.999897
2025-12-08 15:21:01 INFO     Training average negative_rule_loss at step 24000: 2.442206
2025-12-08 15:21:01 INFO     Training average L_uncertainty at step 24000: 57.620921
2025-12-08 15:21:01 INFO     Training average L_kl at step 24000: 57085.153242
2025-12-08 15:21:01 INFO     Training average L_sigma at step 24000: 535.764572
2025-12-08 15:21:01 INFO     Training average mu_mean at step 24000: -2.488403
2025-12-08 15:21:01 INFO     Training average sigma_mean at step 24000: 0.211544
2025-12-08 15:21:01 INFO     Training average regularization at step 24000: 0.006327
2025-12-08 15:21:01 INFO     Training average loss at step 24000: 2.572886
2025-12-08 15:21:01 INFO     Evaluating on Valid Dataset...
2025-12-08 15:21:01 INFO     >>>>> RuleE emb: Evaluating on valid
2025-12-08 15:21:12 INFO     Data : 4274
2025-12-08 15:21:12 INFO     Hit1 : 0.542817
2025-12-08 15:21:12 INFO     Hit3 : 0.775386
2025-12-08 15:21:12 INFO     Hit10: 0.943145
2025-12-08 15:21:12 INFO     MR   : 3.367805
2025-12-08 15:21:12 INFO     MRR  : 0.678980
2025-12-08 15:21:58 INFO     Training average positive_fact_loss at step 24100: 0.299097
2025-12-08 15:21:58 INFO     Training average negative_fact_loss at step 24100: 0.276765
2025-12-08 15:21:58 INFO     Training average positive_rule_loss at step 24100: 1.999287
2025-12-08 15:21:58 INFO     Training average negative_rule_loss at step 24100: 2.442587
2025-12-08 15:21:58 INFO     Training average L_uncertainty at step 24100: 57.534214
2025-12-08 15:21:58 INFO     Training average L_kl at step 24100: 57000.675156
2025-12-08 15:21:58 INFO     Training average L_sigma at step 24100: 533.536497
2025-12-08 15:21:58 INFO     Training average mu_mean at step 24100: -2.484787
2025-12-08 15:21:58 INFO     Training average sigma_mean at step 24100: 0.211500
2025-12-08 15:21:58 INFO     Training average regularization at step 24100: 0.006324
2025-12-08 15:21:58 INFO     Training average loss at step 24100: 2.572726
2025-12-08 15:22:59 INFO     Training average positive_fact_loss at step 24200: 0.299103
2025-12-08 15:22:59 INFO     Training average negative_fact_loss at step 24200: 0.276708
2025-12-08 15:22:59 INFO     Training average positive_rule_loss at step 24200: 1.999470
2025-12-08 15:22:59 INFO     Training average negative_rule_loss at step 24200: 2.444843
2025-12-08 15:22:59 INFO     Training average L_uncertainty at step 24200: 57.544616
2025-12-08 15:22:59 INFO     Training average L_kl at step 24200: 57010.694961
2025-12-08 15:22:59 INFO     Training average L_sigma at step 24200: 533.918386
2025-12-08 15:22:59 INFO     Training average mu_mean at step 24200: -2.484575
2025-12-08 15:22:59 INFO     Training average sigma_mean at step 24200: 0.211517
2025-12-08 15:22:59 INFO     Training average regularization at step 24200: 0.006324
2025-12-08 15:22:59 INFO     Training average loss at step 24200: 2.573932
2025-12-08 15:23:54 INFO     Training average positive_fact_loss at step 24300: 0.298896
2025-12-08 15:23:54 INFO     Training average negative_fact_loss at step 24300: 0.276700
2025-12-08 15:23:54 INFO     Training average positive_rule_loss at step 24300: 2.000472
2025-12-08 15:23:54 INFO     Training average negative_rule_loss at step 24300: 2.438937
2025-12-08 15:23:54 INFO     Training average L_uncertainty at step 24300: 57.552627
2025-12-08 15:23:54 INFO     Training average L_kl at step 24300: 57012.067227
2025-12-08 15:23:54 INFO     Training average L_sigma at step 24300: 540.557708
2025-12-08 15:23:54 INFO     Training average mu_mean at step 24300: -2.484850
2025-12-08 15:23:54 INFO     Training average sigma_mean at step 24300: 0.211668
2025-12-08 15:23:54 INFO     Training average regularization at step 24300: 0.006324
2025-12-08 15:23:54 INFO     Training average loss at step 24300: 2.571379
2025-12-08 15:24:54 INFO     Training average positive_fact_loss at step 24400: 0.298672
2025-12-08 15:24:54 INFO     Training average negative_fact_loss at step 24400: 0.276596
2025-12-08 15:24:54 INFO     Training average positive_rule_loss at step 24400: 1.998047
2025-12-08 15:24:54 INFO     Training average negative_rule_loss at step 24400: 2.447636
2025-12-08 15:24:54 INFO     Training average L_uncertainty at step 24400: 57.428946
2025-12-08 15:24:54 INFO     Training average L_kl at step 24400: 56892.698398
2025-12-08 15:24:54 INFO     Training average L_sigma at step 24400: 536.244891
2025-12-08 15:24:54 INFO     Training average mu_mean at step 24400: -2.479446
2025-12-08 15:24:54 INFO     Training average sigma_mean at step 24400: 0.211573
2025-12-08 15:24:54 INFO     Training average regularization at step 24400: 0.006327
2025-12-08 15:24:54 INFO     Training average loss at step 24400: 2.574232
2025-12-08 15:25:50 INFO     Training average positive_fact_loss at step 24500: 0.299143
2025-12-08 15:25:50 INFO     Training average negative_fact_loss at step 24500: 0.276739
2025-12-08 15:25:50 INFO     Training average positive_rule_loss at step 24500: 1.997956
2025-12-08 15:25:50 INFO     Training average negative_rule_loss at step 24500: 2.443794
2025-12-08 15:25:50 INFO     Training average L_uncertainty at step 24500: 57.569283
2025-12-08 15:25:50 INFO     Training average L_kl at step 24500: 57035.796211
2025-12-08 15:25:50 INFO     Training average L_sigma at step 24500: 533.484736
2025-12-08 15:25:50 INFO     Training average mu_mean at step 24500: -2.483111
2025-12-08 15:25:50 INFO     Training average sigma_mean at step 24500: 0.211508
2025-12-08 15:25:50 INFO     Training average regularization at step 24500: 0.006326
2025-12-08 15:25:50 INFO     Training average loss at step 24500: 2.572711
2025-12-08 15:26:51 INFO     Training average positive_fact_loss at step 24600: 0.299354
2025-12-08 15:26:51 INFO     Training average negative_fact_loss at step 24600: 0.276866
2025-12-08 15:26:51 INFO     Training average positive_rule_loss at step 24600: 2.005764
2025-12-08 15:26:51 INFO     Training average negative_rule_loss at step 24600: 2.432858
2025-12-08 15:26:51 INFO     Training average L_uncertainty at step 24600: 57.641531
2025-12-08 15:26:51 INFO     Training average L_kl at step 24600: 57106.508359
2025-12-08 15:26:51 INFO     Training average L_sigma at step 24600: 535.019595
2025-12-08 15:26:51 INFO     Training average mu_mean at step 24600: -2.485641
2025-12-08 15:26:51 INFO     Training average sigma_mean at step 24600: 0.211549
2025-12-08 15:26:51 INFO     Training average regularization at step 24600: 0.006325
2025-12-08 15:26:51 INFO     Training average loss at step 24600: 2.571387
2025-12-08 15:27:42 INFO     Training average positive_fact_loss at step 24700: 0.298746
2025-12-08 15:27:42 INFO     Training average negative_fact_loss at step 24700: 0.276697
2025-12-08 15:27:42 INFO     Training average positive_rule_loss at step 24700: 2.000146
2025-12-08 15:27:42 INFO     Training average negative_rule_loss at step 24700: 2.440049
2025-12-08 15:27:42 INFO     Training average L_uncertainty at step 24700: 57.649975
2025-12-08 15:27:42 INFO     Training average L_kl at step 24700: 57115.348437
2025-12-08 15:27:42 INFO     Training average L_sigma at step 24700: 534.623805
2025-12-08 15:27:42 INFO     Training average mu_mean at step 24700: -2.490475
2025-12-08 15:27:42 INFO     Training average sigma_mean at step 24700: 0.211534
2025-12-08 15:27:42 INFO     Training average regularization at step 24700: 0.006325
2025-12-08 15:27:42 INFO     Training average loss at step 24700: 2.571794
2025-12-08 15:28:37 INFO     Training average positive_fact_loss at step 24800: 0.298674
2025-12-08 15:28:37 INFO     Training average negative_fact_loss at step 24800: 0.276515
2025-12-08 15:28:37 INFO     Training average positive_rule_loss at step 24800: 2.002840
2025-12-08 15:28:37 INFO     Training average negative_rule_loss at step 24800: 2.434093
2025-12-08 15:28:37 INFO     Training average L_uncertainty at step 24800: 57.583049
2025-12-08 15:28:37 INFO     Training average L_kl at step 24800: 57050.647070
2025-12-08 15:28:37 INFO     Training average L_sigma at step 24800: 532.398952
2025-12-08 15:28:37 INFO     Training average mu_mean at step 24800: -2.486481
2025-12-08 15:28:37 INFO     Training average sigma_mean at step 24800: 0.211482
2025-12-08 15:28:37 INFO     Training average regularization at step 24800: 0.006326
2025-12-08 15:28:37 INFO     Training average loss at step 24800: 2.569969
2025-12-08 15:29:33 INFO     Training average positive_fact_loss at step 24900: 0.299158
2025-12-08 15:29:33 INFO     Training average negative_fact_loss at step 24900: 0.276798
2025-12-08 15:29:33 INFO     Training average positive_rule_loss at step 24900: 2.002164
2025-12-08 15:29:33 INFO     Training average negative_rule_loss at step 24900: 2.436523
2025-12-08 15:29:33 INFO     Training average L_uncertainty at step 24900: 57.751253
2025-12-08 15:29:33 INFO     Training average L_kl at step 24900: 57217.242461
2025-12-08 15:29:33 INFO     Training average L_sigma at step 24900: 534.008346
2025-12-08 15:29:33 INFO     Training average mu_mean at step 24900: -2.494357
2025-12-08 15:29:33 INFO     Training average sigma_mean at step 24900: 0.211525
2025-12-08 15:29:33 INFO     Training average regularization at step 24900: 0.006326
2025-12-08 15:29:33 INFO     Training average loss at step 24900: 2.571399
2025-12-08 15:30:34 INFO     Training average positive_fact_loss at step 25000: 0.298576
2025-12-08 15:30:34 INFO     Training average negative_fact_loss at step 25000: 0.276539
2025-12-08 15:30:34 INFO     Training average positive_rule_loss at step 25000: 2.001049
2025-12-08 15:30:34 INFO     Training average negative_rule_loss at step 25000: 2.438138
2025-12-08 15:30:34 INFO     Training average L_uncertainty at step 25000: 57.533764
2025-12-08 15:30:34 INFO     Training average L_kl at step 25000: 56998.209727
2025-12-08 15:30:34 INFO     Training average L_sigma at step 25000: 535.551636
2025-12-08 15:30:34 INFO     Training average mu_mean at step 25000: -2.484565
2025-12-08 15:30:34 INFO     Training average sigma_mean at step 25000: 0.211568
2025-12-08 15:30:34 INFO     Training average regularization at step 25000: 0.006329
2025-12-08 15:30:34 INFO     Training average loss at step 25000: 2.571014
2025-12-08 15:30:34 INFO     Evaluating on Valid Dataset...
2025-12-08 15:30:34 INFO     >>>>> RuleE emb: Evaluating on valid
2025-12-08 15:30:44 INFO     Data : 4274
2025-12-08 15:30:44 INFO     Hit1 : 0.544923
2025-12-08 15:30:44 INFO     Hit3 : 0.775152
2025-12-08 15:30:44 INFO     Hit10: 0.941273
2025-12-08 15:30:44 INFO     MR   : 3.369911
2025-12-08 15:30:44 INFO     MRR  : 0.680332
2025-12-08 15:31:40 INFO     Training average positive_fact_loss at step 25100: 0.298883
2025-12-08 15:31:40 INFO     Training average negative_fact_loss at step 25100: 0.276581
2025-12-08 15:31:40 INFO     Training average positive_rule_loss at step 25100: 2.001535
2025-12-08 15:31:40 INFO     Training average negative_rule_loss at step 25100: 2.435636
2025-12-08 15:31:40 INFO     Training average L_uncertainty at step 25100: 57.611589
2025-12-08 15:31:40 INFO     Training average L_kl at step 25100: 57077.578008
2025-12-08 15:31:40 INFO     Training average L_sigma at step 25100: 534.008394
2025-12-08 15:31:40 INFO     Training average mu_mean at step 25100: -2.487786
2025-12-08 15:31:40 INFO     Training average sigma_mean at step 25100: 0.211530
2025-12-08 15:31:40 INFO     Training average regularization at step 25100: 0.006330
2025-12-08 15:31:40 INFO     Training average loss at step 25100: 2.570259
2025-12-08 15:32:41 INFO     Training average positive_fact_loss at step 25200: 0.298826
2025-12-08 15:32:41 INFO     Training average negative_fact_loss at step 25200: 0.276730
2025-12-08 15:32:41 INFO     Training average positive_rule_loss at step 25200: 1.999431
2025-12-08 15:32:41 INFO     Training average negative_rule_loss at step 25200: 2.440338
2025-12-08 15:32:41 INFO     Training average L_uncertainty at step 25200: 57.541005
2025-12-08 15:32:41 INFO     Training average L_kl at step 25200: 57006.244531
2025-12-08 15:32:41 INFO     Training average L_sigma at step 25200: 534.757191
2025-12-08 15:32:41 INFO     Training average mu_mean at step 25200: -2.483721
2025-12-08 15:32:41 INFO     Training average sigma_mean at step 25200: 0.211537
2025-12-08 15:32:41 INFO     Training average regularization at step 25200: 0.006331
2025-12-08 15:32:41 INFO     Training average loss at step 25200: 2.571534
2025-12-08 15:33:37 INFO     Training average positive_fact_loss at step 25300: 0.299263
2025-12-08 15:33:37 INFO     Training average negative_fact_loss at step 25300: 0.276665
2025-12-08 15:33:37 INFO     Training average positive_rule_loss at step 25300: 2.000713
2025-12-08 15:33:37 INFO     Training average negative_rule_loss at step 25300: 2.435148
2025-12-08 15:33:37 INFO     Training average L_uncertainty at step 25300: 57.639840
2025-12-08 15:33:37 INFO     Training average L_kl at step 25300: 57101.257656
2025-12-08 15:33:37 INFO     Training average L_sigma at step 25300: 538.579493
2025-12-08 15:33:37 INFO     Training average mu_mean at step 25300: -2.486302
2025-12-08 15:33:37 INFO     Training average sigma_mean at step 25300: 0.211646
2025-12-08 15:33:37 INFO     Training average regularization at step 25300: 0.006328
2025-12-08 15:33:37 INFO     Training average loss at step 25300: 2.569863
2025-12-08 15:34:28 INFO     Training average positive_fact_loss at step 25400: 0.298939
2025-12-08 15:34:28 INFO     Training average negative_fact_loss at step 25400: 0.276599
2025-12-08 15:34:28 INFO     Training average positive_rule_loss at step 25400: 1.998033
2025-12-08 15:34:28 INFO     Training average negative_rule_loss at step 25400: 2.440809
2025-12-08 15:34:28 INFO     Training average L_uncertainty at step 25400: 57.573368
2025-12-08 15:34:28 INFO     Training average L_kl at step 25400: 57040.813047
2025-12-08 15:34:28 INFO     Training average L_sigma at step 25400: 532.552427
2025-12-08 15:34:28 INFO     Training average mu_mean at step 25400: -2.482670
2025-12-08 15:34:28 INFO     Training average sigma_mean at step 25400: 0.211501
2025-12-08 15:34:28 INFO     Training average regularization at step 25400: 0.006327
2025-12-08 15:34:28 INFO     Training average loss at step 25400: 2.571090
2025-12-08 15:35:24 INFO     Training average positive_fact_loss at step 25500: 0.298977
2025-12-08 15:35:24 INFO     Training average negative_fact_loss at step 25500: 0.276713
2025-12-08 15:35:24 INFO     Training average positive_rule_loss at step 25500: 1.999897
2025-12-08 15:35:24 INFO     Training average negative_rule_loss at step 25500: 2.434938
2025-12-08 15:35:24 INFO     Training average L_uncertainty at step 25500: 57.664060
2025-12-08 15:35:24 INFO     Training average L_kl at step 25500: 57127.910664
2025-12-08 15:35:24 INFO     Training average L_sigma at step 25500: 536.146997
2025-12-08 15:35:24 INFO     Training average mu_mean at step 25500: -2.484880
2025-12-08 15:35:24 INFO     Training average sigma_mean at step 25500: 0.211594
2025-12-08 15:35:24 INFO     Training average regularization at step 25500: 0.006329
2025-12-08 15:35:24 INFO     Training average loss at step 25500: 2.569255
2025-12-08 15:36:25 INFO     Training average positive_fact_loss at step 25600: 0.298741
2025-12-08 15:36:25 INFO     Training average negative_fact_loss at step 25600: 0.276881
2025-12-08 15:36:25 INFO     Training average positive_rule_loss at step 25600: 1.998459
2025-12-08 15:36:25 INFO     Training average negative_rule_loss at step 25600: 2.442630
2025-12-08 15:36:25 INFO     Training average L_uncertainty at step 25600: 57.520816
2025-12-08 15:36:25 INFO     Training average L_kl at step 25600: 56989.570273
2025-12-08 15:36:25 INFO     Training average L_sigma at step 25600: 531.242727
2025-12-08 15:36:25 INFO     Training average mu_mean at step 25600: -2.478225
2025-12-08 15:36:25 INFO     Training average sigma_mean at step 25600: 0.211489
2025-12-08 15:36:25 INFO     Training average regularization at step 25600: 0.006330
2025-12-08 15:36:25 INFO     Training average loss at step 25600: 2.572206
2025-12-08 15:37:21 INFO     Training average positive_fact_loss at step 25700: 0.298893
2025-12-08 15:37:21 INFO     Training average negative_fact_loss at step 25700: 0.276809
2025-12-08 15:37:21 INFO     Training average positive_rule_loss at step 25700: 1.998989
2025-12-08 15:37:21 INFO     Training average negative_rule_loss at step 25700: 2.439072
2025-12-08 15:37:21 INFO     Training average L_uncertainty at step 25700: 57.642729
2025-12-08 15:37:21 INFO     Training average L_kl at step 25700: 57108.753008
2025-12-08 15:37:21 INFO     Training average L_sigma at step 25700: 533.972833
2025-12-08 15:37:21 INFO     Training average mu_mean at step 25700: -2.481574
2025-12-08 15:37:21 INFO     Training average sigma_mean at step 25700: 0.211554
2025-12-08 15:37:21 INFO     Training average regularization at step 25700: 0.006331
2025-12-08 15:37:21 INFO     Training average loss at step 25700: 2.570856
2025-12-08 15:38:21 INFO     Training average positive_fact_loss at step 25800: 0.299749
2025-12-08 15:38:21 INFO     Training average negative_fact_loss at step 25800: 0.276621
2025-12-08 15:38:21 INFO     Training average positive_rule_loss at step 25800: 2.000418
2025-12-08 15:38:21 INFO     Training average negative_rule_loss at step 25800: 2.434481
2025-12-08 15:38:21 INFO     Training average L_uncertainty at step 25800: 57.675591
2025-12-08 15:38:21 INFO     Training average L_kl at step 25800: 57142.655898
2025-12-08 15:38:21 INFO     Training average L_sigma at step 25800: 532.932888
2025-12-08 15:38:21 INFO     Training average mu_mean at step 25800: -2.482523
2025-12-08 15:38:21 INFO     Training average sigma_mean at step 25800: 0.211530
2025-12-08 15:38:21 INFO     Training average regularization at step 25800: 0.006330
2025-12-08 15:38:21 INFO     Training average loss at step 25800: 2.569640
2025-12-08 15:39:17 INFO     Training average positive_fact_loss at step 25900: 0.298385
2025-12-08 15:39:17 INFO     Training average negative_fact_loss at step 25900: 0.276793
2025-12-08 15:39:17 INFO     Training average positive_rule_loss at step 25900: 2.002763
2025-12-08 15:39:17 INFO     Training average negative_rule_loss at step 25900: 2.431740
2025-12-08 15:39:17 INFO     Training average L_uncertainty at step 25900: 57.797224
2025-12-08 15:39:17 INFO     Training average L_kl at step 25900: 57264.801836
2025-12-08 15:39:17 INFO     Training average L_sigma at step 25900: 532.419711
2025-12-08 15:39:17 INFO     Training average mu_mean at step 25900: -2.488084
2025-12-08 15:39:17 INFO     Training average sigma_mean at step 25900: 0.211516
2025-12-08 15:39:17 INFO     Training average regularization at step 25900: 0.006329
2025-12-08 15:39:17 INFO     Training average loss at step 25900: 2.568967
2025-12-08 15:40:12 INFO     Training average positive_fact_loss at step 26000: 0.299338
2025-12-08 15:40:12 INFO     Training average negative_fact_loss at step 26000: 0.276625
2025-12-08 15:40:12 INFO     Training average positive_rule_loss at step 26000: 1.998351
2025-12-08 15:40:12 INFO     Training average negative_rule_loss at step 26000: 2.437511
2025-12-08 15:40:12 INFO     Training average L_uncertainty at step 26000: 57.648715
2025-12-08 15:40:12 INFO     Training average L_kl at step 26000: 57116.123633
2025-12-08 15:40:12 INFO     Training average L_sigma at step 26000: 532.589247
2025-12-08 15:40:12 INFO     Training average mu_mean at step 26000: -2.482349
2025-12-08 15:40:12 INFO     Training average sigma_mean at step 26000: 0.211525
2025-12-08 15:40:12 INFO     Training average regularization at step 26000: 0.006331
2025-12-08 15:40:12 INFO     Training average loss at step 26000: 2.569892
2025-12-08 15:40:12 INFO     Evaluating on Valid Dataset...
2025-12-08 15:40:12 INFO     >>>>> RuleE emb: Evaluating on valid
2025-12-08 15:40:22 INFO     Data : 4274
2025-12-08 15:40:22 INFO     Hit1 : 0.544455
2025-12-08 15:40:22 INFO     Hit3 : 0.776790
2025-12-08 15:40:22 INFO     Hit10: 0.942677
2025-12-08 15:40:22 INFO     MR   : 3.365232
2025-12-08 15:40:22 INFO     MRR  : 0.679860
2025-12-08 15:41:14 INFO     Training average positive_fact_loss at step 26100: 0.298894
2025-12-08 15:41:14 INFO     Training average negative_fact_loss at step 26100: 0.276602
2025-12-08 15:41:14 INFO     Training average positive_rule_loss at step 26100: 1.999974
2025-12-08 15:41:14 INFO     Training average negative_rule_loss at step 26100: 2.440140
2025-12-08 15:41:14 INFO     Training average L_uncertainty at step 26100: 57.657381
2025-12-08 15:41:14 INFO     Training average L_kl at step 26100: 57120.816016
2025-12-08 15:41:14 INFO     Training average L_sigma at step 26100: 536.562662
2025-12-08 15:41:14 INFO     Training average mu_mean at step 26100: -2.481597
2025-12-08 15:41:14 INFO     Training average sigma_mean at step 26100: 0.211623
2025-12-08 15:41:14 INFO     Training average regularization at step 26100: 0.006330
2025-12-08 15:41:14 INFO     Training average loss at step 26100: 2.571792
2025-12-08 15:42:14 INFO     Training average positive_fact_loss at step 26200: 0.298938
2025-12-08 15:42:14 INFO     Training average negative_fact_loss at step 26200: 0.276659
2025-12-08 15:42:14 INFO     Training average positive_rule_loss at step 26200: 2.004457
2025-12-08 15:42:14 INFO     Training average negative_rule_loss at step 26200: 2.433362
2025-12-08 15:42:14 INFO     Training average L_uncertainty at step 26200: 57.677451
2025-12-08 15:42:14 INFO     Training average L_kl at step 26200: 57148.181250
2025-12-08 15:42:14 INFO     Training average L_sigma at step 26200: 529.267312
2025-12-08 15:42:14 INFO     Training average mu_mean at step 26200: -2.484322
2025-12-08 15:42:14 INFO     Training average sigma_mean at step 26200: 0.211457
2025-12-08 15:42:14 INFO     Training average regularization at step 26200: 0.006330
2025-12-08 15:42:14 INFO     Training average loss at step 26200: 2.570715
2025-12-08 15:43:10 INFO     Training average positive_fact_loss at step 26300: 0.299094
2025-12-08 15:43:10 INFO     Training average negative_fact_loss at step 26300: 0.276540
2025-12-08 15:43:10 INFO     Training average positive_rule_loss at step 26300: 1.999284
2025-12-08 15:43:10 INFO     Training average negative_rule_loss at step 26300: 2.438547
2025-12-08 15:43:10 INFO     Training average L_uncertainty at step 26300: 57.624267
2025-12-08 15:43:10 INFO     Training average L_kl at step 26300: 57092.834883
2025-12-08 15:43:10 INFO     Training average L_sigma at step 26300: 531.429153
2025-12-08 15:43:10 INFO     Training average mu_mean at step 26300: -2.481600
2025-12-08 15:43:10 INFO     Training average sigma_mean at step 26300: 0.211513
2025-12-08 15:43:10 INFO     Training average regularization at step 26300: 0.006328
2025-12-08 15:43:10 INFO     Training average loss at step 26300: 2.570685
2025-12-08 15:44:10 INFO     Training average positive_fact_loss at step 26400: 0.299495
2025-12-08 15:44:10 INFO     Training average negative_fact_loss at step 26400: 0.276643
2025-12-08 15:44:10 INFO     Training average positive_rule_loss at step 26400: 1.999155
2025-12-08 15:44:10 INFO     Training average negative_rule_loss at step 26400: 2.441906
2025-12-08 15:44:10 INFO     Training average L_uncertainty at step 26400: 57.547049
2025-12-08 15:44:10 INFO     Training average L_kl at step 26400: 57010.206250
2025-12-08 15:44:10 INFO     Training average L_sigma at step 26400: 536.840216
2025-12-08 15:44:10 INFO     Training average mu_mean at step 26400: -2.477825
2025-12-08 15:44:10 INFO     Training average sigma_mean at step 26400: 0.211644
2025-12-08 15:44:10 INFO     Training average regularization at step 26400: 0.006328
2025-12-08 15:44:10 INFO     Training average loss at step 26400: 2.572475
2025-12-08 15:45:06 INFO     Training average positive_fact_loss at step 26500: 0.298348
2025-12-08 15:45:06 INFO     Training average negative_fact_loss at step 26500: 0.276707
2025-12-08 15:45:06 INFO     Training average positive_rule_loss at step 26500: 2.002348
2025-12-08 15:45:06 INFO     Training average negative_rule_loss at step 26500: 2.432822
2025-12-08 15:45:06 INFO     Training average L_uncertainty at step 26500: 57.581933
2025-12-08 15:45:06 INFO     Training average L_kl at step 26500: 57047.882539
2025-12-08 15:45:06 INFO     Training average L_sigma at step 26500: 534.047064
2025-12-08 15:45:06 INFO     Training average mu_mean at step 26500: -2.479963
2025-12-08 15:45:06 INFO     Training average sigma_mean at step 26500: 0.211582
2025-12-08 15:45:06 INFO     Training average regularization at step 26500: 0.006329
2025-12-08 15:45:06 INFO     Training average loss at step 26500: 2.569023
2025-12-08 15:46:07 INFO     Training average positive_fact_loss at step 26600: 0.299206
2025-12-08 15:46:07 INFO     Training average negative_fact_loss at step 26600: 0.276550
2025-12-08 15:46:07 INFO     Training average positive_rule_loss at step 26600: 1.997968
2025-12-08 15:46:07 INFO     Training average negative_rule_loss at step 26600: 2.436024
2025-12-08 15:46:07 INFO     Training average L_uncertainty at step 26600: 57.633985
2025-12-08 15:46:07 INFO     Training average L_kl at step 26600: 57101.394453
2025-12-08 15:46:07 INFO     Training average L_sigma at step 26600: 532.588216
2025-12-08 15:46:07 INFO     Training average mu_mean at step 26600: -2.481570
2025-12-08 15:46:07 INFO     Training average sigma_mean at step 26600: 0.211541
2025-12-08 15:46:07 INFO     Training average regularization at step 26600: 0.006331
2025-12-08 15:46:07 INFO     Training average loss at step 26600: 2.568839
2025-12-08 15:46:54 INFO     Training average positive_fact_loss at step 26700: 0.298719
2025-12-08 15:46:54 INFO     Training average negative_fact_loss at step 26700: 0.276756
2025-12-08 15:46:54 INFO     Training average positive_rule_loss at step 26700: 2.003351
2025-12-08 15:46:54 INFO     Training average negative_rule_loss at step 26700: 2.429250
2025-12-08 15:46:54 INFO     Training average L_uncertainty at step 26700: 57.781019
2025-12-08 15:46:54 INFO     Training average L_kl at step 26700: 57254.461602
2025-12-08 15:46:54 INFO     Training average L_sigma at step 26700: 526.554751
2025-12-08 15:46:54 INFO     Training average mu_mean at step 26700: -2.485214
2025-12-08 15:46:54 INFO     Training average sigma_mean at step 26700: 0.211399
2025-12-08 15:46:54 INFO     Training average regularization at step 26700: 0.006329
2025-12-08 15:46:54 INFO     Training average loss at step 26700: 2.568147
2025-12-08 15:47:55 INFO     Training average positive_fact_loss at step 26800: 0.298896
2025-12-08 15:47:55 INFO     Training average negative_fact_loss at step 26800: 0.276535
2025-12-08 15:47:55 INFO     Training average positive_rule_loss at step 26800: 2.000905
2025-12-08 15:47:55 INFO     Training average negative_rule_loss at step 26800: 2.434915
2025-12-08 15:47:55 INFO     Training average L_uncertainty at step 26800: 57.731060
2025-12-08 15:47:55 INFO     Training average L_kl at step 26800: 57193.854336
2025-12-08 15:47:55 INFO     Training average L_sigma at step 26800: 537.202993
2025-12-08 15:47:55 INFO     Training average mu_mean at step 26800: -2.484601
2025-12-08 15:47:55 INFO     Training average sigma_mean at step 26800: 0.211645
2025-12-08 15:47:55 INFO     Training average regularization at step 26800: 0.006331
2025-12-08 15:47:55 INFO     Training average loss at step 26800: 2.569687
2025-12-08 15:48:52 INFO     Training average positive_fact_loss at step 26900: 0.298755
2025-12-08 15:48:52 INFO     Training average negative_fact_loss at step 26900: 0.276872
2025-12-08 15:48:52 INFO     Training average positive_rule_loss at step 26900: 1.999157
2025-12-08 15:48:52 INFO     Training average negative_rule_loss at step 26900: 2.434683
2025-12-08 15:48:52 INFO     Training average L_uncertainty at step 26900: 57.633807
2025-12-08 15:48:52 INFO     Training average L_kl at step 26900: 57102.653164
2025-12-08 15:48:52 INFO     Training average L_sigma at step 26900: 531.151265
2025-12-08 15:48:52 INFO     Training average mu_mean at step 26900: -2.480200
2025-12-08 15:48:52 INFO     Training average sigma_mean at step 26900: 0.211522
2025-12-08 15:48:52 INFO     Training average regularization at step 26900: 0.006331
2025-12-08 15:48:52 INFO     Training average loss at step 26900: 2.568699
2025-12-08 15:49:53 INFO     Training average positive_fact_loss at step 27000: 0.298964
2025-12-08 15:49:53 INFO     Training average negative_fact_loss at step 27000: 0.276465
2025-12-08 15:49:53 INFO     Training average positive_rule_loss at step 27000: 1.998927
2025-12-08 15:49:53 INFO     Training average negative_rule_loss at step 27000: 2.442179
2025-12-08 15:49:53 INFO     Training average L_uncertainty at step 27000: 57.569759
2025-12-08 15:49:53 INFO     Training average L_kl at step 27000: 57036.645898
2025-12-08 15:49:53 INFO     Training average L_sigma at step 27000: 533.110258
2025-12-08 15:49:53 INFO     Training average mu_mean at step 27000: -2.475538
2025-12-08 15:49:53 INFO     Training average sigma_mean at step 27000: 0.211571
2025-12-08 15:49:53 INFO     Training average regularization at step 27000: 0.006331
2025-12-08 15:49:53 INFO     Training average loss at step 27000: 2.572168
2025-12-08 15:49:53 INFO     Evaluating on Valid Dataset...
2025-12-08 15:49:53 INFO     >>>>> RuleE emb: Evaluating on valid
2025-12-08 15:50:03 INFO     Data : 4274
2025-12-08 15:50:03 INFO     Hit1 : 0.542115
2025-12-08 15:50:03 INFO     Hit3 : 0.775152
2025-12-08 15:50:03 INFO     Hit10: 0.942911
2025-12-08 15:50:03 INFO     MR   : 3.378334
2025-12-08 15:50:03 INFO     MRR  : 0.678636
2025-12-08 15:50:59 INFO     Training average positive_fact_loss at step 27100: 0.298800
2025-12-08 15:50:59 INFO     Training average negative_fact_loss at step 27100: 0.276517
2025-12-08 15:50:59 INFO     Training average positive_rule_loss at step 27100: 1.999125
2025-12-08 15:50:59 INFO     Training average negative_rule_loss at step 27100: 2.436300
2025-12-08 15:50:59 INFO     Training average L_uncertainty at step 27100: 57.485667
2025-12-08 15:50:59 INFO     Training average L_kl at step 27100: 56948.201172
2025-12-08 15:50:59 INFO     Training average L_sigma at step 27100: 537.463079
2025-12-08 15:50:59 INFO     Training average mu_mean at step 27100: -2.472748
2025-12-08 15:50:59 INFO     Training average sigma_mean at step 27100: 0.211678
2025-12-08 15:50:59 INFO     Training average regularization at step 27100: 0.006333
2025-12-08 15:50:59 INFO     Training average loss at step 27100: 2.569190
2025-12-08 15:51:59 INFO     Training average positive_fact_loss at step 27200: 0.299002
2025-12-08 15:51:59 INFO     Training average negative_fact_loss at step 27200: 0.276863
2025-12-08 15:51:59 INFO     Training average positive_rule_loss at step 27200: 1.997156
2025-12-08 15:51:59 INFO     Training average negative_rule_loss at step 27200: 2.440374
2025-12-08 15:51:59 INFO     Training average L_uncertainty at step 27200: 57.540593
2025-12-08 15:51:59 INFO     Training average L_kl at step 27200: 57007.564102
2025-12-08 15:51:59 INFO     Training average L_sigma at step 27200: 533.026527
2025-12-08 15:51:59 INFO     Training average mu_mean at step 27200: -2.473071
2025-12-08 15:51:59 INFO     Training average sigma_mean at step 27200: 0.211564
2025-12-08 15:51:59 INFO     Training average regularization at step 27200: 0.006333
2025-12-08 15:51:59 INFO     Training average loss at step 27200: 2.570572
2025-12-08 15:52:51 INFO     Training average positive_fact_loss at step 27300: 0.298735
2025-12-08 15:52:51 INFO     Training average negative_fact_loss at step 27300: 0.276577
2025-12-08 15:52:51 INFO     Training average positive_rule_loss at step 27300: 1.998616
2025-12-08 15:52:51 INFO     Training average negative_rule_loss at step 27300: 2.436005
2025-12-08 15:52:51 INFO     Training average L_uncertainty at step 27300: 57.735275
2025-12-08 15:52:51 INFO     Training average L_kl at step 27300: 57206.240156
2025-12-08 15:52:51 INFO     Training average L_sigma at step 27300: 529.031864
2025-12-08 15:52:51 INFO     Training average mu_mean at step 27300: -2.478654
2025-12-08 15:52:51 INFO     Training average sigma_mean at step 27300: 0.211477
2025-12-08 15:52:51 INFO     Training average regularization at step 27300: 0.006333
2025-12-08 15:52:51 INFO     Training average loss at step 27300: 2.569034
2025-12-08 15:53:47 INFO     Training average positive_fact_loss at step 27400: 0.298704
2025-12-08 15:53:47 INFO     Training average negative_fact_loss at step 27400: 0.276671
2025-12-08 15:53:47 INFO     Training average positive_rule_loss at step 27400: 2.000003
2025-12-08 15:53:47 INFO     Training average negative_rule_loss at step 27400: 2.434417
2025-12-08 15:53:47 INFO     Training average L_uncertainty at step 27400: 57.590654
2025-12-08 15:53:47 INFO     Training average L_kl at step 27400: 57058.516133
2025-12-08 15:53:47 INFO     Training average L_sigma at step 27400: 532.135541
2025-12-08 15:53:47 INFO     Training average mu_mean at step 27400: -2.473260
2025-12-08 15:53:47 INFO     Training average sigma_mean at step 27400: 0.211554
2025-12-08 15:53:47 INFO     Training average regularization at step 27400: 0.006337
2025-12-08 15:53:47 INFO     Training average loss at step 27400: 2.568826
2025-12-08 15:54:43 INFO     Training average positive_fact_loss at step 27500: 0.299343
2025-12-08 15:54:43 INFO     Training average negative_fact_loss at step 27500: 0.276492
2025-12-08 15:54:43 INFO     Training average positive_rule_loss at step 27500: 1.998456
2025-12-08 15:54:43 INFO     Training average negative_rule_loss at step 27500: 2.435278
2025-12-08 15:54:43 INFO     Training average L_uncertainty at step 27500: 57.728571
2025-12-08 15:54:43 INFO     Training average L_kl at step 27500: 57195.734141
2025-12-08 15:54:43 INFO     Training average L_sigma at step 27500: 532.833682
2025-12-08 15:54:43 INFO     Training average mu_mean at step 27500: -2.479062
2025-12-08 15:54:43 INFO     Training average sigma_mean at step 27500: 0.211571
2025-12-08 15:54:43 INFO     Training average regularization at step 27500: 0.006337
2025-12-08 15:54:43 INFO     Training average loss at step 27500: 2.568850
2025-12-08 15:55:44 INFO     Training average positive_fact_loss at step 27600: 0.298331
2025-12-08 15:55:44 INFO     Training average negative_fact_loss at step 27600: 0.276769
2025-12-08 15:55:44 INFO     Training average positive_rule_loss at step 27600: 1.998058
2025-12-08 15:55:44 INFO     Training average negative_rule_loss at step 27600: 2.433705
2025-12-08 15:55:44 INFO     Training average L_uncertainty at step 27600: 57.702462
2025-12-08 15:55:44 INFO     Training average L_kl at step 27600: 57167.231797
2025-12-08 15:55:44 INFO     Training average L_sigma at step 27600: 535.227061
2025-12-08 15:55:44 INFO     Training average mu_mean at step 27600: -2.476092
2025-12-08 15:55:44 INFO     Training average sigma_mean at step 27600: 0.211629
2025-12-08 15:55:44 INFO     Training average regularization at step 27600: 0.006337
2025-12-08 15:55:44 INFO     Training average loss at step 27600: 2.567471
2025-12-08 15:56:39 INFO     Training average positive_fact_loss at step 27700: 0.298937
2025-12-08 15:56:39 INFO     Training average negative_fact_loss at step 27700: 0.276503
2025-12-08 15:56:39 INFO     Training average positive_rule_loss at step 27700: 2.001333
2025-12-08 15:56:39 INFO     Training average negative_rule_loss at step 27700: 2.431481
2025-12-08 15:56:39 INFO     Training average L_uncertainty at step 27700: 57.715121
2025-12-08 15:56:39 INFO     Training average L_kl at step 27700: 57184.044805
2025-12-08 15:56:39 INFO     Training average L_sigma at step 27700: 531.073345
2025-12-08 15:56:39 INFO     Training average mu_mean at step 27700: -2.476826
2025-12-08 15:56:39 INFO     Training average sigma_mean at step 27700: 0.211529
2025-12-08 15:56:39 INFO     Training average regularization at step 27700: 0.006337
2025-12-08 15:56:39 INFO     Training average loss at step 27700: 2.568179
2025-12-08 15:57:40 INFO     Training average positive_fact_loss at step 27800: 0.299490
2025-12-08 15:57:40 INFO     Training average negative_fact_loss at step 27800: 0.276619
2025-12-08 15:57:40 INFO     Training average positive_rule_loss at step 27800: 2.001281
2025-12-08 15:57:40 INFO     Training average negative_rule_loss at step 27800: 2.431852
2025-12-08 15:57:40 INFO     Training average L_uncertainty at step 27800: 57.735094
2025-12-08 15:57:40 INFO     Training average L_kl at step 27800: 57204.709570
2025-12-08 15:57:40 INFO     Training average L_sigma at step 27800: 530.381400
2025-12-08 15:57:40 INFO     Training average mu_mean at step 27800: -2.480343
2025-12-08 15:57:40 INFO     Training average sigma_mean at step 27800: 0.211497
2025-12-08 15:57:40 INFO     Training average regularization at step 27800: 0.006336
2025-12-08 15:57:40 INFO     Training average loss at step 27800: 2.568692
2025-12-08 15:58:36 INFO     Training average positive_fact_loss at step 27900: 0.298163
2025-12-08 15:58:36 INFO     Training average negative_fact_loss at step 27900: 0.276658
2025-12-08 15:58:36 INFO     Training average positive_rule_loss at step 27900: 1.998297
2025-12-08 15:58:36 INFO     Training average negative_rule_loss at step 27900: 2.436877
2025-12-08 15:58:36 INFO     Training average L_uncertainty at step 27900: 57.674667
2025-12-08 15:58:36 INFO     Training average L_kl at step 27900: 57142.540742
2025-12-08 15:58:36 INFO     Training average L_sigma at step 27900: 532.123266
2025-12-08 15:58:36 INFO     Training average mu_mean at step 27900: -2.476821
2025-12-08 15:58:36 INFO     Training average sigma_mean at step 27900: 0.211556
2025-12-08 15:58:36 INFO     Training average regularization at step 27900: 0.006338
2025-12-08 15:58:36 INFO     Training average loss at step 27900: 2.569010
2025-12-08 15:59:27 INFO     Training average positive_fact_loss at step 28000: 0.298986
2025-12-08 15:59:27 INFO     Training average negative_fact_loss at step 28000: 0.276460
2025-12-08 15:59:27 INFO     Training average positive_rule_loss at step 28000: 1.998899
2025-12-08 15:59:27 INFO     Training average negative_rule_loss at step 28000: 2.432372
2025-12-08 15:59:27 INFO     Training average L_uncertainty at step 28000: 57.697910
2025-12-08 15:59:27 INFO     Training average L_kl at step 28000: 57170.855586
2025-12-08 15:59:27 INFO     Training average L_sigma at step 28000: 527.051851
2025-12-08 15:59:27 INFO     Training average mu_mean at step 28000: -2.476097
2025-12-08 15:59:27 INFO     Training average sigma_mean at step 28000: 0.211447
2025-12-08 15:59:27 INFO     Training average regularization at step 28000: 0.006340
2025-12-08 15:59:27 INFO     Training average loss at step 28000: 2.567396
2025-12-08 15:59:27 INFO     Evaluating on Valid Dataset...
2025-12-08 15:59:27 INFO     >>>>> RuleE emb: Evaluating on valid
2025-12-08 15:59:38 INFO     Data : 4274
2025-12-08 15:59:38 INFO     Hit1 : 0.545859
2025-12-08 15:59:38 INFO     Hit3 : 0.778896
2025-12-08 15:59:38 INFO     Hit10: 0.943145
2025-12-08 15:59:38 INFO     MR   : 3.357043
2025-12-08 15:59:38 INFO     MRR  : 0.681125
2025-12-08 16:00:34 INFO     Training average positive_fact_loss at step 28100: 0.299403
2025-12-08 16:00:34 INFO     Training average negative_fact_loss at step 28100: 0.276708
2025-12-08 16:00:34 INFO     Training average positive_rule_loss at step 28100: 1.998516
2025-12-08 16:00:34 INFO     Training average negative_rule_loss at step 28100: 2.435189
2025-12-08 16:00:34 INFO     Training average L_uncertainty at step 28100: 57.681734
2025-12-08 16:00:34 INFO     Training average L_kl at step 28100: 57148.736758
2025-12-08 16:00:34 INFO     Training average L_sigma at step 28100: 532.994598
2025-12-08 16:00:34 INFO     Training average mu_mean at step 28100: -2.475389
2025-12-08 16:00:34 INFO     Training average sigma_mean at step 28100: 0.211588
2025-12-08 16:00:34 INFO     Training average regularization at step 28100: 0.006340
2025-12-08 16:00:34 INFO     Training average loss at step 28100: 2.568930
2025-12-08 16:01:34 INFO     Training average positive_fact_loss at step 28200: 0.298579
2025-12-08 16:01:34 INFO     Training average negative_fact_loss at step 28200: 0.276606
2025-12-08 16:01:34 INFO     Training average positive_rule_loss at step 28200: 1.999939
2025-12-08 16:01:34 INFO     Training average negative_rule_loss at step 28200: 2.431976
2025-12-08 16:01:34 INFO     Training average L_uncertainty at step 28200: 57.713272
2025-12-08 16:01:34 INFO     Training average L_kl at step 28200: 57181.190117
2025-12-08 16:01:34 INFO     Training average L_sigma at step 28200: 532.078508
2025-12-08 16:01:34 INFO     Training average mu_mean at step 28200: -2.475915
2025-12-08 16:01:34 INFO     Training average sigma_mean at step 28200: 0.211558
2025-12-08 16:01:34 INFO     Training average regularization at step 28200: 0.006339
2025-12-08 16:01:34 INFO     Training average loss at step 28200: 2.567602
2025-12-08 16:02:30 INFO     Training average positive_fact_loss at step 28300: 0.299348
2025-12-08 16:02:30 INFO     Training average negative_fact_loss at step 28300: 0.276515
2025-12-08 16:02:30 INFO     Training average positive_rule_loss at step 28300: 1.998050
2025-12-08 16:02:30 INFO     Training average negative_rule_loss at step 28300: 2.433682
2025-12-08 16:02:30 INFO     Training average L_uncertainty at step 28300: 57.644537
2025-12-08 16:02:30 INFO     Training average L_kl at step 28300: 57112.854922
2025-12-08 16:02:30 INFO     Training average L_sigma at step 28300: 531.678983
2025-12-08 16:02:30 INFO     Training average mu_mean at step 28300: -2.474083
2025-12-08 16:02:30 INFO     Training average sigma_mean at step 28300: 0.211567
2025-12-08 16:02:30 INFO     Training average regularization at step 28300: 0.006340
2025-12-08 16:02:30 INFO     Training average loss at step 28300: 2.567782
2025-12-08 16:03:31 INFO     Training average positive_fact_loss at step 28400: 0.297942
2025-12-08 16:03:31 INFO     Training average negative_fact_loss at step 28400: 0.276812
2025-12-08 16:03:31 INFO     Training average positive_rule_loss at step 28400: 1.998755
2025-12-08 16:03:31 INFO     Training average negative_rule_loss at step 28400: 2.436742
2025-12-08 16:03:31 INFO     Training average L_uncertainty at step 28400: 57.687253
2025-12-08 16:03:31 INFO     Training average L_kl at step 28400: 57158.020273
2025-12-08 16:03:31 INFO     Training average L_sigma at step 28400: 529.229689
2025-12-08 16:03:31 INFO     Training average mu_mean at step 28400: -2.474307
2025-12-08 16:03:31 INFO     Training average sigma_mean at step 28400: 0.211521
2025-12-08 16:03:31 INFO     Training average regularization at step 28400: 0.006339
2025-12-08 16:03:31 INFO     Training average loss at step 28400: 2.569152
2025-12-08 16:04:27 INFO     Training average positive_fact_loss at step 28500: 0.299851
2025-12-08 16:04:27 INFO     Training average negative_fact_loss at step 28500: 0.276708
2025-12-08 16:04:27 INFO     Training average positive_rule_loss at step 28500: 2.003331
2025-12-08 16:04:27 INFO     Training average negative_rule_loss at step 28500: 2.426561
2025-12-08 16:04:27 INFO     Training average L_uncertainty at step 28500: 57.742578
2025-12-08 16:04:27 INFO     Training average L_kl at step 28500: 57206.625039
2025-12-08 16:04:27 INFO     Training average L_sigma at step 28500: 535.950227
2025-12-08 16:04:27 INFO     Training average mu_mean at step 28500: -2.479442
2025-12-08 16:04:27 INFO     Training average sigma_mean at step 28500: 0.211675
2025-12-08 16:04:27 INFO     Training average regularization at step 28500: 0.006338
2025-12-08 16:04:27 INFO     Training average loss at step 28500: 2.567306
2025-12-08 16:05:23 INFO     Training average positive_fact_loss at step 28600: 0.298388
2025-12-08 16:05:23 INFO     Training average negative_fact_loss at step 28600: 0.276717
2025-12-08 16:05:23 INFO     Training average positive_rule_loss at step 28600: 2.000005
2025-12-08 16:05:23 INFO     Training average negative_rule_loss at step 28600: 2.427090
2025-12-08 16:05:23 INFO     Training average L_uncertainty at step 28600: 57.760507
2025-12-08 16:05:23 INFO     Training average L_kl at step 28600: 57229.424844
2025-12-08 16:05:23 INFO     Training average L_sigma at step 28600: 531.079654
2025-12-08 16:05:23 INFO     Training average mu_mean at step 28600: -2.478599
2025-12-08 16:05:23 INFO     Training average sigma_mean at step 28600: 0.211561
2025-12-08 16:05:23 INFO     Training average regularization at step 28600: 0.006341
2025-12-08 16:05:23 INFO     Training average loss at step 28600: 2.565202
2025-12-08 16:06:14 INFO     Training average positive_fact_loss at step 28700: 0.298944
2025-12-08 16:06:14 INFO     Training average negative_fact_loss at step 28700: 0.276393
2025-12-08 16:06:14 INFO     Training average positive_rule_loss at step 28700: 2.000696
2025-12-08 16:06:14 INFO     Training average negative_rule_loss at step 28700: 2.427963
2025-12-08 16:06:14 INFO     Training average L_uncertainty at step 28700: 57.804208
2025-12-08 16:06:14 INFO     Training average L_kl at step 28700: 57276.392070
2025-12-08 16:06:14 INFO     Training average L_sigma at step 28700: 527.813730
2025-12-08 16:06:14 INFO     Training average mu_mean at step 28700: -2.479067
2025-12-08 16:06:14 INFO     Training average sigma_mean at step 28700: 0.211489
2025-12-08 16:06:14 INFO     Training average regularization at step 28700: 0.006342
2025-12-08 16:06:14 INFO     Training average loss at step 28700: 2.566144
2025-12-08 16:07:15 INFO     Training average positive_fact_loss at step 28800: 0.298944
2025-12-08 16:07:15 INFO     Training average negative_fact_loss at step 28800: 0.276649
2025-12-08 16:07:15 INFO     Training average positive_rule_loss at step 28800: 1.997453
2025-12-08 16:07:15 INFO     Training average negative_rule_loss at step 28800: 2.432014
2025-12-08 16:07:15 INFO     Training average L_uncertainty at step 28800: 57.727450
2025-12-08 16:07:15 INFO     Training average L_kl at step 28800: 57192.343398
2025-12-08 16:07:15 INFO     Training average L_sigma at step 28800: 535.103201
2025-12-08 16:07:15 INFO     Training average mu_mean at step 28800: -2.475215
2025-12-08 16:07:15 INFO     Training average sigma_mean at step 28800: 0.211671
2025-12-08 16:07:15 INFO     Training average regularization at step 28800: 0.006342
2025-12-08 16:07:15 INFO     Training average loss at step 28800: 2.566599
2025-12-08 16:08:11 INFO     Training average positive_fact_loss at step 28900: 0.299264
2025-12-08 16:08:11 INFO     Training average negative_fact_loss at step 28900: 0.276605
2025-12-08 16:08:11 INFO     Training average positive_rule_loss at step 28900: 1.998901
2025-12-08 16:08:11 INFO     Training average negative_rule_loss at step 28900: 2.430350
2025-12-08 16:08:11 INFO     Training average L_uncertainty at step 28900: 57.846322
2025-12-08 16:08:11 INFO     Training average L_kl at step 28900: 57316.598711
2025-12-08 16:08:11 INFO     Training average L_sigma at step 28900: 529.720109
2025-12-08 16:08:11 INFO     Training average mu_mean at step 28900: -2.478052
2025-12-08 16:08:11 INFO     Training average sigma_mean at step 28900: 0.211545
2025-12-08 16:08:11 INFO     Training average regularization at step 28900: 0.006341
2025-12-08 16:08:11 INFO     Training average loss at step 28900: 2.566747
2025-12-08 16:09:11 INFO     Training average positive_fact_loss at step 29000: 0.298779
2025-12-08 16:09:11 INFO     Training average negative_fact_loss at step 29000: 0.276825
2025-12-08 16:09:11 INFO     Training average positive_rule_loss at step 29000: 2.003610
2025-12-08 16:09:11 INFO     Training average negative_rule_loss at step 29000: 2.427426
2025-12-08 16:09:11 INFO     Training average L_uncertainty at step 29000: 57.761533
2025-12-08 16:09:11 INFO     Training average L_kl at step 29000: 57234.501797
2025-12-08 16:09:11 INFO     Training average L_sigma at step 29000: 527.028272
2025-12-08 16:09:11 INFO     Training average mu_mean at step 29000: -2.475495
2025-12-08 16:09:11 INFO     Training average sigma_mean at step 29000: 0.211489
2025-12-08 16:09:11 INFO     Training average regularization at step 29000: 0.006340
2025-12-08 16:09:11 INFO     Training average loss at step 29000: 2.567421
2025-12-08 16:09:11 INFO     Evaluating on Valid Dataset...
2025-12-08 16:09:11 INFO     >>>>> RuleE emb: Evaluating on valid
2025-12-08 16:09:22 INFO     Data : 4274
2025-12-08 16:09:22 INFO     Hit1 : 0.544923
2025-12-08 16:09:22 INFO     Hit3 : 0.776790
2025-12-08 16:09:22 INFO     Hit10: 0.942677
2025-12-08 16:09:22 INFO     MR   : 3.358446
2025-12-08 16:09:22 INFO     MRR  : 0.680847
2025-12-08 16:10:18 INFO     Training average positive_fact_loss at step 29100: 0.299044
2025-12-08 16:10:18 INFO     Training average negative_fact_loss at step 29100: 0.276609
2025-12-08 16:10:18 INFO     Training average positive_rule_loss at step 29100: 1.999895
2025-12-08 16:10:18 INFO     Training average negative_rule_loss at step 29100: 2.429102
2025-12-08 16:10:18 INFO     Training average L_uncertainty at step 29100: 57.790132
2025-12-08 16:10:18 INFO     Training average L_kl at step 29100: 57256.501953
2025-12-08 16:10:18 INFO     Training average L_sigma at step 29100: 533.627757
2025-12-08 16:10:18 INFO     Training average mu_mean at step 29100: -2.477936
2025-12-08 16:10:18 INFO     Training average sigma_mean at step 29100: 0.211629
2025-12-08 16:10:18 INFO     Training average regularization at step 29100: 0.006340
2025-12-08 16:10:18 INFO     Training average loss at step 29100: 2.566455
2025-12-08 16:11:18 INFO     Training average positive_fact_loss at step 29200: 0.298720
2025-12-08 16:11:18 INFO     Training average negative_fact_loss at step 29200: 0.276723
2025-12-08 16:11:18 INFO     Training average positive_rule_loss at step 29200: 1.997952
2025-12-08 16:11:18 INFO     Training average negative_rule_loss at step 29200: 2.437989
2025-12-08 16:11:18 INFO     Training average L_uncertainty at step 29200: 57.560182
2025-12-08 16:11:18 INFO     Training average L_kl at step 29200: 57027.171406
2025-12-08 16:11:18 INFO     Training average L_sigma at step 29200: 533.008063
2025-12-08 16:11:18 INFO     Training average mu_mean at step 29200: -2.468695
2025-12-08 16:11:18 INFO     Training average sigma_mean at step 29200: 0.211610
2025-12-08 16:11:18 INFO     Training average regularization at step 29200: 0.006343
2025-12-08 16:11:18 INFO     Training average loss at step 29200: 2.569596
2025-12-08 16:12:05 INFO     Training average positive_fact_loss at step 29300: 0.299057
2025-12-08 16:12:05 INFO     Training average negative_fact_loss at step 29300: 0.276414
2025-12-08 16:12:05 INFO     Training average positive_rule_loss at step 29300: 1.996387
2025-12-08 16:12:05 INFO     Training average negative_rule_loss at step 29300: 2.434575
2025-12-08 16:12:05 INFO     Training average L_uncertainty at step 29300: 57.634747
2025-12-08 16:12:05 INFO     Training average L_kl at step 29300: 57103.371797
2025-12-08 16:12:05 INFO     Training average L_sigma at step 29300: 531.372690
2025-12-08 16:12:05 INFO     Training average mu_mean at step 29300: -2.469445
2025-12-08 16:12:05 INFO     Training average sigma_mean at step 29300: 0.211578
2025-12-08 16:12:05 INFO     Training average regularization at step 29300: 0.006342
2025-12-08 16:12:05 INFO     Training average loss at step 29300: 2.567193
2025-12-08 16:13:05 INFO     Training average positive_fact_loss at step 29400: 0.298217
2025-12-08 16:13:05 INFO     Training average negative_fact_loss at step 29400: 0.276661
2025-12-08 16:13:05 INFO     Training average positive_rule_loss at step 29400: 1.998202
2025-12-08 16:13:05 INFO     Training average negative_rule_loss at step 29400: 2.434048
2025-12-08 16:13:05 INFO     Training average L_uncertainty at step 29400: 57.667589
2025-12-08 16:13:05 INFO     Training average L_kl at step 29400: 57134.733125
2025-12-08 16:13:05 INFO     Training average L_sigma at step 29400: 532.853028
2025-12-08 16:13:05 INFO     Training average mu_mean at step 29400: -2.468318
2025-12-08 16:13:05 INFO     Training average sigma_mean at step 29400: 0.211627
2025-12-08 16:13:05 INFO     Training average regularization at step 29400: 0.006344
2025-12-08 16:13:05 INFO     Training average loss at step 29400: 2.567576
2025-12-08 16:14:01 INFO     Training average positive_fact_loss at step 29500: 0.298783
2025-12-08 16:14:01 INFO     Training average negative_fact_loss at step 29500: 0.276363
2025-12-08 16:14:01 INFO     Training average positive_rule_loss at step 29500: 1.995578
2025-12-08 16:14:01 INFO     Training average negative_rule_loss at step 29500: 2.435173
2025-12-08 16:14:01 INFO     Training average L_uncertainty at step 29500: 57.651512
2025-12-08 16:14:01 INFO     Training average L_kl at step 29500: 57121.093516
2025-12-08 16:14:01 INFO     Training average L_sigma at step 29500: 530.416021
2025-12-08 16:14:01 INFO     Training average mu_mean at step 29500: -2.467511
2025-12-08 16:14:01 INFO     Training average sigma_mean at step 29500: 0.211576
2025-12-08 16:14:01 INFO     Training average regularization at step 29500: 0.006345
2025-12-08 16:14:01 INFO     Training average loss at step 29500: 2.566944
2025-12-08 16:15:02 INFO     Training average positive_fact_loss at step 29600: 0.298815
2025-12-08 16:15:02 INFO     Training average negative_fact_loss at step 29600: 0.276499
2025-12-08 16:15:02 INFO     Training average positive_rule_loss at step 29600: 2.000272
2025-12-08 16:15:02 INFO     Training average negative_rule_loss at step 29600: 2.428606
2025-12-08 16:15:02 INFO     Training average L_uncertainty at step 29600: 57.774032
2025-12-08 16:15:02 INFO     Training average L_kl at step 29600: 57248.681875
2025-12-08 16:15:02 INFO     Training average L_sigma at step 29600: 525.346989
2025-12-08 16:15:02 INFO     Training average mu_mean at step 29600: -2.471099
2025-12-08 16:15:02 INFO     Training average sigma_mean at step 29600: 0.211455
2025-12-08 16:15:02 INFO     Training average regularization at step 29600: 0.006345
2025-12-08 16:15:02 INFO     Training average loss at step 29600: 2.566215
2025-12-08 16:15:57 INFO     Training average positive_fact_loss at step 29700: 0.298678
2025-12-08 16:15:57 INFO     Training average negative_fact_loss at step 29700: 0.276656
2025-12-08 16:15:57 INFO     Training average positive_rule_loss at step 29700: 1.998226
2025-12-08 16:15:57 INFO     Training average negative_rule_loss at step 29700: 2.430061
2025-12-08 16:15:57 INFO     Training average L_uncertainty at step 29700: 57.839424
2025-12-08 16:15:57 INFO     Training average L_kl at step 29700: 57307.926445
2025-12-08 16:15:57 INFO     Training average L_sigma at step 29700: 531.494674
2025-12-08 16:15:57 INFO     Training average mu_mean at step 29700: -2.474250
2025-12-08 16:15:57 INFO     Training average sigma_mean at step 29700: 0.211604
2025-12-08 16:15:57 INFO     Training average regularization at step 29700: 0.006344
2025-12-08 16:15:57 INFO     Training average loss at step 29700: 2.565994
2025-12-08 16:16:57 INFO     Training average positive_fact_loss at step 29800: 0.299726
2025-12-08 16:16:57 INFO     Training average negative_fact_loss at step 29800: 0.276588
2025-12-08 16:16:57 INFO     Training average positive_rule_loss at step 29800: 1.997262
2025-12-08 16:16:57 INFO     Training average negative_rule_loss at step 29800: 2.432598
2025-12-08 16:16:57 INFO     Training average L_uncertainty at step 29800: 57.675378
2025-12-08 16:16:57 INFO     Training average L_kl at step 29800: 57146.038398
2025-12-08 16:16:57 INFO     Training average L_sigma at step 29800: 529.336923
2025-12-08 16:16:57 INFO     Training average mu_mean at step 29800: -2.468323
2025-12-08 16:16:57 INFO     Training average sigma_mean at step 29800: 0.211546
2025-12-08 16:16:57 INFO     Training average regularization at step 29800: 0.006347
2025-12-08 16:16:57 INFO     Training average loss at step 29800: 2.567109
2025-12-08 16:17:51 INFO     Training average positive_fact_loss at step 29900: 0.298434
2025-12-08 16:17:51 INFO     Training average negative_fact_loss at step 29900: 0.276859
2025-12-08 16:17:51 INFO     Training average positive_rule_loss at step 29900: 1.998819
2025-12-08 16:17:51 INFO     Training average negative_rule_loss at step 29900: 2.430375
2025-12-08 16:17:51 INFO     Training average L_uncertainty at step 29900: 57.805302
2025-12-08 16:17:51 INFO     Training average L_kl at step 29900: 57277.280977
2025-12-08 16:17:51 INFO     Training average L_sigma at step 29900: 528.018232
2025-12-08 16:17:51 INFO     Training average mu_mean at step 29900: -2.472976
2025-12-08 16:17:51 INFO     Training average sigma_mean at step 29900: 0.211527
2025-12-08 16:17:51 INFO     Training average regularization at step 29900: 0.006346
2025-12-08 16:17:51 INFO     Training average loss at step 29900: 2.566396
2025-12-08 16:18:48 INFO     Training average positive_fact_loss at step 30000: 0.299298
2025-12-08 16:18:48 INFO     Training average negative_fact_loss at step 30000: 0.276561
2025-12-08 16:18:48 INFO     Training average positive_rule_loss at step 30000: 1.999309
2025-12-08 16:18:48 INFO     Training average negative_rule_loss at step 30000: 2.426211
2025-12-08 16:18:48 INFO     Training average L_uncertainty at step 30000: 57.833195
2025-12-08 16:18:48 INFO     Training average L_kl at step 30000: 57306.101992
2025-12-08 16:18:48 INFO     Training average L_sigma at step 30000: 527.090820
2025-12-08 16:18:48 INFO     Training average mu_mean at step 30000: -2.473753
2025-12-08 16:18:48 INFO     Training average sigma_mean at step 30000: 0.211511
2025-12-08 16:18:48 INFO     Training average regularization at step 30000: 0.006347
2025-12-08 16:18:48 INFO     Training average loss at step 30000: 2.564870
2025-12-08 16:18:48 INFO     Evaluating on Valid Dataset...
2025-12-08 16:18:48 INFO     >>>>> RuleE emb: Evaluating on valid
2025-12-08 16:18:58 INFO     Data : 4274
2025-12-08 16:18:58 INFO     Hit1 : 0.543519
2025-12-08 16:18:58 INFO     Hit3 : 0.778428
2025-12-08 16:18:58 INFO     Hit10: 0.942911
2025-12-08 16:18:58 INFO     MR   : 3.360318
2025-12-08 16:18:58 INFO     MRR  : 0.680099
2025-12-08 16:19:54 INFO     Training average positive_fact_loss at step 30100: 0.298653
2025-12-08 16:19:54 INFO     Training average negative_fact_loss at step 30100: 0.276722
2025-12-08 16:19:54 INFO     Training average positive_rule_loss at step 30100: 2.000347
2025-12-08 16:19:54 INFO     Training average negative_rule_loss at step 30100: 2.427851
2025-12-08 16:19:54 INFO     Training average L_uncertainty at step 30100: 57.817884
2025-12-08 16:19:54 INFO     Training average L_kl at step 30100: 57285.677227
2025-12-08 16:19:54 INFO     Training average L_sigma at step 30100: 532.204407
2025-12-08 16:19:54 INFO     Training average mu_mean at step 30100: -2.473653
2025-12-08 16:19:54 INFO     Training average sigma_mean at step 30100: 0.211621
2025-12-08 16:19:54 INFO     Training average regularization at step 30100: 0.006346
2025-12-08 16:19:54 INFO     Training average loss at step 30100: 2.565950
2025-12-08 16:20:55 INFO     Training average positive_fact_loss at step 30200: 0.299366
2025-12-08 16:20:55 INFO     Training average negative_fact_loss at step 30200: 0.276590
2025-12-08 16:20:55 INFO     Training average positive_rule_loss at step 30200: 1.999305
2025-12-08 16:20:55 INFO     Training average negative_rule_loss at step 30200: 2.427392
2025-12-08 16:20:55 INFO     Training average L_uncertainty at step 30200: 57.742647
2025-12-08 16:20:55 INFO     Training average L_kl at step 30200: 57213.464063
2025-12-08 16:20:55 INFO     Training average L_sigma at step 30200: 529.180151
2025-12-08 16:20:55 INFO     Training average mu_mean at step 30200: -2.472640
2025-12-08 16:20:55 INFO     Training average sigma_mean at step 30200: 0.211550
2025-12-08 16:20:55 INFO     Training average regularization at step 30200: 0.006345
2025-12-08 16:20:55 INFO     Training average loss at step 30200: 2.565415
2025-12-08 16:21:51 INFO     Training average positive_fact_loss at step 30300: 0.298563
2025-12-08 16:21:51 INFO     Training average negative_fact_loss at step 30300: 0.276716
2025-12-08 16:21:51 INFO     Training average positive_rule_loss at step 30300: 1.996442
2025-12-08 16:21:51 INFO     Training average negative_rule_loss at step 30300: 2.435715
2025-12-08 16:21:51 INFO     Training average L_uncertainty at step 30300: 57.642925
2025-12-08 16:21:51 INFO     Training average L_kl at step 30300: 57115.993203
2025-12-08 16:21:51 INFO     Training average L_sigma at step 30300: 526.929089
2025-12-08 16:21:51 INFO     Training average mu_mean at step 30300: -2.466066
2025-12-08 16:21:51 INFO     Training average sigma_mean at step 30300: 0.211494
2025-12-08 16:21:51 INFO     Training average regularization at step 30300: 0.006343
2025-12-08 16:21:51 INFO     Training average loss at step 30300: 2.567704
2025-12-08 16:22:52 INFO     Training average positive_fact_loss at step 30400: 0.299644
2025-12-08 16:22:52 INFO     Training average negative_fact_loss at step 30400: 0.276534
2025-12-08 16:22:52 INFO     Training average positive_rule_loss at step 30400: 1.998730
2025-12-08 16:22:52 INFO     Training average negative_rule_loss at step 30400: 2.426835
2025-12-08 16:22:52 INFO     Training average L_uncertainty at step 30400: 57.843986
2025-12-08 16:22:52 INFO     Training average L_kl at step 30400: 57314.787969
2025-12-08 16:22:52 INFO     Training average L_sigma at step 30400: 529.194849
2025-12-08 16:22:52 INFO     Training average mu_mean at step 30400: -2.473095
2025-12-08 16:22:52 INFO     Training average sigma_mean at step 30400: 0.211559
2025-12-08 16:22:52 INFO     Training average regularization at step 30400: 0.006345
2025-12-08 16:22:52 INFO     Training average loss at step 30400: 2.565060
2025-12-08 16:23:47 INFO     Training average positive_fact_loss at step 30500: 0.298831
2025-12-08 16:23:47 INFO     Training average negative_fact_loss at step 30500: 0.276515
2025-12-08 16:23:47 INFO     Training average positive_rule_loss at step 30500: 1.996441
2025-12-08 16:23:47 INFO     Training average negative_rule_loss at step 30500: 2.430506
2025-12-08 16:23:47 INFO     Training average L_uncertainty at step 30500: 57.806939
2025-12-08 16:23:47 INFO     Training average L_kl at step 30500: 57277.686016
2025-12-08 16:23:47 INFO     Training average L_sigma at step 30500: 529.250469
2025-12-08 16:23:47 INFO     Training average mu_mean at step 30500: -2.469753
2025-12-08 16:23:47 INFO     Training average sigma_mean at step 30500: 0.211556
2025-12-08 16:23:47 INFO     Training average regularization at step 30500: 0.006342
2025-12-08 16:23:47 INFO     Training average loss at step 30500: 2.565295
2025-12-08 16:24:39 INFO     Training average positive_fact_loss at step 30600: 0.298687
2025-12-08 16:24:39 INFO     Training average negative_fact_loss at step 30600: 0.276710
2025-12-08 16:24:39 INFO     Training average positive_rule_loss at step 30600: 1.998869
2025-12-08 16:24:39 INFO     Training average negative_rule_loss at step 30600: 2.431067
2025-12-08 16:24:39 INFO     Training average L_uncertainty at step 30600: 57.689126
2025-12-08 16:24:39 INFO     Training average L_kl at step 30600: 57163.457031
2025-12-08 16:24:39 INFO     Training average L_sigma at step 30600: 525.666371
2025-12-08 16:24:39 INFO     Training average mu_mean at step 30600: -2.465695
2025-12-08 16:24:39 INFO     Training average sigma_mean at step 30600: 0.211484
2025-12-08 16:24:39 INFO     Training average regularization at step 30600: 0.006344
2025-12-08 16:24:39 INFO     Training average loss at step 30600: 2.566699
2025-12-08 16:25:35 INFO     Training average positive_fact_loss at step 30700: 0.298705
2025-12-08 16:25:35 INFO     Training average negative_fact_loss at step 30700: 0.276662
2025-12-08 16:25:35 INFO     Training average positive_rule_loss at step 30700: 1.996481
2025-12-08 16:25:35 INFO     Training average negative_rule_loss at step 30700: 2.430947
2025-12-08 16:25:35 INFO     Training average L_uncertainty at step 30700: 57.818149
2025-12-08 16:25:35 INFO     Training average L_kl at step 30700: 57285.400547
2025-12-08 16:25:35 INFO     Training average L_sigma at step 30700: 532.745661
2025-12-08 16:25:35 INFO     Training average mu_mean at step 30700: -2.469761
2025-12-08 16:25:35 INFO     Training average sigma_mean at step 30700: 0.211654
2025-12-08 16:25:35 INFO     Training average regularization at step 30700: 0.006346
2025-12-08 16:25:35 INFO     Training average loss at step 30700: 2.565561
2025-12-08 16:26:35 INFO     Training average positive_fact_loss at step 30800: 0.298615
2025-12-08 16:26:35 INFO     Training average negative_fact_loss at step 30800: 0.276599
2025-12-08 16:26:35 INFO     Training average positive_rule_loss at step 30800: 1.996280
2025-12-08 16:26:35 INFO     Training average negative_rule_loss at step 30800: 2.429674
2025-12-08 16:26:35 INFO     Training average L_uncertainty at step 30800: 57.652855
2025-12-08 16:26:35 INFO     Training average L_kl at step 30800: 57122.393633
2025-12-08 16:26:35 INFO     Training average L_sigma at step 30800: 530.458416
2025-12-08 16:26:35 INFO     Training average mu_mean at step 30800: -2.461722
2025-12-08 16:26:35 INFO     Training average sigma_mean at step 30800: 0.211606
2025-12-08 16:26:35 INFO     Training average regularization at step 30800: 0.006346
2025-12-08 16:26:35 INFO     Training average loss at step 30800: 2.564583
2025-12-08 16:27:32 INFO     Training average positive_fact_loss at step 30900: 0.298719
2025-12-08 16:27:32 INFO     Training average negative_fact_loss at step 30900: 0.276510
2025-12-08 16:27:32 INFO     Training average positive_rule_loss at step 30900: 1.999518
2025-12-08 16:27:32 INFO     Training average negative_rule_loss at step 30900: 2.428969
2025-12-08 16:27:32 INFO     Training average L_uncertainty at step 30900: 57.888989
2025-12-08 16:27:32 INFO     Training average L_kl at step 30900: 57355.735156
2025-12-08 16:27:32 INFO     Training average L_sigma at step 30900: 533.251321
2025-12-08 16:27:32 INFO     Training average mu_mean at step 30900: -2.471099
2025-12-08 16:27:32 INFO     Training average sigma_mean at step 30900: 0.211669
2025-12-08 16:27:32 INFO     Training average regularization at step 30900: 0.006347
2025-12-08 16:27:32 INFO     Training average loss at step 30900: 2.566094
2025-12-08 16:28:32 INFO     Training average positive_fact_loss at step 31000: 0.299304
2025-12-08 16:28:32 INFO     Training average negative_fact_loss at step 31000: 0.276524
2025-12-08 16:28:32 INFO     Training average positive_rule_loss at step 31000: 1.998348
2025-12-08 16:28:32 INFO     Training average negative_rule_loss at step 31000: 2.425145
2025-12-08 16:28:32 INFO     Training average L_uncertainty at step 31000: 57.787051
2025-12-08 16:28:32 INFO     Training average L_kl at step 31000: 57258.514570
2025-12-08 16:28:32 INFO     Training average L_sigma at step 31000: 528.533667
2025-12-08 16:28:32 INFO     Training average mu_mean at step 31000: -2.468049
2025-12-08 16:28:32 INFO     Training average sigma_mean at step 31000: 0.211567
2025-12-08 16:28:32 INFO     Training average regularization at step 31000: 0.006347
2025-12-08 16:28:32 INFO     Training average loss at step 31000: 2.563795
2025-12-08 16:28:32 INFO     Evaluating on Valid Dataset...
2025-12-08 16:28:32 INFO     >>>>> RuleE emb: Evaluating on valid
2025-12-08 16:28:42 INFO     Data : 4274
2025-12-08 16:28:42 INFO     Hit1 : 0.546327
2025-12-08 16:28:42 INFO     Hit3 : 0.775386
2025-12-08 16:28:42 INFO     Hit10: 0.942911
2025-12-08 16:28:42 INFO     MR   : 3.364062
2025-12-08 16:28:42 INFO     MRR  : 0.681174
2025-12-08 16:29:38 INFO     Training average positive_fact_loss at step 31100: 0.299037
2025-12-08 16:29:38 INFO     Training average negative_fact_loss at step 31100: 0.276800
2025-12-08 16:29:38 INFO     Training average positive_rule_loss at step 31100: 1.997927
2025-12-08 16:29:38 INFO     Training average negative_rule_loss at step 31100: 2.429724
2025-12-08 16:29:38 INFO     Training average L_uncertainty at step 31100: 57.788302
2025-12-08 16:29:38 INFO     Training average L_kl at step 31100: 57260.717656
2025-12-08 16:29:38 INFO     Training average L_sigma at step 31100: 527.581377
2025-12-08 16:29:38 INFO     Training average mu_mean at step 31100: -2.467127
2025-12-08 16:29:38 INFO     Training average sigma_mean at step 31100: 0.211542
2025-12-08 16:29:38 INFO     Training average regularization at step 31100: 0.006348
2025-12-08 16:29:38 INFO     Training average loss at step 31100: 2.565880
2025-12-08 16:30:34 INFO     Training average positive_fact_loss at step 31200: 0.298462
2025-12-08 16:30:34 INFO     Training average negative_fact_loss at step 31200: 0.276516
2025-12-08 16:30:34 INFO     Training average positive_rule_loss at step 31200: 1.995353
2025-12-08 16:30:34 INFO     Training average negative_rule_loss at step 31200: 2.430759
2025-12-08 16:30:34 INFO     Training average L_uncertainty at step 31200: 57.736352
2025-12-08 16:30:34 INFO     Training average L_kl at step 31200: 57207.233203
2025-12-08 16:30:34 INFO     Training average L_sigma at step 31200: 529.116018
2025-12-08 16:30:34 INFO     Training average mu_mean at step 31200: -2.464419
2025-12-08 16:30:34 INFO     Training average sigma_mean at step 31200: 0.211581
2025-12-08 16:30:34 INFO     Training average regularization at step 31200: 0.006349
2025-12-08 16:30:34 INFO     Training average loss at step 31200: 2.564630
2025-12-08 16:31:26 INFO     Training average positive_fact_loss at step 31300: 0.299257
2025-12-08 16:31:26 INFO     Training average negative_fact_loss at step 31300: 0.276561
2025-12-08 16:31:26 INFO     Training average positive_rule_loss at step 31300: 1.999019
2025-12-08 16:31:26 INFO     Training average negative_rule_loss at step 31300: 2.423366
2025-12-08 16:31:26 INFO     Training average L_uncertainty at step 31300: 57.859867
2025-12-08 16:31:26 INFO     Training average L_kl at step 31300: 57331.122812
2025-12-08 16:31:26 INFO     Training average L_sigma at step 31300: 528.741487
2025-12-08 16:31:26 INFO     Training average mu_mean at step 31300: -2.468758
2025-12-08 16:31:26 INFO     Training average sigma_mean at step 31300: 0.211568
2025-12-08 16:31:26 INFO     Training average regularization at step 31300: 0.006349
2025-12-08 16:31:26 INFO     Training average loss at step 31300: 2.563311
2025-12-08 16:32:26 INFO     Training average positive_fact_loss at step 31400: 0.298647
2025-12-08 16:32:26 INFO     Training average negative_fact_loss at step 31400: 0.276682
2025-12-08 16:32:26 INFO     Training average positive_rule_loss at step 31400: 1.995949
2025-12-08 16:32:26 INFO     Training average negative_rule_loss at step 31400: 2.430978
2025-12-08 16:32:26 INFO     Training average L_uncertainty at step 31400: 57.844524
2025-12-08 16:32:26 INFO     Training average L_kl at step 31400: 57316.836953
2025-12-08 16:32:26 INFO     Training average L_sigma at step 31400: 527.684193
2025-12-08 16:32:26 INFO     Training average mu_mean at step 31400: -2.466946
2025-12-08 16:32:26 INFO     Training average sigma_mean at step 31400: 0.211547
2025-12-08 16:32:26 INFO     Training average regularization at step 31400: 0.006348
2025-12-08 16:32:26 INFO     Training average loss at step 31400: 2.565320
2025-12-08 16:33:22 INFO     Training average positive_fact_loss at step 31500: 0.298959
2025-12-08 16:33:22 INFO     Training average negative_fact_loss at step 31500: 0.276647
2025-12-08 16:33:22 INFO     Training average positive_rule_loss at step 31500: 1.997413
2025-12-08 16:33:22 INFO     Training average negative_rule_loss at step 31500: 2.427345
2025-12-08 16:33:22 INFO     Training average L_uncertainty at step 31500: 57.798574
2025-12-08 16:33:22 INFO     Training average L_kl at step 31500: 57270.044219
2025-12-08 16:33:22 INFO     Training average L_sigma at step 31500: 528.526697
2025-12-08 16:33:22 INFO     Training average mu_mean at step 31500: -2.464407
2025-12-08 16:33:22 INFO     Training average sigma_mean at step 31500: 0.211574
2025-12-08 16:33:22 INFO     Training average regularization at step 31500: 0.006349
2025-12-08 16:33:22 INFO     Training average loss at step 31500: 2.564329
2025-12-08 16:34:22 INFO     Training average positive_fact_loss at step 31600: 0.299054
2025-12-08 16:34:22 INFO     Training average negative_fact_loss at step 31600: 0.276618
2025-12-08 16:34:22 INFO     Training average positive_rule_loss at step 31600: 2.000312
2025-12-08 16:34:22 INFO     Training average negative_rule_loss at step 31600: 2.428748
2025-12-08 16:34:22 INFO     Training average L_uncertainty at step 31600: 57.893470
2025-12-08 16:34:22 INFO     Training average L_kl at step 31600: 57360.668594
2025-12-08 16:34:22 INFO     Training average L_sigma at step 31600: 532.798165
2025-12-08 16:34:22 INFO     Training average mu_mean at step 31600: -2.469465
2025-12-08 16:34:22 INFO     Training average sigma_mean at step 31600: 0.211682
2025-12-08 16:34:22 INFO     Training average regularization at step 31600: 0.006350
2025-12-08 16:34:22 INFO     Training average loss at step 31600: 2.566609
2025-12-08 16:35:18 INFO     Training average positive_fact_loss at step 31700: 0.298417
2025-12-08 16:35:18 INFO     Training average negative_fact_loss at step 31700: 0.276620
2025-12-08 16:35:18 INFO     Training average positive_rule_loss at step 31700: 1.997655
2025-12-08 16:35:18 INFO     Training average negative_rule_loss at step 31700: 2.429176
2025-12-08 16:35:18 INFO     Training average L_uncertainty at step 31700: 57.672697
2025-12-08 16:35:18 INFO     Training average L_kl at step 31700: 57141.292305
2025-12-08 16:35:18 INFO     Training average L_sigma at step 31700: 531.402177
2025-12-08 16:35:18 INFO     Training average mu_mean at step 31700: -2.462710
2025-12-08 16:35:18 INFO     Training average sigma_mean at step 31700: 0.211642
2025-12-08 16:35:18 INFO     Training average regularization at step 31700: 0.006349
2025-12-08 16:35:18 INFO     Training average loss at step 31700: 2.564956
2025-12-08 16:36:19 INFO     Training average positive_fact_loss at step 31800: 0.298614
2025-12-08 16:36:19 INFO     Training average negative_fact_loss at step 31800: 0.276519
2025-12-08 16:36:19 INFO     Training average positive_rule_loss at step 31800: 2.000090
2025-12-08 16:36:19 INFO     Training average negative_rule_loss at step 31800: 2.421757
2025-12-08 16:36:19 INFO     Training average L_uncertainty at step 31800: 57.806129
2025-12-08 16:36:19 INFO     Training average L_kl at step 31800: 57274.883711
2025-12-08 16:36:19 INFO     Training average L_sigma at step 31800: 531.242926
2025-12-08 16:36:19 INFO     Training average mu_mean at step 31800: -2.466895
2025-12-08 16:36:19 INFO     Training average sigma_mean at step 31800: 0.211644
2025-12-08 16:36:19 INFO     Training average regularization at step 31800: 0.006350
2025-12-08 16:36:19 INFO     Training average loss at step 31800: 2.562646
2025-12-08 16:37:06 INFO     Training average positive_fact_loss at step 31900: 0.299276
2025-12-08 16:37:06 INFO     Training average negative_fact_loss at step 31900: 0.276567
2025-12-08 16:37:06 INFO     Training average positive_rule_loss at step 31900: 1.997902
2025-12-08 16:37:06 INFO     Training average negative_rule_loss at step 31900: 2.427519
2025-12-08 16:37:06 INFO     Training average L_uncertainty at step 31900: 57.922049
2025-12-08 16:37:06 INFO     Training average L_kl at step 31900: 57397.515664
2025-12-08 16:37:06 INFO     Training average L_sigma at step 31900: 524.530653
2025-12-08 16:37:06 INFO     Training average mu_mean at step 31900: -2.471627
2025-12-08 16:37:06 INFO     Training average sigma_mean at step 31900: 0.211486
2025-12-08 16:37:06 INFO     Training average regularization at step 31900: 0.006351
2025-12-08 16:37:06 INFO     Training average loss at step 31900: 2.564905
2025-12-08 16:38:07 INFO     Training average positive_fact_loss at step 32000: 0.298727
2025-12-08 16:38:07 INFO     Training average negative_fact_loss at step 32000: 0.276389
2025-12-08 16:38:07 INFO     Training average positive_rule_loss at step 32000: 1.996584
2025-12-08 16:38:07 INFO     Training average negative_rule_loss at step 32000: 2.432009
2025-12-08 16:38:07 INFO     Training average L_uncertainty at step 32000: 57.701594
2025-12-08 16:38:07 INFO     Training average L_kl at step 32000: 57173.222461
2025-12-08 16:38:07 INFO     Training average L_sigma at step 32000: 528.368588
2025-12-08 16:38:07 INFO     Training average mu_mean at step 32000: -2.462577
2025-12-08 16:38:07 INFO     Training average sigma_mean at step 32000: 0.211582
2025-12-08 16:38:07 INFO     Training average regularization at step 32000: 0.006350
2025-12-08 16:38:07 INFO     Training average loss at step 32000: 2.565906
2025-12-08 16:38:07 INFO     Evaluating on Valid Dataset...
2025-12-08 16:38:07 INFO     >>>>> RuleE emb: Evaluating on valid
2025-12-08 16:38:17 INFO     Data : 4274
2025-12-08 16:38:17 INFO     Hit1 : 0.544455
2025-12-08 16:38:17 INFO     Hit3 : 0.775620
2025-12-08 16:38:17 INFO     Hit10: 0.943379
2025-12-08 16:38:17 INFO     MR   : 3.366168
2025-12-08 16:38:17 INFO     MRR  : 0.680072
2025-12-08 16:39:13 INFO     Training average positive_fact_loss at step 32100: 0.298783
2025-12-08 16:39:13 INFO     Training average negative_fact_loss at step 32100: 0.276805
2025-12-08 16:39:13 INFO     Training average positive_rule_loss at step 32100: 1.996297
2025-12-08 16:39:13 INFO     Training average negative_rule_loss at step 32100: 2.424330
2025-12-08 16:39:13 INFO     Training average L_uncertainty at step 32100: 57.796626
2025-12-08 16:39:13 INFO     Training average L_kl at step 32100: 57266.269609
2025-12-08 16:39:13 INFO     Training average L_sigma at step 32100: 530.353365
2025-12-08 16:39:13 INFO     Training average mu_mean at step 32100: -2.464062
2025-12-08 16:39:13 INFO     Training average sigma_mean at step 32100: 0.211637
2025-12-08 16:39:13 INFO     Training average regularization at step 32100: 0.006351
2025-12-08 16:39:13 INFO     Training average loss at step 32100: 2.562255
2025-12-08 16:40:13 INFO     Training average positive_fact_loss at step 32200: 0.299064
2025-12-08 16:40:13 INFO     Training average negative_fact_loss at step 32200: 0.276384
2025-12-08 16:40:13 INFO     Training average positive_rule_loss at step 32200: 1.996264
2025-12-08 16:40:13 INFO     Training average negative_rule_loss at step 32200: 2.427558
2025-12-08 16:40:13 INFO     Training average L_uncertainty at step 32200: 57.858341
2025-12-08 16:40:13 INFO     Training average L_kl at step 32200: 57332.642422
2025-12-08 16:40:13 INFO     Training average L_sigma at step 32200: 525.695746
2025-12-08 16:40:13 INFO     Training average mu_mean at step 32200: -2.463378
2025-12-08 16:40:13 INFO     Training average sigma_mean at step 32200: 0.211531
2025-12-08 16:40:13 INFO     Training average regularization at step 32200: 0.006349
2025-12-08 16:40:13 INFO     Training average loss at step 32200: 2.563843
2025-12-08 16:41:10 INFO     Training average positive_fact_loss at step 32300: 0.298865
2025-12-08 16:41:10 INFO     Training average negative_fact_loss at step 32300: 0.276772
2025-12-08 16:41:10 INFO     Training average positive_rule_loss at step 32300: 1.998513
2025-12-08 16:41:10 INFO     Training average negative_rule_loss at step 32300: 2.429277
2025-12-08 16:41:10 INFO     Training average L_uncertainty at step 32300: 57.710182
2025-12-08 16:41:10 INFO     Training average L_kl at step 32300: 57181.454531
2025-12-08 16:41:10 INFO     Training average L_sigma at step 32300: 528.724869
2025-12-08 16:41:10 INFO     Training average mu_mean at step 32300: -2.459431
2025-12-08 16:41:10 INFO     Training average sigma_mean at step 32300: 0.211605
2025-12-08 16:41:10 INFO     Training average regularization at step 32300: 0.006349
2025-12-08 16:41:10 INFO     Training average loss at step 32300: 2.565773
2025-12-08 16:42:10 INFO     Training average positive_fact_loss at step 32400: 0.299174
2025-12-08 16:42:10 INFO     Training average negative_fact_loss at step 32400: 0.276290
2025-12-08 16:42:10 INFO     Training average positive_rule_loss at step 32400: 1.996933
2025-12-08 16:42:10 INFO     Training average negative_rule_loss at step 32400: 2.432983
2025-12-08 16:42:10 INFO     Training average L_uncertainty at step 32400: 57.692518
2025-12-08 16:42:10 INFO     Training average L_kl at step 32400: 57164.675898
2025-12-08 16:42:10 INFO     Training average L_sigma at step 32400: 527.839404
2025-12-08 16:42:10 INFO     Training average mu_mean at step 32400: -2.458481
2025-12-08 16:42:10 INFO     Training average sigma_mean at step 32400: 0.211577
2025-12-08 16:42:10 INFO     Training average regularization at step 32400: 0.006351
2025-12-08 16:42:10 INFO     Training average loss at step 32400: 2.566734
2025-12-08 16:43:02 INFO     Training average positive_fact_loss at step 32500: 0.298520
2025-12-08 16:43:02 INFO     Training average negative_fact_loss at step 32500: 0.276721
2025-12-08 16:43:02 INFO     Training average positive_rule_loss at step 32500: 1.999461
2025-12-08 16:43:02 INFO     Training average negative_rule_loss at step 32500: 2.421965
2025-12-08 16:43:02 INFO     Training average L_uncertainty at step 32500: 57.817385
2025-12-08 16:43:02 INFO     Training average L_kl at step 32500: 57287.706523
2025-12-08 16:43:02 INFO     Training average L_sigma at step 32500: 529.675950
2025-12-08 16:43:02 INFO     Training average mu_mean at step 32500: -2.463519
2025-12-08 16:43:02 INFO     Training average sigma_mean at step 32500: 0.211622
2025-12-08 16:43:02 INFO     Training average regularization at step 32500: 0.006351
2025-12-08 16:43:02 INFO     Training average loss at step 32500: 2.562502
2025-12-08 16:43:57 INFO     Training average positive_fact_loss at step 32600: 0.298706
2025-12-08 16:43:57 INFO     Training average negative_fact_loss at step 32600: 0.276593
2025-12-08 16:43:57 INFO     Training average positive_rule_loss at step 32600: 1.998830
2025-12-08 16:43:57 INFO     Training average negative_rule_loss at step 32600: 2.424762
2025-12-08 16:43:57 INFO     Training average L_uncertainty at step 32600: 57.878748
2025-12-08 16:43:57 INFO     Training average L_kl at step 32600: 57349.381992
2025-12-08 16:43:57 INFO     Training average L_sigma at step 32600: 529.363639
2025-12-08 16:43:57 INFO     Training average mu_mean at step 32600: -2.466273
2025-12-08 16:43:57 INFO     Training average sigma_mean at step 32600: 0.211611
2025-12-08 16:43:57 INFO     Training average regularization at step 32600: 0.006353
2025-12-08 16:43:57 INFO     Training average loss at step 32600: 2.563677
2025-12-08 16:44:53 INFO     Training average positive_fact_loss at step 32700: 0.299263
2025-12-08 16:44:53 INFO     Training average negative_fact_loss at step 32700: 0.276511
2025-12-08 16:44:53 INFO     Training average positive_rule_loss at step 32700: 1.996283
2025-12-08 16:44:53 INFO     Training average negative_rule_loss at step 32700: 2.428075
2025-12-08 16:44:53 INFO     Training average L_uncertainty at step 32700: 57.783824
2025-12-08 16:44:53 INFO     Training average L_kl at step 32700: 57254.906602
2025-12-08 16:44:53 INFO     Training average L_sigma at step 32700: 528.914606
2025-12-08 16:44:53 INFO     Training average mu_mean at step 32700: -2.462325
2025-12-08 16:44:53 INFO     Training average sigma_mean at step 32700: 0.211613
2025-12-08 16:44:53 INFO     Training average regularization at step 32700: 0.006354
2025-12-08 16:44:53 INFO     Training average loss at step 32700: 2.564203
2025-12-08 16:45:54 INFO     Training average positive_fact_loss at step 32800: 0.298636
2025-12-08 16:45:54 INFO     Training average negative_fact_loss at step 32800: 0.276645
2025-12-08 16:45:54 INFO     Training average positive_rule_loss at step 32800: 2.002538
2025-12-08 16:45:54 INFO     Training average negative_rule_loss at step 32800: 2.418094
2025-12-08 16:45:54 INFO     Training average L_uncertainty at step 32800: 57.891599
2025-12-08 16:45:54 INFO     Training average L_kl at step 32800: 57361.323047
2025-12-08 16:45:54 INFO     Training average L_sigma at step 32800: 530.273113
2025-12-08 16:45:54 INFO     Training average mu_mean at step 32800: -2.465188
2025-12-08 16:45:54 INFO     Training average sigma_mean at step 32800: 0.211643
2025-12-08 16:45:54 INFO     Training average regularization at step 32800: 0.006350
2025-12-08 16:45:54 INFO     Training average loss at step 32800: 2.562198
2025-12-08 16:46:50 INFO     Training average positive_fact_loss at step 32900: 0.298937
2025-12-08 16:46:50 INFO     Training average negative_fact_loss at step 32900: 0.276339
2025-12-08 16:46:50 INFO     Training average positive_rule_loss at step 32900: 1.997431
2025-12-08 16:46:50 INFO     Training average negative_rule_loss at step 32900: 2.425728
2025-12-08 16:46:50 INFO     Training average L_uncertainty at step 32900: 57.851047
2025-12-08 16:46:50 INFO     Training average L_kl at step 32900: 57324.823398
2025-12-08 16:46:50 INFO     Training average L_sigma at step 32900: 526.220161
2025-12-08 16:46:50 INFO     Training average mu_mean at step 32900: -2.466830
2025-12-08 16:46:50 INFO     Training average sigma_mean at step 32900: 0.211507
2025-12-08 16:46:50 INFO     Training average regularization at step 32900: 0.006349
2025-12-08 16:46:50 INFO     Training average loss at step 32900: 2.563417
2025-12-08 16:47:51 INFO     Training average positive_fact_loss at step 33000: 0.298268
2025-12-08 16:47:51 INFO     Training average negative_fact_loss at step 33000: 0.276824
2025-12-08 16:47:51 INFO     Training average positive_rule_loss at step 33000: 1.996384
2025-12-08 16:47:51 INFO     Training average negative_rule_loss at step 33000: 2.429430
2025-12-08 16:47:51 INFO     Training average L_uncertainty at step 33000: 57.809324
2025-12-08 16:47:51 INFO     Training average L_kl at step 33000: 57279.948828
2025-12-08 16:47:51 INFO     Training average L_sigma at step 33000: 529.372281
2025-12-08 16:47:51 INFO     Training average mu_mean at step 33000: -2.462870
2025-12-08 16:47:51 INFO     Training average sigma_mean at step 33000: 0.211598
2025-12-08 16:47:51 INFO     Training average regularization at step 33000: 0.006351
2025-12-08 16:47:51 INFO     Training average loss at step 33000: 2.564613
2025-12-08 16:47:51 INFO     Evaluating on Valid Dataset...
2025-12-08 16:47:51 INFO     >>>>> RuleE emb: Evaluating on valid
2025-12-08 16:48:01 INFO     Data : 4274
2025-12-08 16:48:01 INFO     Hit1 : 0.542583
2025-12-08 16:48:01 INFO     Hit3 : 0.774918
2025-12-08 16:48:01 INFO     Hit10: 0.943145
2025-12-08 16:48:01 INFO     MR   : 3.370379
2025-12-08 16:48:01 INFO     MRR  : 0.679110
2025-12-08 16:48:57 INFO     Training average positive_fact_loss at step 33100: 0.299308
2025-12-08 16:48:57 INFO     Training average negative_fact_loss at step 33100: 0.276491
2025-12-08 16:48:57 INFO     Training average positive_rule_loss at step 33100: 1.995840
2025-12-08 16:48:57 INFO     Training average negative_rule_loss at step 33100: 2.426409
2025-12-08 16:48:57 INFO     Training average L_uncertainty at step 33100: 57.728047
2025-12-08 16:48:57 INFO     Training average L_kl at step 33100: 57202.369063
2025-12-08 16:48:57 INFO     Training average L_sigma at step 33100: 525.675653
2025-12-08 16:48:57 INFO     Training average mu_mean at step 33100: -2.457940
2025-12-08 16:48:57 INFO     Training average sigma_mean at step 33100: 0.211523
2025-12-08 16:48:57 INFO     Training average regularization at step 33100: 0.006352
2025-12-08 16:48:57 INFO     Training average loss at step 33100: 2.563105
2025-12-08 16:49:50 INFO     Training average positive_fact_loss at step 33200: 0.298895
2025-12-08 16:49:50 INFO     Training average negative_fact_loss at step 33200: 0.276562
2025-12-08 16:49:50 INFO     Training average positive_rule_loss at step 33200: 1.998185
2025-12-08 16:49:50 INFO     Training average negative_rule_loss at step 33200: 2.427638
2025-12-08 16:49:50 INFO     Training average L_uncertainty at step 33200: 57.675998
2025-12-08 16:49:50 INFO     Training average L_kl at step 33200: 57143.685078
2025-12-08 16:49:50 INFO     Training average L_sigma at step 33200: 532.309895
2025-12-08 16:49:50 INFO     Training average mu_mean at step 33200: -2.456195
2025-12-08 16:49:50 INFO     Training average sigma_mean at step 33200: 0.211692
2025-12-08 16:49:50 INFO     Training average regularization at step 33200: 0.006352
2025-12-08 16:49:50 INFO     Training average loss at step 33200: 2.564668
2025-12-08 16:50:46 INFO     Training average positive_fact_loss at step 33300: 0.298690
2025-12-08 16:50:46 INFO     Training average negative_fact_loss at step 33300: 0.276653
2025-12-08 16:50:46 INFO     Training average positive_rule_loss at step 33300: 1.997298
2025-12-08 16:50:46 INFO     Training average negative_rule_loss at step 33300: 2.427952
2025-12-08 16:50:46 INFO     Training average L_uncertainty at step 33300: 57.755524
2025-12-08 16:50:46 INFO     Training average L_kl at step 33300: 57225.165195
2025-12-08 16:50:46 INFO     Training average L_sigma at step 33300: 530.355588
2025-12-08 16:50:46 INFO     Training average mu_mean at step 33300: -2.459603
2025-12-08 16:50:46 INFO     Training average sigma_mean at step 33300: 0.211648
2025-12-08 16:50:46 INFO     Training average regularization at step 33300: 0.006351
2025-12-08 16:50:46 INFO     Training average loss at step 33300: 2.564403
2025-12-08 16:51:47 INFO     Training average positive_fact_loss at step 33400: 0.299015
2025-12-08 16:51:47 INFO     Training average negative_fact_loss at step 33400: 0.276519
2025-12-08 16:51:47 INFO     Training average positive_rule_loss at step 33400: 1.996449
2025-12-08 16:51:47 INFO     Training average negative_rule_loss at step 33400: 2.423572
2025-12-08 16:51:47 INFO     Training average L_uncertainty at step 33400: 57.839866
2025-12-08 16:51:47 INFO     Training average L_kl at step 33400: 57308.078945
2025-12-08 16:51:47 INFO     Training average L_sigma at step 33400: 531.784328
2025-12-08 16:51:47 INFO     Training average mu_mean at step 33400: -2.460835
2025-12-08 16:51:47 INFO     Training average sigma_mean at step 33400: 0.211682
2025-12-08 16:51:47 INFO     Training average regularization at step 33400: 0.006353
2025-12-08 16:51:47 INFO     Training average loss at step 33400: 2.561970
2025-12-08 16:52:43 INFO     Training average positive_fact_loss at step 33500: 0.298430
2025-12-08 16:52:43 INFO     Training average negative_fact_loss at step 33500: 0.276596
2025-12-08 16:52:43 INFO     Training average positive_rule_loss at step 33500: 1.997190
2025-12-08 16:52:43 INFO     Training average negative_rule_loss at step 33500: 2.421852
2025-12-08 16:52:43 INFO     Training average L_uncertainty at step 33500: 57.962404
2025-12-08 16:52:43 INFO     Training average L_kl at step 33500: 57435.309883
2025-12-08 16:52:43 INFO     Training average L_sigma at step 33500: 527.091587
2025-12-08 16:52:43 INFO     Training average mu_mean at step 33500: -2.464197
2025-12-08 16:52:43 INFO     Training average sigma_mean at step 33500: 0.211582
2025-12-08 16:52:43 INFO     Training average regularization at step 33500: 0.006355
2025-12-08 16:52:43 INFO     Training average loss at step 33500: 2.561351
2025-12-08 16:53:44 INFO     Training average positive_fact_loss at step 33600: 0.299169
2025-12-08 16:53:44 INFO     Training average negative_fact_loss at step 33600: 0.276553
2025-12-08 16:53:44 INFO     Training average positive_rule_loss at step 33600: 1.996123
2025-12-08 16:53:44 INFO     Training average negative_rule_loss at step 33600: 2.426793
2025-12-08 16:53:44 INFO     Training average L_uncertainty at step 33600: 57.795199
2025-12-08 16:53:44 INFO     Training average L_kl at step 33600: 57268.344766
2025-12-08 16:53:44 INFO     Training average L_sigma at step 33600: 526.851161
2025-12-08 16:53:44 INFO     Training average mu_mean at step 33600: -2.457526
2025-12-08 16:53:44 INFO     Training average sigma_mean at step 33600: 0.211578
2025-12-08 16:53:44 INFO     Training average regularization at step 33600: 0.006356
2025-12-08 16:53:44 INFO     Training average loss at step 33600: 2.563471
2025-12-08 16:54:40 INFO     Training average positive_fact_loss at step 33700: 0.298528
2025-12-08 16:54:40 INFO     Training average negative_fact_loss at step 33700: 0.276463
2025-12-08 16:54:40 INFO     Training average positive_rule_loss at step 33700: 1.996737
2025-12-08 16:54:40 INFO     Training average negative_rule_loss at step 33700: 2.425061
2025-12-08 16:54:40 INFO     Training average L_uncertainty at step 33700: 57.869502
2025-12-08 16:54:40 INFO     Training average L_kl at step 33700: 57338.686953
2025-12-08 16:54:40 INFO     Training average L_sigma at step 33700: 530.812039
2025-12-08 16:54:40 INFO     Training average mu_mean at step 33700: -2.459301
2025-12-08 16:54:40 INFO     Training average sigma_mean at step 33700: 0.211679
2025-12-08 16:54:40 INFO     Training average regularization at step 33700: 0.006357
2025-12-08 16:54:40 INFO     Training average loss at step 33700: 2.562621
2025-12-08 16:55:35 INFO     Training average positive_fact_loss at step 33800: 0.299058
2025-12-08 16:55:35 INFO     Training average negative_fact_loss at step 33800: 0.276342
2025-12-08 16:55:35 INFO     Training average positive_rule_loss at step 33800: 1.994693
2025-12-08 16:55:35 INFO     Training average negative_rule_loss at step 33800: 2.427282
2025-12-08 16:55:35 INFO     Training average L_uncertainty at step 33800: 57.811773
2025-12-08 16:55:35 INFO     Training average L_kl at step 33800: 57278.021562
2025-12-08 16:55:35 INFO     Training average L_sigma at step 33800: 533.748655
2025-12-08 16:55:35 INFO     Training average mu_mean at step 33800: -2.456845
2025-12-08 16:55:35 INFO     Training average sigma_mean at step 33800: 0.211751
2025-12-08 16:55:35 INFO     Training average regularization at step 33800: 0.006357
2025-12-08 16:55:35 INFO     Training average loss at step 33800: 2.562857
2025-12-08 16:56:27 INFO     Training average positive_fact_loss at step 33900: 0.298624
2025-12-08 16:56:27 INFO     Training average negative_fact_loss at step 33900: 0.276712
2025-12-08 16:56:27 INFO     Training average positive_rule_loss at step 33900: 1.996259
2025-12-08 16:56:27 INFO     Training average negative_rule_loss at step 33900: 2.424299
2025-12-08 16:56:27 INFO     Training average L_uncertainty at step 33900: 57.959910
2025-12-08 16:56:27 INFO     Training average L_kl at step 33900: 57430.482656
2025-12-08 16:56:27 INFO     Training average L_sigma at step 33900: 529.424443
2025-12-08 16:56:27 INFO     Training average mu_mean at step 33900: -2.461044
2025-12-08 16:56:27 INFO     Training average sigma_mean at step 33900: 0.211642
2025-12-08 16:56:27 INFO     Training average regularization at step 33900: 0.006358
2025-12-08 16:56:27 INFO     Training average loss at step 33900: 2.562264
2025-12-08 16:57:28 INFO     Training average positive_fact_loss at step 34000: 0.298853
2025-12-08 16:57:28 INFO     Training average negative_fact_loss at step 34000: 0.276605
2025-12-08 16:57:28 INFO     Training average positive_rule_loss at step 34000: 1.999352
2025-12-08 16:57:28 INFO     Training average negative_rule_loss at step 34000: 2.420370
2025-12-08 16:57:28 INFO     Training average L_uncertainty at step 34000: 57.803640
2025-12-08 16:57:28 INFO     Training average L_kl at step 34000: 57276.614609
2025-12-08 16:57:28 INFO     Training average L_sigma at step 34000: 527.022865
2025-12-08 16:57:28 INFO     Training average mu_mean at step 34000: -2.454580
2025-12-08 16:57:28 INFO     Training average sigma_mean at step 34000: 0.211590
2025-12-08 16:57:28 INFO     Training average regularization at step 34000: 0.006358
2025-12-08 16:57:28 INFO     Training average loss at step 34000: 2.561751
2025-12-08 16:57:28 INFO     Evaluating on Valid Dataset...
2025-12-08 16:57:28 INFO     >>>>> RuleE emb: Evaluating on valid
2025-12-08 16:57:38 INFO     Data : 4274
2025-12-08 16:57:38 INFO     Hit1 : 0.546093
2025-12-08 16:57:38 INFO     Hit3 : 0.774216
2025-12-08 16:57:38 INFO     Hit10: 0.942911
2025-12-08 16:57:38 INFO     MR   : 3.374123
2025-12-08 16:57:38 INFO     MRR  : 0.680507
2025-12-08 16:58:34 INFO     Training average positive_fact_loss at step 34100: 0.298850
2025-12-08 16:58:34 INFO     Training average negative_fact_loss at step 34100: 0.276322
2025-12-08 16:58:34 INFO     Training average positive_rule_loss at step 34100: 1.996868
2025-12-08 16:58:34 INFO     Training average negative_rule_loss at step 34100: 2.421892
2025-12-08 16:58:34 INFO     Training average L_uncertainty at step 34100: 57.945103
2025-12-08 16:58:34 INFO     Training average L_kl at step 34100: 57415.772969
2025-12-08 16:58:34 INFO     Training average L_sigma at step 34100: 529.327612
2025-12-08 16:58:34 INFO     Training average mu_mean at step 34100: -2.462658
2025-12-08 16:58:34 INFO     Training average sigma_mean at step 34100: 0.211650
2025-12-08 16:58:34 INFO     Training average regularization at step 34100: 0.006358
2025-12-08 16:58:34 INFO     Training average loss at step 34100: 2.561269
2025-12-08 16:59:34 INFO     Training average positive_fact_loss at step 34200: 0.298542
2025-12-08 16:59:34 INFO     Training average negative_fact_loss at step 34200: 0.276576
2025-12-08 16:59:34 INFO     Training average positive_rule_loss at step 34200: 1.996750
2025-12-08 16:59:34 INFO     Training average negative_rule_loss at step 34200: 2.421627
2025-12-08 16:59:34 INFO     Training average L_uncertainty at step 34200: 57.892504
2025-12-08 16:59:34 INFO     Training average L_kl at step 34200: 57364.643633
2025-12-08 16:59:34 INFO     Training average L_sigma at step 34200: 527.857295
2025-12-08 16:59:34 INFO     Training average mu_mean at step 34200: -2.460036
2025-12-08 16:59:34 INFO     Training average sigma_mean at step 34200: 0.211620
2025-12-08 16:59:34 INFO     Training average regularization at step 34200: 0.006357
2025-12-08 16:59:34 INFO     Training average loss at step 34200: 2.560997
2025-12-08 17:00:30 INFO     Training average positive_fact_loss at step 34300: 0.298995
2025-12-08 17:00:30 INFO     Training average negative_fact_loss at step 34300: 0.276866
2025-12-08 17:00:30 INFO     Training average positive_rule_loss at step 34300: 1.995193
2025-12-08 17:00:30 INFO     Training average negative_rule_loss at step 34300: 2.426813
2025-12-08 17:00:30 INFO     Training average L_uncertainty at step 34300: 57.885088
2025-12-08 17:00:30 INFO     Training average L_kl at step 34300: 57361.964805
2025-12-08 17:00:30 INFO     Training average L_sigma at step 34300: 523.120195
2025-12-08 17:00:30 INFO     Training average mu_mean at step 34300: -2.458107
2025-12-08 17:00:30 INFO     Training average sigma_mean at step 34300: 0.211515
2025-12-08 17:00:30 INFO     Training average regularization at step 34300: 0.006357
2025-12-08 17:00:30 INFO     Training average loss at step 34300: 2.563175
2025-12-08 17:01:31 INFO     Training average positive_fact_loss at step 34400: 0.299313
2025-12-08 17:01:31 INFO     Training average negative_fact_loss at step 34400: 0.276407
2025-12-08 17:01:31 INFO     Training average positive_rule_loss at step 34400: 1.996597
2025-12-08 17:01:31 INFO     Training average negative_rule_loss at step 34400: 2.431050
2025-12-08 17:01:31 INFO     Training average L_uncertainty at step 34400: 57.669352
2025-12-08 17:01:31 INFO     Training average L_kl at step 34400: 57142.797695
2025-12-08 17:01:31 INFO     Training average L_sigma at step 34400: 526.550887
2025-12-08 17:01:31 INFO     Training average mu_mean at step 34400: -2.449974
2025-12-08 17:01:31 INFO     Training average sigma_mean at step 34400: 0.211597
2025-12-08 17:01:31 INFO     Training average regularization at step 34400: 0.006358
2025-12-08 17:01:31 INFO     Training average loss at step 34400: 2.565711
2025-12-08 17:02:17 INFO     Training average positive_fact_loss at step 34500: 0.299002
2025-12-08 17:02:17 INFO     Training average negative_fact_loss at step 34500: 0.276609
2025-12-08 17:02:17 INFO     Training average positive_rule_loss at step 34500: 1.996440
2025-12-08 17:02:17 INFO     Training average negative_rule_loss at step 34500: 2.420647
2025-12-08 17:02:17 INFO     Training average L_uncertainty at step 34500: 57.908189
2025-12-08 17:02:17 INFO     Training average L_kl at step 34500: 57380.355977
2025-12-08 17:02:17 INFO     Training average L_sigma at step 34500: 527.830585
2025-12-08 17:02:17 INFO     Training average mu_mean at step 34500: -2.457849
2025-12-08 17:02:17 INFO     Training average sigma_mean at step 34500: 0.211631
2025-12-08 17:02:17 INFO     Training average regularization at step 34500: 0.006357
2025-12-08 17:02:17 INFO     Training average loss at step 34500: 2.560614
2025-12-08 17:03:18 INFO     Training average positive_fact_loss at step 34600: 0.298528
2025-12-08 17:03:18 INFO     Training average negative_fact_loss at step 34600: 0.276494
2025-12-08 17:03:18 INFO     Training average positive_rule_loss at step 34600: 1.996892
2025-12-08 17:03:18 INFO     Training average negative_rule_loss at step 34600: 2.423519
2025-12-08 17:03:18 INFO     Training average L_uncertainty at step 34600: 57.893692
2025-12-08 17:03:18 INFO     Training average L_kl at step 34600: 57363.446836
2025-12-08 17:03:18 INFO     Training average L_sigma at step 34600: 530.242830
2025-12-08 17:03:18 INFO     Training average mu_mean at step 34600: -2.456610
2025-12-08 17:03:18 INFO     Training average sigma_mean at step 34600: 0.211694
2025-12-08 17:03:18 INFO     Training average regularization at step 34600: 0.006357
2025-12-08 17:03:18 INFO     Training average loss at step 34600: 2.561967
2025-12-08 17:04:13 INFO     Training average positive_fact_loss at step 34700: 0.298521
2025-12-08 17:04:13 INFO     Training average negative_fact_loss at step 34700: 0.276504
2025-12-08 17:04:13 INFO     Training average positive_rule_loss at step 34700: 1.995741
2025-12-08 17:04:13 INFO     Training average negative_rule_loss at step 34700: 2.421968
2025-12-08 17:04:13 INFO     Training average L_uncertainty at step 34700: 57.884923
2025-12-08 17:04:13 INFO     Training average L_kl at step 34700: 57361.798906
2025-12-08 17:04:13 INFO     Training average L_sigma at step 34700: 523.120941
2025-12-08 17:04:13 INFO     Training average mu_mean at step 34700: -2.456677
2025-12-08 17:04:13 INFO     Training average sigma_mean at step 34700: 0.211523
2025-12-08 17:04:13 INFO     Training average regularization at step 34700: 0.006358
2025-12-08 17:04:13 INFO     Training average loss at step 34700: 2.560610
2025-12-08 17:05:13 INFO     Training average positive_fact_loss at step 34800: 0.298581
2025-12-08 17:05:13 INFO     Training average negative_fact_loss at step 34800: 0.276736
2025-12-08 17:05:13 INFO     Training average positive_rule_loss at step 34800: 1.995258
2025-12-08 17:05:13 INFO     Training average negative_rule_loss at step 34800: 2.421243
2025-12-08 17:05:13 INFO     Training average L_uncertainty at step 34800: 57.904256
2025-12-08 17:05:13 INFO     Training average L_kl at step 34800: 57378.368867
2025-12-08 17:05:13 INFO     Training average L_sigma at step 34800: 525.883980
2025-12-08 17:05:13 INFO     Training average mu_mean at step 34800: -2.455346
2025-12-08 17:05:13 INFO     Training average sigma_mean at step 34800: 0.211583
2025-12-08 17:05:13 INFO     Training average regularization at step 34800: 0.006358
2025-12-08 17:05:13 INFO     Training average loss at step 34800: 2.560171
2025-12-08 17:06:10 INFO     Training average positive_fact_loss at step 34900: 0.299891
2025-12-08 17:06:10 INFO     Training average negative_fact_loss at step 34900: 0.276662
2025-12-08 17:06:10 INFO     Training average positive_rule_loss at step 34900: 1.999592
2025-12-08 17:06:10 INFO     Training average negative_rule_loss at step 34900: 2.417950
2025-12-08 17:06:10 INFO     Training average L_uncertainty at step 34900: 57.926985
2025-12-08 17:06:10 INFO     Training average L_kl at step 34900: 57399.410859
2025-12-08 17:06:10 INFO     Training average L_sigma at step 34900: 527.571828
2025-12-08 17:06:10 INFO     Training average mu_mean at step 34900: -2.456839
2025-12-08 17:06:10 INFO     Training average sigma_mean at step 34900: 0.211619
2025-12-08 17:06:10 INFO     Training average regularization at step 34900: 0.006358
2025-12-08 17:06:10 INFO     Training average loss at step 34900: 2.561333
2025-12-08 17:07:11 INFO     Training average positive_fact_loss at step 35000: 0.298545
2025-12-08 17:07:11 INFO     Training average negative_fact_loss at step 35000: 0.276619
2025-12-08 17:07:11 INFO     Training average positive_rule_loss at step 35000: 1.997199
2025-12-08 17:07:11 INFO     Training average negative_rule_loss at step 35000: 2.428411
2025-12-08 17:07:11 INFO     Training average L_uncertainty at step 35000: 57.805808
2025-12-08 17:07:11 INFO     Training average L_kl at step 35000: 57278.676523
2025-12-08 17:07:11 INFO     Training average L_sigma at step 35000: 527.128714
2025-12-08 17:07:11 INFO     Training average mu_mean at step 35000: -2.454289
2025-12-08 17:07:11 INFO     Training average sigma_mean at step 35000: 0.211610
2025-12-08 17:07:11 INFO     Training average regularization at step 35000: 0.006357
2025-12-08 17:07:11 INFO     Training average loss at step 35000: 2.564550
2025-12-08 17:07:11 INFO     Evaluating on Valid Dataset...
2025-12-08 17:07:11 INFO     >>>>> RuleE emb: Evaluating on valid
2025-12-08 17:07:21 INFO     Data : 4274
2025-12-08 17:07:21 INFO     Hit1 : 0.543987
2025-12-08 17:07:21 INFO     Hit3 : 0.775854
2025-12-08 17:07:21 INFO     Hit10: 0.943379
2025-12-08 17:07:21 INFO     MR   : 3.367103
2025-12-08 17:07:21 INFO     MRR  : 0.679692
2025-12-08 17:07:21 INFO     Finishing pre-training!
2025-12-08 17:07:21 INFO     Test the results of pre-training
2025-12-08 17:07:21 INFO     >>>>> RuleE emb: Evaluating on valid
2025-12-08 17:07:31 INFO     Data : 4274
2025-12-08 17:07:31 INFO     Hit1 : 0.547029
2025-12-08 17:07:31 INFO     Hit3 : 0.777258
2025-12-08 17:07:31 INFO     Hit10: 0.942911
2025-12-08 17:07:31 INFO     MR   : 3.368039
2025-12-08 17:07:31 INFO     MRR  : 0.681477
2025-12-08 17:07:31 INFO     >>>>> RuleE emb: Evaluating on test
2025-12-08 17:07:43 INFO     Data : 10686
2025-12-08 17:07:43 INFO     Hit1 : 0.537619
2025-12-08 17:07:43 INFO     Hit3 : 0.772225
2025-12-08 17:07:43 INFO     Hit10: 0.935617
2025-12-08 17:07:43 INFO     MR   : 3.484372
2025-12-08 17:07:43 INFO     MRR  : 0.675118
2025-12-08 17:07:43 INFO     Pre-computed rule_mu for grounding: mean=-2.497974, std=1.718995
2025-12-08 17:07:43 INFO     >>>>> RulE: Grounding-Training
2025-12-08 17:07:43 INFO     -------------------------
2025-12-08 17:07:43 INFO     | Iteration: 1/10
2025-12-08 17:07:43 INFO     -------------------------
2025-12-08 17:08:00 INFO     loss:    10 224 4.400472 3026.4
2025-12-08 17:08:19 INFO     loss:    20 224 4.025040 3213.6
2025-12-08 17:08:24 INFO     loss:    30 224 4.176794 2849.6
2025-12-08 17:08:47 INFO     loss:    40 224 4.550300 3307.2
2025-12-08 17:09:15 INFO     loss:    50 224 3.849819 2943.2
2025-12-08 17:09:34 INFO     loss:    60 224 3.583860 2776.8
2025-12-08 17:09:43 INFO     loss:    70 224 4.197401 2412.8
2025-12-08 17:10:03 INFO     loss:    80 224 3.703982 2943.2
2025-12-08 17:10:17 INFO     loss:    90 224 3.459929 3036.8
2025-12-08 17:10:37 INFO     loss:    100 224 4.579886 2683.2
2025-12-08 17:10:51 INFO     loss:    110 224 4.109944 2964.0
2025-12-08 17:11:20 INFO     loss:    120 224 3.346042 3328.0
2025-12-08 17:11:44 INFO     loss:    130 224 4.412755 2870.4
2025-12-08 17:11:58 INFO     loss:    140 224 3.135055 3244.8
2025-12-08 17:12:13 INFO     loss:    150 224 3.146420 3203.2
2025-12-08 17:12:18 INFO     loss:    160 224 2.808756 3244.8
2025-12-08 17:12:27 INFO     loss:    170 224 3.214705 2329.6
2025-12-08 17:12:41 INFO     loss:    180 224 3.003885 2995.2
2025-12-08 17:12:56 INFO     loss:    190 224 3.027861 3068.0
2025-12-08 17:13:15 INFO     loss:    200 224 2.793510 2922.4
2025-12-08 17:13:30 INFO     loss:    210 224 2.749215 2984.8
2025-12-08 17:13:50 INFO     loss:    220 224 2.550310 3328.0
2025-12-08 17:13:57 INFO     >>>>> Predictor: Evaluating on valid
2025-12-08 17:16:54 INFO     Data : 4274
2025-12-08 17:16:54 INFO     Hit1 : 0.504212
2025-12-08 17:16:54 INFO     Hit3 : 0.760646
2025-12-08 17:16:54 INFO     Hit10: 0.945016
2025-12-08 17:16:54 INFO     MR   : 3.406411
2025-12-08 17:16:54 INFO     MRR  : 0.655153
2025-12-08 17:16:54 INFO     Save checkpoint to kinship\grounding.pt
2025-12-08 17:16:54 INFO     -------------------------
2025-12-08 17:16:54 INFO     | Iteration: 2/10
2025-12-08 17:16:54 INFO     -------------------------
2025-12-08 17:17:17 INFO     loss:    10 224 3.167621 3026.4
2025-12-08 17:17:36 INFO     loss:    20 224 2.824049 3213.6
2025-12-08 17:17:40 INFO     loss:    30 224 2.739984 2849.6
2025-12-08 17:18:04 INFO     loss:    40 224 2.723866 3307.2
2025-12-08 17:18:29 INFO     loss:    50 224 3.078460 2943.2
2025-12-08 17:18:49 INFO     loss:    60 224 2.691003 2776.8
2025-12-08 17:18:57 INFO     loss:    70 224 2.642394 2412.8
2025-12-08 17:19:18 INFO     loss:    80 224 2.944454 2943.2
2025-12-08 17:19:32 INFO     loss:    90 224 2.814519 3036.8
2025-12-08 17:19:52 INFO     loss:    100 224 2.327984 2683.2
2025-12-08 17:20:06 INFO     loss:    110 224 2.848399 2964.0
2025-12-08 17:20:35 INFO     loss:    120 224 2.842896 3328.0
2025-12-08 17:20:58 INFO     loss:    130 224 2.098084 2870.4
2025-12-08 17:21:13 INFO     loss:    140 224 2.837664 3244.8
2025-12-08 17:21:27 INFO     loss:    150 224 2.661361 3203.2
2025-12-08 17:21:32 INFO     loss:    160 224 2.148474 3244.8
2025-12-08 17:21:41 INFO     loss:    170 224 2.955215 2329.6
2025-12-08 17:21:55 INFO     loss:    180 224 2.251491 2995.2
2025-12-08 17:22:09 INFO     loss:    190 224 2.859991 3068.0
2025-12-08 17:22:28 INFO     loss:    200 224 2.462478 2922.4
2025-12-08 17:22:44 INFO     loss:    210 224 2.278972 2984.8
2025-12-08 17:23:03 INFO     loss:    220 224 2.268525 3328.0
2025-12-08 17:23:10 INFO     >>>>> Predictor: Evaluating on valid
2025-12-08 17:26:08 INFO     Data : 4274
2025-12-08 17:26:08 INFO     Hit1 : 0.545391
2025-12-08 17:26:08 INFO     Hit3 : 0.800187
2025-12-08 17:26:08 INFO     Hit10: 0.953439
2025-12-08 17:26:08 INFO     MR   : 3.151380
2025-12-08 17:26:08 INFO     MRR  : 0.688501
2025-12-08 17:26:08 INFO     Save checkpoint to kinship\grounding.pt
2025-12-08 17:26:08 INFO     -------------------------
2025-12-08 17:26:08 INFO     | Iteration: 3/10
2025-12-08 17:26:08 INFO     -------------------------
2025-12-08 17:26:29 INFO     loss:    10 224 2.996687 3026.4
2025-12-08 17:26:48 INFO     loss:    20 224 2.665992 3213.6
2025-12-08 17:26:53 INFO     loss:    30 224 2.354301 2849.6
2025-12-08 17:27:16 INFO     loss:    40 224 2.420125 3307.2
2025-12-08 17:27:42 INFO     loss:    50 224 2.948344 2943.2
2025-12-08 17:28:01 INFO     loss:    60 224 2.462106 2776.8
2025-12-08 17:28:10 INFO     loss:    70 224 2.372302 2412.8
2025-12-08 17:28:30 INFO     loss:    80 224 2.777209 2943.2
2025-12-08 17:28:44 INFO     loss:    90 224 2.581999 3036.8
2025-12-08 17:29:04 INFO     loss:    100 224 0.277497 2683.2
2025-12-08 17:29:18 INFO     loss:    110 224 2.216608 2964.0
2025-12-08 17:29:47 INFO     loss:    120 224 2.627482 3328.0
2025-12-08 17:30:10 INFO     loss:    130 224 0.318265 2870.4
2025-12-08 17:30:25 INFO     loss:    140 224 2.601742 3244.8
2025-12-08 17:30:39 INFO     loss:    150 224 2.448343 3203.2
2025-12-08 17:30:44 INFO     loss:    160 224 1.826903 3244.8
2025-12-08 17:30:53 INFO     loss:    170 224 2.849398 2329.6
2025-12-08 17:31:07 INFO     loss:    180 224 1.881199 2995.2
2025-12-08 17:31:22 INFO     loss:    190 224 2.733792 3068.0
2025-12-08 17:31:41 INFO     loss:    200 224 2.271075 2922.4
2025-12-08 17:31:57 INFO     loss:    210 224 2.022789 2984.8
2025-12-08 17:32:17 INFO     loss:    220 224 2.039370 3328.0
2025-12-08 17:32:24 INFO     >>>>> Predictor: Evaluating on valid
2025-12-08 17:35:20 INFO     Data : 4274
2025-12-08 17:35:20 INFO     Hit1 : 0.529247
2025-12-08 17:35:20 INFO     Hit3 : 0.781235
2025-12-08 17:35:20 INFO     Hit10: 0.949462
2025-12-08 17:35:20 INFO     MR   : 3.270941
2025-12-08 17:35:20 INFO     MRR  : 0.675966
2025-12-08 17:35:20 INFO     -------------------------
2025-12-08 17:35:20 INFO     | Iteration: 4/10
2025-12-08 17:35:20 INFO     -------------------------
2025-12-08 17:35:41 INFO     loss:    10 224 2.891285 3026.4
2025-12-08 17:36:00 INFO     loss:    20 224 2.507624 3213.6
2025-12-08 17:36:05 INFO     loss:    30 224 1.998153 2849.6
2025-12-08 17:36:29 INFO     loss:    40 224 2.091161 3307.2
2025-12-08 17:36:54 INFO     loss:    50 224 2.829914 2943.2
2025-12-08 17:37:14 INFO     loss:    60 224 2.246218 2776.8
2025-12-08 17:37:22 INFO     loss:    70 224 2.094332 2412.8
2025-12-08 17:37:42 INFO     loss:    80 224 2.611987 2943.2
2025-12-08 17:37:56 INFO     loss:    90 224 2.382326 3036.8
2025-12-08 17:38:16 INFO     loss:    100 224 0.025334 2683.2
2025-12-08 17:38:30 INFO     loss:    110 224 1.751579 2964.0
2025-12-08 17:38:59 INFO     loss:    120 224 2.410844 3328.0
2025-12-08 17:39:22 INFO     loss:    130 224 0.035989 2870.4
2025-12-08 17:39:37 INFO     loss:    140 224 2.303753 3244.8
2025-12-08 17:39:51 INFO     loss:    150 224 2.220186 3203.2
2025-12-08 17:39:57 INFO     loss:    160 224 1.501433 3244.8
2025-12-08 17:40:05 INFO     loss:    170 224 2.811673 2329.6
2025-12-08 17:40:19 INFO     loss:    180 224 1.509515 2995.2
2025-12-08 17:40:34 INFO     loss:    190 224 2.604486 3068.0
2025-12-08 17:40:52 INFO     loss:    200 224 2.076227 2922.4
2025-12-08 17:41:08 INFO     loss:    210 224 1.725582 2984.8
2025-12-08 17:41:28 INFO     loss:    220 224 1.786827 3328.0
2025-12-08 17:41:35 INFO     >>>>> Predictor: Evaluating on valid
2025-12-08 17:44:32 INFO     Data : 4274
2025-12-08 17:44:32 INFO     Hit1 : 0.493215
2025-12-08 17:44:32 INFO     Hit3 : 0.754328
2025-12-08 17:44:32 INFO     Hit10: 0.941975
2025-12-08 17:44:32 INFO     MR   : 3.516378
2025-12-08 17:44:32 INFO     MRR  : 0.647488
2025-12-08 17:44:32 INFO     -------------------------
2025-12-08 17:44:32 INFO     | Iteration: 5/10
2025-12-08 17:44:32 INFO     -------------------------
2025-12-08 17:44:53 INFO     loss:    10 224 2.768597 3026.4
2025-12-08 17:45:12 INFO     loss:    20 224 2.295125 3213.6
2025-12-08 17:45:16 INFO     loss:    30 224 1.611682 2849.6
2025-12-08 17:45:40 INFO     loss:    40 224 1.729472 3307.2
2025-12-08 17:46:05 INFO     loss:    50 224 2.698992 2943.2
2025-12-08 17:46:25 INFO     loss:    60 224 2.006508 2776.8
2025-12-08 17:46:33 INFO     loss:    70 224 1.838106 2412.8
2025-12-08 17:46:54 INFO     loss:    80 224 2.431591 2943.2
2025-12-08 17:47:08 INFO     loss:    90 224 2.178258 3036.8
2025-12-08 17:47:28 INFO     loss:    100 224 0.004284 2683.2
2025-12-08 17:47:42 INFO     loss:    110 224 1.332067 2964.0
2025-12-08 17:48:10 INFO     loss:    120 224 2.204287 3328.0
2025-12-08 17:48:34 INFO     loss:    130 224 0.006786 2870.4
2025-12-08 17:48:49 INFO     loss:    140 224 1.972309 3244.8
2025-12-08 17:49:03 INFO     loss:    150 224 1.984171 3203.2
2025-12-08 17:49:09 INFO     loss:    160 224 1.196527 3244.8
2025-12-08 17:49:17 INFO     loss:    170 224 2.724346 2329.6
2025-12-08 17:49:31 INFO     loss:    180 224 1.191656 2995.2
2025-12-08 17:49:46 INFO     loss:    190 224 2.387134 3068.0
2025-12-08 17:50:05 INFO     loss:    200 224 1.865346 2922.4
2025-12-08 17:50:20 INFO     loss:    210 224 1.374393 2984.8
2025-12-08 17:50:40 INFO     loss:    220 224 1.531407 3328.0
2025-12-08 17:50:47 INFO     >>>>> Predictor: Evaluating on valid
2025-12-08 17:53:43 INFO     Data : 4274
2025-12-08 17:53:43 INFO     Hit1 : 0.451100
2025-12-08 17:53:43 INFO     Hit3 : 0.722040
2025-12-08 17:53:43 INFO     Hit10: 0.935423
2025-12-08 17:53:43 INFO     MR   : 3.882546
2025-12-08 17:53:43 INFO     MRR  : 0.614753
2025-12-08 17:53:43 INFO     -------------------------
2025-12-08 17:53:43 INFO     | Iteration: 6/10
2025-12-08 17:53:43 INFO     -------------------------
2025-12-08 17:54:04 INFO     loss:    10 224 2.698333 3026.4
2025-12-08 17:54:23 INFO     loss:    20 224 2.053165 3213.6
2025-12-08 17:54:28 INFO     loss:    30 224 1.300353 2849.6
2025-12-08 17:54:51 INFO     loss:    40 224 1.369709 3307.2
2025-12-08 17:55:17 INFO     loss:    50 224 2.598099 2943.2
2025-12-08 17:55:36 INFO     loss:    60 224 1.792899 2776.8
2025-12-08 17:55:45 INFO     loss:    70 224 1.525136 2412.8
2025-12-08 17:56:05 INFO     loss:    80 224 2.182800 2943.2
2025-12-08 17:56:19 INFO     loss:    90 224 1.944673 3036.8
2025-12-08 17:56:39 INFO     loss:    100 224 0.000919 2683.2
2025-12-08 17:56:53 INFO     loss:    110 224 1.111578 2964.0
2025-12-08 17:57:21 INFO     loss:    120 224 1.961865 3328.0
2025-12-08 17:57:45 INFO     loss:    130 224 0.001652 2870.4
2025-12-08 17:58:00 INFO     loss:    140 224 1.686422 3244.8
2025-12-08 17:58:14 INFO     loss:    150 224 1.822240 3203.2
2025-12-08 17:58:19 INFO     loss:    160 224 1.020302 3244.8
2025-12-08 17:58:28 INFO     loss:    170 224 2.472877 2329.6
2025-12-08 17:58:41 INFO     loss:    180 224 0.995062 2995.2
2025-12-08 17:58:56 INFO     loss:    190 224 2.194540 3068.0
2025-12-08 17:59:15 INFO     loss:    200 224 1.678893 2922.4
2025-12-08 17:59:30 INFO     loss:    210 224 1.088665 2984.8
2025-12-08 17:59:50 INFO     loss:    220 224 1.333304 3328.0
2025-12-08 17:59:57 INFO     >>>>> Predictor: Evaluating on valid
2025-12-08 18:02:54 INFO     Data : 4274
2025-12-08 18:02:54 INFO     Hit1 : 0.433552
2025-12-08 18:02:54 INFO     Hit3 : 0.704492
2025-12-08 18:02:54 INFO     Hit10: 0.926533
2025-12-08 18:02:54 INFO     MR   : 4.191858
2025-12-08 18:02:54 INFO     MRR  : 0.597927
2025-12-08 18:02:54 INFO     -------------------------
2025-12-08 18:02:54 INFO     | Iteration: 7/10
2025-12-08 18:02:54 INFO     -------------------------
2025-12-08 18:03:15 INFO     loss:    10 224 2.486787 3026.4
2025-12-08 18:03:34 INFO     loss:    20 224 1.890539 3213.6
2025-12-08 18:03:38 INFO     loss:    30 224 1.056531 2849.6
2025-12-08 18:04:02 INFO     loss:    40 224 1.186528 3307.2
2025-12-08 18:04:27 INFO     loss:    50 224 2.426521 2943.2
2025-12-08 18:04:47 INFO     loss:    60 224 1.628927 2776.8
2025-12-08 18:04:55 INFO     loss:    70 224 1.447768 2412.8
2025-12-08 18:05:15 INFO     loss:    80 224 1.905044 2943.2
2025-12-08 18:05:29 INFO     loss:    90 224 1.667274 3036.8
2025-12-08 18:05:49 INFO     loss:    100 224 0.000272 2683.2
2025-12-08 18:06:03 INFO     loss:    110 224 0.959714 2964.0
2025-12-08 18:06:32 INFO     loss:    120 224 2.032506 3328.0
2025-12-08 18:06:55 INFO     loss:    130 224 0.000499 2870.4
2025-12-08 18:07:10 INFO     loss:    140 224 1.469936 3244.8
2025-12-08 18:07:24 INFO     loss:    150 224 1.751401 3203.2
2025-12-08 18:07:30 INFO     loss:    160 224 1.147594 3244.8
2025-12-08 18:07:38 INFO     loss:    170 224 2.412224 2329.6
2025-12-08 18:07:52 INFO     loss:    180 224 0.888623 2995.2
2025-12-08 18:08:07 INFO     loss:    190 224 2.223090 3068.0
2025-12-08 18:08:25 INFO     loss:    200 224 1.634302 2922.4
2025-12-08 18:08:41 INFO     loss:    210 224 1.242314 2984.8
2025-12-08 18:09:01 INFO     loss:    220 224 1.246097 3328.0
2025-12-08 18:09:08 INFO     >>>>> Predictor: Evaluating on valid
2025-12-08 18:12:05 INFO     Data : 4274
2025-12-08 18:12:05 INFO     Hit1 : 0.413898
2025-12-08 18:12:05 INFO     Hit3 : 0.695601
2025-12-08 18:12:05 INFO     Hit10: 0.917174
2025-12-08 18:12:05 INFO     MR   : 4.399392
2025-12-08 18:12:05 INFO     MRR  : 0.583278
2025-12-08 18:12:05 INFO     -------------------------
2025-12-08 18:12:05 INFO     | Iteration: 8/10
2025-12-08 18:12:05 INFO     -------------------------
2025-12-08 18:12:26 INFO     loss:    10 224 2.406961 3026.4
2025-12-08 18:12:45 INFO     loss:    20 224 1.733420 3213.6
2025-12-08 18:12:49 INFO     loss:    30 224 0.915642 2849.6
2025-12-08 18:13:13 INFO     loss:    40 224 1.874179 3307.2
2025-12-08 18:13:38 INFO     loss:    50 224 2.375718 2943.2
2025-12-08 18:13:58 INFO     loss:    60 224 1.451779 2776.8
2025-12-08 18:14:06 INFO     loss:    70 224 1.552928 2412.8
2025-12-08 18:14:26 INFO     loss:    80 224 1.778525 2943.2
2025-12-08 18:14:40 INFO     loss:    90 224 1.404033 3036.8
2025-12-08 18:15:00 INFO     loss:    100 224 0.000110 2683.2
2025-12-08 18:15:14 INFO     loss:    110 224 0.851509 2964.0
2025-12-08 18:15:43 INFO     loss:    120 224 1.623166 3328.0
2025-12-08 18:16:06 INFO     loss:    130 224 0.000202 2870.4
2025-12-08 18:16:21 INFO     loss:    140 224 1.309011 3244.8
2025-12-08 18:16:35 INFO     loss:    150 224 1.626939 3203.2
2025-12-08 18:16:40 INFO     loss:    160 224 0.870378 3244.8
2025-12-08 18:16:49 INFO     loss:    170 224 2.085695 2329.6
2025-12-08 18:17:03 INFO     loss:    180 224 0.796699 2995.2
2025-12-08 18:17:17 INFO     loss:    190 224 1.922578 3068.0
2025-12-08 18:17:36 INFO     loss:    200 224 1.417820 2922.4
2025-12-08 18:17:52 INFO     loss:    210 224 0.976121 2984.8
2025-12-08 18:18:12 INFO     loss:    220 224 1.181004 3328.0
2025-12-08 18:18:19 INFO     >>>>> Predictor: Evaluating on valid
2025-12-08 18:21:14 INFO     Data : 4274
2025-12-08 18:21:14 INFO     Hit1 : 0.415536
2025-12-08 18:21:14 INFO     Hit3 : 0.687178
2025-12-08 18:21:14 INFO     Hit10: 0.916238
2025-12-08 18:21:14 INFO     MR   : 4.660505
2025-12-08 18:21:14 INFO     MRR  : 0.582455
2025-12-08 18:21:14 INFO     -------------------------
2025-12-08 18:21:14 INFO     | Iteration: 9/10
2025-12-08 18:21:14 INFO     -------------------------
2025-12-08 18:21:35 INFO     loss:    10 224 2.275933 3026.4
2025-12-08 18:21:54 INFO     loss:    20 224 1.625137 3213.6
2025-12-08 18:21:58 INFO     loss:    30 224 0.973179 2849.6
2025-12-08 18:22:22 INFO     loss:    40 224 1.018582 3307.2
2025-12-08 18:22:47 INFO     loss:    50 224 2.305637 2943.2
2025-12-08 18:23:07 INFO     loss:    60 224 1.482932 2776.8
2025-12-08 18:23:16 INFO     loss:    70 224 1.175147 2412.8
2025-12-08 18:23:36 INFO     loss:    80 224 1.566436 2943.2
2025-12-08 18:23:50 INFO     loss:    90 224 1.605368 3036.8
2025-12-08 18:24:10 INFO     loss:    100 224 0.000049 2683.2
2025-12-08 18:24:24 INFO     loss:    110 224 0.895926 2964.0
2025-12-08 18:24:53 INFO     loss:    120 224 1.535157 3328.0
2025-12-08 18:25:16 INFO     loss:    130 224 0.000084 2870.4
2025-12-08 18:25:31 INFO     loss:    140 224 1.223609 3244.8
2025-12-08 18:25:45 INFO     loss:    150 224 1.389360 3203.2
2025-12-08 18:25:50 INFO     loss:    160 224 0.846107 3244.8
2025-12-08 18:25:59 INFO     loss:    170 224 2.685909 2329.6
2025-12-08 18:26:13 INFO     loss:    180 224 0.861471 2995.2
2025-12-08 18:26:27 INFO     loss:    190 224 1.846884 3068.0
2025-12-08 18:26:46 INFO     loss:    200 224 1.363120 2922.4
2025-12-08 18:27:01 INFO     loss:    210 224 0.806400 2984.8
2025-12-08 18:27:21 INFO     loss:    220 224 1.216053 3328.0
2025-12-08 18:27:28 INFO     >>>>> Predictor: Evaluating on valid
2025-12-08 18:30:24 INFO     Data : 4274
2025-12-08 18:30:24 INFO     Hit1 : 0.400094
2025-12-08 18:30:24 INFO     Hit3 : 0.675480
2025-12-08 18:30:24 INFO     Hit10: 0.915536
2025-12-08 18:30:24 INFO     MR   : 4.889565
2025-12-08 18:30:24 INFO     MRR  : 0.568805
2025-12-08 18:30:24 INFO     -------------------------
2025-12-08 18:30:24 INFO     | Iteration: 10/10
2025-12-08 18:30:24 INFO     -------------------------
2025-12-08 18:30:45 INFO     loss:    10 224 2.158524 3026.4
2025-12-08 18:31:04 INFO     loss:    20 224 1.447921 3213.6
2025-12-08 18:31:09 INFO     loss:    30 224 0.775025 2849.6
2025-12-08 18:31:32 INFO     loss:    40 224 0.809011 3307.2
2025-12-08 18:31:58 INFO     loss:    50 224 2.267030 2943.2
2025-12-08 18:32:17 INFO     loss:    60 224 1.246519 2776.8
2025-12-08 18:32:26 INFO     loss:    70 224 1.179054 2412.8
2025-12-08 18:32:46 INFO     loss:    80 224 1.460645 2943.2
2025-12-08 18:33:00 INFO     loss:    90 224 1.240291 3036.8
2025-12-08 18:33:20 INFO     loss:    100 224 0.000029 2683.2
2025-12-08 18:33:34 INFO     loss:    110 224 1.048900 2964.0
2025-12-08 18:34:02 INFO     loss:    120 224 1.724088 3328.0
2025-12-08 18:34:26 INFO     loss:    130 224 0.000048 2870.4
2025-12-08 18:34:40 INFO     loss:    140 224 1.165481 3244.8
2025-12-08 18:34:54 INFO     loss:    150 224 1.350603 3203.2
2025-12-08 18:34:59 INFO     loss:    160 224 0.831834 3244.8
2025-12-08 18:35:08 INFO     loss:    170 224 1.894176 2329.6
2025-12-08 18:35:22 INFO     loss:    180 224 0.785033 2995.2
2025-12-08 18:35:37 INFO     loss:    190 224 2.062443 3068.0
2025-12-08 18:35:55 INFO     loss:    200 224 1.350550 2922.4
2025-12-08 18:36:11 INFO     loss:    210 224 0.799525 2984.8
2025-12-08 18:36:31 INFO     loss:    220 224 1.075842 3328.0
2025-12-08 18:36:37 INFO     >>>>> Predictor: Evaluating on valid
2025-12-08 18:39:32 INFO     Data : 4274
2025-12-08 18:39:32 INFO     Hit1 : 0.415770
2025-12-08 18:39:32 INFO     Hit3 : 0.690454
2025-12-08 18:39:32 INFO     Hit10: 0.913430
2025-12-08 18:39:32 INFO     MR   : 4.807674
2025-12-08 18:39:32 INFO     MRR  : 0.581357
2025-12-08 18:39:32 INFO     -------------------------
2025-12-08 18:39:32 INFO     | Final Test MRR: 0.000000
2025-12-08 18:39:32 INFO     -------------------------
2025-12-08 18:39:32 INFO     >>>>> Predictor: Evaluating on valid
2025-12-08 18:42:26 INFO     Data : 4274
2025-12-08 18:42:26 INFO     Hit1 : 0.545391
2025-12-08 18:42:26 INFO     Hit3 : 0.800187
2025-12-08 18:42:26 INFO     Hit10: 0.953439
2025-12-08 18:42:26 INFO     MR   : 3.151380
2025-12-08 18:42:26 INFO     MRR  : 0.688501
2025-12-08 18:42:26 INFO     >>>>> Predictor: Evaluating on test
2025-12-08 18:49:58 INFO     Data : 10686
2025-12-08 18:49:58 INFO     Hit1 : 0.517593
2025-12-08 18:49:58 INFO     Hit3 : 0.766143
2025-12-08 18:49:58 INFO     Hit10: 0.946566
2025-12-08 18:49:58 INFO     MR   : 3.375632
2025-12-08 18:49:58 INFO     MRR  : 0.664198
2025-12-08 18:49:58 INFO     >>>>> Predictor: Evaluating on test_kge
2025-12-08 18:52:35 INFO     Data : 10686
2025-12-08 18:52:35 INFO     Hit1 : 0.617443
2025-12-08 18:52:35 INFO     Hit3 : 0.825753
2025-12-08 18:52:35 INFO     Hit10: 0.955269
2025-12-08 18:52:35 INFO     MR   : 2.911660
2025-12-08 18:52:35 INFO     MRR  : 0.737141
