2025-12-03 14:45:06 INFO     read 18400 rules from list.
2025-12-03 14:45:07 INFO     Loaded support_counts from ../data/umls\support_counts.pt
2025-12-03 14:45:07 INFO     Uncertainty modeling initialized: num_rules=18400, num_samples=5, lambda_0=1.0
2025-12-03 14:45:07 INFO     >>>>> ruleE: Pre-training
2025-12-03 14:45:28 INFO     Training average positive_fact_loss at step 0: 2.433976
2025-12-03 14:45:28 INFO     Training average negative_fact_loss at step 0: 0.092595
2025-12-03 14:45:28 INFO     Training average positive_rule_loss at step 0: 0.027360
2025-12-03 14:45:28 INFO     Training average negative_rule_loss at step 0: 3.907675
2025-12-03 14:45:28 INFO     Training average L_uncertainty at step 0: 2862.307617
2025-12-03 14:45:28 INFO     Training average L_kl at step 0: 105.522507
2025-12-03 14:45:28 INFO     Training average L_sigma at step 0: 286220.218750
2025-12-03 14:45:28 INFO     Training average mu_mean at step 0: 0.090784
2025-12-03 14:45:28 INFO     Training average sigma_mean at step 0: 1.040433
2025-12-03 14:45:28 INFO     Training average regularization at step 0: 0.000000
2025-12-03 14:45:28 INFO     Training average loss at step 0: 31.853878
2025-12-03 14:45:28 INFO     Evaluating on Valid Dataset...
2025-12-03 14:45:28 INFO     >>>>> RuleE emb: Evaluating on valid
2025-12-03 14:45:45 INFO     Data : 2612
2025-12-03 14:45:45 INFO     Hit1 : 0.000383
2025-12-03 14:45:45 INFO     Hit3 : 0.049387
2025-12-03 14:45:45 INFO     Hit10: 0.145100
2025-12-03 14:45:45 INFO     MR   : 47.456930
2025-12-03 14:45:45 INFO     MRR  : 0.060514
2025-12-03 14:48:01 INFO     Training average positive_fact_loss at step 100: 0.602459
2025-12-03 14:48:01 INFO     Training average negative_fact_loss at step 100: 0.486636
2025-12-03 14:48:01 INFO     Training average positive_rule_loss at step 100: 0.075886
2025-12-03 14:48:01 INFO     Training average negative_rule_loss at step 100: 3.145428
2025-12-03 14:48:01 INFO     Training average L_uncertainty at step 100: 2203.800545
2025-12-03 14:48:01 INFO     Training average L_kl at step 100: 6216.973753
2025-12-03 14:48:01 INFO     Training average L_sigma at step 100: 219758.362930
2025-12-03 14:48:01 INFO     Training average mu_mean at step 100: -0.355015
2025-12-03 14:48:01 INFO     Training average sigma_mean at step 100: 0.825326
2025-12-03 14:48:01 INFO     Training average regularization at step 100: 0.000000
2025-12-03 14:48:01 INFO     Training average loss at step 100: 24.193210
2025-12-03 14:50:04 INFO     Training average positive_fact_loss at step 200: 0.379000
2025-12-03 14:50:04 INFO     Training average negative_fact_loss at step 200: 0.315509
2025-12-03 14:50:04 INFO     Training average positive_rule_loss at step 200: 0.251376
2025-12-03 14:50:04 INFO     Training average negative_rule_loss at step 200: 1.555139
2025-12-03 14:50:04 INFO     Training average L_uncertainty at step 200: 79.667714
2025-12-03 14:50:04 INFO     Training average L_kl at step 200: 47674.282383
2025-12-03 14:50:04 INFO     Training average L_sigma at step 200: 3199.343008
2025-12-03 14:50:04 INFO     Training average mu_mean at step 200: -1.529283
2025-12-03 14:50:04 INFO     Training average sigma_mean at step 200: 0.170878
2025-12-03 14:50:04 INFO     Training average regularization at step 200: 0.000000
2025-12-03 14:50:04 INFO     Training average loss at step 200: 2.047189
2025-12-03 14:52:12 INFO     Training average positive_fact_loss at step 300: 0.319289
2025-12-03 14:52:12 INFO     Training average negative_fact_loss at step 300: 0.271857
2025-12-03 14:52:12 INFO     Training average positive_rule_loss at step 300: 0.243102
2025-12-03 14:52:12 INFO     Training average negative_rule_loss at step 300: 1.580085
2025-12-03 14:52:12 INFO     Training average L_uncertainty at step 300: 47.439619
2025-12-03 14:52:12 INFO     Training average L_kl at step 300: 47071.291836
2025-12-03 14:52:12 INFO     Training average L_sigma at step 300: 36.832461
2025-12-03 14:52:12 INFO     Training average mu_mean at step 300: -1.493092
2025-12-03 14:52:12 INFO     Training average sigma_mean at step 300: 0.166901
2025-12-03 14:52:12 INFO     Training average regularization at step 300: 0.000000
2025-12-03 14:52:12 INFO     Training average loss at step 300: 1.681563
2025-12-03 14:54:15 INFO     Training average positive_fact_loss at step 400: 0.303290
2025-12-03 14:54:15 INFO     Training average negative_fact_loss at step 400: 0.260415
2025-12-03 14:54:15 INFO     Training average positive_rule_loss at step 400: 0.243377
2025-12-03 14:54:15 INFO     Training average negative_rule_loss at step 400: 1.571355
2025-12-03 14:54:15 INFO     Training average L_uncertainty at step 400: 47.300573
2025-12-03 14:54:15 INFO     Training average L_kl at step 400: 46918.757383
2025-12-03 14:54:15 INFO     Training average L_sigma at step 400: 38.181312
2025-12-03 14:54:15 INFO     Training average mu_mean at step 400: -1.490234
2025-12-03 14:54:15 INFO     Training average sigma_mean at step 400: 0.167050
2025-12-03 14:54:15 INFO     Training average regularization at step 400: 0.000000
2025-12-03 14:54:15 INFO     Training average loss at step 400: 1.662224
2025-12-03 14:56:25 INFO     Training average positive_fact_loss at step 500: 0.295417
2025-12-03 14:56:25 INFO     Training average negative_fact_loss at step 500: 0.254723
2025-12-03 14:56:25 INFO     Training average positive_rule_loss at step 500: 0.243642
2025-12-03 14:56:25 INFO     Training average negative_rule_loss at step 500: 1.561030
2025-12-03 14:56:25 INFO     Training average L_uncertainty at step 500: 47.059759
2025-12-03 14:56:25 INFO     Training average L_kl at step 500: 46713.880078
2025-12-03 14:56:25 INFO     Training average L_sigma at step 500: 34.587681
2025-12-03 14:56:25 INFO     Training average mu_mean at step 500: -1.486712
2025-12-03 14:56:25 INFO     Training average sigma_mean at step 500: 0.167261
2025-12-03 14:56:25 INFO     Training average regularization at step 500: 0.000000
2025-12-03 14:56:25 INFO     Training average loss at step 500: 1.648003
2025-12-03 14:58:29 INFO     Training average positive_fact_loss at step 600: 0.291624
2025-12-03 14:58:29 INFO     Training average negative_fact_loss at step 600: 0.250871
2025-12-03 14:58:29 INFO     Training average positive_rule_loss at step 600: 0.245006
2025-12-03 14:58:29 INFO     Training average negative_rule_loss at step 600: 1.544734
2025-12-03 14:58:29 INFO     Training average L_uncertainty at step 600: 46.836266
2025-12-03 14:58:29 INFO     Training average L_kl at step 600: 46519.188555
2025-12-03 14:58:29 INFO     Training average L_sigma at step 600: 31.707477
2025-12-03 14:58:29 INFO     Training average mu_mean at step 600: -1.485264
2025-12-03 14:58:29 INFO     Training average sigma_mean at step 600: 0.167555
2025-12-03 14:58:29 INFO     Training average regularization at step 600: 0.000000
2025-12-03 14:58:29 INFO     Training average loss at step 600: 1.634481
2025-12-03 15:00:33 INFO     Training average positive_fact_loss at step 700: 0.288710
2025-12-03 15:00:33 INFO     Training average negative_fact_loss at step 700: 0.248727
2025-12-03 15:00:33 INFO     Training average positive_rule_loss at step 700: 0.245646
2025-12-03 15:00:33 INFO     Training average negative_rule_loss at step 700: 1.529208
2025-12-03 15:00:33 INFO     Training average L_uncertainty at step 700: 46.663536
2025-12-03 15:00:33 INFO     Training average L_kl at step 700: 46415.128711
2025-12-03 15:00:33 INFO     Training average L_sigma at step 700: 24.840504
2025-12-03 15:00:33 INFO     Training average mu_mean at step 700: -1.487910
2025-12-03 15:00:33 INFO     Training average sigma_mean at step 700: 0.167805
2025-12-03 15:00:33 INFO     Training average regularization at step 700: 0.000000
2025-12-03 15:00:33 INFO     Training average loss at step 700: 1.622782
2025-12-03 15:02:44 INFO     Training average positive_fact_loss at step 800: 0.287006
2025-12-03 15:02:44 INFO     Training average negative_fact_loss at step 800: 0.246709
2025-12-03 15:02:44 INFO     Training average positive_rule_loss at step 800: 0.247222
2025-12-03 15:02:44 INFO     Training average negative_rule_loss at step 800: 1.514791
2025-12-03 15:02:44 INFO     Training average L_uncertainty at step 800: 46.583083
2025-12-03 15:02:44 INFO     Training average L_kl at step 800: 46375.311680
2025-12-03 15:02:44 INFO     Training average L_sigma at step 800: 20.776914
2025-12-03 15:02:44 INFO     Training average mu_mean at step 800: -1.491159
2025-12-03 15:02:44 INFO     Training average sigma_mean at step 800: 0.167942
2025-12-03 15:02:44 INFO     Training average regularization at step 800: 0.000000
2025-12-03 15:02:44 INFO     Training average loss at step 800: 1.613695
2025-12-03 15:04:53 INFO     Training average positive_fact_loss at step 900: 0.284543
2025-12-03 15:04:53 INFO     Training average negative_fact_loss at step 900: 0.244932
2025-12-03 15:04:53 INFO     Training average positive_rule_loss at step 900: 0.249318
2025-12-03 15:04:53 INFO     Training average negative_rule_loss at step 900: 1.502406
2025-12-03 15:04:53 INFO     Training average L_uncertainty at step 900: 46.425760
2025-12-03 15:04:53 INFO     Training average L_kl at step 900: 46234.811406
2025-12-03 15:04:53 INFO     Training average L_sigma at step 900: 19.094638
2025-12-03 15:04:53 INFO     Training average mu_mean at step 900: -1.488513
2025-12-03 15:04:53 INFO     Training average sigma_mean at step 900: 0.168003
2025-12-03 15:04:53 INFO     Training average regularization at step 900: 0.000000
2025-12-03 15:04:53 INFO     Training average loss at step 900: 1.604857
2025-12-03 15:06:52 INFO     Training average positive_fact_loss at step 1000: 0.283905
2025-12-03 15:06:52 INFO     Training average negative_fact_loss at step 1000: 0.243864
2025-12-03 15:06:52 INFO     Training average positive_rule_loss at step 1000: 0.250503
2025-12-03 15:06:52 INFO     Training average negative_rule_loss at step 1000: 1.496328
2025-12-03 15:06:52 INFO     Training average L_uncertainty at step 1000: 46.287325
2025-12-03 15:06:52 INFO     Training average L_kl at step 1000: 46115.976914
2025-12-03 15:06:52 INFO     Training average L_sigma at step 1000: 17.134570
2025-12-03 15:06:52 INFO     Training average mu_mean at step 1000: -1.485182
2025-12-03 15:06:52 INFO     Training average sigma_mean at step 1000: 0.168047
2025-12-03 15:06:52 INFO     Training average regularization at step 1000: 0.000000
2025-12-03 15:06:52 INFO     Training average loss at step 1000: 1.600173
2025-12-03 15:06:52 INFO     Evaluating on Valid Dataset...
2025-12-03 15:06:52 INFO     >>>>> RuleE emb: Evaluating on valid
2025-12-03 15:07:09 INFO     Data : 2612
2025-12-03 15:07:09 INFO     Hit1 : 0.660796
2025-12-03 15:07:09 INFO     Hit3 : 0.900077
2025-12-03 15:07:09 INFO     Hit10: 0.959418
2025-12-03 15:07:09 INFO     MR   : 3.303982
2025-12-03 15:07:09 INFO     MRR  : 0.787079
2025-12-03 15:09:24 INFO     Training average positive_fact_loss at step 1100: 0.283389
2025-12-03 15:09:24 INFO     Training average negative_fact_loss at step 1100: 0.242459
2025-12-03 15:09:24 INFO     Training average positive_rule_loss at step 1100: 0.252934
2025-12-03 15:09:24 INFO     Training average negative_rule_loss at step 1100: 1.487537
2025-12-03 15:09:24 INFO     Training average L_uncertainty at step 1100: 46.067912
2025-12-03 15:09:24 INFO     Training average L_kl at step 1100: 45891.039336
2025-12-03 15:09:24 INFO     Training average L_sigma at step 1100: 17.687021
2025-12-03 15:09:24 INFO     Training average mu_mean at step 1100: -1.477229
2025-12-03 15:09:24 INFO     Training average sigma_mean at step 1100: 0.168039
2025-12-03 15:09:24 INFO     Training average regularization at step 1100: 0.000000
2025-12-03 15:09:24 INFO     Training average loss at step 1100: 1.593838
2025-12-03 15:11:33 INFO     Training average positive_fact_loss at step 1200: 0.281791
2025-12-03 15:11:33 INFO     Training average negative_fact_loss at step 1200: 0.241884
2025-12-03 15:11:33 INFO     Training average positive_rule_loss at step 1200: 0.254360
2025-12-03 15:11:33 INFO     Training average negative_rule_loss at step 1200: 1.482705
2025-12-03 15:11:33 INFO     Training average L_uncertainty at step 1200: 45.912019
2025-12-03 15:11:33 INFO     Training average L_kl at step 1200: 45744.205078
2025-12-03 15:11:33 INFO     Training average L_sigma at step 1200: 16.781143
2025-12-03 15:11:33 INFO     Training average mu_mean at step 1200: -1.471988
2025-12-03 15:11:33 INFO     Training average sigma_mean at step 1200: 0.168066
2025-12-03 15:11:33 INFO     Training average regularization at step 1200: 0.000000
2025-12-03 15:11:33 INFO     Training average loss at step 1200: 1.589490
2025-12-03 15:13:45 INFO     Training average positive_fact_loss at step 1300: 0.281013
2025-12-03 15:13:45 INFO     Training average negative_fact_loss at step 1300: 0.240876
2025-12-03 15:13:45 INFO     Training average positive_rule_loss at step 1300: 0.255662
2025-12-03 15:13:45 INFO     Training average negative_rule_loss at step 1300: 1.479689
2025-12-03 15:13:45 INFO     Training average L_uncertainty at step 1300: 45.801461
2025-12-03 15:13:45 INFO     Training average L_kl at step 1300: 45639.639492
2025-12-03 15:13:45 INFO     Training average L_sigma at step 1300: 16.181928
2025-12-03 15:13:45 INFO     Training average mu_mean at step 1300: -1.468061
2025-12-03 15:13:45 INFO     Training average sigma_mean at step 1300: 0.168045
2025-12-03 15:13:45 INFO     Training average regularization at step 1300: 0.000000
2025-12-03 15:13:45 INFO     Training average loss at step 1300: 1.586634
2025-12-03 15:15:44 INFO     Training average positive_fact_loss at step 1400: 0.281218
2025-12-03 15:15:44 INFO     Training average negative_fact_loss at step 1400: 0.240609
2025-12-03 15:15:44 INFO     Training average positive_rule_loss at step 1400: 0.257901
2025-12-03 15:15:44 INFO     Training average negative_rule_loss at step 1400: 1.473128
2025-12-03 15:15:44 INFO     Training average L_uncertainty at step 1400: 45.599070
2025-12-03 15:15:44 INFO     Training average L_kl at step 1400: 45439.103164
2025-12-03 15:15:44 INFO     Training average L_sigma at step 1400: 15.996445
2025-12-03 15:15:44 INFO     Training average mu_mean at step 1400: -1.460527
2025-12-03 15:15:44 INFO     Training average sigma_mean at step 1400: 0.168051
2025-12-03 15:15:44 INFO     Training average regularization at step 1400: 0.000000
2025-12-03 15:15:44 INFO     Training average loss at step 1400: 1.582418
2025-12-03 15:17:48 INFO     Training average positive_fact_loss at step 1500: 0.280940
2025-12-03 15:17:48 INFO     Training average negative_fact_loss at step 1500: 0.240174
2025-12-03 15:17:48 INFO     Training average positive_rule_loss at step 1500: 0.259589
2025-12-03 15:17:48 INFO     Training average negative_rule_loss at step 1500: 1.470023
2025-12-03 15:17:48 INFO     Training average L_uncertainty at step 1500: 45.493512
2025-12-03 15:17:48 INFO     Training average L_kl at step 1500: 45339.392461
2025-12-03 15:17:48 INFO     Training average L_sigma at step 1500: 15.411772
2025-12-03 15:17:48 INFO     Training average mu_mean at step 1500: -1.456618
2025-12-03 15:17:48 INFO     Training average sigma_mean at step 1500: 0.168052
2025-12-03 15:17:48 INFO     Training average regularization at step 1500: 0.000000
2025-12-03 15:17:48 INFO     Training average loss at step 1500: 1.580298
2025-12-03 15:19:59 INFO     Training average positive_fact_loss at step 1600: 0.280194
2025-12-03 15:19:59 INFO     Training average negative_fact_loss at step 1600: 0.239283
2025-12-03 15:19:59 INFO     Training average positive_rule_loss at step 1600: 0.262299
2025-12-03 15:19:59 INFO     Training average negative_rule_loss at step 1600: 1.464309
2025-12-03 15:19:59 INFO     Training average L_uncertainty at step 1600: 45.370455
2025-12-03 15:19:59 INFO     Training average L_kl at step 1600: 45218.760781
2025-12-03 15:19:59 INFO     Training average L_sigma at step 1600: 15.169234
2025-12-03 15:19:59 INFO     Training average mu_mean at step 1600: -1.451800
2025-12-03 15:19:59 INFO     Training average sigma_mean at step 1600: 0.168045
2025-12-03 15:19:59 INFO     Training average regularization at step 1600: 0.000000
2025-12-03 15:19:59 INFO     Training average loss at step 1600: 1.576747
2025-12-03 15:22:05 INFO     Training average positive_fact_loss at step 1700: 0.278782
2025-12-03 15:22:05 INFO     Training average negative_fact_loss at step 1700: 0.238810
2025-12-03 15:22:05 INFO     Training average positive_rule_loss at step 1700: 0.263836
2025-12-03 15:22:05 INFO     Training average negative_rule_loss at step 1700: 1.461078
2025-12-03 15:22:05 INFO     Training average L_uncertainty at step 1700: 45.231254
2025-12-03 15:22:05 INFO     Training average L_kl at step 1700: 45083.854922
2025-12-03 15:22:05 INFO     Training average L_sigma at step 1700: 14.739678
2025-12-03 15:22:05 INFO     Training average mu_mean at step 1700: -1.446240
2025-12-03 15:22:05 INFO     Training average sigma_mean at step 1700: 0.168052
2025-12-03 15:22:05 INFO     Training average regularization at step 1700: 0.000000
2025-12-03 15:22:05 INFO     Training average loss at step 1700: 1.573565
2025-12-03 15:24:14 INFO     Training average positive_fact_loss at step 1800: 0.279535
2025-12-03 15:24:14 INFO     Training average negative_fact_loss at step 1800: 0.238709
2025-12-03 15:24:14 INFO     Training average positive_rule_loss at step 1800: 0.265882
2025-12-03 15:24:14 INFO     Training average negative_rule_loss at step 1800: 1.457624
2025-12-03 15:24:14 INFO     Training average L_uncertainty at step 1800: 45.197249
2025-12-03 15:24:14 INFO     Training average L_kl at step 1800: 45051.056445
2025-12-03 15:24:14 INFO     Training average L_sigma at step 1800: 14.619073
2025-12-03 15:24:14 INFO     Training average mu_mean at step 1800: -1.444422
2025-12-03 15:24:14 INFO     Training average sigma_mean at step 1800: 0.168045
2025-12-03 15:24:14 INFO     Training average regularization at step 1800: 0.000000
2025-12-03 15:24:14 INFO     Training average loss at step 1800: 1.572848
2025-12-03 15:26:16 INFO     Training average positive_fact_loss at step 1900: 0.279356
2025-12-03 15:26:16 INFO     Training average negative_fact_loss at step 1900: 0.238186
2025-12-03 15:26:16 INFO     Training average positive_rule_loss at step 1900: 0.268572
2025-12-03 15:26:16 INFO     Training average negative_rule_loss at step 1900: 1.452203
2025-12-03 15:26:16 INFO     Training average L_uncertainty at step 1900: 45.054483
2025-12-03 15:26:16 INFO     Training average L_kl at step 1900: 44907.343594
2025-12-03 15:26:16 INFO     Training average L_sigma at step 1900: 14.713733
2025-12-03 15:26:16 INFO     Training average mu_mean at step 1900: -1.438385
2025-12-03 15:26:16 INFO     Training average sigma_mean at step 1900: 0.168043
2025-12-03 15:26:16 INFO     Training average regularization at step 1900: 0.000000
2025-12-03 15:26:16 INFO     Training average loss at step 1900: 1.569703
2025-12-03 15:28:22 INFO     Training average positive_fact_loss at step 2000: 0.278938
2025-12-03 15:28:22 INFO     Training average negative_fact_loss at step 2000: 0.237677
2025-12-03 15:28:22 INFO     Training average positive_rule_loss at step 2000: 0.270346
2025-12-03 15:28:22 INFO     Training average negative_rule_loss at step 2000: 1.448968
2025-12-03 15:28:22 INFO     Training average L_uncertainty at step 2000: 45.048248
2025-12-03 15:28:22 INFO     Training average L_kl at step 2000: 44903.675937
2025-12-03 15:28:22 INFO     Training average L_sigma at step 2000: 14.456986
2025-12-03 15:28:22 INFO     Training average mu_mean at step 2000: -1.437240
2025-12-03 15:28:22 INFO     Training average sigma_mean at step 2000: 0.168044
2025-12-03 15:28:22 INFO     Training average regularization at step 2000: 0.000000
2025-12-03 15:28:22 INFO     Training average loss at step 2000: 1.568447
2025-12-03 15:28:22 INFO     Evaluating on Valid Dataset...
2025-12-03 15:28:22 INFO     >>>>> RuleE emb: Evaluating on valid
2025-12-03 15:28:39 INFO     Data : 2612
2025-12-03 15:28:39 INFO     Hit1 : 0.674196
2025-12-03 15:28:39 INFO     Hit3 : 0.897014
2025-12-03 15:28:39 INFO     Hit10: 0.960567
2025-12-03 15:28:39 INFO     MR   : 3.253446
2025-12-03 15:28:39 INFO     MRR  : 0.793508
2025-12-03 15:30:59 INFO     Training average positive_fact_loss at step 2100: 0.278134
2025-12-03 15:30:59 INFO     Training average negative_fact_loss at step 2100: 0.237708
2025-12-03 15:30:59 INFO     Training average positive_rule_loss at step 2100: 0.273220
2025-12-03 15:30:59 INFO     Training average negative_rule_loss at step 2100: 1.444338
2025-12-03 15:30:59 INFO     Training average L_uncertainty at step 2100: 44.920675
2025-12-03 15:30:59 INFO     Training average L_kl at step 2100: 44774.383398
2025-12-03 15:30:59 INFO     Training average L_sigma at step 2100: 14.628904
2025-12-03 15:30:59 INFO     Training average mu_mean at step 2100: -1.431590
2025-12-03 15:30:59 INFO     Training average sigma_mean at step 2100: 0.168037
2025-12-03 15:30:59 INFO     Training average regularization at step 2100: 0.000000
2025-12-03 15:30:59 INFO     Training average loss at step 2100: 1.565907
2025-12-03 15:33:01 INFO     Training average positive_fact_loss at step 2200: 0.277738
2025-12-03 15:33:01 INFO     Training average negative_fact_loss at step 2200: 0.236805
2025-12-03 15:33:01 INFO     Training average positive_rule_loss at step 2200: 0.275417
2025-12-03 15:33:01 INFO     Training average negative_rule_loss at step 2200: 1.440127
2025-12-03 15:33:01 INFO     Training average L_uncertainty at step 2200: 44.829600
2025-12-03 15:33:01 INFO     Training average L_kl at step 2200: 44680.005586
2025-12-03 15:33:01 INFO     Training average L_sigma at step 2200: 14.959252
2025-12-03 15:33:01 INFO     Training average mu_mean at step 2200: -1.427176
2025-12-03 15:33:01 INFO     Training average sigma_mean at step 2200: 0.168051
2025-12-03 15:33:01 INFO     Training average regularization at step 2200: 0.000000
2025-12-03 15:33:01 INFO     Training average loss at step 2200: 1.563339
2025-12-03 15:35:05 INFO     Training average positive_fact_loss at step 2300: 0.278506
2025-12-03 15:35:05 INFO     Training average negative_fact_loss at step 2300: 0.236734
2025-12-03 15:35:05 INFO     Training average positive_rule_loss at step 2300: 0.277448
2025-12-03 15:35:05 INFO     Training average negative_rule_loss at step 2300: 1.437900
2025-12-03 15:35:05 INFO     Training average L_uncertainty at step 2300: 44.812620
2025-12-03 15:35:05 INFO     Training average L_kl at step 2300: 44662.416211
2025-12-03 15:35:05 INFO     Training average L_sigma at step 2300: 15.020138
2025-12-03 15:35:05 INFO     Training average mu_mean at step 2300: -1.425325
2025-12-03 15:35:05 INFO     Training average sigma_mean at step 2300: 0.168042
2025-12-03 15:35:05 INFO     Training average regularization at step 2300: 0.000000
2025-12-03 15:35:05 INFO     Training average loss at step 2300: 1.563420
2025-12-03 15:37:16 INFO     Training average positive_fact_loss at step 2400: 0.277977
2025-12-03 15:37:16 INFO     Training average negative_fact_loss at step 2400: 0.236641
2025-12-03 15:37:16 INFO     Training average positive_rule_loss at step 2400: 0.280489
2025-12-03 15:37:16 INFO     Training average negative_rule_loss at step 2400: 1.432092
2025-12-03 15:37:16 INFO     Training average L_uncertainty at step 2400: 44.702328
2025-12-03 15:37:16 INFO     Training average L_kl at step 2400: 44547.337148
2025-12-03 15:37:16 INFO     Training average L_sigma at step 2400: 15.498925
2025-12-03 15:37:16 INFO     Training average mu_mean at step 2400: -1.420307
2025-12-03 15:37:16 INFO     Training average sigma_mean at step 2400: 0.168037
2025-12-03 15:37:16 INFO     Training average regularization at step 2400: 0.000000
2025-12-03 15:37:16 INFO     Training average loss at step 2400: 1.560623
2025-12-03 15:39:27 INFO     Training average positive_fact_loss at step 2500: 0.277657
2025-12-03 15:39:27 INFO     Training average negative_fact_loss at step 2500: 0.236615
2025-12-03 15:39:27 INFO     Training average positive_rule_loss at step 2500: 0.282772
2025-12-03 15:39:27 INFO     Training average negative_rule_loss at step 2500: 1.429281
2025-12-03 15:39:27 INFO     Training average L_uncertainty at step 2500: 44.664269
2025-12-03 15:39:27 INFO     Training average L_kl at step 2500: 44506.980078
2025-12-03 15:39:27 INFO     Training average L_sigma at step 2500: 15.728694
2025-12-03 15:39:27 INFO     Training average mu_mean at step 2500: -1.417903
2025-12-03 15:39:27 INFO     Training average sigma_mean at step 2500: 0.168051
2025-12-03 15:39:27 INFO     Training average regularization at step 2500: 0.000000
2025-12-03 15:39:27 INFO     Training average loss at step 2500: 1.559805
2025-12-03 15:41:31 INFO     Training average positive_fact_loss at step 2600: 0.277603
2025-12-03 15:41:31 INFO     Training average negative_fact_loss at step 2600: 0.236260
2025-12-03 15:41:31 INFO     Training average positive_rule_loss at step 2600: 0.284111
2025-12-03 15:41:31 INFO     Training average negative_rule_loss at step 2600: 1.427050
2025-12-03 15:41:31 INFO     Training average L_uncertainty at step 2600: 44.612423
2025-12-03 15:41:31 INFO     Training average L_kl at step 2600: 44450.108906
2025-12-03 15:41:31 INFO     Training average L_sigma at step 2600: 16.231222
2025-12-03 15:41:31 INFO     Training average mu_mean at step 2600: -1.414980
2025-12-03 15:41:31 INFO     Training average sigma_mean at step 2600: 0.168027
2025-12-03 15:41:31 INFO     Training average regularization at step 2600: 0.000000
2025-12-03 15:41:31 INFO     Training average loss at step 2600: 1.558636
2025-12-03 15:43:33 INFO     Training average positive_fact_loss at step 2700: 0.277532
2025-12-03 15:43:33 INFO     Training average negative_fact_loss at step 2700: 0.235819
2025-12-03 15:43:33 INFO     Training average positive_rule_loss at step 2700: 0.287903
2025-12-03 15:43:33 INFO     Training average negative_rule_loss at step 2700: 1.421489
2025-12-03 15:43:33 INFO     Training average L_uncertainty at step 2700: 44.508499
2025-12-03 15:43:33 INFO     Training average L_kl at step 2700: 44344.269805
2025-12-03 15:43:33 INFO     Training average L_sigma at step 2700: 16.422687
2025-12-03 15:43:33 INFO     Training average mu_mean at step 2700: -1.409917
2025-12-03 15:43:33 INFO     Training average sigma_mean at step 2700: 0.168042
2025-12-03 15:43:33 INFO     Training average regularization at step 2700: 0.000000
2025-12-03 15:43:33 INFO     Training average loss at step 2700: 1.556457
2025-12-03 15:45:39 INFO     Training average positive_fact_loss at step 2800: 0.277268
2025-12-03 15:45:39 INFO     Training average negative_fact_loss at step 2800: 0.236050
2025-12-03 15:45:39 INFO     Training average positive_rule_loss at step 2800: 0.288830
2025-12-03 15:45:39 INFO     Training average negative_rule_loss at step 2800: 1.420559
2025-12-03 15:45:39 INFO     Training average L_uncertainty at step 2800: 44.498272
2025-12-03 15:45:39 INFO     Training average L_kl at step 2800: 44329.936016
2025-12-03 15:45:39 INFO     Training average L_sigma at step 2800: 16.833342
2025-12-03 15:45:39 INFO     Training average mu_mean at step 2800: -1.408847
2025-12-03 15:45:39 INFO     Training average sigma_mean at step 2800: 0.168032
2025-12-03 15:45:39 INFO     Training average regularization at step 2800: 0.000000
2025-12-03 15:45:39 INFO     Training average loss at step 2800: 1.556337
2025-12-03 15:47:52 INFO     Training average positive_fact_loss at step 2900: 0.276833
2025-12-03 15:47:52 INFO     Training average negative_fact_loss at step 2900: 0.235263
2025-12-03 15:47:52 INFO     Training average positive_rule_loss at step 2900: 0.291659
2025-12-03 15:47:52 INFO     Training average negative_rule_loss at step 2900: 1.415623
2025-12-03 15:47:52 INFO     Training average L_uncertainty at step 2900: 44.330134
2025-12-03 15:47:52 INFO     Training average L_kl at step 2900: 44158.141602
2025-12-03 15:47:52 INFO     Training average L_sigma at step 2900: 17.199011
2025-12-03 15:47:52 INFO     Training average mu_mean at step 2900: -1.401574
2025-12-03 15:47:52 INFO     Training average sigma_mean at step 2900: 0.168038
2025-12-03 15:47:52 INFO     Training average regularization at step 2900: 0.000000
2025-12-03 15:47:52 INFO     Training average loss at step 2900: 1.552990
2025-12-03 15:49:53 INFO     Training average positive_fact_loss at step 3000: 0.277696
2025-12-03 15:49:53 INFO     Training average negative_fact_loss at step 3000: 0.235810
2025-12-03 15:49:53 INFO     Training average positive_rule_loss at step 3000: 0.291327
2025-12-03 15:49:53 INFO     Training average negative_rule_loss at step 3000: 1.414756
2025-12-03 15:49:53 INFO     Training average L_uncertainty at step 3000: 44.281395
2025-12-03 15:49:53 INFO     Training average L_kl at step 3000: 44107.306914
2025-12-03 15:49:53 INFO     Training average L_sigma at step 3000: 17.408614
2025-12-03 15:49:53 INFO     Training average mu_mean at step 3000: -1.398712
2025-12-03 15:49:53 INFO     Training average sigma_mean at step 3000: 0.168037
2025-12-03 15:49:53 INFO     Training average regularization at step 3000: 0.000000
2025-12-03 15:49:53 INFO     Training average loss at step 3000: 1.552608
2025-12-03 15:49:53 INFO     Evaluating on Valid Dataset...
2025-12-03 15:49:53 INFO     >>>>> RuleE emb: Evaluating on valid
2025-12-03 15:50:10 INFO     Data : 2612
2025-12-03 15:50:10 INFO     Hit1 : 0.677642
2025-12-03 15:50:10 INFO     Hit3 : 0.894334
2025-12-03 15:50:10 INFO     Hit10: 0.960949
2025-12-03 15:50:10 INFO     MR   : 3.229709
2025-12-03 15:50:10 INFO     MRR  : 0.794571
2025-12-03 15:52:26 INFO     Training average positive_fact_loss at step 3100: 0.277422
2025-12-03 15:52:26 INFO     Training average negative_fact_loss at step 3100: 0.235339
2025-12-03 15:52:26 INFO     Training average positive_rule_loss at step 3100: 0.294931
2025-12-03 15:52:26 INFO     Training average negative_rule_loss at step 3100: 1.410433
2025-12-03 15:52:26 INFO     Training average L_uncertainty at step 3100: 44.224111
2025-12-03 15:52:26 INFO     Training average L_kl at step 3100: 44045.355977
2025-12-03 15:52:26 INFO     Training average L_sigma at step 3100: 17.875340
2025-12-03 15:52:26 INFO     Training average mu_mean at step 3100: -1.396050
2025-12-03 15:52:26 INFO     Training average sigma_mean at step 3100: 0.168030
2025-12-03 15:52:26 INFO     Training average regularization at step 3100: 0.000000
2025-12-03 15:52:26 INFO     Training average loss at step 3100: 1.551304
2025-12-03 15:54:35 INFO     Training average positive_fact_loss at step 3200: 0.276763
2025-12-03 15:54:35 INFO     Training average negative_fact_loss at step 3200: 0.235254
2025-12-03 15:54:35 INFO     Training average positive_rule_loss at step 3200: 0.295692
2025-12-03 15:54:35 INFO     Training average negative_rule_loss at step 3200: 1.408097
2025-12-03 15:54:35 INFO     Training average L_uncertainty at step 3200: 44.070318
2025-12-03 15:54:35 INFO     Training average L_kl at step 3200: 43890.363398
2025-12-03 15:54:35 INFO     Training average L_sigma at step 3200: 17.995280
2025-12-03 15:54:35 INFO     Training average mu_mean at step 3200: -1.389323
2025-12-03 15:54:35 INFO     Training average sigma_mean at step 3200: 0.168025
2025-12-03 15:54:35 INFO     Training average regularization at step 3200: 0.000000
2025-12-03 15:54:35 INFO     Training average loss at step 3200: 1.548606
2025-12-03 15:56:38 INFO     Training average positive_fact_loss at step 3300: 0.276270
2025-12-03 15:56:38 INFO     Training average negative_fact_loss at step 3300: 0.234867
2025-12-03 15:56:38 INFO     Training average positive_rule_loss at step 3300: 0.297396
2025-12-03 15:56:38 INFO     Training average negative_rule_loss at step 3300: 1.405820
2025-12-03 15:56:38 INFO     Training average L_uncertainty at step 3300: 43.994224
2025-12-03 15:56:38 INFO     Training average L_kl at step 3300: 43815.772227
2025-12-03 15:56:38 INFO     Training average L_sigma at step 3300: 17.844963
2025-12-03 15:56:38 INFO     Training average mu_mean at step 3300: -1.386046
2025-12-03 15:56:38 INFO     Training average sigma_mean at step 3300: 0.168023
2025-12-03 15:56:38 INFO     Training average regularization at step 3300: 0.000000
2025-12-03 15:56:38 INFO     Training average loss at step 3300: 1.547118
2025-12-03 15:58:44 INFO     Training average positive_fact_loss at step 3400: 0.276378
2025-12-03 15:58:44 INFO     Training average negative_fact_loss at step 3400: 0.234876
2025-12-03 15:58:44 INFO     Training average positive_rule_loss at step 3400: 0.298776
2025-12-03 15:58:44 INFO     Training average negative_rule_loss at step 3400: 1.401695
2025-12-03 15:58:44 INFO     Training average L_uncertainty at step 3400: 43.864600
2025-12-03 15:58:44 INFO     Training average L_kl at step 3400: 43685.184062
2025-12-03 15:58:44 INFO     Training average L_sigma at step 3400: 17.941373
2025-12-03 15:58:44 INFO     Training average mu_mean at step 3400: -1.380954
2025-12-03 15:58:44 INFO     Training average sigma_mean at step 3400: 0.168032
2025-12-03 15:58:44 INFO     Training average regularization at step 3400: 0.000000
2025-12-03 15:58:44 INFO     Training average loss at step 3400: 1.544509
2025-12-03 16:00:51 INFO     Training average positive_fact_loss at step 3500: 0.277191
2025-12-03 16:00:51 INFO     Training average negative_fact_loss at step 3500: 0.234856
2025-12-03 16:00:51 INFO     Training average positive_rule_loss at step 3500: 0.300372
2025-12-03 16:00:51 INFO     Training average negative_rule_loss at step 3500: 1.399178
2025-12-03 16:00:51 INFO     Training average L_uncertainty at step 3500: 43.702185
2025-12-03 16:00:51 INFO     Training average L_kl at step 3500: 43525.831367
2025-12-03 16:00:51 INFO     Training average L_sigma at step 3500: 17.635177
2025-12-03 16:00:51 INFO     Training average mu_mean at step 3500: -1.373995
2025-12-03 16:00:51 INFO     Training average sigma_mean at step 3500: 0.168039
2025-12-03 16:00:51 INFO     Training average regularization at step 3500: 0.000000
2025-12-03 16:00:51 INFO     Training average loss at step 3500: 1.542820
2025-12-03 16:03:03 INFO     Training average positive_fact_loss at step 3600: 0.276283
2025-12-03 16:03:03 INFO     Training average negative_fact_loss at step 3600: 0.234240
2025-12-03 16:03:03 INFO     Training average positive_rule_loss at step 3600: 0.299970
2025-12-03 16:03:03 INFO     Training average negative_rule_loss at step 3600: 1.398345
2025-12-03 16:03:03 INFO     Training average L_uncertainty at step 3600: 43.603480
2025-12-03 16:03:03 INFO     Training average L_kl at step 3600: 43428.254961
2025-12-03 16:03:03 INFO     Training average L_sigma at step 3600: 17.522322
2025-12-03 16:03:03 INFO     Training average mu_mean at step 3600: -1.370249
2025-12-03 16:03:03 INFO     Training average sigma_mean at step 3600: 0.168029
2025-12-03 16:03:03 INFO     Training average regularization at step 3600: 0.000000
2025-12-03 16:03:03 INFO     Training average loss at step 3600: 1.540454
2025-12-03 16:05:10 INFO     Training average positive_fact_loss at step 3700: 0.276300
2025-12-03 16:05:10 INFO     Training average negative_fact_loss at step 3700: 0.234916
2025-12-03 16:05:10 INFO     Training average positive_rule_loss at step 3700: 0.301667
2025-12-03 16:05:10 INFO     Training average negative_rule_loss at step 3700: 1.394835
2025-12-03 16:05:10 INFO     Training average L_uncertainty at step 3700: 43.437015
2025-12-03 16:05:10 INFO     Training average L_kl at step 3700: 43262.995547
2025-12-03 16:05:10 INFO     Training average L_sigma at step 3700: 17.401707
2025-12-03 16:05:10 INFO     Training average mu_mean at step 3700: -1.363439
2025-12-03 16:05:10 INFO     Training average sigma_mean at step 3700: 0.168023
2025-12-03 16:05:10 INFO     Training average regularization at step 3700: 0.000000
2025-12-03 16:05:10 INFO     Training average loss at step 3700: 1.538229
2025-12-03 16:07:12 INFO     Training average positive_fact_loss at step 3800: 0.275847
2025-12-03 16:07:12 INFO     Training average negative_fact_loss at step 3800: 0.234246
2025-12-03 16:07:12 INFO     Training average positive_rule_loss at step 3800: 0.302409
2025-12-03 16:07:12 INFO     Training average negative_rule_loss at step 3800: 1.392284
2025-12-03 16:07:12 INFO     Training average L_uncertainty at step 3800: 43.316496
2025-12-03 16:07:12 INFO     Training average L_kl at step 3800: 43146.130195
2025-12-03 16:07:12 INFO     Training average L_sigma at step 3800: 17.036370
2025-12-03 16:07:12 INFO     Training average mu_mean at step 3800: -1.358308
2025-12-03 16:07:12 INFO     Training average sigma_mean at step 3800: 0.168029
2025-12-03 16:07:12 INFO     Training average regularization at step 3800: 0.000000
2025-12-03 16:07:12 INFO     Training average loss at step 3800: 1.535558
2025-12-03 16:09:22 INFO     Training average positive_fact_loss at step 3900: 0.276707
2025-12-03 16:09:22 INFO     Training average negative_fact_loss at step 3900: 0.233951
2025-12-03 16:09:22 INFO     Training average positive_rule_loss at step 3900: 0.302879
2025-12-03 16:09:22 INFO     Training average negative_rule_loss at step 3900: 1.390170
2025-12-03 16:09:22 INFO     Training average L_uncertainty at step 3900: 43.149497
2025-12-03 16:09:22 INFO     Training average L_kl at step 3900: 42979.648008
2025-12-03 16:09:22 INFO     Training average L_sigma at step 3900: 16.984724
2025-12-03 16:09:22 INFO     Training average mu_mean at step 3900: -1.351804
2025-12-03 16:09:22 INFO     Training average sigma_mean at step 3900: 0.168029
2025-12-03 16:09:22 INFO     Training average regularization at step 3900: 0.000000
2025-12-03 16:09:22 INFO     Training average loss at step 3900: 1.533348
2025-12-03 16:11:29 INFO     Training average positive_fact_loss at step 4000: 0.275967
2025-12-03 16:11:29 INFO     Training average negative_fact_loss at step 4000: 0.234434
2025-12-03 16:11:29 INFO     Training average positive_rule_loss at step 4000: 0.302850
2025-12-03 16:11:29 INFO     Training average negative_rule_loss at step 4000: 1.388568
2025-12-03 16:11:29 INFO     Training average L_uncertainty at step 4000: 42.973542
2025-12-03 16:11:29 INFO     Training average L_kl at step 4000: 42808.396523
2025-12-03 16:11:29 INFO     Training average L_sigma at step 4000: 16.514325
2025-12-03 16:11:29 INFO     Training average mu_mean at step 4000: -1.344297
2025-12-03 16:11:29 INFO     Training average sigma_mean at step 4000: 0.168029
2025-12-03 16:11:29 INFO     Training average regularization at step 4000: 0.000000
2025-12-03 16:11:29 INFO     Training average loss at step 4000: 1.530645
2025-12-03 16:11:29 INFO     Evaluating on Valid Dataset...
2025-12-03 16:11:29 INFO     >>>>> RuleE emb: Evaluating on valid
2025-12-03 16:11:46 INFO     Data : 2612
2025-12-03 16:11:46 INFO     Hit1 : 0.695636
2025-12-03 16:11:46 INFO     Hit3 : 0.897779
2025-12-03 16:11:46 INFO     Hit10: 0.962098
2025-12-03 16:11:46 INFO     MR   : 3.197933
2025-12-03 16:11:46 INFO     MRR  : 0.804826
2025-12-03 16:14:04 INFO     Training average positive_fact_loss at step 4100: 0.275861
2025-12-03 16:14:04 INFO     Training average negative_fact_loss at step 4100: 0.234039
2025-12-03 16:14:04 INFO     Training average positive_rule_loss at step 4100: 0.304113
2025-12-03 16:14:04 INFO     Training average negative_rule_loss at step 4100: 1.386008
2025-12-03 16:14:04 INFO     Training average L_uncertainty at step 4100: 42.835837
2025-12-03 16:14:04 INFO     Training average L_kl at step 4100: 42671.264883
2025-12-03 16:14:04 INFO     Training average L_sigma at step 4100: 16.456986
2025-12-03 16:14:04 INFO     Training average mu_mean at step 4100: -1.338994
2025-12-03 16:14:04 INFO     Training average sigma_mean at step 4100: 0.168021
2025-12-03 16:14:04 INFO     Training average regularization at step 4100: 0.000000
2025-12-03 16:14:04 INFO     Training average loss at step 4100: 1.528369
2025-12-03 16:16:08 INFO     Training average positive_fact_loss at step 4200: 0.275594
2025-12-03 16:16:08 INFO     Training average negative_fact_loss at step 4200: 0.233428
2025-12-03 16:16:08 INFO     Training average positive_rule_loss at step 4200: 0.304983
2025-12-03 16:16:08 INFO     Training average negative_rule_loss at step 4200: 1.382351
2025-12-03 16:16:08 INFO     Training average L_uncertainty at step 4200: 42.628796
2025-12-03 16:16:08 INFO     Training average L_kl at step 4200: 42466.882227
2025-12-03 16:16:08 INFO     Training average L_sigma at step 4200: 16.191201
2025-12-03 16:16:08 INFO     Training average mu_mean at step 4200: -1.330323
2025-12-03 16:16:08 INFO     Training average sigma_mean at step 4200: 0.168032
2025-12-03 16:16:08 INFO     Training average regularization at step 4200: 0.000000
2025-12-03 16:16:08 INFO     Training average loss at step 4200: 1.524466
2025-12-03 16:18:12 INFO     Training average positive_fact_loss at step 4300: 0.276313
2025-12-03 16:18:12 INFO     Training average negative_fact_loss at step 4300: 0.233771
2025-12-03 16:18:12 INFO     Training average positive_rule_loss at step 4300: 0.304996
2025-12-03 16:18:12 INFO     Training average negative_rule_loss at step 4300: 1.380238
2025-12-03 16:18:12 INFO     Training average L_uncertainty at step 4300: 42.467772
2025-12-03 16:18:12 INFO     Training average L_kl at step 4300: 42308.398281
2025-12-03 16:18:12 INFO     Training average L_sigma at step 4300: 15.937173
2025-12-03 16:18:12 INFO     Training average mu_mean at step 4300: -1.323336
2025-12-03 16:18:12 INFO     Training average sigma_mean at step 4300: 0.168036
2025-12-03 16:18:12 INFO     Training average regularization at step 4300: 0.000000
2025-12-03 16:18:12 INFO     Training average loss at step 4300: 1.522337
2025-12-03 16:20:24 INFO     Training average positive_fact_loss at step 4400: 0.276134
2025-12-03 16:20:24 INFO     Training average negative_fact_loss at step 4400: 0.233627
2025-12-03 16:20:24 INFO     Training average positive_rule_loss at step 4400: 0.305603
2025-12-03 16:20:24 INFO     Training average negative_rule_loss at step 4400: 1.378274
2025-12-03 16:20:24 INFO     Training average L_uncertainty at step 4400: 42.263388
2025-12-03 16:20:24 INFO     Training average L_kl at step 4400: 42105.360703
2025-12-03 16:20:24 INFO     Training average L_sigma at step 4400: 15.802548
2025-12-03 16:20:24 INFO     Training average mu_mean at step 4400: -1.315138
2025-12-03 16:20:24 INFO     Training average sigma_mean at step 4400: 0.168032
2025-12-03 16:20:24 INFO     Training average regularization at step 4400: 0.000000
2025-12-03 16:20:24 INFO     Training average loss at step 4400: 1.519452
2025-12-03 16:22:34 INFO     Training average positive_fact_loss at step 4500: 0.275332
2025-12-03 16:22:34 INFO     Training average negative_fact_loss at step 4500: 0.233805
2025-12-03 16:22:34 INFO     Training average positive_rule_loss at step 4500: 0.307013
2025-12-03 16:22:34 INFO     Training average negative_rule_loss at step 4500: 1.374515
2025-12-03 16:22:34 INFO     Training average L_uncertainty at step 4500: 42.074474
2025-12-03 16:22:34 INFO     Training average L_kl at step 4500: 41919.537148
2025-12-03 16:22:34 INFO     Training average L_sigma at step 4500: 15.493464
2025-12-03 16:22:34 INFO     Training average mu_mean at step 4500: -1.307158
2025-12-03 16:22:34 INFO     Training average sigma_mean at step 4500: 0.168027
2025-12-03 16:22:34 INFO     Training average regularization at step 4500: 0.000000
2025-12-03 16:22:34 INFO     Training average loss at step 4500: 1.516077
2025-12-03 16:24:35 INFO     Training average positive_fact_loss at step 4600: 0.275409
2025-12-03 16:24:35 INFO     Training average negative_fact_loss at step 4600: 0.233212
2025-12-03 16:24:35 INFO     Training average positive_rule_loss at step 4600: 0.306083
2025-12-03 16:24:35 INFO     Training average negative_rule_loss at step 4600: 1.373065
2025-12-03 16:24:35 INFO     Training average L_uncertainty at step 4600: 41.889084
2025-12-03 16:24:35 INFO     Training average L_kl at step 4600: 41736.641758
2025-12-03 16:24:35 INFO     Training average L_sigma at step 4600: 15.244014
2025-12-03 16:24:35 INFO     Training average mu_mean at step 4600: -1.298597
2025-12-03 16:24:35 INFO     Training average sigma_mean at step 4600: 0.168028
2025-12-03 16:24:35 INFO     Training average regularization at step 4600: 0.000000
2025-12-03 16:24:35 INFO     Training average loss at step 4600: 1.512776
2025-12-03 16:26:44 INFO     Training average positive_fact_loss at step 4700: 0.275735
2025-12-03 16:26:44 INFO     Training average negative_fact_loss at step 4700: 0.233178
2025-12-03 16:26:44 INFO     Training average positive_rule_loss at step 4700: 0.308051
2025-12-03 16:26:44 INFO     Training average negative_rule_loss at step 4700: 1.368723
2025-12-03 16:26:44 INFO     Training average L_uncertainty at step 4700: 41.677027
2025-12-03 16:26:44 INFO     Training average L_kl at step 4700: 41525.738750
2025-12-03 16:26:44 INFO     Training average L_sigma at step 4700: 15.128669
2025-12-03 16:26:44 INFO     Training average mu_mean at step 4700: -1.290372
2025-12-03 16:26:44 INFO     Training average sigma_mean at step 4700: 0.168032
2025-12-03 16:26:44 INFO     Training average regularization at step 4700: 0.000000
2025-12-03 16:26:44 INFO     Training average loss at step 4700: 1.509614
2025-12-03 16:28:53 INFO     Training average positive_fact_loss at step 4800: 0.275683
2025-12-03 16:28:53 INFO     Training average negative_fact_loss at step 4800: 0.233481
2025-12-03 16:28:53 INFO     Training average positive_rule_loss at step 4800: 0.308191
2025-12-03 16:28:53 INFO     Training average negative_rule_loss at step 4800: 1.366275
2025-12-03 16:28:53 INFO     Training average L_uncertainty at step 4800: 41.496383
2025-12-03 16:28:53 INFO     Training average L_kl at step 4800: 41347.797031
2025-12-03 16:28:53 INFO     Training average L_sigma at step 4800: 14.858417
2025-12-03 16:28:53 INFO     Training average mu_mean at step 4800: -1.281696
2025-12-03 16:28:53 INFO     Training average sigma_mean at step 4800: 0.168036
2025-12-03 16:28:53 INFO     Training average regularization at step 4800: 0.000000
2025-12-03 16:28:53 INFO     Training average loss at step 4800: 1.506779
2025-12-03 16:31:02 INFO     Training average positive_fact_loss at step 4900: 0.274937
2025-12-03 16:31:02 INFO     Training average negative_fact_loss at step 4900: 0.233367
2025-12-03 16:31:02 INFO     Training average positive_rule_loss at step 4900: 0.308276
2025-12-03 16:31:02 INFO     Training average negative_rule_loss at step 4900: 1.364951
2025-12-03 16:31:02 INFO     Training average L_uncertainty at step 4900: 41.290593
2025-12-03 16:31:02 INFO     Training average L_kl at step 4900: 41141.562969
2025-12-03 16:31:02 INFO     Training average L_sigma at step 4900: 14.902835
2025-12-03 16:31:02 INFO     Training average mu_mean at step 4900: -1.273259
2025-12-03 16:31:02 INFO     Training average sigma_mean at step 4900: 0.168019
2025-12-03 16:31:02 INFO     Training average regularization at step 4900: 0.000000
2025-12-03 16:31:02 INFO     Training average loss at step 4900: 1.503671
2025-12-03 16:33:00 INFO     Training average positive_fact_loss at step 5000: 0.275831
2025-12-03 16:33:00 INFO     Training average negative_fact_loss at step 5000: 0.233230
2025-12-03 16:33:00 INFO     Training average positive_rule_loss at step 5000: 0.309456
2025-12-03 16:33:00 INFO     Training average negative_rule_loss at step 5000: 1.360591
2025-12-03 16:33:00 INFO     Training average L_uncertainty at step 5000: 41.080508
2025-12-03 16:33:00 INFO     Training average L_kl at step 5000: 40934.378164
2025-12-03 16:33:00 INFO     Training average L_sigma at step 5000: 14.612830
2025-12-03 16:33:00 INFO     Training average mu_mean at step 5000: -1.264310
2025-12-03 16:33:00 INFO     Training average sigma_mean at step 5000: 0.168032
2025-12-03 16:33:00 INFO     Training average regularization at step 5000: 0.000000
2025-12-03 16:33:00 INFO     Training average loss at step 5000: 1.500359
2025-12-03 16:33:00 INFO     Evaluating on Valid Dataset...
2025-12-03 16:33:00 INFO     >>>>> RuleE emb: Evaluating on valid
2025-12-03 16:33:17 INFO     Data : 2612
2025-12-03 16:33:17 INFO     Hit1 : 0.685299
2025-12-03 16:33:17 INFO     Hit3 : 0.894717
2025-12-03 16:33:17 INFO     Hit10: 0.960567
2025-12-03 16:33:17 INFO     MR   : 3.242343
2025-12-03 16:33:17 INFO     MRR  : 0.798007
2025-12-03 16:35:19 INFO     Training average positive_fact_loss at step 5100: 0.275631
2025-12-03 16:35:19 INFO     Training average negative_fact_loss at step 5100: 0.233202
2025-12-03 16:35:19 INFO     Training average positive_rule_loss at step 5100: 0.309773
2025-12-03 16:35:19 INFO     Training average negative_rule_loss at step 5100: 1.358334
2025-12-03 16:35:19 INFO     Training average L_uncertainty at step 5100: 40.896039
2025-12-03 16:35:19 INFO     Training average L_kl at step 5100: 40750.998398
2025-12-03 16:35:19 INFO     Training average L_sigma at step 5100: 14.503883
2025-12-03 16:35:19 INFO     Training average mu_mean at step 5100: -1.255196
2025-12-03 16:35:19 INFO     Training average sigma_mean at step 5100: 0.168029
2025-12-03 16:35:19 INFO     Training average regularization at step 5100: 0.000000
2025-12-03 16:35:19 INFO     Training average loss at step 5100: 1.497430
2025-12-03 16:37:30 INFO     Training average positive_fact_loss at step 5200: 0.275345
2025-12-03 16:37:30 INFO     Training average negative_fact_loss at step 5200: 0.232761
2025-12-03 16:37:30 INFO     Training average positive_rule_loss at step 5200: 0.311263
2025-12-03 16:37:30 INFO     Training average negative_rule_loss at step 5200: 1.354131
2025-12-03 16:37:30 INFO     Training average L_uncertainty at step 5200: 40.654300
2025-12-03 16:37:30 INFO     Training average L_kl at step 5200: 40509.522070
2025-12-03 16:37:30 INFO     Training average L_sigma at step 5200: 14.477620
2025-12-03 16:37:30 INFO     Training average mu_mean at step 5200: -1.245216
2025-12-03 16:37:30 INFO     Training average sigma_mean at step 5200: 0.168030
2025-12-03 16:37:30 INFO     Training average regularization at step 5200: 0.000000
2025-12-03 16:37:30 INFO     Training average loss at step 5200: 1.493294
2025-12-03 16:39:36 INFO     Training average positive_fact_loss at step 5300: 0.274923
2025-12-03 16:39:36 INFO     Training average negative_fact_loss at step 5300: 0.232831
2025-12-03 16:39:36 INFO     Training average positive_rule_loss at step 5300: 0.310966
2025-12-03 16:39:36 INFO     Training average negative_rule_loss at step 5300: 1.352134
2025-12-03 16:39:36 INFO     Training average L_uncertainty at step 5300: 40.438054
2025-12-03 16:39:36 INFO     Training average L_kl at step 5300: 40294.676875
2025-12-03 16:39:36 INFO     Training average L_sigma at step 5300: 14.337578
2025-12-03 16:39:36 INFO     Training average mu_mean at step 5300: -1.234894
2025-12-03 16:39:36 INFO     Training average sigma_mean at step 5300: 0.168029
2025-12-03 16:39:36 INFO     Training average regularization at step 5300: 0.000000
2025-12-03 16:39:36 INFO     Training average loss at step 5300: 1.489807
2025-12-03 16:41:46 INFO     Training average positive_fact_loss at step 5400: 0.275512
2025-12-03 16:41:46 INFO     Training average negative_fact_loss at step 5400: 0.233071
2025-12-03 16:41:46 INFO     Training average positive_rule_loss at step 5400: 0.312504
2025-12-03 16:41:46 INFO     Training average negative_rule_loss at step 5400: 1.348400
2025-12-03 16:41:46 INFO     Training average L_uncertainty at step 5400: 40.241178
2025-12-03 16:41:46 INFO     Training average L_kl at step 5400: 40099.519570
2025-12-03 16:41:46 INFO     Training average L_sigma at step 5400: 14.165641
2025-12-03 16:41:46 INFO     Training average mu_mean at step 5400: -1.226404
2025-12-03 16:41:46 INFO     Training average sigma_mean at step 5400: 0.168031
2025-12-03 16:41:46 INFO     Training average regularization at step 5400: 0.000000
2025-12-03 16:41:46 INFO     Training average loss at step 5400: 1.487155
2025-12-03 16:43:48 INFO     Training average positive_fact_loss at step 5500: 0.275482
2025-12-03 16:43:48 INFO     Training average negative_fact_loss at step 5500: 0.232738
2025-12-03 16:43:48 INFO     Training average positive_rule_loss at step 5500: 0.313478
2025-12-03 16:43:48 INFO     Training average negative_rule_loss at step 5500: 1.343631
2025-12-03 16:43:48 INFO     Training average L_uncertainty at step 5500: 39.982806
2025-12-03 16:43:48 INFO     Training average L_kl at step 5500: 39841.754805
2025-12-03 16:43:48 INFO     Training average L_sigma at step 5500: 14.104884
2025-12-03 16:43:48 INFO     Training average mu_mean at step 5500: -1.214901
2025-12-03 16:43:48 INFO     Training average sigma_mean at step 5500: 0.168040
2025-12-03 16:43:48 INFO     Training average regularization at step 5500: 0.000000
2025-12-03 16:43:48 INFO     Training average loss at step 5500: 1.482493
2025-12-03 16:45:53 INFO     Training average positive_fact_loss at step 5600: 0.275305
2025-12-03 16:45:53 INFO     Training average negative_fact_loss at step 5600: 0.232613
2025-12-03 16:45:53 INFO     Training average positive_rule_loss at step 5600: 0.314172
2025-12-03 16:45:53 INFO     Training average negative_rule_loss at step 5600: 1.341331
2025-12-03 16:45:53 INFO     Training average L_uncertainty at step 5600: 39.777385
2025-12-03 16:45:53 INFO     Training average L_kl at step 5600: 39638.700273
2025-12-03 16:45:53 INFO     Training average L_sigma at step 5600: 13.868294
2025-12-03 16:45:53 INFO     Training average mu_mean at step 5600: -1.204447
2025-12-03 16:45:53 INFO     Training average sigma_mean at step 5600: 0.168035
2025-12-03 16:45:53 INFO     Training average regularization at step 5600: 0.000000
2025-12-03 16:45:53 INFO     Training average loss at step 5600: 1.479484
2025-12-03 16:48:05 INFO     Training average positive_fact_loss at step 5700: 0.274628
2025-12-03 16:48:05 INFO     Training average negative_fact_loss at step 5700: 0.232580
2025-12-03 16:48:05 INFO     Training average positive_rule_loss at step 5700: 0.314697
2025-12-03 16:48:05 INFO     Training average negative_rule_loss at step 5700: 1.337682
2025-12-03 16:48:05 INFO     Training average L_uncertainty at step 5700: 39.554558
2025-12-03 16:48:05 INFO     Training average L_kl at step 5700: 39414.704805
2025-12-03 16:48:05 INFO     Training average L_sigma at step 5700: 13.985125
2025-12-03 16:48:05 INFO     Training average mu_mean at step 5700: -1.194976
2025-12-03 16:48:05 INFO     Training average sigma_mean at step 5700: 0.168039
2025-12-03 16:48:05 INFO     Training average regularization at step 5700: 0.000000
2025-12-03 16:48:05 INFO     Training average loss at step 5700: 1.475339
2025-12-03 16:50:07 INFO     Training average positive_fact_loss at step 5800: 0.275263
2025-12-03 16:50:07 INFO     Training average negative_fact_loss at step 5800: 0.232780
2025-12-03 16:50:07 INFO     Training average positive_rule_loss at step 5800: 0.315667
2025-12-03 16:50:07 INFO     Training average negative_rule_loss at step 5800: 1.333912
2025-12-03 16:50:07 INFO     Training average L_uncertainty at step 5800: 39.340452
2025-12-03 16:50:07 INFO     Training average L_kl at step 5800: 39202.612578
2025-12-03 16:50:07 INFO     Training average L_sigma at step 5800: 13.783771
2025-12-03 16:50:07 INFO     Training average mu_mean at step 5800: -1.183593
2025-12-03 16:50:07 INFO     Training average sigma_mean at step 5800: 0.168034
2025-12-03 16:50:07 INFO     Training average regularization at step 5800: 0.000000
2025-12-03 16:50:07 INFO     Training average loss at step 5800: 1.472215
2025-12-03 16:52:12 INFO     Training average positive_fact_loss at step 5900: 0.275216
2025-12-03 16:52:12 INFO     Training average negative_fact_loss at step 5900: 0.232289
2025-12-03 16:52:12 INFO     Training average positive_rule_loss at step 5900: 0.317547
2025-12-03 16:52:12 INFO     Training average negative_rule_loss at step 5900: 1.329823
2025-12-03 16:52:12 INFO     Training average L_uncertainty at step 5900: 39.080107
2025-12-03 16:52:12 INFO     Training average L_kl at step 5900: 38942.682969
2025-12-03 16:52:12 INFO     Training average L_sigma at step 5900: 13.742218
2025-12-03 16:52:12 INFO     Training average mu_mean at step 5900: -1.172347
2025-12-03 16:52:12 INFO     Training average sigma_mean at step 5900: 0.168038
2025-12-03 16:52:12 INFO     Training average regularization at step 5900: 0.000000
2025-12-03 16:52:12 INFO     Training average loss at step 5900: 1.468239
2025-12-03 16:54:22 INFO     Training average positive_fact_loss at step 6000: 0.275412
2025-12-03 16:54:22 INFO     Training average negative_fact_loss at step 6000: 0.232541
2025-12-03 16:54:22 INFO     Training average positive_rule_loss at step 6000: 0.318251
2025-12-03 16:54:22 INFO     Training average negative_rule_loss at step 6000: 1.325549
2025-12-03 16:54:22 INFO     Training average L_uncertainty at step 6000: 38.873332
2025-12-03 16:54:22 INFO     Training average L_kl at step 6000: 38736.146836
2025-12-03 16:54:22 INFO     Training average L_sigma at step 6000: 13.718300
2025-12-03 16:54:22 INFO     Training average mu_mean at step 6000: -1.162060
2025-12-03 16:54:22 INFO     Training average sigma_mean at step 6000: 0.168037
2025-12-03 16:54:22 INFO     Training average regularization at step 6000: 0.000000
2025-12-03 16:54:22 INFO     Training average loss at step 6000: 1.464610
2025-12-03 16:54:22 INFO     Evaluating on Valid Dataset...
2025-12-03 16:54:22 INFO     >>>>> RuleE emb: Evaluating on valid
2025-12-03 16:54:35 INFO     Data : 2612
2025-12-03 16:54:35 INFO     Hit1 : 0.690658
2025-12-03 16:54:35 INFO     Hit3 : 0.893185
2025-12-03 16:54:35 INFO     Hit10: 0.961332
2025-12-03 16:54:35 INFO     MR   : 3.209035
2025-12-03 16:54:35 INFO     MRR  : 0.800829
2025-12-03 16:56:45 INFO     Training average positive_fact_loss at step 6100: 0.274152
2025-12-03 16:56:45 INFO     Training average negative_fact_loss at step 6100: 0.232585
2025-12-03 16:56:45 INFO     Training average positive_rule_loss at step 6100: 0.319106
2025-12-03 16:56:45 INFO     Training average negative_rule_loss at step 6100: 1.321695
2025-12-03 16:56:45 INFO     Training average L_uncertainty at step 6100: 38.631818
2025-12-03 16:56:45 INFO     Training average L_kl at step 6100: 38498.447500
2025-12-03 16:56:45 INFO     Training average L_sigma at step 6100: 13.336886
2025-12-03 16:56:45 INFO     Training average mu_mean at step 6100: -1.149350
2025-12-03 16:56:45 INFO     Training average sigma_mean at step 6100: 0.168037
2025-12-03 16:56:45 INFO     Training average regularization at step 6100: 0.000000
2025-12-03 16:56:45 INFO     Training average loss at step 6100: 1.460087
2025-12-03 16:58:51 INFO     Training average positive_fact_loss at step 6200: 0.274646
2025-12-03 16:58:51 INFO     Training average negative_fact_loss at step 6200: 0.231891
2025-12-03 16:58:51 INFO     Training average positive_rule_loss at step 6200: 0.321270
2025-12-03 16:58:51 INFO     Training average negative_rule_loss at step 6200: 1.316709
2025-12-03 16:58:51 INFO     Training average L_uncertainty at step 6200: 38.385715
2025-12-03 16:58:51 INFO     Training average L_kl at step 6200: 38251.810820
2025-12-03 16:58:51 INFO     Training average L_sigma at step 6200: 13.390186
2025-12-03 16:58:51 INFO     Training average mu_mean at step 6200: -1.138309
2025-12-03 16:58:51 INFO     Training average sigma_mean at step 6200: 0.168043
2025-12-03 16:58:51 INFO     Training average regularization at step 6200: 0.000000
2025-12-03 16:58:51 INFO     Training average loss at step 6200: 1.456115
2025-12-03 17:00:56 INFO     Training average positive_fact_loss at step 6300: 0.275029
2025-12-03 17:00:56 INFO     Training average negative_fact_loss at step 6300: 0.232156
2025-12-03 17:00:56 INFO     Training average positive_rule_loss at step 6300: 0.321923
2025-12-03 17:00:56 INFO     Training average negative_rule_loss at step 6300: 1.313244
2025-12-03 17:00:56 INFO     Training average L_uncertainty at step 6300: 38.133646
2025-12-03 17:00:56 INFO     Training average L_kl at step 6300: 38000.470391
2025-12-03 17:00:56 INFO     Training average L_sigma at step 6300: 13.317352
2025-12-03 17:00:56 INFO     Training average mu_mean at step 6300: -1.125390
2025-12-03 17:00:56 INFO     Training average sigma_mean at step 6300: 0.168040
2025-12-03 17:00:56 INFO     Training average regularization at step 6300: 0.000000
2025-12-03 17:00:56 INFO     Training average loss at step 6300: 1.452513
2025-12-03 17:03:05 INFO     Training average positive_fact_loss at step 6400: 0.274917
2025-12-03 17:03:05 INFO     Training average negative_fact_loss at step 6400: 0.232465
2025-12-03 17:03:05 INFO     Training average positive_rule_loss at step 6400: 0.323184
2025-12-03 17:03:05 INFO     Training average negative_rule_loss at step 6400: 1.308979
2025-12-03 17:03:05 INFO     Training average L_uncertainty at step 6400: 37.941658
2025-12-03 17:03:05 INFO     Training average L_kl at step 6400: 37809.620898
2025-12-03 17:03:05 INFO     Training average L_sigma at step 6400: 13.203506
2025-12-03 17:03:05 INFO     Training average mu_mean at step 6400: -1.114978
2025-12-03 17:03:05 INFO     Training average sigma_mean at step 6400: 0.168037
2025-12-03 17:03:05 INFO     Training average regularization at step 6400: 0.000000
2025-12-03 17:03:05 INFO     Training average loss at step 6400: 1.449190
2025-12-03 17:05:17 INFO     Training average positive_fact_loss at step 6500: 0.274158
2025-12-03 17:05:17 INFO     Training average negative_fact_loss at step 6500: 0.232332
2025-12-03 17:05:17 INFO     Training average positive_rule_loss at step 6500: 0.324445
2025-12-03 17:05:17 INFO     Training average negative_rule_loss at step 6500: 1.303870
2025-12-03 17:05:17 INFO     Training average L_uncertainty at step 6500: 37.665843
2025-12-03 17:05:17 INFO     Training average L_kl at step 6500: 37534.492734
2025-12-03 17:05:17 INFO     Training average L_sigma at step 6500: 13.134803
2025-12-03 17:05:17 INFO     Training average mu_mean at step 6500: -1.101395
2025-12-03 17:05:17 INFO     Training average sigma_mean at step 6500: 0.168038
2025-12-03 17:05:17 INFO     Training average regularization at step 6500: 0.000000
2025-12-03 17:05:17 INFO     Training average loss at step 6500: 1.444060
2025-12-03 17:07:17 INFO     Training average positive_fact_loss at step 6600: 0.274660
2025-12-03 17:07:17 INFO     Training average negative_fact_loss at step 6600: 0.232058
2025-12-03 17:07:17 INFO     Training average positive_rule_loss at step 6600: 0.326372
2025-12-03 17:07:17 INFO     Training average negative_rule_loss at step 6600: 1.299035
2025-12-03 17:07:17 INFO     Training average L_uncertainty at step 6600: 37.458973
2025-12-03 17:07:17 INFO     Training average L_kl at step 6600: 37328.899414
2025-12-03 17:07:17 INFO     Training average L_sigma at step 6600: 13.007188
2025-12-03 17:07:17 INFO     Training average mu_mean at step 6600: -1.090130
2025-12-03 17:07:17 INFO     Training average sigma_mean at step 6600: 0.168037
2025-12-03 17:07:17 INFO     Training average regularization at step 6600: 0.000000
2025-12-03 17:07:17 INFO     Training average loss at step 6600: 1.440653
2025-12-03 17:09:26 INFO     Training average positive_fact_loss at step 6700: 0.274974
2025-12-03 17:09:26 INFO     Training average negative_fact_loss at step 6700: 0.231662
2025-12-03 17:09:26 INFO     Training average positive_rule_loss at step 6700: 0.327463
2025-12-03 17:09:26 INFO     Training average negative_rule_loss at step 6700: 1.294393
2025-12-03 17:09:26 INFO     Training average L_uncertainty at step 6700: 37.202767
2025-12-03 17:09:26 INFO     Training average L_kl at step 6700: 37074.137383
2025-12-03 17:09:26 INFO     Training average L_sigma at step 6700: 12.862831
2025-12-03 17:09:26 INFO     Training average mu_mean at step 6700: -1.077042
2025-12-03 17:09:26 INFO     Training average sigma_mean at step 6700: 0.168038
2025-12-03 17:09:26 INFO     Training average regularization at step 6700: 0.000000
2025-12-03 17:09:26 INFO     Training average loss at step 6700: 1.436273
2025-12-03 17:11:35 INFO     Training average positive_fact_loss at step 6800: 0.275001
2025-12-03 17:11:35 INFO     Training average negative_fact_loss at step 6800: 0.232430
2025-12-03 17:11:35 INFO     Training average positive_rule_loss at step 6800: 0.329145
2025-12-03 17:11:35 INFO     Training average negative_rule_loss at step 6800: 1.289166
2025-12-03 17:11:35 INFO     Training average L_uncertainty at step 6800: 36.970128
2025-12-03 17:11:35 INFO     Training average L_kl at step 6800: 36841.780898
2025-12-03 17:11:35 INFO     Training average L_sigma at step 6800: 12.834583
2025-12-03 17:11:35 INFO     Training average mu_mean at step 6800: -1.064150
2025-12-03 17:11:35 INFO     Training average sigma_mean at step 6800: 0.168038
2025-12-03 17:11:35 INFO     Training average regularization at step 6800: 0.000000
2025-12-03 17:11:35 INFO     Training average loss at step 6800: 1.432572
2025-12-03 17:13:41 INFO     Training average positive_fact_loss at step 6900: 0.274340
2025-12-03 17:13:41 INFO     Training average negative_fact_loss at step 6900: 0.232027
2025-12-03 17:13:41 INFO     Training average positive_rule_loss at step 6900: 0.330613
2025-12-03 17:13:41 INFO     Training average negative_rule_loss at step 6900: 1.284556
2025-12-03 17:13:41 INFO     Training average L_uncertainty at step 6900: 36.723647
2025-12-03 17:13:41 INFO     Training average L_kl at step 6900: 36596.295391
2025-12-03 17:13:41 INFO     Training average L_sigma at step 6900: 12.735016
2025-12-03 17:13:41 INFO     Training average mu_mean at step 6900: -1.050718
2025-12-03 17:13:41 INFO     Training average sigma_mean at step 6900: 0.168045
2025-12-03 17:13:41 INFO     Training average regularization at step 6900: 0.000000
2025-12-03 17:13:41 INFO     Training average loss at step 6900: 1.428005
2025-12-03 17:15:46 INFO     Training average positive_fact_loss at step 7000: 0.274765
2025-12-03 17:15:46 INFO     Training average negative_fact_loss at step 7000: 0.231937
2025-12-03 17:15:46 INFO     Training average positive_rule_loss at step 7000: 0.333286
2025-12-03 17:15:46 INFO     Training average negative_rule_loss at step 7000: 1.278676
2025-12-03 17:15:46 INFO     Training average L_uncertainty at step 7000: 36.482271
2025-12-03 17:15:46 INFO     Training average L_kl at step 7000: 36354.802344
2025-12-03 17:15:46 INFO     Training average L_sigma at step 7000: 12.746727
2025-12-03 17:15:46 INFO     Training average mu_mean at step 7000: -1.037854
2025-12-03 17:15:46 INFO     Training average sigma_mean at step 7000: 0.168041
2025-12-03 17:15:46 INFO     Training average regularization at step 7000: 0.000000
2025-12-03 17:15:46 INFO     Training average loss at step 7000: 1.424155
2025-12-03 17:15:46 INFO     Evaluating on Valid Dataset...
2025-12-03 17:15:46 INFO     >>>>> RuleE emb: Evaluating on valid
2025-12-03 17:16:02 INFO     Data : 2612
2025-12-03 17:16:02 INFO     Hit1 : 0.687213
2025-12-03 17:16:02 INFO     Hit3 : 0.890505
2025-12-03 17:16:02 INFO     Hit10: 0.960949
2025-12-03 17:16:02 INFO     MR   : 3.263400
2025-12-03 17:16:02 INFO     MRR  : 0.797718
2025-12-03 17:18:05 INFO     Training average positive_fact_loss at step 7100: 0.274488
2025-12-03 17:18:05 INFO     Training average negative_fact_loss at step 7100: 0.231851
2025-12-03 17:18:05 INFO     Training average positive_rule_loss at step 7100: 0.333693
2025-12-03 17:18:05 INFO     Training average negative_rule_loss at step 7100: 1.273979
2025-12-03 17:18:05 INFO     Training average L_uncertainty at step 7100: 36.244305
2025-12-03 17:18:05 INFO     Training average L_kl at step 7100: 36118.782266
2025-12-03 17:18:05 INFO     Training average L_sigma at step 7100: 12.552048
2025-12-03 17:18:05 INFO     Training average mu_mean at step 7100: -1.023790
2025-12-03 17:18:05 INFO     Training average sigma_mean at step 7100: 0.168039
2025-12-03 17:18:05 INFO     Training average regularization at step 7100: 0.000000
2025-12-03 17:18:05 INFO     Training average loss at step 7100: 1.419449
2025-12-03 17:20:17 INFO     Training average positive_fact_loss at step 7200: 0.274830
2025-12-03 17:20:17 INFO     Training average negative_fact_loss at step 7200: 0.232069
2025-12-03 17:20:17 INFO     Training average positive_rule_loss at step 7200: 0.336376
2025-12-03 17:20:17 INFO     Training average negative_rule_loss at step 7200: 1.268200
2025-12-03 17:20:17 INFO     Training average L_uncertainty at step 7200: 36.033251
2025-12-03 17:20:17 INFO     Training average L_kl at step 7200: 35908.450859
2025-12-03 17:20:17 INFO     Training average L_sigma at step 7200: 12.479841
2025-12-03 17:20:17 INFO     Training average mu_mean at step 7200: -1.012819
2025-12-03 17:20:17 INFO     Training average sigma_mean at step 7200: 0.168039
2025-12-03 17:20:17 INFO     Training average regularization at step 7200: 0.000000
2025-12-03 17:20:17 INFO     Training average loss at step 7200: 1.416071
2025-12-03 17:22:23 INFO     Training average positive_fact_loss at step 7300: 0.273854
2025-12-03 17:22:23 INFO     Training average negative_fact_loss at step 7300: 0.231643
2025-12-03 17:22:23 INFO     Training average positive_rule_loss at step 7300: 0.338511
2025-12-03 17:22:23 INFO     Training average negative_rule_loss at step 7300: 1.261681
2025-12-03 17:22:23 INFO     Training average L_uncertainty at step 7300: 35.763032
2025-12-03 17:22:23 INFO     Training average L_kl at step 7300: 35639.166602
2025-12-03 17:22:23 INFO     Training average L_sigma at step 7300: 12.386403
2025-12-03 17:22:23 INFO     Training average mu_mean at step 7300: -0.996313
2025-12-03 17:22:23 INFO     Training average sigma_mean at step 7300: 0.168041
2025-12-03 17:22:23 INFO     Training average regularization at step 7300: 0.000000
2025-12-03 17:22:23 INFO     Training average loss at step 7300: 1.410475
2025-12-03 17:24:26 INFO     Training average positive_fact_loss at step 7400: 0.274891
2025-12-03 17:24:26 INFO     Training average negative_fact_loss at step 7400: 0.231870
2025-12-03 17:24:26 INFO     Training average positive_rule_loss at step 7400: 0.340721
2025-12-03 17:24:26 INFO     Training average negative_rule_loss at step 7400: 1.256325
2025-12-03 17:24:26 INFO     Training average L_uncertainty at step 7400: 35.539574
2025-12-03 17:24:26 INFO     Training average L_kl at step 7400: 35416.465664
2025-12-03 17:24:26 INFO     Training average L_sigma at step 7400: 12.310656
2025-12-03 17:24:26 INFO     Training average mu_mean at step 7400: -0.983458
2025-12-03 17:24:26 INFO     Training average sigma_mean at step 7400: 0.168042
2025-12-03 17:24:26 INFO     Training average regularization at step 7400: 0.000000
2025-12-03 17:24:26 INFO     Training average loss at step 7400: 1.407299
2025-12-03 17:26:34 INFO     Training average positive_fact_loss at step 7500: 0.274764
2025-12-03 17:26:34 INFO     Training average negative_fact_loss at step 7500: 0.231724
2025-12-03 17:26:34 INFO     Training average positive_rule_loss at step 7500: 0.341395
2025-12-03 17:26:34 INFO     Training average negative_rule_loss at step 7500: 1.251220
2025-12-03 17:26:34 INFO     Training average L_uncertainty at step 7500: 35.319393
2025-12-03 17:26:34 INFO     Training average L_kl at step 7500: 35196.446797
2025-12-03 17:26:34 INFO     Training average L_sigma at step 7500: 12.294411
2025-12-03 17:26:34 INFO     Training average mu_mean at step 7500: -0.970609
2025-12-03 17:26:34 INFO     Training average sigma_mean at step 7500: 0.168046
2025-12-03 17:26:34 INFO     Training average regularization at step 7500: 0.000000
2025-12-03 17:26:34 INFO     Training average loss at step 7500: 1.402745
2025-12-03 17:28:40 INFO     Training average positive_fact_loss at step 7600: 0.274260
2025-12-03 17:28:40 INFO     Training average negative_fact_loss at step 7600: 0.231146
2025-12-03 17:28:40 INFO     Training average positive_rule_loss at step 7600: 0.344910
2025-12-03 17:28:40 INFO     Training average negative_rule_loss at step 7600: 1.244179
2025-12-03 17:28:40 INFO     Training average L_uncertainty at step 7600: 35.045700
2025-12-03 17:28:40 INFO     Training average L_kl at step 7600: 34924.137930
2025-12-03 17:28:40 INFO     Training average L_sigma at step 7600: 12.156030
2025-12-03 17:28:40 INFO     Training average mu_mean at step 7600: -0.953052
2025-12-03 17:28:40 INFO     Training average sigma_mean at step 7600: 0.168044
2025-12-03 17:28:40 INFO     Training average regularization at step 7600: 0.000000
2025-12-03 17:28:40 INFO     Training average loss at step 7600: 1.397705
2025-12-03 17:30:48 INFO     Training average positive_fact_loss at step 7700: 0.273574
2025-12-03 17:30:48 INFO     Training average negative_fact_loss at step 7700: 0.231458
2025-12-03 17:30:48 INFO     Training average positive_rule_loss at step 7700: 0.346775
2025-12-03 17:30:48 INFO     Training average negative_rule_loss at step 7700: 1.238087
2025-12-03 17:30:48 INFO     Training average L_uncertainty at step 7700: 34.864828
2025-12-03 17:30:48 INFO     Training average L_kl at step 7700: 34744.354258
2025-12-03 17:30:48 INFO     Training average L_sigma at step 7700: 12.047174
2025-12-03 17:30:48 INFO     Training average mu_mean at step 7700: -0.943015
2025-12-03 17:30:48 INFO     Training average sigma_mean at step 7700: 0.168045
2025-12-03 17:30:48 INFO     Training average regularization at step 7700: 0.000000
2025-12-03 17:30:48 INFO     Training average loss at step 7700: 1.393595
2025-12-03 17:32:52 INFO     Training average positive_fact_loss at step 7800: 0.274129
2025-12-03 17:32:52 INFO     Training average negative_fact_loss at step 7800: 0.231553
2025-12-03 17:32:52 INFO     Training average positive_rule_loss at step 7800: 0.349051
2025-12-03 17:32:52 INFO     Training average negative_rule_loss at step 7800: 1.231531
2025-12-03 17:32:52 INFO     Training average L_uncertainty at step 7800: 34.611658
2025-12-03 17:32:52 INFO     Training average L_kl at step 7800: 34489.728125
2025-12-03 17:32:52 INFO     Training average L_sigma at step 7800: 12.192743
2025-12-03 17:32:52 INFO     Training average mu_mean at step 7800: -0.926286
2025-12-03 17:32:52 INFO     Training average sigma_mean at step 7800: 0.168045
2025-12-03 17:32:52 INFO     Training average regularization at step 7800: 0.000000
2025-12-03 17:32:52 INFO     Training average loss at step 7800: 1.389249
2025-12-03 17:34:55 INFO     Training average positive_fact_loss at step 7900: 0.274891
2025-12-03 17:34:55 INFO     Training average negative_fact_loss at step 7900: 0.231756
2025-12-03 17:34:55 INFO     Training average positive_rule_loss at step 7900: 0.351958
2025-12-03 17:34:55 INFO     Training average negative_rule_loss at step 7900: 1.225404
2025-12-03 17:34:55 INFO     Training average L_uncertainty at step 7900: 34.391605
2025-12-03 17:34:55 INFO     Training average L_kl at step 7900: 34271.571953
2025-12-03 17:34:55 INFO     Training average L_sigma at step 7900: 12.003199
2025-12-03 17:34:55 INFO     Training average mu_mean at step 7900: -0.912124
2025-12-03 17:34:55 INFO     Training average sigma_mean at step 7900: 0.168048
2025-12-03 17:34:55 INFO     Training average regularization at step 7900: 0.000000
2025-12-03 17:34:55 INFO     Training average loss at step 7900: 1.385920
2025-12-03 17:37:07 INFO     Training average positive_fact_loss at step 8000: 0.274210
2025-12-03 17:37:07 INFO     Training average negative_fact_loss at step 8000: 0.231552
2025-12-03 17:37:07 INFO     Training average positive_rule_loss at step 8000: 0.354376
2025-12-03 17:37:07 INFO     Training average negative_rule_loss at step 8000: 1.219063
2025-12-03 17:37:07 INFO     Training average L_uncertainty at step 8000: 34.194692
2025-12-03 17:37:07 INFO     Training average L_kl at step 8000: 34075.878438
2025-12-03 17:37:07 INFO     Training average L_sigma at step 8000: 11.881194
2025-12-03 17:37:07 INFO     Training average mu_mean at step 8000: -0.900756
2025-12-03 17:37:07 INFO     Training average sigma_mean at step 8000: 0.168046
2025-12-03 17:37:07 INFO     Training average regularization at step 8000: 0.000000
2025-12-03 17:37:07 INFO     Training average loss at step 8000: 1.381548
2025-12-03 17:37:07 INFO     Evaluating on Valid Dataset...
2025-12-03 17:37:07 INFO     >>>>> RuleE emb: Evaluating on valid
2025-12-03 17:37:24 INFO     Data : 2612
2025-12-03 17:37:24 INFO     Hit1 : 0.701378
2025-12-03 17:37:24 INFO     Hit3 : 0.892802
2025-12-03 17:37:24 INFO     Hit10: 0.960949
2025-12-03 17:37:24 INFO     MR   : 3.159648
2025-12-03 17:37:24 INFO     MRR  : 0.805945
2025-12-03 17:39:42 INFO     Training average positive_fact_loss at step 8100: 0.273711
2025-12-03 17:39:42 INFO     Training average negative_fact_loss at step 8100: 0.231438
2025-12-03 17:39:42 INFO     Training average positive_rule_loss at step 8100: 0.356035
2025-12-03 17:39:42 INFO     Training average negative_rule_loss at step 8100: 1.212470
2025-12-03 17:39:42 INFO     Training average L_uncertainty at step 8100: 33.976121
2025-12-03 17:39:42 INFO     Training average L_kl at step 8100: 33857.464570
2025-12-03 17:39:42 INFO     Training average L_sigma at step 8100: 11.865529
2025-12-03 17:39:42 INFO     Training average mu_mean at step 8100: -0.884363
2025-12-03 17:39:42 INFO     Training average sigma_mean at step 8100: 0.168047
2025-12-03 17:39:42 INFO     Training average regularization at step 8100: 0.000000
2025-12-03 17:39:42 INFO     Training average loss at step 8100: 1.376588
2025-12-03 17:41:42 INFO     Training average positive_fact_loss at step 8200: 0.275027
2025-12-03 17:41:42 INFO     Training average negative_fact_loss at step 8200: 0.231802
2025-12-03 17:41:42 INFO     Training average positive_rule_loss at step 8200: 0.360544
2025-12-03 17:41:42 INFO     Training average negative_rule_loss at step 8200: 1.204781
2025-12-03 17:41:42 INFO     Training average L_uncertainty at step 8200: 33.755208
2025-12-03 17:41:42 INFO     Training average L_kl at step 8200: 33637.012227
2025-12-03 17:41:42 INFO     Training average L_sigma at step 8200: 11.819392
2025-12-03 17:41:42 INFO     Training average mu_mean at step 8200: -0.870618
2025-12-03 17:41:42 INFO     Training average sigma_mean at step 8200: 0.168048
2025-12-03 17:41:42 INFO     Training average regularization at step 8200: 0.000000
2025-12-03 17:41:42 INFO     Training average loss at step 8200: 1.373629
2025-12-03 17:43:51 INFO     Training average positive_fact_loss at step 8300: 0.273827
2025-12-03 17:43:51 INFO     Training average negative_fact_loss at step 8300: 0.230815
2025-12-03 17:43:51 INFO     Training average positive_rule_loss at step 8300: 0.362357
2025-12-03 17:43:51 INFO     Training average negative_rule_loss at step 8300: 1.198492
2025-12-03 17:43:51 INFO     Training average L_uncertainty at step 8300: 33.546825
2025-12-03 17:43:51 INFO     Training average L_kl at step 8300: 33428.886523
2025-12-03 17:43:51 INFO     Training average L_sigma at step 8300: 11.793677
2025-12-03 17:43:51 INFO     Training average mu_mean at step 8300: -0.856668
2025-12-03 17:43:51 INFO     Training average sigma_mean at step 8300: 0.168046
2025-12-03 17:43:51 INFO     Training average regularization at step 8300: 0.000000
2025-12-03 17:43:51 INFO     Training average loss at step 8300: 1.368214
2025-12-03 17:46:01 INFO     Training average positive_fact_loss at step 8400: 0.274259
2025-12-03 17:46:01 INFO     Training average negative_fact_loss at step 8400: 0.231410
2025-12-03 17:46:01 INFO     Training average positive_rule_loss at step 8400: 0.364715
2025-12-03 17:46:01 INFO     Training average negative_rule_loss at step 8400: 1.191540
2025-12-03 17:46:01 INFO     Training average L_uncertainty at step 8400: 33.349685
2025-12-03 17:46:01 INFO     Training average L_kl at step 8400: 33231.804102
2025-12-03 17:46:01 INFO     Training average L_sigma at step 8400: 11.787934
2025-12-03 17:46:01 INFO     Training average mu_mean at step 8400: -0.841840
2025-12-03 17:46:01 INFO     Training average sigma_mean at step 8400: 0.168041
2025-12-03 17:46:01 INFO     Training average regularization at step 8400: 0.000000
2025-12-03 17:46:01 INFO     Training average loss at step 8400: 1.364459
2025-12-03 17:48:12 INFO     Training average positive_fact_loss at step 8500: 0.273916
2025-12-03 17:48:12 INFO     Training average negative_fact_loss at step 8500: 0.231326
2025-12-03 17:48:12 INFO     Training average positive_rule_loss at step 8500: 0.369252
2025-12-03 17:48:12 INFO     Training average negative_rule_loss at step 8500: 1.183480
2025-12-03 17:48:12 INFO     Training average L_uncertainty at step 8500: 33.152543
2025-12-03 17:48:12 INFO     Training average L_kl at step 8500: 33035.859668
2025-12-03 17:48:12 INFO     Training average L_sigma at step 8500: 11.668145
2025-12-03 17:48:12 INFO     Training average mu_mean at step 8500: -0.828794
2025-12-03 17:48:12 INFO     Training average sigma_mean at step 8500: 0.168048
2025-12-03 17:48:12 INFO     Training average regularization at step 8500: 0.000000
2025-12-03 17:48:12 INFO     Training average loss at step 8500: 1.360512
2025-12-03 17:50:11 INFO     Training average positive_fact_loss at step 8600: 0.274355
2025-12-03 17:50:11 INFO     Training average negative_fact_loss at step 8600: 0.231375
2025-12-03 17:50:11 INFO     Training average positive_rule_loss at step 8600: 0.372242
2025-12-03 17:50:11 INFO     Training average negative_rule_loss at step 8600: 1.175738
2025-12-03 17:50:11 INFO     Training average L_uncertainty at step 8600: 32.942971
2025-12-03 17:50:11 INFO     Training average L_kl at step 8600: 32826.534434
2025-12-03 17:50:11 INFO     Training average L_sigma at step 8600: 11.643502
2025-12-03 17:50:11 INFO     Training average mu_mean at step 8600: -0.812564
2025-12-03 17:50:11 INFO     Training average sigma_mean at step 8600: 0.168045
2025-12-03 17:50:11 INFO     Training average regularization at step 8600: 0.000000
2025-12-03 17:50:11 INFO     Training average loss at step 8600: 1.356285
2025-12-03 17:52:16 INFO     Training average positive_fact_loss at step 8700: 0.274201
2025-12-03 17:52:16 INFO     Training average negative_fact_loss at step 8700: 0.231125
2025-12-03 17:52:16 INFO     Training average positive_rule_loss at step 8700: 0.373872
2025-12-03 17:52:16 INFO     Training average negative_rule_loss at step 8700: 1.169760
2025-12-03 17:52:16 INFO     Training average L_uncertainty at step 8700: 32.763369
2025-12-03 17:52:16 INFO     Training average L_kl at step 8700: 32647.837305
2025-12-03 17:52:16 INFO     Training average L_sigma at step 8700: 11.553053
2025-12-03 17:52:16 INFO     Training average mu_mean at step 8700: -0.799206
2025-12-03 17:52:16 INFO     Training average sigma_mean at step 8700: 0.168047
2025-12-03 17:52:16 INFO     Training average regularization at step 8700: 0.000000
2025-12-03 17:52:16 INFO     Training average loss at step 8700: 1.352113
2025-12-03 17:54:28 INFO     Training average positive_fact_loss at step 8800: 0.273720
2025-12-03 17:54:28 INFO     Training average negative_fact_loss at step 8800: 0.230954
2025-12-03 17:54:28 INFO     Training average positive_rule_loss at step 8800: 0.378211
2025-12-03 17:54:28 INFO     Training average negative_rule_loss at step 8800: 1.161563
2025-12-03 17:54:28 INFO     Training average L_uncertainty at step 8800: 32.570755
2025-12-03 17:54:28 INFO     Training average L_kl at step 8800: 32453.906250
2025-12-03 17:54:28 INFO     Training average L_sigma at step 8800: 11.684677
2025-12-03 17:54:28 INFO     Training average mu_mean at step 8800: -0.786385
2025-12-03 17:54:28 INFO     Training average sigma_mean at step 8800: 0.168052
2025-12-03 17:54:28 INFO     Training average regularization at step 8800: 0.000000
2025-12-03 17:54:28 INFO     Training average loss at step 8800: 1.347932
2025-12-03 17:56:34 INFO     Training average positive_fact_loss at step 8900: 0.273834
2025-12-03 17:56:34 INFO     Training average negative_fact_loss at step 8900: 0.231311
2025-12-03 17:56:34 INFO     Training average positive_rule_loss at step 8900: 0.381212
2025-12-03 17:56:34 INFO     Training average negative_rule_loss at step 8900: 1.154676
2025-12-03 17:56:34 INFO     Training average L_uncertainty at step 8900: 32.372289
2025-12-03 17:56:34 INFO     Training average L_kl at step 8900: 32257.639160
2025-12-03 17:56:34 INFO     Training average L_sigma at step 8900: 11.464875
2025-12-03 17:56:34 INFO     Training average mu_mean at step 8900: -0.770440
2025-12-03 17:56:34 INFO     Training average sigma_mean at step 8900: 0.168051
2025-12-03 17:56:34 INFO     Training average regularization at step 8900: 0.000000
2025-12-03 17:56:34 INFO     Training average loss at step 8900: 1.344240
2025-12-03 17:58:42 INFO     Training average positive_fact_loss at step 9000: 0.274193
2025-12-03 17:58:42 INFO     Training average negative_fact_loss at step 9000: 0.231094
2025-12-03 17:58:42 INFO     Training average positive_rule_loss at step 9000: 0.385341
2025-12-03 17:58:42 INFO     Training average negative_rule_loss at step 9000: 1.146480
2025-12-03 17:58:42 INFO     Training average L_uncertainty at step 9000: 32.231905
2025-12-03 17:58:42 INFO     Training average L_kl at step 9000: 32116.186504
2025-12-03 17:58:42 INFO     Training average L_sigma at step 9000: 11.571693
2025-12-03 17:58:42 INFO     Training average mu_mean at step 9000: -0.759481
2025-12-03 17:58:42 INFO     Training average sigma_mean at step 9000: 0.168053
2025-12-03 17:58:42 INFO     Training average regularization at step 9000: 0.000000
2025-12-03 17:58:42 INFO     Training average loss at step 9000: 1.340873
2025-12-03 17:58:42 INFO     Evaluating on Valid Dataset...
2025-12-03 17:58:42 INFO     >>>>> RuleE emb: Evaluating on valid
2025-12-03 17:58:55 INFO     Data : 2612
2025-12-03 17:58:55 INFO     Hit1 : 0.702527
2025-12-03 17:58:55 INFO     Hit3 : 0.890505
2025-12-03 17:58:55 INFO     Hit10: 0.962098
2025-12-03 17:58:55 INFO     MR   : 3.181470
2025-12-03 17:58:55 INFO     MRR  : 0.805489
2025-12-03 18:00:59 INFO     Training average positive_fact_loss at step 9100: 0.274752
2025-12-03 18:00:59 INFO     Training average negative_fact_loss at step 9100: 0.231402
2025-12-03 18:00:59 INFO     Training average positive_rule_loss at step 9100: 0.388503
2025-12-03 18:00:59 INFO     Training average negative_rule_loss at step 9100: 1.138339
2025-12-03 18:00:59 INFO     Training average L_uncertainty at step 9100: 32.052911
2025-12-03 18:00:59 INFO     Training average L_kl at step 9100: 31937.773633
2025-12-03 18:00:59 INFO     Training average L_sigma at step 9100: 11.513540
2025-12-03 18:00:59 INFO     Training average mu_mean at step 9100: -0.744790
2025-12-03 18:00:59 INFO     Training average sigma_mean at step 9100: 0.168047
2025-12-03 18:00:59 INFO     Training average regularization at step 9100: 0.000000
2025-12-03 18:00:59 INFO     Training average loss at step 9100: 1.337027
2025-12-03 18:03:05 INFO     Training average positive_fact_loss at step 9200: 0.274023
2025-12-03 18:03:05 INFO     Training average negative_fact_loss at step 9200: 0.230972
2025-12-03 18:03:05 INFO     Training average positive_rule_loss at step 9200: 0.392365
2025-12-03 18:03:05 INFO     Training average negative_rule_loss at step 9200: 1.130850
2025-12-03 18:03:05 INFO     Training average L_uncertainty at step 9200: 31.871061
2025-12-03 18:03:05 INFO     Training average L_kl at step 9200: 31757.307793
2025-12-03 18:03:05 INFO     Training average L_sigma at step 9200: 11.375136
2025-12-03 18:03:05 INFO     Training average mu_mean at step 9200: -0.730889
2025-12-03 18:03:05 INFO     Training average sigma_mean at step 9200: 0.168050
2025-12-03 18:03:05 INFO     Training average regularization at step 9200: 0.000000
2025-12-03 18:03:05 INFO     Training average loss at step 9200: 1.332815
2025-12-03 18:05:16 INFO     Training average positive_fact_loss at step 9300: 0.273912
2025-12-03 18:05:16 INFO     Training average negative_fact_loss at step 9300: 0.231317
2025-12-03 18:05:16 INFO     Training average positive_rule_loss at step 9300: 0.395591
2025-12-03 18:05:16 INFO     Training average negative_rule_loss at step 9300: 1.124192
2025-12-03 18:05:16 INFO     Training average L_uncertainty at step 9300: 31.694626
2025-12-03 18:05:16 INFO     Training average L_kl at step 9300: 31579.966465
2025-12-03 18:05:16 INFO     Training average L_sigma at step 9300: 11.465771
2025-12-03 18:05:16 INFO     Training average mu_mean at step 9300: -0.717449
2025-12-03 18:05:16 INFO     Training average sigma_mean at step 9300: 0.168049
2025-12-03 18:05:16 INFO     Training average regularization at step 9300: 0.000000
2025-12-03 18:05:16 INFO     Training average loss at step 9300: 1.329452
2025-12-03 18:07:20 INFO     Training average positive_fact_loss at step 9400: 0.273571
2025-12-03 18:07:20 INFO     Training average negative_fact_loss at step 9400: 0.230726
2025-12-03 18:07:20 INFO     Training average positive_rule_loss at step 9400: 0.399406
2025-12-03 18:07:20 INFO     Training average negative_rule_loss at step 9400: 1.115339
2025-12-03 18:07:20 INFO     Training average L_uncertainty at step 9400: 31.569036
2025-12-03 18:07:20 INFO     Training average L_kl at step 9400: 31455.435410
2025-12-03 18:07:20 INFO     Training average L_sigma at step 9400: 11.359950
2025-12-03 18:07:20 INFO     Training average mu_mean at step 9400: -0.704897
2025-12-03 18:07:20 INFO     Training average sigma_mean at step 9400: 0.168049
2025-12-03 18:07:20 INFO     Training average regularization at step 9400: 0.000000
2025-12-03 18:07:20 INFO     Training average loss at step 9400: 1.325212
2025-12-03 18:09:25 INFO     Training average positive_fact_loss at step 9500: 0.274672
2025-12-03 18:09:25 INFO     Training average negative_fact_loss at step 9500: 0.230915
2025-12-03 18:09:25 INFO     Training average positive_rule_loss at step 9500: 0.404378
2025-12-03 18:09:25 INFO     Training average negative_rule_loss at step 9500: 1.107685
2025-12-03 18:09:25 INFO     Training average L_uncertainty at step 9500: 31.391346
2025-12-03 18:09:25 INFO     Training average L_kl at step 9500: 31277.284629
2025-12-03 18:09:25 INFO     Training average L_sigma at step 9500: 11.405966
2025-12-03 18:09:25 INFO     Training average mu_mean at step 9500: -0.692094
2025-12-03 18:09:25 INFO     Training average sigma_mean at step 9500: 0.168051
2025-12-03 18:09:25 INFO     Training average regularization at step 9500: 0.000000
2025-12-03 18:09:25 INFO     Training average loss at step 9500: 1.322739
2025-12-03 18:11:36 INFO     Training average positive_fact_loss at step 9600: 0.274209
2025-12-03 18:11:36 INFO     Training average negative_fact_loss at step 9600: 0.231214
2025-12-03 18:11:36 INFO     Training average positive_rule_loss at step 9600: 0.406424
2025-12-03 18:11:36 INFO     Training average negative_rule_loss at step 9600: 1.099607
2025-12-03 18:11:36 INFO     Training average L_uncertainty at step 9600: 31.249808
2025-12-03 18:11:36 INFO     Training average L_kl at step 9600: 31136.402695
2025-12-03 18:11:36 INFO     Training average L_sigma at step 9600: 11.340344
2025-12-03 18:11:36 INFO     Training average mu_mean at step 9600: -0.678901
2025-12-03 18:11:36 INFO     Training average sigma_mean at step 9600: 0.168052
2025-12-03 18:11:36 INFO     Training average regularization at step 9600: 0.000000
2025-12-03 18:11:36 INFO     Training average loss at step 9600: 1.318225
2025-12-03 18:13:46 INFO     Training average positive_fact_loss at step 9700: 0.273897
2025-12-03 18:13:46 INFO     Training average negative_fact_loss at step 9700: 0.231406
2025-12-03 18:13:46 INFO     Training average positive_rule_loss at step 9700: 0.411666
2025-12-03 18:13:46 INFO     Training average negative_rule_loss at step 9700: 1.091863
2025-12-03 18:13:46 INFO     Training average L_uncertainty at step 9700: 31.097458
2025-12-03 18:13:46 INFO     Training average L_kl at step 9700: 30984.383555
2025-12-03 18:13:46 INFO     Training average L_sigma at step 9700: 11.307241
2025-12-03 18:13:46 INFO     Training average mu_mean at step 9700: -0.666657
2025-12-03 18:13:46 INFO     Training average sigma_mean at step 9700: 0.168052
2025-12-03 18:13:46 INFO     Training average regularization at step 9700: 0.000000
2025-12-03 18:13:46 INFO     Training average loss at step 9700: 1.315391
2025-12-03 18:15:51 INFO     Training average positive_fact_loss at step 9800: 0.273881
2025-12-03 18:15:51 INFO     Training average negative_fact_loss at step 9800: 0.230821
2025-12-03 18:15:51 INFO     Training average positive_rule_loss at step 9800: 0.415640
2025-12-03 18:15:51 INFO     Training average negative_rule_loss at step 9800: 1.083372
2025-12-03 18:15:51 INFO     Training average L_uncertainty at step 9800: 30.957240
2025-12-03 18:15:51 INFO     Training average L_kl at step 9800: 30842.975469
2025-12-03 18:15:51 INFO     Training average L_sigma at step 9800: 11.426342
2025-12-03 18:15:51 INFO     Training average mu_mean at step 9800: -0.653837
2025-12-03 18:15:51 INFO     Training average sigma_mean at step 9800: 0.168050
2025-12-03 18:15:51 INFO     Training average regularization at step 9800: 0.000000
2025-12-03 18:15:51 INFO     Training average loss at step 9800: 1.311429
2025-12-03 18:17:54 INFO     Training average positive_fact_loss at step 9900: 0.273843
2025-12-03 18:17:54 INFO     Training average negative_fact_loss at step 9900: 0.230539
2025-12-03 18:17:54 INFO     Training average positive_rule_loss at step 9900: 0.418578
2025-12-03 18:17:54 INFO     Training average negative_rule_loss at step 9900: 1.076362
2025-12-03 18:17:54 INFO     Training average L_uncertainty at step 9900: 30.814690
2025-12-03 18:17:54 INFO     Training average L_kl at step 9900: 30701.649453
2025-12-03 18:17:54 INFO     Training average L_sigma at step 9900: 11.303900
2025-12-03 18:17:54 INFO     Training average mu_mean at step 9900: -0.640939
2025-12-03 18:17:54 INFO     Training average sigma_mean at step 9900: 0.168050
2025-12-03 18:17:54 INFO     Training average regularization at step 9900: 0.000000
2025-12-03 18:17:54 INFO     Training average loss at step 9900: 1.307808
2025-12-03 18:20:03 INFO     Training average positive_fact_loss at step 10000: 0.274379
2025-12-03 18:20:03 INFO     Training average negative_fact_loss at step 10000: 0.231194
2025-12-03 18:20:03 INFO     Training average positive_rule_loss at step 10000: 0.422769
2025-12-03 18:20:03 INFO     Training average negative_rule_loss at step 10000: 1.068485
2025-12-03 18:20:03 INFO     Training average L_uncertainty at step 10000: 30.703553
2025-12-03 18:20:03 INFO     Training average L_kl at step 10000: 30590.623477
2025-12-03 18:20:03 INFO     Training average L_sigma at step 10000: 11.292841
2025-12-03 18:20:03 INFO     Training average mu_mean at step 10000: -0.631012
2025-12-03 18:20:03 INFO     Training average sigma_mean at step 10000: 0.168054
2025-12-03 18:20:03 INFO     Training average regularization at step 10000: 0.000000
2025-12-03 18:20:03 INFO     Training average loss at step 10000: 1.305449
2025-12-03 18:20:03 INFO     Evaluating on Valid Dataset...
2025-12-03 18:20:03 INFO     >>>>> RuleE emb: Evaluating on valid
2025-12-03 18:20:16 INFO     Data : 2612
2025-12-03 18:20:16 INFO     Hit1 : 0.693721
2025-12-03 18:20:16 INFO     Hit3 : 0.894717
2025-12-03 18:20:16 INFO     Hit10: 0.961332
2025-12-03 18:20:16 INFO     MR   : 3.204824
2025-12-03 18:20:16 INFO     MRR  : 0.801692
2025-12-03 18:22:27 INFO     Training average positive_fact_loss at step 10100: 0.273447
2025-12-03 18:22:27 INFO     Training average negative_fact_loss at step 10100: 0.230852
2025-12-03 18:22:27 INFO     Training average positive_rule_loss at step 10100: 0.427584
2025-12-03 18:22:27 INFO     Training average negative_rule_loss at step 10100: 1.059670
2025-12-03 18:22:27 INFO     Training average L_uncertainty at step 10100: 30.531383
2025-12-03 18:22:27 INFO     Training average L_kl at step 10100: 30418.240742
2025-12-03 18:22:27 INFO     Training average L_sigma at step 10100: 11.314131
2025-12-03 18:22:27 INFO     Training average mu_mean at step 10100: -0.616069
2025-12-03 18:22:27 INFO     Training average sigma_mean at step 10100: 0.168057
2025-12-03 18:22:27 INFO     Training average regularization at step 10100: 0.000000
2025-12-03 18:22:27 INFO     Training average loss at step 10100: 1.301090
2025-12-03 18:24:27 INFO     Training average positive_fact_loss at step 10200: 0.273910
2025-12-03 18:24:27 INFO     Training average negative_fact_loss at step 10200: 0.230842
2025-12-03 18:24:27 INFO     Training average positive_rule_loss at step 10200: 0.430267
2025-12-03 18:24:27 INFO     Training average negative_rule_loss at step 10200: 1.052883
2025-12-03 18:24:27 INFO     Training average L_uncertainty at step 10200: 30.422384
2025-12-03 18:24:27 INFO     Training average L_kl at step 10200: 30309.296855
2025-12-03 18:24:27 INFO     Training average L_sigma at step 10200: 11.308587
2025-12-03 18:24:27 INFO     Training average mu_mean at step 10200: -0.605437
2025-12-03 18:24:27 INFO     Training average sigma_mean at step 10200: 0.168054
2025-12-03 18:24:27 INFO     Training average regularization at step 10200: 0.000000
2025-12-03 18:24:27 INFO     Training average loss at step 10200: 1.298175
2025-12-03 18:26:36 INFO     Training average positive_fact_loss at step 10300: 0.273905
2025-12-03 18:26:36 INFO     Training average negative_fact_loss at step 10300: 0.230628
2025-12-03 18:26:36 INFO     Training average positive_rule_loss at step 10300: 0.434054
2025-12-03 18:26:36 INFO     Training average negative_rule_loss at step 10300: 1.045818
2025-12-03 18:26:36 INFO     Training average L_uncertainty at step 10300: 30.310194
2025-12-03 18:26:36 INFO     Training average L_kl at step 10300: 30196.707090
2025-12-03 18:26:36 INFO     Training average L_sigma at step 10300: 11.348522
2025-12-03 18:26:36 INFO     Training average mu_mean at step 10300: -0.595427
2025-12-03 18:26:36 INFO     Training average sigma_mean at step 10300: 0.168056
2025-12-03 18:26:36 INFO     Training average regularization at step 10300: 0.000000
2025-12-03 18:26:36 INFO     Training average loss at step 10300: 1.295304
2025-12-03 18:28:45 INFO     Training average positive_fact_loss at step 10400: 0.273696
2025-12-03 18:28:45 INFO     Training average negative_fact_loss at step 10400: 0.230988
2025-12-03 18:28:45 INFO     Training average positive_rule_loss at step 10400: 0.438399
2025-12-03 18:28:45 INFO     Training average negative_rule_loss at step 10400: 1.037457
2025-12-03 18:28:45 INFO     Training average L_uncertainty at step 10400: 30.157019
2025-12-03 18:28:45 INFO     Training average L_kl at step 10400: 30044.844609
2025-12-03 18:28:45 INFO     Training average L_sigma at step 10400: 11.217269
2025-12-03 18:28:45 INFO     Training average mu_mean at step 10400: -0.581387
2025-12-03 18:28:45 INFO     Training average sigma_mean at step 10400: 0.168057
2025-12-03 18:28:45 INFO     Training average regularization at step 10400: 0.000000
2025-12-03 18:28:45 INFO     Training average loss at step 10400: 1.291840
2025-12-03 18:30:53 INFO     Training average positive_fact_loss at step 10500: 0.273699
2025-12-03 18:30:53 INFO     Training average negative_fact_loss at step 10500: 0.230957
2025-12-03 18:30:53 INFO     Training average positive_rule_loss at step 10500: 0.444184
2025-12-03 18:30:53 INFO     Training average negative_rule_loss at step 10500: 1.028559
2025-12-03 18:30:53 INFO     Training average L_uncertainty at step 10500: 30.090473
2025-12-03 18:30:53 INFO     Training average L_kl at step 10500: 29977.086504
2025-12-03 18:30:53 INFO     Training average L_sigma at step 10500: 11.338467
2025-12-03 18:30:53 INFO     Training average mu_mean at step 10500: -0.574576
2025-12-03 18:30:53 INFO     Training average sigma_mean at step 10500: 0.168054
2025-12-03 18:30:53 INFO     Training average regularization at step 10500: 0.000000
2025-12-03 18:30:53 INFO     Training average loss at step 10500: 1.289604
2025-12-03 18:32:59 INFO     Training average positive_fact_loss at step 10600: 0.274033
2025-12-03 18:32:59 INFO     Training average negative_fact_loss at step 10600: 0.230448
2025-12-03 18:32:59 INFO     Training average positive_rule_loss at step 10600: 0.446900
2025-12-03 18:32:59 INFO     Training average negative_rule_loss at step 10600: 1.022019
2025-12-03 18:32:59 INFO     Training average L_uncertainty at step 10600: 29.932741
2025-12-03 18:32:59 INFO     Training average L_kl at step 10600: 29820.609902
2025-12-03 18:32:59 INFO     Training average L_sigma at step 10600: 11.212945
2025-12-03 18:32:59 INFO     Training average mu_mean at step 10600: -0.559865
2025-12-03 18:32:59 INFO     Training average sigma_mean at step 10600: 0.168057
2025-12-03 18:32:59 INFO     Training average regularization at step 10600: 0.000000
2025-12-03 18:32:59 INFO     Training average loss at step 10600: 1.286028
2025-12-03 18:35:05 INFO     Training average positive_fact_loss at step 10700: 0.273961
2025-12-03 18:35:05 INFO     Training average negative_fact_loss at step 10700: 0.230820
2025-12-03 18:35:05 INFO     Training average positive_rule_loss at step 10700: 0.448240
2025-12-03 18:35:05 INFO     Training average negative_rule_loss at step 10700: 1.015913
2025-12-03 18:35:05 INFO     Training average L_uncertainty at step 10700: 29.848046
2025-12-03 18:35:05 INFO     Training average L_kl at step 10700: 29735.747539
2025-12-03 18:35:05 INFO     Training average L_sigma at step 10700: 11.229690
2025-12-03 18:35:05 INFO     Training average mu_mean at step 10700: -0.550148
2025-12-03 18:35:05 INFO     Training average sigma_mean at step 10700: 0.168056
2025-12-03 18:35:05 INFO     Training average regularization at step 10700: 0.000000
2025-12-03 18:35:05 INFO     Training average loss at step 10700: 1.282947
2025-12-03 18:37:18 INFO     Training average positive_fact_loss at step 10800: 0.274212
2025-12-03 18:37:18 INFO     Training average negative_fact_loss at step 10800: 0.230770
2025-12-03 18:37:18 INFO     Training average positive_rule_loss at step 10800: 0.455589
2025-12-03 18:37:18 INFO     Training average negative_rule_loss at step 10800: 1.007075
2025-12-03 18:37:18 INFO     Training average L_uncertainty at step 10800: 29.736879
2025-12-03 18:37:18 INFO     Training average L_kl at step 10800: 29620.321074
2025-12-03 18:37:18 INFO     Training average L_sigma at step 10800: 11.655681
2025-12-03 18:37:18 INFO     Training average mu_mean at step 10800: -0.540864
2025-12-03 18:37:18 INFO     Training average sigma_mean at step 10800: 0.168058
2025-12-03 18:37:18 INFO     Training average regularization at step 10800: 0.000000
2025-12-03 18:37:18 INFO     Training average loss at step 10800: 1.281191
2025-12-03 18:39:24 INFO     Training average positive_fact_loss at step 10900: 0.273412
2025-12-03 18:39:24 INFO     Training average negative_fact_loss at step 10900: 0.230633
2025-12-03 18:39:24 INFO     Training average positive_rule_loss at step 10900: 0.457859
2025-12-03 18:39:24 INFO     Training average negative_rule_loss at step 10900: 0.999773
2025-12-03 18:39:24 INFO     Training average L_uncertainty at step 10900: 29.605697
2025-12-03 18:39:24 INFO     Training average L_kl at step 10900: 29494.993340
2025-12-03 18:39:24 INFO     Training average L_sigma at step 10900: 11.070270
2025-12-03 18:39:24 INFO     Training average mu_mean at step 10900: -0.528837
2025-12-03 18:39:24 INFO     Training average sigma_mean at step 10900: 0.168063
2025-12-03 18:39:24 INFO     Training average regularization at step 10900: 0.000000
2025-12-03 18:39:24 INFO     Training average loss at step 10900: 1.276896
2025-12-03 18:41:27 INFO     Training average positive_fact_loss at step 11000: 0.273357
2025-12-03 18:41:27 INFO     Training average negative_fact_loss at step 11000: 0.230195
2025-12-03 18:41:27 INFO     Training average positive_rule_loss at step 11000: 0.461516
2025-12-03 18:41:27 INFO     Training average negative_rule_loss at step 11000: 0.992908
2025-12-03 18:41:27 INFO     Training average L_uncertainty at step 11000: 29.507556
2025-12-03 18:41:27 INFO     Training average L_kl at step 11000: 29395.892402
2025-12-03 18:41:27 INFO     Training average L_sigma at step 11000: 11.166218
2025-12-03 18:41:27 INFO     Training average mu_mean at step 11000: -0.518376
2025-12-03 18:41:27 INFO     Training average sigma_mean at step 11000: 0.168063
2025-12-03 18:41:27 INFO     Training average regularization at step 11000: 0.000000
2025-12-03 18:41:27 INFO     Training average loss at step 11000: 1.274064
2025-12-03 18:41:27 INFO     Evaluating on Valid Dataset...
2025-12-03 18:41:27 INFO     >>>>> RuleE emb: Evaluating on valid
2025-12-03 18:41:44 INFO     Data : 2612
2025-12-03 18:41:44 INFO     Hit1 : 0.701761
2025-12-03 18:41:44 INFO     Hit3 : 0.890888
2025-12-03 18:41:44 INFO     Hit10: 0.961715
2025-12-03 18:41:44 INFO     MR   : 3.229326
2025-12-03 18:41:44 INFO     MRR  : 0.805144
2025-12-03 18:43:49 INFO     Training average positive_fact_loss at step 11100: 0.274788
2025-12-03 18:43:49 INFO     Training average negative_fact_loss at step 11100: 0.231336
2025-12-03 18:43:49 INFO     Training average positive_rule_loss at step 11100: 0.464873
2025-12-03 18:43:49 INFO     Training average negative_rule_loss at step 11100: 0.986984
2025-12-03 18:43:49 INFO     Training average L_uncertainty at step 11100: 29.421629
2025-12-03 18:43:49 INFO     Training average L_kl at step 11100: 29309.356367
2025-12-03 18:43:49 INFO     Training average L_sigma at step 11100: 11.227077
2025-12-03 18:43:49 INFO     Training average mu_mean at step 11100: -0.510138
2025-12-03 18:43:49 INFO     Training average sigma_mean at step 11100: 0.168055
2025-12-03 18:43:49 INFO     Training average regularization at step 11100: 0.000000
2025-12-03 18:43:49 INFO     Training average loss at step 11100: 1.273207
2025-12-03 18:45:54 INFO     Training average positive_fact_loss at step 11200: 0.273933
2025-12-03 18:45:54 INFO     Training average negative_fact_loss at step 11200: 0.230905
2025-12-03 18:45:54 INFO     Training average positive_rule_loss at step 11200: 0.468457
2025-12-03 18:45:54 INFO     Training average negative_rule_loss at step 11200: 0.978454
2025-12-03 18:45:54 INFO     Training average L_uncertainty at step 11200: 29.300332
2025-12-03 18:45:54 INFO     Training average L_kl at step 11200: 29186.851133
2025-12-03 18:45:54 INFO     Training average L_sigma at step 11200: 11.347964
2025-12-03 18:45:54 INFO     Training average mu_mean at step 11200: -0.497383
2025-12-03 18:45:54 INFO     Training average sigma_mean at step 11200: 0.168064
2025-12-03 18:45:54 INFO     Training average regularization at step 11200: 0.000000
2025-12-03 18:45:54 INFO     Training average loss at step 11200: 1.268878
2025-12-03 18:48:04 INFO     Training average positive_fact_loss at step 11300: 0.273297
2025-12-03 18:48:04 INFO     Training average negative_fact_loss at step 11300: 0.230199
2025-12-03 18:48:04 INFO     Training average positive_rule_loss at step 11300: 0.472033
2025-12-03 18:48:04 INFO     Training average negative_rule_loss at step 11300: 0.973096
2025-12-03 18:48:04 INFO     Training average L_uncertainty at step 11300: 29.211903
2025-12-03 18:48:04 INFO     Training average L_kl at step 11300: 29099.968809
2025-12-03 18:48:04 INFO     Training average L_sigma at step 11300: 11.193301
2025-12-03 18:48:04 INFO     Training average mu_mean at step 11300: -0.489637
2025-12-03 18:48:04 INFO     Training average sigma_mean at step 11300: 0.168058
2025-12-03 18:48:04 INFO     Training average regularization at step 11300: 0.000000
2025-12-03 18:48:04 INFO     Training average loss at step 11300: 1.266432
2025-12-03 18:50:08 INFO     Training average positive_fact_loss at step 11400: 0.273735
2025-12-03 18:50:08 INFO     Training average negative_fact_loss at step 11400: 0.230399
2025-12-03 18:50:08 INFO     Training average positive_rule_loss at step 11400: 0.475581
2025-12-03 18:50:08 INFO     Training average negative_rule_loss at step 11400: 0.965001
2025-12-03 18:50:08 INFO     Training average L_uncertainty at step 11400: 29.115645
2025-12-03 18:50:08 INFO     Training average L_kl at step 11400: 29003.375488
2025-12-03 18:50:08 INFO     Training average L_sigma at step 11400: 11.226800
2025-12-03 18:50:08 INFO     Training average mu_mean at step 11400: -0.478553
2025-12-03 18:50:08 INFO     Training average sigma_mean at step 11400: 0.168060
2025-12-03 18:50:08 INFO     Training average regularization at step 11400: 0.000000
2025-12-03 18:50:08 INFO     Training average loss at step 11400: 1.263514
2025-12-03 18:52:12 INFO     Training average positive_fact_loss at step 11500: 0.274261
2025-12-03 18:52:12 INFO     Training average negative_fact_loss at step 11500: 0.230670
2025-12-03 18:52:12 INFO     Training average positive_rule_loss at step 11500: 0.478912
2025-12-03 18:52:12 INFO     Training average negative_rule_loss at step 11500: 0.958959
2025-12-03 18:52:12 INFO     Training average L_uncertainty at step 11500: 29.013172
2025-12-03 18:52:12 INFO     Training average L_kl at step 11500: 28898.864980
2025-12-03 18:52:12 INFO     Training average L_sigma at step 11500: 11.430587
2025-12-03 18:52:12 INFO     Training average mu_mean at step 11500: -0.468971
2025-12-03 18:52:12 INFO     Training average sigma_mean at step 11500: 0.168062
2025-12-03 18:52:12 INFO     Training average regularization at step 11500: 0.000000
2025-12-03 18:52:12 INFO     Training average loss at step 11500: 1.261533
2025-12-03 18:54:24 INFO     Training average positive_fact_loss at step 11600: 0.273713
2025-12-03 18:54:24 INFO     Training average negative_fact_loss at step 11600: 0.230692
2025-12-03 18:54:24 INFO     Training average positive_rule_loss at step 11600: 0.481542
2025-12-03 18:54:24 INFO     Training average negative_rule_loss at step 11600: 0.952910
2025-12-03 18:54:24 INFO     Training average L_uncertainty at step 11600: 28.934424
2025-12-03 18:54:24 INFO     Training average L_kl at step 11600: 28824.345859
2025-12-03 18:54:24 INFO     Training average L_sigma at step 11600: 11.007732
2025-12-03 18:54:24 INFO     Training average mu_mean at step 11600: -0.460491
2025-12-03 18:54:24 INFO     Training average sigma_mean at step 11600: 0.168058
2025-12-03 18:54:24 INFO     Training average regularization at step 11600: 0.000000
2025-12-03 18:54:24 INFO     Training average loss at step 11600: 1.258773
2025-12-03 18:56:33 INFO     Training average positive_fact_loss at step 11700: 0.273052
2025-12-03 18:56:33 INFO     Training average negative_fact_loss at step 11700: 0.230461
2025-12-03 18:56:33 INFO     Training average positive_rule_loss at step 11700: 0.484976
2025-12-03 18:56:33 INFO     Training average negative_rule_loss at step 11700: 0.945622
2025-12-03 18:56:33 INFO     Training average L_uncertainty at step 11700: 28.826995
2025-12-03 18:56:33 INFO     Training average L_kl at step 11700: 28714.494766
2025-12-03 18:56:33 INFO     Training average L_sigma at step 11700: 11.249834
2025-12-03 18:56:33 INFO     Training average mu_mean at step 11700: -0.449104
2025-12-03 18:56:33 INFO     Training average sigma_mean at step 11700: 0.168061
2025-12-03 18:56:33 INFO     Training average regularization at step 11700: 0.000000
2025-12-03 18:56:33 INFO     Training average loss at step 11700: 1.255326
2025-12-03 18:58:32 INFO     Training average positive_fact_loss at step 11800: 0.274090
2025-12-03 18:58:32 INFO     Training average negative_fact_loss at step 11800: 0.230693
2025-12-03 18:58:32 INFO     Training average positive_rule_loss at step 11800: 0.487012
2025-12-03 18:58:32 INFO     Training average negative_rule_loss at step 11800: 0.940585
2025-12-03 18:58:32 INFO     Training average L_uncertainty at step 11800: 28.739013
2025-12-03 18:58:32 INFO     Training average L_kl at step 11800: 28626.692383
2025-12-03 18:58:32 INFO     Training average L_sigma at step 11800: 11.231935
2025-12-03 18:58:32 INFO     Training average mu_mean at step 11800: -0.440336
2025-12-03 18:58:32 INFO     Training average sigma_mean at step 11800: 0.168063
2025-12-03 18:58:32 INFO     Training average regularization at step 11800: 0.000000
2025-12-03 18:58:32 INFO     Training average loss at step 11800: 1.253580
2025-12-03 19:00:41 INFO     Training average positive_fact_loss at step 11900: 0.274082
2025-12-03 19:00:41 INFO     Training average negative_fact_loss at step 11900: 0.230631
2025-12-03 19:00:41 INFO     Training average positive_rule_loss at step 11900: 0.490111
2025-12-03 19:00:41 INFO     Training average negative_rule_loss at step 11900: 0.933978
2025-12-03 19:00:41 INFO     Training average L_uncertainty at step 11900: 28.650630
2025-12-03 19:00:41 INFO     Training average L_kl at step 11900: 28537.681191
2025-12-03 19:00:41 INFO     Training average L_sigma at step 11900: 11.294735
2025-12-03 19:00:41 INFO     Training average mu_mean at step 11900: -0.430729
2025-12-03 19:00:41 INFO     Training average sigma_mean at step 11900: 0.168063
2025-12-03 19:00:41 INFO     Training average regularization at step 11900: 0.000000
2025-12-03 19:00:41 INFO     Training average loss at step 11900: 1.250907
2025-12-03 19:02:51 INFO     Training average positive_fact_loss at step 12000: 0.273548
2025-12-03 19:02:51 INFO     Training average negative_fact_loss at step 12000: 0.230350
2025-12-03 19:02:51 INFO     Training average positive_rule_loss at step 12000: 0.494978
2025-12-03 19:02:51 INFO     Training average negative_rule_loss at step 12000: 0.925883
2025-12-03 19:02:51 INFO     Training average L_uncertainty at step 12000: 28.560380
2025-12-03 19:02:51 INFO     Training average L_kl at step 12000: 28447.759922
2025-12-03 19:02:51 INFO     Training average L_sigma at step 12000: 11.261908
2025-12-03 19:02:51 INFO     Training average mu_mean at step 12000: -0.421773
2025-12-03 19:02:51 INFO     Training average sigma_mean at step 12000: 0.168064
2025-12-03 19:02:51 INFO     Training average regularization at step 12000: 0.000000
2025-12-03 19:02:51 INFO     Training average loss at step 12000: 1.247983
2025-12-03 19:02:51 INFO     Evaluating on Valid Dataset...
2025-12-03 19:02:51 INFO     >>>>> RuleE emb: Evaluating on valid
2025-12-03 19:03:07 INFO     Data : 2612
2025-12-03 19:03:07 INFO     Hit1 : 0.710949
2025-12-03 19:03:07 INFO     Hit3 : 0.893568
2025-12-03 19:03:07 INFO     Hit10: 0.959418
2025-12-03 19:03:07 INFO     MR   : 3.166539
2025-12-03 19:03:07 INFO     MRR  : 0.810970
2025-12-03 19:05:29 INFO     Training average positive_fact_loss at step 12100: 0.273664
2025-12-03 19:05:29 INFO     Training average negative_fact_loss at step 12100: 0.230573
2025-12-03 19:05:29 INFO     Training average positive_rule_loss at step 12100: 0.495414
2025-12-03 19:05:29 INFO     Training average negative_rule_loss at step 12100: 0.922066
2025-12-03 19:05:29 INFO     Training average L_uncertainty at step 12100: 28.474646
2025-12-03 19:05:29 INFO     Training average L_kl at step 12100: 28362.269160
2025-12-03 19:05:29 INFO     Training average L_sigma at step 12100: 11.237558
2025-12-03 19:05:29 INFO     Training average mu_mean at step 12100: -0.412216
2025-12-03 19:05:29 INFO     Training average sigma_mean at step 12100: 0.168063
2025-12-03 19:05:29 INFO     Training average regularization at step 12100: 0.000000
2025-12-03 19:05:29 INFO     Training average loss at step 12100: 1.245605
2025-12-03 19:07:29 INFO     Training average positive_fact_loss at step 12200: 0.273858
2025-12-03 19:07:29 INFO     Training average negative_fact_loss at step 12200: 0.230213
2025-12-03 19:07:29 INFO     Training average positive_rule_loss at step 12200: 0.498084
2025-12-03 19:07:29 INFO     Training average negative_rule_loss at step 12200: 0.915956
2025-12-03 19:07:29 INFO     Training average L_uncertainty at step 12200: 28.386943
2025-12-03 19:07:29 INFO     Training average L_kl at step 12200: 28275.043359
2025-12-03 19:07:29 INFO     Training average L_sigma at step 12200: 11.189787
2025-12-03 19:07:29 INFO     Training average mu_mean at step 12200: -0.402089
2025-12-03 19:07:29 INFO     Training average sigma_mean at step 12200: 0.168058
2025-12-03 19:07:29 INFO     Training average regularization at step 12200: 0.000000
2025-12-03 19:07:29 INFO     Training average loss at step 12200: 1.242924
2025-12-03 19:09:36 INFO     Training average positive_fact_loss at step 12300: 0.273376
2025-12-03 19:09:36 INFO     Training average negative_fact_loss at step 12300: 0.230140
2025-12-03 19:09:36 INFO     Training average positive_rule_loss at step 12300: 0.502067
2025-12-03 19:09:36 INFO     Training average negative_rule_loss at step 12300: 0.909385
2025-12-03 19:09:36 INFO     Training average L_uncertainty at step 12300: 28.311784
2025-12-03 19:09:36 INFO     Training average L_kl at step 12300: 28198.791777
2025-12-03 19:09:36 INFO     Training average L_sigma at step 12300: 11.299080
2025-12-03 19:09:36 INFO     Training average mu_mean at step 12300: -0.394241
2025-12-03 19:09:36 INFO     Training average sigma_mean at step 12300: 0.168068
2025-12-03 19:09:36 INFO     Training average regularization at step 12300: 0.000000
2025-12-03 19:09:36 INFO     Training average loss at step 12300: 1.240601
2025-12-03 19:11:47 INFO     Training average positive_fact_loss at step 12400: 0.273475
2025-12-03 19:11:47 INFO     Training average negative_fact_loss at step 12400: 0.230410
2025-12-03 19:11:47 INFO     Training average positive_rule_loss at step 12400: 0.503053
2025-12-03 19:11:47 INFO     Training average negative_rule_loss at step 12400: 0.904160
2025-12-03 19:11:47 INFO     Training average L_uncertainty at step 12400: 28.215557
2025-12-03 19:11:47 INFO     Training average L_kl at step 12400: 28102.347109
2025-12-03 19:11:47 INFO     Training average L_sigma at step 12400: 11.320827
2025-12-03 19:11:47 INFO     Training average mu_mean at step 12400: -0.383000
2025-12-03 19:11:47 INFO     Training average sigma_mean at step 12400: 0.168062
2025-12-03 19:11:47 INFO     Training average regularization at step 12400: 0.000000
2025-12-03 19:11:47 INFO     Training average loss at step 12400: 1.237704
2025-12-03 19:13:53 INFO     Training average positive_fact_loss at step 12500: 0.273836
2025-12-03 19:13:53 INFO     Training average negative_fact_loss at step 12500: 0.230258
2025-12-03 19:13:53 INFO     Training average positive_rule_loss at step 12500: 0.505542
2025-12-03 19:13:53 INFO     Training average negative_rule_loss at step 12500: 0.898120
2025-12-03 19:13:53 INFO     Training average L_uncertainty at step 12500: 28.124920
2025-12-03 19:13:53 INFO     Training average L_kl at step 12500: 28011.828340
2025-12-03 19:13:53 INFO     Training average L_sigma at step 12500: 11.309077
2025-12-03 19:13:53 INFO     Training average mu_mean at step 12500: -0.373646
2025-12-03 19:13:53 INFO     Training average sigma_mean at step 12500: 0.168066
2025-12-03 19:13:53 INFO     Training average regularization at step 12500: 0.000000
2025-12-03 19:13:53 INFO     Training average loss at step 12500: 1.235127
2025-12-03 19:16:00 INFO     Training average positive_fact_loss at step 12600: 0.273590
2025-12-03 19:16:00 INFO     Training average negative_fact_loss at step 12600: 0.230667
2025-12-03 19:16:00 INFO     Training average positive_rule_loss at step 12600: 0.507425
2025-12-03 19:16:00 INFO     Training average negative_rule_loss at step 12600: 0.892915
2025-12-03 19:16:00 INFO     Training average L_uncertainty at step 12600: 28.051257
2025-12-03 19:16:00 INFO     Training average L_kl at step 12600: 27940.732656
2025-12-03 19:16:00 INFO     Training average L_sigma at step 12600: 11.052338
2025-12-03 19:16:00 INFO     Training average mu_mean at step 12600: -0.364300
2025-12-03 19:16:00 INFO     Training average sigma_mean at step 12600: 0.168062
2025-12-03 19:16:00 INFO     Training average regularization at step 12600: 0.000000
2025-12-03 19:16:00 INFO     Training average loss at step 12600: 1.232811
2025-12-03 19:18:03 INFO     Training average positive_fact_loss at step 12700: 0.273753
2025-12-03 19:18:03 INFO     Training average negative_fact_loss at step 12700: 0.230246
2025-12-03 19:18:03 INFO     Training average positive_rule_loss at step 12700: 0.509195
2025-12-03 19:18:03 INFO     Training average negative_rule_loss at step 12700: 0.887770
2025-12-03 19:18:03 INFO     Training average L_uncertainty at step 12700: 27.971670
2025-12-03 19:18:03 INFO     Training average L_kl at step 12700: 27858.546758
2025-12-03 19:18:03 INFO     Training average L_sigma at step 12700: 11.312141
2025-12-03 19:18:03 INFO     Training average mu_mean at step 12700: -0.355634
2025-12-03 19:18:03 INFO     Training average sigma_mean at step 12700: 0.168066
2025-12-03 19:18:03 INFO     Training average regularization at step 12700: 0.000000
2025-12-03 19:18:03 INFO     Training average loss at step 12700: 1.230198
2025-12-03 19:20:09 INFO     Training average positive_fact_loss at step 12800: 0.273830
2025-12-03 19:20:09 INFO     Training average negative_fact_loss at step 12800: 0.230330
2025-12-03 19:20:09 INFO     Training average positive_rule_loss at step 12800: 0.512217
2025-12-03 19:20:09 INFO     Training average negative_rule_loss at step 12800: 0.881899
2025-12-03 19:20:09 INFO     Training average L_uncertainty at step 12800: 27.876982
2025-12-03 19:20:09 INFO     Training average L_kl at step 12800: 27762.197441
2025-12-03 19:20:09 INFO     Training average L_sigma at step 12800: 11.478353
2025-12-03 19:20:09 INFO     Training average mu_mean at step 12800: -0.345224
2025-12-03 19:20:09 INFO     Training average sigma_mean at step 12800: 0.168063
2025-12-03 19:20:09 INFO     Training average regularization at step 12800: 0.000000
2025-12-03 19:20:09 INFO     Training average loss at step 12800: 1.227908
2025-12-03 19:22:22 INFO     Training average positive_fact_loss at step 12900: 0.272861
2025-12-03 19:22:22 INFO     Training average negative_fact_loss at step 12900: 0.230324
2025-12-03 19:22:22 INFO     Training average positive_rule_loss at step 12900: 0.512989
2025-12-03 19:22:22 INFO     Training average negative_rule_loss at step 12900: 0.877659
2025-12-03 19:22:22 INFO     Training average L_uncertainty at step 12900: 27.817375
2025-12-03 19:22:22 INFO     Training average L_kl at step 12900: 27706.890352
2025-12-03 19:22:22 INFO     Training average L_sigma at step 12900: 11.048316
2025-12-03 19:22:22 INFO     Training average mu_mean at step 12900: -0.336510
2025-12-03 19:22:22 INFO     Training average sigma_mean at step 12900: 0.168059
2025-12-03 19:22:22 INFO     Training average regularization at step 12900: 0.000000
2025-12-03 19:22:22 INFO     Training average loss at step 12900: 1.225090
2025-12-03 19:24:25 INFO     Training average positive_fact_loss at step 13000: 0.273454
2025-12-03 19:24:25 INFO     Training average negative_fact_loss at step 13000: 0.229709
2025-12-03 19:24:25 INFO     Training average positive_rule_loss at step 13000: 0.514261
2025-12-03 19:24:25 INFO     Training average negative_rule_loss at step 13000: 0.871303
2025-12-03 19:24:25 INFO     Training average L_uncertainty at step 13000: 27.727130
2025-12-03 19:24:25 INFO     Training average L_kl at step 13000: 27614.002695
2025-12-03 19:24:25 INFO     Training average L_sigma at step 13000: 11.312612
2025-12-03 19:24:25 INFO     Training average mu_mean at step 13000: -0.325207
2025-12-03 19:24:25 INFO     Training average sigma_mean at step 13000: 0.168066
2025-12-03 19:24:25 INFO     Training average regularization at step 13000: 0.000000
2025-12-03 19:24:25 INFO     Training average loss at step 13000: 1.221635
2025-12-03 19:24:25 INFO     Evaluating on Valid Dataset...
2025-12-03 19:24:25 INFO     >>>>> RuleE emb: Evaluating on valid
2025-12-03 19:24:42 INFO     Data : 2612
2025-12-03 19:24:42 INFO     Hit1 : 0.697933
2025-12-03 19:24:42 INFO     Hit3 : 0.890123
2025-12-03 19:24:42 INFO     Hit10: 0.960184
2025-12-03 19:24:42 INFO     MR   : 3.215926
2025-12-03 19:24:42 INFO     MRR  : 0.802965
2025-12-03 19:26:41 INFO     Training average positive_fact_loss at step 13100: 0.273919
2025-12-03 19:26:41 INFO     Training average negative_fact_loss at step 13100: 0.230571
2025-12-03 19:26:41 INFO     Training average positive_rule_loss at step 13100: 0.517079
2025-12-03 19:26:41 INFO     Training average negative_rule_loss at step 13100: 0.865967
2025-12-03 19:26:41 INFO     Training average L_uncertainty at step 13100: 27.654330
2025-12-03 19:26:41 INFO     Training average L_kl at step 13100: 27542.563906
2025-12-03 19:26:41 INFO     Training average L_sigma at step 13100: 11.176461
2025-12-03 19:26:41 INFO     Training average mu_mean at step 13100: -0.317534
2025-12-03 19:26:41 INFO     Training average sigma_mean at step 13100: 0.168061
2025-12-03 19:26:41 INFO     Training average regularization at step 13100: 0.000000
2025-12-03 19:26:41 INFO     Training average loss at step 13100: 1.220312
2025-12-03 19:28:53 INFO     Training average positive_fact_loss at step 13200: 0.273716
2025-12-03 19:28:53 INFO     Training average negative_fact_loss at step 13200: 0.230291
2025-12-03 19:28:53 INFO     Training average positive_rule_loss at step 13200: 0.518464
2025-12-03 19:28:53 INFO     Training average negative_rule_loss at step 13200: 0.860599
2025-12-03 19:28:53 INFO     Training average L_uncertainty at step 13200: 27.562608
2025-12-03 19:28:53 INFO     Training average L_kl at step 13200: 27449.426504
2025-12-03 19:28:53 INFO     Training average L_sigma at step 13200: 11.318021
2025-12-03 19:28:53 INFO     Training average mu_mean at step 13200: -0.305916
2025-12-03 19:28:53 INFO     Training average sigma_mean at step 13200: 0.168066
2025-12-03 19:28:53 INFO     Training average regularization at step 13200: 0.000000
2025-12-03 19:28:53 INFO     Training average loss at step 13200: 1.217161
2025-12-03 19:31:02 INFO     Training average positive_fact_loss at step 13300: 0.273434
2025-12-03 19:31:02 INFO     Training average negative_fact_loss at step 13300: 0.230058
2025-12-03 19:31:02 INFO     Training average positive_rule_loss at step 13300: 0.518503
2025-12-03 19:31:02 INFO     Training average negative_rule_loss at step 13300: 0.857042
2025-12-03 19:31:02 INFO     Training average L_uncertainty at step 13300: 27.510907
2025-12-03 19:31:02 INFO     Training average L_kl at step 13300: 27396.197285
2025-12-03 19:31:02 INFO     Training average L_sigma at step 13300: 11.470848
2025-12-03 19:31:02 INFO     Training average mu_mean at step 13300: -0.297193
2025-12-03 19:31:02 INFO     Training average sigma_mean at step 13300: 0.168066
2025-12-03 19:31:02 INFO     Training average regularization at step 13300: 0.000000
2025-12-03 19:31:02 INFO     Training average loss at step 13300: 1.214628
2025-12-03 19:33:07 INFO     Training average positive_fact_loss at step 13400: 0.273524
2025-12-03 19:33:07 INFO     Training average negative_fact_loss at step 13400: 0.230220
2025-12-03 19:33:07 INFO     Training average positive_rule_loss at step 13400: 0.522778
2025-12-03 19:33:07 INFO     Training average negative_rule_loss at step 13400: 0.849503
2025-12-03 19:33:07 INFO     Training average L_uncertainty at step 13400: 27.426117
2025-12-03 19:33:07 INFO     Training average L_kl at step 13400: 27311.357930
2025-12-03 19:33:07 INFO     Training average L_sigma at step 13400: 11.475819
2025-12-03 19:33:07 INFO     Training average mu_mean at step 13400: -0.287871
2025-12-03 19:33:07 INFO     Training average sigma_mean at step 13400: 0.168070
2025-12-03 19:33:07 INFO     Training average regularization at step 13400: 0.000000
2025-12-03 19:33:07 INFO     Training average loss at step 13400: 1.212274
2025-12-03 19:35:10 INFO     Training average positive_fact_loss at step 13500: 0.273604
2025-12-03 19:35:10 INFO     Training average negative_fact_loss at step 13500: 0.229950
2025-12-03 19:35:10 INFO     Training average positive_rule_loss at step 13500: 0.520754
2025-12-03 19:35:10 INFO     Training average negative_rule_loss at step 13500: 0.846748
2025-12-03 19:35:10 INFO     Training average L_uncertainty at step 13500: 27.343278
2025-12-03 19:35:10 INFO     Training average L_kl at step 13500: 27233.759668
2025-12-03 19:35:10 INFO     Training average L_sigma at step 13500: 10.951693
2025-12-03 19:35:10 INFO     Training average mu_mean at step 13500: -0.277728
2025-12-03 19:35:10 INFO     Training average sigma_mean at step 13500: 0.168064
2025-12-03 19:35:10 INFO     Training average regularization at step 13500: 0.000000
2025-12-03 19:35:10 INFO     Training average loss at step 13500: 1.208961
2025-12-03 19:37:19 INFO     Training average positive_fact_loss at step 13600: 0.273632
2025-12-03 19:37:19 INFO     Training average negative_fact_loss at step 13600: 0.230262
2025-12-03 19:37:19 INFO     Training average positive_rule_loss at step 13600: 0.525021
2025-12-03 19:37:19 INFO     Training average negative_rule_loss at step 13600: 0.839970
2025-12-03 19:37:19 INFO     Training average L_uncertainty at step 13600: 27.282464
2025-12-03 19:37:19 INFO     Training average L_kl at step 13600: 27167.457617
2025-12-03 19:37:19 INFO     Training average L_sigma at step 13600: 11.500526
2025-12-03 19:37:19 INFO     Training average mu_mean at step 13600: -0.268031
2025-12-03 19:37:19 INFO     Training average sigma_mean at step 13600: 0.168066
2025-12-03 19:37:19 INFO     Training average regularization at step 13600: 0.000000
2025-12-03 19:37:19 INFO     Training average loss at step 13600: 1.207267
2025-12-03 19:39:33 INFO     Training average positive_fact_loss at step 13700: 0.273294
2025-12-03 19:39:33 INFO     Training average negative_fact_loss at step 13700: 0.230392
2025-12-03 19:39:33 INFO     Training average positive_rule_loss at step 13700: 0.525081
2025-12-03 19:39:33 INFO     Training average negative_rule_loss at step 13700: 0.836012
2025-12-03 19:39:33 INFO     Training average L_uncertainty at step 13700: 27.214227
2025-12-03 19:39:33 INFO     Training average L_kl at step 13700: 27100.826836
2025-12-03 19:39:33 INFO     Training average L_sigma at step 13700: 11.339926
2025-12-03 19:39:33 INFO     Training average mu_mean at step 13700: -0.258551
2025-12-03 19:39:33 INFO     Training average sigma_mean at step 13700: 0.168066
2025-12-03 19:39:33 INFO     Training average regularization at step 13700: 0.000000
2025-12-03 19:39:33 INFO     Training average loss at step 13700: 1.204532
2025-12-03 19:41:33 INFO     Training average positive_fact_loss at step 13800: 0.273755
2025-12-03 19:41:33 INFO     Training average negative_fact_loss at step 13800: 0.230098
2025-12-03 19:41:33 INFO     Training average positive_rule_loss at step 13800: 0.527267
2025-12-03 19:41:33 INFO     Training average negative_rule_loss at step 13800: 0.829686
2025-12-03 19:41:33 INFO     Training average L_uncertainty at step 13800: 27.133159
2025-12-03 19:41:33 INFO     Training average L_kl at step 13800: 27021.089434
2025-12-03 19:41:33 INFO     Training average L_sigma at step 13800: 11.206856
2025-12-03 19:41:33 INFO     Training average mu_mean at step 13800: -0.248188
2025-12-03 19:41:33 INFO     Training average sigma_mean at step 13800: 0.168067
2025-12-03 19:41:33 INFO     Training average regularization at step 13800: 0.000000
2025-12-03 19:41:33 INFO     Training average loss at step 13800: 1.201735
2025-12-03 19:43:42 INFO     Training average positive_fact_loss at step 13900: 0.273639
2025-12-03 19:43:42 INFO     Training average negative_fact_loss at step 13900: 0.229914
2025-12-03 19:43:42 INFO     Training average positive_rule_loss at step 13900: 0.525479
2025-12-03 19:43:42 INFO     Training average negative_rule_loss at step 13900: 0.826969
2025-12-03 19:43:42 INFO     Training average L_uncertainty at step 13900: 27.073644
2025-12-03 19:43:42 INFO     Training average L_kl at step 13900: 26960.856504
2025-12-03 19:43:42 INFO     Training average L_sigma at step 13900: 11.278617
2025-12-03 19:43:42 INFO     Training average mu_mean at step 13900: -0.237733
2025-12-03 19:43:42 INFO     Training average sigma_mean at step 13900: 0.168065
2025-12-03 19:43:42 INFO     Training average regularization at step 13900: 0.000000
2025-12-03 19:43:42 INFO     Training average loss at step 13900: 1.198737
2025-12-03 19:45:13 INFO     Training average positive_fact_loss at step 14000: 0.273115
2025-12-03 19:45:13 INFO     Training average negative_fact_loss at step 14000: 0.230074
2025-12-03 19:45:13 INFO     Training average positive_rule_loss at step 14000: 0.527317
2025-12-03 19:45:13 INFO     Training average negative_rule_loss at step 14000: 0.821084
2025-12-03 19:45:13 INFO     Training average L_uncertainty at step 14000: 27.015090
2025-12-03 19:45:13 INFO     Training average L_kl at step 14000: 26901.914453
2025-12-03 19:45:13 INFO     Training average L_sigma at step 14000: 11.317467
2025-12-03 19:45:13 INFO     Training average mu_mean at step 14000: -0.229050
2025-12-03 19:45:13 INFO     Training average sigma_mean at step 14000: 0.168067
2025-12-03 19:45:13 INFO     Training average regularization at step 14000: 0.000000
2025-12-03 19:45:13 INFO     Training average loss at step 14000: 1.195946
2025-12-03 19:45:13 INFO     Evaluating on Valid Dataset...
2025-12-03 19:45:13 INFO     >>>>> RuleE emb: Evaluating on valid
2025-12-03 19:45:23 INFO     Data : 2612
2025-12-03 19:45:23 INFO     Hit1 : 0.709801
2025-12-03 19:45:23 INFO     Hit3 : 0.889740
2025-12-03 19:45:23 INFO     Hit10: 0.960949
2025-12-03 19:45:23 INFO     MR   : 3.200230
2025-12-03 19:45:23 INFO     MRR  : 0.809195
2025-12-03 19:46:42 INFO     Training average positive_fact_loss at step 14100: 0.273315
2025-12-03 19:46:42 INFO     Training average negative_fact_loss at step 14100: 0.230137
2025-12-03 19:46:42 INFO     Training average positive_rule_loss at step 14100: 0.529465
2025-12-03 19:46:42 INFO     Training average negative_rule_loss at step 14100: 0.815919
2025-12-03 19:46:42 INFO     Training average L_uncertainty at step 14100: 26.954788
2025-12-03 19:46:42 INFO     Training average L_kl at step 14100: 26841.175703
2025-12-03 19:46:42 INFO     Training average L_sigma at step 14100: 11.361105
2025-12-03 19:46:42 INFO     Training average mu_mean at step 14100: -0.219241
2025-12-03 19:46:42 INFO     Training average sigma_mean at step 14100: 0.168063
2025-12-03 19:46:42 INFO     Training average regularization at step 14100: 0.000000
2025-12-03 19:46:42 INFO     Training average loss at step 14100: 1.193966
2025-12-03 19:48:01 INFO     Training average positive_fact_loss at step 14200: 0.273387
2025-12-03 19:48:01 INFO     Training average negative_fact_loss at step 14200: 0.229944
2025-12-03 19:48:01 INFO     Training average positive_rule_loss at step 14200: 0.528241
2025-12-03 19:48:01 INFO     Training average negative_rule_loss at step 14200: 0.811578
2025-12-03 19:48:01 INFO     Training average L_uncertainty at step 14200: 26.882186
2025-12-03 19:48:01 INFO     Training average L_kl at step 14200: 26768.936289
2025-12-03 19:48:01 INFO     Training average L_sigma at step 14200: 11.324894
2025-12-03 19:48:01 INFO     Training average mu_mean at step 14200: -0.206701
2025-12-03 19:48:01 INFO     Training average sigma_mean at step 14200: 0.168066
2025-12-03 19:48:01 INFO     Training average regularization at step 14200: 0.000000
2025-12-03 19:48:01 INFO     Training average loss at step 14200: 1.190396
2025-12-03 19:49:16 INFO     Training average positive_fact_loss at step 14300: 0.274258
2025-12-03 19:49:16 INFO     Training average negative_fact_loss at step 14300: 0.230213
2025-12-03 19:49:16 INFO     Training average positive_rule_loss at step 14300: 0.532359
2025-12-03 19:49:16 INFO     Training average negative_rule_loss at step 14300: 0.805777
2025-12-03 19:49:16 INFO     Training average L_uncertainty at step 14300: 26.831565
2025-12-03 19:49:16 INFO     Training average L_kl at step 14300: 26717.838633
2025-12-03 19:49:16 INFO     Training average L_sigma at step 14300: 11.372552
2025-12-03 19:49:16 INFO     Training average mu_mean at step 14300: -0.201022
2025-12-03 19:49:16 INFO     Training average sigma_mean at step 14300: 0.168065
2025-12-03 19:49:16 INFO     Training average regularization at step 14300: 0.000000
2025-12-03 19:49:16 INFO     Training average loss at step 14300: 1.189619
2025-12-03 19:50:39 INFO     Training average positive_fact_loss at step 14400: 0.273463
2025-12-03 19:50:39 INFO     Training average negative_fact_loss at step 14400: 0.230115
2025-12-03 19:50:39 INFO     Training average positive_rule_loss at step 14400: 0.530311
2025-12-03 19:50:39 INFO     Training average negative_rule_loss at step 14400: 0.802872
2025-12-03 19:50:39 INFO     Training average L_uncertainty at step 14400: 26.779922
2025-12-03 19:50:39 INFO     Training average L_kl at step 14400: 26662.426621
2025-12-03 19:50:39 INFO     Training average L_sigma at step 14400: 11.749398
2025-12-03 19:50:39 INFO     Training average mu_mean at step 14400: -0.189093
2025-12-03 19:50:39 INFO     Training average sigma_mean at step 14400: 0.168066
2025-12-03 19:50:39 INFO     Training average regularization at step 14400: 0.000000
2025-12-03 19:50:39 INFO     Training average loss at step 14400: 1.186179
2025-12-03 19:51:58 INFO     Training average positive_fact_loss at step 14500: 0.273268
2025-12-03 19:51:58 INFO     Training average negative_fact_loss at step 14500: 0.230043
2025-12-03 19:51:58 INFO     Training average positive_rule_loss at step 14500: 0.531601
2025-12-03 19:51:58 INFO     Training average negative_rule_loss at step 14500: 0.796825
2025-12-03 19:51:58 INFO     Training average L_uncertainty at step 14500: 26.721961
2025-12-03 19:51:58 INFO     Training average L_kl at step 14500: 26611.369258
2025-12-03 19:51:58 INFO     Training average L_sigma at step 14500: 11.059070
2025-12-03 19:51:58 INFO     Training average mu_mean at step 14500: -0.179364
2025-12-03 19:51:58 INFO     Training average sigma_mean at step 14500: 0.168070
2025-12-03 19:51:58 INFO     Training average regularization at step 14500: 0.000000
2025-12-03 19:51:58 INFO     Training average loss at step 14500: 1.183088
2025-12-03 19:53:12 INFO     Training average positive_fact_loss at step 14600: 0.272872
2025-12-03 19:53:12 INFO     Training average negative_fact_loss at step 14600: 0.229656
2025-12-03 19:53:12 INFO     Training average positive_rule_loss at step 14600: 0.532563
2025-12-03 19:53:12 INFO     Training average negative_rule_loss at step 14600: 0.792522
2025-12-03 19:53:12 INFO     Training average L_uncertainty at step 14600: 26.671526
2025-12-03 19:53:12 INFO     Training average L_kl at step 14600: 26553.543574
2025-12-03 19:53:12 INFO     Training average L_sigma at step 14600: 11.798157
2025-12-03 19:53:12 INFO     Training average mu_mean at step 14600: -0.171172
2025-12-03 19:53:12 INFO     Training average sigma_mean at step 14600: 0.168067
2025-12-03 19:53:12 INFO     Training average regularization at step 14600: 0.000000
2025-12-03 19:53:12 INFO     Training average loss at step 14600: 1.180522
2025-12-03 19:54:31 INFO     Training average positive_fact_loss at step 14700: 0.274134
2025-12-03 19:54:31 INFO     Training average negative_fact_loss at step 14700: 0.230345
2025-12-03 19:54:31 INFO     Training average positive_rule_loss at step 14700: 0.533233
2025-12-03 19:54:31 INFO     Training average negative_rule_loss at step 14700: 0.787422
2025-12-03 19:54:31 INFO     Training average L_uncertainty at step 14700: 26.611792
2025-12-03 19:54:31 INFO     Training average L_kl at step 14700: 26502.823945
2025-12-03 19:54:31 INFO     Training average L_sigma at step 14700: 10.896701
2025-12-03 19:54:31 INFO     Training average mu_mean at step 14700: -0.160032
2025-12-03 19:54:31 INFO     Training average sigma_mean at step 14700: 0.168069
2025-12-03 19:54:31 INFO     Training average regularization at step 14700: 0.000000
2025-12-03 19:54:31 INFO     Training average loss at step 14700: 1.178685
2025-12-03 19:55:49 INFO     Training average positive_fact_loss at step 14800: 0.273285
2025-12-03 19:55:49 INFO     Training average negative_fact_loss at step 14800: 0.230046
2025-12-03 19:55:49 INFO     Training average positive_rule_loss at step 14800: 0.534028
2025-12-03 19:55:49 INFO     Training average negative_rule_loss at step 14800: 0.782477
2025-12-03 19:55:49 INFO     Training average L_uncertainty at step 14800: 26.569017
2025-12-03 19:55:49 INFO     Training average L_kl at step 14800: 26453.022832
2025-12-03 19:55:49 INFO     Training average L_sigma at step 14800: 11.599248
2025-12-03 19:55:49 INFO     Training average mu_mean at step 14800: -0.150810
2025-12-03 19:55:49 INFO     Training average sigma_mean at step 14800: 0.168067
2025-12-03 19:55:49 INFO     Training average regularization at step 14800: 0.000000
2025-12-03 19:55:49 INFO     Training average loss at step 14800: 1.175607
2025-12-03 19:57:08 INFO     Training average positive_fact_loss at step 14900: 0.273307
2025-12-03 19:57:08 INFO     Training average negative_fact_loss at step 14900: 0.229942
2025-12-03 19:57:08 INFO     Training average positive_rule_loss at step 14900: 0.534573
2025-12-03 19:57:08 INFO     Training average negative_rule_loss at step 14900: 0.778599
2025-12-03 19:57:08 INFO     Training average L_uncertainty at step 14900: 26.527442
2025-12-03 19:57:08 INFO     Training average L_kl at step 14900: 26414.391367
2025-12-03 19:57:08 INFO     Training average L_sigma at step 14900: 11.304893
2025-12-03 19:57:08 INFO     Training average mu_mean at step 14900: -0.141928
2025-12-03 19:57:08 INFO     Training average sigma_mean at step 14900: 0.168067
2025-12-03 19:57:08 INFO     Training average regularization at step 14900: 0.000000
2025-12-03 19:57:08 INFO     Training average loss at step 14900: 1.173485
2025-12-03 19:58:27 INFO     Change learning_rate to 0.000010 at step 15000
2025-12-03 19:58:27 INFO     Training average positive_fact_loss at step 15000: 0.273484
2025-12-03 19:58:27 INFO     Training average negative_fact_loss at step 15000: 0.230007
2025-12-03 19:58:27 INFO     Training average positive_rule_loss at step 15000: 0.535213
2025-12-03 19:58:27 INFO     Training average negative_rule_loss at step 15000: 0.773471
2025-12-03 19:58:27 INFO     Training average L_uncertainty at step 15000: 26.482710
2025-12-03 19:58:27 INFO     Training average L_kl at step 15000: 26370.126191
2025-12-03 19:58:27 INFO     Training average L_sigma at step 15000: 11.258313
2025-12-03 19:58:27 INFO     Training average mu_mean at step 15000: -0.132238
2025-12-03 19:58:27 INFO     Training average sigma_mean at step 15000: 0.168064
2025-12-03 19:58:27 INFO     Training average regularization at step 15000: 0.000000
2025-12-03 19:58:27 INFO     Training average loss at step 15000: 1.170915
2025-12-03 19:58:27 INFO     Evaluating on Valid Dataset...
2025-12-03 19:58:27 INFO     >>>>> RuleE emb: Evaluating on valid
2025-12-03 19:58:37 INFO     Data : 2612
2025-12-03 19:58:37 INFO     Hit1 : 0.700995
2025-12-03 19:58:37 INFO     Hit3 : 0.891271
2025-12-03 19:58:37 INFO     Hit10: 0.959801
2025-12-03 19:58:37 INFO     MR   : 3.174196
2025-12-03 19:58:37 INFO     MRR  : 0.804252
2025-12-03 19:59:52 INFO     Training average positive_fact_loss at step 15100: 0.258578
2025-12-03 19:59:52 INFO     Training average negative_fact_loss at step 15100: 0.226530
2025-12-03 19:59:52 INFO     Training average positive_rule_loss at step 15100: 0.535841
2025-12-03 19:59:52 INFO     Training average negative_rule_loss at step 15100: 0.770113
2025-12-03 19:59:52 INFO     Training average L_uncertainty at step 15100: 26.447962
2025-12-03 19:59:52 INFO     Training average L_kl at step 15100: 26339.806172
2025-12-03 19:59:52 INFO     Training average L_sigma at step 15100: 10.815431
2025-12-03 19:59:52 INFO     Training average mu_mean at step 15100: -0.127164
2025-12-03 19:59:52 INFO     Training average sigma_mean at step 15100: 0.168056
2025-12-03 19:59:52 INFO     Training average regularization at step 15100: 0.000000
2025-12-03 19:59:52 INFO     Training average loss at step 15100: 1.160011
2025-12-03 20:01:15 INFO     Training average positive_fact_loss at step 15200: 0.259731
2025-12-03 20:01:15 INFO     Training average negative_fact_loss at step 15200: 0.221602
2025-12-03 20:01:15 INFO     Training average positive_rule_loss at step 15200: 0.534848
2025-12-03 20:01:15 INFO     Training average negative_rule_loss at step 15200: 0.770326
2025-12-03 20:01:15 INFO     Training average L_uncertainty at step 15200: 26.438232
2025-12-03 20:01:15 INFO     Training average L_kl at step 15200: 26331.689570
2025-12-03 20:01:15 INFO     Training average L_sigma at step 15200: 10.654117
2025-12-03 20:01:15 INFO     Training average mu_mean at step 15200: -0.124887
2025-12-03 20:01:15 INFO     Training average sigma_mean at step 15200: 0.168062
2025-12-03 20:01:15 INFO     Training average regularization at step 15200: 0.000000
2025-12-03 20:01:15 INFO     Training average loss at step 15200: 1.157636
2025-12-03 20:02:34 INFO     Training average positive_fact_loss at step 15300: 0.259733
2025-12-03 20:02:34 INFO     Training average negative_fact_loss at step 15300: 0.220849
2025-12-03 20:02:34 INFO     Training average positive_rule_loss at step 15300: 0.534652
2025-12-03 20:02:34 INFO     Training average negative_rule_loss at step 15300: 0.769702
2025-12-03 20:02:34 INFO     Training average L_uncertainty at step 15300: 26.434876
2025-12-03 20:02:34 INFO     Training average L_kl at step 15300: 26328.238828
2025-12-03 20:02:34 INFO     Training average L_sigma at step 15300: 10.663583
2025-12-03 20:02:34 INFO     Training average mu_mean at step 15300: -0.124027
2025-12-03 20:02:34 INFO     Training average sigma_mean at step 15300: 0.168064
2025-12-03 20:02:34 INFO     Training average regularization at step 15300: 0.000000
2025-12-03 20:02:34 INFO     Training average loss at step 15300: 1.156817
2025-12-03 20:03:49 INFO     Training average positive_fact_loss at step 15400: 0.259755
2025-12-03 20:03:49 INFO     Training average negative_fact_loss at step 15400: 0.220623
2025-12-03 20:03:49 INFO     Training average positive_rule_loss at step 15400: 0.535450
2025-12-03 20:03:49 INFO     Training average negative_rule_loss at step 15400: 0.768618
2025-12-03 20:03:49 INFO     Training average L_uncertainty at step 15400: 26.439427
2025-12-03 20:03:49 INFO     Training average L_kl at step 15400: 26332.862617
2025-12-03 20:03:49 INFO     Training average L_sigma at step 15400: 10.656312
2025-12-03 20:03:49 INFO     Training average mu_mean at step 15400: -0.123990
2025-12-03 20:03:49 INFO     Training average sigma_mean at step 15400: 0.168063
2025-12-03 20:03:49 INFO     Training average regularization at step 15400: 0.000000
2025-12-03 20:03:49 INFO     Training average loss at step 15400: 1.156617
2025-12-03 20:05:09 INFO     Training average positive_fact_loss at step 15500: 0.259995
2025-12-03 20:05:09 INFO     Training average negative_fact_loss at step 15500: 0.220244
2025-12-03 20:05:09 INFO     Training average positive_rule_loss at step 15500: 0.535064
2025-12-03 20:05:09 INFO     Training average negative_rule_loss at step 15500: 0.768285
2025-12-03 20:05:09 INFO     Training average L_uncertainty at step 15500: 26.429520
2025-12-03 20:05:09 INFO     Training average L_kl at step 15500: 26322.954043
2025-12-03 20:05:09 INFO     Training average L_sigma at step 15500: 10.656454
2025-12-03 20:05:09 INFO     Training average mu_mean at step 15500: -0.121778
2025-12-03 20:05:09 INFO     Training average sigma_mean at step 15500: 0.168063
2025-12-03 20:05:09 INFO     Training average regularization at step 15500: 0.000000
2025-12-03 20:05:09 INFO     Training average loss at step 15500: 1.156089
2025-12-03 20:06:28 INFO     Training average positive_fact_loss at step 15600: 0.259992
2025-12-03 20:06:28 INFO     Training average negative_fact_loss at step 15600: 0.220003
2025-12-03 20:06:28 INFO     Training average positive_rule_loss at step 15600: 0.534383
2025-12-03 20:06:28 INFO     Training average negative_rule_loss at step 15600: 0.768242
2025-12-03 20:06:28 INFO     Training average L_uncertainty at step 15600: 26.426010
2025-12-03 20:06:28 INFO     Training average L_kl at step 15600: 26319.360059
2025-12-03 20:06:28 INFO     Training average L_sigma at step 15600: 10.664890
2025-12-03 20:06:28 INFO     Training average mu_mean at step 15600: -0.120509
2025-12-03 20:06:28 INFO     Training average sigma_mean at step 15600: 0.168066
2025-12-03 20:06:28 INFO     Training average regularization at step 15600: 0.000000
2025-12-03 20:06:28 INFO     Training average loss at step 15600: 1.155570
2025-12-03 20:07:50 INFO     Training average positive_fact_loss at step 15700: 0.259956
2025-12-03 20:07:50 INFO     Training average negative_fact_loss at step 15700: 0.219957
2025-12-03 20:07:50 INFO     Training average positive_rule_loss at step 15700: 0.536697
2025-12-03 20:07:50 INFO     Training average negative_rule_loss at step 15700: 0.766535
2025-12-03 20:07:50 INFO     Training average L_uncertainty at step 15700: 26.426351
2025-12-03 20:07:50 INFO     Training average L_kl at step 15700: 26319.818437
2025-12-03 20:07:50 INFO     Training average L_sigma at step 15700: 10.653128
2025-12-03 20:07:50 INFO     Training average mu_mean at step 15700: -0.121265
2025-12-03 20:07:50 INFO     Training average sigma_mean at step 15700: 0.168063
2025-12-03 20:07:50 INFO     Training average regularization at step 15700: 0.000000
2025-12-03 20:07:50 INFO     Training average loss at step 15700: 1.155836
2025-12-03 20:09:04 INFO     Training average positive_fact_loss at step 15800: 0.259711
2025-12-03 20:09:04 INFO     Training average negative_fact_loss at step 15800: 0.219742
2025-12-03 20:09:04 INFO     Training average positive_rule_loss at step 15800: 0.535633
2025-12-03 20:09:04 INFO     Training average negative_rule_loss at step 15800: 0.766736
2025-12-03 20:09:04 INFO     Training average L_uncertainty at step 15800: 26.424346
2025-12-03 20:09:04 INFO     Training average L_kl at step 15800: 26317.762207
2025-12-03 20:09:04 INFO     Training average L_sigma at step 15800: 10.658289
2025-12-03 20:09:04 INFO     Training average mu_mean at step 15800: -0.119928
2025-12-03 20:09:04 INFO     Training average sigma_mean at step 15800: 0.168063
2025-12-03 20:09:04 INFO     Training average regularization at step 15800: 0.000000
2025-12-03 20:09:04 INFO     Training average loss at step 15800: 1.155154
2025-12-03 20:10:19 INFO     Training average positive_fact_loss at step 15900: 0.259641
2025-12-03 20:10:19 INFO     Training average negative_fact_loss at step 15900: 0.219695
2025-12-03 20:10:19 INFO     Training average positive_rule_loss at step 15900: 0.536433
2025-12-03 20:10:19 INFO     Training average negative_rule_loss at step 15900: 0.765680
2025-12-03 20:10:19 INFO     Training average L_uncertainty at step 15900: 26.415318
2025-12-03 20:10:19 INFO     Training average L_kl at step 15900: 26308.726172
2025-12-03 20:10:19 INFO     Training average L_sigma at step 15900: 10.659009
2025-12-03 20:10:19 INFO     Training average mu_mean at step 15900: -0.118052
2025-12-03 20:10:19 INFO     Training average sigma_mean at step 15900: 0.168064
2025-12-03 20:10:19 INFO     Training average regularization at step 15900: 0.000000
2025-12-03 20:10:19 INFO     Training average loss at step 15900: 1.154878
2025-12-03 20:11:42 INFO     Training average positive_fact_loss at step 16000: 0.259752
2025-12-03 20:11:42 INFO     Training average negative_fact_loss at step 16000: 0.219877
2025-12-03 20:11:42 INFO     Training average positive_rule_loss at step 16000: 0.536082
2025-12-03 20:11:42 INFO     Training average negative_rule_loss at step 16000: 0.765596
2025-12-03 20:11:42 INFO     Training average L_uncertainty at step 16000: 26.412334
2025-12-03 20:11:42 INFO     Training average L_kl at step 16000: 26305.730977
2025-12-03 20:11:42 INFO     Training average L_sigma at step 16000: 10.660151
2025-12-03 20:11:42 INFO     Training average mu_mean at step 16000: -0.117031
2025-12-03 20:11:42 INFO     Training average sigma_mean at step 16000: 0.168063
2025-12-03 20:11:42 INFO     Training average regularization at step 16000: 0.000000
2025-12-03 20:11:42 INFO     Training average loss at step 16000: 1.154777
2025-12-03 20:11:42 INFO     Evaluating on Valid Dataset...
2025-12-03 20:11:42 INFO     >>>>> RuleE emb: Evaluating on valid
2025-12-03 20:11:52 INFO     Data : 2612
2025-12-03 20:11:52 INFO     Hit1 : 0.712098
2025-12-03 20:11:52 INFO     Hit3 : 0.891271
2025-12-03 20:11:52 INFO     Hit10: 0.961715
2025-12-03 20:11:52 INFO     MR   : 3.186064
2025-12-03 20:11:52 INFO     MRR  : 0.809821
2025-12-03 20:13:10 INFO     Training average positive_fact_loss at step 16100: 0.259941
2025-12-03 20:13:10 INFO     Training average negative_fact_loss at step 16100: 0.219596
2025-12-03 20:13:10 INFO     Training average positive_rule_loss at step 16100: 0.535762
2025-12-03 20:13:10 INFO     Training average negative_rule_loss at step 16100: 0.764782
2025-12-03 20:13:10 INFO     Training average L_uncertainty at step 16100: 26.407824
2025-12-03 20:13:10 INFO     Training average L_kl at step 16100: 26301.155098
2025-12-03 20:13:10 INFO     Training average L_sigma at step 16100: 10.666794
2025-12-03 20:13:10 INFO     Training average mu_mean at step 16100: -0.116730
2025-12-03 20:13:10 INFO     Training average sigma_mean at step 16100: 0.168066
2025-12-03 20:13:10 INFO     Training average regularization at step 16100: 0.000000
2025-12-03 20:13:10 INFO     Training average loss at step 16100: 1.154119
2025-12-03 20:14:29 INFO     Training average positive_fact_loss at step 16200: 0.259208
2025-12-03 20:14:29 INFO     Training average negative_fact_loss at step 16200: 0.219543
2025-12-03 20:14:29 INFO     Training average positive_rule_loss at step 16200: 0.536087
2025-12-03 20:14:29 INFO     Training average negative_rule_loss at step 16200: 0.764590
2025-12-03 20:14:29 INFO     Training average L_uncertainty at step 16200: 26.406731
2025-12-03 20:14:29 INFO     Training average L_kl at step 16200: 26300.154063
2025-12-03 20:14:29 INFO     Training average L_sigma at step 16200: 10.657593
2025-12-03 20:14:29 INFO     Training average mu_mean at step 16200: -0.115548
2025-12-03 20:14:29 INFO     Training average sigma_mean at step 16200: 0.168063
2025-12-03 20:14:29 INFO     Training average regularization at step 16200: 0.000000
2025-12-03 20:14:29 INFO     Training average loss at step 16200: 1.153782
2025-12-03 20:15:42 INFO     Training average positive_fact_loss at step 16300: 0.259873
2025-12-03 20:15:42 INFO     Training average negative_fact_loss at step 16300: 0.219760
2025-12-03 20:15:42 INFO     Training average positive_rule_loss at step 16300: 0.536048
2025-12-03 20:15:42 INFO     Training average negative_rule_loss at step 16300: 0.763188
2025-12-03 20:15:42 INFO     Training average L_uncertainty at step 16300: 26.402131
2025-12-03 20:15:42 INFO     Training average L_kl at step 16300: 26295.551172
2025-12-03 20:15:42 INFO     Training average L_sigma at step 16300: 10.657833
2025-12-03 20:15:42 INFO     Training average mu_mean at step 16300: -0.113832
2025-12-03 20:15:42 INFO     Training average sigma_mean at step 16300: 0.168063
2025-12-03 20:15:42 INFO     Training average regularization at step 16300: 0.000000
2025-12-03 20:15:42 INFO     Training average loss at step 16300: 1.153456
2025-12-03 20:17:01 INFO     Training average positive_fact_loss at step 16400: 0.260071
2025-12-03 20:17:01 INFO     Training average negative_fact_loss at step 16400: 0.219746
2025-12-03 20:17:01 INFO     Training average positive_rule_loss at step 16400: 0.536518
2025-12-03 20:17:01 INFO     Training average negative_rule_loss at step 16400: 0.763180
2025-12-03 20:17:01 INFO     Training average L_uncertainty at step 16400: 26.397624
2025-12-03 20:17:01 INFO     Training average L_kl at step 16400: 26290.958242
2025-12-03 20:17:01 INFO     Training average L_sigma at step 16400: 10.666425
2025-12-03 20:17:01 INFO     Training average mu_mean at step 16400: -0.113239
2025-12-03 20:17:01 INFO     Training average sigma_mean at step 16400: 0.168065
2025-12-03 20:17:01 INFO     Training average regularization at step 16400: 0.000000
2025-12-03 20:17:01 INFO     Training average loss at step 16400: 1.153734
2025-12-03 20:18:25 INFO     Training average positive_fact_loss at step 16500: 0.259435
2025-12-03 20:18:25 INFO     Training average negative_fact_loss at step 16500: 0.219536
2025-12-03 20:18:25 INFO     Training average positive_rule_loss at step 16500: 0.536848
2025-12-03 20:18:25 INFO     Training average negative_rule_loss at step 16500: 0.762207
2025-12-03 20:18:25 INFO     Training average L_uncertainty at step 16500: 26.394125
2025-12-03 20:18:25 INFO     Training average L_kl at step 16500: 26287.473105
2025-12-03 20:18:25 INFO     Training average L_sigma at step 16500: 10.665104
2025-12-03 20:18:25 INFO     Training average mu_mean at step 16500: -0.111914
2025-12-03 20:18:25 INFO     Training average sigma_mean at step 16500: 0.168065
2025-12-03 20:18:25 INFO     Training average regularization at step 16500: 0.000000
2025-12-03 20:18:25 INFO     Training average loss at step 16500: 1.152954
2025-12-03 20:19:39 INFO     Training average positive_fact_loss at step 16600: 0.259735
2025-12-03 20:19:39 INFO     Training average negative_fact_loss at step 16600: 0.219418
2025-12-03 20:19:39 INFO     Training average positive_rule_loss at step 16600: 0.536287
2025-12-03 20:19:39 INFO     Training average negative_rule_loss at step 16600: 0.761930
2025-12-03 20:19:39 INFO     Training average L_uncertainty at step 16600: 26.391682
2025-12-03 20:19:39 INFO     Training average L_kl at step 16600: 26285.058672
2025-12-03 20:19:39 INFO     Training average L_sigma at step 16600: 10.662225
2025-12-03 20:19:39 INFO     Training average mu_mean at step 16600: -0.112275
2025-12-03 20:19:39 INFO     Training average sigma_mean at step 16600: 0.168065
2025-12-03 20:19:39 INFO     Training average regularization at step 16600: 0.000000
2025-12-03 20:19:39 INFO     Training average loss at step 16600: 1.152602
2025-12-03 20:20:54 INFO     Training average positive_fact_loss at step 16700: 0.259766
2025-12-03 20:20:54 INFO     Training average negative_fact_loss at step 16700: 0.219241
2025-12-03 20:20:54 INFO     Training average positive_rule_loss at step 16700: 0.536436
2025-12-03 20:20:54 INFO     Training average negative_rule_loss at step 16700: 0.761830
2025-12-03 20:20:54 INFO     Training average L_uncertainty at step 16700: 26.385162
2025-12-03 20:20:54 INFO     Training average L_kl at step 16700: 26278.522598
2025-12-03 20:20:54 INFO     Training average L_sigma at step 16700: 10.663841
2025-12-03 20:20:54 INFO     Training average mu_mean at step 16700: -0.110045
2025-12-03 20:20:54 INFO     Training average sigma_mean at step 16700: 0.168064
2025-12-03 20:20:54 INFO     Training average regularization at step 16700: 0.000000
2025-12-03 20:20:54 INFO     Training average loss at step 16700: 1.152488
2025-12-03 20:22:18 INFO     Training average positive_fact_loss at step 16800: 0.259997
2025-12-03 20:22:18 INFO     Training average negative_fact_loss at step 16800: 0.219780
2025-12-03 20:22:18 INFO     Training average positive_rule_loss at step 16800: 0.536564
2025-12-03 20:22:18 INFO     Training average negative_rule_loss at step 16800: 0.761078
2025-12-03 20:22:18 INFO     Training average L_uncertainty at step 16800: 26.385369
2025-12-03 20:22:18 INFO     Training average L_kl at step 16800: 26278.774590
2025-12-03 20:22:18 INFO     Training average L_sigma at step 16800: 10.659312
2025-12-03 20:22:18 INFO     Training average mu_mean at step 16800: -0.110402
2025-12-03 20:22:18 INFO     Training average sigma_mean at step 16800: 0.168064
2025-12-03 20:22:18 INFO     Training average regularization at step 16800: 0.000000
2025-12-03 20:22:18 INFO     Training average loss at step 16800: 1.152563
2025-12-03 20:23:36 INFO     Training average positive_fact_loss at step 16900: 0.259827
2025-12-03 20:23:36 INFO     Training average negative_fact_loss at step 16900: 0.219651
2025-12-03 20:23:36 INFO     Training average positive_rule_loss at step 16900: 0.538129
2025-12-03 20:23:36 INFO     Training average negative_rule_loss at step 16900: 0.759979
2025-12-03 20:23:36 INFO     Training average L_uncertainty at step 16900: 26.377811
2025-12-03 20:23:36 INFO     Training average L_kl at step 16900: 26271.083496
2025-12-03 20:23:36 INFO     Training average L_sigma at step 16900: 10.672648
2025-12-03 20:23:36 INFO     Training average mu_mean at step 16900: -0.108661
2025-12-03 20:23:36 INFO     Training average sigma_mean at step 16900: 0.168065
2025-12-03 20:23:36 INFO     Training average regularization at step 16900: 0.000000
2025-12-03 20:23:36 INFO     Training average loss at step 16900: 1.152571
2025-12-03 20:24:55 INFO     Training average positive_fact_loss at step 17000: 0.259784
2025-12-03 20:24:55 INFO     Training average negative_fact_loss at step 17000: 0.219607
2025-12-03 20:24:55 INFO     Training average positive_rule_loss at step 17000: 0.536761
2025-12-03 20:24:55 INFO     Training average negative_rule_loss at step 17000: 0.760622
2025-12-03 20:24:55 INFO     Training average L_uncertainty at step 17000: 26.371562
2025-12-03 20:24:55 INFO     Training average L_kl at step 17000: 26264.929316
2025-12-03 20:24:55 INFO     Training average L_sigma at step 17000: 10.663172
2025-12-03 20:24:55 INFO     Training average mu_mean at step 17000: -0.107299
2025-12-03 20:24:55 INFO     Training average sigma_mean at step 17000: 0.168064
2025-12-03 20:24:55 INFO     Training average regularization at step 17000: 0.000000
2025-12-03 20:24:55 INFO     Training average loss at step 17000: 1.152102
2025-12-03 20:24:55 INFO     Evaluating on Valid Dataset...
2025-12-03 20:24:55 INFO     >>>>> RuleE emb: Evaluating on valid
2025-12-03 20:25:05 INFO     Data : 2612
2025-12-03 20:25:05 INFO     Hit1 : 0.711332
2025-12-03 20:25:05 INFO     Hit3 : 0.890888
2025-12-03 20:25:05 INFO     Hit10: 0.960567
2025-12-03 20:25:05 INFO     MR   : 3.199464
2025-12-03 20:25:05 INFO     MRR  : 0.809492
2025-12-03 20:26:20 INFO     Training average positive_fact_loss at step 17100: 0.259523
2025-12-03 20:26:20 INFO     Training average negative_fact_loss at step 17100: 0.219456
2025-12-03 20:26:20 INFO     Training average positive_rule_loss at step 17100: 0.535434
2025-12-03 20:26:20 INFO     Training average negative_rule_loss at step 17100: 0.759813
2025-12-03 20:26:20 INFO     Training average L_uncertainty at step 17100: 26.371931
2025-12-03 20:26:20 INFO     Training average L_kl at step 17100: 26265.203066
2025-12-03 20:26:20 INFO     Training average L_sigma at step 17100: 10.672659
2025-12-03 20:26:20 INFO     Training average mu_mean at step 17100: -0.106710
2025-12-03 20:26:20 INFO     Training average sigma_mean at step 17100: 0.168066
2025-12-03 20:26:20 INFO     Training average regularization at step 17100: 0.000000
2025-12-03 20:26:20 INFO     Training average loss at step 17100: 1.150833
2025-12-03 20:27:38 INFO     Training average positive_fact_loss at step 17200: 0.259782
2025-12-03 20:27:38 INFO     Training average negative_fact_loss at step 17200: 0.219517
2025-12-03 20:27:38 INFO     Training average positive_rule_loss at step 17200: 0.537430
2025-12-03 20:27:38 INFO     Training average negative_rule_loss at step 17200: 0.758945
2025-12-03 20:27:38 INFO     Training average L_uncertainty at step 17200: 26.365885
2025-12-03 20:27:38 INFO     Training average L_kl at step 17200: 26259.243867
2025-12-03 20:27:38 INFO     Training average L_sigma at step 17200: 10.664017
2025-12-03 20:27:38 INFO     Training average mu_mean at step 17200: -0.105584
2025-12-03 20:27:38 INFO     Training average sigma_mean at step 17200: 0.168065
2025-12-03 20:27:38 INFO     Training average regularization at step 17200: 0.000000
2025-12-03 20:27:38 INFO     Training average loss at step 17200: 1.151496
2025-12-03 20:29:02 INFO     Training average positive_fact_loss at step 17300: 0.259682
2025-12-03 20:29:02 INFO     Training average negative_fact_loss at step 17300: 0.219566
2025-12-03 20:29:02 INFO     Training average positive_rule_loss at step 17300: 0.538221
2025-12-03 20:29:02 INFO     Training average negative_rule_loss at step 17300: 0.757968
2025-12-03 20:29:02 INFO     Training average L_uncertainty at step 17300: 26.363204
2025-12-03 20:29:02 INFO     Training average L_kl at step 17300: 26256.454863
2025-12-03 20:29:02 INFO     Training average L_sigma at step 17300: 10.674823
2025-12-03 20:29:02 INFO     Training average mu_mean at step 17300: -0.105366
2025-12-03 20:29:02 INFO     Training average sigma_mean at step 17300: 0.168067
2025-12-03 20:29:02 INFO     Training average regularization at step 17300: 0.000000
2025-12-03 20:29:02 INFO     Training average loss at step 17300: 1.151350
2025-12-03 20:30:15 INFO     Training average positive_fact_loss at step 17400: 0.259519
2025-12-03 20:30:15 INFO     Training average negative_fact_loss at step 17400: 0.219021
2025-12-03 20:30:15 INFO     Training average positive_rule_loss at step 17400: 0.537049
2025-12-03 20:30:15 INFO     Training average negative_rule_loss at step 17400: 0.757878
2025-12-03 20:30:15 INFO     Training average L_uncertainty at step 17400: 26.360028
2025-12-03 20:30:15 INFO     Training average L_kl at step 17400: 26253.424727
2025-12-03 20:30:15 INFO     Training average L_sigma at step 17400: 10.660193
2025-12-03 20:30:15 INFO     Training average mu_mean at step 17400: -0.104609
2025-12-03 20:30:15 INFO     Training average sigma_mean at step 17400: 0.168064
2025-12-03 20:30:15 INFO     Training average regularization at step 17400: 0.000000
2025-12-03 20:30:15 INFO     Training average loss at step 17400: 1.150334
2025-12-03 20:31:34 INFO     Training average positive_fact_loss at step 17500: 0.259739
2025-12-03 20:31:34 INFO     Training average negative_fact_loss at step 17500: 0.219602
2025-12-03 20:31:34 INFO     Training average positive_rule_loss at step 17500: 0.537229
2025-12-03 20:31:34 INFO     Training average negative_rule_loss at step 17500: 0.757146
2025-12-03 20:31:34 INFO     Training average L_uncertainty at step 17500: 26.355434
2025-12-03 20:31:34 INFO     Training average L_kl at step 17500: 26248.718184
2025-12-03 20:31:34 INFO     Training average L_sigma at step 17500: 10.671422
2025-12-03 20:31:34 INFO     Training average mu_mean at step 17500: -0.102578
2025-12-03 20:31:34 INFO     Training average sigma_mean at step 17500: 0.168065
2025-12-03 20:31:34 INFO     Training average regularization at step 17500: 0.000000
2025-12-03 20:31:34 INFO     Training average loss at step 17500: 1.150412
2025-12-03 20:32:52 INFO     Training average positive_fact_loss at step 17600: 0.259997
2025-12-03 20:32:52 INFO     Training average negative_fact_loss at step 17600: 0.219515
2025-12-03 20:32:52 INFO     Training average positive_rule_loss at step 17600: 0.538143
2025-12-03 20:32:52 INFO     Training average negative_rule_loss at step 17600: 0.756656
2025-12-03 20:32:52 INFO     Training average L_uncertainty at step 17600: 26.349274
2025-12-03 20:32:52 INFO     Training average L_kl at step 17600: 26242.645723
2025-12-03 20:32:52 INFO     Training average L_sigma at step 17600: 10.662729
2025-12-03 20:32:52 INFO     Training average mu_mean at step 17600: -0.101047
2025-12-03 20:32:52 INFO     Training average sigma_mean at step 17600: 0.168064
2025-12-03 20:32:52 INFO     Training average regularization at step 17600: 0.000000
2025-12-03 20:32:52 INFO     Training average loss at step 17600: 1.150648
2025-12-03 20:34:10 INFO     Training average positive_fact_loss at step 17700: 0.259685
2025-12-03 20:34:10 INFO     Training average negative_fact_loss at step 17700: 0.219492
2025-12-03 20:34:10 INFO     Training average positive_rule_loss at step 17700: 0.536353
2025-12-03 20:34:10 INFO     Training average negative_rule_loss at step 17700: 0.756734
2025-12-03 20:34:10 INFO     Training average L_uncertainty at step 17700: 26.349619
2025-12-03 20:34:10 INFO     Training average L_kl at step 17700: 26242.960215
2025-12-03 20:34:10 INFO     Training average L_sigma at step 17700: 10.665770
2025-12-03 20:34:10 INFO     Training average mu_mean at step 17700: -0.100952
2025-12-03 20:34:10 INFO     Training average sigma_mean at step 17700: 0.168065
2025-12-03 20:34:10 INFO     Training average regularization at step 17700: 0.000000
2025-12-03 20:34:10 INFO     Training average loss at step 17700: 1.149628
2025-12-03 20:35:29 INFO     Training average positive_fact_loss at step 17800: 0.259631
2025-12-03 20:35:29 INFO     Training average negative_fact_loss at step 17800: 0.219499
2025-12-03 20:35:29 INFO     Training average positive_rule_loss at step 17800: 0.537792
2025-12-03 20:35:29 INFO     Training average negative_rule_loss at step 17800: 0.755251
2025-12-03 20:35:29 INFO     Training average L_uncertainty at step 17800: 26.345565
2025-12-03 20:35:29 INFO     Training average L_kl at step 17800: 26238.880664
2025-12-03 20:35:29 INFO     Training average L_sigma at step 17800: 10.668284
2025-12-03 20:35:29 INFO     Training average mu_mean at step 17800: -0.100346
2025-12-03 20:35:29 INFO     Training average sigma_mean at step 17800: 0.168066
2025-12-03 20:35:29 INFO     Training average regularization at step 17800: 0.000000
2025-12-03 20:35:29 INFO     Training average loss at step 17800: 1.149543
2025-12-03 20:36:43 INFO     Training average positive_fact_loss at step 17900: 0.259684
2025-12-03 20:36:43 INFO     Training average negative_fact_loss at step 17900: 0.219453
2025-12-03 20:36:43 INFO     Training average positive_rule_loss at step 17900: 0.536137
2025-12-03 20:36:43 INFO     Training average negative_rule_loss at step 17900: 0.756207
2025-12-03 20:36:43 INFO     Training average L_uncertainty at step 17900: 26.339692
2025-12-03 20:36:43 INFO     Training average L_kl at step 17900: 26232.996484
2025-12-03 20:36:43 INFO     Training average L_sigma at step 17900: 10.669431
2025-12-03 20:36:43 INFO     Training average mu_mean at step 17900: -0.098268
2025-12-03 20:36:43 INFO     Training average sigma_mean at step 17900: 0.168065
2025-12-03 20:36:43 INFO     Training average regularization at step 17900: 0.000000
2025-12-03 20:36:43 INFO     Training average loss at step 17900: 1.149137
2025-12-03 20:38:07 INFO     Training average positive_fact_loss at step 18000: 0.259956
2025-12-03 20:38:07 INFO     Training average negative_fact_loss at step 18000: 0.219428
2025-12-03 20:38:07 INFO     Training average positive_rule_loss at step 18000: 0.538925
2025-12-03 20:38:07 INFO     Training average negative_rule_loss at step 18000: 0.753795
2025-12-03 20:38:07 INFO     Training average L_uncertainty at step 18000: 26.338132
2025-12-03 20:38:07 INFO     Training average L_kl at step 18000: 26231.521836
2025-12-03 20:38:07 INFO     Training average L_sigma at step 18000: 10.660902
2025-12-03 20:38:07 INFO     Training average mu_mean at step 18000: -0.097753
2025-12-03 20:38:07 INFO     Training average sigma_mean at step 18000: 0.168064
2025-12-03 20:38:07 INFO     Training average regularization at step 18000: 0.000000
2025-12-03 20:38:07 INFO     Training average loss at step 18000: 1.149434
2025-12-03 20:38:07 INFO     Evaluating on Valid Dataset...
2025-12-03 20:38:07 INFO     >>>>> RuleE emb: Evaluating on valid
2025-12-03 20:38:17 INFO     Data : 2612
2025-12-03 20:38:17 INFO     Hit1 : 0.712864
2025-12-03 20:38:17 INFO     Hit3 : 0.892037
2025-12-03 20:38:17 INFO     Hit10: 0.961332
2025-12-03 20:38:17 INFO     MR   : 3.211332
2025-12-03 20:38:17 INFO     MRR  : 0.810073
2025-12-03 20:39:36 INFO     Training average positive_fact_loss at step 18100: 0.259641
2025-12-03 20:39:36 INFO     Training average negative_fact_loss at step 18100: 0.219365
2025-12-03 20:39:36 INFO     Training average positive_rule_loss at step 18100: 0.536929
2025-12-03 20:39:36 INFO     Training average negative_rule_loss at step 18100: 0.754941
2025-12-03 20:39:36 INFO     Training average L_uncertainty at step 18100: 26.332006
2025-12-03 20:39:36 INFO     Training average L_kl at step 18100: 26225.279219
2025-12-03 20:39:36 INFO     Training average L_sigma at step 18100: 10.672563
2025-12-03 20:39:36 INFO     Training average mu_mean at step 18100: -0.097789
2025-12-03 20:39:36 INFO     Training average sigma_mean at step 18100: 0.168066
2025-12-03 20:39:36 INFO     Training average regularization at step 18100: 0.000000
2025-12-03 20:39:36 INFO     Training average loss at step 18100: 1.148758
2025-12-03 20:40:50 INFO     Training average positive_fact_loss at step 18200: 0.259433
2025-12-03 20:40:50 INFO     Training average negative_fact_loss at step 18200: 0.219409
2025-12-03 20:40:50 INFO     Training average positive_rule_loss at step 18200: 0.538661
2025-12-03 20:40:50 INFO     Training average negative_rule_loss at step 18200: 0.753071
2025-12-03 20:40:50 INFO     Training average L_uncertainty at step 18200: 26.327723
2025-12-03 20:40:50 INFO     Training average L_kl at step 18200: 26221.071113
2025-12-03 20:40:50 INFO     Training average L_sigma at step 18200: 10.665071
2025-12-03 20:40:50 INFO     Training average mu_mean at step 18200: -0.095596
2025-12-03 20:40:50 INFO     Training average sigma_mean at step 18200: 0.168066
2025-12-03 20:40:50 INFO     Training average regularization at step 18200: 0.000000
2025-12-03 20:40:50 INFO     Training average loss at step 18200: 1.148564
2025-12-03 20:42:08 INFO     Training average positive_fact_loss at step 18300: 0.260185
2025-12-03 20:42:08 INFO     Training average negative_fact_loss at step 18300: 0.219227
2025-12-03 20:42:08 INFO     Training average positive_rule_loss at step 18300: 0.537653
2025-12-03 20:42:08 INFO     Training average negative_rule_loss at step 18300: 0.753157
2025-12-03 20:42:08 INFO     Training average L_uncertainty at step 18300: 26.326549
2025-12-03 20:42:08 INFO     Training average L_kl at step 18300: 26219.727891
2025-12-03 20:42:08 INFO     Training average L_sigma at step 18300: 10.681990
2025-12-03 20:42:08 INFO     Training average mu_mean at step 18300: -0.095727
2025-12-03 20:42:08 INFO     Training average sigma_mean at step 18300: 0.168067
2025-12-03 20:42:08 INFO     Training average regularization at step 18300: 0.000000
2025-12-03 20:42:08 INFO     Training average loss at step 18300: 1.148377
2025-12-03 20:43:27 INFO     Training average positive_fact_loss at step 18400: 0.259565
2025-12-03 20:43:27 INFO     Training average negative_fact_loss at step 18400: 0.219253
2025-12-03 20:43:27 INFO     Training average positive_rule_loss at step 18400: 0.538208
2025-12-03 20:43:27 INFO     Training average negative_rule_loss at step 18400: 0.752817
2025-12-03 20:43:27 INFO     Training average L_uncertainty at step 18400: 26.322247
2025-12-03 20:43:27 INFO     Training average L_kl at step 18400: 26215.640273
2025-12-03 20:43:27 INFO     Training average L_sigma at step 18400: 10.660538
2025-12-03 20:43:27 INFO     Training average mu_mean at step 18400: -0.094282
2025-12-03 20:43:27 INFO     Training average sigma_mean at step 18400: 0.168065
2025-12-03 20:43:27 INFO     Training average regularization at step 18400: 0.000000
2025-12-03 20:43:27 INFO     Training average loss at step 18400: 1.148144
2025-12-03 20:44:46 INFO     Training average positive_fact_loss at step 18500: 0.259248
2025-12-03 20:44:46 INFO     Training average negative_fact_loss at step 18500: 0.219437
2025-12-03 20:44:46 INFO     Training average positive_rule_loss at step 18500: 0.537781
2025-12-03 20:44:46 INFO     Training average negative_rule_loss at step 18500: 0.751868
2025-12-03 20:44:46 INFO     Training average L_uncertainty at step 18500: 26.314425
2025-12-03 20:44:46 INFO     Training average L_kl at step 18500: 26207.719199
2025-12-03 20:44:46 INFO     Training average L_sigma at step 18500: 10.670453
2025-12-03 20:44:46 INFO     Training average mu_mean at step 18500: -0.092119
2025-12-03 20:44:46 INFO     Training average sigma_mean at step 18500: 0.168066
2025-12-03 20:44:46 INFO     Training average regularization at step 18500: 0.000000
2025-12-03 20:44:46 INFO     Training average loss at step 18500: 1.147311
2025-12-03 20:46:05 INFO     Training average positive_fact_loss at step 18600: 0.260410
2025-12-03 20:46:05 INFO     Training average negative_fact_loss at step 18600: 0.219388
2025-12-03 20:46:05 INFO     Training average positive_rule_loss at step 18600: 0.537147
2025-12-03 20:46:05 INFO     Training average negative_rule_loss at step 18600: 0.751876
2025-12-03 20:46:05 INFO     Training average L_uncertainty at step 18600: 26.317332
2025-12-03 20:46:05 INFO     Training average L_kl at step 18600: 26210.670840
2025-12-03 20:46:05 INFO     Training average L_sigma at step 18600: 10.665996
2025-12-03 20:46:05 INFO     Training average mu_mean at step 18600: -0.092293
2025-12-03 20:46:05 INFO     Training average sigma_mean at step 18600: 0.168064
2025-12-03 20:46:05 INFO     Training average regularization at step 18600: 0.000000
2025-12-03 20:46:05 INFO     Training average loss at step 18600: 1.147584
2025-12-03 20:47:19 INFO     Training average positive_fact_loss at step 18700: 0.259129
2025-12-03 20:47:19 INFO     Training average negative_fact_loss at step 18700: 0.219047
2025-12-03 20:47:19 INFO     Training average positive_rule_loss at step 18700: 0.538542
2025-12-03 20:47:19 INFO     Training average negative_rule_loss at step 18700: 0.751092
2025-12-03 20:47:19 INFO     Training average L_uncertainty at step 18700: 26.309446
2025-12-03 20:47:19 INFO     Training average L_kl at step 18700: 26202.741699
2025-12-03 20:47:19 INFO     Training average L_sigma at step 18700: 10.670306
2025-12-03 20:47:19 INFO     Training average mu_mean at step 18700: -0.091117
2025-12-03 20:47:19 INFO     Training average sigma_mean at step 18700: 0.168065
2025-12-03 20:47:19 INFO     Training average regularization at step 18700: 0.000000
2025-12-03 20:47:19 INFO     Training average loss at step 18700: 1.146999
2025-12-03 20:48:45 INFO     Training average positive_fact_loss at step 18800: 0.259759
2025-12-03 20:48:45 INFO     Training average negative_fact_loss at step 18800: 0.219463
2025-12-03 20:48:45 INFO     Training average positive_rule_loss at step 18800: 0.538737
2025-12-03 20:48:45 INFO     Training average negative_rule_loss at step 18800: 0.750410
2025-12-03 20:48:45 INFO     Training average L_uncertainty at step 18800: 26.308200
2025-12-03 20:48:45 INFO     Training average L_kl at step 18800: 26201.565898
2025-12-03 20:48:45 INFO     Training average L_sigma at step 18800: 10.663286
2025-12-03 20:48:45 INFO     Training average mu_mean at step 18800: -0.091277
2025-12-03 20:48:45 INFO     Training average sigma_mean at step 18800: 0.168064
2025-12-03 20:48:45 INFO     Training average regularization at step 18800: 0.000000
2025-12-03 20:48:45 INFO     Training average loss at step 18800: 1.147267
2025-12-03 20:50:36 INFO     Training average positive_fact_loss at step 18900: 0.259332
2025-12-03 20:50:36 INFO     Training average negative_fact_loss at step 18900: 0.219395
2025-12-03 20:50:36 INFO     Training average positive_rule_loss at step 18900: 0.537923
2025-12-03 20:50:36 INFO     Training average negative_rule_loss at step 18900: 0.750717
2025-12-03 20:50:36 INFO     Training average L_uncertainty at step 18900: 26.308892
2025-12-03 20:50:36 INFO     Training average L_kl at step 18900: 26202.227617
2025-12-03 20:50:36 INFO     Training average L_sigma at step 18900: 10.666283
2025-12-03 20:50:36 INFO     Training average mu_mean at step 18900: -0.090613
2025-12-03 20:50:36 INFO     Training average sigma_mean at step 18900: 0.168064
2025-12-03 20:50:36 INFO     Training average regularization at step 18900: 0.000000
2025-12-03 20:50:36 INFO     Training average loss at step 18900: 1.146772
2025-12-03 20:52:36 INFO     Training average positive_fact_loss at step 19000: 0.259643
2025-12-03 20:52:36 INFO     Training average negative_fact_loss at step 19000: 0.219061
2025-12-03 20:52:36 INFO     Training average positive_rule_loss at step 19000: 0.538680
2025-12-03 20:52:36 INFO     Training average negative_rule_loss at step 19000: 0.748955
2025-12-03 20:52:36 INFO     Training average L_uncertainty at step 19000: 26.301219
2025-12-03 20:52:36 INFO     Training average L_kl at step 19000: 26194.494824
2025-12-03 20:52:36 INFO     Training average L_sigma at step 19000: 10.672254
2025-12-03 20:52:36 INFO     Training average mu_mean at step 19000: -0.088191
2025-12-03 20:52:36 INFO     Training average sigma_mean at step 19000: 0.168066
2025-12-03 20:52:36 INFO     Training average regularization at step 19000: 0.000000
2025-12-03 20:52:36 INFO     Training average loss at step 19000: 1.146181
2025-12-03 20:52:36 INFO     Evaluating on Valid Dataset...
2025-12-03 20:52:36 INFO     >>>>> RuleE emb: Evaluating on valid
2025-12-03 20:52:53 INFO     Data : 2612
2025-12-03 20:52:53 INFO     Hit1 : 0.714778
2025-12-03 20:52:53 INFO     Hit3 : 0.888591
2025-12-03 20:52:53 INFO     Hit10: 0.961715
2025-12-03 20:52:53 INFO     MR   : 3.234303
2025-12-03 20:52:53 INFO     MRR  : 0.810614
2025-12-03 20:54:58 INFO     Training average positive_fact_loss at step 19100: 0.259704
2025-12-03 20:54:58 INFO     Training average negative_fact_loss at step 19100: 0.219013
2025-12-03 20:54:58 INFO     Training average positive_rule_loss at step 19100: 0.538432
2025-12-03 20:54:58 INFO     Training average negative_rule_loss at step 19100: 0.749057
2025-12-03 20:54:58 INFO     Training average L_uncertainty at step 19100: 26.296769
2025-12-03 20:54:58 INFO     Training average L_kl at step 19100: 26190.104863
2025-12-03 20:54:58 INFO     Training average L_sigma at step 19100: 10.666239
2025-12-03 20:54:58 INFO     Training average mu_mean at step 19100: -0.086837
2025-12-03 20:54:58 INFO     Training average sigma_mean at step 19100: 0.168065
2025-12-03 20:54:58 INFO     Training average regularization at step 19100: 0.000000
2025-12-03 20:54:58 INFO     Training average loss at step 19100: 1.146071
2025-12-03 20:57:07 INFO     Training average positive_fact_loss at step 19200: 0.259842
2025-12-03 20:57:07 INFO     Training average negative_fact_loss at step 19200: 0.219133
2025-12-03 20:57:07 INFO     Training average positive_rule_loss at step 19200: 0.538821
2025-12-03 20:57:07 INFO     Training average negative_rule_loss at step 19200: 0.748561
2025-12-03 20:57:07 INFO     Training average L_uncertainty at step 19200: 26.298606
2025-12-03 20:57:07 INFO     Training average L_kl at step 19200: 26191.999863
2025-12-03 20:57:07 INFO     Training average L_sigma at step 19200: 10.660514
2025-12-03 20:57:07 INFO     Training average mu_mean at step 19200: -0.087909
2025-12-03 20:57:07 INFO     Training average sigma_mean at step 19200: 0.168064
2025-12-03 20:57:07 INFO     Training average regularization at step 19200: 0.000000
2025-12-03 20:57:07 INFO     Training average loss at step 19200: 1.146164
2025-12-03 20:59:19 INFO     Training average positive_fact_loss at step 19300: 0.259205
2025-12-03 20:59:19 INFO     Training average negative_fact_loss at step 19300: 0.219306
2025-12-03 20:59:19 INFO     Training average positive_rule_loss at step 19300: 0.538032
2025-12-03 20:59:19 INFO     Training average negative_rule_loss at step 19300: 0.748346
2025-12-03 20:59:19 INFO     Training average L_uncertainty at step 19300: 26.289082
2025-12-03 20:59:19 INFO     Training average L_kl at step 19300: 26182.420176
2025-12-03 20:59:19 INFO     Training average L_sigma at step 19300: 10.666058
2025-12-03 20:59:19 INFO     Training average mu_mean at step 19300: -0.084844
2025-12-03 20:59:19 INFO     Training average sigma_mean at step 19300: 0.168065
2025-12-03 20:59:19 INFO     Training average regularization at step 19300: 0.000000
2025-12-03 20:59:19 INFO     Training average loss at step 19300: 1.145335
2025-12-03 21:01:18 INFO     Training average positive_fact_loss at step 19400: 0.259905
2025-12-03 21:01:18 INFO     Training average negative_fact_loss at step 19400: 0.219500
2025-12-03 21:01:18 INFO     Training average positive_rule_loss at step 19400: 0.538776
2025-12-03 21:01:18 INFO     Training average negative_rule_loss at step 19400: 0.747134
2025-12-03 21:01:18 INFO     Training average L_uncertainty at step 19400: 26.286515
2025-12-03 21:01:18 INFO     Training average L_kl at step 19400: 26179.874824
2025-12-03 21:01:18 INFO     Training average L_sigma at step 19400: 10.663914
2025-12-03 21:01:18 INFO     Training average mu_mean at step 19400: -0.084353
2025-12-03 21:01:18 INFO     Training average sigma_mean at step 19400: 0.168063
2025-12-03 21:01:18 INFO     Training average regularization at step 19400: 0.000000
2025-12-03 21:01:18 INFO     Training average loss at step 19400: 1.145523
2025-12-03 21:03:25 INFO     Training average positive_fact_loss at step 19500: 0.259614
2025-12-03 21:03:25 INFO     Training average negative_fact_loss at step 19500: 0.218987
2025-12-03 21:03:25 INFO     Training average positive_rule_loss at step 19500: 0.539161
2025-12-03 21:03:25 INFO     Training average negative_rule_loss at step 19500: 0.747248
2025-12-03 21:03:25 INFO     Training average L_uncertainty at step 19500: 26.287155
2025-12-03 21:03:25 INFO     Training average L_kl at step 19500: 26180.549102
2025-12-03 21:03:25 INFO     Training average L_sigma at step 19500: 10.660443
2025-12-03 21:03:25 INFO     Training average mu_mean at step 19500: -0.085030
2025-12-03 21:03:25 INFO     Training average sigma_mean at step 19500: 0.168062
2025-12-03 21:03:25 INFO     Training average regularization at step 19500: 0.000000
2025-12-03 21:03:25 INFO     Training average loss at step 19500: 1.145376
2025-12-03 21:05:36 INFO     Training average positive_fact_loss at step 19600: 0.259535
2025-12-03 21:05:36 INFO     Training average negative_fact_loss at step 19600: 0.219546
2025-12-03 21:05:36 INFO     Training average positive_rule_loss at step 19600: 0.539207
2025-12-03 21:05:36 INFO     Training average negative_rule_loss at step 19600: 0.745984
2025-12-03 21:05:36 INFO     Training average L_uncertainty at step 19600: 26.284451
2025-12-03 21:05:36 INFO     Training average L_kl at step 19600: 26177.777070
2025-12-03 21:05:36 INFO     Training average L_sigma at step 19600: 10.667218
2025-12-03 21:05:36 INFO     Training average mu_mean at step 19600: -0.083773
2025-12-03 21:05:36 INFO     Training average sigma_mean at step 19600: 0.168066
2025-12-03 21:05:36 INFO     Training average regularization at step 19600: 0.000000
2025-12-03 21:05:36 INFO     Training average loss at step 19600: 1.144980
2025-12-03 21:07:42 INFO     Training average positive_fact_loss at step 19700: 0.259568
2025-12-03 21:07:42 INFO     Training average negative_fact_loss at step 19700: 0.219055
2025-12-03 21:07:42 INFO     Training average positive_rule_loss at step 19700: 0.536321
2025-12-03 21:07:42 INFO     Training average negative_rule_loss at step 19700: 0.747073
2025-12-03 21:07:42 INFO     Training average L_uncertainty at step 19700: 26.277180
2025-12-03 21:07:42 INFO     Training average L_kl at step 19700: 26170.394043
2025-12-03 21:07:42 INFO     Training average L_sigma at step 19700: 10.678489
2025-12-03 21:07:42 INFO     Training average mu_mean at step 19700: -0.080615
2025-12-03 21:07:42 INFO     Training average sigma_mean at step 19700: 0.168068
2025-12-03 21:07:42 INFO     Training average regularization at step 19700: 0.000000
2025-12-03 21:07:42 INFO     Training average loss at step 19700: 1.143780
2025-12-03 21:09:51 INFO     Training average positive_fact_loss at step 19800: 0.259670
2025-12-03 21:09:51 INFO     Training average negative_fact_loss at step 19800: 0.219264
2025-12-03 21:09:51 INFO     Training average positive_rule_loss at step 19800: 0.540364
2025-12-03 21:09:51 INFO     Training average negative_rule_loss at step 19800: 0.744317
2025-12-03 21:09:51 INFO     Training average L_uncertainty at step 19800: 26.276116
2025-12-03 21:09:51 INFO     Training average L_kl at step 19800: 26169.454961
2025-12-03 21:09:51 INFO     Training average L_sigma at step 19800: 10.665949
2025-12-03 21:09:51 INFO     Training average mu_mean at step 19800: -0.081470
2025-12-03 21:09:51 INFO     Training average sigma_mean at step 19800: 0.168066
2025-12-03 21:09:51 INFO     Training average regularization at step 19800: 0.000000
2025-12-03 21:09:51 INFO     Training average loss at step 19800: 1.144569
2025-12-03 21:11:54 INFO     Training average positive_fact_loss at step 19900: 0.259548
2025-12-03 21:11:54 INFO     Training average negative_fact_loss at step 19900: 0.219202
2025-12-03 21:11:54 INFO     Training average positive_rule_loss at step 19900: 0.539366
2025-12-03 21:11:54 INFO     Training average negative_rule_loss at step 19900: 0.744604
2025-12-03 21:11:54 INFO     Training average L_uncertainty at step 19900: 26.269988
2025-12-03 21:11:54 INFO     Training average L_kl at step 19900: 26163.302012
2025-12-03 21:11:54 INFO     Training average L_sigma at step 19900: 10.668484
2025-12-03 21:11:54 INFO     Training average mu_mean at step 19900: -0.079417
2025-12-03 21:11:54 INFO     Training average sigma_mean at step 19900: 0.168065
2025-12-03 21:11:54 INFO     Training average regularization at step 19900: 0.000000
2025-12-03 21:11:54 INFO     Training average loss at step 19900: 1.144060
2025-12-03 21:13:57 INFO     Training average positive_fact_loss at step 20000: 0.259633
2025-12-03 21:13:57 INFO     Training average negative_fact_loss at step 20000: 0.219290
2025-12-03 21:13:57 INFO     Training average positive_rule_loss at step 20000: 0.537524
2025-12-03 21:13:57 INFO     Training average negative_rule_loss at step 20000: 0.745149
2025-12-03 21:13:57 INFO     Training average L_uncertainty at step 20000: 26.272657
2025-12-03 21:13:57 INFO     Training average L_kl at step 20000: 26165.973887
2025-12-03 21:13:57 INFO     Training average L_sigma at step 20000: 10.668169
2025-12-03 21:13:57 INFO     Training average mu_mean at step 20000: -0.079224
2025-12-03 21:13:57 INFO     Training average sigma_mean at step 20000: 0.168065
2025-12-03 21:13:57 INFO     Training average regularization at step 20000: 0.000000
2025-12-03 21:13:57 INFO     Training average loss at step 20000: 1.143524
2025-12-03 21:13:57 INFO     Evaluating on Valid Dataset...
2025-12-03 21:13:57 INFO     >>>>> RuleE emb: Evaluating on valid
2025-12-03 21:14:09 INFO     Data : 2612
2025-12-03 21:14:09 INFO     Hit1 : 0.714778
2025-12-03 21:14:09 INFO     Hit3 : 0.890505
2025-12-03 21:14:09 INFO     Hit10: 0.961715
2025-12-03 21:14:09 INFO     MR   : 3.261868
2025-12-03 21:14:09 INFO     MRR  : 0.810448
2025-12-03 21:16:20 INFO     Training average positive_fact_loss at step 20100: 0.259727
2025-12-03 21:16:20 INFO     Training average negative_fact_loss at step 20100: 0.219347
2025-12-03 21:16:20 INFO     Training average positive_rule_loss at step 20100: 0.540055
2025-12-03 21:16:20 INFO     Training average negative_rule_loss at step 20100: 0.743509
2025-12-03 21:16:20 INFO     Training average L_uncertainty at step 20100: 26.267845
2025-12-03 21:16:20 INFO     Training average L_kl at step 20100: 26161.062617
2025-12-03 21:16:20 INFO     Training average L_sigma at step 20100: 10.678099
2025-12-03 21:16:20 INFO     Training average mu_mean at step 20100: -0.078797
2025-12-03 21:16:20 INFO     Training average sigma_mean at step 20100: 0.168066
2025-12-03 21:16:20 INFO     Training average regularization at step 20100: 0.000000
2025-12-03 21:16:20 INFO     Training average loss at step 20100: 1.143998
2025-12-03 21:18:23 INFO     Training average positive_fact_loss at step 20200: 0.259203
2025-12-03 21:18:23 INFO     Training average negative_fact_loss at step 20200: 0.218933
2025-12-03 21:18:23 INFO     Training average positive_rule_loss at step 20200: 0.538660
2025-12-03 21:18:23 INFO     Training average negative_rule_loss at step 20200: 0.743043
2025-12-03 21:18:23 INFO     Training average L_uncertainty at step 20200: 26.259683
2025-12-03 21:18:23 INFO     Training average L_kl at step 20200: 26152.934941
2025-12-03 21:18:23 INFO     Training average L_sigma at step 20200: 10.674659
2025-12-03 21:18:23 INFO     Training average mu_mean at step 20200: -0.076306
2025-12-03 21:18:23 INFO     Training average sigma_mean at step 20200: 0.168066
2025-12-03 21:18:23 INFO     Training average regularization at step 20200: 0.000000
2025-12-03 21:18:23 INFO     Training average loss at step 20200: 1.142516
2025-12-03 21:20:26 INFO     Training average positive_fact_loss at step 20300: 0.260227
2025-12-03 21:20:26 INFO     Training average negative_fact_loss at step 20300: 0.219666
2025-12-03 21:20:26 INFO     Training average positive_rule_loss at step 20300: 0.539181
2025-12-03 21:20:26 INFO     Training average negative_rule_loss at step 20300: 0.742812
2025-12-03 21:20:26 INFO     Training average L_uncertainty at step 20300: 26.258027
2025-12-03 21:20:26 INFO     Training average L_kl at step 20300: 26151.301270
2025-12-03 21:20:26 INFO     Training average L_sigma at step 20300: 10.672408
2025-12-03 21:20:26 INFO     Training average mu_mean at step 20300: -0.075528
2025-12-03 21:20:26 INFO     Training average sigma_mean at step 20300: 0.168068
2025-12-03 21:20:26 INFO     Training average regularization at step 20300: 0.000000
2025-12-03 21:20:26 INFO     Training average loss at step 20300: 1.143523
2025-12-03 21:22:38 INFO     Training average positive_fact_loss at step 20400: 0.259070
2025-12-03 21:22:38 INFO     Training average negative_fact_loss at step 20400: 0.218920
2025-12-03 21:22:38 INFO     Training average positive_rule_loss at step 20400: 0.537807
2025-12-03 21:22:38 INFO     Training average negative_rule_loss at step 20400: 0.743336
2025-12-03 21:22:38 INFO     Training average L_uncertainty at step 20400: 26.258667
2025-12-03 21:22:38 INFO     Training average L_kl at step 20400: 26152.014590
2025-12-03 21:22:38 INFO     Training average L_sigma at step 20400: 10.665135
2025-12-03 21:22:38 INFO     Training average mu_mean at step 20400: -0.076452
2025-12-03 21:22:38 INFO     Training average sigma_mean at step 20400: 0.168064
2025-12-03 21:22:38 INFO     Training average regularization at step 20400: 0.000000
2025-12-03 21:22:38 INFO     Training average loss at step 20400: 1.142153
2025-12-03 21:24:48 INFO     Training average positive_fact_loss at step 20500: 0.259301
2025-12-03 21:24:48 INFO     Training average negative_fact_loss at step 20500: 0.219027
2025-12-03 21:24:48 INFO     Training average positive_rule_loss at step 20500: 0.540226
2025-12-03 21:24:48 INFO     Training average negative_rule_loss at step 20500: 0.741530
2025-12-03 21:24:48 INFO     Training average L_uncertainty at step 20500: 26.252431
2025-12-03 21:24:48 INFO     Training average L_kl at step 20500: 26145.693594
2025-12-03 21:24:48 INFO     Training average L_sigma at step 20500: 10.673650
2025-12-03 21:24:48 INFO     Training average mu_mean at step 20500: -0.074776
2025-12-03 21:24:48 INFO     Training average sigma_mean at step 20500: 0.168066
2025-12-03 21:24:48 INFO     Training average regularization at step 20500: 0.000000
2025-12-03 21:24:48 INFO     Training average loss at step 20500: 1.142566
2025-12-03 21:26:53 INFO     Training average positive_fact_loss at step 20600: 0.260001
2025-12-03 21:26:53 INFO     Training average negative_fact_loss at step 20600: 0.219288
2025-12-03 21:26:53 INFO     Training average positive_rule_loss at step 20600: 0.539309
2025-12-03 21:26:53 INFO     Training average negative_rule_loss at step 20600: 0.741092
2025-12-03 21:26:53 INFO     Training average L_uncertainty at step 20600: 26.249943
2025-12-03 21:26:53 INFO     Training average L_kl at step 20600: 26143.275410
2025-12-03 21:26:53 INFO     Training average L_sigma at step 20600: 10.666610
2025-12-03 21:26:53 INFO     Training average mu_mean at step 20600: -0.073571
2025-12-03 21:26:53 INFO     Training average sigma_mean at step 20600: 0.168067
2025-12-03 21:26:53 INFO     Training average regularization at step 20600: 0.000000
2025-12-03 21:26:53 INFO     Training average loss at step 20600: 1.142345
2025-12-03 21:28:57 INFO     Training average positive_fact_loss at step 20700: 0.259429
2025-12-03 21:28:57 INFO     Training average negative_fact_loss at step 20700: 0.219229
2025-12-03 21:28:57 INFO     Training average positive_rule_loss at step 20700: 0.540408
2025-12-03 21:28:57 INFO     Training average negative_rule_loss at step 20700: 0.740377
2025-12-03 21:28:57 INFO     Training average L_uncertainty at step 20700: 26.248424
2025-12-03 21:28:57 INFO     Training average L_kl at step 20700: 26141.723125
2025-12-03 21:28:57 INFO     Training average L_sigma at step 20700: 10.669929
2025-12-03 21:28:57 INFO     Training average mu_mean at step 20700: -0.072922
2025-12-03 21:28:57 INFO     Training average sigma_mean at step 20700: 0.168065
2025-12-03 21:28:57 INFO     Training average regularization at step 20700: 0.000000
2025-12-03 21:28:57 INFO     Training average loss at step 20700: 1.142206
2025-12-03 21:31:07 INFO     Training average positive_fact_loss at step 20800: 0.259803
2025-12-03 21:31:07 INFO     Training average negative_fact_loss at step 20800: 0.219107
2025-12-03 21:31:07 INFO     Training average positive_rule_loss at step 20800: 0.538934
2025-12-03 21:31:07 INFO     Training average negative_rule_loss at step 20800: 0.740547
2025-12-03 21:31:07 INFO     Training average L_uncertainty at step 20800: 26.243892
2025-12-03 21:31:07 INFO     Training average L_kl at step 20800: 26137.240684
2025-12-03 21:31:07 INFO     Training average L_sigma at step 20800: 10.665033
2025-12-03 21:31:07 INFO     Training average mu_mean at step 20800: -0.070890
2025-12-03 21:31:07 INFO     Training average sigma_mean at step 20800: 0.168066
2025-12-03 21:31:07 INFO     Training average regularization at step 20800: 0.000000
2025-12-03 21:31:07 INFO     Training average loss at step 20800: 1.141635
2025-12-03 21:33:17 INFO     Training average positive_fact_loss at step 20900: 0.259109
2025-12-03 21:33:17 INFO     Training average negative_fact_loss at step 20900: 0.218825
2025-12-03 21:33:17 INFO     Training average positive_rule_loss at step 20900: 0.539199
2025-12-03 21:33:17 INFO     Training average negative_rule_loss at step 20900: 0.739693
2025-12-03 21:33:17 INFO     Training average L_uncertainty at step 20900: 26.243341
2025-12-03 21:33:17 INFO     Training average L_kl at step 20900: 26136.594023
2025-12-03 21:33:17 INFO     Training average L_sigma at step 20900: 10.674625
2025-12-03 21:33:17 INFO     Training average mu_mean at step 20900: -0.071201
2025-12-03 21:33:17 INFO     Training average sigma_mean at step 20900: 0.168066
2025-12-03 21:33:17 INFO     Training average regularization at step 20900: 0.000000
2025-12-03 21:33:17 INFO     Training average loss at step 20900: 1.140846
2025-12-03 21:35:18 INFO     Training average positive_fact_loss at step 21000: 0.259567
2025-12-03 21:35:18 INFO     Training average negative_fact_loss at step 21000: 0.219534
2025-12-03 21:35:18 INFO     Training average positive_rule_loss at step 21000: 0.540198
2025-12-03 21:35:18 INFO     Training average negative_rule_loss at step 21000: 0.738665
2025-12-03 21:35:18 INFO     Training average L_uncertainty at step 21000: 26.238502
2025-12-03 21:35:18 INFO     Training average L_kl at step 21000: 26131.863926
2025-12-03 21:35:18 INFO     Training average L_sigma at step 21000: 10.663646
2025-12-03 21:35:18 INFO     Training average mu_mean at step 21000: -0.070120
2025-12-03 21:35:18 INFO     Training average sigma_mean at step 21000: 0.168064
2025-12-03 21:35:18 INFO     Training average regularization at step 21000: 0.000000
2025-12-03 21:35:18 INFO     Training average loss at step 21000: 1.141367
2025-12-03 21:35:18 INFO     Evaluating on Valid Dataset...
2025-12-03 21:35:18 INFO     >>>>> RuleE emb: Evaluating on valid
2025-12-03 21:35:35 INFO     Data : 2612
2025-12-03 21:35:35 INFO     Hit1 : 0.715926
2025-12-03 21:35:35 INFO     Hit3 : 0.892420
2025-12-03 21:35:35 INFO     Hit10: 0.961332
2025-12-03 21:35:35 INFO     MR   : 3.245789
2025-12-03 21:35:35 INFO     MRR  : 0.811215
2025-12-03 21:37:51 INFO     Training average positive_fact_loss at step 21100: 0.259809
2025-12-03 21:37:51 INFO     Training average negative_fact_loss at step 21100: 0.219227
2025-12-03 21:37:51 INFO     Training average positive_rule_loss at step 21100: 0.538716
2025-12-03 21:37:51 INFO     Training average negative_rule_loss at step 21100: 0.739150
2025-12-03 21:37:51 INFO     Training average L_uncertainty at step 21100: 26.234116
2025-12-03 21:37:51 INFO     Training average L_kl at step 21100: 26127.431309
2025-12-03 21:37:51 INFO     Training average L_sigma at step 21100: 10.668306
2025-12-03 21:37:51 INFO     Training average mu_mean at step 21100: -0.068290
2025-12-03 21:37:51 INFO     Training average sigma_mean at step 21100: 0.168065
2025-12-03 21:37:51 INFO     Training average regularization at step 21100: 0.000000
2025-12-03 21:37:51 INFO     Training average loss at step 21100: 1.140792
2025-12-03 21:39:59 INFO     Training average positive_fact_loss at step 21200: 0.259649
2025-12-03 21:39:59 INFO     Training average negative_fact_loss at step 21200: 0.218912
2025-12-03 21:39:59 INFO     Training average positive_rule_loss at step 21200: 0.539626
2025-12-03 21:39:59 INFO     Training average negative_rule_loss at step 21200: 0.738225
2025-12-03 21:39:59 INFO     Training average L_uncertainty at step 21200: 26.232667
2025-12-03 21:39:59 INFO     Training average L_kl at step 21200: 26125.958516
2025-12-03 21:39:59 INFO     Training average L_sigma at step 21200: 10.670699
2025-12-03 21:39:59 INFO     Training average mu_mean at step 21200: -0.067946
2025-12-03 21:39:59 INFO     Training average sigma_mean at step 21200: 0.168065
2025-12-03 21:39:59 INFO     Training average regularization at step 21200: 0.000000
2025-12-03 21:39:59 INFO     Training average loss at step 21200: 1.140532
2025-12-03 21:42:06 INFO     Training average positive_fact_loss at step 21300: 0.259427
2025-12-03 21:42:06 INFO     Training average negative_fact_loss at step 21300: 0.219366
2025-12-03 21:42:06 INFO     Training average positive_rule_loss at step 21300: 0.539766
2025-12-03 21:42:06 INFO     Training average negative_rule_loss at step 21300: 0.737939
2025-12-03 21:42:06 INFO     Training average L_uncertainty at step 21300: 26.232785
2025-12-03 21:42:06 INFO     Training average L_kl at step 21300: 26126.117305
2025-12-03 21:42:06 INFO     Training average L_sigma at step 21300: 10.666658
2025-12-03 21:42:06 INFO     Training average mu_mean at step 21300: -0.067470
2025-12-03 21:42:06 INFO     Training average sigma_mean at step 21300: 0.168064
2025-12-03 21:42:06 INFO     Training average regularization at step 21300: 0.000000
2025-12-03 21:42:06 INFO     Training average loss at step 21300: 1.140577
2025-12-03 21:44:11 INFO     Training average positive_fact_loss at step 21400: 0.259505
2025-12-03 21:44:11 INFO     Training average negative_fact_loss at step 21400: 0.219163
2025-12-03 21:44:11 INFO     Training average positive_rule_loss at step 21400: 0.538235
2025-12-03 21:44:11 INFO     Training average negative_rule_loss at step 21400: 0.737643
2025-12-03 21:44:11 INFO     Training average L_uncertainty at step 21400: 26.226460
2025-12-03 21:44:11 INFO     Training average L_kl at step 21400: 26119.756094
2025-12-03 21:44:11 INFO     Training average L_sigma at step 21400: 10.670226
2025-12-03 21:44:11 INFO     Training average mu_mean at step 21400: -0.065420
2025-12-03 21:44:11 INFO     Training average sigma_mean at step 21400: 0.168067
2025-12-03 21:44:11 INFO     Training average regularization at step 21400: 0.000000
2025-12-03 21:44:11 INFO     Training average loss at step 21400: 1.139538
2025-12-03 21:46:17 INFO     Training average positive_fact_loss at step 21500: 0.259462
2025-12-03 21:46:17 INFO     Training average negative_fact_loss at step 21500: 0.218887
2025-12-03 21:46:17 INFO     Training average positive_rule_loss at step 21500: 0.540955
2025-12-03 21:46:17 INFO     Training average negative_rule_loss at step 21500: 0.736538
2025-12-03 21:46:17 INFO     Training average L_uncertainty at step 21500: 26.223551
2025-12-03 21:46:17 INFO     Training average L_kl at step 21500: 26116.875938
2025-12-03 21:46:17 INFO     Training average L_sigma at step 21500: 10.667374
2025-12-03 21:46:17 INFO     Training average mu_mean at step 21500: -0.065772
2025-12-03 21:46:17 INFO     Training average sigma_mean at step 21500: 0.168066
2025-12-03 21:46:17 INFO     Training average regularization at step 21500: 0.000000
2025-12-03 21:46:17 INFO     Training average loss at step 21500: 1.140157
2025-12-03 21:48:30 INFO     Training average positive_fact_loss at step 21600: 0.259367
2025-12-03 21:48:30 INFO     Training average negative_fact_loss at step 21600: 0.218936
2025-12-03 21:48:30 INFO     Training average positive_rule_loss at step 21600: 0.539608
2025-12-03 21:48:30 INFO     Training average negative_rule_loss at step 21600: 0.736317
2025-12-03 21:48:30 INFO     Training average L_uncertainty at step 21600: 26.222925
2025-12-03 21:48:30 INFO     Training average L_kl at step 21600: 26116.232949
2025-12-03 21:48:30 INFO     Training average L_sigma at step 21600: 10.669077
2025-12-03 21:48:30 INFO     Training average mu_mean at step 21600: -0.064707
2025-12-03 21:48:30 INFO     Training average sigma_mean at step 21600: 0.168065
2025-12-03 21:48:30 INFO     Training average regularization at step 21600: 0.000000
2025-12-03 21:48:30 INFO     Training average loss at step 21600: 1.139343
2025-12-03 21:50:36 INFO     Training average positive_fact_loss at step 21700: 0.259557
2025-12-03 21:50:36 INFO     Training average negative_fact_loss at step 21700: 0.219173
2025-12-03 21:50:36 INFO     Training average positive_rule_loss at step 21700: 0.540053
2025-12-03 21:50:36 INFO     Training average negative_rule_loss at step 21700: 0.735852
2025-12-03 21:50:36 INFO     Training average L_uncertainty at step 21700: 26.218411
2025-12-03 21:50:36 INFO     Training average L_kl at step 21700: 26111.665137
2025-12-03 21:50:36 INFO     Training average L_sigma at step 21700: 10.674464
2025-12-03 21:50:36 INFO     Training average mu_mean at step 21700: -0.062669
2025-12-03 21:50:36 INFO     Training average sigma_mean at step 21700: 0.168066
2025-12-03 21:50:36 INFO     Training average regularization at step 21700: 0.000000
2025-12-03 21:50:36 INFO     Training average loss at step 21700: 1.139502
2025-12-03 21:52:38 INFO     Training average positive_fact_loss at step 21800: 0.259181
2025-12-03 21:52:38 INFO     Training average negative_fact_loss at step 21800: 0.219069
2025-12-03 21:52:38 INFO     Training average positive_rule_loss at step 21800: 0.539166
2025-12-03 21:52:38 INFO     Training average negative_rule_loss at step 21800: 0.735181
2025-12-03 21:52:38 INFO     Training average L_uncertainty at step 21800: 26.218719
2025-12-03 21:52:38 INFO     Training average L_kl at step 21800: 26112.034414
2025-12-03 21:52:38 INFO     Training average L_sigma at step 21800: 10.668277
2025-12-03 21:52:38 INFO     Training average mu_mean at step 21800: -0.063804
2025-12-03 21:52:38 INFO     Training average sigma_mean at step 21800: 0.168066
2025-12-03 21:52:38 INFO     Training average regularization at step 21800: 0.000000
2025-12-03 21:52:38 INFO     Training average loss at step 21800: 1.138486
2025-12-03 21:54:47 INFO     Training average positive_fact_loss at step 21900: 0.259969
2025-12-03 21:54:47 INFO     Training average negative_fact_loss at step 21900: 0.218957
2025-12-03 21:54:47 INFO     Training average positive_rule_loss at step 21900: 0.540457
2025-12-03 21:54:47 INFO     Training average negative_rule_loss at step 21900: 0.735110
2025-12-03 21:54:47 INFO     Training average L_uncertainty at step 21900: 26.212075
2025-12-03 21:54:47 INFO     Training average L_kl at step 21900: 26105.437461
2025-12-03 21:54:47 INFO     Training average L_sigma at step 21900: 10.663610
2025-12-03 21:54:47 INFO     Training average mu_mean at step 21900: -0.061622
2025-12-03 21:54:47 INFO     Training average sigma_mean at step 21900: 0.168064
2025-12-03 21:54:47 INFO     Training average regularization at step 21900: 0.000000
2025-12-03 21:54:47 INFO     Training average loss at step 21900: 1.139367
2025-12-03 21:56:55 INFO     Training average positive_fact_loss at step 22000: 0.259282
2025-12-03 21:56:55 INFO     Training average negative_fact_loss at step 22000: 0.219323
2025-12-03 21:56:55 INFO     Training average positive_rule_loss at step 22000: 0.539783
2025-12-03 21:56:55 INFO     Training average negative_rule_loss at step 22000: 0.734400
2025-12-03 21:56:55 INFO     Training average L_uncertainty at step 22000: 26.212757
2025-12-03 21:56:55 INFO     Training average L_kl at step 22000: 26105.971992
2025-12-03 21:56:55 INFO     Training average L_sigma at step 22000: 10.678386
2025-12-03 21:56:55 INFO     Training average mu_mean at step 22000: -0.061954
2025-12-03 21:56:55 INFO     Training average sigma_mean at step 22000: 0.168066
2025-12-03 21:56:55 INFO     Training average regularization at step 22000: 0.000000
2025-12-03 21:56:55 INFO     Training average loss at step 22000: 1.138522
2025-12-03 21:56:55 INFO     Evaluating on Valid Dataset...
2025-12-03 21:56:55 INFO     >>>>> RuleE emb: Evaluating on valid
2025-12-03 21:57:11 INFO     Data : 2612
2025-12-03 21:57:11 INFO     Hit1 : 0.713629
2025-12-03 21:57:11 INFO     Hit3 : 0.891271
2025-12-03 21:57:11 INFO     Hit10: 0.961332
2025-12-03 21:57:11 INFO     MR   : 3.236217
2025-12-03 21:57:11 INFO     MRR  : 0.809910
2025-12-03 21:59:20 INFO     Training average positive_fact_loss at step 22100: 0.259593
2025-12-03 21:59:20 INFO     Training average negative_fact_loss at step 22100: 0.219087
2025-12-03 21:59:20 INFO     Training average positive_rule_loss at step 22100: 0.539778
2025-12-03 21:59:20 INFO     Training average negative_rule_loss at step 22100: 0.734410
2025-12-03 21:59:20 INFO     Training average L_uncertainty at step 22100: 26.204850
2025-12-03 21:59:20 INFO     Training average L_kl at step 22100: 26098.177871
2025-12-03 21:59:20 INFO     Training average L_sigma at step 22100: 10.667075
2025-12-03 21:59:20 INFO     Training average mu_mean at step 22100: -0.059219
2025-12-03 21:59:20 INFO     Training average sigma_mean at step 22100: 0.168065
2025-12-03 21:59:20 INFO     Training average regularization at step 22100: 0.000000
2025-12-03 21:59:20 INFO     Training average loss at step 22100: 1.138482
2025-12-03 22:01:23 INFO     Training average positive_fact_loss at step 22200: 0.259543
2025-12-03 22:01:23 INFO     Training average negative_fact_loss at step 22200: 0.219198
2025-12-03 22:01:23 INFO     Training average positive_rule_loss at step 22200: 0.540224
2025-12-03 22:01:23 INFO     Training average negative_rule_loss at step 22200: 0.733093
2025-12-03 22:01:23 INFO     Training average L_uncertainty at step 22200: 26.207968
2025-12-03 22:01:23 INFO     Training average L_kl at step 22200: 26101.377383
2025-12-03 22:01:23 INFO     Training average L_sigma at step 22200: 10.658935
2025-12-03 22:01:23 INFO     Training average mu_mean at step 22200: -0.059661
2025-12-03 22:01:23 INFO     Training average sigma_mean at step 22200: 0.168063
2025-12-03 22:01:23 INFO     Training average regularization at step 22200: 0.000000
2025-12-03 22:01:23 INFO     Training average loss at step 22200: 1.138108
2025-12-03 22:03:24 INFO     Training average positive_fact_loss at step 22300: 0.259468
2025-12-03 22:03:24 INFO     Training average negative_fact_loss at step 22300: 0.219193
2025-12-03 22:03:24 INFO     Training average positive_rule_loss at step 22300: 0.539392
2025-12-03 22:03:24 INFO     Training average negative_rule_loss at step 22300: 0.733298
2025-12-03 22:03:24 INFO     Training average L_uncertainty at step 22300: 26.200684
2025-12-03 22:03:24 INFO     Training average L_kl at step 22300: 26093.969512
2025-12-03 22:03:24 INFO     Training average L_sigma at step 22300: 10.671352
2025-12-03 22:03:24 INFO     Training average mu_mean at step 22300: -0.057053
2025-12-03 22:03:24 INFO     Training average sigma_mean at step 22300: 0.168064
2025-12-03 22:03:24 INFO     Training average regularization at step 22300: 0.000000
2025-12-03 22:03:24 INFO     Training average loss at step 22300: 1.137682
2025-12-03 22:05:33 INFO     Training average positive_fact_loss at step 22400: 0.259417
2025-12-03 22:05:33 INFO     Training average negative_fact_loss at step 22400: 0.218975
2025-12-03 22:05:33 INFO     Training average positive_rule_loss at step 22400: 0.540290
2025-12-03 22:05:33 INFO     Training average negative_rule_loss at step 22400: 0.732610
2025-12-03 22:05:33 INFO     Training average L_uncertainty at step 22400: 26.202706
2025-12-03 22:05:33 INFO     Training average L_kl at step 22400: 26096.032871
2025-12-03 22:05:33 INFO     Training average L_sigma at step 22400: 10.667210
2025-12-03 22:05:33 INFO     Training average mu_mean at step 22400: -0.058201
2025-12-03 22:05:33 INFO     Training average sigma_mean at step 22400: 0.168065
2025-12-03 22:05:33 INFO     Training average regularization at step 22400: 0.000000
2025-12-03 22:05:33 INFO     Training average loss at step 22400: 1.137674
2025-12-03 22:07:42 INFO     Training average positive_fact_loss at step 22500: 0.259414
2025-12-03 22:07:42 INFO     Training average negative_fact_loss at step 22500: 0.218966
2025-12-03 22:07:42 INFO     Training average positive_rule_loss at step 22500: 0.540202
2025-12-03 22:07:42 INFO     Training average negative_rule_loss at step 22500: 0.731726
2025-12-03 22:07:42 INFO     Training average L_uncertainty at step 22500: 26.197285
2025-12-03 22:07:42 INFO     Training average L_kl at step 22500: 26090.577266
2025-12-03 22:07:42 INFO     Training average L_sigma at step 22500: 10.670622
2025-12-03 22:07:42 INFO     Training average mu_mean at step 22500: -0.056133
2025-12-03 22:07:42 INFO     Training average sigma_mean at step 22500: 0.168066
2025-12-03 22:07:42 INFO     Training average regularization at step 22500: 0.000000
2025-12-03 22:07:42 INFO     Training average loss at step 22500: 1.137127
2025-12-03 22:09:42 INFO     Training average positive_fact_loss at step 22600: 0.259226
2025-12-03 22:09:42 INFO     Training average negative_fact_loss at step 22600: 0.218954
2025-12-03 22:09:42 INFO     Training average positive_rule_loss at step 22600: 0.539169
2025-12-03 22:09:42 INFO     Training average negative_rule_loss at step 22600: 0.732196
2025-12-03 22:09:42 INFO     Training average L_uncertainty at step 22600: 26.194269
2025-12-03 22:09:42 INFO     Training average L_kl at step 22600: 26087.551074
2025-12-03 22:09:42 INFO     Training average L_sigma at step 22600: 10.671665
2025-12-03 22:09:42 INFO     Training average mu_mean at step 22600: -0.055152
2025-12-03 22:09:42 INFO     Training average sigma_mean at step 22600: 0.168064
2025-12-03 22:09:42 INFO     Training average regularization at step 22600: 0.000000
2025-12-03 22:09:42 INFO     Training average loss at step 22600: 1.136715
2025-12-03 22:11:51 INFO     Training average positive_fact_loss at step 22700: 0.259706
2025-12-03 22:11:51 INFO     Training average negative_fact_loss at step 22700: 0.219155
2025-12-03 22:11:51 INFO     Training average positive_rule_loss at step 22700: 0.540738
2025-12-03 22:11:51 INFO     Training average negative_rule_loss at step 22700: 0.730802
2025-12-03 22:11:51 INFO     Training average L_uncertainty at step 22700: 26.195705
2025-12-03 22:11:51 INFO     Training average L_kl at step 22700: 26088.938906
2025-12-03 22:11:51 INFO     Training average L_sigma at step 22700: 10.676512
2025-12-03 22:11:51 INFO     Training average mu_mean at step 22700: -0.055798
2025-12-03 22:11:51 INFO     Training average sigma_mean at step 22700: 0.168067
2025-12-03 22:11:51 INFO     Training average regularization at step 22700: 0.000000
2025-12-03 22:11:51 INFO     Training average loss at step 22700: 1.137158
2025-12-03 22:14:01 INFO     Training average positive_fact_loss at step 22800: 0.259881
2025-12-03 22:14:01 INFO     Training average negative_fact_loss at step 22800: 0.219244
2025-12-03 22:14:01 INFO     Training average positive_rule_loss at step 22800: 0.539987
2025-12-03 22:14:01 INFO     Training average negative_rule_loss at step 22800: 0.730396
2025-12-03 22:14:01 INFO     Training average L_uncertainty at step 22800: 26.189564
2025-12-03 22:14:01 INFO     Training average L_kl at step 22800: 26082.896348
2025-12-03 22:14:01 INFO     Training average L_sigma at step 22800: 10.666644
2025-12-03 22:14:01 INFO     Training average mu_mean at step 22800: -0.053393
2025-12-03 22:14:01 INFO     Training average sigma_mean at step 22800: 0.168065
2025-12-03 22:14:01 INFO     Training average regularization at step 22800: 0.000000
2025-12-03 22:14:01 INFO     Training average loss at step 22800: 1.136650
2025-12-03 22:16:13 INFO     Training average positive_fact_loss at step 22900: 0.259552
2025-12-03 22:16:13 INFO     Training average negative_fact_loss at step 22900: 0.219455
2025-12-03 22:16:13 INFO     Training average positive_rule_loss at step 22900: 0.540491
2025-12-03 22:16:13 INFO     Training average negative_rule_loss at step 22900: 0.729763
2025-12-03 22:16:13 INFO     Training average L_uncertainty at step 22900: 26.188891
2025-12-03 22:16:13 INFO     Training average L_kl at step 22900: 26082.169805
2025-12-03 22:16:13 INFO     Training average L_sigma at step 22900: 10.671979
2025-12-03 22:16:13 INFO     Training average mu_mean at step 22900: -0.053552
2025-12-03 22:16:13 INFO     Training average sigma_mean at step 22900: 0.168066
2025-12-03 22:16:13 INFO     Training average regularization at step 22900: 0.000000
2025-12-03 22:16:13 INFO     Training average loss at step 22900: 1.136519
2025-12-03 22:18:12 INFO     Training average positive_fact_loss at step 23000: 0.259744
2025-12-03 22:18:12 INFO     Training average negative_fact_loss at step 23000: 0.218955
2025-12-03 22:18:12 INFO     Training average positive_rule_loss at step 23000: 0.540529
2025-12-03 22:18:12 INFO     Training average negative_rule_loss at step 23000: 0.729074
2025-12-03 22:18:12 INFO     Training average L_uncertainty at step 23000: 26.183851
2025-12-03 22:18:12 INFO     Training average L_kl at step 23000: 26077.117930
2025-12-03 22:18:12 INFO     Training average L_sigma at step 23000: 10.673196
2025-12-03 22:18:12 INFO     Training average mu_mean at step 23000: -0.052082
2025-12-03 22:18:12 INFO     Training average sigma_mean at step 23000: 0.168067
2025-12-03 22:18:12 INFO     Training average regularization at step 23000: 0.000000
2025-12-03 22:18:12 INFO     Training average loss at step 23000: 1.135990
2025-12-03 22:18:12 INFO     Evaluating on Valid Dataset...
2025-12-03 22:18:12 INFO     >>>>> RuleE emb: Evaluating on valid
2025-12-03 22:18:29 INFO     Data : 2612
2025-12-03 22:18:29 INFO     Hit1 : 0.714012
2025-12-03 22:18:29 INFO     Hit3 : 0.891271
2025-12-03 22:18:29 INFO     Hit10: 0.961715
2025-12-03 22:18:29 INFO     MR   : 3.215544
2025-12-03 22:18:29 INFO     MRR  : 0.810126
2025-12-03 22:20:32 INFO     Training average positive_fact_loss at step 23100: 0.259397
2025-12-03 22:20:32 INFO     Training average negative_fact_loss at step 23100: 0.218989
2025-12-03 22:20:32 INFO     Training average positive_rule_loss at step 23100: 0.540955
2025-12-03 22:20:32 INFO     Training average negative_rule_loss at step 23100: 0.729516
2025-12-03 22:20:32 INFO     Training average L_uncertainty at step 23100: 26.184235
2025-12-03 22:20:32 INFO     Training average L_kl at step 23100: 26077.525684
2025-12-03 22:20:32 INFO     Training average L_sigma at step 23100: 10.670770
2025-12-03 22:20:32 INFO     Training average mu_mean at step 23100: -0.051552
2025-12-03 22:20:32 INFO     Training average sigma_mean at step 23100: 0.168065
2025-12-03 22:20:32 INFO     Training average regularization at step 23100: 0.000000
2025-12-03 22:20:32 INFO     Training average loss at step 23100: 1.136271
2025-12-03 22:22:47 INFO     Training average positive_fact_loss at step 23200: 0.259311
2025-12-03 22:22:47 INFO     Training average negative_fact_loss at step 23200: 0.219070
2025-12-03 22:22:47 INFO     Training average positive_rule_loss at step 23200: 0.539542
2025-12-03 22:22:47 INFO     Training average negative_rule_loss at step 23200: 0.728367
2025-12-03 22:22:47 INFO     Training average L_uncertainty at step 23200: 26.180701
2025-12-03 22:22:47 INFO     Training average L_kl at step 23200: 26073.994121
2025-12-03 22:22:47 INFO     Training average L_sigma at step 23200: 10.670550
2025-12-03 22:22:47 INFO     Training average mu_mean at step 23200: -0.050478
2025-12-03 22:22:47 INFO     Training average sigma_mean at step 23200: 0.168066
2025-12-03 22:22:47 INFO     Training average regularization at step 23200: 0.000000
2025-12-03 22:22:47 INFO     Training average loss at step 23200: 1.134952
2025-12-03 22:24:54 INFO     Training average positive_fact_loss at step 23300: 0.259634
2025-12-03 22:24:54 INFO     Training average negative_fact_loss at step 23300: 0.219136
2025-12-03 22:24:54 INFO     Training average positive_rule_loss at step 23300: 0.540640
2025-12-03 22:24:54 INFO     Training average negative_rule_loss at step 23300: 0.727812
2025-12-03 22:24:54 INFO     Training average L_uncertainty at step 23300: 26.175516
2025-12-03 22:24:54 INFO     Training average L_kl at step 23300: 26068.792773
2025-12-03 22:24:54 INFO     Training average L_sigma at step 23300: 10.672239
2025-12-03 22:24:54 INFO     Training average mu_mean at step 23300: -0.048148
2025-12-03 22:24:54 INFO     Training average sigma_mean at step 23300: 0.168065
2025-12-03 22:24:54 INFO     Training average regularization at step 23300: 0.000000
2025-12-03 22:24:54 INFO     Training average loss at step 23300: 1.135366
2025-12-03 22:27:02 INFO     Training average positive_fact_loss at step 23400: 0.259603
2025-12-03 22:27:02 INFO     Training average negative_fact_loss at step 23400: 0.219271
2025-12-03 22:27:02 INFO     Training average positive_rule_loss at step 23400: 0.539980
2025-12-03 22:27:02 INFO     Training average negative_rule_loss at step 23400: 0.727267
2025-12-03 22:27:02 INFO     Training average L_uncertainty at step 23400: 26.175160
2025-12-03 22:27:02 INFO     Training average L_kl at step 23400: 26068.480820
2025-12-03 22:27:02 INFO     Training average L_sigma at step 23400: 10.667826
2025-12-03 22:27:02 INFO     Training average mu_mean at step 23400: -0.048999
2025-12-03 22:27:02 INFO     Training average sigma_mean at step 23400: 0.168066
2025-12-03 22:27:02 INFO     Training average regularization at step 23400: 0.000000
2025-12-03 22:27:02 INFO     Training average loss at step 23400: 1.134812
2025-12-03 22:29:02 INFO     Training average positive_fact_loss at step 23500: 0.259537
2025-12-03 22:29:02 INFO     Training average negative_fact_loss at step 23500: 0.218883
2025-12-03 22:29:02 INFO     Training average positive_rule_loss at step 23500: 0.540411
2025-12-03 22:29:02 INFO     Training average negative_rule_loss at step 23500: 0.726518
2025-12-03 22:29:02 INFO     Training average L_uncertainty at step 23500: 26.171823
2025-12-03 22:29:02 INFO     Training average L_kl at step 23500: 26065.060508
2025-12-03 22:29:02 INFO     Training average L_sigma at step 23500: 10.676087
2025-12-03 22:29:02 INFO     Training average mu_mean at step 23500: -0.046381
2025-12-03 22:29:02 INFO     Training average sigma_mean at step 23500: 0.168066
2025-12-03 22:29:02 INFO     Training average regularization at step 23500: 0.000000
2025-12-03 22:29:02 INFO     Training average loss at step 23500: 1.134392
2025-12-03 22:31:07 INFO     Training average positive_fact_loss at step 23600: 0.259626
2025-12-03 22:31:07 INFO     Training average negative_fact_loss at step 23600: 0.219078
2025-12-03 22:31:07 INFO     Training average positive_rule_loss at step 23600: 0.539450
2025-12-03 22:31:07 INFO     Training average negative_rule_loss at step 23600: 0.727324
2025-12-03 22:31:07 INFO     Training average L_uncertainty at step 23600: 26.170370
2025-12-03 22:31:07 INFO     Training average L_kl at step 23600: 26063.721250
2025-12-03 22:31:07 INFO     Training average L_sigma at step 23600: 10.664734
2025-12-03 22:31:07 INFO     Training average mu_mean at step 23600: -0.046112
2025-12-03 22:31:07 INFO     Training average sigma_mean at step 23600: 0.168063
2025-12-03 22:31:07 INFO     Training average regularization at step 23600: 0.000000
2025-12-03 22:31:07 INFO     Training average loss at step 23600: 1.134443
2025-12-03 22:33:19 INFO     Training average positive_fact_loss at step 23700: 0.259638
2025-12-03 22:33:19 INFO     Training average negative_fact_loss at step 23700: 0.219210
2025-12-03 22:33:19 INFO     Training average positive_rule_loss at step 23700: 0.541383
2025-12-03 22:33:19 INFO     Training average negative_rule_loss at step 23700: 0.725873
2025-12-03 22:33:19 INFO     Training average L_uncertainty at step 23700: 26.169748
2025-12-03 22:33:19 INFO     Training average L_kl at step 23700: 26063.047676
2025-12-03 22:33:19 INFO     Training average L_sigma at step 23700: 10.669933
2025-12-03 22:33:19 INFO     Training average mu_mean at step 23700: -0.046209
2025-12-03 22:33:19 INFO     Training average sigma_mean at step 23700: 0.168064
2025-12-03 22:33:19 INFO     Training average regularization at step 23700: 0.000000
2025-12-03 22:33:19 INFO     Training average loss at step 23700: 1.134749
2025-12-03 22:35:22 INFO     Training average positive_fact_loss at step 23800: 0.259100
2025-12-03 22:35:22 INFO     Training average negative_fact_loss at step 23800: 0.218819
2025-12-03 22:35:22 INFO     Training average positive_rule_loss at step 23800: 0.539538
2025-12-03 22:35:22 INFO     Training average negative_rule_loss at step 23800: 0.725481
2025-12-03 22:35:22 INFO     Training average L_uncertainty at step 23800: 26.166724
2025-12-03 22:35:22 INFO     Training average L_kl at step 23800: 26060.066113
2025-12-03 22:35:22 INFO     Training average L_sigma at step 23800: 10.665651
2025-12-03 22:35:22 INFO     Training average mu_mean at step 23800: -0.043979
2025-12-03 22:35:22 INFO     Training average sigma_mean at step 23800: 0.168065
2025-12-03 22:35:22 INFO     Training average regularization at step 23800: 0.000000
2025-12-03 22:35:22 INFO     Training average loss at step 23800: 1.133137
2025-12-03 22:37:26 INFO     Training average positive_fact_loss at step 23900: 0.259642
2025-12-03 22:37:26 INFO     Training average negative_fact_loss at step 23900: 0.219069
2025-12-03 22:37:26 INFO     Training average positive_rule_loss at step 23900: 0.541225
2025-12-03 22:37:26 INFO     Training average negative_rule_loss at step 23900: 0.724461
2025-12-03 22:37:26 INFO     Training average L_uncertainty at step 23900: 26.164978
2025-12-03 22:37:26 INFO     Training average L_kl at step 23900: 26058.223984
2025-12-03 22:37:26 INFO     Training average L_sigma at step 23900: 10.675235
2025-12-03 22:37:26 INFO     Training average mu_mean at step 23900: -0.045475
2025-12-03 22:37:26 INFO     Training average sigma_mean at step 23900: 0.168067
2025-12-03 22:37:26 INFO     Training average regularization at step 23900: 0.000000
2025-12-03 22:37:26 INFO     Training average loss at step 23900: 1.133848
2025-12-03 22:39:38 INFO     Training average positive_fact_loss at step 24000: 0.259530
2025-12-03 22:39:38 INFO     Training average negative_fact_loss at step 24000: 0.219238
2025-12-03 22:39:38 INFO     Training average positive_rule_loss at step 24000: 0.540099
2025-12-03 22:39:38 INFO     Training average negative_rule_loss at step 24000: 0.724840
2025-12-03 22:39:38 INFO     Training average L_uncertainty at step 24000: 26.162591
2025-12-03 22:39:38 INFO     Training average L_kl at step 24000: 26055.926855
2025-12-03 22:39:38 INFO     Training average L_sigma at step 24000: 10.666334
2025-12-03 22:39:38 INFO     Training average mu_mean at step 24000: -0.042153
2025-12-03 22:39:38 INFO     Training average sigma_mean at step 24000: 0.168066
2025-12-03 22:39:38 INFO     Training average regularization at step 24000: 0.000000
2025-12-03 22:39:38 INFO     Training average loss at step 24000: 1.133480
2025-12-03 22:39:38 INFO     Evaluating on Valid Dataset...
2025-12-03 22:39:38 INFO     >>>>> RuleE emb: Evaluating on valid
2025-12-03 22:39:55 INFO     Data : 2612
2025-12-03 22:39:55 INFO     Hit1 : 0.716309
2025-12-03 22:39:55 INFO     Hit3 : 0.892802
2025-12-03 22:39:55 INFO     Hit10: 0.961715
2025-12-03 22:39:55 INFO     MR   : 3.198315
2025-12-03 22:39:55 INFO     MRR  : 0.811185
2025-12-03 22:42:05 INFO     Training average positive_fact_loss at step 24100: 0.259215
2025-12-03 22:42:05 INFO     Training average negative_fact_loss at step 24100: 0.218854
2025-12-03 22:42:05 INFO     Training average positive_rule_loss at step 24100: 0.540360
2025-12-03 22:42:05 INFO     Training average negative_rule_loss at step 24100: 0.724698
2025-12-03 22:42:05 INFO     Training average L_uncertainty at step 24100: 26.159992
2025-12-03 22:42:05 INFO     Training average L_kl at step 24100: 26053.371211
2025-12-03 22:42:05 INFO     Training average L_sigma at step 24100: 10.661929
2025-12-03 22:42:05 INFO     Training average mu_mean at step 24100: -0.042766
2025-12-03 22:42:05 INFO     Training average sigma_mean at step 24100: 0.168064
2025-12-03 22:42:05 INFO     Training average regularization at step 24100: 0.000000
2025-12-03 22:42:05 INFO     Training average loss at step 24100: 1.133163
2025-12-03 22:44:09 INFO     Training average positive_fact_loss at step 24200: 0.259743
2025-12-03 22:44:09 INFO     Training average negative_fact_loss at step 24200: 0.219140
2025-12-03 22:44:09 INFO     Training average positive_rule_loss at step 24200: 0.541872
2025-12-03 22:44:09 INFO     Training average negative_rule_loss at step 24200: 0.722589
2025-12-03 22:44:09 INFO     Training average L_uncertainty at step 24200: 26.157891
2025-12-03 22:44:09 INFO     Training average L_kl at step 24200: 26051.201172
2025-12-03 22:44:09 INFO     Training average L_sigma at step 24200: 10.668886
2025-12-03 22:44:09 INFO     Training average mu_mean at step 24200: -0.040803
2025-12-03 22:44:09 INFO     Training average sigma_mean at step 24200: 0.168065
2025-12-03 22:44:09 INFO     Training average regularization at step 24200: 0.000000
2025-12-03 22:44:09 INFO     Training average loss at step 24200: 1.133251
2025-12-03 22:46:14 INFO     Training average positive_fact_loss at step 24300: 0.259588
2025-12-03 22:46:14 INFO     Training average negative_fact_loss at step 24300: 0.219358
2025-12-03 22:46:14 INFO     Training average positive_rule_loss at step 24300: 0.540258
2025-12-03 22:46:14 INFO     Training average negative_rule_loss at step 24300: 0.723365
2025-12-03 22:46:14 INFO     Training average L_uncertainty at step 24300: 26.157095
2025-12-03 22:46:14 INFO     Training average L_kl at step 24300: 26050.307617
2025-12-03 22:46:14 INFO     Training average L_sigma at step 24300: 10.678637
2025-12-03 22:46:14 INFO     Training average mu_mean at step 24300: -0.041320
2025-12-03 22:46:14 INFO     Training average sigma_mean at step 24300: 0.168067
2025-12-03 22:46:14 INFO     Training average regularization at step 24300: 0.000000
2025-12-03 22:46:14 INFO     Training average loss at step 24300: 1.132856
2025-12-03 22:48:24 INFO     Training average positive_fact_loss at step 24400: 0.259436
2025-12-03 22:48:24 INFO     Training average negative_fact_loss at step 24400: 0.219120
2025-12-03 22:48:24 INFO     Training average positive_rule_loss at step 24400: 0.540709
2025-12-03 22:48:24 INFO     Training average negative_rule_loss at step 24400: 0.722883
2025-12-03 22:48:24 INFO     Training average L_uncertainty at step 24400: 26.153042
2025-12-03 22:48:24 INFO     Training average L_kl at step 24400: 26046.314395
2025-12-03 22:48:24 INFO     Training average L_sigma at step 24400: 10.672599
2025-12-03 22:48:24 INFO     Training average mu_mean at step 24400: -0.039852
2025-12-03 22:48:24 INFO     Training average sigma_mean at step 24400: 0.168066
2025-12-03 22:48:24 INFO     Training average regularization at step 24400: 0.000000
2025-12-03 22:48:24 INFO     Training average loss at step 24400: 1.132605
2025-12-03 22:50:36 INFO     Training average positive_fact_loss at step 24500: 0.259319
2025-12-03 22:50:36 INFO     Training average negative_fact_loss at step 24500: 0.218746
2025-12-03 22:50:36 INFO     Training average positive_rule_loss at step 24500: 0.540565
2025-12-03 22:50:36 INFO     Training average negative_rule_loss at step 24500: 0.722048
2025-12-03 22:50:36 INFO     Training average L_uncertainty at step 24500: 26.152094
2025-12-03 22:50:36 INFO     Training average L_kl at step 24500: 26045.366719
2025-12-03 22:50:36 INFO     Training average L_sigma at step 24500: 10.672598
2025-12-03 22:50:36 INFO     Training average mu_mean at step 24500: -0.039221
2025-12-03 22:50:36 INFO     Training average sigma_mean at step 24500: 0.168066
2025-12-03 22:50:36 INFO     Training average regularization at step 24500: 0.000000
2025-12-03 22:50:36 INFO     Training average loss at step 24500: 1.131860
2025-12-03 22:52:36 INFO     Training average positive_fact_loss at step 24600: 0.259625
2025-12-03 22:52:36 INFO     Training average negative_fact_loss at step 24600: 0.219199
2025-12-03 22:52:36 INFO     Training average positive_rule_loss at step 24600: 0.539809
2025-12-03 22:52:36 INFO     Training average negative_rule_loss at step 24600: 0.722350
2025-12-03 22:52:36 INFO     Training average L_uncertainty at step 24600: 26.148895
2025-12-03 22:52:36 INFO     Training average L_kl at step 24600: 26042.197090
2025-12-03 22:52:36 INFO     Training average L_sigma at step 24600: 10.669610
2025-12-03 22:52:36 INFO     Training average mu_mean at step 24600: -0.037659
2025-12-03 22:52:36 INFO     Training average sigma_mean at step 24600: 0.168065
2025-12-03 22:52:36 INFO     Training average regularization at step 24600: 0.000000
2025-12-03 22:52:36 INFO     Training average loss at step 24600: 1.131980
2025-12-03 22:54:45 INFO     Training average positive_fact_loss at step 24700: 0.259747
2025-12-03 22:54:45 INFO     Training average negative_fact_loss at step 24700: 0.219201
2025-12-03 22:54:45 INFO     Training average positive_rule_loss at step 24700: 0.540778
2025-12-03 22:54:45 INFO     Training average negative_rule_loss at step 24700: 0.720501
2025-12-03 22:54:45 INFO     Training average L_uncertainty at step 24700: 26.145397
2025-12-03 22:54:45 INFO     Training average L_kl at step 24700: 26038.674375
2025-12-03 22:54:45 INFO     Training average L_sigma at step 24700: 10.672167
2025-12-03 22:54:45 INFO     Training average mu_mean at step 24700: -0.036104
2025-12-03 22:54:45 INFO     Training average sigma_mean at step 24700: 0.168066
2025-12-03 22:54:45 INFO     Training average regularization at step 24700: 0.000000
2025-12-03 22:54:45 INFO     Training average loss at step 24700: 1.131567
2025-12-03 22:56:54 INFO     Training average positive_fact_loss at step 24800: 0.259134
2025-12-03 22:56:54 INFO     Training average negative_fact_loss at step 24800: 0.218905
2025-12-03 22:56:54 INFO     Training average positive_rule_loss at step 24800: 0.540883
2025-12-03 22:56:54 INFO     Training average negative_rule_loss at step 24800: 0.720813
2025-12-03 22:56:54 INFO     Training average L_uncertainty at step 24800: 26.145845
2025-12-03 22:56:54 INFO     Training average L_kl at step 24800: 26039.138418
2025-12-03 22:56:54 INFO     Training average L_sigma at step 24800: 10.670499
2025-12-03 22:56:54 INFO     Training average mu_mean at step 24800: -0.037086
2025-12-03 22:56:54 INFO     Training average sigma_mean at step 24800: 0.168065
2025-12-03 22:56:54 INFO     Training average regularization at step 24800: 0.000000
2025-12-03 22:56:54 INFO     Training average loss at step 24800: 1.131326
2025-12-03 22:59:00 INFO     Training average positive_fact_loss at step 24900: 0.259338
2025-12-03 22:59:00 INFO     Training average negative_fact_loss at step 24900: 0.218630
2025-12-03 22:59:00 INFO     Training average positive_rule_loss at step 24900: 0.541039
2025-12-03 22:59:00 INFO     Training average negative_rule_loss at step 24900: 0.720532
2025-12-03 22:59:00 INFO     Training average L_uncertainty at step 24900: 26.143159
2025-12-03 22:59:00 INFO     Training average L_kl at step 24900: 26036.431094
2025-12-03 22:59:00 INFO     Training average L_sigma at step 24900: 10.672726
2025-12-03 22:59:00 INFO     Training average mu_mean at step 24900: -0.036265
2025-12-03 22:59:00 INFO     Training average sigma_mean at step 24900: 0.168066
2025-12-03 22:59:00 INFO     Training average regularization at step 24900: 0.000000
2025-12-03 22:59:00 INFO     Training average loss at step 24900: 1.131201
2025-12-03 23:01:06 INFO     Training average positive_fact_loss at step 25000: 0.259848
2025-12-03 23:01:06 INFO     Training average negative_fact_loss at step 25000: 0.219141
2025-12-03 23:01:06 INFO     Training average positive_rule_loss at step 25000: 0.538986
2025-12-03 23:01:06 INFO     Training average negative_rule_loss at step 25000: 0.720849
2025-12-03 23:01:06 INFO     Training average L_uncertainty at step 25000: 26.139968
2025-12-03 23:01:06 INFO     Training average L_kl at step 25000: 26033.377266
2025-12-03 23:01:06 INFO     Training average L_sigma at step 25000: 10.658916
2025-12-03 23:01:06 INFO     Training average mu_mean at step 25000: -0.033278
2025-12-03 23:01:06 INFO     Training average sigma_mean at step 25000: 0.168063
2025-12-03 23:01:06 INFO     Training average regularization at step 25000: 0.000000
2025-12-03 23:01:06 INFO     Training average loss at step 25000: 1.130812
2025-12-03 23:01:06 INFO     Evaluating on Valid Dataset...
2025-12-03 23:01:06 INFO     >>>>> RuleE emb: Evaluating on valid
2025-12-03 23:01:23 INFO     Data : 2612
2025-12-03 23:01:23 INFO     Hit1 : 0.714395
2025-12-03 23:01:23 INFO     Hit3 : 0.890505
2025-12-03 23:01:23 INFO     Hit10: 0.962098
2025-12-03 23:01:23 INFO     MR   : 3.210184
2025-12-03 23:01:23 INFO     MRR  : 0.810250
2025-12-03 23:03:26 INFO     Training average positive_fact_loss at step 25100: 0.259265
2025-12-03 23:03:26 INFO     Training average negative_fact_loss at step 25100: 0.219032
2025-12-03 23:03:26 INFO     Training average positive_rule_loss at step 25100: 0.542205
2025-12-03 23:03:26 INFO     Training average negative_rule_loss at step 25100: 0.718334
2025-12-03 23:03:26 INFO     Training average L_uncertainty at step 25100: 26.137699
2025-12-03 23:03:26 INFO     Training average L_kl at step 25100: 26030.960566
2025-12-03 23:03:26 INFO     Training average L_sigma at step 25100: 10.673727
2025-12-03 23:03:26 INFO     Training average mu_mean at step 25100: -0.033664
2025-12-03 23:03:26 INFO     Training average sigma_mean at step 25100: 0.168067
2025-12-03 23:03:26 INFO     Training average regularization at step 25100: 0.000000
2025-12-03 23:03:26 INFO     Training average loss at step 25100: 1.130795
2025-12-03 23:05:37 INFO     Training average positive_fact_loss at step 25200: 0.259534
2025-12-03 23:05:37 INFO     Training average negative_fact_loss at step 25200: 0.219160
2025-12-03 23:05:37 INFO     Training average positive_rule_loss at step 25200: 0.540635
2025-12-03 23:05:37 INFO     Training average negative_rule_loss at step 25200: 0.718335
2025-12-03 23:05:37 INFO     Training average L_uncertainty at step 25200: 26.138893
2025-12-03 23:05:37 INFO     Training average L_kl at step 25200: 26032.194102
2025-12-03 23:05:37 INFO     Training average L_sigma at step 25200: 10.669784
2025-12-03 23:05:37 INFO     Training average mu_mean at step 25200: -0.032474
2025-12-03 23:05:37 INFO     Training average sigma_mean at step 25200: 0.168065
2025-12-03 23:05:37 INFO     Training average regularization at step 25200: 0.000000
2025-12-03 23:05:37 INFO     Training average loss at step 25200: 1.130221
2025-12-03 23:07:43 INFO     Training average positive_fact_loss at step 25300: 0.259634
2025-12-03 23:07:43 INFO     Training average negative_fact_loss at step 25300: 0.219324
2025-12-03 23:07:43 INFO     Training average positive_rule_loss at step 25300: 0.541192
2025-12-03 23:07:43 INFO     Training average negative_rule_loss at step 25300: 0.717672
2025-12-03 23:07:43 INFO     Training average L_uncertainty at step 25300: 26.133977
2025-12-03 23:07:43 INFO     Training average L_kl at step 25300: 26027.245449
2025-12-03 23:07:43 INFO     Training average L_sigma at step 25300: 10.673073
2025-12-03 23:07:43 INFO     Training average mu_mean at step 25300: -0.031851
2025-12-03 23:07:43 INFO     Training average sigma_mean at step 25300: 0.168067
2025-12-03 23:07:43 INFO     Training average regularization at step 25300: 0.000000
2025-12-03 23:07:43 INFO     Training average loss at step 25300: 1.130251
2025-12-03 23:09:45 INFO     Training average positive_fact_loss at step 25400: 0.259354
2025-12-03 23:09:45 INFO     Training average negative_fact_loss at step 25400: 0.218698
2025-12-03 23:09:45 INFO     Training average positive_rule_loss at step 25400: 0.540871
2025-12-03 23:09:45 INFO     Training average negative_rule_loss at step 25400: 0.718167
2025-12-03 23:09:45 INFO     Training average L_uncertainty at step 25400: 26.133638
2025-12-03 23:09:45 INFO     Training average L_kl at step 25400: 26026.828691
2025-12-03 23:09:45 INFO     Training average L_sigma at step 25400: 10.680772
2025-12-03 23:09:45 INFO     Training average mu_mean at step 25400: -0.031631
2025-12-03 23:09:45 INFO     Training average sigma_mean at step 25400: 0.168068
2025-12-03 23:09:45 INFO     Training average regularization at step 25400: 0.000000
2025-12-03 23:09:45 INFO     Training average loss at step 25400: 1.129881
2025-12-03 23:11:54 INFO     Training average positive_fact_loss at step 25500: 0.259369
2025-12-03 23:11:54 INFO     Training average negative_fact_loss at step 25500: 0.218771
2025-12-03 23:11:54 INFO     Training average positive_rule_loss at step 25500: 0.541663
2025-12-03 23:11:54 INFO     Training average negative_rule_loss at step 25500: 0.716652
2025-12-03 23:11:54 INFO     Training average L_uncertainty at step 25500: 26.129957
2025-12-03 23:11:54 INFO     Training average L_kl at step 25500: 26023.320215
2025-12-03 23:11:54 INFO     Training average L_sigma at step 25500: 10.663593
2025-12-03 23:11:54 INFO     Training average mu_mean at step 25500: -0.030247
2025-12-03 23:11:54 INFO     Training average sigma_mean at step 25500: 0.168065
2025-12-03 23:11:54 INFO     Training average regularization at step 25500: 0.000000
2025-12-03 23:11:54 INFO     Training average loss at step 25500: 1.129527
2025-12-03 23:14:01 INFO     Training average positive_fact_loss at step 25600: 0.259395
2025-12-03 23:14:01 INFO     Training average negative_fact_loss at step 25600: 0.218890
2025-12-03 23:14:01 INFO     Training average positive_rule_loss at step 25600: 0.539625
2025-12-03 23:14:01 INFO     Training average negative_rule_loss at step 25600: 0.717265
2025-12-03 23:14:01 INFO     Training average L_uncertainty at step 25600: 26.127121
2025-12-03 23:14:01 INFO     Training average L_kl at step 25600: 26020.444629
2025-12-03 23:14:01 INFO     Training average L_sigma at step 25600: 10.667499
2025-12-03 23:14:01 INFO     Training average mu_mean at step 25600: -0.028435
2025-12-03 23:14:01 INFO     Training average sigma_mean at step 25600: 0.168065
2025-12-03 23:14:01 INFO     Training average regularization at step 25600: 0.000000
2025-12-03 23:14:01 INFO     Training average loss at step 25600: 1.128859
2025-12-03 23:16:10 INFO     Training average positive_fact_loss at step 25700: 0.259326
2025-12-03 23:16:10 INFO     Training average negative_fact_loss at step 25700: 0.219055
2025-12-03 23:16:10 INFO     Training average positive_rule_loss at step 25700: 0.541077
2025-12-03 23:16:10 INFO     Training average negative_rule_loss at step 25700: 0.716535
2025-12-03 23:16:10 INFO     Training average L_uncertainty at step 25700: 26.128947
2025-12-03 23:16:10 INFO     Training average L_kl at step 25700: 26022.218496
2025-12-03 23:16:10 INFO     Training average L_sigma at step 25700: 10.672737
2025-12-03 23:16:10 INFO     Training average mu_mean at step 25700: -0.028433
2025-12-03 23:16:10 INFO     Training average sigma_mean at step 25700: 0.168065
2025-12-03 23:16:10 INFO     Training average regularization at step 25700: 0.000000
2025-12-03 23:16:10 INFO     Training average loss at step 25700: 1.129287
2025-12-03 23:18:17 INFO     Training average positive_fact_loss at step 25800: 0.259574
2025-12-03 23:18:17 INFO     Training average negative_fact_loss at step 25800: 0.219137
2025-12-03 23:18:17 INFO     Training average positive_rule_loss at step 25800: 0.541383
2025-12-03 23:18:17 INFO     Training average negative_rule_loss at step 25800: 0.715841
2025-12-03 23:18:17 INFO     Training average L_uncertainty at step 25800: 26.126414
2025-12-03 23:18:17 INFO     Training average L_kl at step 25800: 26019.698359
2025-12-03 23:18:17 INFO     Training average L_sigma at step 25800: 10.671437
2025-12-03 23:18:17 INFO     Training average mu_mean at step 25800: -0.028236
2025-12-03 23:18:17 INFO     Training average sigma_mean at step 25800: 0.168066
2025-12-03 23:18:17 INFO     Training average regularization at step 25800: 0.000000
2025-12-03 23:18:17 INFO     Training average loss at step 25800: 1.129232
2025-12-03 23:20:22 INFO     Training average positive_fact_loss at step 25900: 0.259740
2025-12-03 23:20:22 INFO     Training average negative_fact_loss at step 25900: 0.219008
2025-12-03 23:20:22 INFO     Training average positive_rule_loss at step 25900: 0.539684
2025-12-03 23:20:22 INFO     Training average negative_rule_loss at step 25900: 0.715830
2025-12-03 23:20:22 INFO     Training average L_uncertainty at step 25900: 26.120602
2025-12-03 23:20:22 INFO     Training average L_kl at step 25900: 26013.864512
2025-12-03 23:20:22 INFO     Training average L_sigma at step 25900: 10.673593
2025-12-03 23:20:22 INFO     Training average mu_mean at step 25900: -0.025622
2025-12-03 23:20:22 INFO     Training average sigma_mean at step 25900: 0.168067
2025-12-03 23:20:22 INFO     Training average regularization at step 25900: 0.000000
2025-12-03 23:20:22 INFO     Training average loss at step 25900: 1.128337
2025-12-03 23:22:35 INFO     Training average positive_fact_loss at step 26000: 0.259346
2025-12-03 23:22:35 INFO     Training average negative_fact_loss at step 26000: 0.219021
2025-12-03 23:22:35 INFO     Training average positive_rule_loss at step 26000: 0.540864
2025-12-03 23:22:35 INFO     Training average negative_rule_loss at step 26000: 0.714788
2025-12-03 23:22:35 INFO     Training average L_uncertainty at step 26000: 26.123742
2025-12-03 23:22:35 INFO     Training average L_kl at step 26000: 26017.083047
2025-12-03 23:22:35 INFO     Training average L_sigma at step 26000: 10.665792
2025-12-03 23:22:35 INFO     Training average mu_mean at step 26000: -0.026980
2025-12-03 23:22:35 INFO     Training average sigma_mean at step 26000: 0.168065
2025-12-03 23:22:35 INFO     Training average regularization at step 26000: 0.000000
2025-12-03 23:22:35 INFO     Training average loss at step 26000: 1.128247
2025-12-03 23:22:35 INFO     Evaluating on Valid Dataset...
2025-12-03 23:22:35 INFO     >>>>> RuleE emb: Evaluating on valid
2025-12-03 23:22:47 INFO     Data : 2612
2025-12-03 23:22:47 INFO     Hit1 : 0.714778
2025-12-03 23:22:47 INFO     Hit3 : 0.890888
2025-12-03 23:22:47 INFO     Hit10: 0.962481
2025-12-03 23:22:47 INFO     MR   : 3.219372
2025-12-03 23:22:47 INFO     MRR  : 0.810271
2025-12-03 23:24:57 INFO     Training average positive_fact_loss at step 26100: 0.259585
2025-12-03 23:24:57 INFO     Training average negative_fact_loss at step 26100: 0.219051
2025-12-03 23:24:57 INFO     Training average positive_rule_loss at step 26100: 0.540001
2025-12-03 23:24:57 INFO     Training average negative_rule_loss at step 26100: 0.715662
2025-12-03 23:24:57 INFO     Training average L_uncertainty at step 26100: 26.120507
2025-12-03 23:24:57 INFO     Training average L_kl at step 26100: 26013.741094
2025-12-03 23:24:57 INFO     Training average L_sigma at step 26100: 10.676456
2025-12-03 23:24:57 INFO     Training average mu_mean at step 26100: -0.025158
2025-12-03 23:24:57 INFO     Training average sigma_mean at step 26100: 0.168066
2025-12-03 23:24:57 INFO     Training average regularization at step 26100: 0.000000
2025-12-03 23:24:57 INFO     Training average loss at step 26100: 1.128354
2025-12-03 23:26:56 INFO     Training average positive_fact_loss at step 26200: 0.259575
2025-12-03 23:26:56 INFO     Training average negative_fact_loss at step 26200: 0.219013
2025-12-03 23:26:56 INFO     Training average positive_rule_loss at step 26200: 0.542370
2025-12-03 23:26:56 INFO     Training average negative_rule_loss at step 26200: 0.713442
2025-12-03 23:26:56 INFO     Training average L_uncertainty at step 26200: 26.119985
2025-12-03 23:26:56 INFO     Training average L_kl at step 26200: 26013.268828
2025-12-03 23:26:56 INFO     Training average L_sigma at step 26200: 10.671457
2025-12-03 23:26:56 INFO     Training average mu_mean at step 26200: -0.025582
2025-12-03 23:26:56 INFO     Training average sigma_mean at step 26200: 0.168067
2025-12-03 23:26:56 INFO     Training average regularization at step 26200: 0.000000
2025-12-03 23:26:56 INFO     Training average loss at step 26200: 1.128400
2025-12-03 23:29:05 INFO     Training average positive_fact_loss at step 26300: 0.259432
2025-12-03 23:29:05 INFO     Training average negative_fact_loss at step 26300: 0.218975
2025-12-03 23:29:05 INFO     Training average positive_rule_loss at step 26300: 0.540884
2025-12-03 23:29:05 INFO     Training average negative_rule_loss at step 26300: 0.713382
2025-12-03 23:29:05 INFO     Training average L_uncertainty at step 26300: 26.116447
2025-12-03 23:29:05 INFO     Training average L_kl at step 26300: 26009.790215
2025-12-03 23:29:05 INFO     Training average L_sigma at step 26300: 10.665554
2025-12-03 23:29:05 INFO     Training average mu_mean at step 26300: -0.023287
2025-12-03 23:29:05 INFO     Training average sigma_mean at step 26300: 0.168065
2025-12-03 23:29:05 INFO     Training average regularization at step 26300: 0.000000
2025-12-03 23:29:05 INFO     Training average loss at step 26300: 1.127502
2025-12-03 23:31:15 INFO     Training average positive_fact_loss at step 26400: 0.259205
2025-12-03 23:31:15 INFO     Training average negative_fact_loss at step 26400: 0.218777
2025-12-03 23:31:15 INFO     Training average positive_rule_loss at step 26400: 0.541815
2025-12-03 23:31:15 INFO     Training average negative_rule_loss at step 26400: 0.712783
2025-12-03 23:31:15 INFO     Training average L_uncertainty at step 26400: 26.115227
2025-12-03 23:31:15 INFO     Training average L_kl at step 26400: 26008.472695
2025-12-03 23:31:15 INFO     Training average L_sigma at step 26400: 10.675345
2025-12-03 23:31:15 INFO     Training average mu_mean at step 26400: -0.023121
2025-12-03 23:31:15 INFO     Training average sigma_mean at step 26400: 0.168066
2025-12-03 23:31:15 INFO     Training average regularization at step 26400: 0.000000
2025-12-03 23:31:15 INFO     Training average loss at step 26400: 1.127443
2025-12-03 23:33:27 INFO     Training average positive_fact_loss at step 26500: 0.259141
2025-12-03 23:33:27 INFO     Training average negative_fact_loss at step 26500: 0.218950
2025-12-03 23:33:27 INFO     Training average positive_rule_loss at step 26500: 0.539868
2025-12-03 23:33:27 INFO     Training average negative_rule_loss at step 26500: 0.713522
2025-12-03 23:33:27 INFO     Training average L_uncertainty at step 26500: 26.112230
2025-12-03 23:33:27 INFO     Training average L_kl at step 26500: 26005.538320
2025-12-03 23:33:27 INFO     Training average L_sigma at step 26500: 10.669067
2025-12-03 23:33:27 INFO     Training average mu_mean at step 26500: -0.020864
2025-12-03 23:33:27 INFO     Training average sigma_mean at step 26500: 0.168065
2025-12-03 23:33:27 INFO     Training average regularization at step 26500: 0.000000
2025-12-03 23:33:27 INFO     Training average loss at step 26500: 1.126863
2025-12-03 23:35:27 INFO     Training average positive_fact_loss at step 26600: 0.259702
2025-12-03 23:35:27 INFO     Training average negative_fact_loss at step 26600: 0.218905
2025-12-03 23:35:27 INFO     Training average positive_rule_loss at step 26600: 0.541262
2025-12-03 23:35:27 INFO     Training average negative_rule_loss at step 26600: 0.711990
2025-12-03 23:35:27 INFO     Training average L_uncertainty at step 26600: 26.110812
2025-12-03 23:35:27 INFO     Training average L_kl at step 26600: 26004.092422
2025-12-03 23:35:27 INFO     Training average L_sigma at step 26600: 10.671866
2025-12-03 23:35:27 INFO     Training average mu_mean at step 26600: -0.021652
2025-12-03 23:35:27 INFO     Training average sigma_mean at step 26600: 0.168065
2025-12-03 23:35:27 INFO     Training average regularization at step 26600: 0.000000
2025-12-03 23:35:27 INFO     Training average loss at step 26600: 1.127038
2025-12-03 23:37:34 INFO     Training average positive_fact_loss at step 26700: 0.259636
2025-12-03 23:37:34 INFO     Training average negative_fact_loss at step 26700: 0.219126
2025-12-03 23:37:34 INFO     Training average positive_rule_loss at step 26700: 0.541276
2025-12-03 23:37:34 INFO     Training average negative_rule_loss at step 26700: 0.711599
2025-12-03 23:37:34 INFO     Training average L_uncertainty at step 26700: 26.110135
2025-12-03 23:37:34 INFO     Training average L_kl at step 26700: 26003.392402
2025-12-03 23:37:34 INFO     Training average L_sigma at step 26700: 10.674148
2025-12-03 23:37:34 INFO     Training average mu_mean at step 26700: -0.020220
2025-12-03 23:37:34 INFO     Training average sigma_mean at step 26700: 0.168066
2025-12-03 23:37:34 INFO     Training average regularization at step 26700: 0.000000
2025-12-03 23:37:34 INFO     Training average loss at step 26700: 1.126920
2025-12-03 23:39:45 INFO     Training average positive_fact_loss at step 26800: 0.259343
2025-12-03 23:39:45 INFO     Training average negative_fact_loss at step 26800: 0.218743
2025-12-03 23:39:45 INFO     Training average positive_rule_loss at step 26800: 0.541995
2025-12-03 23:39:45 INFO     Training average negative_rule_loss at step 26800: 0.711051
2025-12-03 23:39:45 INFO     Training average L_uncertainty at step 26800: 26.108572
2025-12-03 23:39:45 INFO     Training average L_kl at step 26800: 26001.820156
2025-12-03 23:39:45 INFO     Training average L_sigma at step 26800: 10.675018
2025-12-03 23:39:45 INFO     Training average mu_mean at step 26800: -0.020430
2025-12-03 23:39:45 INFO     Training average sigma_mean at step 26800: 0.168067
2025-12-03 23:39:45 INFO     Training average regularization at step 26800: 0.000000
2025-12-03 23:39:45 INFO     Training average loss at step 26800: 1.126652
2025-12-03 23:41:51 INFO     Training average positive_fact_loss at step 26900: 0.259601
2025-12-03 23:41:51 INFO     Training average negative_fact_loss at step 26900: 0.219034
2025-12-03 23:41:51 INFO     Training average positive_rule_loss at step 26900: 0.539890
2025-12-03 23:41:51 INFO     Training average negative_rule_loss at step 26900: 0.710817
2025-12-03 23:41:51 INFO     Training average L_uncertainty at step 26900: 26.104999
2025-12-03 23:41:51 INFO     Training average L_kl at step 26900: 25998.239297
2025-12-03 23:41:51 INFO     Training average L_sigma at step 26900: 10.675847
2025-12-03 23:41:51 INFO     Training average mu_mean at step 26900: -0.017332
2025-12-03 23:41:51 INFO     Training average sigma_mean at step 26900: 0.168068
2025-12-03 23:41:51 INFO     Training average regularization at step 26900: 0.000000
2025-12-03 23:41:51 INFO     Training average loss at step 26900: 1.125721
2025-12-03 23:44:00 INFO     Training average positive_fact_loss at step 27000: 0.259545
2025-12-03 23:44:00 INFO     Training average negative_fact_loss at step 27000: 0.219061
2025-12-03 23:44:00 INFO     Training average positive_rule_loss at step 27000: 0.540956
2025-12-03 23:44:00 INFO     Training average negative_rule_loss at step 27000: 0.709967
2025-12-03 23:44:00 INFO     Training average L_uncertainty at step 27000: 26.105133
2025-12-03 23:44:00 INFO     Training average L_kl at step 27000: 25998.407227
2025-12-03 23:44:00 INFO     Training average L_sigma at step 27000: 10.672404
2025-12-03 23:44:00 INFO     Training average mu_mean at step 27000: -0.018007
2025-12-03 23:44:00 INFO     Training average sigma_mean at step 27000: 0.168067
2025-12-03 23:44:00 INFO     Training average regularization at step 27000: 0.000000
2025-12-03 23:44:00 INFO     Training average loss at step 27000: 1.125816
2025-12-03 23:44:00 INFO     Evaluating on Valid Dataset...
2025-12-03 23:44:00 INFO     >>>>> RuleE emb: Evaluating on valid
2025-12-03 23:44:17 INFO     Data : 2612
2025-12-03 23:44:17 INFO     Hit1 : 0.715926
2025-12-03 23:44:17 INFO     Hit3 : 0.890505
2025-12-03 23:44:17 INFO     Hit10: 0.961332
2025-12-03 23:44:17 INFO     MR   : 3.218989
2025-12-03 23:44:17 INFO     MRR  : 0.810966
2025-12-03 23:46:19 INFO     Training average positive_fact_loss at step 27100: 0.259179
2025-12-03 23:46:19 INFO     Training average negative_fact_loss at step 27100: 0.218704
2025-12-03 23:46:19 INFO     Training average positive_rule_loss at step 27100: 0.541047
2025-12-03 23:46:19 INFO     Training average negative_rule_loss at step 27100: 0.709845
2025-12-03 23:46:19 INFO     Training average L_uncertainty at step 27100: 26.102306
2025-12-03 23:46:19 INFO     Training average L_kl at step 27100: 25995.513672
2025-12-03 23:46:19 INFO     Training average L_sigma at step 27100: 10.679124
2025-12-03 23:46:19 INFO     Training average mu_mean at step 27100: -0.016204
2025-12-03 23:46:19 INFO     Training average sigma_mean at step 27100: 0.168067
2025-12-03 23:46:19 INFO     Training average regularization at step 27100: 0.000000
2025-12-03 23:46:19 INFO     Training average loss at step 27100: 1.125411
2025-12-03 23:48:25 INFO     Training average positive_fact_loss at step 27200: 0.259358
2025-12-03 23:48:25 INFO     Training average negative_fact_loss at step 27200: 0.218843
2025-12-03 23:48:25 INFO     Training average positive_rule_loss at step 27200: 0.541076
2025-12-03 23:48:25 INFO     Training average negative_rule_loss at step 27200: 0.709023
2025-12-03 23:48:25 INFO     Training average L_uncertainty at step 27200: 26.100820
2025-12-03 23:48:25 INFO     Training average L_kl at step 27200: 25994.102090
2025-12-03 23:48:25 INFO     Training average L_sigma at step 27200: 10.671653
2025-12-03 23:48:25 INFO     Training average mu_mean at step 27200: -0.016489
2025-12-03 23:48:25 INFO     Training average sigma_mean at step 27200: 0.168066
2025-12-03 23:48:25 INFO     Training average regularization at step 27200: 0.000000
2025-12-03 23:48:25 INFO     Training average loss at step 27200: 1.125158
2025-12-03 23:50:37 INFO     Training average positive_fact_loss at step 27300: 0.259323
2025-12-03 23:50:37 INFO     Training average negative_fact_loss at step 27300: 0.219329
2025-12-03 23:50:37 INFO     Training average positive_rule_loss at step 27300: 0.539607
2025-12-03 23:50:37 INFO     Training average negative_rule_loss at step 27300: 0.709132
2025-12-03 23:50:37 INFO     Training average L_uncertainty at step 27300: 26.100405
2025-12-03 23:50:37 INFO     Training average L_kl at step 27300: 25993.683281
2025-12-03 23:50:37 INFO     Training average L_sigma at step 27300: 10.672036
2025-12-03 23:50:37 INFO     Training average mu_mean at step 27300: -0.014013
2025-12-03 23:50:37 INFO     Training average sigma_mean at step 27300: 0.168065
2025-12-03 23:50:37 INFO     Training average regularization at step 27300: 0.000000
2025-12-03 23:50:37 INFO     Training average loss at step 27300: 1.124699
2025-12-03 23:52:41 INFO     Training average positive_fact_loss at step 27400: 0.259527
2025-12-03 23:52:41 INFO     Training average negative_fact_loss at step 27400: 0.218656
2025-12-03 23:52:41 INFO     Training average positive_rule_loss at step 27400: 0.540045
2025-12-03 23:52:41 INFO     Training average negative_rule_loss at step 27400: 0.709047
2025-12-03 23:52:41 INFO     Training average L_uncertainty at step 27400: 26.098881
2025-12-03 23:52:41 INFO     Training average L_kl at step 27400: 25992.203340
2025-12-03 23:52:41 INFO     Training average L_sigma at step 27400: 10.667601
2025-12-03 23:52:41 INFO     Training average mu_mean at step 27400: -0.013794
2025-12-03 23:52:41 INFO     Training average sigma_mean at step 27400: 0.168065
2025-12-03 23:52:41 INFO     Training average regularization at step 27400: 0.000000
2025-12-03 23:52:41 INFO     Training average loss at step 27400: 1.124626
2025-12-03 23:54:44 INFO     Training average positive_fact_loss at step 27500: 0.259591
2025-12-03 23:54:44 INFO     Training average negative_fact_loss at step 27500: 0.218991
2025-12-03 23:54:44 INFO     Training average positive_rule_loss at step 27500: 0.543134
2025-12-03 23:54:44 INFO     Training average negative_rule_loss at step 27500: 0.706776
2025-12-03 23:54:44 INFO     Training average L_uncertainty at step 27500: 26.096019
2025-12-03 23:54:44 INFO     Training average L_kl at step 27500: 25989.360801
2025-12-03 23:54:44 INFO     Training average L_sigma at step 27500: 10.665704
2025-12-03 23:54:44 INFO     Training average mu_mean at step 27500: -0.014095
2025-12-03 23:54:44 INFO     Training average sigma_mean at step 27500: 0.168065
2025-12-03 23:54:44 INFO     Training average regularization at step 27500: 0.000000
2025-12-03 23:54:44 INFO     Training average loss at step 27500: 1.125206
2025-12-03 23:56:55 INFO     Training average positive_fact_loss at step 27600: 0.259544
2025-12-03 23:56:55 INFO     Training average negative_fact_loss at step 27600: 0.219192
2025-12-03 23:56:55 INFO     Training average positive_rule_loss at step 27600: 0.541521
2025-12-03 23:56:55 INFO     Training average negative_rule_loss at step 27600: 0.706665
2025-12-03 23:56:55 INFO     Training average L_uncertainty at step 27600: 26.096076
2025-12-03 23:56:55 INFO     Training average L_kl at step 27600: 25989.401699
2025-12-03 23:56:55 INFO     Training average L_sigma at step 27600: 10.667338
2025-12-03 23:56:55 INFO     Training average mu_mean at step 27600: -0.012882
2025-12-03 23:56:55 INFO     Training average sigma_mean at step 27600: 0.168064
2025-12-03 23:56:55 INFO     Training average regularization at step 27600: 0.000000
2025-12-03 23:56:55 INFO     Training average loss at step 27600: 1.124421
2025-12-03 23:59:04 INFO     Training average positive_fact_loss at step 27700: 0.259183
2025-12-03 23:59:04 INFO     Training average negative_fact_loss at step 27700: 0.218907
2025-12-03 23:59:04 INFO     Training average positive_rule_loss at step 27700: 0.540386
2025-12-03 23:59:04 INFO     Training average negative_rule_loss at step 27700: 0.706880
2025-12-03 23:59:04 INFO     Training average L_uncertainty at step 27700: 26.094827
2025-12-03 23:59:04 INFO     Training average L_kl at step 27700: 25988.094453
2025-12-03 23:59:04 INFO     Training average L_sigma at step 27700: 10.673137
2025-12-03 23:59:04 INFO     Training average mu_mean at step 27700: -0.010507
2025-12-03 23:59:04 INFO     Training average sigma_mean at step 27700: 0.168065
2025-12-03 23:59:04 INFO     Training average regularization at step 27700: 0.000000
2025-12-03 23:59:04 INFO     Training average loss at step 27700: 1.123626
2025-12-04 00:01:09 INFO     Training average positive_fact_loss at step 27800: 0.259447
2025-12-04 00:01:09 INFO     Training average negative_fact_loss at step 27800: 0.218740
2025-12-04 00:01:09 INFO     Training average positive_rule_loss at step 27800: 0.540423
2025-12-04 00:01:09 INFO     Training average negative_rule_loss at step 27800: 0.706950
2025-12-04 00:01:09 INFO     Training average L_uncertainty at step 27800: 26.092903
2025-12-04 00:01:09 INFO     Training average L_kl at step 27800: 25986.101406
2025-12-04 00:01:09 INFO     Training average L_sigma at step 27800: 10.680050
2025-12-04 00:01:09 INFO     Training average mu_mean at step 27800: -0.011996
2025-12-04 00:01:09 INFO     Training average sigma_mean at step 27800: 0.168068
2025-12-04 00:01:09 INFO     Training average regularization at step 27800: 0.000000
2025-12-04 00:01:09 INFO     Training average loss at step 27800: 1.123709
2025-12-04 00:03:12 INFO     Training average positive_fact_loss at step 27900: 0.259205
2025-12-04 00:03:12 INFO     Training average negative_fact_loss at step 27900: 0.219209
2025-12-04 00:03:12 INFO     Training average positive_rule_loss at step 27900: 0.540904
2025-12-04 00:03:12 INFO     Training average negative_rule_loss at step 27900: 0.705338
2025-12-04 00:03:12 INFO     Training average L_uncertainty at step 27900: 26.090804
2025-12-04 00:03:12 INFO     Training average L_kl at step 27900: 25984.121777
2025-12-04 00:03:12 INFO     Training average L_sigma at step 27900: 10.668131
2025-12-04 00:03:12 INFO     Training average mu_mean at step 27900: -0.009692
2025-12-04 00:03:12 INFO     Training average sigma_mean at step 27900: 0.168065
2025-12-04 00:03:12 INFO     Training average regularization at step 27900: 0.000000
2025-12-04 00:03:12 INFO     Training average loss at step 27900: 1.123236
2025-12-04 00:05:21 INFO     Training average positive_fact_loss at step 28000: 0.259678
2025-12-04 00:05:21 INFO     Training average negative_fact_loss at step 28000: 0.218822
2025-12-04 00:05:21 INFO     Training average positive_rule_loss at step 28000: 0.541587
2025-12-04 00:05:21 INFO     Training average negative_rule_loss at step 28000: 0.705180
2025-12-04 00:05:21 INFO     Training average L_uncertainty at step 28000: 26.090782
2025-12-04 00:05:21 INFO     Training average L_kl at step 28000: 25984.037617
2025-12-04 00:05:21 INFO     Training average L_sigma at step 28000: 10.674345
2025-12-04 00:05:21 INFO     Training average mu_mean at step 28000: -0.008880
2025-12-04 00:05:21 INFO     Training average sigma_mean at step 28000: 0.168066
2025-12-04 00:05:21 INFO     Training average regularization at step 28000: 0.000000
2025-12-04 00:05:21 INFO     Training average loss at step 28000: 1.123541
2025-12-04 00:05:21 INFO     Evaluating on Valid Dataset...
2025-12-04 00:05:21 INFO     >>>>> RuleE emb: Evaluating on valid
2025-12-04 00:05:38 INFO     Data : 2612
2025-12-04 00:05:38 INFO     Hit1 : 0.718224
2025-12-04 00:05:38 INFO     Hit3 : 0.890888
2025-12-04 00:05:38 INFO     Hit10: 0.961715
2025-12-04 00:05:38 INFO     MR   : 3.206738
2025-12-04 00:05:38 INFO     MRR  : 0.811827
2025-12-04 00:07:59 INFO     Training average positive_fact_loss at step 28100: 0.259446
2025-12-04 00:07:59 INFO     Training average negative_fact_loss at step 28100: 0.218888
2025-12-04 00:07:59 INFO     Training average positive_rule_loss at step 28100: 0.542712
2025-12-04 00:07:59 INFO     Training average negative_rule_loss at step 28100: 0.704160
2025-12-04 00:07:59 INFO     Training average L_uncertainty at step 28100: 26.087265
2025-12-04 00:07:59 INFO     Training average L_kl at step 28100: 25980.490176
2025-12-04 00:07:59 INFO     Training average L_sigma at step 28100: 10.677391
2025-12-04 00:07:59 INFO     Training average mu_mean at step 28100: -0.009165
2025-12-04 00:07:59 INFO     Training average sigma_mean at step 28100: 0.168067
2025-12-04 00:07:59 INFO     Training average regularization at step 28100: 0.000000
2025-12-04 00:07:59 INFO     Training average loss at step 28100: 1.123475
2025-12-04 00:09:58 INFO     Training average positive_fact_loss at step 28200: 0.259272
2025-12-04 00:09:58 INFO     Training average negative_fact_loss at step 28200: 0.218796
2025-12-04 00:09:58 INFO     Training average positive_rule_loss at step 28200: 0.539166
2025-12-04 00:09:58 INFO     Training average negative_rule_loss at step 28200: 0.705092
2025-12-04 00:09:58 INFO     Training average L_uncertainty at step 28200: 26.086349
2025-12-04 00:09:58 INFO     Training average L_kl at step 28200: 25979.601758
2025-12-04 00:09:58 INFO     Training average L_sigma at step 28200: 10.674598
2025-12-04 00:09:58 INFO     Training average mu_mean at step 28200: -0.006434
2025-12-04 00:09:58 INFO     Training average sigma_mean at step 28200: 0.168067
2025-12-04 00:09:58 INFO     Training average regularization at step 28200: 0.000000
2025-12-04 00:09:58 INFO     Training average loss at step 28200: 1.122026
2025-12-04 00:12:07 INFO     Training average positive_fact_loss at step 28300: 0.259351
2025-12-04 00:12:07 INFO     Training average negative_fact_loss at step 28300: 0.218763
2025-12-04 00:12:07 INFO     Training average positive_rule_loss at step 28300: 0.541405
2025-12-04 00:12:07 INFO     Training average negative_rule_loss at step 28300: 0.703551
2025-12-04 00:12:07 INFO     Training average L_uncertainty at step 28300: 26.087167
2025-12-04 00:12:07 INFO     Training average L_kl at step 28300: 25980.392129
2025-12-04 00:12:07 INFO     Training average L_sigma at step 28300: 10.677374
2025-12-04 00:12:07 INFO     Training average mu_mean at step 28300: -0.007567
2025-12-04 00:12:07 INFO     Training average sigma_mean at step 28300: 0.168067
2025-12-04 00:12:07 INFO     Training average regularization at step 28300: 0.000000
2025-12-04 00:12:07 INFO     Training average loss at step 28300: 1.122407
2025-12-04 00:14:16 INFO     Training average positive_fact_loss at step 28400: 0.259526
2025-12-04 00:14:16 INFO     Training average negative_fact_loss at step 28400: 0.219271
2025-12-04 00:14:16 INFO     Training average positive_rule_loss at step 28400: 0.541520
2025-12-04 00:14:16 INFO     Training average negative_rule_loss at step 28400: 0.702583
2025-12-04 00:14:16 INFO     Training average L_uncertainty at step 28400: 26.084364
2025-12-04 00:14:16 INFO     Training average L_kl at step 28400: 25977.671797
2025-12-04 00:14:16 INFO     Training average L_sigma at step 28400: 10.669052
2025-12-04 00:14:16 INFO     Training average mu_mean at step 28400: -0.005142
2025-12-04 00:14:16 INFO     Training average sigma_mean at step 28400: 0.168066
2025-12-04 00:14:16 INFO     Training average regularization at step 28400: 0.000000
2025-12-04 00:14:16 INFO     Training average loss at step 28400: 1.122293
2025-12-04 00:16:22 INFO     Training average positive_fact_loss at step 28500: 0.259234
2025-12-04 00:16:22 INFO     Training average negative_fact_loss at step 28500: 0.218725
2025-12-04 00:16:22 INFO     Training average positive_rule_loss at step 28500: 0.539939
2025-12-04 00:16:22 INFO     Training average negative_rule_loss at step 28500: 0.702961
2025-12-04 00:16:22 INFO     Training average L_uncertainty at step 28500: 26.081864
2025-12-04 00:16:22 INFO     Training average L_kl at step 28500: 25975.117793
2025-12-04 00:16:22 INFO     Training average L_sigma at step 28500: 10.674477
2025-12-04 00:16:22 INFO     Training average mu_mean at step 28500: -0.003530
2025-12-04 00:16:22 INFO     Training average sigma_mean at step 28500: 0.168066
2025-12-04 00:16:22 INFO     Training average regularization at step 28500: 0.000000
2025-12-04 00:16:22 INFO     Training average loss at step 28500: 1.121248
2025-12-04 00:18:27 INFO     Training average positive_fact_loss at step 28600: 0.259267
2025-12-04 00:18:27 INFO     Training average negative_fact_loss at step 28600: 0.219142
2025-12-04 00:18:27 INFO     Training average positive_rule_loss at step 28600: 0.542017
2025-12-04 00:18:27 INFO     Training average negative_rule_loss at step 28600: 0.702008
2025-12-04 00:18:27 INFO     Training average L_uncertainty at step 28600: 26.081331
2025-12-04 00:18:27 INFO     Training average L_kl at step 28600: 25974.616484
2025-12-04 00:18:27 INFO     Training average L_sigma at step 28600: 10.671332
2025-12-04 00:18:27 INFO     Training average mu_mean at step 28600: -0.004959
2025-12-04 00:18:27 INFO     Training average sigma_mean at step 28600: 0.168066
2025-12-04 00:18:27 INFO     Training average regularization at step 28600: 0.000000
2025-12-04 00:18:27 INFO     Training average loss at step 28600: 1.122031
2025-12-04 00:20:34 INFO     Training average positive_fact_loss at step 28700: 0.259713
2025-12-04 00:20:34 INFO     Training average negative_fact_loss at step 28700: 0.218575
2025-12-04 00:20:34 INFO     Training average positive_rule_loss at step 28700: 0.540456
2025-12-04 00:20:34 INFO     Training average negative_rule_loss at step 28700: 0.702485
2025-12-04 00:20:34 INFO     Training average L_uncertainty at step 28700: 26.080524
2025-12-04 00:20:34 INFO     Training average L_kl at step 28700: 25973.777715
2025-12-04 00:20:34 INFO     Training average L_sigma at step 28700: 10.674510
2025-12-04 00:20:34 INFO     Training average mu_mean at step 28700: -0.004837
2025-12-04 00:20:34 INFO     Training average sigma_mean at step 28700: 0.168066
2025-12-04 00:20:34 INFO     Training average regularization at step 28700: 0.000000
2025-12-04 00:20:34 INFO     Training average loss at step 28700: 1.121420
2025-12-04 00:22:45 INFO     Training average positive_fact_loss at step 28800: 0.259595
2025-12-04 00:22:45 INFO     Training average negative_fact_loss at step 28800: 0.219071
2025-12-04 00:22:45 INFO     Training average positive_rule_loss at step 28800: 0.541080
2025-12-04 00:22:45 INFO     Training average negative_rule_loss at step 28800: 0.701205
2025-12-04 00:22:45 INFO     Training average L_uncertainty at step 28800: 26.079502
2025-12-04 00:22:45 INFO     Training average L_kl at step 28800: 25972.769609
2025-12-04 00:22:45 INFO     Training average L_sigma at step 28800: 10.673143
2025-12-04 00:22:45 INFO     Training average mu_mean at step 28800: -0.001761
2025-12-04 00:22:45 INFO     Training average sigma_mean at step 28800: 0.168066
2025-12-04 00:22:45 INFO     Training average regularization at step 28800: 0.000000
2025-12-04 00:22:45 INFO     Training average loss at step 28800: 1.121271
2025-12-04 00:24:52 INFO     Training average positive_fact_loss at step 28900: 0.259059
2025-12-04 00:24:52 INFO     Training average negative_fact_loss at step 28900: 0.219080
2025-12-04 00:24:52 INFO     Training average positive_rule_loss at step 28900: 0.542030
2025-12-04 00:24:52 INFO     Training average negative_rule_loss at step 28900: 0.700280
2025-12-04 00:24:52 INFO     Training average L_uncertainty at step 28900: 26.076661
2025-12-04 00:24:52 INFO     Training average L_kl at step 28900: 25969.856406
2025-12-04 00:24:52 INFO     Training average L_sigma at step 28900: 10.680333
2025-12-04 00:24:52 INFO     Training average mu_mean at step 28900: -0.002313
2025-12-04 00:24:52 INFO     Training average sigma_mean at step 28900: 0.168068
2025-12-04 00:24:52 INFO     Training average regularization at step 28900: 0.000000
2025-12-04 00:24:52 INFO     Training average loss at step 28900: 1.120991
2025-12-04 00:26:54 INFO     Training average positive_fact_loss at step 29000: 0.259747
2025-12-04 00:26:54 INFO     Training average negative_fact_loss at step 29000: 0.218974
2025-12-04 00:26:54 INFO     Training average positive_rule_loss at step 29000: 0.540776
2025-12-04 00:26:54 INFO     Training average negative_rule_loss at step 29000: 0.700911
2025-12-04 00:26:54 INFO     Training average L_uncertainty at step 29000: 26.076423
2025-12-04 00:26:54 INFO     Training average L_kl at step 29000: 25969.712109
2025-12-04 00:26:54 INFO     Training average L_sigma at step 29000: 10.670998
2025-12-04 00:26:54 INFO     Training average mu_mean at step 29000: -0.000752
2025-12-04 00:26:54 INFO     Training average sigma_mean at step 29000: 0.168066
2025-12-04 00:26:54 INFO     Training average regularization at step 29000: 0.000000
2025-12-04 00:26:54 INFO     Training average loss at step 29000: 1.120969
2025-12-04 00:26:54 INFO     Evaluating on Valid Dataset...
2025-12-04 00:26:54 INFO     >>>>> RuleE emb: Evaluating on valid
2025-12-04 00:27:11 INFO     Data : 2612
2025-12-04 00:27:11 INFO     Hit1 : 0.715926
2025-12-04 00:27:11 INFO     Hit3 : 0.890505
2025-12-04 00:27:11 INFO     Hit10: 0.962481
2025-12-04 00:27:11 INFO     MR   : 3.210184
2025-12-04 00:27:11 INFO     MRR  : 0.810594
2025-12-04 00:29:17 INFO     Training average positive_fact_loss at step 29100: 0.259652
2025-12-04 00:29:17 INFO     Training average negative_fact_loss at step 29100: 0.219011
2025-12-04 00:29:17 INFO     Training average positive_rule_loss at step 29100: 0.539826
2025-12-04 00:29:17 INFO     Training average negative_rule_loss at step 29100: 0.700414
2025-12-04 00:29:17 INFO     Training average L_uncertainty at step 29100: 26.075594
2025-12-04 00:29:17 INFO     Training average L_kl at step 29100: 25968.842578
2025-12-04 00:29:17 INFO     Training average L_sigma at step 29100: 10.675038
2025-12-04 00:29:17 INFO     Training average mu_mean at step 29100: -0.000175
2025-12-04 00:29:17 INFO     Training average sigma_mean at step 29100: 0.168067
2025-12-04 00:29:17 INFO     Training average regularization at step 29100: 0.000000
2025-12-04 00:29:17 INFO     Training average loss at step 29100: 1.120208
2025-12-04 00:31:23 INFO     Training average positive_fact_loss at step 29200: 0.259403
2025-12-04 00:31:23 INFO     Training average negative_fact_loss at step 29200: 0.218856
2025-12-04 00:31:23 INFO     Training average positive_rule_loss at step 29200: 0.541380
2025-12-04 00:31:23 INFO     Training average negative_rule_loss at step 29200: 0.699042
2025-12-04 00:31:23 INFO     Training average L_uncertainty at step 29200: 26.073934
2025-12-04 00:31:23 INFO     Training average L_kl at step 29200: 25967.238672
2025-12-04 00:31:23 INFO     Training average L_sigma at step 29200: 10.669462
2025-12-04 00:31:23 INFO     Training average mu_mean at step 29200: 0.001371
2025-12-04 00:31:23 INFO     Training average sigma_mean at step 29200: 0.168065
2025-12-04 00:31:23 INFO     Training average regularization at step 29200: 0.000000
2025-12-04 00:31:23 INFO     Training average loss at step 29200: 1.120080
2025-12-04 00:33:31 INFO     Training average positive_fact_loss at step 29300: 0.259410
2025-12-04 00:33:31 INFO     Training average negative_fact_loss at step 29300: 0.219100
2025-12-04 00:33:31 INFO     Training average positive_rule_loss at step 29300: 0.541176
2025-12-04 00:33:31 INFO     Training average negative_rule_loss at step 29300: 0.698319
2025-12-04 00:33:31 INFO     Training average L_uncertainty at step 29300: 26.071963
2025-12-04 00:33:31 INFO     Training average L_kl at step 29300: 25965.189004
2025-12-04 00:33:31 INFO     Training average L_sigma at step 29300: 10.677296
2025-12-04 00:33:31 INFO     Training average mu_mean at step 29300: 0.001704
2025-12-04 00:33:31 INFO     Training average sigma_mean at step 29300: 0.168065
2025-12-04 00:33:31 INFO     Training average regularization at step 29300: 0.000000
2025-12-04 00:33:31 INFO     Training average loss at step 29300: 1.119722
2025-12-04 00:35:37 INFO     Training average positive_fact_loss at step 29400: 0.259685
2025-12-04 00:35:37 INFO     Training average negative_fact_loss at step 29400: 0.218775
2025-12-04 00:35:37 INFO     Training average positive_rule_loss at step 29400: 0.540486
2025-12-04 00:35:37 INFO     Training average negative_rule_loss at step 29400: 0.699013
2025-12-04 00:35:37 INFO     Training average L_uncertainty at step 29400: 26.072170
2025-12-04 00:35:37 INFO     Training average L_kl at step 29400: 25965.431367
2025-12-04 00:35:37 INFO     Training average L_sigma at step 29400: 10.673751
2025-12-04 00:35:37 INFO     Training average mu_mean at step 29400: 0.001852
2025-12-04 00:35:37 INFO     Training average sigma_mean at step 29400: 0.168067
2025-12-04 00:35:37 INFO     Training average regularization at step 29400: 0.000000
2025-12-04 00:35:37 INFO     Training average loss at step 29400: 1.119701
2025-12-04 00:37:41 INFO     Training average positive_fact_loss at step 29500: 0.259089
2025-12-04 00:37:41 INFO     Training average negative_fact_loss at step 29500: 0.218895
2025-12-04 00:37:41 INFO     Training average positive_rule_loss at step 29500: 0.541447
2025-12-04 00:37:41 INFO     Training average negative_rule_loss at step 29500: 0.697847
2025-12-04 00:37:41 INFO     Training average L_uncertainty at step 29500: 26.070256
2025-12-04 00:37:41 INFO     Training average L_kl at step 29500: 25963.537461
2025-12-04 00:37:41 INFO     Training average L_sigma at step 29500: 10.671738
2025-12-04 00:37:41 INFO     Training average mu_mean at step 29500: 0.003414
2025-12-04 00:37:41 INFO     Training average sigma_mean at step 29500: 0.168067
2025-12-04 00:37:41 INFO     Training average regularization at step 29500: 0.000000
2025-12-04 00:37:41 INFO     Training average loss at step 29500: 1.119342
2025-12-04 00:39:53 INFO     Training average positive_fact_loss at step 29600: 0.259523
2025-12-04 00:39:53 INFO     Training average negative_fact_loss at step 29600: 0.218971
2025-12-04 00:39:53 INFO     Training average positive_rule_loss at step 29600: 0.540834
2025-12-04 00:39:53 INFO     Training average negative_rule_loss at step 29600: 0.698049
2025-12-04 00:39:53 INFO     Training average L_uncertainty at step 29600: 26.069422
2025-12-04 00:39:53 INFO     Training average L_kl at step 29600: 25962.637070
2025-12-04 00:39:53 INFO     Training average L_sigma at step 29600: 10.678334
2025-12-04 00:39:53 INFO     Training average mu_mean at step 29600: 0.003126
2025-12-04 00:39:53 INFO     Training average sigma_mean at step 29600: 0.168067
2025-12-04 00:39:53 INFO     Training average regularization at step 29600: 0.000000
2025-12-04 00:39:53 INFO     Training average loss at step 29600: 1.119383
2025-12-04 00:42:04 INFO     Training average positive_fact_loss at step 29700: 0.259344
2025-12-04 00:42:04 INFO     Training average negative_fact_loss at step 29700: 0.218692
2025-12-04 00:42:04 INFO     Training average positive_rule_loss at step 29700: 0.541995
2025-12-04 00:42:04 INFO     Training average negative_rule_loss at step 29700: 0.696852
2025-12-04 00:42:04 INFO     Training average L_uncertainty at step 29700: 26.067637
2025-12-04 00:42:04 INFO     Training average L_kl at step 29700: 25960.927324
2025-12-04 00:42:04 INFO     Training average L_sigma at step 29700: 10.670885
2025-12-04 00:42:04 INFO     Training average mu_mean at step 29700: 0.004626
2025-12-04 00:42:04 INFO     Training average sigma_mean at step 29700: 0.168067
2025-12-04 00:42:04 INFO     Training average regularization at step 29700: 0.000000
2025-12-04 00:42:04 INFO     Training average loss at step 29700: 1.119118
2025-12-04 00:44:05 INFO     Training average positive_fact_loss at step 29800: 0.259536
2025-12-04 00:44:05 INFO     Training average negative_fact_loss at step 29800: 0.218744
2025-12-04 00:44:05 INFO     Training average positive_rule_loss at step 29800: 0.540454
2025-12-04 00:44:05 INFO     Training average negative_rule_loss at step 29800: 0.696735
2025-12-04 00:44:05 INFO     Training average L_uncertainty at step 29800: 26.067094
2025-12-04 00:44:05 INFO     Training average L_kl at step 29800: 25960.416309
2025-12-04 00:44:05 INFO     Training average L_sigma at step 29800: 10.667657
2025-12-04 00:44:05 INFO     Training average mu_mean at step 29800: 0.005686
2025-12-04 00:44:05 INFO     Training average sigma_mean at step 29800: 0.168064
2025-12-04 00:44:05 INFO     Training average regularization at step 29800: 0.000000
2025-12-04 00:44:05 INFO     Training average loss at step 29800: 1.118405
2025-12-04 00:46:15 INFO     Training average positive_fact_loss at step 29900: 0.259366
2025-12-04 00:46:15 INFO     Training average negative_fact_loss at step 29900: 0.218871
2025-12-04 00:46:15 INFO     Training average positive_rule_loss at step 29900: 0.541236
2025-12-04 00:46:15 INFO     Training average negative_rule_loss at step 29900: 0.695613
2025-12-04 00:46:15 INFO     Training average L_uncertainty at step 29900: 26.066684
2025-12-04 00:46:15 INFO     Training average L_kl at step 29900: 25959.871836
2025-12-04 00:46:15 INFO     Training average L_sigma at step 29900: 10.681099
2025-12-04 00:46:15 INFO     Training average mu_mean at step 29900: 0.007001
2025-12-04 00:46:15 INFO     Training average sigma_mean at step 29900: 0.168066
2025-12-04 00:46:15 INFO     Training average regularization at step 29900: 0.000000
2025-12-04 00:46:15 INFO     Training average loss at step 29900: 1.118210
2025-12-04 00:48:23 INFO     Training average positive_fact_loss at step 30000: 0.259110
2025-12-04 00:48:23 INFO     Training average negative_fact_loss at step 30000: 0.218527
2025-12-04 00:48:23 INFO     Training average positive_rule_loss at step 30000: 0.538562
2025-12-04 00:48:23 INFO     Training average negative_rule_loss at step 30000: 0.696560
2025-12-04 00:48:23 INFO     Training average L_uncertainty at step 30000: 26.064975
2025-12-04 00:48:23 INFO     Training average L_kl at step 30000: 25958.251660
2025-12-04 00:48:23 INFO     Training average L_sigma at step 30000: 10.672172
2025-12-04 00:48:23 INFO     Training average mu_mean at step 30000: 0.008634
2025-12-04 00:48:23 INFO     Training average sigma_mean at step 30000: 0.168066
2025-12-04 00:48:23 INFO     Training average regularization at step 30000: 0.000000
2025-12-04 00:48:23 INFO     Training average loss at step 30000: 1.117030
2025-12-04 00:48:23 INFO     Evaluating on Valid Dataset...
2025-12-04 00:48:23 INFO     >>>>> RuleE emb: Evaluating on valid
2025-12-04 00:48:40 INFO     Data : 2612
2025-12-04 00:48:40 INFO     Hit1 : 0.715926
2025-12-04 00:48:40 INFO     Hit3 : 0.890888
2025-12-04 00:48:40 INFO     Hit10: 0.962481
2025-12-04 00:48:40 INFO     MR   : 3.217458
2025-12-04 00:48:40 INFO     MRR  : 0.810934
2025-12-04 00:48:40 INFO     Finishing pre-training!
2025-12-04 00:48:41 INFO     Test the results of pre-training
2025-12-04 00:48:41 INFO     >>>>> RuleE emb: Evaluating on valid
2025-12-04 00:48:58 INFO     Data : 2612
2025-12-04 00:48:58 INFO     Hit1 : 0.718224
2025-12-04 00:48:58 INFO     Hit3 : 0.890888
2025-12-04 00:48:58 INFO     Hit10: 0.961715
2025-12-04 00:48:58 INFO     MR   : 3.206738
2025-12-04 00:48:58 INFO     MRR  : 0.811827
2025-12-04 00:48:58 INFO     >>>>> RuleE emb: Evaluating on test
2025-12-04 00:49:20 INFO     Data : 6528
2025-12-04 00:49:20 INFO     Hit1 : 0.708180
2025-12-04 00:49:20 INFO     Hit3 : 0.890778
2025-12-04 00:49:20 INFO     Hit10: 0.962010
2025-12-04 00:49:20 INFO     MR   : 3.021599
2025-12-04 00:49:20 INFO     MRR  : 0.807841
2025-12-04 00:49:20 INFO     Pre-computed rule_mu for grounding: mean=-0.011522, std=0.147171
2025-12-04 00:49:20 INFO     >>>>> RulE: Grounding-Training
2025-12-04 00:49:20 INFO     -------------------------
2025-12-04 00:49:20 INFO     | Iteration: 1/20
2025-12-04 00:49:20 INFO     -------------------------
2025-12-04 00:49:50 INFO     loss:    10 282 4.869994 1782.0
2025-12-04 00:49:50 INFO     Save checkpoint to umls\grounding.pt
2025-12-04 00:50:40 INFO     loss:    20 282 4.831504 1917.0
2025-12-04 00:50:40 INFO     Save checkpoint to umls\grounding.pt
2025-12-04 00:51:18 INFO     loss:    30 282 4.863951 2079.0
2025-12-04 00:51:18 INFO     Save checkpoint to umls\grounding.pt
2025-12-04 00:51:56 INFO     loss:    40 282 4.967426 1701.0
2025-12-04 00:51:56 INFO     Save checkpoint to umls\grounding.pt
2025-12-04 00:52:39 INFO     loss:    50 282 4.717376 1998.0
2025-12-04 00:52:39 INFO     Save checkpoint to umls\grounding.pt
2025-12-04 00:53:18 INFO     loss:    60 282 4.877223 1984.5
2025-12-04 00:53:18 INFO     Save checkpoint to umls\grounding.pt
2025-12-04 00:54:11 INFO     loss:    70 282 4.844621 2011.5
2025-12-04 00:54:11 INFO     Save checkpoint to umls\grounding.pt
2025-12-04 00:54:54 INFO     loss:    80 282 4.722418 1944.0
2025-12-04 00:54:54 INFO     Save checkpoint to umls\grounding.pt
2025-12-04 00:55:38 INFO     loss:    90 282 4.756469 1957.5
2025-12-04 00:55:38 INFO     Save checkpoint to umls\grounding.pt
2025-12-04 00:56:16 INFO     loss:    100 282 4.790812 1795.5
2025-12-04 00:56:16 INFO     Save checkpoint to umls\grounding.pt
2025-12-04 00:57:00 INFO     loss:    110 282 4.545637 1971.0
2025-12-04 00:57:00 INFO     Save checkpoint to umls\grounding.pt
2025-12-04 00:57:43 INFO     loss:    120 282 4.619037 1903.5
2025-12-04 00:57:43 INFO     Save checkpoint to umls\grounding.pt
2025-12-04 00:58:26 INFO     loss:    130 282 4.595427 1809.0
2025-12-04 00:58:26 INFO     Save checkpoint to umls\grounding.pt
2025-12-04 00:59:04 INFO     loss:    140 282 4.767761 1957.5
2025-12-04 00:59:04 INFO     Save checkpoint to umls\grounding.pt
2025-12-04 00:59:42 INFO     loss:    150 282 4.819008 1647.0
2025-12-04 00:59:42 INFO     Save checkpoint to umls\grounding.pt
2025-12-04 01:00:15 INFO     loss:    160 282 4.694057 1539.0
2025-12-04 01:00:15 INFO     Save checkpoint to umls\grounding.pt
2025-12-04 01:00:52 INFO     loss:    170 282 4.514802 2119.5
2025-12-04 01:00:52 INFO     Save checkpoint to umls\grounding.pt
2025-12-04 01:01:31 INFO     loss:    180 282 4.673237 2011.5
2025-12-04 01:01:31 INFO     Save checkpoint to umls\grounding.pt
2025-12-04 01:02:19 INFO     loss:    190 282 4.764678 1809.0
2025-12-04 01:02:19 INFO     Save checkpoint to umls\grounding.pt
2025-12-04 01:03:09 INFO     loss:    200 282 4.520782 2079.0
2025-12-04 01:03:09 INFO     Save checkpoint to umls\grounding.pt
2025-12-04 01:03:46 INFO     loss:    210 282 4.789980 1795.5
2025-12-04 01:03:46 INFO     Save checkpoint to umls\grounding.pt
2025-12-04 01:04:24 INFO     loss:    220 282 4.559264 1728.0
2025-12-04 01:04:24 INFO     Save checkpoint to umls\grounding.pt
2025-12-04 01:05:02 INFO     loss:    230 282 4.243455 1458.0
2025-12-04 01:05:02 INFO     Save checkpoint to umls\grounding.pt
2025-12-04 01:05:40 INFO     loss:    240 282 4.518936 1944.0
2025-12-04 01:05:40 INFO     Save checkpoint to umls\grounding.pt
2025-12-04 01:06:13 INFO     loss:    250 282 4.436013 1660.5
2025-12-04 01:06:13 INFO     Save checkpoint to umls\grounding.pt
2025-12-04 01:07:07 INFO     loss:    260 282 4.088167 2079.0
2025-12-04 01:07:07 INFO     Save checkpoint to umls\grounding.pt
2025-12-04 01:07:40 INFO     loss:    270 282 4.364408 2011.5
2025-12-04 01:07:40 INFO     Save checkpoint to umls\grounding.pt
2025-12-04 01:08:23 INFO     loss:    280 282 4.585339 1768.5
2025-12-04 01:08:23 INFO     Save checkpoint to umls\grounding.pt
2025-12-04 01:08:35 INFO     >>>>> Predictor: Evaluating on valid
2025-12-04 01:13:25 INFO     Data : 2612
2025-12-04 01:13:25 INFO     Hit1 : 0.471286
2025-12-04 01:13:25 INFO     Hit3 : 0.726263
2025-12-04 01:13:25 INFO     Hit10: 0.870214
2025-12-04 01:13:25 INFO     MR   : 6.549005
2025-12-04 01:13:25 INFO     MRR  : 0.620368
2025-12-04 01:13:25 INFO     Save checkpoint to umls\grounding.pt
2025-12-04 01:13:26 INFO     -------------------------
2025-12-04 01:13:26 INFO     | Iteration: 2/20
2025-12-04 01:13:26 INFO     -------------------------
2025-12-04 01:14:05 INFO     loss:    10 282 4.353668 1782.0
2025-12-04 01:14:05 INFO     Save checkpoint to umls\grounding.pt
2025-12-04 01:14:54 INFO     loss:    20 282 4.363262 1917.0
2025-12-04 01:14:54 INFO     Save checkpoint to umls\grounding.pt
2025-12-04 01:15:32 INFO     loss:    30 282 4.371932 2079.0
2025-12-04 01:15:32 INFO     Save checkpoint to umls\grounding.pt
2025-12-04 01:16:10 INFO     loss:    40 282 4.606399 1701.0
2025-12-04 01:16:10 INFO     Save checkpoint to umls\grounding.pt
2025-12-04 01:16:58 INFO     loss:    50 282 3.956324 1998.0
2025-12-04 01:16:58 INFO     Save checkpoint to umls\grounding.pt
2025-12-04 01:17:36 INFO     loss:    60 282 4.657506 1984.5
2025-12-04 01:17:36 INFO     Save checkpoint to umls\grounding.pt
2025-12-04 01:18:25 INFO     loss:    70 282 4.552053 2011.5
2025-12-04 01:18:25 INFO     Save checkpoint to umls\grounding.pt
2025-12-04 01:19:09 INFO     loss:    80 282 4.186491 1944.0
2025-12-04 01:19:09 INFO     Save checkpoint to umls\grounding.pt
2025-12-04 01:19:53 INFO     loss:    90 282 4.224081 1957.5
2025-12-04 01:19:53 INFO     Save checkpoint to umls\grounding.pt
2025-12-04 01:20:31 INFO     loss:    100 282 4.549999 1795.5
2025-12-04 01:20:31 INFO     Save checkpoint to umls\grounding.pt
2025-12-04 01:21:14 INFO     loss:    110 282 3.952367 1971.0
2025-12-04 01:21:14 INFO     Save checkpoint to umls\grounding.pt
2025-12-04 01:21:57 INFO     loss:    120 282 4.130774 1903.5
2025-12-04 01:21:57 INFO     Save checkpoint to umls\grounding.pt
2025-12-04 01:22:41 INFO     loss:    130 282 4.109437 1809.0
2025-12-04 01:22:41 INFO     Save checkpoint to umls\grounding.pt
2025-12-04 01:23:19 INFO     loss:    140 282 4.320994 1957.5
2025-12-04 01:23:19 INFO     Save checkpoint to umls\grounding.pt
2025-12-04 01:24:02 INFO     loss:    150 282 4.619873 1647.0
2025-12-04 01:24:02 INFO     Save checkpoint to umls\grounding.pt
2025-12-04 01:24:35 INFO     loss:    160 282 4.329358 1539.0
2025-12-04 01:24:35 INFO     Save checkpoint to umls\grounding.pt
2025-12-04 01:25:12 INFO     loss:    170 282 3.976549 2119.5
2025-12-04 01:25:12 INFO     Save checkpoint to umls\grounding.pt
2025-12-04 01:25:55 INFO     loss:    180 282 4.231153 2011.5
2025-12-04 01:25:55 INFO     Save checkpoint to umls\grounding.pt
2025-12-04 01:26:45 INFO     loss:    190 282 4.444485 1809.0
2025-12-04 01:26:45 INFO     Save checkpoint to umls\grounding.pt
2025-12-04 01:27:34 INFO     loss:    200 282 4.099184 2079.0
2025-12-04 01:27:34 INFO     Save checkpoint to umls\grounding.pt
2025-12-04 01:28:12 INFO     loss:    210 282 4.653572 1795.5
2025-12-04 01:28:12 INFO     Save checkpoint to umls\grounding.pt
2025-12-04 01:28:50 INFO     loss:    220 282 4.061297 1728.0
2025-12-04 01:28:50 INFO     Save checkpoint to umls\grounding.pt
2025-12-04 01:29:28 INFO     loss:    230 282 3.676271 1458.0
2025-12-04 01:29:28 INFO     Save checkpoint to umls\grounding.pt
2025-12-04 01:30:06 INFO     loss:    240 282 4.106296 1944.0
2025-12-04 01:30:06 INFO     Save checkpoint to umls\grounding.pt
2025-12-04 01:30:39 INFO     loss:    250 282 3.989001 1660.5
2025-12-04 01:30:39 INFO     Save checkpoint to umls\grounding.pt
2025-12-04 01:31:33 INFO     loss:    260 282 3.619678 2079.0
2025-12-04 01:31:33 INFO     Save checkpoint to umls\grounding.pt
2025-12-04 01:32:05 INFO     loss:    270 282 3.887487 2011.5
2025-12-04 01:32:05 INFO     Save checkpoint to umls\grounding.pt
2025-12-04 01:32:49 INFO     loss:    280 282 4.320749 1768.5
2025-12-04 01:32:49 INFO     Save checkpoint to umls\grounding.pt
2025-12-04 01:33:01 INFO     >>>>> Predictor: Evaluating on valid
2025-12-04 01:37:51 INFO     Data : 2612
2025-12-04 01:37:51 INFO     Hit1 : 0.555896
2025-12-04 01:37:51 INFO     Hit3 : 0.790965
2025-12-04 01:37:51 INFO     Hit10: 0.898545
2025-12-04 01:37:51 INFO     MR   : 5.732006
2025-12-04 01:37:51 INFO     MRR  : 0.689127
2025-12-04 01:37:51 INFO     Save checkpoint to umls\grounding.pt
2025-12-04 01:37:51 INFO     -------------------------
2025-12-04 01:37:51 INFO     | Iteration: 3/20
2025-12-04 01:37:51 INFO     -------------------------
2025-12-04 01:38:31 INFO     loss:    10 282 3.934778 1782.0
2025-12-04 01:38:31 INFO     Save checkpoint to umls\grounding.pt
2025-12-04 01:39:20 INFO     loss:    20 282 3.991118 1917.0
2025-12-04 01:39:20 INFO     Save checkpoint to umls\grounding.pt
2025-12-04 01:39:58 INFO     loss:    30 282 3.917357 2079.0
2025-12-04 01:39:58 INFO     Save checkpoint to umls\grounding.pt
2025-12-04 01:40:36 INFO     loss:    40 282 4.310051 1701.0
2025-12-04 01:40:36 INFO     Save checkpoint to umls\grounding.pt
2025-12-04 01:41:24 INFO     loss:    50 282 3.536015 1998.0
2025-12-04 01:41:24 INFO     Save checkpoint to umls\grounding.pt
2025-12-04 01:42:03 INFO     loss:    60 282 4.451797 1984.5
2025-12-04 01:42:03 INFO     Save checkpoint to umls\grounding.pt
2025-12-04 01:42:52 INFO     loss:    70 282 4.317133 2011.5
2025-12-04 01:42:52 INFO     Save checkpoint to umls\grounding.pt
2025-12-04 01:43:35 INFO     loss:    80 282 3.886457 1944.0
2025-12-04 01:43:35 INFO     Save checkpoint to umls\grounding.pt
2025-12-04 01:44:19 INFO     loss:    90 282 3.801776 1957.5
2025-12-04 01:44:19 INFO     Save checkpoint to umls\grounding.pt
2025-12-04 01:44:57 INFO     loss:    100 282 4.312243 1795.5
2025-12-04 01:44:57 INFO     Save checkpoint to umls\grounding.pt
2025-12-04 01:45:40 INFO     loss:    110 282 3.541544 1971.0
2025-12-04 01:45:40 INFO     Save checkpoint to umls\grounding.pt
2025-12-04 01:46:24 INFO     loss:    120 282 3.731674 1903.5
2025-12-04 01:46:24 INFO     Save checkpoint to umls\grounding.pt
2025-12-04 01:47:07 INFO     loss:    130 282 3.824016 1809.0
2025-12-04 01:47:07 INFO     Save checkpoint to umls\grounding.pt
2025-12-04 01:47:45 INFO     loss:    140 282 3.922441 1957.5
2025-12-04 01:47:45 INFO     Save checkpoint to umls\grounding.pt
2025-12-04 01:48:23 INFO     loss:    150 282 4.455956 1647.0
2025-12-04 01:48:23 INFO     Save checkpoint to umls\grounding.pt
2025-12-04 01:49:00 INFO     loss:    160 282 4.030478 1539.0
2025-12-04 01:49:00 INFO     Save checkpoint to umls\grounding.pt
2025-12-04 01:49:34 INFO     loss:    170 282 3.688657 2119.5
2025-12-04 01:49:34 INFO     Save checkpoint to umls\grounding.pt
2025-12-04 01:50:17 INFO     loss:    180 282 3.853305 2011.5
2025-12-04 01:50:17 INFO     Save checkpoint to umls\grounding.pt
2025-12-04 01:51:06 INFO     loss:    190 282 4.179522 1809.0
2025-12-04 01:51:06 INFO     Save checkpoint to umls\grounding.pt
2025-12-04 01:51:55 INFO     loss:    200 282 3.754166 2079.0
2025-12-04 01:51:55 INFO     Save checkpoint to umls\grounding.pt
2025-12-04 01:52:33 INFO     loss:    210 282 4.528919 1795.5
2025-12-04 01:52:33 INFO     Save checkpoint to umls\grounding.pt
2025-12-04 01:53:10 INFO     loss:    220 282 3.613324 1728.0
2025-12-04 01:53:10 INFO     Save checkpoint to umls\grounding.pt
2025-12-04 01:53:48 INFO     loss:    230 282 3.283330 1458.0
2025-12-04 01:53:48 INFO     Save checkpoint to umls\grounding.pt
2025-12-04 01:54:27 INFO     loss:    240 282 3.815023 1944.0
2025-12-04 01:54:27 INFO     Save checkpoint to umls\grounding.pt
2025-12-04 01:54:59 INFO     loss:    250 282 3.646845 1660.5
2025-12-04 01:54:59 INFO     Save checkpoint to umls\grounding.pt
2025-12-04 01:55:53 INFO     loss:    260 282 3.353038 2079.0
2025-12-04 01:55:53 INFO     Save checkpoint to umls\grounding.pt
2025-12-04 01:56:26 INFO     loss:    270 282 3.639286 2011.5
2025-12-04 01:56:26 INFO     Save checkpoint to umls\grounding.pt
2025-12-04 01:57:10 INFO     loss:    280 282 4.098378 1768.5
2025-12-04 01:57:10 INFO     Save checkpoint to umls\grounding.pt
2025-12-04 01:57:26 INFO     >>>>> Predictor: Evaluating on valid
2025-12-04 02:02:11 INFO     Data : 2612
2025-12-04 02:02:11 INFO     Hit1 : 0.601838
2025-12-04 02:02:11 INFO     Hit3 : 0.818913
2025-12-04 02:02:11 INFO     Hit10: 0.910796
2025-12-04 02:02:11 INFO     MR   : 5.347243
2025-12-04 02:02:11 INFO     MRR  : 0.723340
2025-12-04 02:02:11 INFO     Save checkpoint to umls\grounding.pt
2025-12-04 02:02:15 INFO     -------------------------
2025-12-04 02:02:15 INFO     | Iteration: 4/20
2025-12-04 02:02:15 INFO     -------------------------
2025-12-04 02:02:55 INFO     loss:    10 282 3.623530 1782.0
2025-12-04 02:02:55 INFO     Save checkpoint to umls\grounding.pt
2025-12-04 02:03:45 INFO     loss:    20 282 3.737425 1917.0
2025-12-04 02:03:45 INFO     Save checkpoint to umls\grounding.pt
2025-12-04 02:04:23 INFO     loss:    30 282 3.534562 2079.0
2025-12-04 02:04:23 INFO     Save checkpoint to umls\grounding.pt
2025-12-04 02:05:00 INFO     loss:    40 282 4.066973 1701.0
2025-12-04 02:05:00 INFO     Save checkpoint to umls\grounding.pt
2025-12-04 02:05:44 INFO     loss:    50 282 3.313556 1998.0
2025-12-04 02:05:44 INFO     Save checkpoint to umls\grounding.pt
2025-12-04 02:06:27 INFO     loss:    60 282 4.251934 1984.5
2025-12-04 02:06:27 INFO     Save checkpoint to umls\grounding.pt
2025-12-04 02:07:16 INFO     loss:    70 282 4.124253 2011.5
2025-12-04 02:07:16 INFO     Save checkpoint to umls\grounding.pt
2025-12-04 02:08:00 INFO     loss:    80 282 3.719029 1944.0
2025-12-04 02:08:00 INFO     Save checkpoint to umls\grounding.pt
2025-12-04 02:08:43 INFO     loss:    90 282 3.484925 1957.5
2025-12-04 02:08:43 INFO     Save checkpoint to umls\grounding.pt
2025-12-04 02:09:21 INFO     loss:    100 282 4.069398 1795.5
2025-12-04 02:09:21 INFO     Save checkpoint to umls\grounding.pt
2025-12-04 02:10:05 INFO     loss:    110 282 3.274163 1971.0
2025-12-04 02:10:05 INFO     Save checkpoint to umls\grounding.pt
2025-12-04 02:10:48 INFO     loss:    120 282 3.434160 1903.5
2025-12-04 02:10:48 INFO     Save checkpoint to umls\grounding.pt
2025-12-04 02:11:31 INFO     loss:    130 282 3.657226 1809.0
2025-12-04 02:11:31 INFO     Save checkpoint to umls\grounding.pt
2025-12-04 02:12:10 INFO     loss:    140 282 3.599859 1957.5
2025-12-04 02:12:10 INFO     Save checkpoint to umls\grounding.pt
2025-12-04 02:12:48 INFO     loss:    150 282 4.314660 1647.0
2025-12-04 02:12:48 INFO     Save checkpoint to umls\grounding.pt
2025-12-04 02:13:25 INFO     loss:    160 282 3.790874 1539.0
2025-12-04 02:13:25 INFO     Save checkpoint to umls\grounding.pt
2025-12-04 02:13:58 INFO     loss:    170 282 3.549979 2119.5
2025-12-04 02:13:58 INFO     Save checkpoint to umls\grounding.pt
2025-12-04 02:14:42 INFO     loss:    180 282 3.565046 2011.5
2025-12-04 02:14:42 INFO     Save checkpoint to umls\grounding.pt
2025-12-04 02:15:30 INFO     loss:    190 282 3.965133 1809.0
2025-12-04 02:15:30 INFO     Save checkpoint to umls\grounding.pt
2025-12-04 02:16:20 INFO     loss:    200 282 3.470594 2079.0
2025-12-04 02:16:20 INFO     Save checkpoint to umls\grounding.pt
2025-12-04 02:16:57 INFO     loss:    210 282 4.409737 1795.5
2025-12-04 02:16:57 INFO     Save checkpoint to umls\grounding.pt
2025-12-04 02:17:35 INFO     loss:    220 282 3.242596 1728.0
2025-12-04 02:17:35 INFO     Save checkpoint to umls\grounding.pt
2025-12-04 02:18:13 INFO     loss:    230 282 3.038218 1458.0
2025-12-04 02:18:13 INFO     Save checkpoint to umls\grounding.pt
2025-12-04 02:18:51 INFO     loss:    240 282 3.633156 1944.0
2025-12-04 02:18:51 INFO     Save checkpoint to umls\grounding.pt
2025-12-04 02:19:24 INFO     loss:    250 282 3.408314 1660.5
2025-12-04 02:19:24 INFO     Save checkpoint to umls\grounding.pt
2025-12-04 02:20:13 INFO     loss:    260 282 3.200393 2079.0
2025-12-04 02:20:13 INFO     Save checkpoint to umls\grounding.pt
2025-12-04 02:20:51 INFO     loss:    270 282 3.515728 2011.5
2025-12-04 02:20:51 INFO     Save checkpoint to umls\grounding.pt
2025-12-04 02:21:34 INFO     loss:    280 282 3.911440 1768.5
2025-12-04 02:21:34 INFO     Save checkpoint to umls\grounding.pt
2025-12-04 02:21:46 INFO     >>>>> Predictor: Evaluating on valid
2025-12-04 02:26:32 INFO     Data : 2612
2025-12-04 02:26:32 INFO     Hit1 : 0.634763
2025-12-04 02:26:32 INFO     Hit3 : 0.835758
2025-12-04 02:26:32 INFO     Hit10: 0.920750
2025-12-04 02:26:32 INFO     MR   : 5.076187
2025-12-04 02:26:32 INFO     MRR  : 0.746428
2025-12-04 02:26:32 INFO     Save checkpoint to umls\grounding.pt
2025-12-04 02:26:37 INFO     -------------------------
2025-12-04 02:26:37 INFO     | Iteration: 5/20
2025-12-04 02:26:37 INFO     -------------------------
2025-12-04 02:27:16 INFO     loss:    10 282 3.416852 1782.0
2025-12-04 02:27:16 INFO     Save checkpoint to umls\grounding.pt
2025-12-04 02:28:05 INFO     loss:    20 282 3.580990 1917.0
2025-12-04 02:28:05 INFO     Save checkpoint to umls\grounding.pt
2025-12-04 02:28:43 INFO     loss:    30 282 3.257672 2079.0
2025-12-04 02:28:43 INFO     Save checkpoint to umls\grounding.pt
2025-12-04 02:29:21 INFO     loss:    40 282 3.879645 1701.0
2025-12-04 02:29:21 INFO     Save checkpoint to umls\grounding.pt
2025-12-04 02:30:10 INFO     loss:    50 282 3.191353 1998.0
2025-12-04 02:30:10 INFO     Save checkpoint to umls\grounding.pt
2025-12-04 02:30:49 INFO     loss:    60 282 4.052144 1984.5
2025-12-04 02:30:49 INFO     Save checkpoint to umls\grounding.pt
2025-12-04 02:31:37 INFO     loss:    70 282 3.964680 2011.5
2025-12-04 02:31:37 INFO     Save checkpoint to umls\grounding.pt
2025-12-04 02:32:20 INFO     loss:    80 282 3.622199 1944.0
2025-12-04 02:32:20 INFO     Save checkpoint to umls\grounding.pt
2025-12-04 02:33:04 INFO     loss:    90 282 3.269679 1957.5
2025-12-04 02:33:04 INFO     Save checkpoint to umls\grounding.pt
2025-12-04 02:33:42 INFO     loss:    100 282 3.819631 1795.5
2025-12-04 02:33:42 INFO     Save checkpoint to umls\grounding.pt
2025-12-04 02:34:26 INFO     loss:    110 282 3.105458 1971.0
2025-12-04 02:34:26 INFO     Save checkpoint to umls\grounding.pt
2025-12-04 02:35:09 INFO     loss:    120 282 3.231213 1903.5
2025-12-04 02:35:09 INFO     Save checkpoint to umls\grounding.pt
2025-12-04 02:35:52 INFO     loss:    130 282 3.557502 1809.0
2025-12-04 02:35:52 INFO     Save checkpoint to umls\grounding.pt
2025-12-04 02:36:35 INFO     loss:    140 282 3.378823 1957.5
2025-12-04 02:36:35 INFO     Save checkpoint to umls\grounding.pt
2025-12-04 02:37:14 INFO     loss:    150 282 4.196939 1647.0
2025-12-04 02:37:14 INFO     Save checkpoint to umls\grounding.pt
2025-12-04 02:37:46 INFO     loss:    160 282 3.604560 1539.0
2025-12-04 02:37:46 INFO     Save checkpoint to umls\grounding.pt
2025-12-04 02:38:24 INFO     loss:    170 282 3.481208 2119.5
2025-12-04 02:38:24 INFO     Save checkpoint to umls\grounding.pt
2025-12-04 02:39:07 INFO     loss:    180 282 3.379230 2011.5
2025-12-04 02:39:07 INFO     Save checkpoint to umls\grounding.pt
2025-12-04 02:39:56 INFO     loss:    190 282 3.801822 1809.0
2025-12-04 02:39:56 INFO     Save checkpoint to umls\grounding.pt
2025-12-04 02:40:46 INFO     loss:    200 282 3.247363 2079.0
2025-12-04 02:40:46 INFO     Save checkpoint to umls\grounding.pt
2025-12-04 02:41:23 INFO     loss:    210 282 4.293547 1795.5
2025-12-04 02:41:23 INFO     Save checkpoint to umls\grounding.pt
2025-12-04 02:42:01 INFO     loss:    220 282 2.973037 1728.0
2025-12-04 02:42:01 INFO     Save checkpoint to umls\grounding.pt
2025-12-04 02:42:39 INFO     loss:    230 282 2.894388 1458.0
2025-12-04 02:42:39 INFO     Save checkpoint to umls\grounding.pt
2025-12-04 02:43:18 INFO     loss:    240 282 3.525360 1944.0
2025-12-04 02:43:18 INFO     Save checkpoint to umls\grounding.pt
2025-12-04 02:43:51 INFO     loss:    250 282 3.256890 1660.5
2025-12-04 02:43:51 INFO     Save checkpoint to umls\grounding.pt
2025-12-04 02:44:44 INFO     loss:    260 282 3.107138 2079.0
2025-12-04 02:44:44 INFO     Save checkpoint to umls\grounding.pt
2025-12-04 02:45:17 INFO     loss:    270 282 3.444062 2011.5
2025-12-04 02:45:17 INFO     Save checkpoint to umls\grounding.pt
2025-12-04 02:46:01 INFO     loss:    280 282 3.751981 1768.5
2025-12-04 02:46:01 INFO     Save checkpoint to umls\grounding.pt
2025-12-04 02:46:13 INFO     >>>>> Predictor: Evaluating on valid
2025-12-04 02:50:58 INFO     Data : 2612
2025-12-04 02:50:58 INFO     Hit1 : 0.649694
2025-12-04 02:50:58 INFO     Hit3 : 0.844181
2025-12-04 02:50:58 INFO     Hit10: 0.925345
2025-12-04 02:50:58 INFO     MR   : 4.885528
2025-12-04 02:50:58 INFO     MRR  : 0.757634
2025-12-04 02:50:58 INFO     Save checkpoint to umls\grounding.pt
2025-12-04 02:51:03 INFO     -------------------------
2025-12-04 02:51:03 INFO     | Iteration: 6/20
2025-12-04 02:51:03 INFO     -------------------------
2025-12-04 02:51:42 INFO     loss:    10 282 3.291196 1782.0
2025-12-04 02:51:42 INFO     Save checkpoint to umls\grounding.pt
2025-12-04 02:52:32 INFO     loss:    20 282 3.487775 1917.0
2025-12-04 02:52:32 INFO     Save checkpoint to umls\grounding.pt
2025-12-04 02:53:09 INFO     loss:    30 282 3.087672 2079.0
2025-12-04 02:53:09 INFO     Save checkpoint to umls\grounding.pt
2025-12-04 02:53:47 INFO     loss:    40 282 3.744514 1701.0
2025-12-04 02:53:47 INFO     Save checkpoint to umls\grounding.pt
2025-12-04 02:54:31 INFO     loss:    50 282 3.118063 1998.0
2025-12-04 02:54:31 INFO     Save checkpoint to umls\grounding.pt
2025-12-04 02:55:14 INFO     loss:    60 282 3.851613 1984.5
2025-12-04 02:55:14 INFO     Save checkpoint to umls\grounding.pt
2025-12-04 02:56:02 INFO     loss:    70 282 3.832990 2011.5
2025-12-04 02:56:02 INFO     Save checkpoint to umls\grounding.pt
2025-12-04 02:56:46 INFO     loss:    80 282 3.561373 1944.0
2025-12-04 02:56:46 INFO     Save checkpoint to umls\grounding.pt
2025-12-04 02:57:30 INFO     loss:    90 282 3.134406 1957.5
2025-12-04 02:57:30 INFO     Save checkpoint to umls\grounding.pt
2025-12-04 02:58:09 INFO     loss:    100 282 3.567419 1795.5
2025-12-04 02:58:09 INFO     Save checkpoint to umls\grounding.pt
2025-12-04 02:58:52 INFO     loss:    110 282 2.996989 1971.0
2025-12-04 02:58:52 INFO     Save checkpoint to umls\grounding.pt
2025-12-04 02:59:35 INFO     loss:    120 282 3.100557 1903.5
2025-12-04 02:59:35 INFO     Save checkpoint to umls\grounding.pt
2025-12-04 03:00:19 INFO     loss:    130 282 3.494358 1809.0
2025-12-04 03:00:19 INFO     Save checkpoint to umls\grounding.pt
2025-12-04 03:01:02 INFO     loss:    140 282 3.245513 1957.5
2025-12-04 03:01:02 INFO     Save checkpoint to umls\grounding.pt
2025-12-04 03:01:40 INFO     loss:    150 282 4.103252 1647.0
2025-12-04 03:01:40 INFO     Save checkpoint to umls\grounding.pt
2025-12-04 03:02:14 INFO     loss:    160 282 3.463768 1539.0
2025-12-04 03:02:14 INFO     Save checkpoint to umls\grounding.pt
2025-12-04 03:02:52 INFO     loss:    170 282 3.440726 2119.5
2025-12-04 03:02:52 INFO     Save checkpoint to umls\grounding.pt
2025-12-04 03:03:35 INFO     loss:    180 282 3.273417 2011.5
2025-12-04 03:03:35 INFO     Save checkpoint to umls\grounding.pt
2025-12-04 03:04:23 INFO     loss:    190 282 3.684201 1809.0
2025-12-04 03:04:23 INFO     Save checkpoint to umls\grounding.pt
2025-12-04 03:05:12 INFO     loss:    200 282 3.086117 2079.0
2025-12-04 03:05:12 INFO     Save checkpoint to umls\grounding.pt
2025-12-04 03:05:51 INFO     loss:    210 282 4.179956 1795.5
2025-12-04 03:05:51 INFO     Save checkpoint to umls\grounding.pt
2025-12-04 03:06:28 INFO     loss:    220 282 2.797029 1728.0
2025-12-04 03:06:28 INFO     Save checkpoint to umls\grounding.pt
2025-12-04 03:07:02 INFO     loss:    230 282 2.810329 1458.0
2025-12-04 03:07:02 INFO     Save checkpoint to umls\grounding.pt
2025-12-04 03:07:44 INFO     loss:    240 282 3.461178 1944.0
2025-12-04 03:07:44 INFO     Save checkpoint to umls\grounding.pt
2025-12-04 03:08:18 INFO     loss:    250 282 3.164976 1660.5
2025-12-04 03:08:18 INFO     Save checkpoint to umls\grounding.pt
2025-12-04 03:09:12 INFO     loss:    260 282 3.044927 2079.0
2025-12-04 03:09:12 INFO     Save checkpoint to umls\grounding.pt
2025-12-04 03:09:44 INFO     loss:    270 282 3.396070 2011.5
2025-12-04 03:09:44 INFO     Save checkpoint to umls\grounding.pt
2025-12-04 03:10:28 INFO     loss:    280 282 3.608763 1768.5
2025-12-04 03:10:28 INFO     Save checkpoint to umls\grounding.pt
2025-12-04 03:10:40 INFO     >>>>> Predictor: Evaluating on valid
2025-12-04 03:15:30 INFO     Data : 2612
2025-12-04 03:15:30 INFO     Hit1 : 0.665008
2025-12-04 03:15:30 INFO     Hit3 : 0.851838
2025-12-04 03:15:30 INFO     Hit10: 0.931470
2025-12-04 03:15:30 INFO     MR   : 4.704058
2025-12-04 03:15:30 INFO     MRR  : 0.768988
2025-12-04 03:15:30 INFO     Save checkpoint to umls\grounding.pt
2025-12-04 03:15:35 INFO     -------------------------
2025-12-04 03:15:35 INFO     | Iteration: 7/20
2025-12-04 03:15:35 INFO     -------------------------
2025-12-04 03:16:13 INFO     loss:    10 282 3.219143 1782.0
2025-12-04 03:16:13 INFO     Save checkpoint to umls\grounding.pt
2025-12-04 03:17:02 INFO     loss:    20 282 3.432144 1917.0
2025-12-04 03:17:02 INFO     Save checkpoint to umls\grounding.pt
2025-12-04 03:17:40 INFO     loss:    30 282 2.994457 2079.0
2025-12-04 03:17:40 INFO     Save checkpoint to umls\grounding.pt
2025-12-04 03:18:19 INFO     loss:    40 282 3.651819 1701.0
2025-12-04 03:18:19 INFO     Save checkpoint to umls\grounding.pt
2025-12-04 03:19:02 INFO     loss:    50 282 3.069992 1998.0
2025-12-04 03:19:02 INFO     Save checkpoint to umls\grounding.pt
2025-12-04 03:19:45 INFO     loss:    60 282 3.652536 1984.5
2025-12-04 03:19:45 INFO     Save checkpoint to umls\grounding.pt
2025-12-04 03:20:34 INFO     loss:    70 282 3.724123 2011.5
2025-12-04 03:20:34 INFO     Save checkpoint to umls\grounding.pt
2025-12-04 03:21:18 INFO     loss:    80 282 3.519648 1944.0
2025-12-04 03:21:18 INFO     Save checkpoint to umls\grounding.pt
2025-12-04 03:22:06 INFO     loss:    90 282 3.051553 1957.5
2025-12-04 03:22:06 INFO     Save checkpoint to umls\grounding.pt
2025-12-04 03:22:44 INFO     loss:    100 282 3.319388 1795.5
2025-12-04 03:22:44 INFO     Save checkpoint to umls\grounding.pt
2025-12-04 03:23:28 INFO     loss:    110 282 2.924369 1971.0
2025-12-04 03:23:28 INFO     Save checkpoint to umls\grounding.pt
2025-12-04 03:24:11 INFO     loss:    120 282 3.017739 1903.5
2025-12-04 03:24:11 INFO     Save checkpoint to umls\grounding.pt
2025-12-04 03:24:55 INFO     loss:    130 282 3.452882 1809.0
2025-12-04 03:24:55 INFO     Save checkpoint to umls\grounding.pt
2025-12-04 03:25:33 INFO     loss:    140 282 3.167918 1957.5
2025-12-04 03:25:33 INFO     Save checkpoint to umls\grounding.pt
2025-12-04 03:26:12 INFO     loss:    150 282 4.022505 1647.0
2025-12-04 03:26:12 INFO     Save checkpoint to umls\grounding.pt
2025-12-04 03:26:49 INFO     loss:    160 282 3.357971 1539.0
2025-12-04 03:26:49 INFO     Save checkpoint to umls\grounding.pt
2025-12-04 03:27:22 INFO     loss:    170 282 3.410590 2119.5
2025-12-04 03:27:22 INFO     Save checkpoint to umls\grounding.pt
2025-12-04 03:28:06 INFO     loss:    180 282 3.214978 2011.5
2025-12-04 03:28:06 INFO     Save checkpoint to umls\grounding.pt
2025-12-04 03:28:54 INFO     loss:    190 282 3.602269 1809.0
2025-12-04 03:28:54 INFO     Save checkpoint to umls\grounding.pt
2025-12-04 03:29:43 INFO     loss:    200 282 2.978268 2079.0
2025-12-04 03:29:43 INFO     Save checkpoint to umls\grounding.pt
2025-12-04 03:30:22 INFO     loss:    210 282 4.069308 1795.5
2025-12-04 03:30:22 INFO     Save checkpoint to umls\grounding.pt
2025-12-04 03:31:00 INFO     loss:    220 282 2.687360 1728.0
2025-12-04 03:31:00 INFO     Save checkpoint to umls\grounding.pt
2025-12-04 03:31:38 INFO     loss:    230 282 2.759293 1458.0
2025-12-04 03:31:38 INFO     Save checkpoint to umls\grounding.pt
2025-12-04 03:32:16 INFO     loss:    240 282 3.420762 1944.0
2025-12-04 03:32:16 INFO     Save checkpoint to umls\grounding.pt
2025-12-04 03:32:48 INFO     loss:    250 282 3.109163 1660.5
2025-12-04 03:32:48 INFO     Save checkpoint to umls\grounding.pt
2025-12-04 03:33:42 INFO     loss:    260 282 3.000925 2079.0
2025-12-04 03:33:42 INFO     Save checkpoint to umls\grounding.pt
2025-12-04 03:34:15 INFO     loss:    270 282 3.360854 2011.5
2025-12-04 03:34:15 INFO     Save checkpoint to umls\grounding.pt
2025-12-04 03:34:58 INFO     loss:    280 282 3.473696 1768.5
2025-12-04 03:34:58 INFO     Save checkpoint to umls\grounding.pt
2025-12-04 03:35:10 INFO     >>>>> Predictor: Evaluating on valid
2025-12-04 03:39:55 INFO     Data : 2612
2025-12-04 03:39:55 INFO     Hit1 : 0.678790
2025-12-04 03:39:55 INFO     Hit3 : 0.857580
2025-12-04 03:39:55 INFO     Hit10: 0.933767
2025-12-04 03:39:55 INFO     MR   : 4.559342
2025-12-04 03:39:55 INFO     MRR  : 0.778497
2025-12-04 03:39:55 INFO     Save checkpoint to umls\grounding.pt
2025-12-04 03:40:00 INFO     -------------------------
2025-12-04 03:40:00 INFO     | Iteration: 8/20
2025-12-04 03:40:00 INFO     -------------------------
2025-12-04 03:40:40 INFO     loss:    10 282 3.178437 1782.0
2025-12-04 03:40:40 INFO     Save checkpoint to umls\grounding.pt
2025-12-04 03:41:29 INFO     loss:    20 282 3.397564 1917.0
2025-12-04 03:41:29 INFO     Save checkpoint to umls\grounding.pt
2025-12-04 03:42:06 INFO     loss:    30 282 2.945829 2079.0
2025-12-04 03:42:06 INFO     Save checkpoint to umls\grounding.pt
2025-12-04 03:42:44 INFO     loss:    40 282 3.589762 1701.0
2025-12-04 03:42:44 INFO     Save checkpoint to umls\grounding.pt
2025-12-04 03:43:29 INFO     loss:    50 282 3.034780 1998.0
2025-12-04 03:43:29 INFO     Save checkpoint to umls\grounding.pt
2025-12-04 03:44:07 INFO     loss:    60 282 3.457665 1984.5
2025-12-04 03:44:07 INFO     Save checkpoint to umls\grounding.pt
2025-12-04 03:44:55 INFO     loss:    70 282 3.633256 2011.5
2025-12-04 03:44:55 INFO     Save checkpoint to umls\grounding.pt
2025-12-04 03:45:39 INFO     loss:    80 282 3.489321 1944.0
2025-12-04 03:45:39 INFO     Save checkpoint to umls\grounding.pt
2025-12-04 03:46:23 INFO     loss:    90 282 2.999797 1957.5
2025-12-04 03:46:23 INFO     Save checkpoint to umls\grounding.pt
2025-12-04 03:47:01 INFO     loss:    100 282 3.081413 1795.5
2025-12-04 03:47:01 INFO     Save checkpoint to umls\grounding.pt
2025-12-04 03:47:44 INFO     loss:    110 282 2.873020 1971.0
2025-12-04 03:47:44 INFO     Save checkpoint to umls\grounding.pt
2025-12-04 03:48:27 INFO     loss:    120 282 2.963557 1903.5
2025-12-04 03:48:27 INFO     Save checkpoint to umls\grounding.pt
2025-12-04 03:49:11 INFO     loss:    130 282 3.425417 1809.0
2025-12-04 03:49:11 INFO     Save checkpoint to umls\grounding.pt
2025-12-04 03:49:49 INFO     loss:    140 282 3.120778 1957.5
2025-12-04 03:49:49 INFO     Save checkpoint to umls\grounding.pt
2025-12-04 03:50:27 INFO     loss:    150 282 3.949038 1647.0
2025-12-04 03:50:27 INFO     Save checkpoint to umls\grounding.pt
2025-12-04 03:51:00 INFO     loss:    160 282 3.276262 1539.0
2025-12-04 03:51:00 INFO     Save checkpoint to umls\grounding.pt
2025-12-04 03:51:32 INFO     loss:    170 282 3.383810 2119.5
2025-12-04 03:51:32 INFO     Save checkpoint to umls\grounding.pt
2025-12-04 03:52:16 INFO     loss:    180 282 3.180382 2011.5
2025-12-04 03:52:16 INFO     Save checkpoint to umls\grounding.pt
2025-12-04 03:53:04 INFO     loss:    190 282 3.545640 1809.0
2025-12-04 03:53:04 INFO     Save checkpoint to umls\grounding.pt
2025-12-04 03:53:54 INFO     loss:    200 282 2.908547 2079.0
2025-12-04 03:53:54 INFO     Save checkpoint to umls\grounding.pt
2025-12-04 03:54:32 INFO     loss:    210 282 3.962102 1795.5
2025-12-04 03:54:32 INFO     Save checkpoint to umls\grounding.pt
2025-12-04 03:55:09 INFO     loss:    220 282 2.618746 1728.0
2025-12-04 03:55:09 INFO     Save checkpoint to umls\grounding.pt
2025-12-04 03:55:43 INFO     loss:    230 282 2.725947 1458.0
2025-12-04 03:55:43 INFO     Save checkpoint to umls\grounding.pt
2025-12-04 03:56:20 INFO     loss:    240 282 3.392068 1944.0
2025-12-04 03:56:20 INFO     Save checkpoint to umls\grounding.pt
2025-12-04 03:56:53 INFO     loss:    250 282 3.074592 1660.5
2025-12-04 03:56:53 INFO     Save checkpoint to umls\grounding.pt
2025-12-04 03:57:47 INFO     loss:    260 282 2.968982 2079.0
2025-12-04 03:57:47 INFO     Save checkpoint to umls\grounding.pt
2025-12-04 03:58:20 INFO     loss:    270 282 3.332412 2011.5
2025-12-04 03:58:20 INFO     Save checkpoint to umls\grounding.pt
2025-12-04 03:59:03 INFO     loss:    280 282 3.341049 1768.5
2025-12-04 03:59:03 INFO     Save checkpoint to umls\grounding.pt
2025-12-04 03:59:19 INFO     >>>>> Predictor: Evaluating on valid
2025-12-04 04:04:09 INFO     Data : 2612
2025-12-04 04:04:09 INFO     Hit1 : 0.690276
2025-12-04 04:04:09 INFO     Hit3 : 0.864089
2025-12-04 04:04:09 INFO     Hit10: 0.939510
2025-12-04 04:04:09 INFO     MR   : 4.445253
2025-12-04 04:04:09 INFO     MRR  : 0.786820
2025-12-04 04:04:09 INFO     Save checkpoint to umls\grounding.pt
2025-12-04 04:04:14 INFO     -------------------------
2025-12-04 04:04:14 INFO     | Iteration: 9/20
2025-12-04 04:04:14 INFO     -------------------------
2025-12-04 04:04:53 INFO     loss:    10 282 3.154319 1782.0
2025-12-04 04:04:53 INFO     Save checkpoint to umls\grounding.pt
2025-12-04 04:05:42 INFO     loss:    20 282 3.373928 1917.0
2025-12-04 04:05:42 INFO     Save checkpoint to umls\grounding.pt
2025-12-04 04:06:20 INFO     loss:    30 282 2.920276 2079.0
2025-12-04 04:06:20 INFO     Save checkpoint to umls\grounding.pt
2025-12-04 04:06:58 INFO     loss:    40 282 3.548177 1701.0
2025-12-04 04:06:58 INFO     Save checkpoint to umls\grounding.pt
2025-12-04 04:07:42 INFO     loss:    50 282 3.006287 1998.0
2025-12-04 04:07:42 INFO     Save checkpoint to umls\grounding.pt
2025-12-04 04:08:25 INFO     loss:    60 282 3.269659 1984.5
2025-12-04 04:08:25 INFO     Save checkpoint to umls\grounding.pt
2025-12-04 04:09:13 INFO     loss:    70 282 3.556988 2011.5
2025-12-04 04:09:13 INFO     Save checkpoint to umls\grounding.pt
2025-12-04 04:09:57 INFO     loss:    80 282 3.466601 1944.0
2025-12-04 04:09:57 INFO     Save checkpoint to umls\grounding.pt
2025-12-04 04:10:41 INFO     loss:    90 282 2.965835 1957.5
2025-12-04 04:10:41 INFO     Save checkpoint to umls\grounding.pt
2025-12-04 04:11:19 INFO     loss:    100 282 2.857862 1795.5
2025-12-04 04:11:19 INFO     Save checkpoint to umls\grounding.pt
2025-12-04 04:12:03 INFO     loss:    110 282 2.834159 1971.0
2025-12-04 04:12:03 INFO     Save checkpoint to umls\grounding.pt
2025-12-04 04:12:46 INFO     loss:    120 282 2.925638 1903.5
2025-12-04 04:12:46 INFO     Save checkpoint to umls\grounding.pt
2025-12-04 04:13:25 INFO     loss:    130 282 3.407221 1809.0
2025-12-04 04:13:25 INFO     Save checkpoint to umls\grounding.pt
2025-12-04 04:14:07 INFO     loss:    140 282 3.089422 1957.5
2025-12-04 04:14:07 INFO     Save checkpoint to umls\grounding.pt
2025-12-04 04:14:46 INFO     loss:    150 282 3.883009 1647.0
2025-12-04 04:14:46 INFO     Save checkpoint to umls\grounding.pt
2025-12-04 04:15:19 INFO     loss:    160 282 3.209990 1539.0
2025-12-04 04:15:19 INFO     Save checkpoint to umls\grounding.pt
2025-12-04 04:15:57 INFO     loss:    170 282 3.358288 2119.5
2025-12-04 04:15:57 INFO     Save checkpoint to umls\grounding.pt
2025-12-04 04:16:40 INFO     loss:    180 282 3.156198 2011.5
2025-12-04 04:16:40 INFO     Save checkpoint to umls\grounding.pt
2025-12-04 04:17:28 INFO     loss:    190 282 3.505555 1809.0
2025-12-04 04:17:28 INFO     Save checkpoint to umls\grounding.pt
2025-12-04 04:18:18 INFO     loss:    200 282 2.862878 2079.0
2025-12-04 04:18:18 INFO     Save checkpoint to umls\grounding.pt
2025-12-04 04:18:56 INFO     loss:    210 282 3.859148 1795.5
2025-12-04 04:18:56 INFO     Save checkpoint to umls\grounding.pt
2025-12-04 04:19:33 INFO     loss:    220 282 2.574498 1728.0
2025-12-04 04:19:33 INFO     Save checkpoint to umls\grounding.pt
2025-12-04 04:20:12 INFO     loss:    230 282 2.701786 1458.0
2025-12-04 04:20:12 INFO     Save checkpoint to umls\grounding.pt
2025-12-04 04:20:50 INFO     loss:    240 282 3.368800 1944.0
2025-12-04 04:20:50 INFO     Save checkpoint to umls\grounding.pt
2025-12-04 04:21:22 INFO     loss:    250 282 3.052674 1660.5
2025-12-04 04:21:22 INFO     Save checkpoint to umls\grounding.pt
2025-12-04 04:22:16 INFO     loss:    260 282 2.945514 2079.0
2025-12-04 04:22:16 INFO     Save checkpoint to umls\grounding.pt
2025-12-04 04:22:44 INFO     loss:    270 282 3.307716 2011.5
2025-12-04 04:22:44 INFO     Save checkpoint to umls\grounding.pt
2025-12-04 04:23:32 INFO     loss:    280 282 3.208482 1768.5
2025-12-04 04:23:32 INFO     Save checkpoint to umls\grounding.pt
2025-12-04 04:23:44 INFO     >>>>> Predictor: Evaluating on valid
2025-12-04 04:28:34 INFO     Data : 2612
2025-12-04 04:28:34 INFO     Hit1 : 0.698315
2025-12-04 04:28:34 INFO     Hit3 : 0.870980
2025-12-04 04:28:34 INFO     Hit10: 0.944487
2025-12-04 04:28:34 INFO     MR   : 4.344564
2025-12-04 04:28:34 INFO     MRR  : 0.793736
2025-12-04 04:28:34 INFO     Save checkpoint to umls\grounding.pt
2025-12-04 04:28:34 INFO     -------------------------
2025-12-04 04:28:34 INFO     | Iteration: 10/20
2025-12-04 04:28:34 INFO     -------------------------
2025-12-04 04:29:13 INFO     loss:    10 282 3.138129 1782.0
2025-12-04 04:29:13 INFO     Save checkpoint to umls\grounding.pt
2025-12-04 04:30:02 INFO     loss:    20 282 3.355667 1917.0
2025-12-04 04:30:02 INFO     Save checkpoint to umls\grounding.pt
2025-12-04 04:30:36 INFO     loss:    30 282 2.905566 2079.0
2025-12-04 04:30:36 INFO     Save checkpoint to umls\grounding.pt
2025-12-04 04:31:13 INFO     loss:    40 282 3.519289 1701.0
2025-12-04 04:31:13 INFO     Save checkpoint to umls\grounding.pt
2025-12-04 04:31:57 INFO     loss:    50 282 2.982168 1998.0
2025-12-04 04:31:57 INFO     Save checkpoint to umls\grounding.pt
2025-12-04 04:32:40 INFO     loss:    60 282 3.090322 1984.5
2025-12-04 04:32:40 INFO     Save checkpoint to umls\grounding.pt
2025-12-04 04:33:29 INFO     loss:    70 282 3.493021 2011.5
2025-12-04 04:33:29 INFO     Save checkpoint to umls\grounding.pt
2025-12-04 04:34:12 INFO     loss:    80 282 3.449286 1944.0
2025-12-04 04:34:12 INFO     Save checkpoint to umls\grounding.pt
2025-12-04 04:34:57 INFO     loss:    90 282 2.941842 1957.5
2025-12-04 04:34:57 INFO     Save checkpoint to umls\grounding.pt
2025-12-04 04:35:39 INFO     loss:    100 282 2.650866 1795.5
2025-12-04 04:35:39 INFO     Save checkpoint to umls\grounding.pt
2025-12-04 04:36:23 INFO     loss:    110 282 2.802348 1971.0
2025-12-04 04:36:23 INFO     Save checkpoint to umls\grounding.pt
2025-12-04 04:37:07 INFO     loss:    120 282 2.896751 1903.5
2025-12-04 04:37:07 INFO     Save checkpoint to umls\grounding.pt
2025-12-04 04:37:50 INFO     loss:    130 282 3.394858 1809.0
2025-12-04 04:37:50 INFO     Save checkpoint to umls\grounding.pt
2025-12-04 04:38:33 INFO     loss:    140 282 3.066190 1957.5
2025-12-04 04:38:33 INFO     Save checkpoint to umls\grounding.pt
2025-12-04 04:39:11 INFO     loss:    150 282 3.824820 1647.0
2025-12-04 04:39:11 INFO     Save checkpoint to umls\grounding.pt
2025-12-04 04:39:49 INFO     loss:    160 282 3.153331 1539.0
2025-12-04 04:39:49 INFO     Save checkpoint to umls\grounding.pt
2025-12-04 04:40:22 INFO     loss:    170 282 3.334137 2119.5
2025-12-04 04:40:22 INFO     Save checkpoint to umls\grounding.pt
2025-12-04 04:41:06 INFO     loss:    180 282 3.135290 2011.5
2025-12-04 04:41:06 INFO     Save checkpoint to umls\grounding.pt
2025-12-04 04:41:55 INFO     loss:    190 282 3.475476 1809.0
2025-12-04 04:41:55 INFO     Save checkpoint to umls\grounding.pt
2025-12-04 04:42:44 INFO     loss:    200 282 2.831187 2079.0
2025-12-04 04:42:44 INFO     Save checkpoint to umls\grounding.pt
2025-12-04 04:43:22 INFO     loss:    210 282 3.761203 1795.5
2025-12-04 04:43:22 INFO     Save checkpoint to umls\grounding.pt
2025-12-04 04:44:00 INFO     loss:    220 282 2.544822 1728.0
2025-12-04 04:44:00 INFO     Save checkpoint to umls\grounding.pt
2025-12-04 04:44:38 INFO     loss:    230 282 2.682179 1458.0
2025-12-04 04:44:38 INFO     Save checkpoint to umls\grounding.pt
2025-12-04 04:45:16 INFO     loss:    240 282 3.348182 1944.0
2025-12-04 04:45:16 INFO     Save checkpoint to umls\grounding.pt
2025-12-04 04:45:49 INFO     loss:    250 282 3.038334 1660.5
2025-12-04 04:45:49 INFO     Save checkpoint to umls\grounding.pt
2025-12-04 04:46:43 INFO     loss:    260 282 2.927935 2079.0
2025-12-04 04:46:43 INFO     Save checkpoint to umls\grounding.pt
2025-12-04 04:47:15 INFO     loss:    270 282 3.285674 2011.5
2025-12-04 04:47:15 INFO     Save checkpoint to umls\grounding.pt
2025-12-04 04:47:59 INFO     loss:    280 282 3.073426 1768.5
2025-12-04 04:47:59 INFO     Save checkpoint to umls\grounding.pt
2025-12-04 04:48:11 INFO     >>>>> Predictor: Evaluating on valid
2025-12-04 04:53:01 INFO     Data : 2612
2025-12-04 04:53:01 INFO     Hit1 : 0.707504
2025-12-04 04:53:01 INFO     Hit3 : 0.875957
2025-12-04 04:53:01 INFO     Hit10: 0.947167
2025-12-04 04:53:01 INFO     MR   : 4.268760
2025-12-04 04:53:01 INFO     MRR  : 0.800063
2025-12-04 04:53:01 INFO     Save checkpoint to umls\grounding.pt
2025-12-04 04:53:02 INFO     -------------------------
2025-12-04 04:53:02 INFO     | Iteration: 11/20
2025-12-04 04:53:02 INFO     -------------------------
2025-12-04 04:53:41 INFO     loss:    10 282 3.125244 1782.0
2025-12-04 04:53:41 INFO     Save checkpoint to umls\grounding.pt
2025-12-04 04:54:30 INFO     loss:    20 282 3.339966 1917.0
2025-12-04 04:54:30 INFO     Save checkpoint to umls\grounding.pt
2025-12-04 04:55:08 INFO     loss:    30 282 2.894845 2079.0
2025-12-04 04:55:08 INFO     Save checkpoint to umls\grounding.pt
2025-12-04 04:55:42 INFO     loss:    40 282 3.497708 1701.0
2025-12-04 04:55:42 INFO     Save checkpoint to umls\grounding.pt
2025-12-04 04:56:30 INFO     loss:    50 282 2.961538 1998.0
2025-12-04 04:56:30 INFO     Save checkpoint to umls\grounding.pt
2025-12-04 04:57:08 INFO     loss:    60 282 2.920753 1984.5
2025-12-04 04:57:08 INFO     Save checkpoint to umls\grounding.pt
2025-12-04 04:57:58 INFO     loss:    70 282 3.439845 2011.5
2025-12-04 04:57:58 INFO     Save checkpoint to umls\grounding.pt
2025-12-04 04:58:41 INFO     loss:    80 282 3.435861 1944.0
2025-12-04 04:58:41 INFO     Save checkpoint to umls\grounding.pt
2025-12-04 04:59:25 INFO     loss:    90 282 2.923194 1957.5
2025-12-04 04:59:25 INFO     Save checkpoint to umls\grounding.pt
2025-12-04 05:00:03 INFO     loss:    100 282 2.460727 1795.5
2025-12-04 05:00:03 INFO     Save checkpoint to umls\grounding.pt
2025-12-04 05:00:46 INFO     loss:    110 282 2.774368 1971.0
2025-12-04 05:00:46 INFO     Save checkpoint to umls\grounding.pt
2025-12-04 05:01:29 INFO     loss:    120 282 2.872876 1903.5
2025-12-04 05:01:29 INFO     Save checkpoint to umls\grounding.pt
2025-12-04 05:02:13 INFO     loss:    130 282 3.385841 1809.0
2025-12-04 05:02:13 INFO     Save checkpoint to umls\grounding.pt
2025-12-04 05:02:52 INFO     loss:    140 282 3.047185 1957.5
2025-12-04 05:02:52 INFO     Save checkpoint to umls\grounding.pt
2025-12-04 05:03:30 INFO     loss:    150 282 3.773826 1647.0
2025-12-04 05:03:30 INFO     Save checkpoint to umls\grounding.pt
2025-12-04 05:04:03 INFO     loss:    160 282 3.102918 1539.0
2025-12-04 05:04:03 INFO     Save checkpoint to umls\grounding.pt
2025-12-04 05:04:35 INFO     loss:    170 282 3.312331 2119.5
2025-12-04 05:04:35 INFO     Save checkpoint to umls\grounding.pt
2025-12-04 05:05:19 INFO     loss:    180 282 3.114021 2011.5
2025-12-04 05:05:19 INFO     Save checkpoint to umls\grounding.pt
2025-12-04 05:06:07 INFO     loss:    190 282 3.450978 1809.0
2025-12-04 05:06:07 INFO     Save checkpoint to umls\grounding.pt
2025-12-04 05:06:57 INFO     loss:    200 282 2.806829 2079.0
2025-12-04 05:06:57 INFO     Save checkpoint to umls\grounding.pt
2025-12-04 05:07:34 INFO     loss:    210 282 3.669038 1795.5
2025-12-04 05:07:34 INFO     Save checkpoint to umls\grounding.pt
2025-12-04 05:08:12 INFO     loss:    220 282 2.523968 1728.0
2025-12-04 05:08:12 INFO     Save checkpoint to umls\grounding.pt
2025-12-04 05:08:50 INFO     loss:    230 282 2.664492 1458.0
2025-12-04 05:08:50 INFO     Save checkpoint to umls\grounding.pt
2025-12-04 05:09:28 INFO     loss:    240 282 3.329137 1944.0
2025-12-04 05:09:28 INFO     Save checkpoint to umls\grounding.pt
2025-12-04 05:10:01 INFO     loss:    250 282 3.028386 1660.5
2025-12-04 05:10:01 INFO     Save checkpoint to umls\grounding.pt
2025-12-04 05:10:55 INFO     loss:    260 282 2.914155 2079.0
2025-12-04 05:10:55 INFO     Save checkpoint to umls\grounding.pt
2025-12-04 05:11:27 INFO     loss:    270 282 3.265853 2011.5
2025-12-04 05:11:27 INFO     Save checkpoint to umls\grounding.pt
2025-12-04 05:12:11 INFO     loss:    280 282 2.934868 1768.5
2025-12-04 05:12:11 INFO     Save checkpoint to umls\grounding.pt
2025-12-04 05:12:23 INFO     >>>>> Predictor: Evaluating on valid
2025-12-04 05:17:12 INFO     Data : 2612
2025-12-04 05:17:12 INFO     Hit1 : 0.717075
2025-12-04 05:17:12 INFO     Hit3 : 0.878637
2025-12-04 05:17:12 INFO     Hit10: 0.947167
2025-12-04 05:17:12 INFO     MR   : 4.207504
2025-12-04 05:17:12 INFO     MRR  : 0.806600
2025-12-04 05:17:12 INFO     Save checkpoint to umls\grounding.pt
2025-12-04 05:17:13 INFO     -------------------------
2025-12-04 05:17:13 INFO     | Iteration: 12/20
2025-12-04 05:17:13 INFO     -------------------------
2025-12-04 05:17:52 INFO     loss:    10 282 3.113486 1782.0
2025-12-04 05:17:52 INFO     Save checkpoint to umls\grounding.pt
2025-12-04 05:18:42 INFO     loss:    20 282 3.325425 1917.0
2025-12-04 05:18:42 INFO     Save checkpoint to umls\grounding.pt
2025-12-04 05:19:19 INFO     loss:    30 282 2.884501 2079.0
2025-12-04 05:19:19 INFO     Save checkpoint to umls\grounding.pt
2025-12-04 05:19:57 INFO     loss:    40 282 3.479829 1701.0
2025-12-04 05:19:57 INFO     Save checkpoint to umls\grounding.pt
2025-12-04 05:20:46 INFO     loss:    50 282 2.943773 1998.0
2025-12-04 05:20:46 INFO     Save checkpoint to umls\grounding.pt
2025-12-04 05:21:24 INFO     loss:    60 282 2.761818 1984.5
2025-12-04 05:21:24 INFO     Save checkpoint to umls\grounding.pt
2025-12-04 05:22:13 INFO     loss:    70 282 3.396352 2011.5
2025-12-04 05:22:13 INFO     Save checkpoint to umls\grounding.pt
2025-12-04 05:22:57 INFO     loss:    80 282 3.425122 1944.0
2025-12-04 05:22:57 INFO     Save checkpoint to umls\grounding.pt
2025-12-04 05:23:41 INFO     loss:    90 282 2.907169 1957.5
2025-12-04 05:23:41 INFO     Save checkpoint to umls\grounding.pt
2025-12-04 05:24:19 INFO     loss:    100 282 2.286520 1795.5
2025-12-04 05:24:19 INFO     Save checkpoint to umls\grounding.pt
2025-12-04 05:25:03 INFO     loss:    110 282 2.748300 1971.0
2025-12-04 05:25:03 INFO     Save checkpoint to umls\grounding.pt
2025-12-04 05:25:46 INFO     loss:    120 282 2.851912 1903.5
2025-12-04 05:25:46 INFO     Save checkpoint to umls\grounding.pt
2025-12-04 05:26:30 INFO     loss:    130 282 3.378583 1809.0
2025-12-04 05:26:30 INFO     Save checkpoint to umls\grounding.pt
2025-12-04 05:27:08 INFO     loss:    140 282 3.030549 1957.5
2025-12-04 05:27:08 INFO     Save checkpoint to umls\grounding.pt
2025-12-04 05:27:51 INFO     loss:    150 282 3.729029 1647.0
2025-12-04 05:27:51 INFO     Save checkpoint to umls\grounding.pt
2025-12-04 05:28:29 INFO     loss:    160 282 3.056768 1539.0
2025-12-04 05:28:29 INFO     Save checkpoint to umls\grounding.pt
2025-12-04 05:29:03 INFO     loss:    170 282 3.293703 2119.5
2025-12-04 05:29:03 INFO     Save checkpoint to umls\grounding.pt
2025-12-04 05:29:45 INFO     loss:    180 282 3.090718 2011.5
2025-12-04 05:29:45 INFO     Save checkpoint to umls\grounding.pt
2025-12-04 05:30:34 INFO     loss:    190 282 3.429217 1809.0
2025-12-04 05:30:34 INFO     Save checkpoint to umls\grounding.pt
2025-12-04 05:31:24 INFO     loss:    200 282 2.785521 2079.0
2025-12-04 05:31:24 INFO     Save checkpoint to umls\grounding.pt
2025-12-04 05:32:06 INFO     loss:    210 282 3.583200 1795.5
2025-12-04 05:32:06 INFO     Save checkpoint to umls\grounding.pt
2025-12-04 05:32:40 INFO     loss:    220 282 2.508358 1728.0
2025-12-04 05:32:40 INFO     Save checkpoint to umls\grounding.pt
2025-12-04 05:33:17 INFO     loss:    230 282 2.647245 1458.0
2025-12-04 05:33:17 INFO     Save checkpoint to umls\grounding.pt
2025-12-04 05:33:55 INFO     loss:    240 282 3.311287 1944.0
2025-12-04 05:33:55 INFO     Save checkpoint to umls\grounding.pt
2025-12-04 05:34:28 INFO     loss:    250 282 3.020730 1660.5
2025-12-04 05:34:28 INFO     Save checkpoint to umls\grounding.pt
2025-12-04 05:35:22 INFO     loss:    260 282 2.902520 2079.0
2025-12-04 05:35:22 INFO     Save checkpoint to umls\grounding.pt
2025-12-04 05:35:55 INFO     loss:    270 282 3.247965 2011.5
2025-12-04 05:35:55 INFO     Save checkpoint to umls\grounding.pt
2025-12-04 05:36:38 INFO     loss:    280 282 2.793489 1768.5
2025-12-04 05:36:38 INFO     Save checkpoint to umls\grounding.pt
2025-12-04 05:36:49 INFO     >>>>> Predictor: Evaluating on valid
2025-12-04 05:41:40 INFO     Data : 2612
2025-12-04 05:41:40 INFO     Hit1 : 0.724349
2025-12-04 05:41:40 INFO     Hit3 : 0.882083
2025-12-04 05:41:40 INFO     Hit10: 0.948698
2025-12-04 05:41:40 INFO     MR   : 4.150842
2025-12-04 05:41:40 INFO     MRR  : 0.811601
2025-12-04 05:41:40 INFO     Save checkpoint to umls\grounding.pt
2025-12-04 05:41:45 INFO     -------------------------
2025-12-04 05:41:45 INFO     | Iteration: 13/20
2025-12-04 05:41:45 INFO     -------------------------
2025-12-04 05:42:24 INFO     loss:    10 282 3.101918 1782.0
2025-12-04 05:42:24 INFO     Save checkpoint to umls\grounding.pt
2025-12-04 05:43:14 INFO     loss:    20 282 3.311486 1917.0
2025-12-04 05:43:14 INFO     Save checkpoint to umls\grounding.pt
2025-12-04 05:43:51 INFO     loss:    30 282 2.872584 2079.0
2025-12-04 05:43:51 INFO     Save checkpoint to umls\grounding.pt
2025-12-04 05:44:29 INFO     loss:    40 282 3.463464 1701.0
2025-12-04 05:44:29 INFO     Save checkpoint to umls\grounding.pt
2025-12-04 05:45:13 INFO     loss:    50 282 2.928003 1998.0
2025-12-04 05:45:13 INFO     Save checkpoint to umls\grounding.pt
2025-12-04 05:45:56 INFO     loss:    60 282 2.613492 1984.5
2025-12-04 05:45:56 INFO     Save checkpoint to umls\grounding.pt
2025-12-04 05:46:45 INFO     loss:    70 282 3.361513 2011.5
2025-12-04 05:46:45 INFO     Save checkpoint to umls\grounding.pt
2025-12-04 05:47:29 INFO     loss:    80 282 3.416096 1944.0
2025-12-04 05:47:29 INFO     Save checkpoint to umls\grounding.pt
2025-12-04 05:48:12 INFO     loss:    90 282 2.892267 1957.5
2025-12-04 05:48:12 INFO     Save checkpoint to umls\grounding.pt
2025-12-04 05:48:50 INFO     loss:    100 282 2.126447 1795.5
2025-12-04 05:48:50 INFO     Save checkpoint to umls\grounding.pt
2025-12-04 05:49:34 INFO     loss:    110 282 2.722989 1971.0
2025-12-04 05:49:34 INFO     Save checkpoint to umls\grounding.pt
2025-12-04 05:50:17 INFO     loss:    120 282 2.832732 1903.5
2025-12-04 05:50:17 INFO     Save checkpoint to umls\grounding.pt
2025-12-04 05:51:01 INFO     loss:    130 282 3.372034 1809.0
2025-12-04 05:51:01 INFO     Save checkpoint to umls\grounding.pt
2025-12-04 05:51:39 INFO     loss:    140 282 3.015417 1957.5
2025-12-04 05:51:39 INFO     Save checkpoint to umls\grounding.pt
2025-12-04 05:52:18 INFO     loss:    150 282 3.689407 1647.0
2025-12-04 05:52:18 INFO     Save checkpoint to umls\grounding.pt
2025-12-04 05:52:50 INFO     loss:    160 282 3.013515 1539.0
2025-12-04 05:52:50 INFO     Save checkpoint to umls\grounding.pt
2025-12-04 05:53:27 INFO     loss:    170 282 3.278466 2119.5
2025-12-04 05:53:27 INFO     Save checkpoint to umls\grounding.pt
2025-12-04 05:54:11 INFO     loss:    180 282 3.064844 2011.5
2025-12-04 05:54:11 INFO     Save checkpoint to umls\grounding.pt
2025-12-04 05:55:00 INFO     loss:    190 282 3.408534 1809.0
2025-12-04 05:55:00 INFO     Save checkpoint to umls\grounding.pt
2025-12-04 05:55:49 INFO     loss:    200 282 2.764764 2079.0
2025-12-04 05:55:49 INFO     Save checkpoint to umls\grounding.pt
2025-12-04 05:56:28 INFO     loss:    210 282 3.503841 1795.5
2025-12-04 05:56:28 INFO     Save checkpoint to umls\grounding.pt
2025-12-04 05:57:05 INFO     loss:    220 282 2.495574 1728.0
2025-12-04 05:57:05 INFO     Save checkpoint to umls\grounding.pt
2025-12-04 05:57:43 INFO     loss:    230 282 2.629608 1458.0
2025-12-04 05:57:43 INFO     Save checkpoint to umls\grounding.pt
2025-12-04 05:58:22 INFO     loss:    240 282 3.294580 1944.0
2025-12-04 05:58:22 INFO     Save checkpoint to umls\grounding.pt
2025-12-04 05:58:54 INFO     loss:    250 282 3.013932 1660.5
2025-12-04 05:58:54 INFO     Save checkpoint to umls\grounding.pt
2025-12-04 05:59:48 INFO     loss:    260 282 2.891883 2079.0
2025-12-04 05:59:48 INFO     Save checkpoint to umls\grounding.pt
2025-12-04 06:00:20 INFO     loss:    270 282 3.231709 2011.5
2025-12-04 06:00:20 INFO     Save checkpoint to umls\grounding.pt
2025-12-04 06:01:00 INFO     loss:    280 282 2.648694 1768.5
2025-12-04 06:01:00 INFO     Save checkpoint to umls\grounding.pt
2025-12-04 06:01:15 INFO     >>>>> Predictor: Evaluating on valid
2025-12-04 06:06:00 INFO     Data : 2612
2025-12-04 06:06:00 INFO     Hit1 : 0.727412
2025-12-04 06:06:00 INFO     Hit3 : 0.885911
2025-12-04 06:06:00 INFO     Hit10: 0.948698
2025-12-04 06:06:00 INFO     MR   : 4.118683
2025-12-04 06:06:00 INFO     MRR  : 0.814395
2025-12-04 06:06:00 INFO     Save checkpoint to umls\grounding.pt
2025-12-04 06:06:05 INFO     -------------------------
2025-12-04 06:06:05 INFO     | Iteration: 14/20
2025-12-04 06:06:05 INFO     -------------------------
2025-12-04 06:06:43 INFO     loss:    10 282 3.090145 1782.0
2025-12-04 06:06:43 INFO     Save checkpoint to umls\grounding.pt
2025-12-04 06:07:33 INFO     loss:    20 282 3.298117 1917.0
2025-12-04 06:07:33 INFO     Save checkpoint to umls\grounding.pt
2025-12-04 06:08:11 INFO     loss:    30 282 2.858110 2079.0
2025-12-04 06:08:11 INFO     Save checkpoint to umls\grounding.pt
2025-12-04 06:08:49 INFO     loss:    40 282 3.447488 1701.0
2025-12-04 06:08:49 INFO     Save checkpoint to umls\grounding.pt
2025-12-04 06:09:38 INFO     loss:    50 282 2.913215 1998.0
2025-12-04 06:09:38 INFO     Save checkpoint to umls\grounding.pt
2025-12-04 06:10:16 INFO     loss:    60 282 2.475343 1984.5
2025-12-04 06:10:16 INFO     Save checkpoint to umls\grounding.pt
2025-12-04 06:11:05 INFO     loss:    70 282 3.334409 2011.5
2025-12-04 06:11:05 INFO     Save checkpoint to umls\grounding.pt
2025-12-04 06:11:49 INFO     loss:    80 282 3.408077 1944.0
2025-12-04 06:11:49 INFO     Save checkpoint to umls\grounding.pt
2025-12-04 06:12:32 INFO     loss:    90 282 2.877668 1957.5
2025-12-04 06:12:32 INFO     Save checkpoint to umls\grounding.pt
2025-12-04 06:13:10 INFO     loss:    100 282 1.978307 1795.5
2025-12-04 06:13:10 INFO     Save checkpoint to umls\grounding.pt
2025-12-04 06:13:54 INFO     loss:    110 282 2.697691 1971.0
2025-12-04 06:13:54 INFO     Save checkpoint to umls\grounding.pt
2025-12-04 06:14:37 INFO     loss:    120 282 2.814714 1903.5
2025-12-04 06:14:37 INFO     Save checkpoint to umls\grounding.pt
2025-12-04 06:15:20 INFO     loss:    130 282 3.365695 1809.0
2025-12-04 06:15:20 INFO     Save checkpoint to umls\grounding.pt
2025-12-04 06:15:59 INFO     loss:    140 282 3.001449 1957.5
2025-12-04 06:15:59 INFO     Save checkpoint to umls\grounding.pt
2025-12-04 06:16:43 INFO     loss:    150 282 3.654028 1647.0
2025-12-04 06:16:43 INFO     Save checkpoint to umls\grounding.pt
2025-12-04 06:17:20 INFO     loss:    160 282 2.972214 1539.0
2025-12-04 06:17:20 INFO     Save checkpoint to umls\grounding.pt
2025-12-04 06:17:54 INFO     loss:    170 282 3.266125 2119.5
2025-12-04 06:17:54 INFO     Save checkpoint to umls\grounding.pt
2025-12-04 06:18:37 INFO     loss:    180 282 3.036667 2011.5
2025-12-04 06:18:37 INFO     Save checkpoint to umls\grounding.pt
2025-12-04 06:19:26 INFO     loss:    190 282 3.388126 1809.0
2025-12-04 06:19:26 INFO     Save checkpoint to umls\grounding.pt
2025-12-04 06:20:14 INFO     loss:    200 282 2.743088 2079.0
2025-12-04 06:20:14 INFO     Save checkpoint to umls\grounding.pt
2025-12-04 06:20:53 INFO     loss:    210 282 3.430625 1795.5
2025-12-04 06:20:53 INFO     Save checkpoint to umls\grounding.pt
2025-12-04 06:21:30 INFO     loss:    220 282 2.483964 1728.0
2025-12-04 06:21:30 INFO     Save checkpoint to umls\grounding.pt
2025-12-04 06:22:08 INFO     loss:    230 282 2.611055 1458.0
2025-12-04 06:22:08 INFO     Save checkpoint to umls\grounding.pt
2025-12-04 06:22:46 INFO     loss:    240 282 3.279010 1944.0
2025-12-04 06:22:46 INFO     Save checkpoint to umls\grounding.pt
2025-12-04 06:23:19 INFO     loss:    250 282 3.007066 1660.5
2025-12-04 06:23:19 INFO     Save checkpoint to umls\grounding.pt
2025-12-04 06:24:13 INFO     loss:    260 282 2.881582 2079.0
2025-12-04 06:24:13 INFO     Save checkpoint to umls\grounding.pt
2025-12-04 06:24:46 INFO     loss:    270 282 3.216719 2011.5
2025-12-04 06:24:46 INFO     Save checkpoint to umls\grounding.pt
2025-12-04 06:25:30 INFO     loss:    280 282 2.500911 1768.5
2025-12-04 06:25:30 INFO     Save checkpoint to umls\grounding.pt
2025-12-04 06:25:42 INFO     >>>>> Predictor: Evaluating on valid
2025-12-04 06:30:31 INFO     Data : 2612
2025-12-04 06:30:31 INFO     Hit1 : 0.733538
2025-12-04 06:30:31 INFO     Hit3 : 0.885911
2025-12-04 06:30:31 INFO     Hit10: 0.949847
2025-12-04 06:30:31 INFO     MR   : 4.086907
2025-12-04 06:30:31 INFO     MRR  : 0.818098
2025-12-04 06:30:31 INFO     Save checkpoint to umls\grounding.pt
2025-12-04 06:30:32 INFO     -------------------------
2025-12-04 06:30:32 INFO     | Iteration: 15/20
2025-12-04 06:30:32 INFO     -------------------------
2025-12-04 06:31:11 INFO     loss:    10 282 3.078027 1782.0
2025-12-04 06:31:11 INFO     Save checkpoint to umls\grounding.pt
2025-12-04 06:32:01 INFO     loss:    20 282 3.285535 1917.0
2025-12-04 06:32:01 INFO     Save checkpoint to umls\grounding.pt
2025-12-04 06:32:39 INFO     loss:    30 282 2.840766 2079.0
2025-12-04 06:32:39 INFO     Save checkpoint to umls\grounding.pt
2025-12-04 06:33:16 INFO     loss:    40 282 3.431596 1701.0
2025-12-04 06:33:16 INFO     Save checkpoint to umls\grounding.pt
2025-12-04 06:34:00 INFO     loss:    50 282 2.898741 1998.0
2025-12-04 06:34:00 INFO     Save checkpoint to umls\grounding.pt
2025-12-04 06:34:43 INFO     loss:    60 282 2.346539 1984.5
2025-12-04 06:34:43 INFO     Save checkpoint to umls\grounding.pt
2025-12-04 06:35:32 INFO     loss:    70 282 3.314145 2011.5
2025-12-04 06:35:32 INFO     Save checkpoint to umls\grounding.pt
2025-12-04 06:36:16 INFO     loss:    80 282 3.400632 1944.0
2025-12-04 06:36:16 INFO     Save checkpoint to umls\grounding.pt
2025-12-04 06:37:00 INFO     loss:    90 282 2.862965 1957.5
2025-12-04 06:37:00 INFO     Save checkpoint to umls\grounding.pt
2025-12-04 06:37:38 INFO     loss:    100 282 1.840383 1795.5
2025-12-04 06:37:38 INFO     Save checkpoint to umls\grounding.pt
2025-12-04 06:38:21 INFO     loss:    110 282 2.671902 1971.0
2025-12-04 06:38:21 INFO     Save checkpoint to umls\grounding.pt
2025-12-04 06:39:05 INFO     loss:    120 282 2.797506 1903.5
2025-12-04 06:39:05 INFO     Save checkpoint to umls\grounding.pt
2025-12-04 06:39:48 INFO     loss:    130 282 3.359346 1809.0
2025-12-04 06:39:48 INFO     Save checkpoint to umls\grounding.pt
2025-12-04 06:40:27 INFO     loss:    140 282 2.988536 1957.5
2025-12-04 06:40:27 INFO     Save checkpoint to umls\grounding.pt
2025-12-04 06:41:05 INFO     loss:    150 282 3.622120 1647.0
2025-12-04 06:41:05 INFO     Save checkpoint to umls\grounding.pt
2025-12-04 06:41:37 INFO     loss:    160 282 2.932094 1539.0
2025-12-04 06:41:37 INFO     Save checkpoint to umls\grounding.pt
2025-12-04 06:42:15 INFO     loss:    170 282 3.255825 2119.5
2025-12-04 06:42:15 INFO     Save checkpoint to umls\grounding.pt
2025-12-04 06:42:58 INFO     loss:    180 282 3.006787 2011.5
2025-12-04 06:42:58 INFO     Save checkpoint to umls\grounding.pt
2025-12-04 06:43:47 INFO     loss:    190 282 3.367815 1809.0
2025-12-04 06:43:47 INFO     Save checkpoint to umls\grounding.pt
2025-12-04 06:44:36 INFO     loss:    200 282 2.719750 2079.0
2025-12-04 06:44:36 INFO     Save checkpoint to umls\grounding.pt
2025-12-04 06:45:15 INFO     loss:    210 282 3.362798 1795.5
2025-12-04 06:45:15 INFO     Save checkpoint to umls\grounding.pt
2025-12-04 06:45:52 INFO     loss:    220 282 2.472348 1728.0
2025-12-04 06:45:52 INFO     Save checkpoint to umls\grounding.pt
2025-12-04 06:46:30 INFO     loss:    230 282 2.591242 1458.0
2025-12-04 06:46:30 INFO     Save checkpoint to umls\grounding.pt
2025-12-04 06:47:08 INFO     loss:    240 282 3.264570 1944.0
2025-12-04 06:47:08 INFO     Save checkpoint to umls\grounding.pt
2025-12-04 06:47:41 INFO     loss:    250 282 2.999578 1660.5
2025-12-04 06:47:41 INFO     Save checkpoint to umls\grounding.pt
2025-12-04 06:48:35 INFO     loss:    260 282 2.871307 2079.0
2025-12-04 06:48:35 INFO     Save checkpoint to umls\grounding.pt
2025-12-04 06:49:07 INFO     loss:    270 282 3.202667 2011.5
2025-12-04 06:49:07 INFO     Save checkpoint to umls\grounding.pt
2025-12-04 06:49:51 INFO     loss:    280 282 2.350680 1768.5
2025-12-04 06:49:51 INFO     Save checkpoint to umls\grounding.pt
2025-12-04 06:50:07 INFO     >>>>> Predictor: Evaluating on valid
2025-12-04 06:54:56 INFO     Data : 2612
2025-12-04 06:54:56 INFO     Hit1 : 0.741577
2025-12-04 06:54:56 INFO     Hit3 : 0.884763
2025-12-04 06:54:56 INFO     Hit10: 0.950995
2025-12-04 06:54:56 INFO     MR   : 4.066616
2025-12-04 06:54:56 INFO     MRR  : 0.822508
2025-12-04 06:54:56 INFO     Save checkpoint to umls\grounding.pt
2025-12-04 06:54:57 INFO     -------------------------
2025-12-04 06:54:57 INFO     | Iteration: 16/20
2025-12-04 06:54:57 INFO     -------------------------
2025-12-04 06:55:36 INFO     loss:    10 282 3.065495 1782.0
2025-12-04 06:55:36 INFO     Save checkpoint to umls\grounding.pt
2025-12-04 06:56:25 INFO     loss:    20 282 3.273939 1917.0
2025-12-04 06:56:25 INFO     Save checkpoint to umls\grounding.pt
2025-12-04 06:57:03 INFO     loss:    30 282 2.820501 2079.0
2025-12-04 06:57:03 INFO     Save checkpoint to umls\grounding.pt
2025-12-04 06:57:41 INFO     loss:    40 282 3.415938 1701.0
2025-12-04 06:57:41 INFO     Save checkpoint to umls\grounding.pt
2025-12-04 06:58:25 INFO     loss:    50 282 2.884141 1998.0
2025-12-04 06:58:25 INFO     Save checkpoint to umls\grounding.pt
2025-12-04 06:59:08 INFO     loss:    60 282 2.225946 1984.5
2025-12-04 06:59:08 INFO     Save checkpoint to umls\grounding.pt
2025-12-04 06:59:57 INFO     loss:    70 282 3.299821 2011.5
2025-12-04 06:59:57 INFO     Save checkpoint to umls\grounding.pt
2025-12-04 07:00:41 INFO     loss:    80 282 3.393448 1944.0
2025-12-04 07:00:41 INFO     Save checkpoint to umls\grounding.pt
2025-12-04 07:01:25 INFO     loss:    90 282 2.847939 1957.5
2025-12-04 07:01:25 INFO     Save checkpoint to umls\grounding.pt
2025-12-04 07:02:02 INFO     loss:    100 282 1.711169 1795.5
2025-12-04 07:02:02 INFO     Save checkpoint to umls\grounding.pt
2025-12-04 07:02:46 INFO     loss:    110 282 2.645178 1971.0
2025-12-04 07:02:46 INFO     Save checkpoint to umls\grounding.pt
2025-12-04 07:03:30 INFO     loss:    120 282 2.780902 1903.5
2025-12-04 07:03:30 INFO     Save checkpoint to umls\grounding.pt
2025-12-04 07:04:13 INFO     loss:    130 282 3.352964 1809.0
2025-12-04 07:04:13 INFO     Save checkpoint to umls\grounding.pt
2025-12-04 07:04:51 INFO     loss:    140 282 2.976595 1957.5
2025-12-04 07:04:51 INFO     Save checkpoint to umls\grounding.pt
2025-12-04 07:05:30 INFO     loss:    150 282 3.593176 1647.0
2025-12-04 07:05:30 INFO     Save checkpoint to umls\grounding.pt
2025-12-04 07:06:03 INFO     loss:    160 282 2.892427 1539.0
2025-12-04 07:06:03 INFO     Save checkpoint to umls\grounding.pt
2025-12-04 07:06:40 INFO     loss:    170 282 3.246742 2119.5
2025-12-04 07:06:40 INFO     Save checkpoint to umls\grounding.pt
2025-12-04 07:07:23 INFO     loss:    180 282 2.975959 2011.5
2025-12-04 07:07:23 INFO     Save checkpoint to umls\grounding.pt
2025-12-04 07:08:12 INFO     loss:    190 282 3.347684 1809.0
2025-12-04 07:08:12 INFO     Save checkpoint to umls\grounding.pt
2025-12-04 07:09:01 INFO     loss:    200 282 2.694431 2079.0
2025-12-04 07:09:01 INFO     Save checkpoint to umls\grounding.pt
2025-12-04 07:09:39 INFO     loss:    210 282 3.299135 1795.5
2025-12-04 07:09:39 INFO     Save checkpoint to umls\grounding.pt
2025-12-04 07:10:17 INFO     loss:    220 282 2.459963 1728.0
2025-12-04 07:10:17 INFO     Save checkpoint to umls\grounding.pt
2025-12-04 07:10:55 INFO     loss:    230 282 2.570022 1458.0
2025-12-04 07:10:55 INFO     Save checkpoint to umls\grounding.pt
2025-12-04 07:11:33 INFO     loss:    240 282 3.251143 1944.0
2025-12-04 07:11:33 INFO     Save checkpoint to umls\grounding.pt
2025-12-04 07:12:06 INFO     loss:    250 282 2.991166 1660.5
2025-12-04 07:12:06 INFO     Save checkpoint to umls\grounding.pt
2025-12-04 07:13:00 INFO     loss:    260 282 2.860946 2079.0
2025-12-04 07:13:00 INFO     Save checkpoint to umls\grounding.pt
2025-12-04 07:13:32 INFO     loss:    270 282 3.189229 2011.5
2025-12-04 07:13:32 INFO     Save checkpoint to umls\grounding.pt
2025-12-04 07:14:15 INFO     loss:    280 282 2.198651 1768.5
2025-12-04 07:14:15 INFO     Save checkpoint to umls\grounding.pt
2025-12-04 07:14:27 INFO     >>>>> Predictor: Evaluating on valid
2025-12-04 07:19:17 INFO     Data : 2612
2025-12-04 07:19:17 INFO     Hit1 : 0.744257
2025-12-04 07:19:17 INFO     Hit3 : 0.884763
2025-12-04 07:19:17 INFO     Hit10: 0.950230
2025-12-04 07:19:17 INFO     MR   : 4.064319
2025-12-04 07:19:17 INFO     MRR  : 0.823877
2025-12-04 07:19:17 INFO     Save checkpoint to umls\grounding.pt
2025-12-04 07:19:17 INFO     -------------------------
2025-12-04 07:19:17 INFO     | Iteration: 17/20
2025-12-04 07:19:17 INFO     -------------------------
2025-12-04 07:19:56 INFO     loss:    10 282 3.052503 1782.0
2025-12-04 07:19:56 INFO     Save checkpoint to umls\grounding.pt
2025-12-04 07:20:46 INFO     loss:    20 282 3.263357 1917.0
2025-12-04 07:20:46 INFO     Save checkpoint to umls\grounding.pt
2025-12-04 07:21:23 INFO     loss:    30 282 2.797664 2079.0
2025-12-04 07:21:23 INFO     Save checkpoint to umls\grounding.pt
2025-12-04 07:22:01 INFO     loss:    40 282 3.400796 1701.0
2025-12-04 07:22:01 INFO     Save checkpoint to umls\grounding.pt
2025-12-04 07:22:50 INFO     loss:    50 282 2.869166 1998.0
2025-12-04 07:22:50 INFO     Save checkpoint to umls\grounding.pt
2025-12-04 07:23:29 INFO     loss:    60 282 2.112431 1984.5
2025-12-04 07:23:29 INFO     Save checkpoint to umls\grounding.pt
2025-12-04 07:24:18 INFO     loss:    70 282 3.290478 2011.5
2025-12-04 07:24:18 INFO     Save checkpoint to umls\grounding.pt
2025-12-04 07:25:02 INFO     loss:    80 282 3.386359 1944.0
2025-12-04 07:25:02 INFO     Save checkpoint to umls\grounding.pt
2025-12-04 07:25:45 INFO     loss:    90 282 2.832546 1957.5
2025-12-04 07:25:45 INFO     Save checkpoint to umls\grounding.pt
2025-12-04 07:26:28 INFO     loss:    100 282 1.589476 1795.5
2025-12-04 07:26:28 INFO     Save checkpoint to umls\grounding.pt
2025-12-04 07:27:12 INFO     loss:    110 282 2.617216 1971.0
2025-12-04 07:27:12 INFO     Save checkpoint to umls\grounding.pt
2025-12-04 07:27:56 INFO     loss:    120 282 2.764785 1903.5
2025-12-04 07:27:56 INFO     Save checkpoint to umls\grounding.pt
2025-12-04 07:28:39 INFO     loss:    130 282 3.346537 1809.0
2025-12-04 07:28:39 INFO     Save checkpoint to umls\grounding.pt
2025-12-04 07:29:18 INFO     loss:    140 282 2.965465 1957.5
2025-12-04 07:29:18 INFO     Save checkpoint to umls\grounding.pt
2025-12-04 07:29:56 INFO     loss:    150 282 3.566503 1647.0
2025-12-04 07:29:56 INFO     Save checkpoint to umls\grounding.pt
2025-12-04 07:30:29 INFO     loss:    160 282 2.852683 1539.0
2025-12-04 07:30:29 INFO     Save checkpoint to umls\grounding.pt
2025-12-04 07:31:06 INFO     loss:    170 282 3.238278 2119.5
2025-12-04 07:31:06 INFO     Save checkpoint to umls\grounding.pt
2025-12-04 07:31:50 INFO     loss:    180 282 2.944924 2011.5
2025-12-04 07:31:50 INFO     Save checkpoint to umls\grounding.pt
2025-12-04 07:32:38 INFO     loss:    190 282 3.327880 1809.0
2025-12-04 07:32:38 INFO     Save checkpoint to umls\grounding.pt
2025-12-04 07:33:28 INFO     loss:    200 282 2.667086 2079.0
2025-12-04 07:33:28 INFO     Save checkpoint to umls\grounding.pt
2025-12-04 07:34:06 INFO     loss:    210 282 3.238386 1795.5
2025-12-04 07:34:06 INFO     Save checkpoint to umls\grounding.pt
2025-12-04 07:34:43 INFO     loss:    220 282 2.446400 1728.0
2025-12-04 07:34:43 INFO     Save checkpoint to umls\grounding.pt
2025-12-04 07:35:21 INFO     loss:    230 282 2.547206 1458.0
2025-12-04 07:35:21 INFO     Save checkpoint to umls\grounding.pt
2025-12-04 07:35:59 INFO     loss:    240 282 3.238486 1944.0
2025-12-04 07:35:59 INFO     Save checkpoint to umls\grounding.pt
2025-12-04 07:36:32 INFO     loss:    250 282 2.981730 1660.5
2025-12-04 07:36:32 INFO     Save checkpoint to umls\grounding.pt
2025-12-04 07:37:26 INFO     loss:    260 282 2.850582 2079.0
2025-12-04 07:37:26 INFO     Save checkpoint to umls\grounding.pt
2025-12-04 07:37:58 INFO     loss:    270 282 3.176161 2011.5
2025-12-04 07:37:58 INFO     Save checkpoint to umls\grounding.pt
2025-12-04 07:38:41 INFO     loss:    280 282 2.045757 1768.5
2025-12-04 07:38:41 INFO     Save checkpoint to umls\grounding.pt
2025-12-04 07:38:53 INFO     >>>>> Predictor: Evaluating on valid
2025-12-04 07:43:39 INFO     Data : 2612
2025-12-04 07:43:39 INFO     Hit1 : 0.746172
2025-12-04 07:43:39 INFO     Hit3 : 0.884380
2025-12-04 07:43:39 INFO     Hit10: 0.951761
2025-12-04 07:43:39 INFO     MR   : 4.062787
2025-12-04 07:43:39 INFO     MRR  : 0.824725
2025-12-04 07:43:39 INFO     Save checkpoint to umls\grounding.pt
2025-12-04 07:43:44 INFO     -------------------------
2025-12-04 07:43:44 INFO     | Iteration: 18/20
2025-12-04 07:43:44 INFO     -------------------------
2025-12-04 07:44:23 INFO     loss:    10 282 3.039004 1782.0
2025-12-04 07:44:23 INFO     Save checkpoint to umls\grounding.pt
2025-12-04 07:45:12 INFO     loss:    20 282 3.253676 1917.0
2025-12-04 07:45:12 INFO     Save checkpoint to umls\grounding.pt
2025-12-04 07:45:50 INFO     loss:    30 282 2.772711 2079.0
2025-12-04 07:45:50 INFO     Save checkpoint to umls\grounding.pt
2025-12-04 07:46:28 INFO     loss:    40 282 3.386375 1701.0
2025-12-04 07:46:28 INFO     Save checkpoint to umls\grounding.pt
2025-12-04 07:47:12 INFO     loss:    50 282 2.853793 1998.0
2025-12-04 07:47:12 INFO     Save checkpoint to umls\grounding.pt
2025-12-04 07:47:54 INFO     loss:    60 282 2.005141 1984.5
2025-12-04 07:47:54 INFO     Save checkpoint to umls\grounding.pt
2025-12-04 07:48:44 INFO     loss:    70 282 3.285139 2011.5
2025-12-04 07:48:44 INFO     Save checkpoint to umls\grounding.pt
2025-12-04 07:49:27 INFO     loss:    80 282 3.379271 1944.0
2025-12-04 07:49:27 INFO     Save checkpoint to umls\grounding.pt
2025-12-04 07:50:11 INFO     loss:    90 282 2.816777 1957.5
2025-12-04 07:50:11 INFO     Save checkpoint to umls\grounding.pt
2025-12-04 07:50:49 INFO     loss:    100 282 1.474430 1795.5
2025-12-04 07:50:49 INFO     Save checkpoint to umls\grounding.pt
2025-12-04 07:51:33 INFO     loss:    110 282 2.587753 1971.0
2025-12-04 07:51:33 INFO     Save checkpoint to umls\grounding.pt
2025-12-04 07:52:16 INFO     loss:    120 282 2.749088 1903.5
2025-12-04 07:52:16 INFO     Save checkpoint to umls\grounding.pt
2025-12-04 07:52:55 INFO     loss:    130 282 3.340076 1809.0
2025-12-04 07:52:55 INFO     Save checkpoint to umls\grounding.pt
2025-12-04 07:53:33 INFO     loss:    140 282 2.954884 1957.5
2025-12-04 07:53:33 INFO     Save checkpoint to umls\grounding.pt
2025-12-04 07:54:16 INFO     loss:    150 282 3.541647 1647.0
2025-12-04 07:54:16 INFO     Save checkpoint to umls\grounding.pt
2025-12-04 07:54:50 INFO     loss:    160 282 2.812505 1539.0
2025-12-04 07:54:50 INFO     Save checkpoint to umls\grounding.pt
2025-12-04 07:55:27 INFO     loss:    170 282 3.230131 2119.5
2025-12-04 07:55:27 INFO     Save checkpoint to umls\grounding.pt
2025-12-04 07:56:10 INFO     loss:    180 282 2.914225 2011.5
2025-12-04 07:56:10 INFO     Save checkpoint to umls\grounding.pt
2025-12-04 07:57:00 INFO     loss:    190 282 3.308450 1809.0
2025-12-04 07:57:00 INFO     Save checkpoint to umls\grounding.pt
2025-12-04 07:57:49 INFO     loss:    200 282 2.637836 2079.0
2025-12-04 07:57:49 INFO     Save checkpoint to umls\grounding.pt
2025-12-04 07:58:27 INFO     loss:    210 282 3.179536 1795.5
2025-12-04 07:58:27 INFO     Save checkpoint to umls\grounding.pt
2025-12-04 07:59:04 INFO     loss:    220 282 2.431589 1728.0
2025-12-04 07:59:04 INFO     Save checkpoint to umls\grounding.pt
2025-12-04 07:59:42 INFO     loss:    230 282 2.522664 1458.0
2025-12-04 07:59:42 INFO     Save checkpoint to umls\grounding.pt
2025-12-04 08:00:21 INFO     loss:    240 282 3.226407 1944.0
2025-12-04 08:00:21 INFO     Save checkpoint to umls\grounding.pt
2025-12-04 08:00:54 INFO     loss:    250 282 2.971252 1660.5
2025-12-04 08:00:54 INFO     Save checkpoint to umls\grounding.pt
2025-12-04 08:01:47 INFO     loss:    260 282 2.840302 2079.0
2025-12-04 08:01:47 INFO     Save checkpoint to umls\grounding.pt
2025-12-04 08:02:19 INFO     loss:    270 282 3.163228 2011.5
2025-12-04 08:02:19 INFO     Save checkpoint to umls\grounding.pt
2025-12-04 08:03:03 INFO     loss:    280 282 1.893145 1768.5
2025-12-04 08:03:03 INFO     Save checkpoint to umls\grounding.pt
2025-12-04 08:03:19 INFO     >>>>> Predictor: Evaluating on valid
2025-12-04 08:08:04 INFO     Data : 2612
2025-12-04 08:08:04 INFO     Hit1 : 0.749234
2025-12-04 08:08:04 INFO     Hit3 : 0.884763
2025-12-04 08:08:04 INFO     Hit10: 0.951378
2025-12-04 08:08:04 INFO     MR   : 4.064319
2025-12-04 08:08:04 INFO     MRR  : 0.826528
2025-12-04 08:08:04 INFO     Save checkpoint to umls\grounding.pt
2025-12-04 08:08:09 INFO     -------------------------
2025-12-04 08:08:09 INFO     | Iteration: 19/20
2025-12-04 08:08:09 INFO     -------------------------
2025-12-04 08:08:48 INFO     loss:    10 282 3.025027 1782.0
2025-12-04 08:08:48 INFO     Save checkpoint to umls\grounding.pt
2025-12-04 08:09:38 INFO     loss:    20 282 3.244730 1917.0
2025-12-04 08:09:38 INFO     Save checkpoint to umls\grounding.pt
2025-12-04 08:10:16 INFO     loss:    30 282 2.746366 2079.0
2025-12-04 08:10:16 INFO     Save checkpoint to umls\grounding.pt
2025-12-04 08:10:53 INFO     loss:    40 282 3.372663 1701.0
2025-12-04 08:10:53 INFO     Save checkpoint to umls\grounding.pt
2025-12-04 08:11:42 INFO     loss:    50 282 2.838030 1998.0
2025-12-04 08:11:42 INFO     Save checkpoint to umls\grounding.pt
2025-12-04 08:12:21 INFO     loss:    60 282 1.903313 1984.5
2025-12-04 08:12:21 INFO     Save checkpoint to umls\grounding.pt
2025-12-04 08:13:09 INFO     loss:    70 282 3.282694 2011.5
2025-12-04 08:13:09 INFO     Save checkpoint to umls\grounding.pt
2025-12-04 08:13:53 INFO     loss:    80 282 3.372130 1944.0
2025-12-04 08:13:53 INFO     Save checkpoint to umls\grounding.pt
2025-12-04 08:14:37 INFO     loss:    90 282 2.800702 1957.5
2025-12-04 08:14:37 INFO     Save checkpoint to umls\grounding.pt
2025-12-04 08:15:15 INFO     loss:    100 282 1.365667 1795.5
2025-12-04 08:15:15 INFO     Save checkpoint to umls\grounding.pt
2025-12-04 08:15:58 INFO     loss:    110 282 2.556643 1971.0
2025-12-04 08:15:58 INFO     Save checkpoint to umls\grounding.pt
2025-12-04 08:16:42 INFO     loss:    120 282 2.733759 1903.5
2025-12-04 08:16:42 INFO     Save checkpoint to umls\grounding.pt
2025-12-04 08:17:25 INFO     loss:    130 282 3.333594 1809.0
2025-12-04 08:17:25 INFO     Save checkpoint to umls\grounding.pt
2025-12-04 08:18:04 INFO     loss:    140 282 2.944618 1957.5
2025-12-04 08:18:04 INFO     Save checkpoint to umls\grounding.pt
2025-12-04 08:18:43 INFO     loss:    150 282 3.518127 1647.0
2025-12-04 08:18:43 INFO     Save checkpoint to umls\grounding.pt
2025-12-04 08:19:19 INFO     loss:    160 282 2.771731 1539.0
2025-12-04 08:19:19 INFO     Save checkpoint to umls\grounding.pt
2025-12-04 08:19:53 INFO     loss:    170 282 3.222135 2119.5
2025-12-04 08:19:53 INFO     Save checkpoint to umls\grounding.pt
2025-12-04 08:20:36 INFO     loss:    180 282 2.884287 2011.5
2025-12-04 08:20:36 INFO     Save checkpoint to umls\grounding.pt
2025-12-04 08:21:25 INFO     loss:    190 282 3.289318 1809.0
2025-12-04 08:21:25 INFO     Save checkpoint to umls\grounding.pt
2025-12-04 08:22:14 INFO     loss:    200 282 2.606870 2079.0
2025-12-04 08:22:14 INFO     Save checkpoint to umls\grounding.pt
2025-12-04 08:22:52 INFO     loss:    210 282 3.122036 1795.5
2025-12-04 08:22:52 INFO     Save checkpoint to umls\grounding.pt
2025-12-04 08:23:29 INFO     loss:    220 282 2.415686 1728.0
2025-12-04 08:23:29 INFO     Save checkpoint to umls\grounding.pt
2025-12-04 08:24:08 INFO     loss:    230 282 2.496368 1458.0
2025-12-04 08:24:08 INFO     Save checkpoint to umls\grounding.pt
2025-12-04 08:24:46 INFO     loss:    240 282 3.214800 1944.0
2025-12-04 08:24:46 INFO     Save checkpoint to umls\grounding.pt
2025-12-04 08:25:18 INFO     loss:    250 282 2.959795 1660.5
2025-12-04 08:25:18 INFO     Save checkpoint to umls\grounding.pt
2025-12-04 08:26:12 INFO     loss:    260 282 2.830240 2079.0
2025-12-04 08:26:12 INFO     Save checkpoint to umls\grounding.pt
2025-12-04 08:26:45 INFO     loss:    270 282 3.150330 2011.5
2025-12-04 08:26:45 INFO     Save checkpoint to umls\grounding.pt
2025-12-04 08:27:28 INFO     loss:    280 282 1.742020 1768.5
2025-12-04 08:27:28 INFO     Save checkpoint to umls\grounding.pt
2025-12-04 08:27:45 INFO     >>>>> Predictor: Evaluating on valid
2025-12-04 08:32:34 INFO     Data : 2612
2025-12-04 08:32:34 INFO     Hit1 : 0.751531
2025-12-04 08:32:34 INFO     Hit3 : 0.886677
2025-12-04 08:32:34 INFO     Hit10: 0.951761
2025-12-04 08:32:34 INFO     MR   : 4.052450
2025-12-04 08:32:34 INFO     MRR  : 0.828039
2025-12-04 08:32:34 INFO     Save checkpoint to umls\grounding.pt
2025-12-04 08:32:34 INFO     -------------------------
2025-12-04 08:32:34 INFO     | Iteration: 20/20
2025-12-04 08:32:34 INFO     -------------------------
2025-12-04 08:33:14 INFO     loss:    10 282 3.010624 1782.0
2025-12-04 08:33:14 INFO     Save checkpoint to umls\grounding.pt
2025-12-04 08:34:03 INFO     loss:    20 282 3.236362 1917.0
2025-12-04 08:34:03 INFO     Save checkpoint to umls\grounding.pt
2025-12-04 08:34:41 INFO     loss:    30 282 2.719276 2079.0
2025-12-04 08:34:41 INFO     Save checkpoint to umls\grounding.pt
2025-12-04 08:35:19 INFO     loss:    40 282 3.359544 1701.0
2025-12-04 08:35:19 INFO     Save checkpoint to umls\grounding.pt
2025-12-04 08:36:03 INFO     loss:    50 282 2.821957 1998.0
2025-12-04 08:36:03 INFO     Save checkpoint to umls\grounding.pt
2025-12-04 08:36:45 INFO     loss:    60 282 1.806266 1984.5
2025-12-04 08:36:45 INFO     Save checkpoint to umls\grounding.pt
2025-12-04 08:37:35 INFO     loss:    70 282 3.281980 2011.5
2025-12-04 08:37:35 INFO     Save checkpoint to umls\grounding.pt
2025-12-04 08:38:18 INFO     loss:    80 282 3.364890 1944.0
2025-12-04 08:38:18 INFO     Save checkpoint to umls\grounding.pt
2025-12-04 08:39:02 INFO     loss:    90 282 2.784372 1957.5
2025-12-04 08:39:02 INFO     Save checkpoint to umls\grounding.pt
2025-12-04 08:39:40 INFO     loss:    100 282 1.263241 1795.5
2025-12-04 08:39:40 INFO     Save checkpoint to umls\grounding.pt
2025-12-04 08:40:24 INFO     loss:    110 282 2.523816 1971.0
2025-12-04 08:40:24 INFO     Save checkpoint to umls\grounding.pt
2025-12-04 08:41:08 INFO     loss:    120 282 2.718809 1903.5
2025-12-04 08:41:08 INFO     Save checkpoint to umls\grounding.pt
2025-12-04 08:41:51 INFO     loss:    130 282 3.327133 1809.0
2025-12-04 08:41:51 INFO     Save checkpoint to umls\grounding.pt
2025-12-04 08:42:30 INFO     loss:    140 282 2.934485 1957.5
2025-12-04 08:42:30 INFO     Save checkpoint to umls\grounding.pt
2025-12-04 08:43:07 INFO     loss:    150 282 3.495434 1647.0
2025-12-04 08:43:07 INFO     Save checkpoint to umls\grounding.pt
2025-12-04 08:43:45 INFO     loss:    160 282 2.730334 1539.0
2025-12-04 08:43:45 INFO     Save checkpoint to umls\grounding.pt
2025-12-04 08:44:18 INFO     loss:    170 282 3.214204 2119.5
2025-12-04 08:44:18 INFO     Save checkpoint to umls\grounding.pt
2025-12-04 08:45:01 INFO     loss:    180 282 2.855345 2011.5
2025-12-04 08:45:01 INFO     Save checkpoint to umls\grounding.pt
2025-12-04 08:45:50 INFO     loss:    190 282 3.270411 1809.0
2025-12-04 08:45:50 INFO     Save checkpoint to umls\grounding.pt
2025-12-04 08:46:40 INFO     loss:    200 282 2.574425 2079.0
2025-12-04 08:46:40 INFO     Save checkpoint to umls\grounding.pt
2025-12-04 08:47:18 INFO     loss:    210 282 3.065562 1795.5
2025-12-04 08:47:18 INFO     Save checkpoint to umls\grounding.pt
2025-12-04 08:47:55 INFO     loss:    220 282 2.399012 1728.0
2025-12-04 08:47:55 INFO     Save checkpoint to umls\grounding.pt
2025-12-04 08:48:29 INFO     loss:    230 282 2.468401 1458.0
2025-12-04 08:48:29 INFO     Save checkpoint to umls\grounding.pt
2025-12-04 08:49:06 INFO     loss:    240 282 3.203580 1944.0
2025-12-04 08:49:06 INFO     Save checkpoint to umls\grounding.pt
2025-12-04 08:49:39 INFO     loss:    250 282 2.947474 1660.5
2025-12-04 08:49:39 INFO     Save checkpoint to umls\grounding.pt
2025-12-04 08:50:34 INFO     loss:    260 282 2.820564 2079.0
2025-12-04 08:50:34 INFO     Save checkpoint to umls\grounding.pt
2025-12-04 08:51:06 INFO     loss:    270 282 3.137413 2011.5
2025-12-04 08:51:06 INFO     Save checkpoint to umls\grounding.pt
2025-12-04 08:51:50 INFO     loss:    280 282 1.594759 1768.5
2025-12-04 08:51:50 INFO     Save checkpoint to umls\grounding.pt
2025-12-04 08:52:01 INFO     >>>>> Predictor: Evaluating on valid
2025-12-04 08:56:51 INFO     Data : 2612
2025-12-04 08:56:51 INFO     Hit1 : 0.749617
2025-12-04 08:56:51 INFO     Hit3 : 0.886294
2025-12-04 08:56:51 INFO     Hit10: 0.951378
2025-12-04 08:56:51 INFO     MR   : 4.048239
2025-12-04 08:56:51 INFO     MRR  : 0.826589
2025-12-04 08:56:51 INFO     -------------------------
2025-12-04 08:56:51 INFO     | Final Test MRR: 0.000000
2025-12-04 08:56:51 INFO     -------------------------
2025-12-04 08:56:52 INFO     >>>>> Predictor: Evaluating on valid
2025-12-04 09:01:41 INFO     Data : 2612
2025-12-04 09:01:41 INFO     Hit1 : 0.750383
2025-12-04 09:01:41 INFO     Hit3 : 0.886677
2025-12-04 09:01:41 INFO     Hit10: 0.951378
2025-12-04 09:01:41 INFO     MR   : 4.046325
2025-12-04 09:01:41 INFO     MRR  : 0.827096
2025-12-04 09:01:41 INFO     >>>>> Predictor: Evaluating on test
2025-12-04 09:14:09 INFO     Data : 6528
2025-12-04 09:14:09 INFO     Hit1 : 0.742494
2025-12-04 09:14:09 INFO     Hit3 : 0.880821
2025-12-04 09:14:09 INFO     Hit10: 0.951900
2025-12-04 09:14:09 INFO     MR   : 3.557138
2025-12-04 09:14:09 INFO     MRR  : 0.821505
2025-12-04 09:14:09 INFO     >>>>> Predictor: Evaluating on test_kge
2025-12-04 09:26:44 INFO     Data : 6528
2025-12-04 09:26:44 INFO     Hit1 : 0.803462
2025-12-04 09:26:44 INFO     Hit3 : 0.920496
2025-12-04 09:26:44 INFO     Hit10: 0.972733
2025-12-04 09:26:44 INFO     MR   : 2.581648
2025-12-04 09:26:44 INFO     MRR  : 0.869057
